Release 14.7 - xst P.20131013 (lin64)
Copyright (c) 1995-2013 Xilinx, Inc.  All rights reserved.
--> 
Parameter TMPDIR set to xst/projnav.tmp


Total REAL time to Xst completion: 0.00 secs
Total CPU time to Xst completion: 0.01 secs
 
--> 
Parameter xsthdpdir set to xst


Total REAL time to Xst completion: 0.00 secs
Total CPU time to Xst completion: 0.01 secs
 
--> 
Reading design: fpga.prj

TABLE OF CONTENTS
  1) Synthesis Options Summary
  2) HDL Parsing
  3) HDL Elaboration
  4) HDL Synthesis
       4.1) HDL Synthesis Report
  5) Advanced HDL Synthesis
       5.1) Advanced HDL Synthesis Report
  6) Low Level Synthesis
  7) Partition Report
  8) Design Summary
       8.1) Primitive and Black Box Usage
       8.2) Device utilization summary
       8.3) Partition Resource Summary
       8.4) Timing Report
            8.4.1) Clock Information
            8.4.2) Asynchronous Control Signals Information
            8.4.3) Timing Summary
            8.4.4) Timing Details
            8.4.5) Cross Clock Domains Report


=========================================================================
*                      Synthesis Options Summary                        *
=========================================================================
---- Source Parameters
Input File Name                    : "fpga.prj"
Ignore Synthesis Constraint File   : NO

---- Target Parameters
Output File Name                   : "fpga"
Output Format                      : NGC
Target Device                      : xc6slx9-2-tqg144

---- Source Options
Top Module Name                    : fpga
Automatic FSM Extraction           : YES
FSM Encoding Algorithm             : Auto
Safe Implementation                : No
FSM Style                          : LUT
RAM Extraction                     : Yes
RAM Style                          : Auto
ROM Extraction                     : Yes
Shift Register Extraction          : YES
ROM Style                          : Auto
Resource Sharing                   : YES
Asynchronous To Synchronous        : NO
Shift Register Minimum Size        : 2
Use DSP Block                      : Auto
Automatic Register Balancing       : No

---- Target Options
LUT Combining                      : Auto
Reduce Control Sets                : Auto
Add IO Buffers                     : YES
Global Maximum Fanout              : 100000
Add Generic Clock Buffer(BUFG)     : 16
Register Duplication               : YES
Optimize Instantiated Primitives   : NO
Use Clock Enable                   : Auto
Use Synchronous Set                : Auto
Use Synchronous Reset              : Auto
Pack IO Registers into IOBs        : Auto
Equivalent register Removal        : YES

---- General Options
Optimization Goal                  : Speed
Optimization Effort                : 1
Power Reduction                    : NO
Keep Hierarchy                     : No
Netlist Hierarchy                  : As_Optimized
RTL Output                         : Yes
Global Optimization                : AllClockNets
Read Cores                         : YES
Write Timing Constraints           : NO
Cross Clock Analysis               : NO
Hierarchy Separator                : /
Bus Delimiter                      : <>
Case Specifier                     : Maintain
Slice Utilization Ratio            : 100
BRAM Utilization Ratio             : 100
DSP48 Utilization Ratio            : 100
Auto BRAM Packing                  : NO
Slice Utilization Ratio Delta      : 5

---- Other Options
Cores Search Directories           : {"ipcore_dir"  }

=========================================================================


=========================================================================
*                          HDL Parsing                                  *
=========================================================================
Analyzing Verilog file "/home/ise/VM_ISE/gbe_spartan-6/ipcore_dir/PLL.v" into library work
Parsing module <PLL>.
Analyzing Verilog file "/home/ise/VM_ISE/gbe_spartan-6/lib/eth/rtl/lfsr.v" into library work
Parsing module <lfsr>.
INFO:HDLCompiler:693 - "/home/ise/VM_ISE/gbe_spartan-6/lib/eth/rtl/lfsr.v" Line 355. parameter declaration becomes local in lfsr with formal parameter declaration list
Analyzing Verilog file "/home/ise/VM_ISE/gbe_spartan-6/lib/eth/rtl/iddr.v" into library work
Parsing module <iddr>.
Analyzing Verilog file "/home/ise/VM_ISE/gbe_spartan-6/lib/eth/lib/axis/rtl/priority_encoder.v" into library work
Parsing module <priority_encoder>.
INFO:HDLCompiler:693 - "/home/ise/VM_ISE/gbe_spartan-6/lib/eth/lib/axis/rtl/priority_encoder.v" Line 47. parameter declaration becomes local in priority_encoder with formal parameter declaration list
INFO:HDLCompiler:693 - "/home/ise/VM_ISE/gbe_spartan-6/lib/eth/lib/axis/rtl/priority_encoder.v" Line 48. parameter declaration becomes local in priority_encoder with formal parameter declaration list
Analyzing Verilog file "/home/ise/VM_ISE/gbe_spartan-6/lib/eth/rtl/ssio_ddr_in.v" into library work
Parsing module <ssio_ddr_in>.
Analyzing Verilog file "/home/ise/VM_ISE/gbe_spartan-6/lib/eth/rtl/oddr.v" into library work
Parsing module <oddr>.
Analyzing Verilog file "/home/ise/VM_ISE/gbe_spartan-6/lib/eth/rtl/mac_pause_ctrl_tx.v" into library work
Parsing module <mac_pause_ctrl_tx>.
Analyzing Verilog file "/home/ise/VM_ISE/gbe_spartan-6/lib/eth/rtl/mac_pause_ctrl_rx.v" into library work
Parsing module <mac_pause_ctrl_rx>.
Analyzing Verilog file "/home/ise/VM_ISE/gbe_spartan-6/lib/eth/rtl/mac_ctrl_tx.v" into library work
Parsing module <mac_ctrl_tx>.
INFO:HDLCompiler:693 - "/home/ise/VM_ISE/gbe_spartan-6/lib/eth/rtl/mac_ctrl_tx.v" Line 101. parameter declaration becomes local in mac_ctrl_tx with formal parameter declaration list
INFO:HDLCompiler:693 - "/home/ise/VM_ISE/gbe_spartan-6/lib/eth/rtl/mac_ctrl_tx.v" Line 103. parameter declaration becomes local in mac_ctrl_tx with formal parameter declaration list
INFO:HDLCompiler:693 - "/home/ise/VM_ISE/gbe_spartan-6/lib/eth/rtl/mac_ctrl_tx.v" Line 105. parameter declaration becomes local in mac_ctrl_tx with formal parameter declaration list
INFO:HDLCompiler:693 - "/home/ise/VM_ISE/gbe_spartan-6/lib/eth/rtl/mac_ctrl_tx.v" Line 107. parameter declaration becomes local in mac_ctrl_tx with formal parameter declaration list
INFO:HDLCompiler:693 - "/home/ise/VM_ISE/gbe_spartan-6/lib/eth/rtl/mac_ctrl_tx.v" Line 109. parameter declaration becomes local in mac_ctrl_tx with formal parameter declaration list
Analyzing Verilog file "/home/ise/VM_ISE/gbe_spartan-6/lib/eth/rtl/mac_ctrl_rx.v" into library work
Parsing module <mac_ctrl_rx>.
INFO:HDLCompiler:693 - "/home/ise/VM_ISE/gbe_spartan-6/lib/eth/rtl/mac_ctrl_rx.v" Line 112. parameter declaration becomes local in mac_ctrl_rx with formal parameter declaration list
INFO:HDLCompiler:693 - "/home/ise/VM_ISE/gbe_spartan-6/lib/eth/rtl/mac_ctrl_rx.v" Line 114. parameter declaration becomes local in mac_ctrl_rx with formal parameter declaration list
INFO:HDLCompiler:693 - "/home/ise/VM_ISE/gbe_spartan-6/lib/eth/rtl/mac_ctrl_rx.v" Line 116. parameter declaration becomes local in mac_ctrl_rx with formal parameter declaration list
INFO:HDLCompiler:693 - "/home/ise/VM_ISE/gbe_spartan-6/lib/eth/rtl/mac_ctrl_rx.v" Line 118. parameter declaration becomes local in mac_ctrl_rx with formal parameter declaration list
INFO:HDLCompiler:693 - "/home/ise/VM_ISE/gbe_spartan-6/lib/eth/rtl/mac_ctrl_rx.v" Line 120. parameter declaration becomes local in mac_ctrl_rx with formal parameter declaration list
Analyzing Verilog file "/home/ise/VM_ISE/gbe_spartan-6/lib/eth/rtl/ip_eth_tx.v" into library work
Parsing module <ip_eth_tx>.
Analyzing Verilog file "/home/ise/VM_ISE/gbe_spartan-6/lib/eth/rtl/ip_eth_rx.v" into library work
Parsing module <ip_eth_rx>.
Analyzing Verilog file "/home/ise/VM_ISE/gbe_spartan-6/lib/eth/rtl/axis_gmii_tx.v" into library work
Parsing module <axis_gmii_tx>.
INFO:HDLCompiler:693 - "/home/ise/VM_ISE/gbe_spartan-6/lib/eth/rtl/axis_gmii_tx.v" Line 93. parameter declaration becomes local in axis_gmii_tx with formal parameter declaration list
Analyzing Verilog file "/home/ise/VM_ISE/gbe_spartan-6/lib/eth/rtl/axis_gmii_rx.v" into library work
Parsing module <axis_gmii_rx>.
Analyzing Verilog file "/home/ise/VM_ISE/gbe_spartan-6/lib/eth/rtl/arp_eth_tx.v" into library work
Parsing module <arp_eth_tx>.
INFO:HDLCompiler:693 - "/home/ise/VM_ISE/gbe_spartan-6/lib/eth/rtl/arp_eth_tx.v" Line 85. parameter declaration becomes local in arp_eth_tx with formal parameter declaration list
INFO:HDLCompiler:693 - "/home/ise/VM_ISE/gbe_spartan-6/lib/eth/rtl/arp_eth_tx.v" Line 87. parameter declaration becomes local in arp_eth_tx with formal parameter declaration list
INFO:HDLCompiler:693 - "/home/ise/VM_ISE/gbe_spartan-6/lib/eth/rtl/arp_eth_tx.v" Line 89. parameter declaration becomes local in arp_eth_tx with formal parameter declaration list
INFO:HDLCompiler:693 - "/home/ise/VM_ISE/gbe_spartan-6/lib/eth/rtl/arp_eth_tx.v" Line 91. parameter declaration becomes local in arp_eth_tx with formal parameter declaration list
INFO:HDLCompiler:693 - "/home/ise/VM_ISE/gbe_spartan-6/lib/eth/rtl/arp_eth_tx.v" Line 93. parameter declaration becomes local in arp_eth_tx with formal parameter declaration list
Analyzing Verilog file "/home/ise/VM_ISE/gbe_spartan-6/lib/eth/rtl/arp_eth_rx.v" into library work
Parsing module <arp_eth_rx>.
INFO:HDLCompiler:693 - "/home/ise/VM_ISE/gbe_spartan-6/lib/eth/rtl/arp_eth_rx.v" Line 89. parameter declaration becomes local in arp_eth_rx with formal parameter declaration list
INFO:HDLCompiler:693 - "/home/ise/VM_ISE/gbe_spartan-6/lib/eth/rtl/arp_eth_rx.v" Line 91. parameter declaration becomes local in arp_eth_rx with formal parameter declaration list
INFO:HDLCompiler:693 - "/home/ise/VM_ISE/gbe_spartan-6/lib/eth/rtl/arp_eth_rx.v" Line 93. parameter declaration becomes local in arp_eth_rx with formal parameter declaration list
INFO:HDLCompiler:693 - "/home/ise/VM_ISE/gbe_spartan-6/lib/eth/rtl/arp_eth_rx.v" Line 95. parameter declaration becomes local in arp_eth_rx with formal parameter declaration list
INFO:HDLCompiler:693 - "/home/ise/VM_ISE/gbe_spartan-6/lib/eth/rtl/arp_eth_rx.v" Line 97. parameter declaration becomes local in arp_eth_rx with formal parameter declaration list
Analyzing Verilog file "/home/ise/VM_ISE/gbe_spartan-6/lib/eth/rtl/arp_cache.v" into library work
Parsing module <arp_cache>.
Analyzing Verilog file "/home/ise/VM_ISE/gbe_spartan-6/lib/eth/lib/axis/rtl/axis_fifo.v" into library work
Parsing module <axis_fifo>.
INFO:HDLCompiler:693 - "/home/ise/VM_ISE/gbe_spartan-6/lib/eth/lib/axis/rtl/axis_fifo.v" Line 137. parameter declaration becomes local in axis_fifo with formal parameter declaration list
INFO:HDLCompiler:693 - "/home/ise/VM_ISE/gbe_spartan-6/lib/eth/lib/axis/rtl/axis_fifo.v" Line 139. parameter declaration becomes local in axis_fifo with formal parameter declaration list
INFO:HDLCompiler:693 - "/home/ise/VM_ISE/gbe_spartan-6/lib/eth/lib/axis/rtl/axis_fifo.v" Line 254. parameter declaration becomes local in axis_fifo with formal parameter declaration list
Analyzing Verilog file "/home/ise/VM_ISE/gbe_spartan-6/lib/eth/lib/axis/rtl/arbiter.v" into library work
Parsing module <arbiter>.
Analyzing Verilog file "/home/ise/VM_ISE/gbe_spartan-6/lib/eth/rtl/udp_ip_tx.v" into library work
Parsing module <udp_ip_tx>.
Analyzing Verilog file "/home/ise/VM_ISE/gbe_spartan-6/lib/eth/rtl/udp_ip_rx.v" into library work
Parsing module <udp_ip_rx>.
Analyzing Verilog file "/home/ise/VM_ISE/gbe_spartan-6/lib/eth/rtl/udp_checksum_gen.v" into library work
Parsing module <udp_checksum_gen>.
INFO:HDLCompiler:693 - "/home/ise/VM_ISE/gbe_spartan-6/lib/eth/rtl/udp_checksum_gen.v" Line 143. parameter declaration becomes local in udp_checksum_gen with formal parameter declaration list
Analyzing Verilog file "/home/ise/VM_ISE/gbe_spartan-6/lib/eth/rtl/rgmii_phy_if.v" into library work
Parsing module <rgmii_phy_if>.
Analyzing Verilog file "/home/ise/VM_ISE/gbe_spartan-6/lib/eth/rtl/ip.v" into library work
Parsing module <ip>.
Analyzing Verilog file "/home/ise/VM_ISE/gbe_spartan-6/lib/eth/rtl/eth_mac_1g.v" into library work
Parsing module <eth_mac_1g>.
INFO:HDLCompiler:693 - "/home/ise/VM_ISE/gbe_spartan-6/lib/eth/rtl/eth_mac_1g.v" Line 191. parameter declaration becomes local in eth_mac_1g with formal parameter declaration list
INFO:HDLCompiler:693 - "/home/ise/VM_ISE/gbe_spartan-6/lib/eth/rtl/eth_mac_1g.v" Line 192. parameter declaration becomes local in eth_mac_1g with formal parameter declaration list
Analyzing Verilog file "/home/ise/VM_ISE/gbe_spartan-6/lib/eth/rtl/eth_arb_mux.v" into library work
Parsing module <eth_arb_mux>.
INFO:HDLCompiler:693 - "/home/ise/VM_ISE/gbe_spartan-6/lib/eth/rtl/eth_arb_mux.v" Line 90. parameter declaration becomes local in eth_arb_mux with formal parameter declaration list
Analyzing Verilog file "/home/ise/VM_ISE/gbe_spartan-6/lib/eth/rtl/arp.v" into library work
Parsing module <arp>.
Analyzing Verilog file "/home/ise/VM_ISE/gbe_spartan-6/lib/eth/lib/axis/rtl/axis_async_fifo.v" into library work
Parsing module <axis_async_fifo>.
INFO:HDLCompiler:693 - "/home/ise/VM_ISE/gbe_spartan-6/lib/eth/lib/axis/rtl/axis_async_fifo.v" Line 145. parameter declaration becomes local in axis_async_fifo with formal parameter declaration list
INFO:HDLCompiler:693 - "/home/ise/VM_ISE/gbe_spartan-6/lib/eth/lib/axis/rtl/axis_async_fifo.v" Line 147. parameter declaration becomes local in axis_async_fifo with formal parameter declaration list
INFO:HDLCompiler:693 - "/home/ise/VM_ISE/gbe_spartan-6/lib/eth/lib/axis/rtl/axis_async_fifo.v" Line 344. parameter declaration becomes local in axis_async_fifo with formal parameter declaration list
Analyzing Verilog file "/home/ise/VM_ISE/gbe_spartan-6/lib/eth/lib/axis/rtl/axis_adapter.v" into library work
Parsing module <axis_adapter>.
Analyzing Verilog file "/home/ise/VM_ISE/gbe_spartan-6/lib/eth/rtl/udp.v" into library work
Parsing module <udp>.
Analyzing Verilog file "/home/ise/VM_ISE/gbe_spartan-6/lib/eth/rtl/ip_complete.v" into library work
Parsing module <ip_complete>.
Analyzing Verilog file "/home/ise/VM_ISE/gbe_spartan-6/lib/eth/rtl/ip_arb_mux.v" into library work
Parsing module <ip_arb_mux>.
INFO:HDLCompiler:693 - "/home/ise/VM_ISE/gbe_spartan-6/lib/eth/rtl/ip_arb_mux.v" Line 116. parameter declaration becomes local in ip_arb_mux with formal parameter declaration list
Analyzing Verilog file "/home/ise/VM_ISE/gbe_spartan-6/lib/eth/rtl/eth_mac_1g_rgmii.v" into library work
Parsing module <eth_mac_1g_rgmii>.
Analyzing Verilog file "/home/ise/VM_ISE/gbe_spartan-6/lib/eth/lib/axis/rtl/axis_async_fifo_adapter.v" into library work
Parsing module <axis_async_fifo_adapter>.
Analyzing Verilog file "/home/ise/VM_ISE/gbe_spartan-6/mdio_controller.v" into library work
Parsing module <mdio_controller>.
INFO:HDLCompiler:693 - "/home/ise/VM_ISE/gbe_spartan-6/mdio_controller.v" Line 59. parameter declaration becomes local in mdio_controller with formal parameter declaration list
Analyzing Verilog file "/home/ise/VM_ISE/gbe_spartan-6/lib/eth/rtl/udp_complete.v" into library work
Parsing module <udp_complete>.
Analyzing Verilog file "/home/ise/VM_ISE/gbe_spartan-6/lib/eth/rtl/eth_mac_1g_rgmii_fifo.v" into library work
Parsing module <eth_mac_1g_rgmii_fifo>.
Analyzing Verilog file "/home/ise/VM_ISE/gbe_spartan-6/lib/eth/rtl/eth_axis_tx.v" into library work
Parsing module <eth_axis_tx>.
INFO:HDLCompiler:693 - "/home/ise/VM_ISE/gbe_spartan-6/lib/eth/rtl/eth_axis_tx.v" Line 79. parameter declaration becomes local in eth_axis_tx with formal parameter declaration list
INFO:HDLCompiler:693 - "/home/ise/VM_ISE/gbe_spartan-6/lib/eth/rtl/eth_axis_tx.v" Line 81. parameter declaration becomes local in eth_axis_tx with formal parameter declaration list
INFO:HDLCompiler:693 - "/home/ise/VM_ISE/gbe_spartan-6/lib/eth/rtl/eth_axis_tx.v" Line 83. parameter declaration becomes local in eth_axis_tx with formal parameter declaration list
INFO:HDLCompiler:693 - "/home/ise/VM_ISE/gbe_spartan-6/lib/eth/rtl/eth_axis_tx.v" Line 85. parameter declaration becomes local in eth_axis_tx with formal parameter declaration list
INFO:HDLCompiler:693 - "/home/ise/VM_ISE/gbe_spartan-6/lib/eth/rtl/eth_axis_tx.v" Line 87. parameter declaration becomes local in eth_axis_tx with formal parameter declaration list
Analyzing Verilog file "/home/ise/VM_ISE/gbe_spartan-6/lib/eth/rtl/eth_axis_rx.v" into library work
Parsing module <eth_axis_rx>.
INFO:HDLCompiler:693 - "/home/ise/VM_ISE/gbe_spartan-6/lib/eth/rtl/eth_axis_rx.v" Line 80. parameter declaration becomes local in eth_axis_rx with formal parameter declaration list
INFO:HDLCompiler:693 - "/home/ise/VM_ISE/gbe_spartan-6/lib/eth/rtl/eth_axis_rx.v" Line 82. parameter declaration becomes local in eth_axis_rx with formal parameter declaration list
INFO:HDLCompiler:693 - "/home/ise/VM_ISE/gbe_spartan-6/lib/eth/rtl/eth_axis_rx.v" Line 84. parameter declaration becomes local in eth_axis_rx with formal parameter declaration list
INFO:HDLCompiler:693 - "/home/ise/VM_ISE/gbe_spartan-6/lib/eth/rtl/eth_axis_rx.v" Line 86. parameter declaration becomes local in eth_axis_rx with formal parameter declaration list
INFO:HDLCompiler:693 - "/home/ise/VM_ISE/gbe_spartan-6/lib/eth/rtl/eth_axis_rx.v" Line 88. parameter declaration becomes local in eth_axis_rx with formal parameter declaration list
Analyzing Verilog file "/home/ise/VM_ISE/gbe_spartan-6/rtl/fpga_core.v" into library work
Parsing module <fpga_core>.
INFO:HDLCompiler:693 - "/home/ise/VM_ISE/gbe_spartan-6/rtl/fpga_core.v" Line 1342. parameter declaration becomes local in fpga_core with formal parameter declaration list
INFO:HDLCompiler:693 - "/home/ise/VM_ISE/gbe_spartan-6/rtl/fpga_core.v" Line 1343. parameter declaration becomes local in fpga_core with formal parameter declaration list
Analyzing Verilog file "/home/ise/VM_ISE/gbe_spartan-6/rtl/debounce_switch.v" into library work
Parsing module <debounce_switch>.
Analyzing Verilog file "/home/ise/VM_ISE/gbe_spartan-6/lib/eth/lib/axis/rtl/sync_reset.v" into library work
Parsing module <sync_reset>.
Analyzing Verilog file "/home/ise/VM_ISE/gbe_spartan-6/rtl/fpga.v" into library work
Parsing module <fpga>.
Parsing VHDL file "/home/ise/VM_ISE/gbe_spartan-6/uart.vhd" into library work
Parsing entity <uart>.
Parsing architecture <logic> of entity <uart>.

=========================================================================
*                            HDL Elaboration                            *
=========================================================================

Elaborating module <fpga>.

Elaborating module <PLL>.

Elaborating module <IBUFG>.

Elaborating module <PLL_BASE(BANDWIDTH="OPTIMIZED",CLK_FEEDBACK="CLKFBOUT",COMPENSATION="SYSTEM_SYNCHRONOUS",DIVCLK_DIVIDE=1,CLKFBOUT_MULT=10,CLKFBOUT_PHASE=0.0,CLKOUT0_DIVIDE=4,CLKOUT0_PHASE=0.0,CLKOUT0_DUTY_CYCLE=0.5,CLKOUT1_DIVIDE=4,CLKOUT1_PHASE=112.5,CLKOUT1_DUTY_CYCLE=0.5,CLKIN_PERIOD=20.0,REF_JITTER=0.01)>.
WARNING:HDLCompiler:1127 - "/home/ise/VM_ISE/gbe_spartan-6/ipcore_dir/PLL.v" Line 121: Assignment to clkout2_unused ignored, since the identifier is never used
WARNING:HDLCompiler:1127 - "/home/ise/VM_ISE/gbe_spartan-6/ipcore_dir/PLL.v" Line 122: Assignment to clkout3_unused ignored, since the identifier is never used
WARNING:HDLCompiler:1127 - "/home/ise/VM_ISE/gbe_spartan-6/ipcore_dir/PLL.v" Line 123: Assignment to clkout4_unused ignored, since the identifier is never used
WARNING:HDLCompiler:1127 - "/home/ise/VM_ISE/gbe_spartan-6/ipcore_dir/PLL.v" Line 124: Assignment to clkout5_unused ignored, since the identifier is never used

Elaborating module <BUFG>.

Elaborating module <sync_reset(N=4)>.

Elaborating module <debounce_switch(WIDTH=10,N=4,RATE=125000)>.
WARNING:HDLCompiler:1016 - "/home/ise/VM_ISE/gbe_spartan-6/rtl/fpga_core.v" Line 555: Port tx_axis_tkeep is not connected to this instance
WARNING:HDLCompiler:1016 - "/home/ise/VM_ISE/gbe_spartan-6/rtl/fpga_core.v" Line 751: Port s_axis_tkeep is not connected to this instance
WARNING:HDLCompiler:1016 - "/home/ise/VM_ISE/gbe_spartan-6/rtl/fpga_core.v" Line 778: Port s_eth_payload_axis_tkeep is not connected to this instance
WARNING:HDLCompiler:1016 - "/home/ise/VM_ISE/gbe_spartan-6/rtl/fpga_core.v" Line 935: Port pause_req is not connected to this instance

Elaborating module <fpga_core(TARGET="XILINX")>.
WARNING:HDLCompiler:872 - "/home/ise/VM_ISE/gbe_spartan-6/rtl/fpga_core.v" Line 240: Using initial value of tx_axis_tdata_test since it is never assigned
WARNING:HDLCompiler:872 - "/home/ise/VM_ISE/gbe_spartan-6/rtl/fpga_core.v" Line 244: Using initial value of tx_fifo_axis_tuser since it is never assigned
WARNING:HDLCompiler:872 - "/home/ise/VM_ISE/gbe_spartan-6/rtl/fpga_core.v" Line 1103: Using initial value of local_mac since it is never assigned
WARNING:HDLCompiler:872 - "/home/ise/VM_ISE/gbe_spartan-6/rtl/fpga_core.v" Line 1345: Using initial value of start_frame since it is never assigned
WARNING:HDLCompiler:872 - "/home/ise/VM_ISE/gbe_spartan-6/rtl/fpga_core.v" Line 1346: Using initial value of end_frame since it is never assigned
WARNING:HDLCompiler:413 - "/home/ise/VM_ISE/gbe_spartan-6/rtl/fpga_core.v" Line 350: Result of 17-bit expression is truncated to fit in 16-bit target.
WARNING:HDLCompiler:413 - "/home/ise/VM_ISE/gbe_spartan-6/rtl/fpga_core.v" Line 358: Result of 17-bit expression is truncated to fit in 16-bit target.
WARNING:HDLCompiler:413 - "/home/ise/VM_ISE/gbe_spartan-6/rtl/fpga_core.v" Line 390: Result of 17-bit expression is truncated to fit in 16-bit target.
WARNING:HDLCompiler:1127 - "/home/ise/VM_ISE/gbe_spartan-6/rtl/fpga_core.v" Line 520: Assignment to tx_udp_ip_source_ip ignored, since the identifier is never used
WARNING:HDLCompiler:413 - "/home/ise/VM_ISE/gbe_spartan-6/rtl/fpga_core.v" Line 530: Result of 32-bit expression is truncated to fit in 16-bit target.
WARNING:HDLCompiler:1016 - "/home/ise/VM_ISE/gbe_spartan-6/lib/eth/rtl/eth_mac_1g_rgmii_fifo.v" Line 254: Port s_pause_req is not connected to this instance
WARNING:HDLCompiler:1016 - "/home/ise/VM_ISE/gbe_spartan-6/lib/eth/rtl/eth_mac_1g_rgmii_fifo.v" Line 305: Port s_pause_req is not connected to this instance

Elaborating module <eth_mac_1g_rgmii_fifo(TARGET="XILINX",USE_CLK90="TRUE",ENABLE_PADDING=1,MIN_FRAME_LENGTH=64,TX_FIFO_DEPTH=2048,TX_FRAME_FIFO=1,RX_FIFO_DEPTH=2048,RX_FRAME_FIFO=1)>.
WARNING:HDLCompiler:1016 - "/home/ise/VM_ISE/gbe_spartan-6/lib/eth/rtl/eth_mac_1g_rgmii.v" Line 218: Port tx_ptp_ts is not connected to this instance

Elaborating module <eth_mac_1g_rgmii(TARGET="XILINX",IODDR_STYLE="IODDR2",CLOCK_INPUT_STYLE="BUFG",USE_CLK90="TRUE",ENABLE_PADDING=1,MIN_FRAME_LENGTH=64)>.
WARNING:HDLCompiler:413 - "/home/ise/VM_ISE/gbe_spartan-6/lib/eth/rtl/eth_mac_1g_rgmii.v" Line 152: Result of 8-bit expression is truncated to fit in 7-bit target.
WARNING:HDLCompiler:413 - "/home/ise/VM_ISE/gbe_spartan-6/lib/eth/rtl/eth_mac_1g_rgmii.v" Line 155: Result of 3-bit expression is truncated to fit in 2-bit target.

Elaborating module <rgmii_phy_if(TARGET="XILINX",IODDR_STYLE="IODDR2",CLOCK_INPUT_STYLE="BUFG",USE_CLK90="TRUE")>.

Elaborating module <ssio_ddr_in(TARGET="XILINX",CLOCK_INPUT_STYLE="BUFG",IODDR_STYLE="IODDR2",WIDTH=5)>.

Elaborating module <iddr(TARGET="XILINX",IODDR_STYLE="IODDR2",WIDTH=5)>.

Elaborating module <IDDR2(DDR_ALIGNMENT="C0")>.
WARNING:HDLCompiler:413 - "/home/ise/VM_ISE/gbe_spartan-6/lib/eth/rtl/rgmii_phy_if.v" Line 121: Result of 7-bit expression is truncated to fit in 6-bit target.
WARNING:HDLCompiler:413 - "/home/ise/VM_ISE/gbe_spartan-6/lib/eth/rtl/rgmii_phy_if.v" Line 133: Result of 7-bit expression is truncated to fit in 6-bit target.

Elaborating module <oddr(TARGET="XILINX",IODDR_STYLE="IODDR2",WIDTH=1)>.

Elaborating module <ODDR2(DDR_ALIGNMENT="C0",SRTYPE="ASYNC")>.

Elaborating module <oddr(TARGET="XILINX",IODDR_STYLE="IODDR2",WIDTH=5)>.

Elaborating module <eth_mac_1g(ENABLE_PADDING=1,MIN_FRAME_LENGTH=64)>.

Elaborating module <axis_gmii_rx(DATA_WIDTH=8,PTP_TS_ENABLE=0,PTP_TS_WIDTH=96,USER_WIDTH=1)>.

Elaborating module <lfsr(LFSR_WIDTH=32,LFSR_POLY=32'b0100110000010001110110110111,LFSR_CONFIG="GALOIS",LFSR_FEED_FORWARD=0,REVERSE=1,DATA_WIDTH=8,STYLE="AUTO")>.

Elaborating module <axis_gmii_tx(DATA_WIDTH=8,ENABLE_PADDING=1,MIN_FRAME_LENGTH=64,PTP_TS_ENABLE=0,PTP_TS_WIDTH=96,PTP_TS_CTRL_IN_TUSER=0,PTP_TAG_ENABLE=0,PTP_TAG_WIDTH=16,USER_WIDTH=1)>.
WARNING:HDLCompiler:413 - "/home/ise/VM_ISE/gbe_spartan-6/lib/eth/rtl/axis_gmii_tx.v" Line 266: Result of 9-bit expression is truncated to fit in 8-bit target.
WARNING:HDLCompiler:413 - "/home/ise/VM_ISE/gbe_spartan-6/lib/eth/rtl/axis_gmii_tx.v" Line 302: Result of 32-bit expression is truncated to fit in 6-bit target.
WARNING:HDLCompiler:413 - "/home/ise/VM_ISE/gbe_spartan-6/lib/eth/rtl/axis_gmii_tx.v" Line 332: Result of 32-bit expression is truncated to fit in 6-bit target.
WARNING:HDLCompiler:413 - "/home/ise/VM_ISE/gbe_spartan-6/lib/eth/rtl/axis_gmii_tx.v" Line 353: Result of 32-bit expression is truncated to fit in 6-bit target.
WARNING:HDLCompiler:413 - "/home/ise/VM_ISE/gbe_spartan-6/lib/eth/rtl/axis_gmii_tx.v" Line 365: Result of 9-bit expression is truncated to fit in 8-bit target.
WARNING:HDLCompiler:413 - "/home/ise/VM_ISE/gbe_spartan-6/lib/eth/rtl/axis_gmii_tx.v" Line 388: Result of 9-bit expression is truncated to fit in 8-bit target.
WARNING:HDLCompiler:552 - "/home/ise/VM_ISE/gbe_spartan-6/lib/eth/rtl/eth_mac_1g_rgmii.v" Line 222: Input port tx_ptp_ts[95] is not connected on this instance

Elaborating module <axis_async_fifo_adapter(DEPTH=2048,S_DATA_WIDTH=8,S_KEEP_ENABLE=1'b0,S_KEEP_WIDTH=32'sb01,M_DATA_WIDTH=8,M_KEEP_ENABLE=0,ID_ENABLE=0,DEST_ENABLE=0,USER_ENABLE=1,USER_WIDTH=1,RAM_PIPELINE=1,FRAME_FIFO=1,USER_BAD_FRAME_VALUE=1'b1,USER_BAD_FRAME_MASK=1'b1,DROP_OVERSIZE_FRAME=1,DROP_BAD_FRAME=1,DROP_WHEN_FULL=0)>.

Elaborating module <axis_async_fifo(DEPTH=2048,DATA_WIDTH=8,KEEP_ENABLE=1'b0,KEEP_WIDTH=1,LAST_ENABLE=1,ID_ENABLE=0,ID_WIDTH=8,DEST_ENABLE=0,DEST_WIDTH=8,USER_ENABLE=1,USER_WIDTH=1,RAM_PIPELINE=1,OUTPUT_FIFO_ENABLE=0,FRAME_FIFO=1,USER_BAD_FRAME_VALUE=1'b1,USER_BAD_FRAME_MASK=1'b1,DROP_OVERSIZE_FRAME=1,DROP_BAD_FRAME=1,DROP_WHEN_FULL=0,MARK_WHEN_FULL=0,PAUSE_ENABLE=0,FRAME_PAUSE=1)>.
WARNING:HDLCompiler:413 - "/home/ise/VM_ISE/gbe_spartan-6/lib/eth/lib/axis/rtl/axis_async_fifo.v" Line 434: Result of 13-bit expression is truncated to fit in 12-bit target.
WARNING:HDLCompiler:413 - "/home/ise/VM_ISE/gbe_spartan-6/lib/eth/lib/axis/rtl/axis_async_fifo.v" Line 448: Result of 13-bit expression is truncated to fit in 12-bit target.
WARNING:HDLCompiler:413 - "/home/ise/VM_ISE/gbe_spartan-6/lib/eth/lib/axis/rtl/axis_async_fifo.v" Line 673: Result of 13-bit expression is truncated to fit in 12-bit target.
WARNING:HDLCompiler:189 - "/home/ise/VM_ISE/gbe_spartan-6/lib/eth/rtl/eth_mac_1g_rgmii_fifo.v" Line 282: Size mismatch in connection of port <s_axis_tid>. Formal port size is 8-bit while actual signal size is 32-bit.
WARNING:HDLCompiler:189 - "/home/ise/VM_ISE/gbe_spartan-6/lib/eth/rtl/eth_mac_1g_rgmii_fifo.v" Line 283: Size mismatch in connection of port <s_axis_tdest>. Formal port size is 8-bit while actual signal size is 32-bit.

Elaborating module <axis_async_fifo_adapter(DEPTH=2048,S_DATA_WIDTH=8,S_KEEP_ENABLE=0,M_DATA_WIDTH=8,M_KEEP_ENABLE=1'b0,M_KEEP_WIDTH=32'sb01,ID_ENABLE=0,DEST_ENABLE=0,USER_ENABLE=1,USER_WIDTH=1,RAM_PIPELINE=1,FRAME_FIFO=1,USER_BAD_FRAME_VALUE=1'b1,USER_BAD_FRAME_MASK=1'b1,DROP_OVERSIZE_FRAME=1,DROP_BAD_FRAME=1,DROP_WHEN_FULL=1)>.

Elaborating module <axis_async_fifo(DEPTH=2048,DATA_WIDTH=8,KEEP_ENABLE=0,KEEP_WIDTH=1,LAST_ENABLE=1,ID_ENABLE=0,ID_WIDTH=8,DEST_ENABLE=0,DEST_WIDTH=8,USER_ENABLE=1,USER_WIDTH=1,RAM_PIPELINE=1,OUTPUT_FIFO_ENABLE=0,FRAME_FIFO=1,USER_BAD_FRAME_VALUE=1'b1,USER_BAD_FRAME_MASK=1'b1,DROP_OVERSIZE_FRAME=1,DROP_BAD_FRAME=1,DROP_WHEN_FULL=1,MARK_WHEN_FULL=0,PAUSE_ENABLE=0,FRAME_PAUSE=1)>.
WARNING:HDLCompiler:413 - "/home/ise/VM_ISE/gbe_spartan-6/lib/eth/lib/axis/rtl/axis_async_fifo.v" Line 434: Result of 13-bit expression is truncated to fit in 12-bit target.
WARNING:HDLCompiler:413 - "/home/ise/VM_ISE/gbe_spartan-6/lib/eth/lib/axis/rtl/axis_async_fifo.v" Line 448: Result of 13-bit expression is truncated to fit in 12-bit target.
WARNING:HDLCompiler:413 - "/home/ise/VM_ISE/gbe_spartan-6/lib/eth/lib/axis/rtl/axis_async_fifo.v" Line 673: Result of 13-bit expression is truncated to fit in 12-bit target.
WARNING:HDLCompiler:189 - "/home/ise/VM_ISE/gbe_spartan-6/lib/eth/rtl/eth_mac_1g_rgmii_fifo.v" Line 329: Size mismatch in connection of port <s_axis_tkeep>. Formal port size is 1-bit while actual signal size is 32-bit.
WARNING:HDLCompiler:189 - "/home/ise/VM_ISE/gbe_spartan-6/lib/eth/rtl/eth_mac_1g_rgmii_fifo.v" Line 333: Size mismatch in connection of port <s_axis_tid>. Formal port size is 8-bit while actual signal size is 32-bit.
WARNING:HDLCompiler:189 - "/home/ise/VM_ISE/gbe_spartan-6/lib/eth/rtl/eth_mac_1g_rgmii_fifo.v" Line 334: Size mismatch in connection of port <s_axis_tdest>. Formal port size is 8-bit while actual signal size is 32-bit.
WARNING:HDLCompiler:552 - "/home/ise/VM_ISE/gbe_spartan-6/lib/eth/rtl/eth_mac_1g_rgmii_fifo.v" Line 273: Input port s_pause_req is not connected on this instance
WARNING:HDLCompiler:552 - "/home/ise/VM_ISE/gbe_spartan-6/lib/eth/rtl/eth_mac_1g_rgmii_fifo.v" Line 324: Input port s_pause_req is not connected on this instance

Elaborating module <eth_axis_rx>.
WARNING:HDLCompiler:1127 - "/home/ise/VM_ISE/gbe_spartan-6/lib/eth/rtl/eth_axis_rx.v" Line 162: Assignment to shift_axis_tvalid ignored, since the identifier is never used
WARNING:HDLCompiler:413 - "/home/ise/VM_ISE/gbe_spartan-6/lib/eth/rtl/eth_axis_rx.v" Line 217: Result of 5-bit expression is truncated to fit in 4-bit target.

Elaborating module <eth_axis_tx>.
WARNING:HDLCompiler:1127 - "/home/ise/VM_ISE/gbe_spartan-6/lib/eth/rtl/eth_axis_tx.v" Line 158: Assignment to shift_eth_payload_axis_tvalid ignored, since the identifier is never used
WARNING:HDLCompiler:413 - "/home/ise/VM_ISE/gbe_spartan-6/lib/eth/rtl/eth_axis_tx.v" Line 235: Result of 5-bit expression is truncated to fit in 4-bit target.

Elaborating module <udp_complete>.

Elaborating module <ip_arb_mux(S_COUNT=2,DATA_WIDTH=8,KEEP_ENABLE=0,ID_ENABLE=0,DEST_ENABLE=0,USER_ENABLE=1,USER_WIDTH=1,ARB_TYPE_ROUND_ROBIN=0,ARB_LSB_HIGH_PRIORITY=1)>.

Elaborating module <arbiter(PORTS=2,ARB_TYPE_ROUND_ROBIN=0,ARB_BLOCK=1,ARB_BLOCK_ACK=1,ARB_LSB_HIGH_PRIORITY=1)>.

Elaborating module <priority_encoder(WIDTH=2,LSB_HIGH_PRIORITY=1)>.
WARNING:HDLCompiler:413 - "/home/ise/VM_ISE/gbe_spartan-6/lib/eth/lib/axis/rtl/priority_encoder.v" Line 88: Result of 32-bit expression is truncated to fit in 2-bit target.
WARNING:HDLCompiler:189 - "/home/ise/VM_ISE/gbe_spartan-6/lib/eth/rtl/udp_complete.v" Line 375: Size mismatch in connection of port <s_eth_dest_mac>. Formal port size is 96-bit while actual signal size is 32-bit.
WARNING:HDLCompiler:189 - "/home/ise/VM_ISE/gbe_spartan-6/lib/eth/rtl/udp_complete.v" Line 376: Size mismatch in connection of port <s_eth_src_mac>. Formal port size is 96-bit while actual signal size is 32-bit.
WARNING:HDLCompiler:189 - "/home/ise/VM_ISE/gbe_spartan-6/lib/eth/rtl/udp_complete.v" Line 378: Size mismatch in connection of port <s_ip_version>. Formal port size is 8-bit while actual signal size is 32-bit.
WARNING:HDLCompiler:189 - "/home/ise/VM_ISE/gbe_spartan-6/lib/eth/rtl/udp_complete.v" Line 379: Size mismatch in connection of port <s_ip_ihl>. Formal port size is 8-bit while actual signal size is 32-bit.
WARNING:HDLCompiler:189 - "/home/ise/VM_ISE/gbe_spartan-6/lib/eth/rtl/udp_complete.v" Line 384: Size mismatch in connection of port <s_ip_flags>. Formal port size is 6-bit while actual signal size is 32-bit.
WARNING:HDLCompiler:189 - "/home/ise/VM_ISE/gbe_spartan-6/lib/eth/rtl/udp_complete.v" Line 385: Size mismatch in connection of port <s_ip_fragment_offset>. Formal port size is 26-bit while actual signal size is 32-bit.
WARNING:HDLCompiler:189 - "/home/ise/VM_ISE/gbe_spartan-6/lib/eth/rtl/udp_complete.v" Line 392: Size mismatch in connection of port <s_ip_payload_axis_tkeep>. Formal port size is 2-bit while actual signal size is 32-bit.
WARNING:HDLCompiler:189 - "/home/ise/VM_ISE/gbe_spartan-6/lib/eth/rtl/udp_complete.v" Line 396: Size mismatch in connection of port <s_ip_payload_axis_tid>. Formal port size is 16-bit while actual signal size is 32-bit.
WARNING:HDLCompiler:189 - "/home/ise/VM_ISE/gbe_spartan-6/lib/eth/rtl/udp_complete.v" Line 397: Size mismatch in connection of port <s_ip_payload_axis_tdest>. Formal port size is 16-bit while actual signal size is 32-bit.
WARNING:HDLCompiler:1016 - "/home/ise/VM_ISE/gbe_spartan-6/lib/eth/rtl/ip_complete.v" Line 395: Port s_eth_payload_axis_tkeep is not connected to this instance

Elaborating module <ip_complete(ARP_CACHE_ADDR_WIDTH=9,ARP_REQUEST_RETRY_COUNT=4,ARP_REQUEST_RETRY_INTERVAL=250000000,ARP_REQUEST_TIMEOUT=-544967296)>.

Elaborating module <eth_arb_mux(S_COUNT=2,DATA_WIDTH=8,KEEP_ENABLE=0,ID_ENABLE=0,DEST_ENABLE=0,USER_ENABLE=1,USER_WIDTH=1,ARB_TYPE_ROUND_ROBIN=0,ARB_LSB_HIGH_PRIORITY=1)>.
WARNING:HDLCompiler:189 - "/home/ise/VM_ISE/gbe_spartan-6/lib/eth/rtl/ip_complete.v" Line 279: Size mismatch in connection of port <s_eth_payload_axis_tkeep>. Formal port size is 2-bit while actual signal size is 32-bit.
WARNING:HDLCompiler:189 - "/home/ise/VM_ISE/gbe_spartan-6/lib/eth/rtl/ip_complete.v" Line 283: Size mismatch in connection of port <s_eth_payload_axis_tid>. Formal port size is 16-bit while actual signal size is 32-bit.
WARNING:HDLCompiler:189 - "/home/ise/VM_ISE/gbe_spartan-6/lib/eth/rtl/ip_complete.v" Line 284: Size mismatch in connection of port <s_eth_payload_axis_tdest>. Formal port size is 16-bit while actual signal size is 32-bit.

Elaborating module <ip>.

Elaborating module <ip_eth_rx>.
WARNING:HDLCompiler:413 - "/home/ise/VM_ISE/gbe_spartan-6/lib/eth/rtl/ip_eth_rx.v" Line 298: Result of 32-bit expression is truncated to fit in 16-bit target.

Elaborating module <ip_eth_tx>.
WARNING:HDLCompiler:413 - "/home/ise/VM_ISE/gbe_spartan-6/lib/eth/rtl/ip_eth_tx.v" Line 231: Result of 32-bit expression is truncated to fit in 16-bit target.

Elaborating module <arp(CACHE_ADDR_WIDTH=9,REQUEST_RETRY_COUNT=4,REQUEST_RETRY_INTERVAL=250000000,REQUEST_TIMEOUT=-544967296)>.

Elaborating module <arp_eth_rx(DATA_WIDTH=8,KEEP_ENABLE=1'b0,KEEP_WIDTH=32'sb01)>.
WARNING:HDLCompiler:413 - "/home/ise/VM_ISE/gbe_spartan-6/lib/eth/rtl/arp_eth_rx.v" Line 217: Result of 6-bit expression is truncated to fit in 5-bit target.
WARNING:HDLCompiler:1127 - "/home/ise/VM_ISE/gbe_spartan-6/lib/eth/rtl/arp.v" Line 154: Assignment to incoming_eth_dest_mac ignored, since the identifier is never used
WARNING:HDLCompiler:1127 - "/home/ise/VM_ISE/gbe_spartan-6/lib/eth/rtl/arp.v" Line 159: Assignment to incoming_arp_hlen ignored, since the identifier is never used
WARNING:HDLCompiler:1127 - "/home/ise/VM_ISE/gbe_spartan-6/lib/eth/rtl/arp.v" Line 160: Assignment to incoming_arp_plen ignored, since the identifier is never used

Elaborating module <arp_eth_tx(DATA_WIDTH=8,KEEP_ENABLE=1'b0,KEEP_WIDTH=32'sb01)>.
WARNING:HDLCompiler:413 - "/home/ise/VM_ISE/gbe_spartan-6/lib/eth/rtl/arp_eth_tx.v" Line 192: Result of 6-bit expression is truncated to fit in 5-bit target.

Elaborating module <arp_cache(CACHE_ADDR_WIDTH=9)>.

Elaborating module <lfsr(LFSR_WIDTH=32,LFSR_POLY=32'b0100110000010001110110110111,LFSR_CONFIG="GALOIS",LFSR_FEED_FORWARD=0,REVERSE=1,DATA_WIDTH=32,STYLE="AUTO")>.
WARNING:HDLCompiler:413 - "/home/ise/VM_ISE/gbe_spartan-6/lib/eth/rtl/arp_cache.v" Line 198: Result of 10-bit expression is truncated to fit in 9-bit target.
WARNING:HDLCompiler:413 - "/home/ise/VM_ISE/gbe_spartan-6/lib/eth/rtl/arp.v" Line 350: Result of 32-bit expression is truncated to fit in 6-bit target.
WARNING:HDLCompiler:552 - "/home/ise/VM_ISE/gbe_spartan-6/lib/eth/rtl/ip_complete.v" Line 401: Input port s_eth_payload_axis_tkeep[0] is not connected on this instance

Elaborating module <udp(CHECKSUM_GEN_ENABLE=1,CHECKSUM_PAYLOAD_FIFO_DEPTH=2048,CHECKSUM_HEADER_FIFO_DEPTH=8)>.

Elaborating module <udp_ip_rx>.
WARNING:HDLCompiler:1016 - "/home/ise/VM_ISE/gbe_spartan-6/lib/eth/rtl/udp_checksum_gen.v" Line 203: Port pause_req is not connected to this instance

Elaborating module <udp_checksum_gen(PAYLOAD_FIFO_DEPTH=2048,HEADER_FIFO_DEPTH=8)>.

Elaborating module <axis_fifo(DEPTH=2048,DATA_WIDTH=8,KEEP_ENABLE=0,LAST_ENABLE=1,ID_ENABLE=0,DEST_ENABLE=0,USER_ENABLE=1,USER_WIDTH=1,FRAME_FIFO=1)>.
WARNING:HDLCompiler:413 - "/home/ise/VM_ISE/gbe_spartan-6/lib/eth/lib/axis/rtl/axis_fifo.v" Line 290: Result of 13-bit expression is truncated to fit in 12-bit target.
WARNING:HDLCompiler:413 - "/home/ise/VM_ISE/gbe_spartan-6/lib/eth/lib/axis/rtl/axis_fifo.v" Line 300: Result of 13-bit expression is truncated to fit in 12-bit target.
WARNING:HDLCompiler:413 - "/home/ise/VM_ISE/gbe_spartan-6/lib/eth/lib/axis/rtl/axis_fifo.v" Line 399: Result of 13-bit expression is truncated to fit in 12-bit target.
WARNING:HDLCompiler:189 - "/home/ise/VM_ISE/gbe_spartan-6/lib/eth/rtl/udp_checksum_gen.v" Line 219: Size mismatch in connection of port <s_axis_tkeep>. Formal port size is 1-bit while actual signal size is 32-bit.
WARNING:HDLCompiler:189 - "/home/ise/VM_ISE/gbe_spartan-6/lib/eth/rtl/udp_checksum_gen.v" Line 223: Size mismatch in connection of port <s_axis_tid>. Formal port size is 8-bit while actual signal size is 32-bit.
WARNING:HDLCompiler:189 - "/home/ise/VM_ISE/gbe_spartan-6/lib/eth/rtl/udp_checksum_gen.v" Line 224: Size mismatch in connection of port <s_axis_tdest>. Formal port size is 8-bit while actual signal size is 32-bit.
WARNING:HDLCompiler:413 - "/home/ise/VM_ISE/gbe_spartan-6/lib/eth/rtl/udp_checksum_gen.v" Line 345: Result of 5-bit expression is truncated to fit in 4-bit target.
WARNING:HDLCompiler:413 - "/home/ise/VM_ISE/gbe_spartan-6/lib/eth/rtl/udp_checksum_gen.v" Line 393: Result of 5-bit expression is truncated to fit in 4-bit target.
WARNING:HDLCompiler:413 - "/home/ise/VM_ISE/gbe_spartan-6/lib/eth/rtl/udp_checksum_gen.v" Line 496: Result of 17-bit expression is truncated to fit in 16-bit target.
WARNING:HDLCompiler:1127 - "/home/ise/VM_ISE/gbe_spartan-6/lib/eth/rtl/udp_checksum_gen.v" Line 517: Assignment to s_udp_payload_axis_tready_reg ignored, since the identifier is never used
WARNING:HDLCompiler:552 - "/home/ise/VM_ISE/gbe_spartan-6/lib/eth/rtl/udp_checksum_gen.v" Line 214: Input port pause_req is not connected on this instance

Elaborating module <udp_ip_tx>.
WARNING:HDLCompiler:413 - "/home/ise/VM_ISE/gbe_spartan-6/lib/eth/rtl/udp_ip_tx.v" Line 394: Result of 17-bit expression is truncated to fit in 16-bit target.
WARNING:HDLCompiler:1127 - "/home/ise/VM_ISE/gbe_spartan-6/rtl/fpga_core.v" Line 831: Assignment to tx_ip_hdr_ready ignored, since the identifier is never used
WARNING:HDLCompiler:1127 - "/home/ise/VM_ISE/gbe_spartan-6/rtl/fpga_core.v" Line 841: Assignment to tx_ip_payload_axis_tready ignored, since the identifier is never used
WARNING:HDLCompiler:1127 - "/home/ise/VM_ISE/gbe_spartan-6/rtl/fpga_core.v" Line 845: Assignment to rx_ip_hdr_valid ignored, since the identifier is never used
WARNING:HDLCompiler:1127 - "/home/ise/VM_ISE/gbe_spartan-6/rtl/fpga_core.v" Line 847: Assignment to rx_ip_eth_dest_mac ignored, since the identifier is never used
WARNING:HDLCompiler:1127 - "/home/ise/VM_ISE/gbe_spartan-6/rtl/fpga_core.v" Line 848: Assignment to rx_ip_eth_src_mac ignored, since the identifier is never used
WARNING:HDLCompiler:1127 - "/home/ise/VM_ISE/gbe_spartan-6/rtl/fpga_core.v" Line 849: Assignment to rx_ip_eth_type ignored, since the identifier is never used
WARNING:HDLCompiler:1127 - "/home/ise/VM_ISE/gbe_spartan-6/rtl/fpga_core.v" Line 850: Assignment to rx_ip_version ignored, since the identifier is never used
WARNING:HDLCompiler:1127 - "/home/ise/VM_ISE/gbe_spartan-6/rtl/fpga_core.v" Line 851: Assignment to rx_ip_ihl ignored, since the identifier is never used
WARNING:HDLCompiler:1127 - "/home/ise/VM_ISE/gbe_spartan-6/rtl/fpga_core.v" Line 852: Assignment to rx_ip_dscp ignored, since the identifier is never used
WARNING:HDLCompiler:1127 - "/home/ise/VM_ISE/gbe_spartan-6/rtl/fpga_core.v" Line 853: Assignment to rx_ip_ecn ignored, since the identifier is never used
WARNING:HDLCompiler:1127 - "/home/ise/VM_ISE/gbe_spartan-6/rtl/fpga_core.v" Line 854: Assignment to rx_ip_length ignored, since the identifier is never used
WARNING:HDLCompiler:1127 - "/home/ise/VM_ISE/gbe_spartan-6/rtl/fpga_core.v" Line 855: Assignment to rx_ip_identification ignored, since the identifier is never used
WARNING:HDLCompiler:1127 - "/home/ise/VM_ISE/gbe_spartan-6/rtl/fpga_core.v" Line 856: Assignment to rx_ip_flags ignored, since the identifier is never used
WARNING:HDLCompiler:1127 - "/home/ise/VM_ISE/gbe_spartan-6/rtl/fpga_core.v" Line 857: Assignment to rx_ip_fragment_offset ignored, since the identifier is never used
WARNING:HDLCompiler:1127 - "/home/ise/VM_ISE/gbe_spartan-6/rtl/fpga_core.v" Line 858: Assignment to rx_ip_ttl ignored, since the identifier is never used
WARNING:HDLCompiler:1127 - "/home/ise/VM_ISE/gbe_spartan-6/rtl/fpga_core.v" Line 859: Assignment to rx_ip_protocol ignored, since the identifier is never used
WARNING:HDLCompiler:1127 - "/home/ise/VM_ISE/gbe_spartan-6/rtl/fpga_core.v" Line 860: Assignment to rx_ip_header_checksum ignored, since the identifier is never used
WARNING:HDLCompiler:1127 - "/home/ise/VM_ISE/gbe_spartan-6/rtl/fpga_core.v" Line 861: Assignment to rx_ip_source_ip ignored, since the identifier is never used
WARNING:HDLCompiler:1127 - "/home/ise/VM_ISE/gbe_spartan-6/rtl/fpga_core.v" Line 862: Assignment to rx_ip_dest_ip ignored, since the identifier is never used
WARNING:HDLCompiler:1127 - "/home/ise/VM_ISE/gbe_spartan-6/rtl/fpga_core.v" Line 863: Assignment to rx_ip_payload_axis_tdata ignored, since the identifier is never used
WARNING:HDLCompiler:1127 - "/home/ise/VM_ISE/gbe_spartan-6/rtl/fpga_core.v" Line 864: Assignment to rx_ip_payload_axis_tvalid ignored, since the identifier is never used
WARNING:HDLCompiler:1127 - "/home/ise/VM_ISE/gbe_spartan-6/rtl/fpga_core.v" Line 866: Assignment to rx_ip_payload_axis_tlast ignored, since the identifier is never used
WARNING:HDLCompiler:1127 - "/home/ise/VM_ISE/gbe_spartan-6/rtl/fpga_core.v" Line 867: Assignment to rx_ip_payload_axis_tuser ignored, since the identifier is never used
WARNING:HDLCompiler:1127 - "/home/ise/VM_ISE/gbe_spartan-6/rtl/fpga_core.v" Line 888: Assignment to rx_udp_eth_dest_mac ignored, since the identifier is never used
WARNING:HDLCompiler:1127 - "/home/ise/VM_ISE/gbe_spartan-6/rtl/fpga_core.v" Line 889: Assignment to rx_udp_eth_src_mac ignored, since the identifier is never used
WARNING:HDLCompiler:1127 - "/home/ise/VM_ISE/gbe_spartan-6/rtl/fpga_core.v" Line 890: Assignment to rx_udp_eth_type ignored, since the identifier is never used
WARNING:HDLCompiler:1127 - "/home/ise/VM_ISE/gbe_spartan-6/rtl/fpga_core.v" Line 891: Assignment to rx_udp_ip_version ignored, since the identifier is never used
WARNING:HDLCompiler:1127 - "/home/ise/VM_ISE/gbe_spartan-6/rtl/fpga_core.v" Line 892: Assignment to rx_udp_ip_ihl ignored, since the identifier is never used
WARNING:HDLCompiler:1127 - "/home/ise/VM_ISE/gbe_spartan-6/rtl/fpga_core.v" Line 893: Assignment to rx_udp_ip_dscp ignored, since the identifier is never used
WARNING:HDLCompiler:1127 - "/home/ise/VM_ISE/gbe_spartan-6/rtl/fpga_core.v" Line 894: Assignment to rx_udp_ip_ecn ignored, since the identifier is never used
WARNING:HDLCompiler:1127 - "/home/ise/VM_ISE/gbe_spartan-6/rtl/fpga_core.v" Line 895: Assignment to rx_udp_ip_length ignored, since the identifier is never used
WARNING:HDLCompiler:1127 - "/home/ise/VM_ISE/gbe_spartan-6/rtl/fpga_core.v" Line 896: Assignment to rx_udp_ip_identification ignored, since the identifier is never used
WARNING:HDLCompiler:1127 - "/home/ise/VM_ISE/gbe_spartan-6/rtl/fpga_core.v" Line 897: Assignment to rx_udp_ip_flags ignored, since the identifier is never used
WARNING:HDLCompiler:1127 - "/home/ise/VM_ISE/gbe_spartan-6/rtl/fpga_core.v" Line 898: Assignment to rx_udp_ip_fragment_offset ignored, since the identifier is never used
WARNING:HDLCompiler:1127 - "/home/ise/VM_ISE/gbe_spartan-6/rtl/fpga_core.v" Line 899: Assignment to rx_udp_ip_ttl ignored, since the identifier is never used
WARNING:HDLCompiler:1127 - "/home/ise/VM_ISE/gbe_spartan-6/rtl/fpga_core.v" Line 900: Assignment to rx_udp_ip_protocol ignored, since the identifier is never used
WARNING:HDLCompiler:1127 - "/home/ise/VM_ISE/gbe_spartan-6/rtl/fpga_core.v" Line 901: Assignment to rx_udp_ip_header_checksum ignored, since the identifier is never used
WARNING:HDLCompiler:1127 - "/home/ise/VM_ISE/gbe_spartan-6/rtl/fpga_core.v" Line 903: Assignment to rx_udp_ip_dest_ip ignored, since the identifier is never used
WARNING:HDLCompiler:1127 - "/home/ise/VM_ISE/gbe_spartan-6/rtl/fpga_core.v" Line 907: Assignment to rx_udp_checksum ignored, since the identifier is never used
WARNING:HDLCompiler:189 - "/home/ise/VM_ISE/gbe_spartan-6/rtl/fpga_core.v" Line 932: Size mismatch in connection of port <clear_arp_cache>. Formal port size is 1-bit while actual signal size is 32-bit.

Elaborating module <axis_fifo(DEPTH=2048,DATA_WIDTH=8,KEEP_ENABLE=0,ID_ENABLE=0,DEST_ENABLE=0,USER_ENABLE=1,USER_WIDTH=1,FRAME_FIFO=1)>.
WARNING:HDLCompiler:413 - "/home/ise/VM_ISE/gbe_spartan-6/lib/eth/lib/axis/rtl/axis_fifo.v" Line 290: Result of 13-bit expression is truncated to fit in 12-bit target.
WARNING:HDLCompiler:413 - "/home/ise/VM_ISE/gbe_spartan-6/lib/eth/lib/axis/rtl/axis_fifo.v" Line 300: Result of 13-bit expression is truncated to fit in 12-bit target.
WARNING:HDLCompiler:413 - "/home/ise/VM_ISE/gbe_spartan-6/lib/eth/lib/axis/rtl/axis_fifo.v" Line 399: Result of 13-bit expression is truncated to fit in 12-bit target.
WARNING:HDLCompiler:189 - "/home/ise/VM_ISE/gbe_spartan-6/rtl/fpga_core.v" Line 951: Size mismatch in connection of port <s_axis_tkeep>. Formal port size is 1-bit while actual signal size is 32-bit.
WARNING:HDLCompiler:189 - "/home/ise/VM_ISE/gbe_spartan-6/rtl/fpga_core.v" Line 955: Size mismatch in connection of port <s_axis_tid>. Formal port size is 8-bit while actual signal size is 32-bit.
WARNING:HDLCompiler:189 - "/home/ise/VM_ISE/gbe_spartan-6/rtl/fpga_core.v" Line 956: Size mismatch in connection of port <s_axis_tdest>. Formal port size is 8-bit while actual signal size is 32-bit.
Going to vhdl side to elaborate module uart

Elaborating entity <uart> (architecture <logic>) with generics from library <work>.
Back to verilog to continue elaboration

Elaborating module <mdio_controller>.
WARNING:HDLCompiler:413 - "/home/ise/VM_ISE/gbe_spartan-6/mdio_controller.v" Line 96: Result of 7-bit expression is truncated to fit in 6-bit target.
WARNING:HDLCompiler:413 - "/home/ise/VM_ISE/gbe_spartan-6/mdio_controller.v" Line 152: Result of 6-bit expression is truncated to fit in 5-bit target.
WARNING:HDLCompiler:413 - "/home/ise/VM_ISE/gbe_spartan-6/mdio_controller.v" Line 159: Result of 6-bit expression is truncated to fit in 5-bit target.
WARNING:HDLCompiler:413 - "/home/ise/VM_ISE/gbe_spartan-6/mdio_controller.v" Line 165: Result of 6-bit expression is truncated to fit in 5-bit target.
WARNING:HDLCompiler:413 - "/home/ise/VM_ISE/gbe_spartan-6/mdio_controller.v" Line 171: Result of 6-bit expression is truncated to fit in 5-bit target.
WARNING:HDLCompiler:413 - "/home/ise/VM_ISE/gbe_spartan-6/mdio_controller.v" Line 177: Result of 6-bit expression is truncated to fit in 5-bit target.
WARNING:HDLCompiler:413 - "/home/ise/VM_ISE/gbe_spartan-6/mdio_controller.v" Line 183: Result of 6-bit expression is truncated to fit in 5-bit target.
WARNING:HDLCompiler:413 - "/home/ise/VM_ISE/gbe_spartan-6/mdio_controller.v" Line 195: Result of 6-bit expression is truncated to fit in 5-bit target.
WARNING:HDLCompiler:413 - "/home/ise/VM_ISE/gbe_spartan-6/rtl/fpga_core.v" Line 1327: Result of 32-bit expression is truncated to fit in 7-bit target.
WARNING:HDLCompiler:552 - "/home/ise/VM_ISE/gbe_spartan-6/rtl/fpga_core.v" Line 565: Input port tx_axis_tkeep[0] is not connected on this instance
WARNING:HDLCompiler:552 - "/home/ise/VM_ISE/gbe_spartan-6/rtl/fpga_core.v" Line 752: Input port s_axis_tkeep[0] is not connected on this instance
WARNING:HDLCompiler:552 - "/home/ise/VM_ISE/gbe_spartan-6/rtl/fpga_core.v" Line 779: Input port s_eth_payload_axis_tkeep[0] is not connected on this instance
WARNING:HDLCompiler:552 - "/home/ise/VM_ISE/gbe_spartan-6/rtl/fpga_core.v" Line 945: Input port pause_req is not connected on this instance
WARNING:Xst:2972 - "/home/ise/VM_ISE/gbe_spartan-6/lib/eth/lib/axis/rtl/arbiter.v" line 91. All outputs of instance <priority_encoder_masked> of block <priority_encoder> are unconnected in block <arbiter>. Underlying logic will be removed.

=========================================================================
*                           HDL Synthesis                               *
=========================================================================

Synthesizing Unit <fpga>.
    Related source file is "/home/ise/VM_ISE/gbe_spartan-6/rtl/fpga.v".
WARNING:Xst:647 - Input <rst> is never used. This port will be preserved and left unconnected if it belongs to a top-level block or it belongs to a sub-block and the hierarchy of this sub-block is preserved.
    Summary:
	no macro.
Unit <fpga> synthesized.

Synthesizing Unit <PLL>.
    Related source file is "/home/ise/VM_ISE/gbe_spartan-6/ipcore_dir/PLL.v".
    Summary:
	no macro.
Unit <PLL> synthesized.

Synthesizing Unit <sync_reset>.
    Related source file is "/home/ise/VM_ISE/gbe_spartan-6/lib/eth/lib/axis/rtl/sync_reset.v".
        N = 4
WARNING:Xst:37 - Detected unknown constraint/property "srl_style". This constraint/property is not supported by the current software release and will be ignored.
    Found 4-bit register for signal <sync_reg>.
    Summary:
	inferred   4 D-type flip-flop(s).
Unit <sync_reset> synthesized.

Synthesizing Unit <debounce_switch>.
    Related source file is "/home/ise/VM_ISE/gbe_spartan-6/rtl/debounce_switch.v".
        WIDTH = 10
        N = 4
        RATE = 125000
    Found 40-bit register for signal <n0081[39:0]>.
    Found 24-bit register for signal <cnt_reg>.
    Found 1-bit register for signal <state<9>>.
    Found 1-bit register for signal <state<8>>.
    Found 1-bit register for signal <state<7>>.
    Found 1-bit register for signal <state<6>>.
    Found 1-bit register for signal <state<5>>.
    Found 1-bit register for signal <state<4>>.
    Found 1-bit register for signal <state<3>>.
    Found 1-bit register for signal <state<2>>.
    Found 1-bit register for signal <state<1>>.
    Found 1-bit register for signal <state<0>>.
    Found 24-bit adder for signal <cnt_reg[23]_GND_8_o_add_2_OUT> created at line 68.
    Found 24-bit comparator greater for signal <cnt_reg[23]_GND_8_o_LessThan_2_o> created at line 67
    Summary:
	inferred   1 Adder/Subtractor(s).
	inferred  74 D-type flip-flop(s).
	inferred   1 Comparator(s).
	inferred   1 Multiplexer(s).
Unit <debounce_switch> synthesized.

Synthesizing Unit <fpga_core>.
    Related source file is "/home/ise/VM_ISE/gbe_spartan-6/rtl/fpga_core.v".
        TARGET = "XILINX"
WARNING:Xst:2898 - Port 'tx_axis_tkeep', unconnected in block instance 'eth_mac_inst', is tied to GND.
WARNING:Xst:2898 - Port 's_axis_tkeep', unconnected in block instance 'eth_axis_rx_inst', is tied to GND.
WARNING:Xst:2898 - Port 's_eth_payload_axis_tkeep', unconnected in block instance 'eth_axis_tx_inst', is tied to GND.
WARNING:Xst:2898 - Port 'pause_req', unconnected in block instance 'udp_payload_fifo', is tied to GND.
WARNING:Xst:647 - Input <V3_3> is never used. This port will be preserved and left unconnected if it belongs to a top-level block or it belongs to a sub-block and the hierarchy of this sub-block is preserved.
INFO:Xst:3210 - "/home/ise/VM_ISE/gbe_spartan-6/rtl/fpga_core.v" line 565: Output port <rx_axis_tkeep> of the instance <eth_mac_inst> is unconnected or connected to loadless signal.
INFO:Xst:3210 - "/home/ise/VM_ISE/gbe_spartan-6/rtl/fpga_core.v" line 565: Output port <tx_error_underflow> of the instance <eth_mac_inst> is unconnected or connected to loadless signal.
INFO:Xst:3210 - "/home/ise/VM_ISE/gbe_spartan-6/rtl/fpga_core.v" line 752: Output port <m_eth_payload_axis_tkeep> of the instance <eth_axis_rx_inst> is unconnected or connected to loadless signal.
INFO:Xst:3210 - "/home/ise/VM_ISE/gbe_spartan-6/rtl/fpga_core.v" line 752: Output port <busy> of the instance <eth_axis_rx_inst> is unconnected or connected to loadless signal.
INFO:Xst:3210 - "/home/ise/VM_ISE/gbe_spartan-6/rtl/fpga_core.v" line 779: Output port <m_axis_tkeep> of the instance <eth_axis_tx_inst> is unconnected or connected to loadless signal.
INFO:Xst:3210 - "/home/ise/VM_ISE/gbe_spartan-6/rtl/fpga_core.v" line 779: Output port <busy> of the instance <eth_axis_tx_inst> is unconnected or connected to loadless signal.
INFO:Xst:3210 - "/home/ise/VM_ISE/gbe_spartan-6/rtl/fpga_core.v" line 804: Output port <m_ip_eth_dest_mac> of the instance <udp_complete_inst> is unconnected or connected to loadless signal.
INFO:Xst:3210 - "/home/ise/VM_ISE/gbe_spartan-6/rtl/fpga_core.v" line 804: Output port <m_ip_eth_src_mac> of the instance <udp_complete_inst> is unconnected or connected to loadless signal.
INFO:Xst:3210 - "/home/ise/VM_ISE/gbe_spartan-6/rtl/fpga_core.v" line 804: Output port <m_ip_eth_type> of the instance <udp_complete_inst> is unconnected or connected to loadless signal.
INFO:Xst:3210 - "/home/ise/VM_ISE/gbe_spartan-6/rtl/fpga_core.v" line 804: Output port <m_ip_version> of the instance <udp_complete_inst> is unconnected or connected to loadless signal.
INFO:Xst:3210 - "/home/ise/VM_ISE/gbe_spartan-6/rtl/fpga_core.v" line 804: Output port <m_ip_ihl> of the instance <udp_complete_inst> is unconnected or connected to loadless signal.
INFO:Xst:3210 - "/home/ise/VM_ISE/gbe_spartan-6/rtl/fpga_core.v" line 804: Output port <m_ip_dscp> of the instance <udp_complete_inst> is unconnected or connected to loadless signal.
INFO:Xst:3210 - "/home/ise/VM_ISE/gbe_spartan-6/rtl/fpga_core.v" line 804: Output port <m_ip_ecn> of the instance <udp_complete_inst> is unconnected or connected to loadless signal.
INFO:Xst:3210 - "/home/ise/VM_ISE/gbe_spartan-6/rtl/fpga_core.v" line 804: Output port <m_ip_length> of the instance <udp_complete_inst> is unconnected or connected to loadless signal.
INFO:Xst:3210 - "/home/ise/VM_ISE/gbe_spartan-6/rtl/fpga_core.v" line 804: Output port <m_ip_identification> of the instance <udp_complete_inst> is unconnected or connected to loadless signal.
INFO:Xst:3210 - "/home/ise/VM_ISE/gbe_spartan-6/rtl/fpga_core.v" line 804: Output port <m_ip_flags> of the instance <udp_complete_inst> is unconnected or connected to loadless signal.
INFO:Xst:3210 - "/home/ise/VM_ISE/gbe_spartan-6/rtl/fpga_core.v" line 804: Output port <m_ip_fragment_offset> of the instance <udp_complete_inst> is unconnected or connected to loadless signal.
INFO:Xst:3210 - "/home/ise/VM_ISE/gbe_spartan-6/rtl/fpga_core.v" line 804: Output port <m_ip_ttl> of the instance <udp_complete_inst> is unconnected or connected to loadless signal.
INFO:Xst:3210 - "/home/ise/VM_ISE/gbe_spartan-6/rtl/fpga_core.v" line 804: Output port <m_ip_protocol> of the instance <udp_complete_inst> is unconnected or connected to loadless signal.
INFO:Xst:3210 - "/home/ise/VM_ISE/gbe_spartan-6/rtl/fpga_core.v" line 804: Output port <m_ip_header_checksum> of the instance <udp_complete_inst> is unconnected or connected to loadless signal.
INFO:Xst:3210 - "/home/ise/VM_ISE/gbe_spartan-6/rtl/fpga_core.v" line 804: Output port <m_ip_source_ip> of the instance <udp_complete_inst> is unconnected or connected to loadless signal.
INFO:Xst:3210 - "/home/ise/VM_ISE/gbe_spartan-6/rtl/fpga_core.v" line 804: Output port <m_ip_dest_ip> of the instance <udp_complete_inst> is unconnected or connected to loadless signal.
INFO:Xst:3210 - "/home/ise/VM_ISE/gbe_spartan-6/rtl/fpga_core.v" line 804: Output port <m_ip_payload_axis_tdata> of the instance <udp_complete_inst> is unconnected or connected to loadless signal.
INFO:Xst:3210 - "/home/ise/VM_ISE/gbe_spartan-6/rtl/fpga_core.v" line 804: Output port <m_udp_eth_dest_mac> of the instance <udp_complete_inst> is unconnected or connected to loadless signal.
INFO:Xst:3210 - "/home/ise/VM_ISE/gbe_spartan-6/rtl/fpga_core.v" line 804: Output port <m_udp_eth_src_mac> of the instance <udp_complete_inst> is unconnected or connected to loadless signal.
INFO:Xst:3210 - "/home/ise/VM_ISE/gbe_spartan-6/rtl/fpga_core.v" line 804: Output port <m_udp_eth_type> of the instance <udp_complete_inst> is unconnected or connected to loadless signal.
INFO:Xst:3210 - "/home/ise/VM_ISE/gbe_spartan-6/rtl/fpga_core.v" line 804: Output port <m_udp_ip_version> of the instance <udp_complete_inst> is unconnected or connected to loadless signal.
INFO:Xst:3210 - "/home/ise/VM_ISE/gbe_spartan-6/rtl/fpga_core.v" line 804: Output port <m_udp_ip_ihl> of the instance <udp_complete_inst> is unconnected or connected to loadless signal.
INFO:Xst:3210 - "/home/ise/VM_ISE/gbe_spartan-6/rtl/fpga_core.v" line 804: Output port <m_udp_ip_dscp> of the instance <udp_complete_inst> is unconnected or connected to loadless signal.
INFO:Xst:3210 - "/home/ise/VM_ISE/gbe_spartan-6/rtl/fpga_core.v" line 804: Output port <m_udp_ip_ecn> of the instance <udp_complete_inst> is unconnected or connected to loadless signal.
INFO:Xst:3210 - "/home/ise/VM_ISE/gbe_spartan-6/rtl/fpga_core.v" line 804: Output port <m_udp_ip_length> of the instance <udp_complete_inst> is unconnected or connected to loadless signal.
INFO:Xst:3210 - "/home/ise/VM_ISE/gbe_spartan-6/rtl/fpga_core.v" line 804: Output port <m_udp_ip_identification> of the instance <udp_complete_inst> is unconnected or connected to loadless signal.
INFO:Xst:3210 - "/home/ise/VM_ISE/gbe_spartan-6/rtl/fpga_core.v" line 804: Output port <m_udp_ip_flags> of the instance <udp_complete_inst> is unconnected or connected to loadless signal.
INFO:Xst:3210 - "/home/ise/VM_ISE/gbe_spartan-6/rtl/fpga_core.v" line 804: Output port <m_udp_ip_fragment_offset> of the instance <udp_complete_inst> is unconnected or connected to loadless signal.
INFO:Xst:3210 - "/home/ise/VM_ISE/gbe_spartan-6/rtl/fpga_core.v" line 804: Output port <m_udp_ip_ttl> of the instance <udp_complete_inst> is unconnected or connected to loadless signal.
INFO:Xst:3210 - "/home/ise/VM_ISE/gbe_spartan-6/rtl/fpga_core.v" line 804: Output port <m_udp_ip_protocol> of the instance <udp_complete_inst> is unconnected or connected to loadless signal.
INFO:Xst:3210 - "/home/ise/VM_ISE/gbe_spartan-6/rtl/fpga_core.v" line 804: Output port <m_udp_ip_header_checksum> of the instance <udp_complete_inst> is unconnected or connected to loadless signal.
INFO:Xst:3210 - "/home/ise/VM_ISE/gbe_spartan-6/rtl/fpga_core.v" line 804: Output port <m_udp_ip_dest_ip> of the instance <udp_complete_inst> is unconnected or connected to loadless signal.
INFO:Xst:3210 - "/home/ise/VM_ISE/gbe_spartan-6/rtl/fpga_core.v" line 804: Output port <m_udp_checksum> of the instance <udp_complete_inst> is unconnected or connected to loadless signal.
INFO:Xst:3210 - "/home/ise/VM_ISE/gbe_spartan-6/rtl/fpga_core.v" line 804: Output port <s_ip_hdr_ready> of the instance <udp_complete_inst> is unconnected or connected to loadless signal.
INFO:Xst:3210 - "/home/ise/VM_ISE/gbe_spartan-6/rtl/fpga_core.v" line 804: Output port <s_ip_payload_axis_tready> of the instance <udp_complete_inst> is unconnected or connected to loadless signal.
INFO:Xst:3210 - "/home/ise/VM_ISE/gbe_spartan-6/rtl/fpga_core.v" line 804: Output port <m_ip_hdr_valid> of the instance <udp_complete_inst> is unconnected or connected to loadless signal.
INFO:Xst:3210 - "/home/ise/VM_ISE/gbe_spartan-6/rtl/fpga_core.v" line 804: Output port <m_ip_payload_axis_tvalid> of the instance <udp_complete_inst> is unconnected or connected to loadless signal.
INFO:Xst:3210 - "/home/ise/VM_ISE/gbe_spartan-6/rtl/fpga_core.v" line 804: Output port <m_ip_payload_axis_tlast> of the instance <udp_complete_inst> is unconnected or connected to loadless signal.
INFO:Xst:3210 - "/home/ise/VM_ISE/gbe_spartan-6/rtl/fpga_core.v" line 804: Output port <m_ip_payload_axis_tuser> of the instance <udp_complete_inst> is unconnected or connected to loadless signal.
INFO:Xst:3210 - "/home/ise/VM_ISE/gbe_spartan-6/rtl/fpga_core.v" line 804: Output port <ip_rx_busy> of the instance <udp_complete_inst> is unconnected or connected to loadless signal.
INFO:Xst:3210 - "/home/ise/VM_ISE/gbe_spartan-6/rtl/fpga_core.v" line 804: Output port <ip_tx_busy> of the instance <udp_complete_inst> is unconnected or connected to loadless signal.
INFO:Xst:3210 - "/home/ise/VM_ISE/gbe_spartan-6/rtl/fpga_core.v" line 804: Output port <udp_rx_busy> of the instance <udp_complete_inst> is unconnected or connected to loadless signal.
INFO:Xst:3210 - "/home/ise/VM_ISE/gbe_spartan-6/rtl/fpga_core.v" line 804: Output port <udp_tx_busy> of the instance <udp_complete_inst> is unconnected or connected to loadless signal.
INFO:Xst:3210 - "/home/ise/VM_ISE/gbe_spartan-6/rtl/fpga_core.v" line 945: Output port <m_axis_tkeep> of the instance <udp_payload_fifo> is unconnected or connected to loadless signal.
INFO:Xst:3210 - "/home/ise/VM_ISE/gbe_spartan-6/rtl/fpga_core.v" line 945: Output port <m_axis_tid> of the instance <udp_payload_fifo> is unconnected or connected to loadless signal.
INFO:Xst:3210 - "/home/ise/VM_ISE/gbe_spartan-6/rtl/fpga_core.v" line 945: Output port <m_axis_tdest> of the instance <udp_payload_fifo> is unconnected or connected to loadless signal.
INFO:Xst:3210 - "/home/ise/VM_ISE/gbe_spartan-6/rtl/fpga_core.v" line 945: Output port <status_depth> of the instance <udp_payload_fifo> is unconnected or connected to loadless signal.
INFO:Xst:3210 - "/home/ise/VM_ISE/gbe_spartan-6/rtl/fpga_core.v" line 945: Output port <status_depth_commit> of the instance <udp_payload_fifo> is unconnected or connected to loadless signal.
INFO:Xst:3210 - "/home/ise/VM_ISE/gbe_spartan-6/rtl/fpga_core.v" line 945: Output port <pause_ack> of the instance <udp_payload_fifo> is unconnected or connected to loadless signal.
INFO:Xst:3210 - "/home/ise/VM_ISE/gbe_spartan-6/rtl/fpga_core.v" line 945: Output port <status_overflow> of the instance <udp_payload_fifo> is unconnected or connected to loadless signal.
INFO:Xst:3210 - "/home/ise/VM_ISE/gbe_spartan-6/rtl/fpga_core.v" line 945: Output port <status_bad_frame> of the instance <udp_payload_fifo> is unconnected or connected to loadless signal.
INFO:Xst:3210 - "/home/ise/VM_ISE/gbe_spartan-6/rtl/fpga_core.v" line 945: Output port <status_good_frame> of the instance <udp_payload_fifo> is unconnected or connected to loadless signal.
INFO:Xst:3210 - "/home/ise/VM_ISE/gbe_spartan-6/rtl/fpga_core.v" line 991: Output port <rx_error> of the instance <uart_inst> is unconnected or connected to loadless signal.
    Found 8-bit register for signal <random_data>.
    Found 3-bit register for signal <state>.
    Found 8-bit register for signal <tx_fifo_axis_tdata>.
    Found 16-bit register for signal <tx_fifo_axis_tdata_reg>.
    Found 1-bit register for signal <word_flag>.
    Found 1-bit register for signal <tx_fifo_axis_tvalid>.
    Found 16-bit register for signal <cont_reg>.
    Found 1-bit register for signal <tx_fifo_axis_tlast>.
    Found 32-bit register for signal <pkt_n_reg>.
    Found 1-bit register for signal <ocupado>.
    Found 1-bit register for signal <send_regs>.
    Found 16-bit register for signal <udp_bit_regs>.
    Found 1-bit register for signal <send_mdio>.
    Found 1-bit register for signal <match_cond_reg_control>.
    Found 1-bit register for signal <no_match_reg_control>.
    Found 1-bit register for signal <match_cond_reg>.
    Found 1-bit register for signal <no_match_reg>.
    Found 32-bit register for signal <tx_fifo_overflow_reg>.
    Found 32-bit register for signal <tx_fifo_bad_frame_reg>.
    Found 40-bit register for signal <tx_fifo_good_frame_reg>.
    Found 32-bit register for signal <rx_error_bad_frame_reg>.
    Found 32-bit register for signal <rx_error_bad_fcs_reg>.
    Found 32-bit register for signal <rx_fifo_overflow_reg>.
    Found 32-bit register for signal <rx_fifo_bad_frame_reg>.
    Found 40-bit register for signal <rx_fifo_good_frame_reg>.
    Found 32-bit register for signal <eth_rx_error_header_early_termination_reg>.
    Found 32-bit register for signal <ip_rx_error_header_early_termination_reg>.
    Found 32-bit register for signal <ip_rx_error_payload_early_termination_reg>.
    Found 32-bit register for signal <ip_rx_error_invalid_header_reg>.
    Found 32-bit register for signal <ip_rx_error_invalid_checksum_reg>.
    Found 32-bit register for signal <ip_tx_error_payload_early_termination_reg>.
    Found 32-bit register for signal <ip_tx_error_arp_failed_reg>.
    Found 32-bit register for signal <udp_rx_error_header_early_termination_reg>.
    Found 32-bit register for signal <udp_rx_error_payload_early_termination_reg>.
    Found 32-bit register for signal <udp_tx_error_payload_early_termination_reg>.
    Found 1-bit register for signal <rx_valid>.
    Found 2-bit register for signal <state_uart>.
    Found 8-bit register for signal <rx_data_s_reg>.
    Found 64-bit register for signal <rx_uart_buff>.
    Found 4-bit register for signal <nbyte_buff>.
    Found 64-bit register for signal <rx_udp_buff>.
    Found 1-bit register for signal <rx_udp_cmd>.
    Found 1-bit register for signal <flood>.
    Found 1-bit register for signal <rx_loopb>.
    Found 1-bit register for signal <rx_trigger>.
    Found 1-bit register for signal <rx_random>.
    Found 1-bit register for signal <rx_constante>.
    Found 1-bit register for signal <mdio_op>.
    Found 5-bit register for signal <mdio_phy>.
    Found 5-bit register for signal <mdio_reg>.
    Found 16-bit register for signal <mdio_wdata>.
    Found 1-bit register for signal <mdio_start>.
    Found 16-bit register for signal <n_bytes>.
    Found 32-bit register for signal <pkt_n>.
    Found 32-bit register for signal <gateway_ip>.
    Found 32-bit register for signal <local_ip>.
    Found 32-bit register for signal <tx_udp_ip_dest_ip_reg>.
    Found 32-bit register for signal <subnet_mask>.
    Found 16-bit register for signal <tx_udp_source_port_reg>.
    Found 16-bit register for signal <tx_udp_dest_port_reg>.
    Found 1-bit register for signal <trigger_send>.
    Found 16-bit register for signal <mdio_rdata_reg>.
    Found 1-bit register for signal <mdio_read_ready>.
    Found 1-bit register for signal <tx_ena>.
    Found 8-bit register for signal <tx_data>.
    Found 3-bit register for signal <state_uart_tx>.
    Found 7-bit register for signal <tx_byte_count>.
    Found 920-bit register for signal <full_registro>.
    Found 1-bit register for signal <full_reg_flag>.
    Found 8-bit register for signal <lfsr>.
    Found finite state machine <FSM_1> for signal <state_uart>.
    -----------------------------------------------------------------------
    | States             | 3                                              |
    | Transitions        | 5                                              |
    | Inputs             | 1                                              |
    | Outputs            | 2                                              |
    | Clock              | clk (rising_edge)                              |
    | Reset              | rst (positive)                                 |
    | Reset type         | synchronous                                    |
    | Reset State        | 00                                             |
    | Power Up State     | 00                                             |
    | Encoding           | auto                                           |
    | Implementation     | LUT                                            |
    -----------------------------------------------------------------------
    Found finite state machine <FSM_2> for signal <state_uart_tx>.
    -----------------------------------------------------------------------
    | States             | 7                                              |
    | Transitions        | 14                                             |
    | Inputs             | 4                                              |
    | Outputs            | 4                                              |
    | Clock              | clk (rising_edge)                              |
    | Reset              | rst (positive)                                 |
    | Reset type         | synchronous                                    |
    | Reset State        | 000                                            |
    | Power Up State     | 000                                            |
    | Encoding           | auto                                           |
    | Implementation     | LUT                                            |
    -----------------------------------------------------------------------
    Found finite state machine <FSM_0> for signal <state>.
    -----------------------------------------------------------------------
    | States             | 4                                              |
    | Transitions        | 13                                             |
    | Inputs             | 8                                              |
    | Outputs            | 7                                              |
    | Clock              | clk (rising_edge)                              |
    | Reset              | rst (positive)                                 |
    | Reset type         | synchronous                                    |
    | Reset State        | 000                                            |
    | Encoding           | auto                                           |
    | Implementation     | LUT                                            |
    -----------------------------------------------------------------------
    Found 17-bit subtractor for signal <GND_10_o_GND_10_o_sub_46_OUT> created at line 359.
    Found 16-bit adder for signal <cont_reg[15]_GND_10_o_add_44_OUT> created at line 358.
    Found 32-bit adder for signal <pkt_n_reg[31]_GND_10_o_add_48_OUT> created at line 366.
    Found 16-bit adder for signal <udp_bit_regs[15]_GND_10_o_add_63_OUT> created at line 390.
    Found 16-bit adder for signal <tx_fifo_axis_tdata_reg[15]_GND_10_o_add_93_OUT> created at line 454.
    Found 17-bit adder for signal <n1230[16:0]> created at line 530.
    Found 32-bit adder for signal <tx_fifo_overflow_reg[31]_GND_10_o_add_159_OUT> created at line 678.
    Found 32-bit adder for signal <tx_fifo_bad_frame_reg[31]_GND_10_o_add_161_OUT> created at line 682.
    Found 40-bit adder for signal <tx_fifo_good_frame_reg[39]_GND_10_o_add_163_OUT> created at line 686.
    Found 32-bit adder for signal <rx_error_bad_frame_reg[31]_GND_10_o_add_165_OUT> created at line 690.
    Found 32-bit adder for signal <rx_error_bad_fcs_reg[31]_GND_10_o_add_167_OUT> created at line 694.
    Found 32-bit adder for signal <rx_fifo_overflow_reg[31]_GND_10_o_add_169_OUT> created at line 698.
    Found 32-bit adder for signal <rx_fifo_bad_frame_reg[31]_GND_10_o_add_171_OUT> created at line 702.
    Found 40-bit adder for signal <rx_fifo_good_frame_reg[39]_GND_10_o_add_173_OUT> created at line 706.
    Found 32-bit adder for signal <eth_rx_error_header_early_termination_reg[31]_GND_10_o_add_175_OUT> created at line 710.
    Found 32-bit adder for signal <ip_rx_error_header_early_termination_reg[31]_GND_10_o_add_177_OUT> created at line 713.
    Found 32-bit adder for signal <ip_rx_error_payload_early_termination_reg[31]_GND_10_o_add_179_OUT> created at line 717.
    Found 32-bit adder for signal <ip_rx_error_invalid_header_reg[31]_GND_10_o_add_181_OUT> created at line 721.
    Found 32-bit adder for signal <ip_rx_error_invalid_checksum_reg[31]_GND_10_o_add_183_OUT> created at line 725.
    Found 32-bit adder for signal <ip_tx_error_payload_early_termination_reg[31]_GND_10_o_add_185_OUT> created at line 729.
    Found 32-bit adder for signal <ip_tx_error_arp_failed_reg[31]_GND_10_o_add_187_OUT> created at line 733.
    Found 32-bit adder for signal <udp_rx_error_header_early_termination_reg[31]_GND_10_o_add_189_OUT> created at line 737.
    Found 32-bit adder for signal <udp_rx_error_payload_early_termination_reg[31]_GND_10_o_add_191_OUT> created at line 741.
    Found 32-bit adder for signal <udp_tx_error_payload_early_termination_reg[31]_GND_10_o_add_193_OUT> created at line 745.
    Found 4-bit adder for signal <nbyte_buff[3]_GND_10_o_add_246_OUT> created at line 1050.
    Found 10-bit subtractor for signal <GND_10_o_GND_10_o_sub_62_OUT<9:0>> created at line 389.
    Found 10-bit subtractor for signal <GND_10_o_GND_10_o_sub_503_OUT<9:0>> created at line 1316.
    Found 7-bit subtractor for signal <GND_10_o_GND_10_o_sub_507_OUT<6:0>> created at line 1327.
    Found 1839-bit shifter logical right for signal <n0865> created at line 389
    Found 1839-bit shifter logical right for signal <n1170> created at line 1316
    Found 32-bit comparator equal for signal <GND_10_o_GND_10_o_equal_47_o> created at line 359
    Found 32-bit comparator lessequal for signal <n0082> created at line 430
    Found 7-bit comparator greater for signal <GND_10_o_tx_byte_count[6]_LessThan_508_o> created at line 1330
    Summary:
	inferred  28 Adder/Subtractor(s).
	inferred 2044 D-type flip-flop(s).
	inferred   3 Comparator(s).
	inferred  67 Multiplexer(s).
	inferred   2 Combinational logic shifter(s).
	inferred   3 Finite State Machine(s).
Unit <fpga_core> synthesized.

Synthesizing Unit <eth_mac_1g_rgmii_fifo>.
    Related source file is "/home/ise/VM_ISE/gbe_spartan-6/lib/eth/rtl/eth_mac_1g_rgmii_fifo.v".
        TARGET = "XILINX"
        IODDR_STYLE = "IODDR2"
        CLOCK_INPUT_STYLE = "BUFG"
        USE_CLK90 = "TRUE"
        AXIS_DATA_WIDTH = 8
        AXIS_KEEP_ENABLE = 1'b0
        AXIS_KEEP_WIDTH = 1
        ENABLE_PADDING = 1
        MIN_FRAME_LENGTH = 64
        TX_FIFO_DEPTH = 2048
        TX_FIFO_RAM_PIPELINE = 1
        TX_FRAME_FIFO = 1
        TX_DROP_OVERSIZE_FRAME = 1
        TX_DROP_BAD_FRAME = 1
        TX_DROP_WHEN_FULL = 0
        RX_FIFO_DEPTH = 2048
        RX_FIFO_RAM_PIPELINE = 1
        RX_FRAME_FIFO = 1
        RX_DROP_OVERSIZE_FRAME = 1
        RX_DROP_BAD_FRAME = 1
        RX_DROP_WHEN_FULL = 1
WARNING:Xst:2898 - Port 's_pause_req', unconnected in block instance 'tx_fifo', is tied to GND.
WARNING:Xst:2898 - Port 'm_pause_req', unconnected in block instance 'tx_fifo', is tied to GND.
WARNING:Xst:2898 - Port 's_pause_req', unconnected in block instance 'rx_fifo', is tied to GND.
WARNING:Xst:2898 - Port 'm_pause_req', unconnected in block instance 'rx_fifo', is tied to GND.
INFO:Xst:3210 - "/home/ise/VM_ISE/gbe_spartan-6/lib/eth/rtl/eth_mac_1g_rgmii_fifo.v" line 273: Output port <m_axis_tkeep> of the instance <tx_fifo> is unconnected or connected to loadless signal.
INFO:Xst:3210 - "/home/ise/VM_ISE/gbe_spartan-6/lib/eth/rtl/eth_mac_1g_rgmii_fifo.v" line 273: Output port <m_axis_tid> of the instance <tx_fifo> is unconnected or connected to loadless signal.
INFO:Xst:3210 - "/home/ise/VM_ISE/gbe_spartan-6/lib/eth/rtl/eth_mac_1g_rgmii_fifo.v" line 273: Output port <m_axis_tdest> of the instance <tx_fifo> is unconnected or connected to loadless signal.
INFO:Xst:3210 - "/home/ise/VM_ISE/gbe_spartan-6/lib/eth/rtl/eth_mac_1g_rgmii_fifo.v" line 273: Output port <s_status_depth> of the instance <tx_fifo> is unconnected or connected to loadless signal.
INFO:Xst:3210 - "/home/ise/VM_ISE/gbe_spartan-6/lib/eth/rtl/eth_mac_1g_rgmii_fifo.v" line 273: Output port <s_status_depth_commit> of the instance <tx_fifo> is unconnected or connected to loadless signal.
INFO:Xst:3210 - "/home/ise/VM_ISE/gbe_spartan-6/lib/eth/rtl/eth_mac_1g_rgmii_fifo.v" line 273: Output port <m_status_depth> of the instance <tx_fifo> is unconnected or connected to loadless signal.
INFO:Xst:3210 - "/home/ise/VM_ISE/gbe_spartan-6/lib/eth/rtl/eth_mac_1g_rgmii_fifo.v" line 273: Output port <m_status_depth_commit> of the instance <tx_fifo> is unconnected or connected to loadless signal.
INFO:Xst:3210 - "/home/ise/VM_ISE/gbe_spartan-6/lib/eth/rtl/eth_mac_1g_rgmii_fifo.v" line 273: Output port <s_pause_ack> of the instance <tx_fifo> is unconnected or connected to loadless signal.
INFO:Xst:3210 - "/home/ise/VM_ISE/gbe_spartan-6/lib/eth/rtl/eth_mac_1g_rgmii_fifo.v" line 273: Output port <m_pause_ack> of the instance <tx_fifo> is unconnected or connected to loadless signal.
INFO:Xst:3210 - "/home/ise/VM_ISE/gbe_spartan-6/lib/eth/rtl/eth_mac_1g_rgmii_fifo.v" line 273: Output port <m_status_overflow> of the instance <tx_fifo> is unconnected or connected to loadless signal.
INFO:Xst:3210 - "/home/ise/VM_ISE/gbe_spartan-6/lib/eth/rtl/eth_mac_1g_rgmii_fifo.v" line 273: Output port <m_status_bad_frame> of the instance <tx_fifo> is unconnected or connected to loadless signal.
INFO:Xst:3210 - "/home/ise/VM_ISE/gbe_spartan-6/lib/eth/rtl/eth_mac_1g_rgmii_fifo.v" line 273: Output port <m_status_good_frame> of the instance <tx_fifo> is unconnected or connected to loadless signal.
INFO:Xst:3210 - "/home/ise/VM_ISE/gbe_spartan-6/lib/eth/rtl/eth_mac_1g_rgmii_fifo.v" line 324: Output port <m_axis_tid> of the instance <rx_fifo> is unconnected or connected to loadless signal.
INFO:Xst:3210 - "/home/ise/VM_ISE/gbe_spartan-6/lib/eth/rtl/eth_mac_1g_rgmii_fifo.v" line 324: Output port <m_axis_tdest> of the instance <rx_fifo> is unconnected or connected to loadless signal.
INFO:Xst:3210 - "/home/ise/VM_ISE/gbe_spartan-6/lib/eth/rtl/eth_mac_1g_rgmii_fifo.v" line 324: Output port <s_status_depth> of the instance <rx_fifo> is unconnected or connected to loadless signal.
INFO:Xst:3210 - "/home/ise/VM_ISE/gbe_spartan-6/lib/eth/rtl/eth_mac_1g_rgmii_fifo.v" line 324: Output port <s_status_depth_commit> of the instance <rx_fifo> is unconnected or connected to loadless signal.
INFO:Xst:3210 - "/home/ise/VM_ISE/gbe_spartan-6/lib/eth/rtl/eth_mac_1g_rgmii_fifo.v" line 324: Output port <m_status_depth> of the instance <rx_fifo> is unconnected or connected to loadless signal.
INFO:Xst:3210 - "/home/ise/VM_ISE/gbe_spartan-6/lib/eth/rtl/eth_mac_1g_rgmii_fifo.v" line 324: Output port <m_status_depth_commit> of the instance <rx_fifo> is unconnected or connected to loadless signal.
INFO:Xst:3210 - "/home/ise/VM_ISE/gbe_spartan-6/lib/eth/rtl/eth_mac_1g_rgmii_fifo.v" line 324: Output port <s_axis_tready> of the instance <rx_fifo> is unconnected or connected to loadless signal.
INFO:Xst:3210 - "/home/ise/VM_ISE/gbe_spartan-6/lib/eth/rtl/eth_mac_1g_rgmii_fifo.v" line 324: Output port <s_pause_ack> of the instance <rx_fifo> is unconnected or connected to loadless signal.
INFO:Xst:3210 - "/home/ise/VM_ISE/gbe_spartan-6/lib/eth/rtl/eth_mac_1g_rgmii_fifo.v" line 324: Output port <m_pause_ack> of the instance <rx_fifo> is unconnected or connected to loadless signal.
INFO:Xst:3210 - "/home/ise/VM_ISE/gbe_spartan-6/lib/eth/rtl/eth_mac_1g_rgmii_fifo.v" line 324: Output port <s_status_overflow> of the instance <rx_fifo> is unconnected or connected to loadless signal.
INFO:Xst:3210 - "/home/ise/VM_ISE/gbe_spartan-6/lib/eth/rtl/eth_mac_1g_rgmii_fifo.v" line 324: Output port <s_status_bad_frame> of the instance <rx_fifo> is unconnected or connected to loadless signal.
INFO:Xst:3210 - "/home/ise/VM_ISE/gbe_spartan-6/lib/eth/rtl/eth_mac_1g_rgmii_fifo.v" line 324: Output port <s_status_good_frame> of the instance <rx_fifo> is unconnected or connected to loadless signal.
    Found 1-bit register for signal <tx_sync_reg_2>.
    Found 1-bit register for signal <tx_sync_reg_3>.
    Found 1-bit register for signal <tx_sync_reg_4>.
    Found 2-bit register for signal <rx_sync_reg_1>.
    Found 2-bit register for signal <rx_sync_reg_2>.
    Found 2-bit register for signal <rx_sync_reg_3>.
    Found 2-bit register for signal <rx_sync_reg_4>.
    Found 1-bit register for signal <tx_sync_reg_1>.
    Found 2-bit register for signal <speed_sync_reg_1>.
    Found 2-bit register for signal <speed_sync_reg_2>.
    Summary:
	inferred  16 D-type flip-flop(s).
Unit <eth_mac_1g_rgmii_fifo> synthesized.

Synthesizing Unit <eth_mac_1g_rgmii>.
    Related source file is "/home/ise/VM_ISE/gbe_spartan-6/lib/eth/rtl/eth_mac_1g_rgmii.v".
        TARGET = "XILINX"
        IODDR_STYLE = "IODDR2"
        CLOCK_INPUT_STYLE = "BUFG"
        USE_CLK90 = "TRUE"
        ENABLE_PADDING = 1
        MIN_FRAME_LENGTH = 64
WARNING:Xst:37 - Detected unknown constraint/property "srl_style". This constraint/property is not supported by the current software release and will be ignored.
WARNING:Xst:37 - Detected unknown constraint/property "srl_style". This constraint/property is not supported by the current software release and will be ignored.
WARNING:Xst:37 - Detected unknown constraint/property "srl_style". This constraint/property is not supported by the current software release and will be ignored.
WARNING:Xst:2898 - Port 'tx_ptp_ts', unconnected in block instance 'eth_mac_1g_inst', is tied to GND.
WARNING:Xst:2898 - Port 'rx_ptp_ts', unconnected in block instance 'eth_mac_1g_inst', is tied to GND.
WARNING:Xst:2898 - Port 'tx_pfc_req', unconnected in block instance 'eth_mac_1g_inst', is tied to GND.
WARNING:Xst:2898 - Port 'rx_pfc_en', unconnected in block instance 'eth_mac_1g_inst', is tied to GND.
WARNING:Xst:2898 - Port 'rx_pfc_ack', unconnected in block instance 'eth_mac_1g_inst', is tied to GND.
WARNING:Xst:2898 - Port 'cfg_mcf_rx_eth_dst_mcast', unconnected in block instance 'eth_mac_1g_inst', is tied to GND.
WARNING:Xst:2898 - Port 'cfg_mcf_rx_eth_dst_ucast', unconnected in block instance 'eth_mac_1g_inst', is tied to GND.
WARNING:Xst:2898 - Port 'cfg_mcf_rx_eth_src', unconnected in block instance 'eth_mac_1g_inst', is tied to GND.
WARNING:Xst:2898 - Port 'cfg_mcf_rx_eth_type', unconnected in block instance 'eth_mac_1g_inst', is tied to GND.
WARNING:Xst:2898 - Port 'cfg_mcf_rx_opcode_lfc', unconnected in block instance 'eth_mac_1g_inst', is tied to GND.
WARNING:Xst:2898 - Port 'cfg_mcf_rx_opcode_pfc', unconnected in block instance 'eth_mac_1g_inst', is tied to GND.
WARNING:Xst:2898 - Port 'cfg_tx_lfc_eth_dst', unconnected in block instance 'eth_mac_1g_inst', is tied to GND.
WARNING:Xst:2898 - Port 'cfg_tx_lfc_eth_src', unconnected in block instance 'eth_mac_1g_inst', is tied to GND.
WARNING:Xst:2898 - Port 'cfg_tx_lfc_eth_type', unconnected in block instance 'eth_mac_1g_inst', is tied to GND.
WARNING:Xst:2898 - Port 'cfg_tx_lfc_opcode', unconnected in block instance 'eth_mac_1g_inst', is tied to GND.
WARNING:Xst:2898 - Port 'cfg_tx_lfc_quanta', unconnected in block instance 'eth_mac_1g_inst', is tied to GND.
WARNING:Xst:2898 - Port 'cfg_tx_lfc_refresh', unconnected in block instance 'eth_mac_1g_inst', is tied to GND.
WARNING:Xst:2898 - Port 'cfg_tx_pfc_eth_dst', unconnected in block instance 'eth_mac_1g_inst', is tied to GND.
WARNING:Xst:2898 - Port 'cfg_tx_pfc_eth_src', unconnected in block instance 'eth_mac_1g_inst', is tied to GND.
WARNING:Xst:2898 - Port 'cfg_tx_pfc_eth_type', unconnected in block instance 'eth_mac_1g_inst', is tied to GND.
WARNING:Xst:2898 - Port 'cfg_tx_pfc_opcode', unconnected in block instance 'eth_mac_1g_inst', is tied to GND.
WARNING:Xst:2898 - Port 'cfg_tx_pfc_quanta', unconnected in block instance 'eth_mac_1g_inst', is tied to GND.
WARNING:Xst:2898 - Port 'cfg_tx_pfc_refresh', unconnected in block instance 'eth_mac_1g_inst', is tied to GND.
WARNING:Xst:2898 - Port 'cfg_rx_lfc_opcode', unconnected in block instance 'eth_mac_1g_inst', is tied to GND.
WARNING:Xst:2898 - Port 'cfg_rx_pfc_opcode', unconnected in block instance 'eth_mac_1g_inst', is tied to GND.
WARNING:Xst:2898 - Port 'tx_lfc_req', unconnected in block instance 'eth_mac_1g_inst', is tied to GND.
WARNING:Xst:2898 - Port 'tx_lfc_resend', unconnected in block instance 'eth_mac_1g_inst', is tied to GND.
WARNING:Xst:2898 - Port 'rx_lfc_en', unconnected in block instance 'eth_mac_1g_inst', is tied to GND.
WARNING:Xst:2898 - Port 'rx_lfc_ack', unconnected in block instance 'eth_mac_1g_inst', is tied to GND.
WARNING:Xst:2898 - Port 'tx_pfc_resend', unconnected in block instance 'eth_mac_1g_inst', is tied to GND.
WARNING:Xst:2898 - Port 'tx_lfc_pause_en', unconnected in block instance 'eth_mac_1g_inst', is tied to GND.
WARNING:Xst:2898 - Port 'tx_pause_req', unconnected in block instance 'eth_mac_1g_inst', is tied to GND.
WARNING:Xst:2898 - Port 'cfg_mcf_rx_check_eth_dst_mcast', unconnected in block instance 'eth_mac_1g_inst', is tied to GND.
WARNING:Xst:2898 - Port 'cfg_mcf_rx_check_eth_dst_ucast', unconnected in block instance 'eth_mac_1g_inst', is tied to GND.
WARNING:Xst:2898 - Port 'cfg_mcf_rx_check_eth_src', unconnected in block instance 'eth_mac_1g_inst', is tied to GND.
WARNING:Xst:2898 - Port 'cfg_mcf_rx_check_opcode_lfc', unconnected in block instance 'eth_mac_1g_inst', is tied to GND.
WARNING:Xst:2898 - Port 'cfg_mcf_rx_check_opcode_pfc', unconnected in block instance 'eth_mac_1g_inst', is tied to GND.
WARNING:Xst:2898 - Port 'cfg_mcf_rx_forward', unconnected in block instance 'eth_mac_1g_inst', is tied to GND.
WARNING:Xst:2898 - Port 'cfg_mcf_rx_enable', unconnected in block instance 'eth_mac_1g_inst', is tied to GND.
WARNING:Xst:2898 - Port 'cfg_tx_lfc_en', unconnected in block instance 'eth_mac_1g_inst', is tied to GND.
WARNING:Xst:2898 - Port 'cfg_tx_pfc_en', unconnected in block instance 'eth_mac_1g_inst', is tied to GND.
WARNING:Xst:2898 - Port 'cfg_rx_lfc_en', unconnected in block instance 'eth_mac_1g_inst', is tied to GND.
WARNING:Xst:2898 - Port 'cfg_rx_pfc_en', unconnected in block instance 'eth_mac_1g_inst', is tied to GND.
INFO:Xst:3210 - "/home/ise/VM_ISE/gbe_spartan-6/lib/eth/rtl/eth_mac_1g_rgmii.v" line 222: Output port <tx_axis_ptp_ts> of the instance <eth_mac_1g_inst> is unconnected or connected to loadless signal.
INFO:Xst:3210 - "/home/ise/VM_ISE/gbe_spartan-6/lib/eth/rtl/eth_mac_1g_rgmii.v" line 222: Output port <tx_axis_ptp_ts_tag> of the instance <eth_mac_1g_inst> is unconnected or connected to loadless signal.
INFO:Xst:3210 - "/home/ise/VM_ISE/gbe_spartan-6/lib/eth/rtl/eth_mac_1g_rgmii.v" line 222: Output port <rx_pfc_req> of the instance <eth_mac_1g_inst> is unconnected or connected to loadless signal.
INFO:Xst:3210 - "/home/ise/VM_ISE/gbe_spartan-6/lib/eth/rtl/eth_mac_1g_rgmii.v" line 222: Output port <stat_tx_pfc_xon> of the instance <eth_mac_1g_inst> is unconnected or connected to loadless signal.
INFO:Xst:3210 - "/home/ise/VM_ISE/gbe_spartan-6/lib/eth/rtl/eth_mac_1g_rgmii.v" line 222: Output port <stat_tx_pfc_xoff> of the instance <eth_mac_1g_inst> is unconnected or connected to loadless signal.
INFO:Xst:3210 - "/home/ise/VM_ISE/gbe_spartan-6/lib/eth/rtl/eth_mac_1g_rgmii.v" line 222: Output port <stat_tx_pfc_paused> of the instance <eth_mac_1g_inst> is unconnected or connected to loadless signal.
INFO:Xst:3210 - "/home/ise/VM_ISE/gbe_spartan-6/lib/eth/rtl/eth_mac_1g_rgmii.v" line 222: Output port <stat_rx_pfc_xon> of the instance <eth_mac_1g_inst> is unconnected or connected to loadless signal.
INFO:Xst:3210 - "/home/ise/VM_ISE/gbe_spartan-6/lib/eth/rtl/eth_mac_1g_rgmii.v" line 222: Output port <stat_rx_pfc_xoff> of the instance <eth_mac_1g_inst> is unconnected or connected to loadless signal.
INFO:Xst:3210 - "/home/ise/VM_ISE/gbe_spartan-6/lib/eth/rtl/eth_mac_1g_rgmii.v" line 222: Output port <stat_rx_pfc_paused> of the instance <eth_mac_1g_inst> is unconnected or connected to loadless signal.
INFO:Xst:3210 - "/home/ise/VM_ISE/gbe_spartan-6/lib/eth/rtl/eth_mac_1g_rgmii.v" line 222: Output port <tx_axis_ptp_ts_valid> of the instance <eth_mac_1g_inst> is unconnected or connected to loadless signal.
INFO:Xst:3210 - "/home/ise/VM_ISE/gbe_spartan-6/lib/eth/rtl/eth_mac_1g_rgmii.v" line 222: Output port <rx_lfc_req> of the instance <eth_mac_1g_inst> is unconnected or connected to loadless signal.
INFO:Xst:3210 - "/home/ise/VM_ISE/gbe_spartan-6/lib/eth/rtl/eth_mac_1g_rgmii.v" line 222: Output port <tx_pause_ack> of the instance <eth_mac_1g_inst> is unconnected or connected to loadless signal.
INFO:Xst:3210 - "/home/ise/VM_ISE/gbe_spartan-6/lib/eth/rtl/eth_mac_1g_rgmii.v" line 222: Output port <tx_start_packet> of the instance <eth_mac_1g_inst> is unconnected or connected to loadless signal.
INFO:Xst:3210 - "/home/ise/VM_ISE/gbe_spartan-6/lib/eth/rtl/eth_mac_1g_rgmii.v" line 222: Output port <rx_start_packet> of the instance <eth_mac_1g_inst> is unconnected or connected to loadless signal.
INFO:Xst:3210 - "/home/ise/VM_ISE/gbe_spartan-6/lib/eth/rtl/eth_mac_1g_rgmii.v" line 222: Output port <stat_tx_mcf> of the instance <eth_mac_1g_inst> is unconnected or connected to loadless signal.
INFO:Xst:3210 - "/home/ise/VM_ISE/gbe_spartan-6/lib/eth/rtl/eth_mac_1g_rgmii.v" line 222: Output port <stat_rx_mcf> of the instance <eth_mac_1g_inst> is unconnected or connected to loadless signal.
INFO:Xst:3210 - "/home/ise/VM_ISE/gbe_spartan-6/lib/eth/rtl/eth_mac_1g_rgmii.v" line 222: Output port <stat_tx_lfc_pkt> of the instance <eth_mac_1g_inst> is unconnected or connected to loadless signal.
INFO:Xst:3210 - "/home/ise/VM_ISE/gbe_spartan-6/lib/eth/rtl/eth_mac_1g_rgmii.v" line 222: Output port <stat_tx_lfc_xon> of the instance <eth_mac_1g_inst> is unconnected or connected to loadless signal.
INFO:Xst:3210 - "/home/ise/VM_ISE/gbe_spartan-6/lib/eth/rtl/eth_mac_1g_rgmii.v" line 222: Output port <stat_tx_lfc_xoff> of the instance <eth_mac_1g_inst> is unconnected or connected to loadless signal.
INFO:Xst:3210 - "/home/ise/VM_ISE/gbe_spartan-6/lib/eth/rtl/eth_mac_1g_rgmii.v" line 222: Output port <stat_tx_lfc_paused> of the instance <eth_mac_1g_inst> is unconnected or connected to loadless signal.
INFO:Xst:3210 - "/home/ise/VM_ISE/gbe_spartan-6/lib/eth/rtl/eth_mac_1g_rgmii.v" line 222: Output port <stat_tx_pfc_pkt> of the instance <eth_mac_1g_inst> is unconnected or connected to loadless signal.
INFO:Xst:3210 - "/home/ise/VM_ISE/gbe_spartan-6/lib/eth/rtl/eth_mac_1g_rgmii.v" line 222: Output port <stat_rx_lfc_pkt> of the instance <eth_mac_1g_inst> is unconnected or connected to loadless signal.
INFO:Xst:3210 - "/home/ise/VM_ISE/gbe_spartan-6/lib/eth/rtl/eth_mac_1g_rgmii.v" line 222: Output port <stat_rx_lfc_xon> of the instance <eth_mac_1g_inst> is unconnected or connected to loadless signal.
INFO:Xst:3210 - "/home/ise/VM_ISE/gbe_spartan-6/lib/eth/rtl/eth_mac_1g_rgmii.v" line 222: Output port <stat_rx_lfc_xoff> of the instance <eth_mac_1g_inst> is unconnected or connected to loadless signal.
INFO:Xst:3210 - "/home/ise/VM_ISE/gbe_spartan-6/lib/eth/rtl/eth_mac_1g_rgmii.v" line 222: Output port <stat_rx_lfc_paused> of the instance <eth_mac_1g_inst> is unconnected or connected to loadless signal.
INFO:Xst:3210 - "/home/ise/VM_ISE/gbe_spartan-6/lib/eth/rtl/eth_mac_1g_rgmii.v" line 222: Output port <stat_rx_pfc_pkt> of the instance <eth_mac_1g_inst> is unconnected or connected to loadless signal.
    Found 2-bit register for signal <rx_mii_select_sync>.
    Found 3-bit register for signal <rx_prescale>.
    Found 3-bit register for signal <rx_prescale_sync>.
    Found 7-bit register for signal <rx_speed_count_1>.
    Found 2-bit register for signal <rx_speed_count_2>.
    Found 2-bit register for signal <speed_reg>.
    Found 1-bit register for signal <mii_select_reg>.
    Found 2-bit register for signal <tx_mii_select_sync>.
    Found 3-bit adder for signal <rx_prescale[2]_GND_12_o_add_5_OUT> created at line 132.
    Found 7-bit adder for signal <rx_speed_count_1[6]_GND_12_o_add_10_OUT> created at line 152.
    Found 2-bit adder for signal <rx_speed_count_2[1]_GND_12_o_add_11_OUT> created at line 155.
    Summary:
	inferred   3 Adder/Subtractor(s).
	inferred  22 D-type flip-flop(s).
	inferred   5 Multiplexer(s).
Unit <eth_mac_1g_rgmii> synthesized.

Synthesizing Unit <rgmii_phy_if>.
    Related source file is "/home/ise/VM_ISE/gbe_spartan-6/lib/eth/rtl/rgmii_phy_if.v".
        TARGET = "XILINX"
        IODDR_STYLE = "IODDR2"
        CLOCK_INPUT_STYLE = "BUFG"
        USE_CLK90 = "TRUE"
    Found 4-bit register for signal <rx_rst_reg>.
    Found 4-bit register for signal <tx_rst_reg>.
    Found 6-bit register for signal <count_reg>.
    Found 1-bit register for signal <rgmii_tx_clk_en>.
    Found 1-bit register for signal <rgmii_tx_clk_2>.
    Found 1-bit register for signal <rgmii_tx_clk_1>.
    Found 6-bit adder for signal <count_reg[5]_GND_13_o_add_8_OUT> created at line 133.
    Found 6-bit comparator greater for signal <n0003> created at line 126
    Found 6-bit comparator greater for signal <n0013> created at line 138
    Summary:
	inferred   1 Adder/Subtractor(s).
	inferred  17 D-type flip-flop(s).
	inferred   2 Comparator(s).
	inferred  10 Multiplexer(s).
Unit <rgmii_phy_if> synthesized.

Synthesizing Unit <ssio_ddr_in>.
    Related source file is "/home/ise/VM_ISE/gbe_spartan-6/lib/eth/rtl/ssio_ddr_in.v".
        TARGET = "XILINX"
        IODDR_STYLE = "IODDR2"
        CLOCK_INPUT_STYLE = "BUFG"
        WIDTH = 5
    Summary:
	no macro.
Unit <ssio_ddr_in> synthesized.

Synthesizing Unit <iddr>.
    Related source file is "/home/ise/VM_ISE/gbe_spartan-6/lib/eth/rtl/iddr.v".
        TARGET = "XILINX"
        IODDR_STYLE = "IODDR2"
        WIDTH = 5
    Found 1-bit register for signal <iddr[1].q1_delay>.
    Found 1-bit register for signal <iddr[2].q1_delay>.
    Found 1-bit register for signal <iddr[3].q1_delay>.
    Found 1-bit register for signal <iddr[4].q1_delay>.
    Found 1-bit register for signal <iddr[0].q1_delay>.
    Summary:
	inferred   5 D-type flip-flop(s).
Unit <iddr> synthesized.

Synthesizing Unit <oddr_1>.
    Related source file is "/home/ise/VM_ISE/gbe_spartan-6/lib/eth/rtl/oddr.v".
        TARGET = "XILINX"
        IODDR_STYLE = "IODDR2"
        WIDTH = 1
    Summary:
	no macro.
Unit <oddr_1> synthesized.

Synthesizing Unit <oddr_2>.
    Related source file is "/home/ise/VM_ISE/gbe_spartan-6/lib/eth/rtl/oddr.v".
        TARGET = "XILINX"
        IODDR_STYLE = "IODDR2"
        WIDTH = 5
    Summary:
	no macro.
Unit <oddr_2> synthesized.

Synthesizing Unit <eth_mac_1g>.
    Related source file is "/home/ise/VM_ISE/gbe_spartan-6/lib/eth/rtl/eth_mac_1g.v".
        DATA_WIDTH = 8
        ENABLE_PADDING = 1
        MIN_FRAME_LENGTH = 64
        PTP_TS_ENABLE = 0
        PTP_TS_FMT_TOD = 1
        PTP_TS_WIDTH = 96
        TX_PTP_TS_CTRL_IN_TUSER = 0
        TX_PTP_TAG_ENABLE = 0
        TX_PTP_TAG_WIDTH = 16
        TX_USER_WIDTH = 1
        RX_USER_WIDTH = 1
        PFC_ENABLE = 0
        PAUSE_ENABLE = 0
WARNING:Xst:647 - Input <tx_pfc_req> is never used. This port will be preserved and left unconnected if it belongs to a top-level block or it belongs to a sub-block and the hierarchy of this sub-block is preserved.
WARNING:Xst:647 - Input <rx_pfc_en> is never used. This port will be preserved and left unconnected if it belongs to a top-level block or it belongs to a sub-block and the hierarchy of this sub-block is preserved.
WARNING:Xst:647 - Input <rx_pfc_ack> is never used. This port will be preserved and left unconnected if it belongs to a top-level block or it belongs to a sub-block and the hierarchy of this sub-block is preserved.
WARNING:Xst:647 - Input <cfg_mcf_rx_eth_dst_mcast> is never used. This port will be preserved and left unconnected if it belongs to a top-level block or it belongs to a sub-block and the hierarchy of this sub-block is preserved.
WARNING:Xst:647 - Input <cfg_mcf_rx_eth_dst_ucast> is never used. This port will be preserved and left unconnected if it belongs to a top-level block or it belongs to a sub-block and the hierarchy of this sub-block is preserved.
WARNING:Xst:647 - Input <cfg_mcf_rx_eth_src> is never used. This port will be preserved and left unconnected if it belongs to a top-level block or it belongs to a sub-block and the hierarchy of this sub-block is preserved.
WARNING:Xst:647 - Input <cfg_mcf_rx_eth_type> is never used. This port will be preserved and left unconnected if it belongs to a top-level block or it belongs to a sub-block and the hierarchy of this sub-block is preserved.
WARNING:Xst:647 - Input <cfg_mcf_rx_opcode_lfc> is never used. This port will be preserved and left unconnected if it belongs to a top-level block or it belongs to a sub-block and the hierarchy of this sub-block is preserved.
WARNING:Xst:647 - Input <cfg_mcf_rx_opcode_pfc> is never used. This port will be preserved and left unconnected if it belongs to a top-level block or it belongs to a sub-block and the hierarchy of this sub-block is preserved.
WARNING:Xst:647 - Input <cfg_tx_lfc_eth_dst> is never used. This port will be preserved and left unconnected if it belongs to a top-level block or it belongs to a sub-block and the hierarchy of this sub-block is preserved.
WARNING:Xst:647 - Input <cfg_tx_lfc_eth_src> is never used. This port will be preserved and left unconnected if it belongs to a top-level block or it belongs to a sub-block and the hierarchy of this sub-block is preserved.
WARNING:Xst:647 - Input <cfg_tx_lfc_eth_type> is never used. This port will be preserved and left unconnected if it belongs to a top-level block or it belongs to a sub-block and the hierarchy of this sub-block is preserved.
WARNING:Xst:647 - Input <cfg_tx_lfc_opcode> is never used. This port will be preserved and left unconnected if it belongs to a top-level block or it belongs to a sub-block and the hierarchy of this sub-block is preserved.
WARNING:Xst:647 - Input <cfg_tx_lfc_quanta> is never used. This port will be preserved and left unconnected if it belongs to a top-level block or it belongs to a sub-block and the hierarchy of this sub-block is preserved.
WARNING:Xst:647 - Input <cfg_tx_lfc_refresh> is never used. This port will be preserved and left unconnected if it belongs to a top-level block or it belongs to a sub-block and the hierarchy of this sub-block is preserved.
WARNING:Xst:647 - Input <cfg_tx_pfc_eth_dst> is never used. This port will be preserved and left unconnected if it belongs to a top-level block or it belongs to a sub-block and the hierarchy of this sub-block is preserved.
WARNING:Xst:647 - Input <cfg_tx_pfc_eth_src> is never used. This port will be preserved and left unconnected if it belongs to a top-level block or it belongs to a sub-block and the hierarchy of this sub-block is preserved.
WARNING:Xst:647 - Input <cfg_tx_pfc_eth_type> is never used. This port will be preserved and left unconnected if it belongs to a top-level block or it belongs to a sub-block and the hierarchy of this sub-block is preserved.
WARNING:Xst:647 - Input <cfg_tx_pfc_opcode> is never used. This port will be preserved and left unconnected if it belongs to a top-level block or it belongs to a sub-block and the hierarchy of this sub-block is preserved.
WARNING:Xst:647 - Input <cfg_tx_pfc_quanta> is never used. This port will be preserved and left unconnected if it belongs to a top-level block or it belongs to a sub-block and the hierarchy of this sub-block is preserved.
WARNING:Xst:647 - Input <cfg_tx_pfc_refresh> is never used. This port will be preserved and left unconnected if it belongs to a top-level block or it belongs to a sub-block and the hierarchy of this sub-block is preserved.
WARNING:Xst:647 - Input <cfg_rx_lfc_opcode> is never used. This port will be preserved and left unconnected if it belongs to a top-level block or it belongs to a sub-block and the hierarchy of this sub-block is preserved.
WARNING:Xst:647 - Input <cfg_rx_pfc_opcode> is never used. This port will be preserved and left unconnected if it belongs to a top-level block or it belongs to a sub-block and the hierarchy of this sub-block is preserved.
WARNING:Xst:647 - Input <tx_lfc_req> is never used. This port will be preserved and left unconnected if it belongs to a top-level block or it belongs to a sub-block and the hierarchy of this sub-block is preserved.
WARNING:Xst:647 - Input <tx_lfc_resend> is never used. This port will be preserved and left unconnected if it belongs to a top-level block or it belongs to a sub-block and the hierarchy of this sub-block is preserved.
WARNING:Xst:647 - Input <rx_lfc_en> is never used. This port will be preserved and left unconnected if it belongs to a top-level block or it belongs to a sub-block and the hierarchy of this sub-block is preserved.
WARNING:Xst:647 - Input <rx_lfc_ack> is never used. This port will be preserved and left unconnected if it belongs to a top-level block or it belongs to a sub-block and the hierarchy of this sub-block is preserved.
WARNING:Xst:647 - Input <tx_pfc_resend> is never used. This port will be preserved and left unconnected if it belongs to a top-level block or it belongs to a sub-block and the hierarchy of this sub-block is preserved.
WARNING:Xst:647 - Input <tx_lfc_pause_en> is never used. This port will be preserved and left unconnected if it belongs to a top-level block or it belongs to a sub-block and the hierarchy of this sub-block is preserved.
WARNING:Xst:647 - Input <tx_pause_req> is never used. This port will be preserved and left unconnected if it belongs to a top-level block or it belongs to a sub-block and the hierarchy of this sub-block is preserved.
WARNING:Xst:647 - Input <cfg_mcf_rx_check_eth_dst_mcast> is never used. This port will be preserved and left unconnected if it belongs to a top-level block or it belongs to a sub-block and the hierarchy of this sub-block is preserved.
WARNING:Xst:647 - Input <cfg_mcf_rx_check_eth_dst_ucast> is never used. This port will be preserved and left unconnected if it belongs to a top-level block or it belongs to a sub-block and the hierarchy of this sub-block is preserved.
WARNING:Xst:647 - Input <cfg_mcf_rx_check_eth_src> is never used. This port will be preserved and left unconnected if it belongs to a top-level block or it belongs to a sub-block and the hierarchy of this sub-block is preserved.
WARNING:Xst:647 - Input <cfg_mcf_rx_check_opcode_lfc> is never used. This port will be preserved and left unconnected if it belongs to a top-level block or it belongs to a sub-block and the hierarchy of this sub-block is preserved.
WARNING:Xst:647 - Input <cfg_mcf_rx_check_opcode_pfc> is never used. This port will be preserved and left unconnected if it belongs to a top-level block or it belongs to a sub-block and the hierarchy of this sub-block is preserved.
WARNING:Xst:647 - Input <cfg_mcf_rx_forward> is never used. This port will be preserved and left unconnected if it belongs to a top-level block or it belongs to a sub-block and the hierarchy of this sub-block is preserved.
WARNING:Xst:647 - Input <cfg_mcf_rx_enable> is never used. This port will be preserved and left unconnected if it belongs to a top-level block or it belongs to a sub-block and the hierarchy of this sub-block is preserved.
WARNING:Xst:647 - Input <cfg_tx_lfc_en> is never used. This port will be preserved and left unconnected if it belongs to a top-level block or it belongs to a sub-block and the hierarchy of this sub-block is preserved.
WARNING:Xst:647 - Input <cfg_tx_pfc_en> is never used. This port will be preserved and left unconnected if it belongs to a top-level block or it belongs to a sub-block and the hierarchy of this sub-block is preserved.
WARNING:Xst:647 - Input <cfg_rx_lfc_en> is never used. This port will be preserved and left unconnected if it belongs to a top-level block or it belongs to a sub-block and the hierarchy of this sub-block is preserved.
WARNING:Xst:647 - Input <cfg_rx_pfc_en> is never used. This port will be preserved and left unconnected if it belongs to a top-level block or it belongs to a sub-block and the hierarchy of this sub-block is preserved.
    Summary:
	no macro.
Unit <eth_mac_1g> synthesized.

Synthesizing Unit <axis_gmii_rx>.
    Related source file is "/home/ise/VM_ISE/gbe_spartan-6/lib/eth/rtl/axis_gmii_rx.v".
        DATA_WIDTH = 8
        PTP_TS_ENABLE = 0
        PTP_TS_WIDTH = 96
        USER_WIDTH = 1
WARNING:Xst:647 - Input <ptp_ts> is never used. This port will be preserved and left unconnected if it belongs to a top-level block or it belongs to a sub-block and the hierarchy of this sub-block is preserved.
INFO:Xst:3210 - "/home/ise/VM_ISE/gbe_spartan-6/lib/eth/rtl/axis_gmii_rx.v" line 161: Output port <data_out> of the instance <eth_crc_8> is unconnected or connected to loadless signal.
    Found 8-bit register for signal <m_axis_tdata_reg>.
    Found 1-bit register for signal <m_axis_tvalid_reg>.
    Found 1-bit register for signal <m_axis_tlast_reg>.
    Found 1-bit register for signal <m_axis_tuser_reg>.
    Found 1-bit register for signal <start_packet_int_reg>.
    Found 1-bit register for signal <start_packet_reg>.
    Found 1-bit register for signal <mii_odd>.
    Found 1-bit register for signal <in_frame>.
    Found 8-bit register for signal <gmii_rxd_d0>.
    Found 8-bit register for signal <gmii_rxd_d1>.
    Found 8-bit register for signal <gmii_rxd_d2>.
    Found 8-bit register for signal <gmii_rxd_d3>.
    Found 8-bit register for signal <gmii_rxd_d4>.
    Found 1-bit register for signal <gmii_rx_dv_d0>.
    Found 1-bit register for signal <gmii_rx_dv_d1>.
    Found 1-bit register for signal <gmii_rx_dv_d2>.
    Found 1-bit register for signal <gmii_rx_dv_d3>.
    Found 1-bit register for signal <gmii_rx_dv_d4>.
    Found 1-bit register for signal <gmii_rx_er_d0>.
    Found 1-bit register for signal <gmii_rx_er_d1>.
    Found 1-bit register for signal <gmii_rx_er_d2>.
    Found 1-bit register for signal <gmii_rx_er_d3>.
    Found 1-bit register for signal <gmii_rx_er_d4>.
    Found 32-bit register for signal <crc_state>.
    Found 1-bit register for signal <error_bad_frame_reg>.
    Found 1-bit register for signal <error_bad_fcs_reg>.
    Found 3-bit register for signal <state_reg>.
    Found finite state machine <FSM_3> for signal <state_reg>.
    -----------------------------------------------------------------------
    | States             | 3                                              |
    | Transitions        | 19                                             |
    | Inputs             | 6                                              |
    | Outputs            | 2                                              |
    | Clock              | clk (rising_edge)                              |
    | Reset              | rst (positive)                                 |
    | Reset type         | synchronous                                    |
    | Reset State        | 000                                            |
    | Power Up State     | 000                                            |
    | Encoding           | auto                                           |
    | Implementation     | LUT                                            |
    -----------------------------------------------------------------------
    Found 32-bit comparator not equal for signal <gmii_rxd_d0[7]_crc_next[31]_equal_5_o> created at line 220
    Summary:
	inferred  99 D-type flip-flop(s).
	inferred   1 Comparator(s).
	inferred  22 Multiplexer(s).
	inferred   1 Finite State Machine(s).
Unit <axis_gmii_rx> synthesized.

Synthesizing Unit <lfsr_1>.
    Related source file is "/home/ise/VM_ISE/gbe_spartan-6/lib/eth/rtl/lfsr.v".
        LFSR_WIDTH = 32
        LFSR_POLY = 32'b00000100110000010001110110110111
        LFSR_CONFIG = "GALOIS"
        LFSR_FEED_FORWARD = 0
        REVERSE = 1
        DATA_WIDTH = 8
        STYLE = "AUTO"
    Summary:
Unit <lfsr_1> synthesized.

Synthesizing Unit <axis_gmii_tx>.
    Related source file is "/home/ise/VM_ISE/gbe_spartan-6/lib/eth/rtl/axis_gmii_tx.v".
        DATA_WIDTH = 8
        ENABLE_PADDING = 1
        MIN_FRAME_LENGTH = 64
        PTP_TS_ENABLE = 0
        PTP_TS_WIDTH = 96
        PTP_TS_CTRL_IN_TUSER = 0
        PTP_TAG_ENABLE = 0
        PTP_TAG_WIDTH = 16
        USER_WIDTH = 1
WARNING:Xst:647 - Input <ptp_ts> is never used. This port will be preserved and left unconnected if it belongs to a top-level block or it belongs to a sub-block and the hierarchy of this sub-block is preserved.
INFO:Xst:3210 - "/home/ise/VM_ISE/gbe_spartan-6/lib/eth/rtl/axis_gmii_tx.v" line 171: Output port <data_out> of the instance <eth_crc_8> is unconnected or connected to loadless signal.
    Found 1-bit register for signal <frame_reg>.
    Found 1-bit register for signal <frame_error_reg>.
    Found 8-bit register for signal <frame_ptr_reg>.
    Found 6-bit register for signal <frame_min_count_reg>.
    Found 1-bit register for signal <mii_odd_reg>.
    Found 4-bit register for signal <mii_msn_reg>.
    Found 8-bit register for signal <s_tdata_reg>.
    Found 1-bit register for signal <s_axis_tready_reg>.
    Found 8-bit register for signal <gmii_txd_reg>.
    Found 1-bit register for signal <gmii_tx_en_reg>.
    Found 1-bit register for signal <gmii_tx_er_reg>.
    Found 32-bit register for signal <crc_state>.
    Found 1-bit register for signal <start_packet_int_reg>.
    Found 1-bit register for signal <start_packet_reg>.
    Found 1-bit register for signal <error_underflow_reg>.
    Found 3-bit register for signal <state_reg>.
    Found finite state machine <FSM_4> for signal <state_reg>.
    -----------------------------------------------------------------------
    | States             | 7                                              |
    | Transitions        | 37                                             |
    | Inputs             | 10                                             |
    | Outputs            | 6                                              |
    | Clock              | clk (rising_edge)                              |
    | Reset              | rst (positive)                                 |
    | Reset type         | synchronous                                    |
    | Reset State        | 000                                            |
    | Power Up State     | 000                                            |
    | Encoding           | auto                                           |
    | Implementation     | LUT                                            |
    -----------------------------------------------------------------------
    Found 8-bit adder for signal <frame_ptr_reg[7]_GND_24_o_add_46_OUT> created at line 388.
    Found 6-bit subtractor for signal <GND_24_o_GND_24_o_sub_29_OUT<5:0>> created at line 353.
    Found 8-bit 6-to-1 multiplexer for signal <state_reg[2]_GND_24_o_wide_mux_54_OUT> created at line 241.
    Found 8-bit 4-to-1 multiplexer for signal <_n0250> created at line 367.
    Found 8-bit comparator greater for signal <frame_ptr_reg[7]_GND_24_o_LessThan_44_o> created at line 376
    Found 32-bit comparator greater for signal <GND_24_o_GND_24_o_LessThan_49_o> created at line 390
    Summary:
	inferred   2 Adder/Subtractor(s).
	inferred  75 D-type flip-flop(s).
	inferred   2 Comparator(s).
	inferred  56 Multiplexer(s).
	inferred   1 Finite State Machine(s).
Unit <axis_gmii_tx> synthesized.

Synthesizing Unit <axis_async_fifo_adapter_1>.
    Related source file is "/home/ise/VM_ISE/gbe_spartan-6/lib/eth/lib/axis/rtl/axis_async_fifo_adapter.v".
        DEPTH = 2048
        S_DATA_WIDTH = 8
        S_KEEP_ENABLE = 1'b0
        S_KEEP_WIDTH = 1
        M_DATA_WIDTH = 8
        M_KEEP_ENABLE = 0
        M_KEEP_WIDTH = 1
        ID_ENABLE = 0
        ID_WIDTH = 8
        DEST_ENABLE = 0
        DEST_WIDTH = 8
        USER_ENABLE = 1
        USER_WIDTH = 1
        RAM_PIPELINE = 1
        OUTPUT_FIFO_ENABLE = 0
        FRAME_FIFO = 1
        USER_BAD_FRAME_VALUE = 1'b1
        USER_BAD_FRAME_MASK = 1'b1
        DROP_OVERSIZE_FRAME = 1
        DROP_BAD_FRAME = 1
        DROP_WHEN_FULL = 0
        MARK_WHEN_FULL = 0
        PAUSE_ENABLE = 0
        FRAME_PAUSE = 1
    Summary:
	no macro.
Unit <axis_async_fifo_adapter_1> synthesized.

Synthesizing Unit <axis_async_fifo_1>.
    Related source file is "/home/ise/VM_ISE/gbe_spartan-6/lib/eth/lib/axis/rtl/axis_async_fifo.v".
        DEPTH = 2048
        DATA_WIDTH = 8
        KEEP_ENABLE = 1'b0
        KEEP_WIDTH = 1
        LAST_ENABLE = 1
        ID_ENABLE = 0
        ID_WIDTH = 8
        DEST_ENABLE = 0
        DEST_WIDTH = 8
        USER_ENABLE = 1
        USER_WIDTH = 1
        RAM_PIPELINE = 1
        OUTPUT_FIFO_ENABLE = 0
        FRAME_FIFO = 1
        USER_BAD_FRAME_VALUE = 1'b1
        USER_BAD_FRAME_MASK = 1'b1
        DROP_OVERSIZE_FRAME = 1
        DROP_BAD_FRAME = 1
        DROP_WHEN_FULL = 0
        MARK_WHEN_FULL = 0
        PAUSE_ENABLE = 0
        FRAME_PAUSE = 1
    Set property "SHREG_EXTRACT = NO" for signal <wr_ptr_gray_sync1_reg>.
    Set property "SHREG_EXTRACT = NO" for signal <wr_ptr_gray_sync2_reg>.
    Set property "SHREG_EXTRACT = NO" for signal <wr_ptr_commit_sync_reg>.
    Set property "SHREG_EXTRACT = NO" for signal <rd_ptr_gray_sync1_reg>.
    Set property "SHREG_EXTRACT = NO" for signal <rd_ptr_gray_sync2_reg>.
    Set property "shreg_extract = no" for signal <m_axis_pipe_reg<1><9>>.
    Set property "shreg_extract = no" for signal <m_axis_pipe_reg<1><8>>.
    Set property "shreg_extract = no" for signal <m_axis_pipe_reg<1><7>>.
    Set property "shreg_extract = no" for signal <m_axis_pipe_reg<1><6>>.
    Set property "shreg_extract = no" for signal <m_axis_pipe_reg<1><5>>.
    Set property "shreg_extract = no" for signal <m_axis_pipe_reg<1><4>>.
    Set property "shreg_extract = no" for signal <m_axis_pipe_reg<1><3>>.
    Set property "shreg_extract = no" for signal <m_axis_pipe_reg<1><2>>.
    Set property "shreg_extract = no" for signal <m_axis_pipe_reg<1><1>>.
    Set property "shreg_extract = no" for signal <m_axis_pipe_reg<1><0>>.
    Set property "shreg_extract = no" for signal <m_axis_pipe_reg<0><9>>.
    Set property "shreg_extract = no" for signal <m_axis_pipe_reg<0><8>>.
    Set property "shreg_extract = no" for signal <m_axis_pipe_reg<0><7>>.
    Set property "shreg_extract = no" for signal <m_axis_pipe_reg<0><6>>.
    Set property "shreg_extract = no" for signal <m_axis_pipe_reg<0><5>>.
    Set property "shreg_extract = no" for signal <m_axis_pipe_reg<0><4>>.
    Set property "shreg_extract = no" for signal <m_axis_pipe_reg<0><3>>.
    Set property "shreg_extract = no" for signal <m_axis_pipe_reg<0><2>>.
    Set property "shreg_extract = no" for signal <m_axis_pipe_reg<0><1>>.
    Set property "shreg_extract = no" for signal <m_axis_pipe_reg<0><0>>.
    Set property "SHREG_EXTRACT = NO" for signal <wr_ptr_update_sync1_reg>.
    Set property "SHREG_EXTRACT = NO" for signal <wr_ptr_update_sync2_reg>.
    Set property "SHREG_EXTRACT = NO" for signal <wr_ptr_update_sync3_reg>.
    Set property "SHREG_EXTRACT = NO" for signal <wr_ptr_update_ack_sync1_reg>.
    Set property "SHREG_EXTRACT = NO" for signal <wr_ptr_update_ack_sync2_reg>.
    Set property "SHREG_EXTRACT = NO" for signal <s_rst_sync1_reg>.
    Set property "SHREG_EXTRACT = NO" for signal <s_rst_sync2_reg>.
    Set property "SHREG_EXTRACT = NO" for signal <s_rst_sync3_reg>.
    Set property "SHREG_EXTRACT = NO" for signal <m_rst_sync1_reg>.
    Set property "SHREG_EXTRACT = NO" for signal <m_rst_sync2_reg>.
    Set property "SHREG_EXTRACT = NO" for signal <m_rst_sync3_reg>.
WARNING:Xst:37 - Detected unknown constraint/property "ramstyle". This constraint/property is not supported by the current software release and will be ignored.
WARNING:Xst:647 - Input <s_axis_tkeep> is never used. This port will be preserved and left unconnected if it belongs to a top-level block or it belongs to a sub-block and the hierarchy of this sub-block is preserved.
WARNING:Xst:647 - Input <s_axis_tid> is never used. This port will be preserved and left unconnected if it belongs to a top-level block or it belongs to a sub-block and the hierarchy of this sub-block is preserved.
WARNING:Xst:647 - Input <s_axis_tdest> is never used. This port will be preserved and left unconnected if it belongs to a top-level block or it belongs to a sub-block and the hierarchy of this sub-block is preserved.
WARNING:Xst:647 - Input <s_pause_req> is never used. This port will be preserved and left unconnected if it belongs to a top-level block or it belongs to a sub-block and the hierarchy of this sub-block is preserved.
WARNING:Xst:647 - Input <m_pause_req> is never used. This port will be preserved and left unconnected if it belongs to a top-level block or it belongs to a sub-block and the hierarchy of this sub-block is preserved.
    Found 2048x10-bit dual-port RAM <Mram_mem> for signal <mem>.
    Found 1-bit register for signal <s_rst_sync1_reg>.
    Found 1-bit register for signal <m_rst_sync1_reg>.
    Found 1-bit register for signal <s_rst_sync2_reg>.
    Found 1-bit register for signal <s_rst_sync3_reg>.
    Found 1-bit register for signal <m_rst_sync2_reg>.
    Found 1-bit register for signal <m_rst_sync3_reg>.
    Found 1-bit register for signal <overflow_reg>.
    Found 1-bit register for signal <bad_frame_reg>.
    Found 1-bit register for signal <good_frame_reg>.
    Found 1-bit register for signal <wr_ptr_update_valid_reg>.
    Found 12-bit register for signal <wr_ptr_sync_commit_reg>.
    Found 1-bit register for signal <wr_ptr_update_reg>.
    Found 1-bit register for signal <s_frame_reg>.
    Found 1-bit register for signal <drop_frame_reg>.
    Found 12-bit register for signal <wr_ptr_reg>.
    Found 12-bit register for signal <wr_ptr_gray_reg>.
    Found 12-bit register for signal <wr_ptr_commit_reg>.
    Found 1-bit register for signal <mark_frame_reg>.
    Found 12-bit register for signal <rd_ptr_conv_reg>.
    Found 12-bit register for signal <s_depth_reg>.
    Found 12-bit register for signal <s_depth_commit_reg>.
    Found 12-bit register for signal <rd_ptr_gray_sync1_reg>.
    Found 12-bit register for signal <rd_ptr_gray_sync2_reg>.
    Found 1-bit register for signal <wr_ptr_update_ack_sync1_reg>.
    Found 1-bit register for signal <wr_ptr_update_ack_sync2_reg>.
    Found 12-bit register for signal <wr_ptr_gray_sync1_reg>.
    Found 12-bit register for signal <wr_ptr_gray_sync2_reg>.
    Found 12-bit register for signal <wr_ptr_commit_sync_reg>.
    Found 1-bit register for signal <wr_ptr_update_sync1_reg>.
    Found 1-bit register for signal <wr_ptr_update_sync2_reg>.
    Found 1-bit register for signal <wr_ptr_update_sync3_reg>.
    Found 1-bit register for signal <overflow_sync1_reg>.
    Found 1-bit register for signal <bad_frame_sync1_reg>.
    Found 1-bit register for signal <good_frame_sync1_reg>.
    Found 1-bit register for signal <overflow_sync2_reg>.
    Found 1-bit register for signal <overflow_sync3_reg>.
    Found 1-bit register for signal <overflow_sync4_reg>.
    Found 1-bit register for signal <bad_frame_sync2_reg>.
    Found 1-bit register for signal <bad_frame_sync3_reg>.
    Found 1-bit register for signal <bad_frame_sync4_reg>.
    Found 1-bit register for signal <good_frame_sync2_reg>.
    Found 1-bit register for signal <good_frame_sync3_reg>.
    Found 1-bit register for signal <good_frame_sync4_reg>.
    Found 1-bit register for signal <m_axis_tvalid_pipe_reg<1>>.
    Found 1-bit register for signal <m_axis_tvalid_pipe_reg<0>>.
    Found 1-bit register for signal <m_terminate_frame_reg>.
    Found 1-bit register for signal <m_axis_pipe_reg<1><9>>.
    Found 1-bit register for signal <m_axis_pipe_reg<1><8>>.
    Found 1-bit register for signal <m_axis_pipe_reg<1><7>>.
    Found 1-bit register for signal <m_axis_pipe_reg<1><6>>.
    Found 1-bit register for signal <m_axis_pipe_reg<1><5>>.
    Found 1-bit register for signal <m_axis_pipe_reg<1><4>>.
    Found 1-bit register for signal <m_axis_pipe_reg<1><3>>.
    Found 1-bit register for signal <m_axis_pipe_reg<1><2>>.
    Found 1-bit register for signal <m_axis_pipe_reg<1><1>>.
    Found 1-bit register for signal <m_axis_pipe_reg<1><0>>.
    Found 1-bit register for signal <m_axis_pipe_reg<0><9>>.
    Found 1-bit register for signal <m_axis_pipe_reg<0><8>>.
    Found 1-bit register for signal <m_axis_pipe_reg<0><7>>.
    Found 1-bit register for signal <m_axis_pipe_reg<0><6>>.
    Found 1-bit register for signal <m_axis_pipe_reg<0><5>>.
    Found 1-bit register for signal <m_axis_pipe_reg<0><4>>.
    Found 1-bit register for signal <m_axis_pipe_reg<0><3>>.
    Found 1-bit register for signal <m_axis_pipe_reg<0><2>>.
    Found 1-bit register for signal <m_axis_pipe_reg<0><1>>.
    Found 1-bit register for signal <m_axis_pipe_reg<0><0>>.
    Found 12-bit register for signal <rd_ptr_reg>.
    Found 12-bit register for signal <rd_ptr_gray_reg>.
    Found 1-bit register for signal <m_frame_reg>.
    Found 1-bit register for signal <m_drop_frame_reg>.
    Found 12-bit register for signal <wr_ptr_conv_reg>.
    Found 12-bit register for signal <m_depth_reg>.
    Found 12-bit register for signal <m_depth_commit_reg>.
    Found 12-bit subtractor for signal <wr_ptr_reg[11]_rd_ptr_conv_reg[11]_sub_74_OUT> created at line 567.
    Found 12-bit subtractor for signal <wr_ptr_commit_reg[11]_rd_ptr_conv_reg[11]_sub_75_OUT> created at line 568.
    Found 12-bit subtractor for signal <wr_ptr_conv_reg[11]_rd_ptr_reg[11]_sub_127_OUT> created at line 729.
    Found 12-bit subtractor for signal <wr_ptr_commit_sync_reg[11]_rd_ptr_reg[11]_sub_128_OUT> created at line 730.
    Found 12-bit adder for signal <wr_ptr_reg[11]_GND_26_o_add_27_OUT> created at line 448.
    Found 12-bit adder for signal <rd_ptr_reg[11]_GND_26_o_add_100_OUT> created at line 673.
    Found 12-bit comparator not equal for signal <full> created at line 264
    Found 12-bit comparator not equal for signal <empty> created at line 266
    Found 12-bit comparator equal for signal <full_wr> created at line 268
    Found 1-bit comparator equal for signal <wr_ptr_update_reg_wr_ptr_update_ack_sync2_reg_equal_18_o> created at line 393
    Summary:
	inferred   1 RAM(s).
	inferred   6 Adder/Subtractor(s).
	inferred 260 D-type flip-flop(s).
	inferred   4 Comparator(s).
	inferred  40 Multiplexer(s).
Unit <axis_async_fifo_1> synthesized.

Synthesizing Unit <axis_async_fifo_adapter_2>.
    Related source file is "/home/ise/VM_ISE/gbe_spartan-6/lib/eth/lib/axis/rtl/axis_async_fifo_adapter.v".
        DEPTH = 2048
        S_DATA_WIDTH = 8
        S_KEEP_ENABLE = 0
        S_KEEP_WIDTH = 1
        M_DATA_WIDTH = 8
        M_KEEP_ENABLE = 1'b0
        M_KEEP_WIDTH = 1
        ID_ENABLE = 0
        ID_WIDTH = 8
        DEST_ENABLE = 0
        DEST_WIDTH = 8
        USER_ENABLE = 1
        USER_WIDTH = 1
        RAM_PIPELINE = 1
        OUTPUT_FIFO_ENABLE = 0
        FRAME_FIFO = 1
        USER_BAD_FRAME_VALUE = 1'b1
        USER_BAD_FRAME_MASK = 1'b1
        DROP_OVERSIZE_FRAME = 1
        DROP_BAD_FRAME = 1
        DROP_WHEN_FULL = 1
        MARK_WHEN_FULL = 0
        PAUSE_ENABLE = 0
        FRAME_PAUSE = 1
    Summary:
	no macro.
Unit <axis_async_fifo_adapter_2> synthesized.

Synthesizing Unit <axis_async_fifo_2>.
    Related source file is "/home/ise/VM_ISE/gbe_spartan-6/lib/eth/lib/axis/rtl/axis_async_fifo.v".
        DEPTH = 2048
        DATA_WIDTH = 8
        KEEP_ENABLE = 0
        KEEP_WIDTH = 1
        LAST_ENABLE = 1
        ID_ENABLE = 0
        ID_WIDTH = 8
        DEST_ENABLE = 0
        DEST_WIDTH = 8
        USER_ENABLE = 1
        USER_WIDTH = 1
        RAM_PIPELINE = 1
        OUTPUT_FIFO_ENABLE = 0
        FRAME_FIFO = 1
        USER_BAD_FRAME_VALUE = 1'b1
        USER_BAD_FRAME_MASK = 1'b1
        DROP_OVERSIZE_FRAME = 1
        DROP_BAD_FRAME = 1
        DROP_WHEN_FULL = 1
        MARK_WHEN_FULL = 0
        PAUSE_ENABLE = 0
        FRAME_PAUSE = 1
    Set property "SHREG_EXTRACT = NO" for signal <wr_ptr_gray_sync1_reg>.
    Set property "SHREG_EXTRACT = NO" for signal <wr_ptr_gray_sync2_reg>.
    Set property "SHREG_EXTRACT = NO" for signal <wr_ptr_commit_sync_reg>.
    Set property "SHREG_EXTRACT = NO" for signal <rd_ptr_gray_sync1_reg>.
    Set property "SHREG_EXTRACT = NO" for signal <rd_ptr_gray_sync2_reg>.
    Set property "shreg_extract = no" for signal <m_axis_pipe_reg<1><9>>.
    Set property "shreg_extract = no" for signal <m_axis_pipe_reg<1><8>>.
    Set property "shreg_extract = no" for signal <m_axis_pipe_reg<1><7>>.
    Set property "shreg_extract = no" for signal <m_axis_pipe_reg<1><6>>.
    Set property "shreg_extract = no" for signal <m_axis_pipe_reg<1><5>>.
    Set property "shreg_extract = no" for signal <m_axis_pipe_reg<1><4>>.
    Set property "shreg_extract = no" for signal <m_axis_pipe_reg<1><3>>.
    Set property "shreg_extract = no" for signal <m_axis_pipe_reg<1><2>>.
    Set property "shreg_extract = no" for signal <m_axis_pipe_reg<1><1>>.
    Set property "shreg_extract = no" for signal <m_axis_pipe_reg<1><0>>.
    Set property "shreg_extract = no" for signal <m_axis_pipe_reg<0><9>>.
    Set property "shreg_extract = no" for signal <m_axis_pipe_reg<0><8>>.
    Set property "shreg_extract = no" for signal <m_axis_pipe_reg<0><7>>.
    Set property "shreg_extract = no" for signal <m_axis_pipe_reg<0><6>>.
    Set property "shreg_extract = no" for signal <m_axis_pipe_reg<0><5>>.
    Set property "shreg_extract = no" for signal <m_axis_pipe_reg<0><4>>.
    Set property "shreg_extract = no" for signal <m_axis_pipe_reg<0><3>>.
    Set property "shreg_extract = no" for signal <m_axis_pipe_reg<0><2>>.
    Set property "shreg_extract = no" for signal <m_axis_pipe_reg<0><1>>.
    Set property "shreg_extract = no" for signal <m_axis_pipe_reg<0><0>>.
    Set property "SHREG_EXTRACT = NO" for signal <wr_ptr_update_sync1_reg>.
    Set property "SHREG_EXTRACT = NO" for signal <wr_ptr_update_sync2_reg>.
    Set property "SHREG_EXTRACT = NO" for signal <wr_ptr_update_sync3_reg>.
    Set property "SHREG_EXTRACT = NO" for signal <wr_ptr_update_ack_sync1_reg>.
    Set property "SHREG_EXTRACT = NO" for signal <wr_ptr_update_ack_sync2_reg>.
    Set property "SHREG_EXTRACT = NO" for signal <s_rst_sync1_reg>.
    Set property "SHREG_EXTRACT = NO" for signal <s_rst_sync2_reg>.
    Set property "SHREG_EXTRACT = NO" for signal <s_rst_sync3_reg>.
    Set property "SHREG_EXTRACT = NO" for signal <m_rst_sync1_reg>.
    Set property "SHREG_EXTRACT = NO" for signal <m_rst_sync2_reg>.
    Set property "SHREG_EXTRACT = NO" for signal <m_rst_sync3_reg>.
WARNING:Xst:37 - Detected unknown constraint/property "ramstyle". This constraint/property is not supported by the current software release and will be ignored.
WARNING:Xst:647 - Input <s_axis_tkeep> is never used. This port will be preserved and left unconnected if it belongs to a top-level block or it belongs to a sub-block and the hierarchy of this sub-block is preserved.
WARNING:Xst:647 - Input <s_axis_tid> is never used. This port will be preserved and left unconnected if it belongs to a top-level block or it belongs to a sub-block and the hierarchy of this sub-block is preserved.
WARNING:Xst:647 - Input <s_axis_tdest> is never used. This port will be preserved and left unconnected if it belongs to a top-level block or it belongs to a sub-block and the hierarchy of this sub-block is preserved.
WARNING:Xst:647 - Input <s_pause_req> is never used. This port will be preserved and left unconnected if it belongs to a top-level block or it belongs to a sub-block and the hierarchy of this sub-block is preserved.
WARNING:Xst:647 - Input <m_pause_req> is never used. This port will be preserved and left unconnected if it belongs to a top-level block or it belongs to a sub-block and the hierarchy of this sub-block is preserved.
    Found 2048x10-bit dual-port RAM <Mram_mem> for signal <mem>.
    Found 1-bit register for signal <s_rst_sync1_reg>.
    Found 1-bit register for signal <m_rst_sync1_reg>.
    Found 1-bit register for signal <s_rst_sync2_reg>.
    Found 1-bit register for signal <s_rst_sync3_reg>.
    Found 1-bit register for signal <m_rst_sync2_reg>.
    Found 1-bit register for signal <m_rst_sync3_reg>.
    Found 1-bit register for signal <overflow_reg>.
    Found 1-bit register for signal <bad_frame_reg>.
    Found 1-bit register for signal <good_frame_reg>.
    Found 1-bit register for signal <wr_ptr_update_valid_reg>.
    Found 12-bit register for signal <wr_ptr_sync_commit_reg>.
    Found 1-bit register for signal <wr_ptr_update_reg>.
    Found 1-bit register for signal <s_frame_reg>.
    Found 1-bit register for signal <drop_frame_reg>.
    Found 12-bit register for signal <wr_ptr_reg>.
    Found 12-bit register for signal <wr_ptr_gray_reg>.
    Found 12-bit register for signal <wr_ptr_commit_reg>.
    Found 1-bit register for signal <mark_frame_reg>.
    Found 12-bit register for signal <rd_ptr_conv_reg>.
    Found 12-bit register for signal <s_depth_reg>.
    Found 12-bit register for signal <s_depth_commit_reg>.
    Found 12-bit register for signal <rd_ptr_gray_sync1_reg>.
    Found 12-bit register for signal <rd_ptr_gray_sync2_reg>.
    Found 1-bit register for signal <wr_ptr_update_ack_sync1_reg>.
    Found 1-bit register for signal <wr_ptr_update_ack_sync2_reg>.
    Found 12-bit register for signal <wr_ptr_gray_sync1_reg>.
    Found 12-bit register for signal <wr_ptr_gray_sync2_reg>.
    Found 12-bit register for signal <wr_ptr_commit_sync_reg>.
    Found 1-bit register for signal <wr_ptr_update_sync1_reg>.
    Found 1-bit register for signal <wr_ptr_update_sync2_reg>.
    Found 1-bit register for signal <wr_ptr_update_sync3_reg>.
    Found 1-bit register for signal <overflow_sync1_reg>.
    Found 1-bit register for signal <bad_frame_sync1_reg>.
    Found 1-bit register for signal <good_frame_sync1_reg>.
    Found 1-bit register for signal <overflow_sync2_reg>.
    Found 1-bit register for signal <overflow_sync3_reg>.
    Found 1-bit register for signal <overflow_sync4_reg>.
    Found 1-bit register for signal <bad_frame_sync2_reg>.
    Found 1-bit register for signal <bad_frame_sync3_reg>.
    Found 1-bit register for signal <bad_frame_sync4_reg>.
    Found 1-bit register for signal <good_frame_sync2_reg>.
    Found 1-bit register for signal <good_frame_sync3_reg>.
    Found 1-bit register for signal <good_frame_sync4_reg>.
    Found 1-bit register for signal <m_axis_tvalid_pipe_reg<1>>.
    Found 1-bit register for signal <m_axis_tvalid_pipe_reg<0>>.
    Found 1-bit register for signal <m_terminate_frame_reg>.
    Found 1-bit register for signal <m_axis_pipe_reg<1><9>>.
    Found 1-bit register for signal <m_axis_pipe_reg<1><8>>.
    Found 1-bit register for signal <m_axis_pipe_reg<1><7>>.
    Found 1-bit register for signal <m_axis_pipe_reg<1><6>>.
    Found 1-bit register for signal <m_axis_pipe_reg<1><5>>.
    Found 1-bit register for signal <m_axis_pipe_reg<1><4>>.
    Found 1-bit register for signal <m_axis_pipe_reg<1><3>>.
    Found 1-bit register for signal <m_axis_pipe_reg<1><2>>.
    Found 1-bit register for signal <m_axis_pipe_reg<1><1>>.
    Found 1-bit register for signal <m_axis_pipe_reg<1><0>>.
    Found 1-bit register for signal <m_axis_pipe_reg<0><9>>.
    Found 1-bit register for signal <m_axis_pipe_reg<0><8>>.
    Found 1-bit register for signal <m_axis_pipe_reg<0><7>>.
    Found 1-bit register for signal <m_axis_pipe_reg<0><6>>.
    Found 1-bit register for signal <m_axis_pipe_reg<0><5>>.
    Found 1-bit register for signal <m_axis_pipe_reg<0><4>>.
    Found 1-bit register for signal <m_axis_pipe_reg<0><3>>.
    Found 1-bit register for signal <m_axis_pipe_reg<0><2>>.
    Found 1-bit register for signal <m_axis_pipe_reg<0><1>>.
    Found 1-bit register for signal <m_axis_pipe_reg<0><0>>.
    Found 12-bit register for signal <rd_ptr_reg>.
    Found 12-bit register for signal <rd_ptr_gray_reg>.
    Found 1-bit register for signal <m_frame_reg>.
    Found 1-bit register for signal <m_drop_frame_reg>.
    Found 12-bit register for signal <wr_ptr_conv_reg>.
    Found 12-bit register for signal <m_depth_reg>.
    Found 12-bit register for signal <m_depth_commit_reg>.
    Found 12-bit subtractor for signal <wr_ptr_reg[11]_rd_ptr_conv_reg[11]_sub_74_OUT> created at line 567.
    Found 12-bit subtractor for signal <wr_ptr_commit_reg[11]_rd_ptr_conv_reg[11]_sub_75_OUT> created at line 568.
    Found 12-bit subtractor for signal <wr_ptr_conv_reg[11]_rd_ptr_reg[11]_sub_127_OUT> created at line 729.
    Found 12-bit subtractor for signal <wr_ptr_commit_sync_reg[11]_rd_ptr_reg[11]_sub_128_OUT> created at line 730.
    Found 12-bit adder for signal <wr_ptr_reg[11]_GND_29_o_add_27_OUT> created at line 448.
    Found 12-bit adder for signal <rd_ptr_reg[11]_GND_29_o_add_100_OUT> created at line 673.
    Found 12-bit comparator equal for signal <full> created at line 264
    Found 12-bit comparator not equal for signal <empty> created at line 266
    Found 12-bit comparator equal for signal <full_wr> created at line 268
    Found 1-bit comparator equal for signal <wr_ptr_update_reg_wr_ptr_update_ack_sync2_reg_equal_18_o> created at line 393
    Summary:
	inferred   1 RAM(s).
	inferred   6 Adder/Subtractor(s).
	inferred 260 D-type flip-flop(s).
	inferred   4 Comparator(s).
	inferred  40 Multiplexer(s).
Unit <axis_async_fifo_2> synthesized.

Synthesizing Unit <eth_axis_rx>.
    Related source file is "/home/ise/VM_ISE/gbe_spartan-6/lib/eth/rtl/eth_axis_rx.v".
        DATA_WIDTH = 8
        KEEP_ENABLE = 1'b0
        KEEP_WIDTH = 1
WARNING:Xst:647 - Input <s_axis_tkeep> is never used. This port will be preserved and left unconnected if it belongs to a top-level block or it belongs to a sub-block and the hierarchy of this sub-block is preserved.
    Found 1-bit register for signal <read_eth_payload_reg>.
    Found 4-bit register for signal <ptr_reg>.
    Found 1-bit register for signal <s_axis_tready_reg>.
    Found 1-bit register for signal <m_eth_hdr_valid_reg>.
    Found 48-bit register for signal <m_eth_dest_mac_reg>.
    Found 48-bit register for signal <m_eth_src_mac_reg>.
    Found 16-bit register for signal <m_eth_type_reg>.
    Found 1-bit register for signal <error_header_early_termination_reg>.
    Found 1-bit register for signal <busy_reg>.
    Found 1-bit register for signal <shift_axis_extra_cycle_reg>.
    Found 1-bit register for signal <m_eth_payload_axis_tvalid_reg>.
    Found 1-bit register for signal <m_eth_payload_axis_tready_int_reg>.
    Found 1-bit register for signal <temp_m_eth_payload_axis_tvalid_reg>.
    Found 8-bit register for signal <m_eth_payload_axis_tdata_reg>.
    Found 1-bit register for signal <m_eth_payload_axis_tlast_reg>.
    Found 1-bit register for signal <m_eth_payload_axis_tuser_reg>.
    Found 8-bit register for signal <temp_m_eth_payload_axis_tdata_reg>.
    Found 1-bit register for signal <temp_m_eth_payload_axis_tlast_reg>.
    Found 1-bit register for signal <temp_m_eth_payload_axis_tuser_reg>.
    Found 1-bit register for signal <read_eth_header_reg>.
    Found 4-bit adder for signal <ptr_reg[3]_GND_31_o_add_4_OUT> created at line 217.
    Summary:
	inferred   1 Adder/Subtractor(s).
	inferred 145 D-type flip-flop(s).
	inferred 135 Multiplexer(s).
Unit <eth_axis_rx> synthesized.

Synthesizing Unit <eth_axis_tx>.
    Related source file is "/home/ise/VM_ISE/gbe_spartan-6/lib/eth/rtl/eth_axis_tx.v".
        DATA_WIDTH = 8
        KEEP_ENABLE = 1'b0
        KEEP_WIDTH = 1
WARNING:Xst:647 - Input <s_eth_payload_axis_tkeep> is never used. This port will be preserved and left unconnected if it belongs to a top-level block or it belongs to a sub-block and the hierarchy of this sub-block is preserved.
    Found 1-bit register for signal <send_eth_payload_reg>.
    Found 4-bit register for signal <ptr_reg>.
    Found 1-bit register for signal <s_eth_hdr_ready_reg>.
    Found 1-bit register for signal <s_eth_payload_axis_tready_reg>.
    Found 1-bit register for signal <busy_reg>.
    Found 48-bit register for signal <eth_dest_mac_reg>.
    Found 48-bit register for signal <eth_src_mac_reg>.
    Found 16-bit register for signal <eth_type_reg>.
    Found 1-bit register for signal <shift_eth_payload_axis_extra_cycle_reg>.
    Found 1-bit register for signal <m_axis_tvalid_reg>.
    Found 1-bit register for signal <m_axis_tready_int_reg>.
    Found 1-bit register for signal <temp_m_axis_tvalid_reg>.
    Found 8-bit register for signal <m_axis_tdata_reg>.
    Found 1-bit register for signal <m_axis_tlast_reg>.
    Found 1-bit register for signal <m_axis_tuser_reg>.
    Found 8-bit register for signal <temp_m_axis_tdata_reg>.
    Found 1-bit register for signal <temp_m_axis_tlast_reg>.
    Found 1-bit register for signal <temp_m_axis_tuser_reg>.
    Found 1-bit register for signal <send_eth_header_reg>.
    Found 4-bit adder for signal <ptr_reg[3]_GND_32_o_add_6_OUT> created at line 235.
    Found 8-bit 15-to-1 multiplexer for signal <GND_32_o_eth_type_reg[7]_mux_35_OUT> created at line 263.
    Summary:
	inferred   1 Adder/Subtractor(s).
	inferred 144 D-type flip-flop(s).
	inferred  38 Multiplexer(s).
Unit <eth_axis_tx> synthesized.

Synthesizing Unit <udp_complete>.
    Related source file is "/home/ise/VM_ISE/gbe_spartan-6/lib/eth/rtl/udp_complete.v".
        ARP_CACHE_ADDR_WIDTH = 9
        ARP_REQUEST_RETRY_COUNT = 4
        ARP_REQUEST_RETRY_INTERVAL = 250000000
        ARP_REQUEST_TIMEOUT = -544967296
        UDP_CHECKSUM_GEN_ENABLE = 1
        UDP_CHECKSUM_PAYLOAD_FIFO_DEPTH = 2048
        UDP_CHECKSUM_HEADER_FIFO_DEPTH = 8
INFO:Xst:3210 - "/home/ise/VM_ISE/gbe_spartan-6/lib/eth/rtl/udp_complete.v" line 369: Output port <m_eth_dest_mac> of the instance <ip_arb_mux_inst> is unconnected or connected to loadless signal.
INFO:Xst:3210 - "/home/ise/VM_ISE/gbe_spartan-6/lib/eth/rtl/udp_complete.v" line 369: Output port <m_eth_src_mac> of the instance <ip_arb_mux_inst> is unconnected or connected to loadless signal.
INFO:Xst:3210 - "/home/ise/VM_ISE/gbe_spartan-6/lib/eth/rtl/udp_complete.v" line 369: Output port <m_eth_type> of the instance <ip_arb_mux_inst> is unconnected or connected to loadless signal.
INFO:Xst:3210 - "/home/ise/VM_ISE/gbe_spartan-6/lib/eth/rtl/udp_complete.v" line 369: Output port <m_ip_version> of the instance <ip_arb_mux_inst> is unconnected or connected to loadless signal.
INFO:Xst:3210 - "/home/ise/VM_ISE/gbe_spartan-6/lib/eth/rtl/udp_complete.v" line 369: Output port <m_ip_ihl> of the instance <ip_arb_mux_inst> is unconnected or connected to loadless signal.
INFO:Xst:3210 - "/home/ise/VM_ISE/gbe_spartan-6/lib/eth/rtl/udp_complete.v" line 369: Output port <m_ip_identification> of the instance <ip_arb_mux_inst> is unconnected or connected to loadless signal.
INFO:Xst:3210 - "/home/ise/VM_ISE/gbe_spartan-6/lib/eth/rtl/udp_complete.v" line 369: Output port <m_ip_flags> of the instance <ip_arb_mux_inst> is unconnected or connected to loadless signal.
INFO:Xst:3210 - "/home/ise/VM_ISE/gbe_spartan-6/lib/eth/rtl/udp_complete.v" line 369: Output port <m_ip_fragment_offset> of the instance <ip_arb_mux_inst> is unconnected or connected to loadless signal.
INFO:Xst:3210 - "/home/ise/VM_ISE/gbe_spartan-6/lib/eth/rtl/udp_complete.v" line 369: Output port <m_ip_header_checksum> of the instance <ip_arb_mux_inst> is unconnected or connected to loadless signal.
INFO:Xst:3210 - "/home/ise/VM_ISE/gbe_spartan-6/lib/eth/rtl/udp_complete.v" line 369: Output port <m_ip_payload_axis_tkeep> of the instance <ip_arb_mux_inst> is unconnected or connected to loadless signal.
INFO:Xst:3210 - "/home/ise/VM_ISE/gbe_spartan-6/lib/eth/rtl/udp_complete.v" line 369: Output port <m_ip_payload_axis_tid> of the instance <ip_arb_mux_inst> is unconnected or connected to loadless signal.
INFO:Xst:3210 - "/home/ise/VM_ISE/gbe_spartan-6/lib/eth/rtl/udp_complete.v" line 369: Output port <m_ip_payload_axis_tdest> of the instance <ip_arb_mux_inst> is unconnected or connected to loadless signal.
INFO:Xst:3210 - "/home/ise/VM_ISE/gbe_spartan-6/lib/eth/rtl/udp_complete.v" line 526: Output port <m_ip_eth_dest_mac> of the instance <udp_inst> is unconnected or connected to loadless signal.
INFO:Xst:3210 - "/home/ise/VM_ISE/gbe_spartan-6/lib/eth/rtl/udp_complete.v" line 526: Output port <m_ip_eth_src_mac> of the instance <udp_inst> is unconnected or connected to loadless signal.
INFO:Xst:3210 - "/home/ise/VM_ISE/gbe_spartan-6/lib/eth/rtl/udp_complete.v" line 526: Output port <m_ip_eth_type> of the instance <udp_inst> is unconnected or connected to loadless signal.
INFO:Xst:3210 - "/home/ise/VM_ISE/gbe_spartan-6/lib/eth/rtl/udp_complete.v" line 526: Output port <m_ip_version> of the instance <udp_inst> is unconnected or connected to loadless signal.
INFO:Xst:3210 - "/home/ise/VM_ISE/gbe_spartan-6/lib/eth/rtl/udp_complete.v" line 526: Output port <m_ip_ihl> of the instance <udp_inst> is unconnected or connected to loadless signal.
INFO:Xst:3210 - "/home/ise/VM_ISE/gbe_spartan-6/lib/eth/rtl/udp_complete.v" line 526: Output port <m_ip_identification> of the instance <udp_inst> is unconnected or connected to loadless signal.
INFO:Xst:3210 - "/home/ise/VM_ISE/gbe_spartan-6/lib/eth/rtl/udp_complete.v" line 526: Output port <m_ip_flags> of the instance <udp_inst> is unconnected or connected to loadless signal.
INFO:Xst:3210 - "/home/ise/VM_ISE/gbe_spartan-6/lib/eth/rtl/udp_complete.v" line 526: Output port <m_ip_fragment_offset> of the instance <udp_inst> is unconnected or connected to loadless signal.
INFO:Xst:3210 - "/home/ise/VM_ISE/gbe_spartan-6/lib/eth/rtl/udp_complete.v" line 526: Output port <m_ip_header_checksum> of the instance <udp_inst> is unconnected or connected to loadless signal.
    Found 1-bit register for signal <s_select_ip_reg>.
    Found 1-bit register for signal <s_select_udp_reg>.
    Summary:
	inferred   2 D-type flip-flop(s).
	inferred   2 Multiplexer(s).
Unit <udp_complete> synthesized.

Synthesizing Unit <ip_arb_mux>.
    Related source file is "/home/ise/VM_ISE/gbe_spartan-6/lib/eth/rtl/ip_arb_mux.v".
        S_COUNT = 2
        DATA_WIDTH = 8
        KEEP_ENABLE = 0
        KEEP_WIDTH = 1
        ID_ENABLE = 0
        ID_WIDTH = 8
        DEST_ENABLE = 0
        DEST_WIDTH = 8
        USER_ENABLE = 1
        USER_WIDTH = 1
        ARB_TYPE_ROUND_ROBIN = 0
        ARB_LSB_HIGH_PRIORITY = 1
WARNING:Xst:647 - Input <s_ip_payload_axis_tkeep> is never used. This port will be preserved and left unconnected if it belongs to a top-level block or it belongs to a sub-block and the hierarchy of this sub-block is preserved.
WARNING:Xst:647 - Input <s_ip_payload_axis_tid> is never used. This port will be preserved and left unconnected if it belongs to a top-level block or it belongs to a sub-block and the hierarchy of this sub-block is preserved.
WARNING:Xst:647 - Input <s_ip_payload_axis_tdest> is never used. This port will be preserved and left unconnected if it belongs to a top-level block or it belongs to a sub-block and the hierarchy of this sub-block is preserved.
    Found 2-bit register for signal <s_ip_hdr_ready_reg>.
    Found 1-bit register for signal <m_ip_hdr_valid_reg>.
    Found 48-bit register for signal <m_eth_dest_mac_reg>.
    Found 48-bit register for signal <m_eth_src_mac_reg>.
    Found 16-bit register for signal <m_eth_type_reg>.
    Found 4-bit register for signal <m_ip_version_reg>.
    Found 4-bit register for signal <m_ip_ihl_reg>.
    Found 6-bit register for signal <m_ip_dscp_reg>.
    Found 2-bit register for signal <m_ip_ecn_reg>.
    Found 16-bit register for signal <m_ip_length_reg>.
    Found 16-bit register for signal <m_ip_identification_reg>.
    Found 3-bit register for signal <m_ip_flags_reg>.
    Found 13-bit register for signal <m_ip_fragment_offset_reg>.
    Found 8-bit register for signal <m_ip_ttl_reg>.
    Found 8-bit register for signal <m_ip_protocol_reg>.
    Found 16-bit register for signal <m_ip_header_checksum_reg>.
    Found 32-bit register for signal <m_ip_source_ip_reg>.
    Found 32-bit register for signal <m_ip_dest_ip_reg>.
    Found 1-bit register for signal <m_ip_payload_axis_tvalid_reg>.
    Found 1-bit register for signal <m_ip_payload_axis_tready_int_reg>.
    Found 1-bit register for signal <temp_m_ip_payload_axis_tvalid_reg>.
    Found 8-bit register for signal <m_ip_payload_axis_tdata_reg>.
    Found 1-bit register for signal <m_ip_payload_axis_tlast_reg>.
    Found 1-bit register for signal <m_ip_payload_axis_tuser_reg>.
    Found 8-bit register for signal <temp_m_ip_payload_axis_tdata_reg>.
    Found 1-bit register for signal <temp_m_ip_payload_axis_tlast_reg>.
    Found 1-bit register for signal <temp_m_ip_payload_axis_tuser_reg>.
    Found 1-bit register for signal <frame_reg>.
    Found 2-bit shifter logical left for signal <s_ip_payload_axis_tready> created at line 79
    Found 24-bit shifter logical right for signal <n0231> created at line 180
    Found 3-bit shifter logical right for signal <n0232> created at line 187
    Found 1x6-bit multiplier for signal <grant_encoded[0]_PWR_33_o_MuLt_28_OUT> created at line 247.
    Found 144-bit shifter logical right for signal <n0239> created at line 248
    Found 48-bit shifter logical right for signal <n0241> created at line 255
    Found 12-bit shifter logical right for signal <n0242> created at line 251
    Found 1x3-bit multiplier for signal <grant_encoded[0]_PWR_33_o_MuLt_35_OUT> created at line 252.
    Found 18-bit shifter logical right for signal <n0245> created at line 252
    Found 6-bit shifter logical right for signal <n0246> created at line 253
    Found 48-bit shifter logical right for signal <n0247> created at line 254
    Found 1x2-bit multiplier for signal <grant_encoded[0]_PWR_33_o_MuLt_40_OUT> created at line 256.
    Found 9-bit shifter logical right for signal <n0250> created at line 256
    Found 1x4-bit multiplier for signal <grant_encoded[0]_PWR_33_o_MuLt_42_OUT> created at line 257.
    Found 39-bit shifter logical right for signal <n0252> created at line 257
    Found 24-bit shifter logical right for signal <n0253> created at line 258
    Found 24-bit shifter logical right for signal <n0254> created at line 259
    Found 96-bit shifter logical right for signal <n0256> created at line 261
    Found 96-bit shifter logical right for signal <n0257> created at line 262
    Summary:
	inferred   4 Multiplier(s).
	inferred 299 D-type flip-flop(s).
	inferred  12 Multiplexer(s).
	inferred  15 Combinational logic shifter(s).
Unit <ip_arb_mux> synthesized.

Synthesizing Unit <arbiter>.
    Related source file is "/home/ise/VM_ISE/gbe_spartan-6/lib/eth/lib/axis/rtl/arbiter.v".
        PORTS = 2
        ARB_TYPE_ROUND_ROBIN = 0
        ARB_BLOCK = 1
        ARB_BLOCK_ACK = 1
        ARB_LSB_HIGH_PRIORITY = 1
INFO:Xst:3210 - "/home/ise/VM_ISE/gbe_spartan-6/lib/eth/lib/axis/rtl/arbiter.v" line 91: Output port <output_encoded> of the instance <priority_encoder_masked> is unconnected or connected to loadless signal.
INFO:Xst:3210 - "/home/ise/VM_ISE/gbe_spartan-6/lib/eth/lib/axis/rtl/arbiter.v" line 91: Output port <output_unencoded> of the instance <priority_encoder_masked> is unconnected or connected to loadless signal.
INFO:Xst:3210 - "/home/ise/VM_ISE/gbe_spartan-6/lib/eth/lib/axis/rtl/arbiter.v" line 91: Output port <output_valid> of the instance <priority_encoder_masked> is unconnected or connected to loadless signal.
    Found 1-bit register for signal <grant_valid_reg>.
    Found 1-bit register for signal <grant_encoded_reg>.
    Found 2-bit register for signal <grant_reg>.
    Summary:
	inferred   4 D-type flip-flop(s).
	inferred   2 Multiplexer(s).
Unit <arbiter> synthesized.

Synthesizing Unit <priority_encoder>.
    Related source file is "/home/ise/VM_ISE/gbe_spartan-6/lib/eth/lib/axis/rtl/priority_encoder.v".
        WIDTH = 2
        LSB_HIGH_PRIORITY = 1
    Found 32-bit shifter logical left for signal <n0007> created at line 88
    Summary:
	inferred   1 Combinational logic shifter(s).
Unit <priority_encoder> synthesized.

Synthesizing Unit <ip_complete>.
    Related source file is "/home/ise/VM_ISE/gbe_spartan-6/lib/eth/rtl/ip_complete.v".
        ARP_CACHE_ADDR_WIDTH = 9
        ARP_REQUEST_RETRY_COUNT = 4
        ARP_REQUEST_RETRY_INTERVAL = 250000000
        ARP_REQUEST_TIMEOUT = -544967296
WARNING:Xst:2898 - Port 's_eth_payload_axis_tkeep', unconnected in block instance 'arp_inst', is tied to GND.
INFO:Xst:3210 - "/home/ise/VM_ISE/gbe_spartan-6/lib/eth/rtl/ip_complete.v" line 269: Output port <m_eth_payload_axis_tkeep> of the instance <eth_arb_mux_inst> is unconnected or connected to loadless signal.
INFO:Xst:3210 - "/home/ise/VM_ISE/gbe_spartan-6/lib/eth/rtl/ip_complete.v" line 269: Output port <m_eth_payload_axis_tid> of the instance <eth_arb_mux_inst> is unconnected or connected to loadless signal.
INFO:Xst:3210 - "/home/ise/VM_ISE/gbe_spartan-6/lib/eth/rtl/ip_complete.v" line 269: Output port <m_eth_payload_axis_tdest> of the instance <eth_arb_mux_inst> is unconnected or connected to loadless signal.
INFO:Xst:3210 - "/home/ise/VM_ISE/gbe_spartan-6/lib/eth/rtl/ip_complete.v" line 401: Output port <m_eth_payload_axis_tkeep> of the instance <arp_inst> is unconnected or connected to loadless signal.
    Found 1-bit register for signal <s_select_arp_reg>.
    Found 1-bit register for signal <s_select_none_reg>.
    Found 1-bit register for signal <s_select_ip_reg>.
    Summary:
	inferred   3 D-type flip-flop(s).
	inferred   3 Multiplexer(s).
Unit <ip_complete> synthesized.

Synthesizing Unit <eth_arb_mux>.
    Related source file is "/home/ise/VM_ISE/gbe_spartan-6/lib/eth/rtl/eth_arb_mux.v".
        S_COUNT = 2
        DATA_WIDTH = 8
        KEEP_ENABLE = 0
        KEEP_WIDTH = 1
        ID_ENABLE = 0
        ID_WIDTH = 8
        DEST_ENABLE = 0
        DEST_WIDTH = 8
        USER_ENABLE = 1
        USER_WIDTH = 1
        ARB_TYPE_ROUND_ROBIN = 0
        ARB_LSB_HIGH_PRIORITY = 1
WARNING:Xst:647 - Input <s_eth_payload_axis_tkeep> is never used. This port will be preserved and left unconnected if it belongs to a top-level block or it belongs to a sub-block and the hierarchy of this sub-block is preserved.
WARNING:Xst:647 - Input <s_eth_payload_axis_tid> is never used. This port will be preserved and left unconnected if it belongs to a top-level block or it belongs to a sub-block and the hierarchy of this sub-block is preserved.
WARNING:Xst:647 - Input <s_eth_payload_axis_tdest> is never used. This port will be preserved and left unconnected if it belongs to a top-level block or it belongs to a sub-block and the hierarchy of this sub-block is preserved.
    Found 2-bit register for signal <s_eth_hdr_ready_reg>.
    Found 1-bit register for signal <m_eth_hdr_valid_reg>.
    Found 48-bit register for signal <m_eth_dest_mac_reg>.
    Found 48-bit register for signal <m_eth_src_mac_reg>.
    Found 16-bit register for signal <m_eth_type_reg>.
    Found 1-bit register for signal <m_eth_payload_axis_tvalid_reg>.
    Found 1-bit register for signal <m_eth_payload_axis_tready_int_reg>.
    Found 1-bit register for signal <temp_m_eth_payload_axis_tvalid_reg>.
    Found 8-bit register for signal <m_eth_payload_axis_tdata_reg>.
    Found 1-bit register for signal <m_eth_payload_axis_tlast_reg>.
    Found 1-bit register for signal <m_eth_payload_axis_tuser_reg>.
    Found 8-bit register for signal <temp_m_eth_payload_axis_tdata_reg>.
    Found 1-bit register for signal <temp_m_eth_payload_axis_tlast_reg>.
    Found 1-bit register for signal <temp_m_eth_payload_axis_tuser_reg>.
    Found 1-bit register for signal <frame_reg>.
    Found 2-bit shifter logical left for signal <s_eth_payload_axis_tready> created at line 66
    Found 24-bit shifter logical right for signal <n0124> created at line 128
    Found 3-bit shifter logical right for signal <n0125> created at line 135
    Found 1x6-bit multiplier for signal <grant_encoded[0]_PWR_37_o_MuLt_15_OUT> created at line 182.
    Found 144-bit shifter logical right for signal <n0132> created at line 182
    Found 144-bit shifter logical right for signal <n0133> created at line 183
    Found 48-bit shifter logical right for signal <n0134> created at line 184
    Summary:
	inferred   1 Multiplier(s).
	inferred 139 D-type flip-flop(s).
	inferred  12 Multiplexer(s).
	inferred   6 Combinational logic shifter(s).
Unit <eth_arb_mux> synthesized.

Synthesizing Unit <ip>.
    Related source file is "/home/ise/VM_ISE/gbe_spartan-6/lib/eth/rtl/ip.v".
WARNING:Xst:647 - Input <local_ip> is never used. This port will be preserved and left unconnected if it belongs to a top-level block or it belongs to a sub-block and the hierarchy of this sub-block is preserved.
    Found 1-bit register for signal <arp_request_valid_reg>.
    Found 1-bit register for signal <arp_response_ready_reg>.
    Found 1-bit register for signal <drop_packet_reg>.
    Found 1-bit register for signal <s_ip_hdr_ready_reg>.
    Found 1-bit register for signal <outgoing_ip_hdr_valid_reg>.
    Found 48-bit register for signal <outgoing_eth_dest_mac_reg>.
    Found 2-bit register for signal <state_reg>.
    Found finite state machine <FSM_5> for signal <state_reg>.
    -----------------------------------------------------------------------
    | States             | 3                                              |
    | Transitions        | 8                                              |
    | Inputs             | 5                                              |
    | Outputs            | 2                                              |
    | Clock              | clk (rising_edge)                              |
    | Reset              | rst (positive)                                 |
    | Reset type         | synchronous                                    |
    | Reset State        | 00                                             |
    | Power Up State     | 00                                             |
    | Encoding           | auto                                           |
    | Implementation     | LUT                                            |
    -----------------------------------------------------------------------
    Summary:
	inferred  53 D-type flip-flop(s).
	inferred   4 Multiplexer(s).
	inferred   1 Finite State Machine(s).
Unit <ip> synthesized.

Synthesizing Unit <ip_eth_rx>.
    Related source file is "/home/ise/VM_ISE/gbe_spartan-6/lib/eth/rtl/ip_eth_rx.v".
    Found 1-bit register for signal <s_eth_hdr_ready_reg>.
    Found 1-bit register for signal <s_eth_payload_axis_tready_reg>.
    Found 1-bit register for signal <m_ip_hdr_valid_reg>.
    Found 1-bit register for signal <busy_reg>.
    Found 1-bit register for signal <error_header_early_termination_reg>.
    Found 1-bit register for signal <error_payload_early_termination_reg>.
    Found 1-bit register for signal <error_invalid_header_reg>.
    Found 1-bit register for signal <error_invalid_checksum_reg>.
    Found 6-bit register for signal <hdr_ptr_reg>.
    Found 16-bit register for signal <word_count_reg>.
    Found 16-bit register for signal <hdr_sum_reg>.
    Found 48-bit register for signal <m_eth_dest_mac_reg>.
    Found 48-bit register for signal <m_eth_src_mac_reg>.
    Found 16-bit register for signal <m_eth_type_reg>.
    Found 8-bit register for signal <last_word_data_reg>.
    Found 4-bit register for signal <m_ip_ihl_reg>.
    Found 4-bit register for signal <m_ip_version_reg>.
    Found 2-bit register for signal <m_ip_ecn_reg>.
    Found 6-bit register for signal <m_ip_dscp_reg>.
    Found 1-bit register for signal <m_ip_length_reg<15>>.
    Found 1-bit register for signal <m_ip_length_reg<14>>.
    Found 1-bit register for signal <m_ip_length_reg<13>>.
    Found 1-bit register for signal <m_ip_length_reg<12>>.
    Found 1-bit register for signal <m_ip_length_reg<11>>.
    Found 1-bit register for signal <m_ip_length_reg<10>>.
    Found 1-bit register for signal <m_ip_length_reg<9>>.
    Found 1-bit register for signal <m_ip_length_reg<8>>.
    Found 1-bit register for signal <m_ip_length_reg<7>>.
    Found 1-bit register for signal <m_ip_length_reg<6>>.
    Found 1-bit register for signal <m_ip_length_reg<5>>.
    Found 1-bit register for signal <m_ip_length_reg<4>>.
    Found 1-bit register for signal <m_ip_length_reg<3>>.
    Found 1-bit register for signal <m_ip_length_reg<2>>.
    Found 1-bit register for signal <m_ip_length_reg<1>>.
    Found 1-bit register for signal <m_ip_length_reg<0>>.
    Found 1-bit register for signal <m_ip_identification_reg<15>>.
    Found 1-bit register for signal <m_ip_identification_reg<14>>.
    Found 1-bit register for signal <m_ip_identification_reg<13>>.
    Found 1-bit register for signal <m_ip_identification_reg<12>>.
    Found 1-bit register for signal <m_ip_identification_reg<11>>.
    Found 1-bit register for signal <m_ip_identification_reg<10>>.
    Found 1-bit register for signal <m_ip_identification_reg<9>>.
    Found 1-bit register for signal <m_ip_identification_reg<8>>.
    Found 1-bit register for signal <m_ip_identification_reg<7>>.
    Found 1-bit register for signal <m_ip_identification_reg<6>>.
    Found 1-bit register for signal <m_ip_identification_reg<5>>.
    Found 1-bit register for signal <m_ip_identification_reg<4>>.
    Found 1-bit register for signal <m_ip_identification_reg<3>>.
    Found 1-bit register for signal <m_ip_identification_reg<2>>.
    Found 1-bit register for signal <m_ip_identification_reg<1>>.
    Found 1-bit register for signal <m_ip_identification_reg<0>>.
    Found 1-bit register for signal <m_ip_fragment_offset_reg<12>>.
    Found 1-bit register for signal <m_ip_fragment_offset_reg<11>>.
    Found 1-bit register for signal <m_ip_fragment_offset_reg<10>>.
    Found 1-bit register for signal <m_ip_fragment_offset_reg<9>>.
    Found 1-bit register for signal <m_ip_fragment_offset_reg<8>>.
    Found 1-bit register for signal <m_ip_fragment_offset_reg<7>>.
    Found 1-bit register for signal <m_ip_fragment_offset_reg<6>>.
    Found 1-bit register for signal <m_ip_fragment_offset_reg<5>>.
    Found 1-bit register for signal <m_ip_fragment_offset_reg<4>>.
    Found 1-bit register for signal <m_ip_fragment_offset_reg<3>>.
    Found 1-bit register for signal <m_ip_fragment_offset_reg<2>>.
    Found 1-bit register for signal <m_ip_fragment_offset_reg<1>>.
    Found 1-bit register for signal <m_ip_fragment_offset_reg<0>>.
    Found 3-bit register for signal <m_ip_flags_reg>.
    Found 8-bit register for signal <m_ip_ttl_reg>.
    Found 8-bit register for signal <m_ip_protocol_reg>.
    Found 1-bit register for signal <m_ip_header_checksum_reg<15>>.
    Found 1-bit register for signal <m_ip_header_checksum_reg<14>>.
    Found 1-bit register for signal <m_ip_header_checksum_reg<13>>.
    Found 1-bit register for signal <m_ip_header_checksum_reg<12>>.
    Found 1-bit register for signal <m_ip_header_checksum_reg<11>>.
    Found 1-bit register for signal <m_ip_header_checksum_reg<10>>.
    Found 1-bit register for signal <m_ip_header_checksum_reg<9>>.
    Found 1-bit register for signal <m_ip_header_checksum_reg<8>>.
    Found 1-bit register for signal <m_ip_header_checksum_reg<7>>.
    Found 1-bit register for signal <m_ip_header_checksum_reg<6>>.
    Found 1-bit register for signal <m_ip_header_checksum_reg<5>>.
    Found 1-bit register for signal <m_ip_header_checksum_reg<4>>.
    Found 1-bit register for signal <m_ip_header_checksum_reg<3>>.
    Found 1-bit register for signal <m_ip_header_checksum_reg<2>>.
    Found 1-bit register for signal <m_ip_header_checksum_reg<1>>.
    Found 1-bit register for signal <m_ip_header_checksum_reg<0>>.
    Found 1-bit register for signal <m_ip_source_ip_reg<31>>.
    Found 1-bit register for signal <m_ip_source_ip_reg<30>>.
    Found 1-bit register for signal <m_ip_source_ip_reg<29>>.
    Found 1-bit register for signal <m_ip_source_ip_reg<28>>.
    Found 1-bit register for signal <m_ip_source_ip_reg<27>>.
    Found 1-bit register for signal <m_ip_source_ip_reg<26>>.
    Found 1-bit register for signal <m_ip_source_ip_reg<25>>.
    Found 1-bit register for signal <m_ip_source_ip_reg<24>>.
    Found 1-bit register for signal <m_ip_source_ip_reg<23>>.
    Found 1-bit register for signal <m_ip_source_ip_reg<22>>.
    Found 1-bit register for signal <m_ip_source_ip_reg<21>>.
    Found 1-bit register for signal <m_ip_source_ip_reg<20>>.
    Found 1-bit register for signal <m_ip_source_ip_reg<19>>.
    Found 1-bit register for signal <m_ip_source_ip_reg<18>>.
    Found 1-bit register for signal <m_ip_source_ip_reg<17>>.
    Found 1-bit register for signal <m_ip_source_ip_reg<16>>.
    Found 1-bit register for signal <m_ip_source_ip_reg<15>>.
    Found 1-bit register for signal <m_ip_source_ip_reg<14>>.
    Found 1-bit register for signal <m_ip_source_ip_reg<13>>.
    Found 1-bit register for signal <m_ip_source_ip_reg<12>>.
    Found 1-bit register for signal <m_ip_source_ip_reg<11>>.
    Found 1-bit register for signal <m_ip_source_ip_reg<10>>.
    Found 1-bit register for signal <m_ip_source_ip_reg<9>>.
    Found 1-bit register for signal <m_ip_source_ip_reg<8>>.
    Found 1-bit register for signal <m_ip_source_ip_reg<7>>.
    Found 1-bit register for signal <m_ip_source_ip_reg<6>>.
    Found 1-bit register for signal <m_ip_source_ip_reg<5>>.
    Found 1-bit register for signal <m_ip_source_ip_reg<4>>.
    Found 1-bit register for signal <m_ip_source_ip_reg<3>>.
    Found 1-bit register for signal <m_ip_source_ip_reg<2>>.
    Found 1-bit register for signal <m_ip_source_ip_reg<1>>.
    Found 1-bit register for signal <m_ip_source_ip_reg<0>>.
    Found 1-bit register for signal <m_ip_dest_ip_reg<31>>.
    Found 1-bit register for signal <m_ip_dest_ip_reg<30>>.
    Found 1-bit register for signal <m_ip_dest_ip_reg<29>>.
    Found 1-bit register for signal <m_ip_dest_ip_reg<28>>.
    Found 1-bit register for signal <m_ip_dest_ip_reg<27>>.
    Found 1-bit register for signal <m_ip_dest_ip_reg<26>>.
    Found 1-bit register for signal <m_ip_dest_ip_reg<25>>.
    Found 1-bit register for signal <m_ip_dest_ip_reg<24>>.
    Found 1-bit register for signal <m_ip_dest_ip_reg<23>>.
    Found 1-bit register for signal <m_ip_dest_ip_reg<22>>.
    Found 1-bit register for signal <m_ip_dest_ip_reg<21>>.
    Found 1-bit register for signal <m_ip_dest_ip_reg<20>>.
    Found 1-bit register for signal <m_ip_dest_ip_reg<19>>.
    Found 1-bit register for signal <m_ip_dest_ip_reg<18>>.
    Found 1-bit register for signal <m_ip_dest_ip_reg<17>>.
    Found 1-bit register for signal <m_ip_dest_ip_reg<16>>.
    Found 1-bit register for signal <m_ip_dest_ip_reg<15>>.
    Found 1-bit register for signal <m_ip_dest_ip_reg<14>>.
    Found 1-bit register for signal <m_ip_dest_ip_reg<13>>.
    Found 1-bit register for signal <m_ip_dest_ip_reg<12>>.
    Found 1-bit register for signal <m_ip_dest_ip_reg<11>>.
    Found 1-bit register for signal <m_ip_dest_ip_reg<10>>.
    Found 1-bit register for signal <m_ip_dest_ip_reg<9>>.
    Found 1-bit register for signal <m_ip_dest_ip_reg<8>>.
    Found 1-bit register for signal <m_ip_dest_ip_reg<7>>.
    Found 1-bit register for signal <m_ip_dest_ip_reg<6>>.
    Found 1-bit register for signal <m_ip_dest_ip_reg<5>>.
    Found 1-bit register for signal <m_ip_dest_ip_reg<4>>.
    Found 1-bit register for signal <m_ip_dest_ip_reg<3>>.
    Found 1-bit register for signal <m_ip_dest_ip_reg<2>>.
    Found 1-bit register for signal <m_ip_dest_ip_reg<1>>.
    Found 1-bit register for signal <m_ip_dest_ip_reg<0>>.
    Found 1-bit register for signal <m_ip_payload_axis_tvalid_reg>.
    Found 1-bit register for signal <m_ip_payload_axis_tready_int_reg>.
    Found 1-bit register for signal <temp_m_ip_payload_axis_tvalid_reg>.
    Found 8-bit register for signal <m_ip_payload_axis_tdata_reg>.
    Found 1-bit register for signal <m_ip_payload_axis_tlast_reg>.
    Found 1-bit register for signal <m_ip_payload_axis_tuser_reg>.
    Found 8-bit register for signal <temp_m_ip_payload_axis_tdata_reg>.
    Found 1-bit register for signal <temp_m_ip_payload_axis_tlast_reg>.
    Found 1-bit register for signal <temp_m_ip_payload_axis_tuser_reg>.
    Found 3-bit register for signal <state_reg>.
    Found finite state machine <FSM_6> for signal <state_reg>.
    -----------------------------------------------------------------------
    | States             | 5                                              |
    | Transitions        | 23                                             |
    | Inputs             | 9                                              |
    | Outputs            | 4                                              |
    | Clock              | clk (rising_edge)                              |
    | Reset              | rst (positive)                                 |
    | Reset type         | synchronous                                    |
    | Reset State        | 000                                            |
    | Power Up State     | 000                                            |
    | Encoding           | auto                                           |
    | Implementation     | LUT                                            |
    -----------------------------------------------------------------------
    Found 16-bit subtractor for signal <word_count_reg[15]_GND_44_o_sub_80_OUT> created at line 369.
    Found 6-bit adder for signal <hdr_ptr_reg[5]_GND_44_o_add_18_OUT> created at line 302.
    Found 17-bit adder for signal <n0607> created at line 227.
    Found 16-bit adder for signal <hdr_sum_reg[15]_GND_44_o_add_20_OUT> created at line 228.
    Found 17-bit adder for signal <n0613> created at line 227.
    Found 16-bit adder for signal <hdr_sum_reg[15]_GND_44_o_add_22_OUT> created at line 228.
    Found 16-bit subtractor for signal <GND_44_o_GND_44_o_sub_18_OUT<15:0>> created at line 298.
    Found 1-bit 6-to-1 multiplexer for signal <s_eth_payload_axis_tready_next> created at line 279.
    Found 16-bit comparator greater for signal <GND_44_o_word_count_reg[15]_LessThan_81_o> created at line 372
    Summary:
	inferred   5 Adder/Subtractor(s).
	inferred 349 D-type flip-flop(s).
	inferred   1 Comparator(s).
	inferred 105 Multiplexer(s).
	inferred   1 Finite State Machine(s).
Unit <ip_eth_rx> synthesized.

Synthesizing Unit <ip_eth_tx>.
    Related source file is "/home/ise/VM_ISE/gbe_spartan-6/lib/eth/rtl/ip_eth_tx.v".
    Found 1-bit register for signal <s_ip_hdr_ready_reg>.
    Found 1-bit register for signal <s_ip_payload_axis_tready_reg>.
    Found 1-bit register for signal <m_eth_hdr_valid_reg>.
    Found 1-bit register for signal <busy_reg>.
    Found 1-bit register for signal <error_payload_early_termination_reg>.
    Found 6-bit register for signal <hdr_ptr_reg>.
    Found 16-bit register for signal <word_count_reg>.
    Found 16-bit register for signal <hdr_sum_reg>.
    Found 48-bit register for signal <m_eth_dest_mac_reg>.
    Found 48-bit register for signal <m_eth_src_mac_reg>.
    Found 16-bit register for signal <m_eth_type_reg>.
    Found 6-bit register for signal <ip_dscp_reg>.
    Found 2-bit register for signal <ip_ecn_reg>.
    Found 16-bit register for signal <ip_length_reg>.
    Found 16-bit register for signal <ip_identification_reg>.
    Found 3-bit register for signal <ip_flags_reg>.
    Found 13-bit register for signal <ip_fragment_offset_reg>.
    Found 8-bit register for signal <ip_ttl_reg>.
    Found 8-bit register for signal <ip_protocol_reg>.
    Found 32-bit register for signal <ip_source_ip_reg>.
    Found 32-bit register for signal <ip_dest_ip_reg>.
    Found 8-bit register for signal <last_word_data_reg>.
    Found 1-bit register for signal <m_eth_payload_axis_tvalid_reg>.
    Found 1-bit register for signal <m_eth_payload_axis_tready_int_reg>.
    Found 1-bit register for signal <temp_m_eth_payload_axis_tvalid_reg>.
    Found 8-bit register for signal <m_eth_payload_axis_tdata_reg>.
    Found 1-bit register for signal <m_eth_payload_axis_tlast_reg>.
    Found 1-bit register for signal <m_eth_payload_axis_tuser_reg>.
    Found 8-bit register for signal <temp_m_eth_payload_axis_tdata_reg>.
    Found 1-bit register for signal <temp_m_eth_payload_axis_tlast_reg>.
    Found 1-bit register for signal <temp_m_eth_payload_axis_tuser_reg>.
    Found 3-bit register for signal <state_reg>.
INFO:Xst:1799 - State 100 is never reached in FSM <state_reg>.
    Found finite state machine <FSM_7> for signal <state_reg>.
    -----------------------------------------------------------------------
    | States             | 5                                              |
    | Transitions        | 15                                             |
    | Inputs             | 8                                              |
    | Outputs            | 3                                              |
    | Clock              | clk (rising_edge)                              |
    | Reset              | rst (positive)                                 |
    | Reset type         | synchronous                                    |
    | Reset State        | 000                                            |
    | Power Up State     | 000                                            |
    | Encoding           | auto                                           |
    | Implementation     | LUT                                            |
    -----------------------------------------------------------------------
    Found 16-bit subtractor for signal <word_count_reg[15]_GND_45_o_sub_59_OUT> created at line 306.
    Found 6-bit adder for signal <hdr_ptr_reg[5]_GND_45_o_add_9_OUT> created at line 234.
    Found 17-bit adder for signal <n0321> created at line 180.
    Found 16-bit adder for signal <hdr_sum_reg[15]_GND_45_o_add_11_OUT> created at line 181.
    Found 17-bit adder for signal <n0327> created at line 180.
    Found 16-bit adder for signal <hdr_sum_reg[15]_GND_45_o_add_13_OUT> created at line 181.
    Found 17-bit adder for signal <n0333> created at line 180.
    Found 16-bit adder for signal <hdr_sum_reg[15]_GND_45_o_add_15_OUT> created at line 181.
    Found 17-bit adder for signal <n0339> created at line 180.
    Found 16-bit adder for signal <hdr_sum_reg[15]_GND_45_o_add_17_OUT> created at line 181.
    Found 17-bit adder for signal <n0345> created at line 180.
    Found 16-bit adder for signal <hdr_sum_reg[15]_GND_45_o_add_19_OUT> created at line 181.
    Found 17-bit adder for signal <n0351> created at line 180.
    Found 16-bit adder for signal <hdr_sum_reg[15]_GND_45_o_add_21_OUT> created at line 181.
    Found 17-bit adder for signal <n0357> created at line 180.
    Found 16-bit adder for signal <hdr_sum_reg[15]_GND_45_o_add_23_OUT> created at line 181.
    Found 17-bit adder for signal <n0363> created at line 180.
    Found 16-bit adder for signal <hdr_sum_reg[15]_GND_45_o_add_25_OUT> created at line 181.
    Found 16-bit subtractor for signal <GND_45_o_GND_45_o_sub_9_OUT<15:0>> created at line 231.
    Found 8-bit 5-to-1 multiplexer for signal <m_eth_payload_axis_tdata_int> created at line 209.
    Found 1-bit 5-to-1 multiplexer for signal <m_eth_payload_axis_tvalid_int> created at line 209.
    Found 8-bit 22-to-1 multiplexer for signal <_n0473> created at line 237.
    Summary:
	inferred  11 Adder/Subtractor(s).
	inferred 322 D-type flip-flop(s).
	inferred  62 Multiplexer(s).
	inferred   1 Finite State Machine(s).
Unit <ip_eth_tx> synthesized.

Synthesizing Unit <arp>.
    Related source file is "/home/ise/VM_ISE/gbe_spartan-6/lib/eth/rtl/arp.v".
        DATA_WIDTH = 8
        KEEP_ENABLE = 1'b0
        KEEP_WIDTH = 1
        CACHE_ADDR_WIDTH = 9
        REQUEST_RETRY_COUNT = 4
        REQUEST_RETRY_INTERVAL = 250000000
        REQUEST_TIMEOUT = -544967296
INFO:Xst:3210 - "/home/ise/VM_ISE/gbe_spartan-6/lib/eth/rtl/arp.v" line 136: Output port <m_eth_dest_mac> of the instance <arp_eth_rx_inst> is unconnected or connected to loadless signal.
INFO:Xst:3210 - "/home/ise/VM_ISE/gbe_spartan-6/lib/eth/rtl/arp.v" line 136: Output port <m_arp_hlen> of the instance <arp_eth_rx_inst> is unconnected or connected to loadless signal.
INFO:Xst:3210 - "/home/ise/VM_ISE/gbe_spartan-6/lib/eth/rtl/arp.v" line 136: Output port <m_arp_plen> of the instance <arp_eth_rx_inst> is unconnected or connected to loadless signal.
INFO:Xst:3210 - "/home/ise/VM_ISE/gbe_spartan-6/lib/eth/rtl/arp.v" line 136: Output port <busy> of the instance <arp_eth_rx_inst> is unconnected or connected to loadless signal.
INFO:Xst:3210 - "/home/ise/VM_ISE/gbe_spartan-6/lib/eth/rtl/arp.v" line 136: Output port <error_header_early_termination> of the instance <arp_eth_rx_inst> is unconnected or connected to loadless signal.
INFO:Xst:3210 - "/home/ise/VM_ISE/gbe_spartan-6/lib/eth/rtl/arp.v" line 136: Output port <error_invalid_header> of the instance <arp_eth_rx_inst> is unconnected or connected to loadless signal.
INFO:Xst:3210 - "/home/ise/VM_ISE/gbe_spartan-6/lib/eth/rtl/arp.v" line 184: Output port <busy> of the instance <arp_eth_tx_inst> is unconnected or connected to loadless signal.
INFO:Xst:3210 - "/home/ise/VM_ISE/gbe_spartan-6/lib/eth/rtl/arp.v" line 232: Output port <query_request_ready> of the instance <arp_cache_inst> is unconnected or connected to loadless signal.
INFO:Xst:3210 - "/home/ise/VM_ISE/gbe_spartan-6/lib/eth/rtl/arp.v" line 232: Output port <write_request_ready> of the instance <arp_cache_inst> is unconnected or connected to loadless signal.
    Found 1-bit register for signal <cache_query_request_valid_reg>.
    Found 1-bit register for signal <cache_write_request_valid_reg>.
    Found 1-bit register for signal <arp_request_ready_reg>.
    Found 1-bit register for signal <arp_request_operation_reg>.
    Found 6-bit register for signal <arp_request_retry_cnt_reg>.
    Found 36-bit register for signal <arp_request_timer_reg>.
    Found 1-bit register for signal <arp_response_valid_reg>.
    Found 32-bit register for signal <cache_query_request_ip_reg>.
    Found 48-bit register for signal <outgoing_eth_dest_mac_reg>.
    Found 16-bit register for signal <outgoing_arp_oper_reg>.
    Found 48-bit register for signal <outgoing_arp_tha_reg>.
    Found 32-bit register for signal <outgoing_arp_tpa_reg>.
    Found 48-bit register for signal <cache_write_request_mac_reg>.
    Found 32-bit register for signal <cache_write_request_ip_reg>.
    Found 32-bit register for signal <arp_request_ip_reg>.
    Found 1-bit register for signal <arp_response_error_reg>.
    Found 48-bit register for signal <arp_response_mac_reg>.
    Found 1-bit register for signal <outgoing_frame_valid_reg>.
    Found 36-bit subtractor for signal <arp_request_timer_reg[35]_GND_46_o_sub_37_OUT> created at line 331.
    Found 6-bit subtractor for signal <GND_46_o_GND_46_o_sub_41_OUT<5:0>> created at line 350.
    Found 32-bit comparator equal for signal <incoming_arp_tpa[31]_local_ip[31]_equal_6_o> created at line 305
    Found 6-bit comparator lessequal for signal <GND_46_o_arp_request_retry_cnt_reg[5]_LessThan_40_o> created at line 342
    Found 6-bit comparator greater for signal <GND_46_o_arp_request_retry_cnt_reg[5]_LessThan_42_o> created at line 351
    Summary:
	inferred   2 Adder/Subtractor(s).
	inferred 385 D-type flip-flop(s).
	inferred   3 Comparator(s).
	inferred  44 Multiplexer(s).
Unit <arp> synthesized.

Synthesizing Unit <arp_eth_rx>.
    Related source file is "/home/ise/VM_ISE/gbe_spartan-6/lib/eth/rtl/arp_eth_rx.v".
        DATA_WIDTH = 8
        KEEP_ENABLE = 1'b0
        KEEP_WIDTH = 1
WARNING:Xst:647 - Input <s_eth_payload_axis_tkeep> is never used. This port will be preserved and left unconnected if it belongs to a top-level block or it belongs to a sub-block and the hierarchy of this sub-block is preserved.
    Register <busy_reg> equivalent to <read_arp_header_reg> has been removed
    Found 1-bit register for signal <read_arp_header_reg>.
    Found 5-bit register for signal <ptr_reg>.
    Found 1-bit register for signal <s_eth_hdr_ready_reg>.
    Found 1-bit register for signal <s_eth_payload_axis_tready_reg>.
    Found 1-bit register for signal <m_frame_valid_reg>.
    Found 16-bit register for signal <m_arp_htype_reg>.
    Found 16-bit register for signal <m_arp_ptype_reg>.
    Found 8-bit register for signal <m_arp_hlen_reg>.
    Found 8-bit register for signal <m_arp_plen_reg>.
    Found 16-bit register for signal <m_arp_oper_reg>.
    Found 48-bit register for signal <m_arp_sha_reg>.
    Found 32-bit register for signal <m_arp_spa_reg>.
    Found 48-bit register for signal <m_arp_tha_reg>.
    Found 32-bit register for signal <m_arp_tpa_reg>.
    Found 1-bit register for signal <error_header_early_termination_reg>.
    Found 1-bit register for signal <error_invalid_header_reg>.
    Found 48-bit register for signal <m_eth_dest_mac_reg>.
    Found 48-bit register for signal <m_eth_src_mac_reg>.
    Found 16-bit register for signal <m_eth_type_reg>.
    Found 1-bit register for signal <read_eth_header_reg>.
    Found 5-bit adder for signal <ptr_reg[4]_GND_47_o_add_14_OUT> created at line 217.
    Summary:
	inferred   1 Adder/Subtractor(s).
	inferred 348 D-type flip-flop(s).
	inferred 235 Multiplexer(s).
Unit <arp_eth_rx> synthesized.

Synthesizing Unit <arp_eth_tx>.
    Related source file is "/home/ise/VM_ISE/gbe_spartan-6/lib/eth/rtl/arp_eth_tx.v".
        DATA_WIDTH = 8
        KEEP_ENABLE = 1'b0
        KEEP_WIDTH = 1
    Register <send_arp_header_reg> equivalent to <busy_reg> has been removed
    Found 5-bit register for signal <ptr_reg>.
    Found 1-bit register for signal <s_frame_ready_reg>.
    Found 1-bit register for signal <m_eth_hdr_valid_reg>.
    Found 1-bit register for signal <busy_reg>.
    Found 48-bit register for signal <m_eth_dest_mac_reg>.
    Found 48-bit register for signal <m_eth_src_mac_reg>.
    Found 16-bit register for signal <m_eth_type_reg>.
    Found 16-bit register for signal <arp_htype_reg>.
    Found 16-bit register for signal <arp_ptype_reg>.
    Found 16-bit register for signal <arp_oper_reg>.
    Found 48-bit register for signal <arp_sha_reg>.
    Found 32-bit register for signal <arp_spa_reg>.
    Found 48-bit register for signal <arp_tha_reg>.
    Found 32-bit register for signal <arp_tpa_reg>.
    Found 1-bit register for signal <m_eth_payload_axis_tvalid_reg>.
    Found 1-bit register for signal <m_eth_payload_axis_tready_int_reg>.
    Found 1-bit register for signal <temp_m_eth_payload_axis_tvalid_reg>.
    Found 8-bit register for signal <m_eth_payload_axis_tdata_reg>.
    Found 1-bit register for signal <m_eth_payload_axis_tlast_reg>.
    Found 1-bit register for signal <m_eth_payload_axis_tuser_reg>.
    Found 8-bit register for signal <temp_m_eth_payload_axis_tdata_reg>.
    Found 1-bit register for signal <temp_m_eth_payload_axis_tlast_reg>.
    Found 1-bit register for signal <temp_m_eth_payload_axis_tuser_reg>.
    Found 5-bit adder for signal <ptr_reg[4]_GND_48_o_add_4_OUT> created at line 192.
    Found 8-bit 29-to-1 multiplexer for signal <GND_48_o_arp_tpa_reg[7]_mux_60_OUT> created at line 233.
    Summary:
	inferred   1 Adder/Subtractor(s).
	inferred 351 D-type flip-flop(s).
	inferred  20 Multiplexer(s).
Unit <arp_eth_tx> synthesized.

Synthesizing Unit <arp_cache>.
    Related source file is "/home/ise/VM_ISE/gbe_spartan-6/lib/eth/rtl/arp_cache.v".
        CACHE_ADDR_WIDTH = 9
INFO:Xst:3210 - "/home/ise/VM_ISE/gbe_spartan-6/lib/eth/rtl/arp_cache.v" line 113: Output port <data_out> of the instance <rd_hash> is unconnected or connected to loadless signal.
INFO:Xst:3210 - "/home/ise/VM_ISE/gbe_spartan-6/lib/eth/rtl/arp_cache.v" line 129: Output port <data_out> of the instance <wr_hash> is unconnected or connected to loadless signal.
    Found 512x1-bit dual-port RAM <Mram_valid_mem> for signal <valid_mem>.
    Found 512x32-bit dual-port RAM <Mram_ip_addr_mem> for signal <ip_addr_mem>.
    Found 512x48-bit dual-port RAM <Mram_mac_addr_mem> for signal <mac_addr_mem>.
    Register <write_request_ready_reg> equivalent to <query_request_ready_reg> has been removed
    Found 1-bit register for signal <query_request_ready_reg>.
    Found 1-bit register for signal <query_response_valid_reg>.
    Found 1-bit register for signal <write_ip_valid_reg>.
    Found 1-bit register for signal <clear_cache_reg>.
    Found 9-bit register for signal <wr_ptr_reg>.
    Found 1-bit register for signal <query_response_error_reg>.
    Found 32-bit register for signal <query_ip_reg>.
    Found 32-bit register for signal <write_ip_reg>.
    Found 48-bit register for signal <write_mac_reg>.
    Found 9-bit register for signal <rd_ptr_reg>.
    Found 48-bit register for signal <query_response_mac_reg>.
    Found 1-bit register for signal <query_ip_valid_reg>.
    Found 9-bit adder for signal <_n0101> created at line 198.
    Found 32-bit comparator equal for signal <rd_ptr_reg[8]_query_ip_reg[31]_equal_4_o> created at line 166
    Summary:
	inferred   3 RAM(s).
	inferred   1 Adder/Subtractor(s).
	inferred 184 D-type flip-flop(s).
	inferred   1 Comparator(s).
	inferred   2 Multiplexer(s).
Unit <arp_cache> synthesized.

Synthesizing Unit <lfsr_2>.
    Related source file is "/home/ise/VM_ISE/gbe_spartan-6/lib/eth/rtl/lfsr.v".
        LFSR_WIDTH = 32
        LFSR_POLY = 32'b00000100110000010001110110110111
        LFSR_CONFIG = "GALOIS"
        LFSR_FEED_FORWARD = 0
        REVERSE = 1
        DATA_WIDTH = 32
        STYLE = "AUTO"
    Summary:
Unit <lfsr_2> synthesized.

Synthesizing Unit <udp>.
    Related source file is "/home/ise/VM_ISE/gbe_spartan-6/lib/eth/rtl/udp.v".
        CHECKSUM_GEN_ENABLE = 1
        CHECKSUM_PAYLOAD_FIFO_DEPTH = 2048
        CHECKSUM_HEADER_FIFO_DEPTH = 8
WARNING:Xst:647 - Input <s_udp_length> is never used. This port will be preserved and left unconnected if it belongs to a top-level block or it belongs to a sub-block and the hierarchy of this sub-block is preserved.
WARNING:Xst:647 - Input <s_udp_checksum> is never used. This port will be preserved and left unconnected if it belongs to a top-level block or it belongs to a sub-block and the hierarchy of this sub-block is preserved.
INFO:Xst:3210 - "/home/ise/VM_ISE/gbe_spartan-6/lib/eth/rtl/udp.v" line 264: Output port <m_ip_length> of the instance <udp_checksum_gen_inst> is unconnected or connected to loadless signal.
INFO:Xst:3210 - "/home/ise/VM_ISE/gbe_spartan-6/lib/eth/rtl/udp.v" line 264: Output port <m_ip_protocol> of the instance <udp_checksum_gen_inst> is unconnected or connected to loadless signal.
INFO:Xst:3210 - "/home/ise/VM_ISE/gbe_spartan-6/lib/eth/rtl/udp.v" line 264: Output port <busy> of the instance <udp_checksum_gen_inst> is unconnected or connected to loadless signal.
    Summary:
	no macro.
Unit <udp> synthesized.

Synthesizing Unit <udp_ip_rx>.
    Related source file is "/home/ise/VM_ISE/gbe_spartan-6/lib/eth/rtl/udp_ip_rx.v".
    Found 1-bit register for signal <s_ip_hdr_ready_reg>.
    Found 1-bit register for signal <s_ip_payload_axis_tready_reg>.
    Found 1-bit register for signal <m_udp_hdr_valid_reg>.
    Found 1-bit register for signal <busy_reg>.
    Found 1-bit register for signal <error_header_early_termination_reg>.
    Found 1-bit register for signal <error_payload_early_termination_reg>.
    Found 3-bit register for signal <hdr_ptr_reg>.
    Found 16-bit register for signal <word_count_reg>.
    Found 48-bit register for signal <m_eth_dest_mac_reg>.
    Found 48-bit register for signal <m_eth_src_mac_reg>.
    Found 16-bit register for signal <m_eth_type_reg>.
    Found 4-bit register for signal <m_ip_version_reg>.
    Found 4-bit register for signal <m_ip_ihl_reg>.
    Found 6-bit register for signal <m_ip_dscp_reg>.
    Found 2-bit register for signal <m_ip_ecn_reg>.
    Found 16-bit register for signal <m_ip_length_reg>.
    Found 16-bit register for signal <m_ip_identification_reg>.
    Found 3-bit register for signal <m_ip_flags_reg>.
    Found 13-bit register for signal <m_ip_fragment_offset_reg>.
    Found 8-bit register for signal <m_ip_ttl_reg>.
    Found 8-bit register for signal <m_ip_protocol_reg>.
    Found 16-bit register for signal <m_ip_header_checksum_reg>.
    Found 32-bit register for signal <m_ip_source_ip_reg>.
    Found 32-bit register for signal <m_ip_dest_ip_reg>.
    Found 8-bit register for signal <last_word_data_reg>.
    Found 1-bit register for signal <m_udp_source_port_reg<15>>.
    Found 1-bit register for signal <m_udp_source_port_reg<14>>.
    Found 1-bit register for signal <m_udp_source_port_reg<13>>.
    Found 1-bit register for signal <m_udp_source_port_reg<12>>.
    Found 1-bit register for signal <m_udp_source_port_reg<11>>.
    Found 1-bit register for signal <m_udp_source_port_reg<10>>.
    Found 1-bit register for signal <m_udp_source_port_reg<9>>.
    Found 1-bit register for signal <m_udp_source_port_reg<8>>.
    Found 1-bit register for signal <m_udp_source_port_reg<7>>.
    Found 1-bit register for signal <m_udp_source_port_reg<6>>.
    Found 1-bit register for signal <m_udp_source_port_reg<5>>.
    Found 1-bit register for signal <m_udp_source_port_reg<4>>.
    Found 1-bit register for signal <m_udp_source_port_reg<3>>.
    Found 1-bit register for signal <m_udp_source_port_reg<2>>.
    Found 1-bit register for signal <m_udp_source_port_reg<1>>.
    Found 1-bit register for signal <m_udp_source_port_reg<0>>.
    Found 1-bit register for signal <m_udp_dest_port_reg<15>>.
    Found 1-bit register for signal <m_udp_dest_port_reg<14>>.
    Found 1-bit register for signal <m_udp_dest_port_reg<13>>.
    Found 1-bit register for signal <m_udp_dest_port_reg<12>>.
    Found 1-bit register for signal <m_udp_dest_port_reg<11>>.
    Found 1-bit register for signal <m_udp_dest_port_reg<10>>.
    Found 1-bit register for signal <m_udp_dest_port_reg<9>>.
    Found 1-bit register for signal <m_udp_dest_port_reg<8>>.
    Found 1-bit register for signal <m_udp_dest_port_reg<7>>.
    Found 1-bit register for signal <m_udp_dest_port_reg<6>>.
    Found 1-bit register for signal <m_udp_dest_port_reg<5>>.
    Found 1-bit register for signal <m_udp_dest_port_reg<4>>.
    Found 1-bit register for signal <m_udp_dest_port_reg<3>>.
    Found 1-bit register for signal <m_udp_dest_port_reg<2>>.
    Found 1-bit register for signal <m_udp_dest_port_reg<1>>.
    Found 1-bit register for signal <m_udp_dest_port_reg<0>>.
    Found 1-bit register for signal <m_udp_length_reg<15>>.
    Found 1-bit register for signal <m_udp_length_reg<14>>.
    Found 1-bit register for signal <m_udp_length_reg<13>>.
    Found 1-bit register for signal <m_udp_length_reg<12>>.
    Found 1-bit register for signal <m_udp_length_reg<11>>.
    Found 1-bit register for signal <m_udp_length_reg<10>>.
    Found 1-bit register for signal <m_udp_length_reg<9>>.
    Found 1-bit register for signal <m_udp_length_reg<8>>.
    Found 1-bit register for signal <m_udp_length_reg<7>>.
    Found 1-bit register for signal <m_udp_length_reg<6>>.
    Found 1-bit register for signal <m_udp_length_reg<5>>.
    Found 1-bit register for signal <m_udp_length_reg<4>>.
    Found 1-bit register for signal <m_udp_length_reg<3>>.
    Found 1-bit register for signal <m_udp_length_reg<2>>.
    Found 1-bit register for signal <m_udp_length_reg<1>>.
    Found 1-bit register for signal <m_udp_length_reg<0>>.
    Found 1-bit register for signal <m_udp_checksum_reg<15>>.
    Found 1-bit register for signal <m_udp_checksum_reg<14>>.
    Found 1-bit register for signal <m_udp_checksum_reg<13>>.
    Found 1-bit register for signal <m_udp_checksum_reg<12>>.
    Found 1-bit register for signal <m_udp_checksum_reg<11>>.
    Found 1-bit register for signal <m_udp_checksum_reg<10>>.
    Found 1-bit register for signal <m_udp_checksum_reg<9>>.
    Found 1-bit register for signal <m_udp_checksum_reg<8>>.
    Found 1-bit register for signal <m_udp_checksum_reg<7>>.
    Found 1-bit register for signal <m_udp_checksum_reg<6>>.
    Found 1-bit register for signal <m_udp_checksum_reg<5>>.
    Found 1-bit register for signal <m_udp_checksum_reg<4>>.
    Found 1-bit register for signal <m_udp_checksum_reg<3>>.
    Found 1-bit register for signal <m_udp_checksum_reg<2>>.
    Found 1-bit register for signal <m_udp_checksum_reg<1>>.
    Found 1-bit register for signal <m_udp_checksum_reg<0>>.
    Found 1-bit register for signal <m_udp_payload_axis_tvalid_reg>.
    Found 1-bit register for signal <m_udp_payload_axis_tready_int_reg>.
    Found 1-bit register for signal <temp_m_udp_payload_axis_tvalid_reg>.
    Found 8-bit register for signal <m_udp_payload_axis_tdata_reg>.
    Found 1-bit register for signal <m_udp_payload_axis_tlast_reg>.
    Found 1-bit register for signal <m_udp_payload_axis_tuser_reg>.
    Found 8-bit register for signal <temp_m_udp_payload_axis_tdata_reg>.
    Found 1-bit register for signal <temp_m_udp_payload_axis_tlast_reg>.
    Found 1-bit register for signal <temp_m_udp_payload_axis_tuser_reg>.
    Found 3-bit register for signal <state_reg>.
INFO:Xst:1799 - State 100 is never reached in FSM <state_reg>.
    Found finite state machine <FSM_8> for signal <state_reg>.
    -----------------------------------------------------------------------
    | States             | 5                                              |
    | Transitions        | 19                                             |
    | Inputs             | 9                                              |
    | Outputs            | 3                                              |
    | Clock              | clk (rising_edge)                              |
    | Reset              | rst (positive)                                 |
    | Reset type         | synchronous                                    |
    | Reset State        | 000                                            |
    | Power Up State     | 000                                            |
    | Encoding           | auto                                           |
    | Implementation     | LUT                                            |
    -----------------------------------------------------------------------
    Found 16-bit subtractor for signal <m_udp_length_reg[15]_GND_52_o_sub_22_OUT> created at line 283.
    Found 16-bit subtractor for signal <word_count_reg[15]_GND_52_o_sub_38_OUT> created at line 328.
    Found 3-bit adder for signal <hdr_ptr_reg[2]_GND_52_o_add_22_OUT> created at line 287.
    Found 8x8-bit Read Only RAM for signal <_n0647>
    Found 1-bit 6-to-1 multiplexer for signal <s_ip_payload_axis_tready_next> created at line 265.
    Summary:
	inferred   1 RAM(s).
	inferred   2 Adder/Subtractor(s).
	inferred 392 D-type flip-flop(s).
	inferred  63 Multiplexer(s).
	inferred   1 Finite State Machine(s).
Unit <udp_ip_rx> synthesized.

Synthesizing Unit <udp_checksum_gen>.
    Related source file is "/home/ise/VM_ISE/gbe_spartan-6/lib/eth/rtl/udp_checksum_gen.v".
        PAYLOAD_FIFO_DEPTH = 2048
        HEADER_FIFO_DEPTH = 8
WARNING:Xst:2898 - Port 'pause_req', unconnected in block instance 'payload_fifo', is tied to GND.
INFO:Xst:3210 - "/home/ise/VM_ISE/gbe_spartan-6/lib/eth/rtl/udp_checksum_gen.v" line 214: Output port <m_axis_tkeep> of the instance <payload_fifo> is unconnected or connected to loadless signal.
INFO:Xst:3210 - "/home/ise/VM_ISE/gbe_spartan-6/lib/eth/rtl/udp_checksum_gen.v" line 214: Output port <m_axis_tid> of the instance <payload_fifo> is unconnected or connected to loadless signal.
INFO:Xst:3210 - "/home/ise/VM_ISE/gbe_spartan-6/lib/eth/rtl/udp_checksum_gen.v" line 214: Output port <m_axis_tdest> of the instance <payload_fifo> is unconnected or connected to loadless signal.
INFO:Xst:3210 - "/home/ise/VM_ISE/gbe_spartan-6/lib/eth/rtl/udp_checksum_gen.v" line 214: Output port <status_depth> of the instance <payload_fifo> is unconnected or connected to loadless signal.
INFO:Xst:3210 - "/home/ise/VM_ISE/gbe_spartan-6/lib/eth/rtl/udp_checksum_gen.v" line 214: Output port <status_depth_commit> of the instance <payload_fifo> is unconnected or connected to loadless signal.
INFO:Xst:3210 - "/home/ise/VM_ISE/gbe_spartan-6/lib/eth/rtl/udp_checksum_gen.v" line 214: Output port <pause_ack> of the instance <payload_fifo> is unconnected or connected to loadless signal.
INFO:Xst:3210 - "/home/ise/VM_ISE/gbe_spartan-6/lib/eth/rtl/udp_checksum_gen.v" line 214: Output port <status_overflow> of the instance <payload_fifo> is unconnected or connected to loadless signal.
INFO:Xst:3210 - "/home/ise/VM_ISE/gbe_spartan-6/lib/eth/rtl/udp_checksum_gen.v" line 214: Output port <status_bad_frame> of the instance <payload_fifo> is unconnected or connected to loadless signal.
INFO:Xst:3210 - "/home/ise/VM_ISE/gbe_spartan-6/lib/eth/rtl/udp_checksum_gen.v" line 214: Output port <status_good_frame> of the instance <payload_fifo> is unconnected or connected to loadless signal.
    Found 8x48-bit dual-port RAM <Mram_eth_dest_mac_mem> for signal <eth_dest_mac_mem>.
    Found 8x48-bit dual-port RAM <Mram_eth_src_mac_mem> for signal <eth_src_mac_mem>.
    Found 8x16-bit dual-port RAM <Mram_eth_type_mem> for signal <eth_type_mem>.
    Found 8x4-bit dual-port RAM <Mram_ip_version_mem> for signal <ip_version_mem>.
    Found 8x4-bit dual-port RAM <Mram_ip_ihl_mem> for signal <ip_ihl_mem>.
    Found 8x6-bit dual-port RAM <Mram_ip_dscp_mem> for signal <ip_dscp_mem>.
    Found 8x2-bit dual-port RAM <Mram_ip_ecn_mem> for signal <ip_ecn_mem>.
    Found 8x16-bit dual-port RAM <Mram_ip_identification_mem> for signal <ip_identification_mem>.
    Found 8x3-bit dual-port RAM <Mram_ip_flags_mem> for signal <ip_flags_mem>.
    Found 8x13-bit dual-port RAM <Mram_ip_fragment_offset_mem> for signal <ip_fragment_offset_mem>.
    Found 8x8-bit dual-port RAM <Mram_ip_ttl_mem> for signal <ip_ttl_mem>.
    Found 8x16-bit dual-port RAM <Mram_ip_header_checksum_mem> for signal <ip_header_checksum_mem>.
    Found 8x32-bit dual-port RAM <Mram_ip_source_ip_mem> for signal <ip_source_ip_mem>.
    Found 8x32-bit dual-port RAM <Mram_ip_dest_ip_mem> for signal <ip_dest_ip_mem>.
    Found 8x16-bit dual-port RAM <Mram_udp_source_port_mem> for signal <udp_source_port_mem>.
    Found 8x16-bit dual-port RAM <Mram_udp_dest_port_mem> for signal <udp_dest_port_mem>.
    Found 8x16-bit dual-port RAM <Mram_udp_length_mem> for signal <udp_length_mem>.
    Found 8x16-bit dual-port RAM <Mram_udp_checksum_mem> for signal <udp_checksum_mem>.
    Found 4-bit register for signal <header_fifo_rd_ptr_reg>.
    Found 1-bit register for signal <m_udp_hdr_valid_reg>.
    Found 48-bit register for signal <m_eth_dest_mac_reg>.
    Found 48-bit register for signal <m_eth_src_mac_reg>.
    Found 16-bit register for signal <m_eth_type_reg>.
    Found 4-bit register for signal <m_ip_version_reg>.
    Found 4-bit register for signal <m_ip_ihl_reg>.
    Found 6-bit register for signal <m_ip_dscp_reg>.
    Found 2-bit register for signal <m_ip_ecn_reg>.
    Found 16-bit register for signal <m_ip_identification_reg>.
    Found 3-bit register for signal <m_ip_flags_reg>.
    Found 13-bit register for signal <m_ip_fragment_offset_reg>.
    Found 8-bit register for signal <m_ip_ttl_reg>.
    Found 16-bit register for signal <m_ip_header_checksum_reg>.
    Found 32-bit register for signal <m_ip_source_ip_reg>.
    Found 32-bit register for signal <m_ip_dest_ip_reg>.
    Found 16-bit register for signal <m_udp_source_port_reg>.
    Found 16-bit register for signal <m_udp_dest_port_reg>.
    Found 16-bit register for signal <m_udp_length_reg>.
    Found 16-bit register for signal <m_udp_checksum_reg>.
    Found 3-bit register for signal <state_reg>.
    Found 1-bit register for signal <s_udp_hdr_ready_reg>.
    Found 1-bit register for signal <hdr_valid_reg>.
    Found 1-bit register for signal <busy_reg>.
    Found 16-bit register for signal <frame_ptr_reg>.
    Found 32-bit register for signal <checksum_reg>.
    Found 48-bit register for signal <eth_dest_mac_reg>.
    Found 48-bit register for signal <eth_src_mac_reg>.
    Found 16-bit register for signal <eth_type_reg>.
    Found 4-bit register for signal <ip_version_reg>.
    Found 4-bit register for signal <ip_ihl_reg>.
    Found 6-bit register for signal <ip_dscp_reg>.
    Found 2-bit register for signal <ip_ecn_reg>.
    Found 16-bit register for signal <ip_identification_reg>.
    Found 3-bit register for signal <ip_flags_reg>.
    Found 13-bit register for signal <ip_fragment_offset_reg>.
    Found 8-bit register for signal <ip_ttl_reg>.
    Found 16-bit register for signal <ip_header_checksum_reg>.
    Found 32-bit register for signal <ip_source_ip_reg>.
    Found 32-bit register for signal <ip_dest_ip_reg>.
    Found 16-bit register for signal <udp_source_port_reg>.
    Found 16-bit register for signal <udp_dest_port_reg>.
    Found 4-bit register for signal <header_fifo_wr_ptr_reg>.
    Found finite state machine <FSM_9> for signal <state_reg>.
    -----------------------------------------------------------------------
    | States             | 6                                              |
    | Transitions        | 12                                             |
    | Inputs             | 6                                              |
    | Outputs            | 7                                              |
    | Clock              | clk (rising_edge)                              |
    | Reset              | rst (positive)                                 |
    | Reset type         | synchronous                                    |
    | Reset State        | 000                                            |
    | Power Up State     | 000                                            |
    | Encoding           | auto                                           |
    | Implementation     | LUT                                            |
    -----------------------------------------------------------------------
    Found 16-bit adder for signal <m_ip_length> created at line 320.
    Found 4-bit adder for signal <header_fifo_wr_ptr_reg[3]_GND_53_o_add_25_OUT> created at line 345.
    Found 4-bit adder for signal <header_fifo_rd_ptr_reg[3]_GND_53_o_add_49_OUT> created at line 393.
    Found 32-bit adder for signal <n0409> created at line 491.
    Found 32-bit adder for signal <checksum_reg[31]_GND_53_o_add_119_OUT> created at line 491.
    Found 32-bit adder for signal <n0414> created at line 493.
    Found 32-bit adder for signal <checksum_reg[31]_GND_53_o_add_121_OUT> created at line 493.
    Found 16-bit adder for signal <frame_ptr_reg[15]_GND_53_o_add_123_OUT> created at line 496.
    Found 17-bit adder for signal <n0420> created at line 509.
    Found 17-bit adder for signal <n0423[16:0]> created at line 510.
    Found 32-bit adder for signal <_n0453> created at line 474.
    Found 32-bit adder for signal <checksum_reg[31]_GND_53_o_add_115_OUT> created at line 474.
    Found 32-bit adder for signal <_n0455> created at line 479.
    Found 32-bit adder for signal <checksum_reg[31]_GND_53_o_add_117_OUT> created at line 479.
    Found 32-bit adder for signal <_n0457> created at line 469.
    Found 32-bit adder for signal <checksum_reg[31]_GND_53_o_add_113_OUT> created at line 469.
    Found 1-bit comparator not equal for signal <n0010> created at line 300
    Found 3-bit comparator equal for signal <header_fifo_wr_ptr_reg[2]_header_fifo_rd_ptr_reg[2]_equal_4_o> created at line 301
    Found 4-bit comparator equal for signal <header_fifo_empty> created at line 303
    Summary:
	inferred  18 RAM(s).
	inferred   9 Adder/Subtractor(s).
	inferred 652 D-type flip-flop(s).
	inferred   3 Comparator(s).
	inferred  18 Multiplexer(s).
	inferred   1 Finite State Machine(s).
Unit <udp_checksum_gen> synthesized.

Synthesizing Unit <axis_fifo_1>.
    Related source file is "/home/ise/VM_ISE/gbe_spartan-6/lib/eth/lib/axis/rtl/axis_fifo.v".
        DEPTH = 2048
        DATA_WIDTH = 8
        KEEP_ENABLE = 0
        KEEP_WIDTH = 1
        LAST_ENABLE = 1
        ID_ENABLE = 0
        ID_WIDTH = 8
        DEST_ENABLE = 0
        DEST_WIDTH = 8
        USER_ENABLE = 1
        USER_WIDTH = 1
        RAM_PIPELINE = 4
        OUTPUT_FIFO_ENABLE = 0
        FRAME_FIFO = 1
        USER_BAD_FRAME_VALUE = 1'b1
        USER_BAD_FRAME_MASK = 1'b1
        DROP_OVERSIZE_FRAME = 1
        DROP_BAD_FRAME = 0
        DROP_WHEN_FULL = 0
        MARK_WHEN_FULL = 0
        PAUSE_ENABLE = 0
        FRAME_PAUSE = 1
    Set property "shreg_extract = no" for signal <m_axis_pipe_reg<4><9>>.
    Set property "shreg_extract = no" for signal <m_axis_pipe_reg<4><8>>.
    Set property "shreg_extract = no" for signal <m_axis_pipe_reg<4><7>>.
    Set property "shreg_extract = no" for signal <m_axis_pipe_reg<4><6>>.
    Set property "shreg_extract = no" for signal <m_axis_pipe_reg<4><5>>.
    Set property "shreg_extract = no" for signal <m_axis_pipe_reg<4><4>>.
    Set property "shreg_extract = no" for signal <m_axis_pipe_reg<4><3>>.
    Set property "shreg_extract = no" for signal <m_axis_pipe_reg<4><2>>.
    Set property "shreg_extract = no" for signal <m_axis_pipe_reg<4><1>>.
    Set property "shreg_extract = no" for signal <m_axis_pipe_reg<4><0>>.
    Set property "shreg_extract = no" for signal <m_axis_pipe_reg<3><9>>.
    Set property "shreg_extract = no" for signal <m_axis_pipe_reg<3><8>>.
    Set property "shreg_extract = no" for signal <m_axis_pipe_reg<3><7>>.
    Set property "shreg_extract = no" for signal <m_axis_pipe_reg<3><6>>.
    Set property "shreg_extract = no" for signal <m_axis_pipe_reg<3><5>>.
    Set property "shreg_extract = no" for signal <m_axis_pipe_reg<3><4>>.
    Set property "shreg_extract = no" for signal <m_axis_pipe_reg<3><3>>.
    Set property "shreg_extract = no" for signal <m_axis_pipe_reg<3><2>>.
    Set property "shreg_extract = no" for signal <m_axis_pipe_reg<3><1>>.
    Set property "shreg_extract = no" for signal <m_axis_pipe_reg<3><0>>.
    Set property "shreg_extract = no" for signal <m_axis_pipe_reg<2><9>>.
    Set property "shreg_extract = no" for signal <m_axis_pipe_reg<2><8>>.
    Set property "shreg_extract = no" for signal <m_axis_pipe_reg<2><7>>.
    Set property "shreg_extract = no" for signal <m_axis_pipe_reg<2><6>>.
    Set property "shreg_extract = no" for signal <m_axis_pipe_reg<2><5>>.
    Set property "shreg_extract = no" for signal <m_axis_pipe_reg<2><4>>.
    Set property "shreg_extract = no" for signal <m_axis_pipe_reg<2><3>>.
    Set property "shreg_extract = no" for signal <m_axis_pipe_reg<2><2>>.
    Set property "shreg_extract = no" for signal <m_axis_pipe_reg<2><1>>.
    Set property "shreg_extract = no" for signal <m_axis_pipe_reg<2><0>>.
    Set property "shreg_extract = no" for signal <m_axis_pipe_reg<1><9>>.
    Set property "shreg_extract = no" for signal <m_axis_pipe_reg<1><8>>.
    Set property "shreg_extract = no" for signal <m_axis_pipe_reg<1><7>>.
    Set property "shreg_extract = no" for signal <m_axis_pipe_reg<1><6>>.
    Set property "shreg_extract = no" for signal <m_axis_pipe_reg<1><5>>.
    Set property "shreg_extract = no" for signal <m_axis_pipe_reg<1><4>>.
    Set property "shreg_extract = no" for signal <m_axis_pipe_reg<1><3>>.
    Set property "shreg_extract = no" for signal <m_axis_pipe_reg<1><2>>.
    Set property "shreg_extract = no" for signal <m_axis_pipe_reg<1><1>>.
    Set property "shreg_extract = no" for signal <m_axis_pipe_reg<1><0>>.
    Set property "shreg_extract = no" for signal <m_axis_pipe_reg<0><9>>.
    Set property "shreg_extract = no" for signal <m_axis_pipe_reg<0><8>>.
    Set property "shreg_extract = no" for signal <m_axis_pipe_reg<0><7>>.
    Set property "shreg_extract = no" for signal <m_axis_pipe_reg<0><6>>.
    Set property "shreg_extract = no" for signal <m_axis_pipe_reg<0><5>>.
    Set property "shreg_extract = no" for signal <m_axis_pipe_reg<0><4>>.
    Set property "shreg_extract = no" for signal <m_axis_pipe_reg<0><3>>.
    Set property "shreg_extract = no" for signal <m_axis_pipe_reg<0><2>>.
    Set property "shreg_extract = no" for signal <m_axis_pipe_reg<0><1>>.
    Set property "shreg_extract = no" for signal <m_axis_pipe_reg<0><0>>.
WARNING:Xst:37 - Detected unknown constraint/property "ramstyle". This constraint/property is not supported by the current software release and will be ignored.
WARNING:Xst:647 - Input <s_axis_tkeep> is never used. This port will be preserved and left unconnected if it belongs to a top-level block or it belongs to a sub-block and the hierarchy of this sub-block is preserved.
WARNING:Xst:647 - Input <s_axis_tid> is never used. This port will be preserved and left unconnected if it belongs to a top-level block or it belongs to a sub-block and the hierarchy of this sub-block is preserved.
WARNING:Xst:647 - Input <s_axis_tdest> is never used. This port will be preserved and left unconnected if it belongs to a top-level block or it belongs to a sub-block and the hierarchy of this sub-block is preserved.
WARNING:Xst:647 - Input <pause_req> is never used. This port will be preserved and left unconnected if it belongs to a top-level block or it belongs to a sub-block and the hierarchy of this sub-block is preserved.
    Found 2048x10-bit dual-port RAM <Mram_mem> for signal <mem>.
    Found 1-bit register for signal <good_frame_reg>.
    Found 1-bit register for signal <drop_frame_reg>.
    Found 12-bit register for signal <wr_ptr_reg>.
    Found 12-bit register for signal <wr_ptr_commit_reg>.
    Found 1-bit register for signal <mark_frame_reg>.
    Found 12-bit register for signal <depth_reg>.
    Found 12-bit register for signal <depth_commit_reg>.
    Found 1-bit register for signal <m_axis_tvalid_pipe_reg<4>>.
    Found 1-bit register for signal <m_axis_tvalid_pipe_reg<3>>.
    Found 1-bit register for signal <m_axis_tvalid_pipe_reg<2>>.
    Found 1-bit register for signal <m_axis_tvalid_pipe_reg<1>>.
    Found 1-bit register for signal <m_axis_tvalid_pipe_reg<0>>.
    Found 1-bit register for signal <m_axis_tuser_pipe>.
    Found 1-bit register for signal <m_axis_tlast_pipe>.
    Found 1-bit register for signal <m_axis_pipe_reg<4><7>>.
    Found 1-bit register for signal <m_axis_pipe_reg<4><6>>.
    Found 1-bit register for signal <m_axis_pipe_reg<4><5>>.
    Found 1-bit register for signal <m_axis_pipe_reg<4><4>>.
    Found 1-bit register for signal <m_axis_pipe_reg<4><3>>.
    Found 1-bit register for signal <m_axis_pipe_reg<4><2>>.
    Found 1-bit register for signal <m_axis_pipe_reg<4><1>>.
    Found 1-bit register for signal <m_axis_pipe_reg<4><0>>.
    Found 1-bit register for signal <m_axis_pipe_reg<3><9>>.
    Found 1-bit register for signal <m_axis_pipe_reg<3><8>>.
    Found 1-bit register for signal <m_axis_pipe_reg<3><7>>.
    Found 1-bit register for signal <m_axis_pipe_reg<3><6>>.
    Found 1-bit register for signal <m_axis_pipe_reg<3><5>>.
    Found 1-bit register for signal <m_axis_pipe_reg<3><4>>.
    Found 1-bit register for signal <m_axis_pipe_reg<3><3>>.
    Found 1-bit register for signal <m_axis_pipe_reg<3><2>>.
    Found 1-bit register for signal <m_axis_pipe_reg<3><1>>.
    Found 1-bit register for signal <m_axis_pipe_reg<3><0>>.
    Found 1-bit register for signal <m_axis_pipe_reg<2><9>>.
    Found 1-bit register for signal <m_axis_pipe_reg<2><8>>.
    Found 1-bit register for signal <m_axis_pipe_reg<2><7>>.
    Found 1-bit register for signal <m_axis_pipe_reg<2><6>>.
    Found 1-bit register for signal <m_axis_pipe_reg<2><5>>.
    Found 1-bit register for signal <m_axis_pipe_reg<2><4>>.
    Found 1-bit register for signal <m_axis_pipe_reg<2><3>>.
    Found 1-bit register for signal <m_axis_pipe_reg<2><2>>.
    Found 1-bit register for signal <m_axis_pipe_reg<2><1>>.
    Found 1-bit register for signal <m_axis_pipe_reg<2><0>>.
    Found 1-bit register for signal <m_axis_pipe_reg<1><9>>.
    Found 1-bit register for signal <m_axis_pipe_reg<1><8>>.
    Found 1-bit register for signal <m_axis_pipe_reg<1><7>>.
    Found 1-bit register for signal <m_axis_pipe_reg<1><6>>.
    Found 1-bit register for signal <m_axis_pipe_reg<1><5>>.
    Found 1-bit register for signal <m_axis_pipe_reg<1><4>>.
    Found 1-bit register for signal <m_axis_pipe_reg<1><3>>.
    Found 1-bit register for signal <m_axis_pipe_reg<1><2>>.
    Found 1-bit register for signal <m_axis_pipe_reg<1><1>>.
    Found 1-bit register for signal <m_axis_pipe_reg<1><0>>.
    Found 1-bit register for signal <m_axis_pipe_reg<0><9>>.
    Found 1-bit register for signal <m_axis_pipe_reg<0><8>>.
    Found 1-bit register for signal <m_axis_pipe_reg<0><7>>.
    Found 1-bit register for signal <m_axis_pipe_reg<0><6>>.
    Found 1-bit register for signal <m_axis_pipe_reg<0><5>>.
    Found 1-bit register for signal <m_axis_pipe_reg<0><4>>.
    Found 1-bit register for signal <m_axis_pipe_reg<0><3>>.
    Found 1-bit register for signal <m_axis_pipe_reg<0><2>>.
    Found 1-bit register for signal <m_axis_pipe_reg<0><1>>.
    Found 1-bit register for signal <m_axis_pipe_reg<0><0>>.
    Found 12-bit register for signal <rd_ptr_reg>.
    Found 1-bit register for signal <overflow_reg>.
    Found 12-bit subtractor for signal <wr_ptr_reg[11]_rd_ptr_reg[11]_sub_28_OUT> created at line 370.
    Found 12-bit subtractor for signal <wr_ptr_commit_reg[11]_rd_ptr_reg[11]_sub_29_OUT> created at line 371.
    Found 12-bit adder for signal <wr_ptr_reg[11]_GND_54_o_add_15_OUT> created at line 290.
    Found 12-bit adder for signal <rd_ptr_reg[11]_GND_54_o_add_42_OUT> created at line 399.
    Found 12-bit comparator not equal for signal <full> created at line 199
    Found 12-bit comparator equal for signal <empty> created at line 201
    Found 12-bit comparator equal for signal <full_wr> created at line 203
    WARNING:Xst:2404 -  FFs/Latches <bad_frame_reg<0:0>> (without init value) have a constant value of 0 in block <axis_fifo_1>.
    Summary:
	inferred   1 RAM(s).
	inferred   4 Adder/Subtractor(s).
	inferred 119 D-type flip-flop(s).
	inferred   3 Comparator(s).
	inferred  12 Multiplexer(s).
Unit <axis_fifo_1> synthesized.

Synthesizing Unit <udp_ip_tx>.
    Related source file is "/home/ise/VM_ISE/gbe_spartan-6/lib/eth/rtl/udp_ip_tx.v".
    Found 1-bit register for signal <s_udp_hdr_ready_reg>.
    Found 1-bit register for signal <s_udp_payload_axis_tready_reg>.
    Found 1-bit register for signal <m_ip_hdr_valid_reg>.
    Found 1-bit register for signal <busy_reg>.
    Found 1-bit register for signal <error_payload_early_termination_reg>.
    Found 3-bit register for signal <hdr_ptr_reg>.
    Found 16-bit register for signal <word_count_reg>.
    Found 48-bit register for signal <m_eth_dest_mac_reg>.
    Found 48-bit register for signal <m_eth_src_mac_reg>.
    Found 16-bit register for signal <m_eth_type_reg>.
    Found 4-bit register for signal <m_ip_version_reg>.
    Found 4-bit register for signal <m_ip_ihl_reg>.
    Found 6-bit register for signal <m_ip_dscp_reg>.
    Found 2-bit register for signal <m_ip_ecn_reg>.
    Found 16-bit register for signal <m_ip_length_reg>.
    Found 16-bit register for signal <m_ip_identification_reg>.
    Found 3-bit register for signal <m_ip_flags_reg>.
    Found 13-bit register for signal <m_ip_fragment_offset_reg>.
    Found 8-bit register for signal <m_ip_ttl_reg>.
    Found 8-bit register for signal <m_ip_protocol_reg>.
    Found 16-bit register for signal <m_ip_header_checksum_reg>.
    Found 32-bit register for signal <m_ip_source_ip_reg>.
    Found 32-bit register for signal <m_ip_dest_ip_reg>.
    Found 16-bit register for signal <udp_source_port_reg>.
    Found 16-bit register for signal <udp_dest_port_reg>.
    Found 16-bit register for signal <udp_length_reg>.
    Found 16-bit register for signal <udp_checksum_reg>.
    Found 8-bit register for signal <last_word_data_reg>.
    Found 1-bit register for signal <m_ip_payload_axis_tvalid_reg>.
    Found 1-bit register for signal <m_ip_payload_axis_tready_int_reg>.
    Found 1-bit register for signal <temp_m_ip_payload_axis_tvalid_reg>.
    Found 8-bit register for signal <m_ip_payload_axis_tdata_reg>.
    Found 1-bit register for signal <m_ip_payload_axis_tlast_reg>.
    Found 1-bit register for signal <m_ip_payload_axis_tuser_reg>.
    Found 8-bit register for signal <temp_m_ip_payload_axis_tdata_reg>.
    Found 1-bit register for signal <temp_m_ip_payload_axis_tlast_reg>.
    Found 1-bit register for signal <temp_m_ip_payload_axis_tuser_reg>.
    Found 3-bit register for signal <state_reg>.
INFO:Xst:1799 - State 100 is never reached in FSM <state_reg>.
    Found finite state machine <FSM_10> for signal <state_reg>.
    -----------------------------------------------------------------------
    | States             | 5                                              |
    | Transitions        | 17                                             |
    | Inputs             | 10                                             |
    | Outputs            | 3                                              |
    | Clock              | clk (rising_edge)                              |
    | Reset              | rst (positive)                                 |
    | Reset type         | synchronous                                    |
    | Reset State        | 000                                            |
    | Power Up State     | 000                                            |
    | Encoding           | auto                                           |
    | Implementation     | LUT                                            |
    -----------------------------------------------------------------------
    Found 16-bit subtractor for signal <udp_length_reg[15]_GND_55_o_sub_22_OUT> created at line 262.
    Found 16-bit subtractor for signal <word_count_reg[15]_GND_55_o_sub_30_OUT> created at line 297.
    Found 3-bit adder for signal <hdr_ptr_reg[2]_GND_55_o_add_22_OUT> created at line 266.
    Found 16-bit adder for signal <s_udp_length[15]_GND_55_o_add_56_OUT> created at line 394.
    Found 8-bit 8-to-1 multiplexer for signal <hdr_ptr_reg[2]_udp_checksum_reg[7]_wide_mux_23_OUT> created at line 269.
    Found 8-bit 5-to-1 multiplexer for signal <m_ip_payload_axis_tdata_int> created at line 240.
    Found 1-bit 5-to-1 multiplexer for signal <m_ip_payload_axis_tvalid_int> created at line 240.
    Summary:
	inferred   3 Adder/Subtractor(s).
	inferred 391 D-type flip-flop(s).
	inferred  46 Multiplexer(s).
	inferred   1 Finite State Machine(s).
Unit <udp_ip_tx> synthesized.

Synthesizing Unit <axis_fifo_2>.
    Related source file is "/home/ise/VM_ISE/gbe_spartan-6/lib/eth/lib/axis/rtl/axis_fifo.v".
        DEPTH = 2048
        DATA_WIDTH = 8
        KEEP_ENABLE = 0
        KEEP_WIDTH = 1
        LAST_ENABLE = 1
        ID_ENABLE = 0
        ID_WIDTH = 8
        DEST_ENABLE = 0
        DEST_WIDTH = 8
        USER_ENABLE = 1
        USER_WIDTH = 1
        RAM_PIPELINE = 4
        OUTPUT_FIFO_ENABLE = 0
        FRAME_FIFO = 1
        USER_BAD_FRAME_VALUE = 1'b1
        USER_BAD_FRAME_MASK = 1'b1
        DROP_OVERSIZE_FRAME = 1
        DROP_BAD_FRAME = 0
        DROP_WHEN_FULL = 0
        MARK_WHEN_FULL = 0
        PAUSE_ENABLE = 0
        FRAME_PAUSE = 1
    Set property "shreg_extract = no" for signal <m_axis_pipe_reg<4><9>>.
    Set property "shreg_extract = no" for signal <m_axis_pipe_reg<4><8>>.
    Set property "shreg_extract = no" for signal <m_axis_pipe_reg<4><7>>.
    Set property "shreg_extract = no" for signal <m_axis_pipe_reg<4><6>>.
    Set property "shreg_extract = no" for signal <m_axis_pipe_reg<4><5>>.
    Set property "shreg_extract = no" for signal <m_axis_pipe_reg<4><4>>.
    Set property "shreg_extract = no" for signal <m_axis_pipe_reg<4><3>>.
    Set property "shreg_extract = no" for signal <m_axis_pipe_reg<4><2>>.
    Set property "shreg_extract = no" for signal <m_axis_pipe_reg<4><1>>.
    Set property "shreg_extract = no" for signal <m_axis_pipe_reg<4><0>>.
    Set property "shreg_extract = no" for signal <m_axis_pipe_reg<3><9>>.
    Set property "shreg_extract = no" for signal <m_axis_pipe_reg<3><8>>.
    Set property "shreg_extract = no" for signal <m_axis_pipe_reg<3><7>>.
    Set property "shreg_extract = no" for signal <m_axis_pipe_reg<3><6>>.
    Set property "shreg_extract = no" for signal <m_axis_pipe_reg<3><5>>.
    Set property "shreg_extract = no" for signal <m_axis_pipe_reg<3><4>>.
    Set property "shreg_extract = no" for signal <m_axis_pipe_reg<3><3>>.
    Set property "shreg_extract = no" for signal <m_axis_pipe_reg<3><2>>.
    Set property "shreg_extract = no" for signal <m_axis_pipe_reg<3><1>>.
    Set property "shreg_extract = no" for signal <m_axis_pipe_reg<3><0>>.
    Set property "shreg_extract = no" for signal <m_axis_pipe_reg<2><9>>.
    Set property "shreg_extract = no" for signal <m_axis_pipe_reg<2><8>>.
    Set property "shreg_extract = no" for signal <m_axis_pipe_reg<2><7>>.
    Set property "shreg_extract = no" for signal <m_axis_pipe_reg<2><6>>.
    Set property "shreg_extract = no" for signal <m_axis_pipe_reg<2><5>>.
    Set property "shreg_extract = no" for signal <m_axis_pipe_reg<2><4>>.
    Set property "shreg_extract = no" for signal <m_axis_pipe_reg<2><3>>.
    Set property "shreg_extract = no" for signal <m_axis_pipe_reg<2><2>>.
    Set property "shreg_extract = no" for signal <m_axis_pipe_reg<2><1>>.
    Set property "shreg_extract = no" for signal <m_axis_pipe_reg<2><0>>.
    Set property "shreg_extract = no" for signal <m_axis_pipe_reg<1><9>>.
    Set property "shreg_extract = no" for signal <m_axis_pipe_reg<1><8>>.
    Set property "shreg_extract = no" for signal <m_axis_pipe_reg<1><7>>.
    Set property "shreg_extract = no" for signal <m_axis_pipe_reg<1><6>>.
    Set property "shreg_extract = no" for signal <m_axis_pipe_reg<1><5>>.
    Set property "shreg_extract = no" for signal <m_axis_pipe_reg<1><4>>.
    Set property "shreg_extract = no" for signal <m_axis_pipe_reg<1><3>>.
    Set property "shreg_extract = no" for signal <m_axis_pipe_reg<1><2>>.
    Set property "shreg_extract = no" for signal <m_axis_pipe_reg<1><1>>.
    Set property "shreg_extract = no" for signal <m_axis_pipe_reg<1><0>>.
    Set property "shreg_extract = no" for signal <m_axis_pipe_reg<0><9>>.
    Set property "shreg_extract = no" for signal <m_axis_pipe_reg<0><8>>.
    Set property "shreg_extract = no" for signal <m_axis_pipe_reg<0><7>>.
    Set property "shreg_extract = no" for signal <m_axis_pipe_reg<0><6>>.
    Set property "shreg_extract = no" for signal <m_axis_pipe_reg<0><5>>.
    Set property "shreg_extract = no" for signal <m_axis_pipe_reg<0><4>>.
    Set property "shreg_extract = no" for signal <m_axis_pipe_reg<0><3>>.
    Set property "shreg_extract = no" for signal <m_axis_pipe_reg<0><2>>.
    Set property "shreg_extract = no" for signal <m_axis_pipe_reg<0><1>>.
    Set property "shreg_extract = no" for signal <m_axis_pipe_reg<0><0>>.
WARNING:Xst:37 - Detected unknown constraint/property "ramstyle". This constraint/property is not supported by the current software release and will be ignored.
WARNING:Xst:647 - Input <s_axis_tkeep> is never used. This port will be preserved and left unconnected if it belongs to a top-level block or it belongs to a sub-block and the hierarchy of this sub-block is preserved.
WARNING:Xst:647 - Input <s_axis_tid> is never used. This port will be preserved and left unconnected if it belongs to a top-level block or it belongs to a sub-block and the hierarchy of this sub-block is preserved.
WARNING:Xst:647 - Input <s_axis_tdest> is never used. This port will be preserved and left unconnected if it belongs to a top-level block or it belongs to a sub-block and the hierarchy of this sub-block is preserved.
WARNING:Xst:647 - Input <pause_req> is never used. This port will be preserved and left unconnected if it belongs to a top-level block or it belongs to a sub-block and the hierarchy of this sub-block is preserved.
    Found 2048x10-bit dual-port RAM <Mram_mem> for signal <mem>.
    Found 1-bit register for signal <good_frame_reg>.
    Found 1-bit register for signal <drop_frame_reg>.
    Found 12-bit register for signal <wr_ptr_reg>.
    Found 12-bit register for signal <wr_ptr_commit_reg>.
    Found 1-bit register for signal <mark_frame_reg>.
    Found 12-bit register for signal <depth_reg>.
    Found 12-bit register for signal <depth_commit_reg>.
    Found 1-bit register for signal <m_axis_tvalid_pipe_reg<4>>.
    Found 1-bit register for signal <m_axis_tvalid_pipe_reg<3>>.
    Found 1-bit register for signal <m_axis_tvalid_pipe_reg<2>>.
    Found 1-bit register for signal <m_axis_tvalid_pipe_reg<1>>.
    Found 1-bit register for signal <m_axis_tvalid_pipe_reg<0>>.
    Found 1-bit register for signal <m_axis_tuser_pipe>.
    Found 1-bit register for signal <m_axis_tlast_pipe>.
    Found 1-bit register for signal <m_axis_pipe_reg<4><7>>.
    Found 1-bit register for signal <m_axis_pipe_reg<4><6>>.
    Found 1-bit register for signal <m_axis_pipe_reg<4><5>>.
    Found 1-bit register for signal <m_axis_pipe_reg<4><4>>.
    Found 1-bit register for signal <m_axis_pipe_reg<4><3>>.
    Found 1-bit register for signal <m_axis_pipe_reg<4><2>>.
    Found 1-bit register for signal <m_axis_pipe_reg<4><1>>.
    Found 1-bit register for signal <m_axis_pipe_reg<4><0>>.
    Found 1-bit register for signal <m_axis_pipe_reg<3><9>>.
    Found 1-bit register for signal <m_axis_pipe_reg<3><8>>.
    Found 1-bit register for signal <m_axis_pipe_reg<3><7>>.
    Found 1-bit register for signal <m_axis_pipe_reg<3><6>>.
    Found 1-bit register for signal <m_axis_pipe_reg<3><5>>.
    Found 1-bit register for signal <m_axis_pipe_reg<3><4>>.
    Found 1-bit register for signal <m_axis_pipe_reg<3><3>>.
    Found 1-bit register for signal <m_axis_pipe_reg<3><2>>.
    Found 1-bit register for signal <m_axis_pipe_reg<3><1>>.
    Found 1-bit register for signal <m_axis_pipe_reg<3><0>>.
    Found 1-bit register for signal <m_axis_pipe_reg<2><9>>.
    Found 1-bit register for signal <m_axis_pipe_reg<2><8>>.
    Found 1-bit register for signal <m_axis_pipe_reg<2><7>>.
    Found 1-bit register for signal <m_axis_pipe_reg<2><6>>.
    Found 1-bit register for signal <m_axis_pipe_reg<2><5>>.
    Found 1-bit register for signal <m_axis_pipe_reg<2><4>>.
    Found 1-bit register for signal <m_axis_pipe_reg<2><3>>.
    Found 1-bit register for signal <m_axis_pipe_reg<2><2>>.
    Found 1-bit register for signal <m_axis_pipe_reg<2><1>>.
    Found 1-bit register for signal <m_axis_pipe_reg<2><0>>.
    Found 1-bit register for signal <m_axis_pipe_reg<1><9>>.
    Found 1-bit register for signal <m_axis_pipe_reg<1><8>>.
    Found 1-bit register for signal <m_axis_pipe_reg<1><7>>.
    Found 1-bit register for signal <m_axis_pipe_reg<1><6>>.
    Found 1-bit register for signal <m_axis_pipe_reg<1><5>>.
    Found 1-bit register for signal <m_axis_pipe_reg<1><4>>.
    Found 1-bit register for signal <m_axis_pipe_reg<1><3>>.
    Found 1-bit register for signal <m_axis_pipe_reg<1><2>>.
    Found 1-bit register for signal <m_axis_pipe_reg<1><1>>.
    Found 1-bit register for signal <m_axis_pipe_reg<1><0>>.
    Found 1-bit register for signal <m_axis_pipe_reg<0><9>>.
    Found 1-bit register for signal <m_axis_pipe_reg<0><8>>.
    Found 1-bit register for signal <m_axis_pipe_reg<0><7>>.
    Found 1-bit register for signal <m_axis_pipe_reg<0><6>>.
    Found 1-bit register for signal <m_axis_pipe_reg<0><5>>.
    Found 1-bit register for signal <m_axis_pipe_reg<0><4>>.
    Found 1-bit register for signal <m_axis_pipe_reg<0><3>>.
    Found 1-bit register for signal <m_axis_pipe_reg<0><2>>.
    Found 1-bit register for signal <m_axis_pipe_reg<0><1>>.
    Found 1-bit register for signal <m_axis_pipe_reg<0><0>>.
    Found 12-bit register for signal <rd_ptr_reg>.
    Found 1-bit register for signal <overflow_reg>.
    Found 12-bit subtractor for signal <wr_ptr_reg[11]_rd_ptr_reg[11]_sub_28_OUT> created at line 370.
    Found 12-bit subtractor for signal <wr_ptr_commit_reg[11]_rd_ptr_reg[11]_sub_29_OUT> created at line 371.
    Found 12-bit adder for signal <wr_ptr_reg[11]_GND_56_o_add_15_OUT> created at line 290.
    Found 12-bit adder for signal <rd_ptr_reg[11]_GND_56_o_add_42_OUT> created at line 399.
    Found 12-bit comparator not equal for signal <full> created at line 199
    Found 12-bit comparator equal for signal <empty> created at line 201
    Found 12-bit comparator equal for signal <full_wr> created at line 203
    WARNING:Xst:2404 -  FFs/Latches <bad_frame_reg<0:0>> (without init value) have a constant value of 0 in block <axis_fifo_2>.
    Summary:
	inferred   1 RAM(s).
	inferred   4 Adder/Subtractor(s).
	inferred 119 D-type flip-flop(s).
	inferred   3 Comparator(s).
	inferred  12 Multiplexer(s).
Unit <axis_fifo_2> synthesized.

Synthesizing Unit <uart>.
    Related source file is "/home/ise/VM_ISE/gbe_spartan-6/uart.vhd".
        clk_freq = 125000000
        baud_rate = 115200
        os_rate = 10
        d_width = 8
        parity = 0
        parity_eo = '0'
    Found 11-bit register for signal <count_baud>.
    Found 7-bit register for signal <count_os>.
    Found 4-bit register for signal <os_count>.
    Found 4-bit register for signal <rx_count>.
    Found 4-bit register for signal <tx_count>.
    Found 8-bit register for signal <rx_data>.
    Found 1-bit register for signal <tx>.
    Found 1-bit register for signal <os_pulse>.
    Found 1-bit register for signal <rx_busy>.
    Found 1-bit register for signal <rx_error>.
    Found 1-bit register for signal <rx_state>.
    Found 1-bit register for signal <tx_busy>.
    Found 1-bit register for signal <tx_state>.
    Found 1-bit register for signal <baud_pulse>.
    Found 9-bit register for signal <rx_buffer>.
    Found 10-bit register for signal <tx_buffer>.
    Found 11-bit adder for signal <count_baud[10]_GND_59_o_add_1_OUT> created at line 77.
    Found 7-bit adder for signal <GND_59_o_GND_59_o_add_5_OUT> created at line 86.
    Found 4-bit adder for signal <os_count[3]_GND_59_o_add_18_OUT> created at line 128.
    Found 4-bit adder for signal <rx_count[3]_GND_59_o_add_20_OUT> created at line 132.
    Found 4-bit adder for signal <tx_count[3]_GND_59_o_add_46_OUT> created at line 180.
    Found 11-bit comparator greater for signal <count_baud[10]_PWR_56_o_LessThan_1_o> created at line 76
    Found 7-bit comparator greater for signal <GND_59_o_PWR_56_o_LessThan_5_o> created at line 85
    Found 4-bit comparator greater for signal <os_count[3]_GND_59_o_LessThan_10_o> created at line 112
    Found 4-bit comparator greater for signal <os_count[3]_PWR_56_o_LessThan_18_o> created at line 127
    Found 4-bit comparator greater for signal <rx_count[3]_PWR_56_o_LessThan_20_o> created at line 130
    Found 4-bit comparator greater for signal <tx_count[3]_PWR_56_o_LessThan_50_o> created at line 183
    Summary:
	inferred   5 Adder/Subtractor(s).
	inferred  65 D-type flip-flop(s).
	inferred   6 Comparator(s).
	inferred  17 Multiplexer(s).
Unit <uart> synthesized.

Synthesizing Unit <mdio_controller>.
    Related source file is "/home/ise/VM_ISE/gbe_spartan-6/mdio_controller.v".
        SYS_CLK_FREQ = 125000000
        MDC_FREQ = 2500000
    Found 4-bit register for signal <current_state>.
    Found 5-bit register for signal <bit_cnt>.
    Found 16-bit register for signal <rdata_reg>.
    Found 16-bit register for signal <rdata>.
    Found 6-bit register for signal <clk_div_cnt>.
    Found 1-bit register for signal <mdio_en_reg>.
    Found 1-bit register for signal <mdio_out_reg>.
    Found 1-bit register for signal <rvalid>.
    Found finite state machine <FSM_11> for signal <current_state>.
    -----------------------------------------------------------------------
    | States             | 9                                              |
    | Transitions        | 24                                             |
    | Inputs             | 6                                              |
    | Outputs            | 12                                             |
    | Clock              | clk (rising_edge)                              |
    | Reset              | rst_n (negative)                               |
    | Reset type         | asynchronous                                   |
    | Reset State        | 0000                                           |
    | Encoding           | auto                                           |
    | Implementation     | LUT                                            |
    -----------------------------------------------------------------------
    Found 6-bit adder for signal <clk_div_cnt[5]_GND_61_o_add_4_OUT> created at line 96.
    Found 5-bit adder for signal <bit_cnt[4]_GND_61_o_add_53_OUT> created at line 195.
    Found 3-bit subtractor for signal <GND_61_o_GND_61_o_sub_78_OUT<2:0>> created at line 220.
    Found 4-bit subtractor for signal <GND_61_o_GND_61_o_sub_83_OUT<3:0>> created at line 223.
    Found 1-bit 5-to-1 multiplexer for signal <GND_61_o_X_51_o_Mux_78_o> created at line 220.
    Found 1-bit 5-to-1 multiplexer for signal <GND_61_o_X_51_o_Mux_80_o> created at line 221.
    Found 1-bit 16-to-1 multiplexer for signal <GND_61_o_wdata[15]_Mux_83_o> created at line 223.
    Found 1-bit 8-to-1 multiplexer for signal <_n0184> created at line 65.
    Found 1-bit tristate buffer for signal <mdio> created at line 80
    Found 6-bit comparator greater for signal <mdc> created at line 77
    Summary:
	inferred   4 Adder/Subtractor(s).
	inferred  46 D-type flip-flop(s).
	inferred   1 Comparator(s).
	inferred  18 Multiplexer(s).
	inferred   1 Tristate(s).
	inferred   1 Finite State Machine(s).
Unit <mdio_controller> synthesized.

=========================================================================
HDL Synthesis Report

Macro Statistics
# RAMs                                                 : 26
 2048x10-bit dual-port RAM                             : 4
 512x1-bit dual-port RAM                               : 1
 512x32-bit dual-port RAM                              : 1
 512x48-bit dual-port RAM                              : 1
 8x13-bit dual-port RAM                                : 1
 8x16-bit dual-port RAM                                : 7
 8x2-bit dual-port RAM                                 : 1
 8x3-bit dual-port RAM                                 : 1
 8x32-bit dual-port RAM                                : 2
 8x4-bit dual-port RAM                                 : 2
 8x48-bit dual-port RAM                                : 2
 8x6-bit dual-port RAM                                 : 1
 8x8-bit dual-port RAM                                 : 1
 8x8-bit single-port Read Only RAM                     : 1
# Multipliers                                          : 5
 2x1-bit multiplier                                    : 1
 3x1-bit multiplier                                    : 1
 4x1-bit multiplier                                    : 1
 6x1-bit multiplier                                    : 2
# Adders/Subtractors                                   : 101
 10-bit subtractor                                     : 2
 11-bit adder                                          : 1
 12-bit adder                                          : 8
 12-bit subtractor                                     : 12
 16-bit adder                                          : 8
 16-bit subtractor                                     : 4
 17-bit adder                                          : 13
 17-bit subtractor                                     : 1
 2-bit adder                                           : 1
 24-bit adder                                          : 1
 3-bit adder                                           : 3
 3-bit subtractor                                      : 1
 32-bit adder                                          : 20
 36-bit subtractor                                     : 1
 4-bit adder                                           : 8
 4-bit subtractor                                      : 1
 40-bit adder                                          : 2
 5-bit adder                                           : 3
 6-bit adder                                           : 4
 6-bit subtractor                                      : 2
 7-bit adder                                           : 2
 7-bit subtractor                                      : 1
 8-bit adder                                           : 1
 9-bit adder                                           : 1
# Registers                                            : 898
 1-bit register                                        : 542
 10-bit register                                       : 5
 11-bit register                                       : 1
 12-bit register                                       : 44
 13-bit register                                       : 6
 16-bit register                                       : 61
 2-bit register                                        : 34
 24-bit register                                       : 1
 3-bit register                                        : 11
 32-bit register                                       : 47
 36-bit register                                       : 1
 4-bit register                                        : 24
 40-bit register                                       : 3
 48-bit register                                       : 35
 5-bit register                                        : 6
 6-bit register                                        : 12
 64-bit register                                       : 2
 7-bit register                                        : 3
 8-bit register                                        : 56
 9-bit register                                        : 3
 920-bit register                                      : 1
# Comparators                                          : 38
 1-bit comparator equal                                : 2
 1-bit comparator not equal                            : 1
 11-bit comparator greater                             : 1
 12-bit comparator equal                               : 7
 12-bit comparator not equal                           : 5
 16-bit comparator greater                             : 1
 24-bit comparator greater                             : 1
 3-bit comparator equal                                : 1
 32-bit comparator equal                               : 3
 32-bit comparator greater                             : 1
 32-bit comparator lessequal                           : 1
 32-bit comparator not equal                           : 1
 4-bit comparator equal                                : 1
 4-bit comparator greater                              : 4
 6-bit comparator greater                              : 4
 6-bit comparator lessequal                            : 1
 7-bit comparator greater                              : 2
 8-bit comparator greater                              : 1
# Multiplexers                                         : 1105
 1-bit 16-to-1 multiplexer                             : 1
 1-bit 2-to-1 multiplexer                              : 842
 1-bit 5-to-1 multiplexer                              : 4
 1-bit 6-to-1 multiplexer                              : 2
 1-bit 8-to-1 multiplexer                              : 1
 10-bit 2-to-1 multiplexer                             : 1
 11-bit 2-to-1 multiplexer                             : 1
 12-bit 2-to-1 multiplexer                             : 38
 16-bit 2-to-1 multiplexer                             : 50
 2-bit 2-to-1 multiplexer                              : 7
 24-bit 2-to-1 multiplexer                             : 1
 3-bit 2-to-1 multiplexer                              : 3
 32-bit 2-to-1 multiplexer                             : 26
 36-bit 2-to-1 multiplexer                             : 3
 4-bit 2-to-1 multiplexer                              : 13
 48-bit 2-to-1 multiplexer                             : 4
 5-bit 2-to-1 multiplexer                              : 14
 6-bit 2-to-1 multiplexer                              : 12
 64-bit 2-to-1 multiplexer                             : 2
 7-bit 2-to-1 multiplexer                              : 5
 8-bit 15-to-1 multiplexer                             : 1
 8-bit 2-to-1 multiplexer                              : 65
 8-bit 22-to-1 multiplexer                             : 1
 8-bit 29-to-1 multiplexer                             : 1
 8-bit 4-to-1 multiplexer                              : 1
 8-bit 5-to-1 multiplexer                              : 2
 8-bit 6-to-1 multiplexer                              : 1
 8-bit 8-to-1 multiplexer                              : 1
 9-bit 2-to-1 multiplexer                              : 2
# Logic shifters                                       : 25
 12-bit shifter logical right                          : 1
 144-bit shifter logical right                         : 3
 18-bit shifter logical right                          : 1
 1839-bit shifter logical right                        : 2
 2-bit shifter logical left                            : 2
 24-bit shifter logical right                          : 4
 3-bit shifter logical right                           : 2
 32-bit shifter logical left                           : 2
 39-bit shifter logical right                          : 1
 48-bit shifter logical right                          : 3
 6-bit shifter logical right                           : 1
 9-bit shifter logical right                           : 1
 96-bit shifter logical right                          : 2
# Tristates                                            : 1
 1-bit tristate buffer                                 : 1
# FSMs                                                 : 12
# Xors                                                 : 526
 1-bit xor10                                           : 4
 1-bit xor11                                           : 4
 1-bit xor12                                           : 4
 1-bit xor2                                            : 325
 1-bit xor3                                            : 42
 1-bit xor4                                            : 35
 1-bit xor5                                            : 22
 1-bit xor6                                            : 34
 1-bit xor7                                            : 30
 1-bit xor8                                            : 6
 1-bit xor9                                            : 4
 12-bit xor2                                           : 14
 2-bit xor2                                            : 1
 32-bit xor2                                           : 1

=========================================================================
INFO:Xst:1767 - HDL ADVISOR - Resource sharing has identified that some arithmetic operations in this design can share the same physical resources for reduced device utilization. For improved clock frequency you may try to disable resource sharing.

=========================================================================
*                       Advanced HDL Synthesis                          *
=========================================================================

INFO:Xst:2261 - The FF/Latch <ip_flags_reg_0> in Unit <ip_eth_tx_inst> is equivalent to the following 43 FFs/Latches, which will be removed : <ip_flags_reg_2> <m_eth_src_mac_reg_0> <m_eth_src_mac_reg_1> <m_eth_src_mac_reg_2> <m_eth_src_mac_reg_3> <m_eth_src_mac_reg_6> <m_eth_src_mac_reg_7> <m_eth_src_mac_reg_8> <m_eth_src_mac_reg_10> <m_eth_src_mac_reg_14> <m_eth_src_mac_reg_15> <m_eth_src_mac_reg_17> <m_eth_src_mac_reg_18> <m_eth_src_mac_reg_19> <m_eth_src_mac_reg_20> <m_eth_src_mac_reg_23> <m_eth_src_mac_reg_27> <m_eth_src_mac_reg_28> <m_eth_src_mac_reg_31> <m_eth_src_mac_reg_32> <m_eth_src_mac_reg_33> <m_eth_src_mac_reg_34> <m_eth_src_mac_reg_35> <m_eth_src_mac_reg_39> <m_eth_src_mac_reg_40> <m_eth_src_mac_reg_43> <m_eth_src_mac_reg_44> <m_eth_src_mac_reg_47> <m_eth_type_reg_0> <m_eth_type_reg_1> <m_eth_type_reg_2> <m_eth_type_reg_3> <m_eth_type_reg_4> <m_eth_type_reg_5> <m_eth_type_reg_6> <m_eth_type_reg_7> <m_eth_type_reg_8> <m_eth_type_reg_9> <m_eth_type_reg_10> <m_eth_type_reg_12> <m_eth_type_reg_13>
   <m_eth_type_reg_14> <m_eth_type_reg_15> 
INFO:Xst:2261 - The FF/Latch <ip_flags_reg_1> in Unit <ip_eth_tx_inst> is equivalent to the following 22 FFs/Latches, which will be removed : <m_eth_src_mac_reg_4> <m_eth_src_mac_reg_5> <m_eth_src_mac_reg_9> <m_eth_src_mac_reg_11> <m_eth_src_mac_reg_12> <m_eth_src_mac_reg_13> <m_eth_src_mac_reg_16> <m_eth_src_mac_reg_21> <m_eth_src_mac_reg_22> <m_eth_src_mac_reg_24> <m_eth_src_mac_reg_25> <m_eth_src_mac_reg_26> <m_eth_src_mac_reg_29> <m_eth_src_mac_reg_30> <m_eth_src_mac_reg_36> <m_eth_src_mac_reg_37> <m_eth_src_mac_reg_38> <m_eth_src_mac_reg_41> <m_eth_src_mac_reg_42> <m_eth_src_mac_reg_45> <m_eth_src_mac_reg_46> <m_eth_type_reg_11> 
INFO:Xst:2261 - The FF/Latch <m_eth_type_reg_0> in Unit <arp_eth_rx_inst> is equivalent to the following 12 FFs/Latches, which will be removed : <m_eth_type_reg_3> <m_eth_type_reg_4> <m_eth_type_reg_5> <m_eth_type_reg_6> <m_eth_type_reg_7> <m_eth_type_reg_8> <m_eth_type_reg_9> <m_eth_type_reg_10> <m_eth_type_reg_12> <m_eth_type_reg_13> <m_eth_type_reg_14> <m_eth_type_reg_15> 
INFO:Xst:2261 - The FF/Latch <m_eth_type_reg_1> in Unit <arp_eth_rx_inst> is equivalent to the following 2 FFs/Latches, which will be removed : <m_eth_type_reg_2> <m_eth_type_reg_11> 
INFO:Xst:2261 - The FF/Latch <m_eth_src_mac_reg_0> in Unit <arp_eth_tx_inst> is equivalent to the following 80 FFs/Latches, which will be removed : <m_eth_src_mac_reg_1> <m_eth_src_mac_reg_2> <m_eth_src_mac_reg_3> <m_eth_src_mac_reg_6> <m_eth_src_mac_reg_7> <m_eth_src_mac_reg_8> <m_eth_src_mac_reg_10> <m_eth_src_mac_reg_14> <m_eth_src_mac_reg_15> <m_eth_src_mac_reg_17> <m_eth_src_mac_reg_18> <m_eth_src_mac_reg_19> <m_eth_src_mac_reg_20> <m_eth_src_mac_reg_23> <m_eth_src_mac_reg_27> <m_eth_src_mac_reg_28> <m_eth_src_mac_reg_31> <m_eth_src_mac_reg_32> <m_eth_src_mac_reg_33> <m_eth_src_mac_reg_34> <m_eth_src_mac_reg_35> <m_eth_src_mac_reg_39> <m_eth_src_mac_reg_40> <m_eth_src_mac_reg_43> <m_eth_src_mac_reg_44> <m_eth_src_mac_reg_47> <arp_ptype_reg_8> <arp_ptype_reg_9> <arp_ptype_reg_10> <arp_ptype_reg_12> <arp_ptype_reg_13> <arp_ptype_reg_14> <arp_ptype_reg_15> <m_eth_type_reg_0> <m_eth_type_reg_3> <m_eth_type_reg_4> <m_eth_type_reg_5> <m_eth_type_reg_6> <m_eth_type_reg_7> <m_eth_type_reg_8> <m_eth_type_reg_9>
   <m_eth_type_reg_10> <m_eth_type_reg_12> <m_eth_type_reg_13> <m_eth_type_reg_14> <m_eth_type_reg_15> <arp_htype_reg_1> <arp_htype_reg_2> <arp_htype_reg_3> <arp_htype_reg_4> <arp_htype_reg_5> <arp_htype_reg_6> <arp_htype_reg_7> <arp_sha_reg_0> <arp_sha_reg_1> <arp_sha_reg_2> <arp_sha_reg_3> <arp_sha_reg_6> <arp_sha_reg_7> <arp_sha_reg_8> <arp_sha_reg_10> <arp_sha_reg_14> <arp_sha_reg_15> <arp_sha_reg_17> <arp_sha_reg_18> <arp_sha_reg_19> <arp_sha_reg_20> <arp_sha_reg_23> <arp_sha_reg_27> <arp_sha_reg_28> <arp_sha_reg_31> <arp_sha_reg_32> <arp_sha_reg_33> <arp_sha_reg_34> <arp_sha_reg_35> <arp_sha_reg_39> <arp_sha_reg_40> <arp_sha_reg_43> <arp_sha_reg_44> <arp_sha_reg_47> 
INFO:Xst:2261 - The FF/Latch <m_eth_src_mac_reg_4> in Unit <arp_eth_tx_inst> is equivalent to the following 46 FFs/Latches, which will be removed : <m_eth_src_mac_reg_5> <m_eth_src_mac_reg_9> <m_eth_src_mac_reg_11> <m_eth_src_mac_reg_12> <m_eth_src_mac_reg_13> <m_eth_src_mac_reg_16> <m_eth_src_mac_reg_21> <m_eth_src_mac_reg_22> <m_eth_src_mac_reg_24> <m_eth_src_mac_reg_25> <m_eth_src_mac_reg_26> <m_eth_src_mac_reg_29> <m_eth_src_mac_reg_30> <m_eth_src_mac_reg_36> <m_eth_src_mac_reg_37> <m_eth_src_mac_reg_38> <m_eth_src_mac_reg_41> <m_eth_src_mac_reg_42> <m_eth_src_mac_reg_45> <m_eth_src_mac_reg_46> <arp_ptype_reg_11> <m_eth_type_reg_1> <m_eth_type_reg_2> <m_eth_type_reg_11> <arp_htype_reg_0> <arp_sha_reg_4> <arp_sha_reg_5> <arp_sha_reg_9> <arp_sha_reg_11> <arp_sha_reg_12> <arp_sha_reg_13> <arp_sha_reg_16> <arp_sha_reg_21> <arp_sha_reg_22> <arp_sha_reg_24> <arp_sha_reg_25> <arp_sha_reg_26> <arp_sha_reg_29> <arp_sha_reg_30> <arp_sha_reg_36> <arp_sha_reg_37> <arp_sha_reg_38> <arp_sha_reg_41> <arp_sha_reg_42>
   <arp_sha_reg_45> <arp_sha_reg_46> 
INFO:Xst:2261 - The FF/Latch <ip_ttl_reg_0> in Unit <udp_checksum_gen_inst> is equivalent to the following 6 FFs/Latches, which will be removed : <ip_ttl_reg_1> <ip_ttl_reg_2> <ip_ttl_reg_3> <ip_ttl_reg_4> <ip_ttl_reg_5> <ip_ttl_reg_7> 
INFO:Xst:2261 - The FF/Latch <m_ip_protocol_reg_1> in Unit <udp_ip_tx_inst> is equivalent to the following 5 FFs/Latches, which will be removed : <m_ip_protocol_reg_2> <m_ip_protocol_reg_3> <m_ip_protocol_reg_5> <m_ip_protocol_reg_6> <m_ip_protocol_reg_7> 
INFO:Xst:2261 - The FF/Latch <m_ip_protocol_reg_0> in Unit <udp_ip_tx_inst> is equivalent to the following FF/Latch, which will be removed : <m_ip_protocol_reg_4> 
INFO:Xst:2261 - The FF/Latch <full_registro_8> in Unit <core_inst> is equivalent to the following 47 FFs/Latches, which will be removed : <full_registro_12> <full_registro_24> <full_registro_28> <full_registro_192> <full_registro_193> <full_registro_194> <full_registro_195> <full_registro_198> <full_registro_199> <full_registro_200> <full_registro_202> <full_registro_206> <full_registro_207> <full_registro_209> <full_registro_210> <full_registro_211> <full_registro_212> <full_registro_215> <full_registro_219> <full_registro_220> <full_registro_223> <full_registro_224> <full_registro_225> <full_registro_226> <full_registro_227> <full_registro_231> <full_registro_232> <full_registro_235> <full_registro_236> <full_registro_239> <full_registro_295> <full_registro_889> <full_registro_891> <full_registro_893> <full_registro_895> <full_registro_896> <full_registro_898> <full_registro_900> <full_registro_902> <full_registro_905> <full_registro_907> <full_registro_909> <full_registro_911> <full_registro_912>
   <full_registro_914> <full_registro_916> <full_registro_918> 
INFO:Xst:2261 - The FF/Latch <full_registro_0> in Unit <core_inst> is equivalent to the following 64 FFs/Latches, which will be removed : <full_registro_1> <full_registro_2> <full_registro_3> <full_registro_4> <full_registro_5> <full_registro_6> <full_registro_7> <full_registro_9> <full_registro_10> <full_registro_11> <full_registro_13> <full_registro_14> <full_registro_15> <full_registro_16> <full_registro_17> <full_registro_18> <full_registro_19> <full_registro_20> <full_registro_21> <full_registro_22> <full_registro_23> <full_registro_25> <full_registro_26> <full_registro_27> <full_registro_29> <full_registro_30> <full_registro_31> <full_registro_196> <full_registro_197> <full_registro_201> <full_registro_203> <full_registro_204> <full_registro_205> <full_registro_208> <full_registro_213> <full_registro_214> <full_registro_216> <full_registro_217> <full_registro_218> <full_registro_221> <full_registro_222> <full_registro_228> <full_registro_229> <full_registro_230> <full_registro_233> <full_registro_234>
   <full_registro_237> <full_registro_238> <full_registro_888> <full_registro_890> <full_registro_892> <full_registro_894> <full_registro_897> <full_registro_899> <full_registro_901> <full_registro_903> <full_registro_904> <full_registro_906> <full_registro_908> <full_registro_910> <full_registro_913> <full_registro_915> <full_registro_917> <full_registro_919> 
WARNING:Xst:1426 - The value init of the FF/Latch m_eth_type_reg_1 hinder the constant cleaning in the block arp_eth_rx_inst.
   You should achieve better results by setting this init to 1.
WARNING:Xst:1426 - The value init of the FF/Latch m_eth_src_mac_reg_4 hinder the constant cleaning in the block arp_eth_tx_inst.
   You should achieve better results by setting this init to 1.
WARNING:Xst:1426 - The value init of the FF/Latch ip_flags_reg_1 hinder the constant cleaning in the block ip_eth_tx_inst.
   You should achieve better results by setting this init to 1.
WARNING:Xst:1426 - The value init of the FF/Latch ip_ttl_reg_6 hinder the constant cleaning in the block udp_checksum_gen_inst.
   You should achieve better results by setting this init to 1.
WARNING:Xst:1426 - The value init of the FF/Latch m_ip_protocol_reg_0 hinder the constant cleaning in the block udp_ip_tx_inst.
   You should achieve better results by setting this init to 1.
WARNING:Xst:1293 - FF/Latch <ip_fragment_offset_reg_6> has a constant value of 0 in block <ip_eth_tx_inst>. This FF/Latch will be trimmed during the optimization process.
WARNING:Xst:1293 - FF/Latch <ip_fragment_offset_reg_7> has a constant value of 0 in block <ip_eth_tx_inst>. This FF/Latch will be trimmed during the optimization process.
WARNING:Xst:1293 - FF/Latch <ip_fragment_offset_reg_8> has a constant value of 0 in block <ip_eth_tx_inst>. This FF/Latch will be trimmed during the optimization process.
WARNING:Xst:1293 - FF/Latch <ip_fragment_offset_reg_9> has a constant value of 0 in block <ip_eth_tx_inst>. This FF/Latch will be trimmed during the optimization process.
WARNING:Xst:1293 - FF/Latch <ip_fragment_offset_reg_10> has a constant value of 0 in block <ip_eth_tx_inst>. This FF/Latch will be trimmed during the optimization process.
WARNING:Xst:1293 - FF/Latch <ip_fragment_offset_reg_11> has a constant value of 0 in block <ip_eth_tx_inst>. This FF/Latch will be trimmed during the optimization process.
WARNING:Xst:1293 - FF/Latch <ip_fragment_offset_reg_12> has a constant value of 0 in block <ip_eth_tx_inst>. This FF/Latch will be trimmed during the optimization process.
WARNING:Xst:1293 - FF/Latch <ip_flags_reg_0> has a constant value of 0 in block <ip_eth_tx_inst>. This FF/Latch will be trimmed during the optimization process.
WARNING:Xst:1293 - FF/Latch <m_eth_type_reg_0> has a constant value of 0 in block <arp_eth_rx_inst>. This FF/Latch will be trimmed during the optimization process.
WARNING:Xst:1293 - FF/Latch <m_eth_src_mac_reg_0> has a constant value of 0 in block <arp_eth_tx_inst>. This FF/Latch will be trimmed during the optimization process.
WARNING:Xst:1293 - FF/Latch <temp_m_eth_payload_axis_tuser_reg> has a constant value of 0 in block <arp_eth_tx_inst>. This FF/Latch will be trimmed during the optimization process.
WARNING:Xst:1293 - FF/Latch <mark_frame_reg> has a constant value of 0 in block <payload_fifo>. This FF/Latch will be trimmed during the optimization process.
WARNING:Xst:1293 - FF/Latch <ip_dscp_reg_0> has a constant value of 0 in block <udp_checksum_gen_inst>. This FF/Latch will be trimmed during the optimization process.
WARNING:Xst:1293 - FF/Latch <ip_dscp_reg_1> has a constant value of 0 in block <udp_checksum_gen_inst>. This FF/Latch will be trimmed during the optimization process.
WARNING:Xst:1293 - FF/Latch <ip_dscp_reg_2> has a constant value of 0 in block <udp_checksum_gen_inst>. This FF/Latch will be trimmed during the optimization process.
WARNING:Xst:1293 - FF/Latch <ip_dscp_reg_3> has a constant value of 0 in block <udp_checksum_gen_inst>. This FF/Latch will be trimmed during the optimization process.
WARNING:Xst:1293 - FF/Latch <ip_dscp_reg_4> has a constant value of 0 in block <udp_checksum_gen_inst>. This FF/Latch will be trimmed during the optimization process.
WARNING:Xst:1293 - FF/Latch <ip_dscp_reg_5> has a constant value of 0 in block <udp_checksum_gen_inst>. This FF/Latch will be trimmed during the optimization process.
WARNING:Xst:1293 - FF/Latch <ip_ecn_reg_0> has a constant value of 0 in block <udp_checksum_gen_inst>. This FF/Latch will be trimmed during the optimization process.
WARNING:Xst:1293 - FF/Latch <ip_ecn_reg_1> has a constant value of 0 in block <udp_checksum_gen_inst>. This FF/Latch will be trimmed during the optimization process.
WARNING:Xst:1293 - FF/Latch <ip_ttl_reg_0> has a constant value of 0 in block <udp_checksum_gen_inst>. This FF/Latch will be trimmed during the optimization process.
WARNING:Xst:1293 - FF/Latch <m_ip_protocol_reg_1> has a constant value of 0 in block <udp_ip_tx_inst>. This FF/Latch will be trimmed during the optimization process.
WARNING:Xst:1293 - FF/Latch <mark_frame_reg> has a constant value of 0 in block <udp_payload_fifo>. This FF/Latch will be trimmed during the optimization process.
WARNING:Xst:1710 - FF/Latch <full_registro_8> (without init value) has a constant value of 0 in block <core_inst>. This FF/Latch will be trimmed during the optimization process.
WARNING:Xst:1293 - FF/Latch <mark_frame_reg> has a constant value of 0 in block <fifo_inst>. This FF/Latch will be trimmed during the optimization process.
WARNING:Xst:1293 - FF/Latch <mark_frame_reg> has a constant value of 0 in block <fifo_inst>. This FF/Latch will be trimmed during the optimization process.
WARNING:Xst:1293 - FF/Latch <ip_identification_reg_0> has a constant value of 0 in block <ip_eth_tx_inst>. This FF/Latch will be trimmed during the optimization process.
WARNING:Xst:1293 - FF/Latch <ip_identification_reg_1> has a constant value of 0 in block <ip_eth_tx_inst>. This FF/Latch will be trimmed during the optimization process.
WARNING:Xst:1293 - FF/Latch <ip_identification_reg_2> has a constant value of 0 in block <ip_eth_tx_inst>. This FF/Latch will be trimmed during the optimization process.
WARNING:Xst:1293 - FF/Latch <ip_identification_reg_3> has a constant value of 0 in block <ip_eth_tx_inst>. This FF/Latch will be trimmed during the optimization process.
WARNING:Xst:1293 - FF/Latch <ip_identification_reg_4> has a constant value of 0 in block <ip_eth_tx_inst>. This FF/Latch will be trimmed during the optimization process.
WARNING:Xst:1293 - FF/Latch <ip_identification_reg_5> has a constant value of 0 in block <ip_eth_tx_inst>. This FF/Latch will be trimmed during the optimization process.
WARNING:Xst:1293 - FF/Latch <ip_identification_reg_6> has a constant value of 0 in block <ip_eth_tx_inst>. This FF/Latch will be trimmed during the optimization process.
WARNING:Xst:1293 - FF/Latch <ip_identification_reg_7> has a constant value of 0 in block <ip_eth_tx_inst>. This FF/Latch will be trimmed during the optimization process.
WARNING:Xst:1293 - FF/Latch <ip_identification_reg_8> has a constant value of 0 in block <ip_eth_tx_inst>. This FF/Latch will be trimmed during the optimization process.
WARNING:Xst:1293 - FF/Latch <ip_identification_reg_9> has a constant value of 0 in block <ip_eth_tx_inst>. This FF/Latch will be trimmed during the optimization process.
WARNING:Xst:1293 - FF/Latch <ip_identification_reg_10> has a constant value of 0 in block <ip_eth_tx_inst>. This FF/Latch will be trimmed during the optimization process.
WARNING:Xst:1293 - FF/Latch <ip_identification_reg_11> has a constant value of 0 in block <ip_eth_tx_inst>. This FF/Latch will be trimmed during the optimization process.
WARNING:Xst:1293 - FF/Latch <ip_identification_reg_12> has a constant value of 0 in block <ip_eth_tx_inst>. This FF/Latch will be trimmed during the optimization process.
WARNING:Xst:1293 - FF/Latch <ip_identification_reg_13> has a constant value of 0 in block <ip_eth_tx_inst>. This FF/Latch will be trimmed during the optimization process.
WARNING:Xst:1293 - FF/Latch <ip_identification_reg_14> has a constant value of 0 in block <ip_eth_tx_inst>. This FF/Latch will be trimmed during the optimization process.
WARNING:Xst:1293 - FF/Latch <ip_identification_reg_15> has a constant value of 0 in block <ip_eth_tx_inst>. This FF/Latch will be trimmed during the optimization process.
WARNING:Xst:1293 - FF/Latch <ip_fragment_offset_reg_0> has a constant value of 0 in block <ip_eth_tx_inst>. This FF/Latch will be trimmed during the optimization process.
WARNING:Xst:1293 - FF/Latch <ip_fragment_offset_reg_1> has a constant value of 0 in block <ip_eth_tx_inst>. This FF/Latch will be trimmed during the optimization process.
WARNING:Xst:1293 - FF/Latch <ip_fragment_offset_reg_2> has a constant value of 0 in block <ip_eth_tx_inst>. This FF/Latch will be trimmed during the optimization process.
WARNING:Xst:1293 - FF/Latch <ip_fragment_offset_reg_3> has a constant value of 0 in block <ip_eth_tx_inst>. This FF/Latch will be trimmed during the optimization process.
WARNING:Xst:1293 - FF/Latch <ip_fragment_offset_reg_4> has a constant value of 0 in block <ip_eth_tx_inst>. This FF/Latch will be trimmed during the optimization process.
WARNING:Xst:1293 - FF/Latch <ip_fragment_offset_reg_5> has a constant value of 0 in block <ip_eth_tx_inst>. This FF/Latch will be trimmed during the optimization process.
WARNING:Xst:1896 - Due to other FF/Latch trimming, FF/Latch <m_eth_payload_axis_tuser_reg> has a constant value of 0 in block <arp_eth_tx_inst>. This FF/Latch will be trimmed during the optimization process.
WARNING:Xst:2677 - Node <arp_ptype_reg_0> of sequential type is unconnected in block <arp_eth_tx_inst>.
WARNING:Xst:2677 - Node <arp_ptype_reg_1> of sequential type is unconnected in block <arp_eth_tx_inst>.
WARNING:Xst:2677 - Node <arp_ptype_reg_2> of sequential type is unconnected in block <arp_eth_tx_inst>.
WARNING:Xst:2677 - Node <arp_ptype_reg_3> of sequential type is unconnected in block <arp_eth_tx_inst>.
WARNING:Xst:2677 - Node <arp_ptype_reg_4> of sequential type is unconnected in block <arp_eth_tx_inst>.
WARNING:Xst:2677 - Node <arp_ptype_reg_5> of sequential type is unconnected in block <arp_eth_tx_inst>.
WARNING:Xst:2677 - Node <arp_ptype_reg_6> of sequential type is unconnected in block <arp_eth_tx_inst>.
WARNING:Xst:2677 - Node <arp_ptype_reg_7> of sequential type is unconnected in block <arp_eth_tx_inst>.
WARNING:Xst:2677 - Node <arp_htype_reg_8> of sequential type is unconnected in block <arp_eth_tx_inst>.
WARNING:Xst:2677 - Node <arp_htype_reg_9> of sequential type is unconnected in block <arp_eth_tx_inst>.
WARNING:Xst:2677 - Node <arp_htype_reg_10> of sequential type is unconnected in block <arp_eth_tx_inst>.
WARNING:Xst:2677 - Node <arp_htype_reg_11> of sequential type is unconnected in block <arp_eth_tx_inst>.
WARNING:Xst:2677 - Node <arp_htype_reg_12> of sequential type is unconnected in block <arp_eth_tx_inst>.
WARNING:Xst:2677 - Node <arp_htype_reg_13> of sequential type is unconnected in block <arp_eth_tx_inst>.
WARNING:Xst:2677 - Node <arp_htype_reg_14> of sequential type is unconnected in block <arp_eth_tx_inst>.
WARNING:Xst:2677 - Node <arp_htype_reg_15> of sequential type is unconnected in block <arp_eth_tx_inst>.
WARNING:Xst:2677 - Node <s_ip_hdr_ready_reg_1> of sequential type is unconnected in block <ip_arb_mux_inst>.
WARNING:Xst:2677 - Node <rdata_reg_15> of sequential type is unconnected in block <mdio_controller_inst>.

Synthesizing (advanced) Unit <arp>.
The following registers are absorbed into counter <arp_request_retry_cnt_reg>: 1 register on signal <arp_request_retry_cnt_reg>.
Unit <arp> synthesized (advanced).

Synthesizing (advanced) Unit <arp_cache>.
INFO:Xst:3212 - HDL ADVISOR - Asynchronous or synchronous initialization of the register <wr_ptr_reg> prevents it from being combined with the RAM <Mram_valid_mem> for implementation as read-only block RAM.
    -----------------------------------------------------------------------
    | ram_type           | Distributed                         |          |
    -----------------------------------------------------------------------
    | Port A                                                              |
    |     aspect ratio   | 512-word x 1-bit                    |          |
    |     clkA           | connected to signal <clk>           | rise     |
    |     weA            | connected to signal <mem_write>     | high     |
    |     addrA          | connected to signal <wr_ptr_reg>    |          |
    |     diA            | connected to signal <clear_cache_reg_INV_305_o> |          |
    -----------------------------------------------------------------------
    | Port B                                                              |
    |     aspect ratio   | 512-word x 1-bit                    |          |
    |     addrB          | connected to signal <rd_ptr_reg>    |          |
    |     doB            | connected to internal node          |          |
    -----------------------------------------------------------------------
INFO:Xst:3231 - The small RAM <Mram_valid_mem> will be implemented on LUTs in order to maximize performance and save block RAM resources. If you want to force its implementation on block, use option/constraint ram_style.
INFO:Xst:3212 - HDL ADVISOR - Asynchronous or synchronous initialization of the register <wr_ptr_reg> prevents it from being combined with the RAM <Mram_mac_addr_mem> for implementation as read-only block RAM.
    -----------------------------------------------------------------------
    | ram_type           | Distributed                         |          |
    -----------------------------------------------------------------------
    | Port A                                                              |
    |     aspect ratio   | 512-word x 48-bit                   |          |
    |     clkA           | connected to signal <clk>           | rise     |
    |     weA            | connected to signal <mem_write>     | high     |
    |     addrA          | connected to signal <wr_ptr_reg>    |          |
    |     diA            | connected to signal <write_mac_reg> |          |
    -----------------------------------------------------------------------
    | Port B                                                              |
    |     aspect ratio   | 512-word x 48-bit                   |          |
    |     addrB          | connected to signal <rd_ptr_reg>    |          |
    |     doB            | connected to internal node          |          |
    -----------------------------------------------------------------------
INFO:Xst:3226 - The RAM <Mram_mac_addr_mem> will be implemented as a BLOCK RAM, absorbing the following register(s): <rd_ptr_reg> <query_response_mac_reg>
    -----------------------------------------------------------------------
    | ram_type           | Block                               |          |
    -----------------------------------------------------------------------
    | Port A                                                              |
    |     aspect ratio   | 512-word x 48-bit                   |          |
    |     mode           | read-first                          |          |
    |     clkA           | connected to signal <clk>           | rise     |
    |     weA            | connected to signal <mem_write>     | high     |
    |     addrA          | connected to signal <wr_ptr_reg>    |          |
    |     diA            | connected to signal <write_mac_reg> |          |
    -----------------------------------------------------------------------
    | optimization       | speed                               |          |
    -----------------------------------------------------------------------
    | Port B                                                              |
    |     aspect ratio   | 512-word x 48-bit                   |          |
    |     mode           | write-first                         |          |
    |     clkB           | connected to signal <clk>           | rise     |
    |     addrB          | connected to signal <query_request_hash> |          |
    |     doB            | connected to signal <query_response_mac_reg> |          |
    -----------------------------------------------------------------------
    | optimization       | speed                               |          |
    -----------------------------------------------------------------------
INFO:Xst:3212 - HDL ADVISOR - Asynchronous or synchronous initialization of the register <wr_ptr_reg> prevents it from being combined with the RAM <Mram_ip_addr_mem> for implementation as read-only block RAM.
    -----------------------------------------------------------------------
    | ram_type           | Distributed                         |          |
    -----------------------------------------------------------------------
    | Port A                                                              |
    |     aspect ratio   | 512-word x 32-bit                   |          |
    |     clkA           | connected to signal <clk>           | rise     |
    |     weA            | connected to signal <mem_write>     | high     |
    |     addrA          | connected to signal <wr_ptr_reg>    |          |
    |     diA            | connected to signal <write_ip_reg>  |          |
    -----------------------------------------------------------------------
    | Port B                                                              |
    |     aspect ratio   | 512-word x 32-bit                   |          |
    |     addrB          | connected to signal <rd_ptr_reg>    |          |
    |     doB            | connected to internal node          |          |
    -----------------------------------------------------------------------
INFO:Xst:3226 - The RAM <Mram_ip_addr_mem> will be implemented as a BLOCK RAM, absorbing the following register(s): <rd_ptr_reg>
    -----------------------------------------------------------------------
    | ram_type           | Block                               |          |
    -----------------------------------------------------------------------
    | Port A                                                              |
    |     aspect ratio   | 512-word x 32-bit                   |          |
    |     mode           | read-first                          |          |
    |     clkA           | connected to signal <clk>           | rise     |
    |     weA            | connected to signal <mem_write>     | high     |
    |     addrA          | connected to signal <wr_ptr_reg>    |          |
    |     diA            | connected to signal <write_ip_reg>  |          |
    -----------------------------------------------------------------------
    | optimization       | speed                               |          |
    -----------------------------------------------------------------------
    | Port B                                                              |
    |     aspect ratio   | 512-word x 32-bit                   |          |
    |     mode           | write-first                         |          |
    |     clkB           | connected to signal <clk>           | rise     |
    |     addrB          | connected to signal <query_request_hash> |          |
    |     doB            | connected to internal node          |          |
    -----------------------------------------------------------------------
    | optimization       | speed                               |          |
    -----------------------------------------------------------------------
Unit <arp_cache> synthesized (advanced).

Synthesizing (advanced) Unit <axis_async_fifo_1>.
INFO:Xst:3212 - HDL ADVISOR - Asynchronous or synchronous initialization of the register <wr_ptr_reg> prevents it from being combined with the RAM <Mram_mem> for implementation as read-only block RAM.
    -----------------------------------------------------------------------
    | ram_type           | Distributed                         |          |
    -----------------------------------------------------------------------
    | Port A                                                              |
    |     aspect ratio   | 2048-word x 10-bit                  |          |
    |     clkA           | connected to signal <s_clk>         | rise     |
    |     weA            | connected to signal <full_wr_drop_frame_reg_OR_118_o_0> | low      |
    |     addrA          | connected to signal <wr_ptr_reg<10:0>> |          |
    |     diA            | connected to signal <(s_axis,s_axis_tdata)> |          |
    -----------------------------------------------------------------------
    | Port B                                                              |
    |     aspect ratio   | 2048-word x 10-bit                  |          |
    |     addrB          | connected to signal <rd_ptr_reg<10:0>> |          |
    |     doB            | connected to internal node          |          |
    -----------------------------------------------------------------------
INFO:Xst:3226 - The RAM <Mram_mem> will be implemented as a BLOCK RAM, absorbing the following register(s): <m_axis_pipe_reg<0><9:0>>
    -----------------------------------------------------------------------
    | ram_type           | Block                               |          |
    -----------------------------------------------------------------------
    | Port A                                                              |
    |     aspect ratio   | 2048-word x 10-bit                  |          |
    |     mode           | write-first                         |          |
    |     clkA           | connected to signal <s_clk>         | rise     |
    |     weA            | connected to signal <full_wr_drop_frame_reg_OR_118_o_0> | low      |
    |     addrA          | connected to signal <wr_ptr_reg<10:0>> |          |
    |     diA            | connected to signal <(s_axis,s_axis_tdata)> |          |
    -----------------------------------------------------------------------
    | optimization       | speed                               |          |
    -----------------------------------------------------------------------
    | Port B                                                              |
    |     aspect ratio   | 2048-word x 10-bit                  |          |
    |     mode           | write-first                         |          |
    |     clkB           | connected to signal <m_clk>         | rise     |
    |     enB            | connected to internal node          | high     |
    |     addrB          | connected to signal <rd_ptr_reg<10:0>> |          |
    |     doB            | connected to internal node          |          |
    -----------------------------------------------------------------------
    | optimization       | speed                               |          |
    -----------------------------------------------------------------------
Unit <axis_async_fifo_1> synthesized (advanced).

Synthesizing (advanced) Unit <axis_async_fifo_2>.
INFO:Xst:3212 - HDL ADVISOR - Asynchronous or synchronous initialization of the register <wr_ptr_reg> prevents it from being combined with the RAM <Mram_mem> for implementation as read-only block RAM.
    -----------------------------------------------------------------------
    | ram_type           | Distributed                         |          |
    -----------------------------------------------------------------------
    | Port A                                                              |
    |     aspect ratio   | 2048-word x 10-bit                  |          |
    |     clkA           | connected to signal <s_clk>         | rise     |
    |     weA            | connected to signal <full_drop_frame_reg_OR_129_o_0> | low      |
    |     addrA          | connected to signal <wr_ptr_reg<10:0>> |          |
    |     diA            | connected to signal <(s_axis,s_axis_tdata)> |          |
    -----------------------------------------------------------------------
    | Port B                                                              |
    |     aspect ratio   | 2048-word x 10-bit                  |          |
    |     addrB          | connected to signal <rd_ptr_reg<10:0>> |          |
    |     doB            | connected to internal node          |          |
    -----------------------------------------------------------------------
INFO:Xst:3226 - The RAM <Mram_mem> will be implemented as a BLOCK RAM, absorbing the following register(s): <m_axis_pipe_reg<0><9:0>>
    -----------------------------------------------------------------------
    | ram_type           | Block                               |          |
    -----------------------------------------------------------------------
    | Port A                                                              |
    |     aspect ratio   | 2048-word x 10-bit                  |          |
    |     mode           | write-first                         |          |
    |     clkA           | connected to signal <s_clk>         | rise     |
    |     weA            | connected to signal <full_drop_frame_reg_OR_129_o_0> | low      |
    |     addrA          | connected to signal <wr_ptr_reg<10:0>> |          |
    |     diA            | connected to signal <(s_axis,s_axis_tdata)> |          |
    -----------------------------------------------------------------------
    | optimization       | speed                               |          |
    -----------------------------------------------------------------------
    | Port B                                                              |
    |     aspect ratio   | 2048-word x 10-bit                  |          |
    |     mode           | write-first                         |          |
    |     clkB           | connected to signal <m_clk>         | rise     |
    |     enB            | connected to internal node          | high     |
    |     addrB          | connected to signal <rd_ptr_reg<10:0>> |          |
    |     doB            | connected to internal node          |          |
    -----------------------------------------------------------------------
    | optimization       | speed                               |          |
    -----------------------------------------------------------------------
Unit <axis_async_fifo_2> synthesized (advanced).

Synthesizing (advanced) Unit <axis_fifo_1>.
The following registers are absorbed into counter <rd_ptr_reg>: 1 register on signal <rd_ptr_reg>.
INFO:Xst:3212 - HDL ADVISOR - Asynchronous or synchronous initialization of the register <wr_ptr_reg> prevents it from being combined with the RAM <Mram_mem> for implementation as read-only block RAM.
    -----------------------------------------------------------------------
    | ram_type           | Distributed                         |          |
    -----------------------------------------------------------------------
    | Port A                                                              |
    |     aspect ratio   | 2048-word x 10-bit                  |          |
    |     clkA           | connected to signal <clk>           | rise     |
    |     weA            | connected to signal <full_wr_drop_frame_reg_OR_431_o_0> | low      |
    |     addrA          | connected to signal <wr_ptr_reg<10:0>> |          |
    |     diA            | connected to signal <(s_axis,s_axis_tdata)> |          |
    -----------------------------------------------------------------------
    | Port B                                                              |
    |     aspect ratio   | 2048-word x 10-bit                  |          |
    |     addrB          | connected to signal <rd_ptr_reg<10:0>> |          |
    |     doB            | connected to internal node          |          |
    -----------------------------------------------------------------------
INFO:Xst:3226 - The RAM <Mram_mem> will be implemented as a BLOCK RAM, absorbing the following register(s): <m_axis_pipe_reg<0><9:0>>
    -----------------------------------------------------------------------
    | ram_type           | Block                               |          |
    -----------------------------------------------------------------------
    | Port A                                                              |
    |     aspect ratio   | 2048-word x 10-bit                  |          |
    |     mode           | read-first                          |          |
    |     clkA           | connected to signal <clk>           | rise     |
    |     weA            | connected to signal <full_wr_drop_frame_reg_OR_431_o_0> | low      |
    |     addrA          | connected to signal <wr_ptr_reg<10:0>> |          |
    |     diA            | connected to signal <(s_axis,s_axis_tdata)> |          |
    -----------------------------------------------------------------------
    | optimization       | speed                               |          |
    -----------------------------------------------------------------------
    | Port B                                                              |
    |     aspect ratio   | 2048-word x 10-bit                  |          |
    |     mode           | write-first                         |          |
    |     clkB           | connected to signal <clk>           | rise     |
    |     enB            | connected to internal node          | high     |
    |     addrB          | connected to signal <rd_ptr_reg<10:0>> |          |
    |     doB            | connected to internal node          |          |
    -----------------------------------------------------------------------
    | optimization       | speed                               |          |
    -----------------------------------------------------------------------
Unit <axis_fifo_1> synthesized (advanced).

Synthesizing (advanced) Unit <axis_fifo_2>.
The following registers are absorbed into counter <rd_ptr_reg>: 1 register on signal <rd_ptr_reg>.
INFO:Xst:3212 - HDL ADVISOR - Asynchronous or synchronous initialization of the register <wr_ptr_reg> prevents it from being combined with the RAM <Mram_mem> for implementation as read-only block RAM.
    -----------------------------------------------------------------------
    | ram_type           | Distributed                         |          |
    -----------------------------------------------------------------------
    | Port A                                                              |
    |     aspect ratio   | 2048-word x 10-bit                  |          |
    |     clkA           | connected to signal <clk>           | rise     |
    |     weA            | connected to signal <full_wr_drop_frame_reg_OR_450_o_0> | low      |
    |     addrA          | connected to signal <wr_ptr_reg<10:0>> |          |
    |     diA            | connected to signal <(s_axis,s_axis_tdata)> |          |
    -----------------------------------------------------------------------
    | Port B                                                              |
    |     aspect ratio   | 2048-word x 10-bit                  |          |
    |     addrB          | connected to signal <rd_ptr_reg<10:0>> |          |
    |     doB            | connected to internal node          |          |
    -----------------------------------------------------------------------
INFO:Xst:3226 - The RAM <Mram_mem> will be implemented as a BLOCK RAM, absorbing the following register(s): <m_axis_pipe_reg<0><9:0>>
    -----------------------------------------------------------------------
    | ram_type           | Block                               |          |
    -----------------------------------------------------------------------
    | Port A                                                              |
    |     aspect ratio   | 2048-word x 10-bit                  |          |
    |     mode           | read-first                          |          |
    |     clkA           | connected to signal <clk>           | rise     |
    |     weA            | connected to signal <full_wr_drop_frame_reg_OR_450_o_0> | low      |
    |     addrA          | connected to signal <wr_ptr_reg<10:0>> |          |
    |     diA            | connected to signal <(s_axis,s_axis_tdata)> |          |
    -----------------------------------------------------------------------
    | optimization       | speed                               |          |
    -----------------------------------------------------------------------
    | Port B                                                              |
    |     aspect ratio   | 2048-word x 10-bit                  |          |
    |     mode           | write-first                         |          |
    |     clkB           | connected to signal <clk>           | rise     |
    |     enB            | connected to internal node          | high     |
    |     addrB          | connected to signal <rd_ptr_reg<10:0>> |          |
    |     doB            | connected to internal node          |          |
    -----------------------------------------------------------------------
    | optimization       | speed                               |          |
    -----------------------------------------------------------------------
Unit <axis_fifo_2> synthesized (advanced).

Synthesizing (advanced) Unit <debounce_switch>.
The following registers are absorbed into counter <cnt_reg>: 1 register on signal <cnt_reg>.
Unit <debounce_switch> synthesized (advanced).

Synthesizing (advanced) Unit <eth_mac_1g_rgmii>.
The following registers are absorbed into counter <rx_prescale>: 1 register on signal <rx_prescale>.
Unit <eth_mac_1g_rgmii> synthesized (advanced).

Synthesizing (advanced) Unit <fpga_core>.
The following registers are absorbed into counter <cont_reg>: 1 register on signal <cont_reg>.
The following registers are absorbed into counter <tx_byte_count>: 1 register on signal <tx_byte_count>.
The following registers are absorbed into counter <tx_fifo_bad_frame_reg>: 1 register on signal <tx_fifo_bad_frame_reg>.
The following registers are absorbed into counter <tx_fifo_overflow_reg>: 1 register on signal <tx_fifo_overflow_reg>.
The following registers are absorbed into counter <tx_fifo_good_frame_reg>: 1 register on signal <tx_fifo_good_frame_reg>.
The following registers are absorbed into counter <rx_error_bad_fcs_reg>: 1 register on signal <rx_error_bad_fcs_reg>.
The following registers are absorbed into counter <rx_error_bad_frame_reg>: 1 register on signal <rx_error_bad_frame_reg>.
The following registers are absorbed into counter <rx_fifo_overflow_reg>: 1 register on signal <rx_fifo_overflow_reg>.
The following registers are absorbed into counter <rx_fifo_good_frame_reg>: 1 register on signal <rx_fifo_good_frame_reg>.
The following registers are absorbed into counter <rx_fifo_bad_frame_reg>: 1 register on signal <rx_fifo_bad_frame_reg>.
The following registers are absorbed into counter <eth_rx_error_header_early_termination_reg>: 1 register on signal <eth_rx_error_header_early_termination_reg>.
The following registers are absorbed into counter <ip_rx_error_header_early_termination_reg>: 1 register on signal <ip_rx_error_header_early_termination_reg>.
The following registers are absorbed into counter <ip_rx_error_payload_early_termination_reg>: 1 register on signal <ip_rx_error_payload_early_termination_reg>.
The following registers are absorbed into counter <ip_rx_error_invalid_checksum_reg>: 1 register on signal <ip_rx_error_invalid_checksum_reg>.
The following registers are absorbed into counter <ip_rx_error_invalid_header_reg>: 1 register on signal <ip_rx_error_invalid_header_reg>.
The following registers are absorbed into counter <ip_tx_error_payload_early_termination_reg>: 1 register on signal <ip_tx_error_payload_early_termination_reg>.
The following registers are absorbed into counter <udp_rx_error_header_early_termination_reg>: 1 register on signal <udp_rx_error_header_early_termination_reg>.
The following registers are absorbed into counter <ip_tx_error_arp_failed_reg>: 1 register on signal <ip_tx_error_arp_failed_reg>.
The following registers are absorbed into counter <udp_rx_error_payload_early_termination_reg>: 1 register on signal <udp_rx_error_payload_early_termination_reg>.
The following registers are absorbed into counter <nbyte_buff>: 1 register on signal <nbyte_buff>.
The following registers are absorbed into counter <udp_tx_error_payload_early_termination_reg>: 1 register on signal <udp_tx_error_payload_early_termination_reg>.
Unit <fpga_core> synthesized (advanced).

Synthesizing (advanced) Unit <ip_eth_rx>.
The following registers are absorbed into counter <hdr_ptr_reg>: 1 register on signal <hdr_ptr_reg>.
Unit <ip_eth_rx> synthesized (advanced).

Synthesizing (advanced) Unit <ip_eth_tx>.
The following registers are absorbed into counter <hdr_ptr_reg>: 1 register on signal <hdr_ptr_reg>.
Unit <ip_eth_tx> synthesized (advanced).

Synthesizing (advanced) Unit <mdio_controller>.
The following registers are absorbed into counter <clk_div_cnt>: 1 register on signal <clk_div_cnt>.
Unit <mdio_controller> synthesized (advanced).

Synthesizing (advanced) Unit <uart>.
The following registers are absorbed into counter <count_baud>: 1 register on signal <count_baud>.
The following registers are absorbed into counter <rx_count>: 1 register on signal <rx_count>.
Unit <uart> synthesized (advanced).

Synthesizing (advanced) Unit <udp_checksum_gen>.
The following registers are absorbed into counter <frame_ptr_reg>: 1 register on signal <frame_ptr_reg>.
The following registers are absorbed into counter <header_fifo_rd_ptr_reg>: 1 register on signal <header_fifo_rd_ptr_reg>.
The following registers are absorbed into counter <header_fifo_wr_ptr_reg>: 1 register on signal <header_fifo_wr_ptr_reg>.
INFO:Xst:3231 - The small RAM <Mram_udp_checksum_mem> will be implemented on LUTs in order to maximize performance and save block RAM resources. If you want to force its implementation on block, use option/constraint ram_style.
    -----------------------------------------------------------------------
    | ram_type           | Distributed                         |          |
    -----------------------------------------------------------------------
    | Port A                                                              |
    |     aspect ratio   | 8-word x 16-bit                     |          |
    |     clkA           | connected to signal <clk>           | rise     |
    |     weA            | connected to signal <header_fifo_full_17> | low      |
    |     addrA          | connected to signal <header_fifo_wr_ptr_reg<2:0>> |          |
    |     diA            | connected to signal <checksum_reg<15:0>> |          |
    -----------------------------------------------------------------------
    | Port B                                                              |
    |     aspect ratio   | 8-word x 16-bit                     |          |
    |     addrB          | connected to signal <header_fifo_rd_ptr_reg<2:0>> |          |
    |     doB            | connected to internal node          |          |
    -----------------------------------------------------------------------
INFO:Xst:3231 - The small RAM <Mram_udp_length_mem> will be implemented on LUTs in order to maximize performance and save block RAM resources. If you want to force its implementation on block, use option/constraint ram_style.
    -----------------------------------------------------------------------
    | ram_type           | Distributed                         |          |
    -----------------------------------------------------------------------
    | Port A                                                              |
    |     aspect ratio   | 8-word x 16-bit                     |          |
    |     clkA           | connected to signal <clk>           | rise     |
    |     weA            | connected to signal <header_fifo_full_16> | low      |
    |     addrA          | connected to signal <header_fifo_wr_ptr_reg<2:0>> |          |
    |     diA            | connected to signal <frame_ptr_reg> |          |
    -----------------------------------------------------------------------
    | Port B                                                              |
    |     aspect ratio   | 8-word x 16-bit                     |          |
    |     addrB          | connected to signal <header_fifo_rd_ptr_reg<2:0>> |          |
    |     doB            | connected to internal node          |          |
    -----------------------------------------------------------------------
INFO:Xst:3231 - The small RAM <Mram_eth_dest_mac_mem> will be implemented on LUTs in order to maximize performance and save block RAM resources. If you want to force its implementation on block, use option/constraint ram_style.
    -----------------------------------------------------------------------
    | ram_type           | Distributed                         |          |
    -----------------------------------------------------------------------
    | Port A                                                              |
    |     aspect ratio   | 8-word x 48-bit                     |          |
    |     clkA           | connected to signal <clk>           | rise     |
    |     weA            | connected to signal <header_fifo_full_0> | low      |
    |     addrA          | connected to signal <header_fifo_wr_ptr_reg<2:0>> |          |
    |     diA            | connected to signal <eth_dest_mac_reg> |          |
    -----------------------------------------------------------------------
    | Port B                                                              |
    |     aspect ratio   | 8-word x 48-bit                     |          |
    |     addrB          | connected to signal <header_fifo_rd_ptr_reg<2:0>> |          |
    |     doB            | connected to internal node          |          |
    -----------------------------------------------------------------------
INFO:Xst:3231 - The small RAM <Mram_eth_type_mem> will be implemented on LUTs in order to maximize performance and save block RAM resources. If you want to force its implementation on block, use option/constraint ram_style.
    -----------------------------------------------------------------------
    | ram_type           | Distributed                         |          |
    -----------------------------------------------------------------------
    | Port A                                                              |
    |     aspect ratio   | 8-word x 16-bit                     |          |
    |     clkA           | connected to signal <clk>           | rise     |
    |     weA            | connected to signal <header_fifo_full_2> | low      |
    |     addrA          | connected to signal <header_fifo_wr_ptr_reg<2:0>> |          |
    |     diA            | connected to signal <eth_type_reg>  |          |
    -----------------------------------------------------------------------
    | Port B                                                              |
    |     aspect ratio   | 8-word x 16-bit                     |          |
    |     addrB          | connected to signal <header_fifo_rd_ptr_reg<2:0>> |          |
    |     doB            | connected to internal node          |          |
    -----------------------------------------------------------------------
INFO:Xst:3231 - The small RAM <Mram_eth_src_mac_mem> will be implemented on LUTs in order to maximize performance and save block RAM resources. If you want to force its implementation on block, use option/constraint ram_style.
    -----------------------------------------------------------------------
    | ram_type           | Distributed                         |          |
    -----------------------------------------------------------------------
    | Port A                                                              |
    |     aspect ratio   | 8-word x 48-bit                     |          |
    |     clkA           | connected to signal <clk>           | rise     |
    |     weA            | connected to signal <header_fifo_full_1> | low      |
    |     addrA          | connected to signal <header_fifo_wr_ptr_reg<2:0>> |          |
    |     diA            | connected to signal <eth_src_mac_reg> |          |
    -----------------------------------------------------------------------
    | Port B                                                              |
    |     aspect ratio   | 8-word x 48-bit                     |          |
    |     addrB          | connected to signal <header_fifo_rd_ptr_reg<2:0>> |          |
    |     doB            | connected to internal node          |          |
    -----------------------------------------------------------------------
INFO:Xst:3231 - The small RAM <Mram_ip_version_mem> will be implemented on LUTs in order to maximize performance and save block RAM resources. If you want to force its implementation on block, use option/constraint ram_style.
    -----------------------------------------------------------------------
    | ram_type           | Distributed                         |          |
    -----------------------------------------------------------------------
    | Port A                                                              |
    |     aspect ratio   | 8-word x 4-bit                      |          |
    |     clkA           | connected to signal <clk>           | rise     |
    |     weA            | connected to signal <header_fifo_full_3> | low      |
    |     addrA          | connected to signal <header_fifo_wr_ptr_reg<2:0>> |          |
    |     diA            | connected to signal <ip_version_reg> |          |
    -----------------------------------------------------------------------
    | Port B                                                              |
    |     aspect ratio   | 8-word x 4-bit                      |          |
    |     addrB          | connected to signal <header_fifo_rd_ptr_reg<2:0>> |          |
    |     doB            | connected to internal node          |          |
    -----------------------------------------------------------------------
INFO:Xst:3231 - The small RAM <Mram_ip_ihl_mem> will be implemented on LUTs in order to maximize performance and save block RAM resources. If you want to force its implementation on block, use option/constraint ram_style.
    -----------------------------------------------------------------------
    | ram_type           | Distributed                         |          |
    -----------------------------------------------------------------------
    | Port A                                                              |
    |     aspect ratio   | 8-word x 4-bit                      |          |
    |     clkA           | connected to signal <clk>           | rise     |
    |     weA            | connected to signal <header_fifo_full_4> | low      |
    |     addrA          | connected to signal <header_fifo_wr_ptr_reg<2:0>> |          |
    |     diA            | connected to signal <ip_ihl_reg>    |          |
    -----------------------------------------------------------------------
    | Port B                                                              |
    |     aspect ratio   | 8-word x 4-bit                      |          |
    |     addrB          | connected to signal <header_fifo_rd_ptr_reg<2:0>> |          |
    |     doB            | connected to internal node          |          |
    -----------------------------------------------------------------------
INFO:Xst:3231 - The small RAM <Mram_ip_dscp_mem> will be implemented on LUTs in order to maximize performance and save block RAM resources. If you want to force its implementation on block, use option/constraint ram_style.
    -----------------------------------------------------------------------
    | ram_type           | Distributed                         |          |
    -----------------------------------------------------------------------
    | Port A                                                              |
    |     aspect ratio   | 8-word x 6-bit                      |          |
    |     clkA           | connected to signal <clk>           | rise     |
    |     weA            | connected to signal <header_fifo_full_5> | low      |
    |     addrA          | connected to signal <header_fifo_wr_ptr_reg<2:0>> |          |
    |     diA            | connected to signal <ip_dscp_reg>   |          |
    -----------------------------------------------------------------------
    | Port B                                                              |
    |     aspect ratio   | 8-word x 6-bit                      |          |
    |     addrB          | connected to signal <header_fifo_rd_ptr_reg<2:0>> |          |
    |     doB            | connected to internal node          |          |
    -----------------------------------------------------------------------
INFO:Xst:3231 - The small RAM <Mram_ip_identification_mem> will be implemented on LUTs in order to maximize performance and save block RAM resources. If you want to force its implementation on block, use option/constraint ram_style.
    -----------------------------------------------------------------------
    | ram_type           | Distributed                         |          |
    -----------------------------------------------------------------------
    | Port A                                                              |
    |     aspect ratio   | 8-word x 16-bit                     |          |
    |     clkA           | connected to signal <clk>           | rise     |
    |     weA            | connected to signal <header_fifo_full_7> | low      |
    |     addrA          | connected to signal <header_fifo_wr_ptr_reg<2:0>> |          |
    |     diA            | connected to signal <ip_identification_reg> |          |
    -----------------------------------------------------------------------
    | Port B                                                              |
    |     aspect ratio   | 8-word x 16-bit                     |          |
    |     addrB          | connected to signal <header_fifo_rd_ptr_reg<2:0>> |          |
    |     doB            | connected to internal node          |          |
    -----------------------------------------------------------------------
INFO:Xst:3231 - The small RAM <Mram_ip_ecn_mem> will be implemented on LUTs in order to maximize performance and save block RAM resources. If you want to force its implementation on block, use option/constraint ram_style.
    -----------------------------------------------------------------------
    | ram_type           | Distributed                         |          |
    -----------------------------------------------------------------------
    | Port A                                                              |
    |     aspect ratio   | 8-word x 2-bit                      |          |
    |     clkA           | connected to signal <clk>           | rise     |
    |     weA            | connected to signal <header_fifo_full_6> | low      |
    |     addrA          | connected to signal <header_fifo_wr_ptr_reg<2:0>> |          |
    |     diA            | connected to signal <ip_ecn_reg>    |          |
    -----------------------------------------------------------------------
    | Port B                                                              |
    |     aspect ratio   | 8-word x 2-bit                      |          |
    |     addrB          | connected to signal <header_fifo_rd_ptr_reg<2:0>> |          |
    |     doB            | connected to internal node          |          |
    -----------------------------------------------------------------------
INFO:Xst:3231 - The small RAM <Mram_ip_flags_mem> will be implemented on LUTs in order to maximize performance and save block RAM resources. If you want to force its implementation on block, use option/constraint ram_style.
    -----------------------------------------------------------------------
    | ram_type           | Distributed                         |          |
    -----------------------------------------------------------------------
    | Port A                                                              |
    |     aspect ratio   | 8-word x 3-bit                      |          |
    |     clkA           | connected to signal <clk>           | rise     |
    |     weA            | connected to signal <header_fifo_full_8> | low      |
    |     addrA          | connected to signal <header_fifo_wr_ptr_reg<2:0>> |          |
    |     diA            | connected to signal <ip_flags_reg>  |          |
    -----------------------------------------------------------------------
    | Port B                                                              |
    |     aspect ratio   | 8-word x 3-bit                      |          |
    |     addrB          | connected to signal <header_fifo_rd_ptr_reg<2:0>> |          |
    |     doB            | connected to internal node          |          |
    -----------------------------------------------------------------------
INFO:Xst:3231 - The small RAM <Mram_ip_ttl_mem> will be implemented on LUTs in order to maximize performance and save block RAM resources. If you want to force its implementation on block, use option/constraint ram_style.
    -----------------------------------------------------------------------
    | ram_type           | Distributed                         |          |
    -----------------------------------------------------------------------
    | Port A                                                              |
    |     aspect ratio   | 8-word x 8-bit                      |          |
    |     clkA           | connected to signal <clk>           | rise     |
    |     weA            | connected to signal <header_fifo_full_10> | low      |
    |     addrA          | connected to signal <header_fifo_wr_ptr_reg<2:0>> |          |
    |     diA            | connected to signal <ip_ttl_reg>    |          |
    -----------------------------------------------------------------------
    | Port B                                                              |
    |     aspect ratio   | 8-word x 8-bit                      |          |
    |     addrB          | connected to signal <header_fifo_rd_ptr_reg<2:0>> |          |
    |     doB            | connected to internal node          |          |
    -----------------------------------------------------------------------
INFO:Xst:3231 - The small RAM <Mram_ip_fragment_offset_mem> will be implemented on LUTs in order to maximize performance and save block RAM resources. If you want to force its implementation on block, use option/constraint ram_style.
    -----------------------------------------------------------------------
    | ram_type           | Distributed                         |          |
    -----------------------------------------------------------------------
    | Port A                                                              |
    |     aspect ratio   | 8-word x 13-bit                     |          |
    |     clkA           | connected to signal <clk>           | rise     |
    |     weA            | connected to signal <header_fifo_full_9> | low      |
    |     addrA          | connected to signal <header_fifo_wr_ptr_reg<2:0>> |          |
    |     diA            | connected to signal <ip_fragment_offset_reg> |          |
    -----------------------------------------------------------------------
    | Port B                                                              |
    |     aspect ratio   | 8-word x 13-bit                     |          |
    |     addrB          | connected to signal <header_fifo_rd_ptr_reg<2:0>> |          |
    |     doB            | connected to internal node          |          |
    -----------------------------------------------------------------------
INFO:Xst:3231 - The small RAM <Mram_ip_header_checksum_mem> will be implemented on LUTs in order to maximize performance and save block RAM resources. If you want to force its implementation on block, use option/constraint ram_style.
    -----------------------------------------------------------------------
    | ram_type           | Distributed                         |          |
    -----------------------------------------------------------------------
    | Port A                                                              |
    |     aspect ratio   | 8-word x 16-bit                     |          |
    |     clkA           | connected to signal <clk>           | rise     |
    |     weA            | connected to signal <header_fifo_full_11> | low      |
    |     addrA          | connected to signal <header_fifo_wr_ptr_reg<2:0>> |          |
    |     diA            | connected to signal <ip_header_checksum_reg> |          |
    -----------------------------------------------------------------------
    | Port B                                                              |
    |     aspect ratio   | 8-word x 16-bit                     |          |
    |     addrB          | connected to signal <header_fifo_rd_ptr_reg<2:0>> |          |
    |     doB            | connected to internal node          |          |
    -----------------------------------------------------------------------
INFO:Xst:3231 - The small RAM <Mram_ip_dest_ip_mem> will be implemented on LUTs in order to maximize performance and save block RAM resources. If you want to force its implementation on block, use option/constraint ram_style.
    -----------------------------------------------------------------------
    | ram_type           | Distributed                         |          |
    -----------------------------------------------------------------------
    | Port A                                                              |
    |     aspect ratio   | 8-word x 32-bit                     |          |
    |     clkA           | connected to signal <clk>           | rise     |
    |     weA            | connected to signal <header_fifo_full_13> | low      |
    |     addrA          | connected to signal <header_fifo_wr_ptr_reg<2:0>> |          |
    |     diA            | connected to signal <ip_dest_ip_reg> |          |
    -----------------------------------------------------------------------
    | Port B                                                              |
    |     aspect ratio   | 8-word x 32-bit                     |          |
    |     addrB          | connected to signal <header_fifo_rd_ptr_reg<2:0>> |          |
    |     doB            | connected to internal node          |          |
    -----------------------------------------------------------------------
INFO:Xst:3231 - The small RAM <Mram_ip_source_ip_mem> will be implemented on LUTs in order to maximize performance and save block RAM resources. If you want to force its implementation on block, use option/constraint ram_style.
    -----------------------------------------------------------------------
    | ram_type           | Distributed                         |          |
    -----------------------------------------------------------------------
    | Port A                                                              |
    |     aspect ratio   | 8-word x 32-bit                     |          |
    |     clkA           | connected to signal <clk>           | rise     |
    |     weA            | connected to signal <header_fifo_full_12> | low      |
    |     addrA          | connected to signal <header_fifo_wr_ptr_reg<2:0>> |          |
    |     diA            | connected to signal <ip_source_ip_reg> |          |
    -----------------------------------------------------------------------
    | Port B                                                              |
    |     aspect ratio   | 8-word x 32-bit                     |          |
    |     addrB          | connected to signal <header_fifo_rd_ptr_reg<2:0>> |          |
    |     doB            | connected to internal node          |          |
    -----------------------------------------------------------------------
INFO:Xst:3231 - The small RAM <Mram_udp_source_port_mem> will be implemented on LUTs in order to maximize performance and save block RAM resources. If you want to force its implementation on block, use option/constraint ram_style.
    -----------------------------------------------------------------------
    | ram_type           | Distributed                         |          |
    -----------------------------------------------------------------------
    | Port A                                                              |
    |     aspect ratio   | 8-word x 16-bit                     |          |
    |     clkA           | connected to signal <clk>           | rise     |
    |     weA            | connected to signal <header_fifo_full_14> | low      |
    |     addrA          | connected to signal <header_fifo_wr_ptr_reg<2:0>> |          |
    |     diA            | connected to signal <udp_source_port_reg> |          |
    -----------------------------------------------------------------------
    | Port B                                                              |
    |     aspect ratio   | 8-word x 16-bit                     |          |
    |     addrB          | connected to signal <header_fifo_rd_ptr_reg<2:0>> |          |
    |     doB            | connected to internal node          |          |
    -----------------------------------------------------------------------
INFO:Xst:3231 - The small RAM <Mram_udp_dest_port_mem> will be implemented on LUTs in order to maximize performance and save block RAM resources. If you want to force its implementation on block, use option/constraint ram_style.
    -----------------------------------------------------------------------
    | ram_type           | Distributed                         |          |
    -----------------------------------------------------------------------
    | Port A                                                              |
    |     aspect ratio   | 8-word x 16-bit                     |          |
    |     clkA           | connected to signal <clk>           | rise     |
    |     weA            | connected to signal <header_fifo_full_15> | low      |
    |     addrA          | connected to signal <header_fifo_wr_ptr_reg<2:0>> |          |
    |     diA            | connected to signal <udp_dest_port_reg> |          |
    -----------------------------------------------------------------------
    | Port B                                                              |
    |     aspect ratio   | 8-word x 16-bit                     |          |
    |     addrB          | connected to signal <header_fifo_rd_ptr_reg<2:0>> |          |
    |     doB            | connected to internal node          |          |
    -----------------------------------------------------------------------
Unit <udp_checksum_gen> synthesized (advanced).

Synthesizing (advanced) Unit <udp_ip_rx>.
The following registers are absorbed into counter <hdr_ptr_reg>: 1 register on signal <hdr_ptr_reg>.
INFO:Xst:3218 - HDL ADVISOR - The RAM <Mram__n0647> will be implemented on LUTs either because you have described an asynchronous read or because of currently unsupported block RAM features. If you have described an asynchronous read, making it synchronous would allow you to take advantage of available block RAM resources, for optimized device usage and improved timings. Please refer to your documentation for coding guidelines.
    -----------------------------------------------------------------------
    | ram_type           | Distributed                         |          |
    -----------------------------------------------------------------------
    | Port A                                                              |
    |     aspect ratio   | 8-word x 8-bit                      |          |
    |     weA            | connected to signal <GND>           | high     |
    |     addrA          | connected to signal <hdr_ptr_reg>   |          |
    |     diA            | connected to signal <GND>           |          |
    |     doA            | connected to internal node          |          |
    -----------------------------------------------------------------------
Unit <udp_ip_rx> synthesized (advanced).

Synthesizing (advanced) Unit <udp_ip_tx>.
The following registers are absorbed into counter <hdr_ptr_reg>: 1 register on signal <hdr_ptr_reg>.
Unit <udp_ip_tx> synthesized (advanced).
WARNING:Xst:2677 - Node <arp_ptype_reg_0> of sequential type is unconnected in block <arp_eth_tx>.
WARNING:Xst:2677 - Node <arp_ptype_reg_1> of sequential type is unconnected in block <arp_eth_tx>.
WARNING:Xst:2677 - Node <arp_ptype_reg_2> of sequential type is unconnected in block <arp_eth_tx>.
WARNING:Xst:2677 - Node <arp_ptype_reg_3> of sequential type is unconnected in block <arp_eth_tx>.
WARNING:Xst:2677 - Node <arp_ptype_reg_4> of sequential type is unconnected in block <arp_eth_tx>.
WARNING:Xst:2677 - Node <arp_ptype_reg_5> of sequential type is unconnected in block <arp_eth_tx>.
WARNING:Xst:2677 - Node <arp_ptype_reg_6> of sequential type is unconnected in block <arp_eth_tx>.
WARNING:Xst:2677 - Node <arp_ptype_reg_7> of sequential type is unconnected in block <arp_eth_tx>.
WARNING:Xst:2677 - Node <arp_htype_reg_8> of sequential type is unconnected in block <arp_eth_tx>.
WARNING:Xst:2677 - Node <arp_htype_reg_9> of sequential type is unconnected in block <arp_eth_tx>.
WARNING:Xst:2677 - Node <arp_htype_reg_10> of sequential type is unconnected in block <arp_eth_tx>.
WARNING:Xst:2677 - Node <arp_htype_reg_11> of sequential type is unconnected in block <arp_eth_tx>.
WARNING:Xst:2677 - Node <arp_htype_reg_12> of sequential type is unconnected in block <arp_eth_tx>.
WARNING:Xst:2677 - Node <arp_htype_reg_13> of sequential type is unconnected in block <arp_eth_tx>.
WARNING:Xst:2677 - Node <arp_htype_reg_14> of sequential type is unconnected in block <arp_eth_tx>.
WARNING:Xst:2677 - Node <arp_htype_reg_15> of sequential type is unconnected in block <arp_eth_tx>.
WARNING:Xst:2677 - Node <rdata_reg_15> of sequential type is unconnected in block <mdio_controller>.

=========================================================================
Advanced HDL Synthesis Report

Macro Statistics
# RAMs                                                 : 26
 2048x10-bit dual-port block RAM                       : 4
 512x1-bit dual-port distributed RAM                   : 1
 512x32-bit dual-port block RAM                        : 1
 512x48-bit dual-port block RAM                        : 1
 8x13-bit dual-port distributed RAM                    : 1
 8x16-bit dual-port distributed RAM                    : 7
 8x2-bit dual-port distributed RAM                     : 1
 8x3-bit dual-port distributed RAM                     : 1
 8x32-bit dual-port distributed RAM                    : 2
 8x4-bit dual-port distributed RAM                     : 2
 8x48-bit dual-port distributed RAM                    : 2
 8x6-bit dual-port distributed RAM                     : 1
 8x8-bit dual-port distributed RAM                     : 1
 8x8-bit single-port distributed Read Only RAM         : 1
# Multipliers                                          : 5
 2x1-bit multiplier                                    : 1
 3x1-bit multiplier                                    : 1
 4x1-bit multiplier                                    : 1
 6x1-bit multiplier                                    : 2
# Adders/Subtractors                                   : 66
 10-bit subtractor                                     : 2
 12-bit adder                                          : 6
 12-bit subtractor                                     : 12
 16-bit adder                                          : 7
 16-bit subtractor                                     : 4
 17-bit adder                                          : 13
 17-bit subtractor                                     : 1
 2-bit adder                                           : 1
 3-bit subtractor                                      : 1
 32-bit adder                                          : 4
 36-bit subtractor                                     : 1
 4-bit adder                                           : 4
 4-bit subtractor                                      : 1
 5-bit adder                                           : 3
 6-bit adder                                           : 1
 6-bit subtractor                                      : 1
 7-bit adder                                           : 2
 8-bit adder                                           : 1
 9-bit adder                                           : 1
# Counters                                             : 36
 11-bit up counter                                     : 1
 12-bit up counter                                     : 2
 16-bit up counter                                     : 2
 24-bit up counter                                     : 1
 3-bit up counter                                      : 3
 32-bit up counter                                     : 16
 4-bit up counter                                      : 4
 40-bit up counter                                     : 2
 6-bit down counter                                    : 1
 6-bit up counter                                      : 3
 7-bit down counter                                    : 1
# Registers                                            : 6548
 Flip-Flops                                            : 6548
# Comparators                                          : 38
 1-bit comparator equal                                : 2
 1-bit comparator not equal                            : 1
 11-bit comparator greater                             : 1
 12-bit comparator equal                               : 7
 12-bit comparator not equal                           : 5
 16-bit comparator greater                             : 1
 24-bit comparator greater                             : 1
 3-bit comparator equal                                : 1
 32-bit comparator equal                               : 3
 32-bit comparator greater                             : 1
 32-bit comparator lessequal                           : 1
 32-bit comparator not equal                           : 1
 4-bit comparator equal                                : 1
 4-bit comparator greater                              : 4
 6-bit comparator greater                              : 4
 6-bit comparator lessequal                            : 1
 7-bit comparator greater                              : 2
 8-bit comparator greater                              : 1
# Multiplexers                                         : 1304
 1-bit 16-to-1 multiplexer                             : 1
 1-bit 2-to-1 multiplexer                              : 1052
 1-bit 22-to-1 multiplexer                             : 8
 1-bit 5-to-1 multiplexer                              : 4
 1-bit 6-to-1 multiplexer                              : 2
 1-bit 8-to-1 multiplexer                              : 9
 10-bit 2-to-1 multiplexer                             : 1
 12-bit 2-to-1 multiplexer                             : 38
 16-bit 2-to-1 multiplexer                             : 43
 2-bit 2-to-1 multiplexer                              : 7
 3-bit 2-to-1 multiplexer                              : 1
 32-bit 2-to-1 multiplexer                             : 23
 36-bit 2-to-1 multiplexer                             : 3
 4-bit 2-to-1 multiplexer                              : 10
 48-bit 2-to-1 multiplexer                             : 4
 5-bit 2-to-1 multiplexer                              : 14
 6-bit 2-to-1 multiplexer                              : 8
 64-bit 2-to-1 multiplexer                             : 2
 7-bit 2-to-1 multiplexer                              : 4
 8-bit 15-to-1 multiplexer                             : 1
 8-bit 2-to-1 multiplexer                              : 62
 8-bit 29-to-1 multiplexer                             : 1
 8-bit 4-to-1 multiplexer                              : 1
 8-bit 5-to-1 multiplexer                              : 2
 8-bit 6-to-1 multiplexer                              : 1
 9-bit 2-to-1 multiplexer                              : 2
# Logic shifters                                       : 25
 12-bit shifter logical right                          : 1
 144-bit shifter logical right                         : 3
 18-bit shifter logical right                          : 1
 1839-bit shifter logical right                        : 2
 2-bit shifter logical left                            : 2
 24-bit shifter logical right                          : 4
 3-bit shifter logical right                           : 2
 32-bit shifter logical left                           : 2
 39-bit shifter logical right                          : 1
 48-bit shifter logical right                          : 3
 6-bit shifter logical right                           : 1
 9-bit shifter logical right                           : 1
 96-bit shifter logical right                          : 2
# FSMs                                                 : 12
# Xors                                                 : 526
 1-bit xor10                                           : 4
 1-bit xor11                                           : 4
 1-bit xor12                                           : 4
 1-bit xor2                                            : 325
 1-bit xor3                                            : 42
 1-bit xor4                                            : 35
 1-bit xor5                                            : 22
 1-bit xor6                                            : 34
 1-bit xor7                                            : 30
 1-bit xor8                                            : 6
 1-bit xor9                                            : 4
 12-bit xor2                                           : 14
 2-bit xor2                                            : 1
 32-bit xor2                                           : 1

=========================================================================

=========================================================================
*                         Low Level Synthesis                           *
=========================================================================
WARNING:Xst:1710 - FF/Latch <full_registro_226> (without init value) has a constant value of 0 in block <fpga_core>. This FF/Latch will be trimmed during the optimization process.
WARNING:Xst:1895 - Due to other FF/Latch trimming, FF/Latch <full_registro_227> (without init value) has a constant value of 0 in block <fpga_core>. This FF/Latch will be trimmed during the optimization process.
WARNING:Xst:1895 - Due to other FF/Latch trimming, FF/Latch <full_registro_231> (without init value) has a constant value of 0 in block <fpga_core>. This FF/Latch will be trimmed during the optimization process.
WARNING:Xst:1895 - Due to other FF/Latch trimming, FF/Latch <full_registro_232> (without init value) has a constant value of 0 in block <fpga_core>. This FF/Latch will be trimmed during the optimization process.
WARNING:Xst:1895 - Due to other FF/Latch trimming, FF/Latch <full_registro_235> (without init value) has a constant value of 0 in block <fpga_core>. This FF/Latch will be trimmed during the optimization process.
WARNING:Xst:1895 - Due to other FF/Latch trimming, FF/Latch <full_registro_236> (without init value) has a constant value of 0 in block <fpga_core>. This FF/Latch will be trimmed during the optimization process.
WARNING:Xst:1895 - Due to other FF/Latch trimming, FF/Latch <full_registro_239> (without init value) has a constant value of 0 in block <fpga_core>. This FF/Latch will be trimmed during the optimization process.
WARNING:Xst:1895 - Due to other FF/Latch trimming, FF/Latch <full_registro_295> (without init value) has a constant value of 0 in block <fpga_core>. This FF/Latch will be trimmed during the optimization process.
WARNING:Xst:1895 - Due to other FF/Latch trimming, FF/Latch <full_registro_889> (without init value) has a constant value of 0 in block <fpga_core>. This FF/Latch will be trimmed during the optimization process.
WARNING:Xst:1895 - Due to other FF/Latch trimming, FF/Latch <full_registro_891> (without init value) has a constant value of 0 in block <fpga_core>. This FF/Latch will be trimmed during the optimization process.
WARNING:Xst:1895 - Due to other FF/Latch trimming, FF/Latch <full_registro_893> (without init value) has a constant value of 0 in block <fpga_core>. This FF/Latch will be trimmed during the optimization process.
WARNING:Xst:1895 - Due to other FF/Latch trimming, FF/Latch <full_registro_895> (without init value) has a constant value of 0 in block <fpga_core>. This FF/Latch will be trimmed during the optimization process.
WARNING:Xst:1895 - Due to other FF/Latch trimming, FF/Latch <full_registro_896> (without init value) has a constant value of 0 in block <fpga_core>. This FF/Latch will be trimmed during the optimization process.
WARNING:Xst:1895 - Due to other FF/Latch trimming, FF/Latch <full_registro_898> (without init value) has a constant value of 0 in block <fpga_core>. This FF/Latch will be trimmed during the optimization process.
WARNING:Xst:1895 - Due to other FF/Latch trimming, FF/Latch <full_registro_900> (without init value) has a constant value of 0 in block <fpga_core>. This FF/Latch will be trimmed during the optimization process.
WARNING:Xst:1895 - Due to other FF/Latch trimming, FF/Latch <full_registro_902> (without init value) has a constant value of 0 in block <fpga_core>. This FF/Latch will be trimmed during the optimization process.
WARNING:Xst:1895 - Due to other FF/Latch trimming, FF/Latch <full_registro_905> (without init value) has a constant value of 0 in block <fpga_core>. This FF/Latch will be trimmed during the optimization process.
WARNING:Xst:1895 - Due to other FF/Latch trimming, FF/Latch <full_registro_907> (without init value) has a constant value of 0 in block <fpga_core>. This FF/Latch will be trimmed during the optimization process.
WARNING:Xst:1895 - Due to other FF/Latch trimming, FF/Latch <full_registro_909> (without init value) has a constant value of 0 in block <fpga_core>. This FF/Latch will be trimmed during the optimization process.
WARNING:Xst:1895 - Due to other FF/Latch trimming, FF/Latch <full_registro_911> (without init value) has a constant value of 0 in block <fpga_core>. This FF/Latch will be trimmed during the optimization process.
WARNING:Xst:1895 - Due to other FF/Latch trimming, FF/Latch <full_registro_912> (without init value) has a constant value of 0 in block <fpga_core>. This FF/Latch will be trimmed during the optimization process.
WARNING:Xst:1895 - Due to other FF/Latch trimming, FF/Latch <full_registro_914> (without init value) has a constant value of 0 in block <fpga_core>. This FF/Latch will be trimmed during the optimization process.
WARNING:Xst:1895 - Due to other FF/Latch trimming, FF/Latch <full_registro_916> (without init value) has a constant value of 0 in block <fpga_core>. This FF/Latch will be trimmed during the optimization process.
WARNING:Xst:1895 - Due to other FF/Latch trimming, FF/Latch <full_registro_918> (without init value) has a constant value of 0 in block <fpga_core>. This FF/Latch will be trimmed during the optimization process.
WARNING:Xst:1895 - Due to other FF/Latch trimming, FF/Latch <full_registro_8> (without init value) has a constant value of 0 in block <fpga_core>. This FF/Latch will be trimmed during the optimization process.
WARNING:Xst:1895 - Due to other FF/Latch trimming, FF/Latch <full_registro_12> (without init value) has a constant value of 0 in block <fpga_core>. This FF/Latch will be trimmed during the optimization process.
WARNING:Xst:1895 - Due to other FF/Latch trimming, FF/Latch <full_registro_24> (without init value) has a constant value of 0 in block <fpga_core>. This FF/Latch will be trimmed during the optimization process.
WARNING:Xst:1895 - Due to other FF/Latch trimming, FF/Latch <full_registro_28> (without init value) has a constant value of 0 in block <fpga_core>. This FF/Latch will be trimmed during the optimization process.
WARNING:Xst:1895 - Due to other FF/Latch trimming, FF/Latch <full_registro_192> (without init value) has a constant value of 0 in block <fpga_core>. This FF/Latch will be trimmed during the optimization process.
WARNING:Xst:1895 - Due to other FF/Latch trimming, FF/Latch <full_registro_193> (without init value) has a constant value of 0 in block <fpga_core>. This FF/Latch will be trimmed during the optimization process.
WARNING:Xst:1895 - Due to other FF/Latch trimming, FF/Latch <full_registro_194> (without init value) has a constant value of 0 in block <fpga_core>. This FF/Latch will be trimmed during the optimization process.
WARNING:Xst:1895 - Due to other FF/Latch trimming, FF/Latch <full_registro_195> (without init value) has a constant value of 0 in block <fpga_core>. This FF/Latch will be trimmed during the optimization process.
WARNING:Xst:1895 - Due to other FF/Latch trimming, FF/Latch <full_registro_198> (without init value) has a constant value of 0 in block <fpga_core>. This FF/Latch will be trimmed during the optimization process.
WARNING:Xst:1895 - Due to other FF/Latch trimming, FF/Latch <full_registro_199> (without init value) has a constant value of 0 in block <fpga_core>. This FF/Latch will be trimmed during the optimization process.
WARNING:Xst:1895 - Due to other FF/Latch trimming, FF/Latch <full_registro_200> (without init value) has a constant value of 0 in block <fpga_core>. This FF/Latch will be trimmed during the optimization process.
WARNING:Xst:1895 - Due to other FF/Latch trimming, FF/Latch <full_registro_202> (without init value) has a constant value of 0 in block <fpga_core>. This FF/Latch will be trimmed during the optimization process.
WARNING:Xst:1895 - Due to other FF/Latch trimming, FF/Latch <full_registro_206> (without init value) has a constant value of 0 in block <fpga_core>. This FF/Latch will be trimmed during the optimization process.
WARNING:Xst:1895 - Due to other FF/Latch trimming, FF/Latch <full_registro_207> (without init value) has a constant value of 0 in block <fpga_core>. This FF/Latch will be trimmed during the optimization process.
WARNING:Xst:1895 - Due to other FF/Latch trimming, FF/Latch <full_registro_209> (without init value) has a constant value of 0 in block <fpga_core>. This FF/Latch will be trimmed during the optimization process.
WARNING:Xst:1895 - Due to other FF/Latch trimming, FF/Latch <full_registro_210> (without init value) has a constant value of 0 in block <fpga_core>. This FF/Latch will be trimmed during the optimization process.
WARNING:Xst:1895 - Due to other FF/Latch trimming, FF/Latch <full_registro_211> (without init value) has a constant value of 0 in block <fpga_core>. This FF/Latch will be trimmed during the optimization process.
WARNING:Xst:1895 - Due to other FF/Latch trimming, FF/Latch <full_registro_212> (without init value) has a constant value of 0 in block <fpga_core>. This FF/Latch will be trimmed during the optimization process.
WARNING:Xst:1895 - Due to other FF/Latch trimming, FF/Latch <full_registro_215> (without init value) has a constant value of 0 in block <fpga_core>. This FF/Latch will be trimmed during the optimization process.
WARNING:Xst:1895 - Due to other FF/Latch trimming, FF/Latch <full_registro_219> (without init value) has a constant value of 0 in block <fpga_core>. This FF/Latch will be trimmed during the optimization process.
WARNING:Xst:1895 - Due to other FF/Latch trimming, FF/Latch <full_registro_220> (without init value) has a constant value of 0 in block <fpga_core>. This FF/Latch will be trimmed during the optimization process.
WARNING:Xst:1895 - Due to other FF/Latch trimming, FF/Latch <full_registro_223> (without init value) has a constant value of 0 in block <fpga_core>. This FF/Latch will be trimmed during the optimization process.
WARNING:Xst:1895 - Due to other FF/Latch trimming, FF/Latch <full_registro_224> (without init value) has a constant value of 0 in block <fpga_core>. This FF/Latch will be trimmed during the optimization process.
WARNING:Xst:1895 - Due to other FF/Latch trimming, FF/Latch <full_registro_225> (without init value) has a constant value of 0 in block <fpga_core>. This FF/Latch will be trimmed during the optimization process.
WARNING:Xst:1293 - FF/Latch <mark_frame_reg> has a constant value of 0 in block <axis_async_fifo_1>. This FF/Latch will be trimmed during the optimization process.
WARNING:Xst:1293 - FF/Latch <mark_frame_reg> has a constant value of 0 in block <axis_async_fifo_2>. This FF/Latch will be trimmed during the optimization process.
WARNING:Xst:1426 - The value init of the FF/Latch m_eth_type_reg_11 hinder the constant cleaning in the block ip_eth_rx.
   You should achieve better results by setting this init to 1.
WARNING:Xst:1293 - FF/Latch <m_eth_type_reg_0> has a constant value of 0 in block <ip_eth_rx>. This FF/Latch will be trimmed during the optimization process.
WARNING:Xst:1896 - Due to other FF/Latch trimming, FF/Latch <m_eth_type_reg_1> has a constant value of 0 in block <ip_eth_rx>. This FF/Latch will be trimmed during the optimization process.
WARNING:Xst:1896 - Due to other FF/Latch trimming, FF/Latch <m_eth_type_reg_2> has a constant value of 0 in block <ip_eth_rx>. This FF/Latch will be trimmed during the optimization process.
WARNING:Xst:1896 - Due to other FF/Latch trimming, FF/Latch <m_eth_type_reg_3> has a constant value of 0 in block <ip_eth_rx>. This FF/Latch will be trimmed during the optimization process.
WARNING:Xst:1896 - Due to other FF/Latch trimming, FF/Latch <m_eth_type_reg_4> has a constant value of 0 in block <ip_eth_rx>. This FF/Latch will be trimmed during the optimization process.
WARNING:Xst:1896 - Due to other FF/Latch trimming, FF/Latch <m_eth_type_reg_5> has a constant value of 0 in block <ip_eth_rx>. This FF/Latch will be trimmed during the optimization process.
WARNING:Xst:1896 - Due to other FF/Latch trimming, FF/Latch <m_eth_type_reg_6> has a constant value of 0 in block <ip_eth_rx>. This FF/Latch will be trimmed during the optimization process.
WARNING:Xst:1896 - Due to other FF/Latch trimming, FF/Latch <m_eth_type_reg_7> has a constant value of 0 in block <ip_eth_rx>. This FF/Latch will be trimmed during the optimization process.
WARNING:Xst:1896 - Due to other FF/Latch trimming, FF/Latch <m_eth_type_reg_8> has a constant value of 0 in block <ip_eth_rx>. This FF/Latch will be trimmed during the optimization process.
WARNING:Xst:1896 - Due to other FF/Latch trimming, FF/Latch <m_eth_type_reg_9> has a constant value of 0 in block <ip_eth_rx>. This FF/Latch will be trimmed during the optimization process.
WARNING:Xst:1896 - Due to other FF/Latch trimming, FF/Latch <m_eth_type_reg_10> has a constant value of 0 in block <ip_eth_rx>. This FF/Latch will be trimmed during the optimization process.
WARNING:Xst:1896 - Due to other FF/Latch trimming, FF/Latch <m_eth_type_reg_12> has a constant value of 0 in block <ip_eth_rx>. This FF/Latch will be trimmed during the optimization process.
WARNING:Xst:1896 - Due to other FF/Latch trimming, FF/Latch <m_eth_type_reg_13> has a constant value of 0 in block <ip_eth_rx>. This FF/Latch will be trimmed during the optimization process.
WARNING:Xst:1896 - Due to other FF/Latch trimming, FF/Latch <m_eth_type_reg_14> has a constant value of 0 in block <ip_eth_rx>. This FF/Latch will be trimmed during the optimization process.
WARNING:Xst:1896 - Due to other FF/Latch trimming, FF/Latch <m_eth_type_reg_15> has a constant value of 0 in block <ip_eth_rx>. This FF/Latch will be trimmed during the optimization process.
WARNING:Xst:1426 - The value init of the FF/Latch m_eth_src_mac_reg_46 hinder the constant cleaning in the block ip_eth_tx.
   You should achieve better results by setting this init to 1.
WARNING:Xst:1426 - The value init of the FF/Latch m_eth_src_mac_reg_45 hinder the constant cleaning in the block ip_eth_tx.
   You should achieve better results by setting this init to 1.
WARNING:Xst:1426 - The value init of the FF/Latch m_eth_src_mac_reg_42 hinder the constant cleaning in the block ip_eth_tx.
   You should achieve better results by setting this init to 1.
WARNING:Xst:1426 - The value init of the FF/Latch m_eth_src_mac_reg_41 hinder the constant cleaning in the block ip_eth_tx.
   You should achieve better results by setting this init to 1.
WARNING:Xst:1426 - The value init of the FF/Latch m_eth_src_mac_reg_38 hinder the constant cleaning in the block ip_eth_tx.
   You should achieve better results by setting this init to 1.
WARNING:Xst:1426 - The value init of the FF/Latch m_eth_src_mac_reg_37 hinder the constant cleaning in the block ip_eth_tx.
   You should achieve better results by setting this init to 1.
WARNING:Xst:1426 - The value init of the FF/Latch m_eth_src_mac_reg_36 hinder the constant cleaning in the block ip_eth_tx.
   You should achieve better results by setting this init to 1.
WARNING:Xst:1426 - The value init of the FF/Latch m_eth_src_mac_reg_30 hinder the constant cleaning in the block ip_eth_tx.
   You should achieve better results by setting this init to 1.
WARNING:Xst:1426 - The value init of the FF/Latch m_eth_src_mac_reg_29 hinder the constant cleaning in the block ip_eth_tx.
   You should achieve better results by setting this init to 1.
WARNING:Xst:1426 - The value init of the FF/Latch m_eth_src_mac_reg_26 hinder the constant cleaning in the block ip_eth_tx.
   You should achieve better results by setting this init to 1.
WARNING:Xst:1426 - The value init of the FF/Latch m_eth_src_mac_reg_25 hinder the constant cleaning in the block ip_eth_tx.
   You should achieve better results by setting this init to 1.
WARNING:Xst:1426 - The value init of the FF/Latch m_eth_src_mac_reg_24 hinder the constant cleaning in the block ip_eth_tx.
   You should achieve better results by setting this init to 1.
WARNING:Xst:1426 - The value init of the FF/Latch m_eth_src_mac_reg_22 hinder the constant cleaning in the block ip_eth_tx.
   You should achieve better results by setting this init to 1.
WARNING:Xst:1426 - The value init of the FF/Latch m_eth_src_mac_reg_21 hinder the constant cleaning in the block ip_eth_tx.
   You should achieve better results by setting this init to 1.
WARNING:Xst:1426 - The value init of the FF/Latch m_eth_src_mac_reg_16 hinder the constant cleaning in the block ip_eth_tx.
   You should achieve better results by setting this init to 1.
WARNING:Xst:1426 - The value init of the FF/Latch m_eth_src_mac_reg_13 hinder the constant cleaning in the block ip_eth_tx.
   You should achieve better results by setting this init to 1.
WARNING:Xst:1426 - The value init of the FF/Latch m_eth_src_mac_reg_12 hinder the constant cleaning in the block ip_eth_tx.
   You should achieve better results by setting this init to 1.
WARNING:Xst:1426 - The value init of the FF/Latch m_eth_src_mac_reg_11 hinder the constant cleaning in the block ip_eth_tx.
   You should achieve better results by setting this init to 1.
WARNING:Xst:1426 - The value init of the FF/Latch m_eth_src_mac_reg_9 hinder the constant cleaning in the block ip_eth_tx.
   You should achieve better results by setting this init to 1.
WARNING:Xst:1426 - The value init of the FF/Latch m_eth_src_mac_reg_5 hinder the constant cleaning in the block ip_eth_tx.
   You should achieve better results by setting this init to 1.
WARNING:Xst:1426 - The value init of the FF/Latch m_eth_src_mac_reg_4 hinder the constant cleaning in the block ip_eth_tx.
   You should achieve better results by setting this init to 1.
WARNING:Xst:1426 - The value init of the FF/Latch m_eth_type_reg_11 hinder the constant cleaning in the block ip_eth_tx.
   You should achieve better results by setting this init to 1.
WARNING:Xst:1426 - The value init of the FF/Latch ip_flags_reg_1 hinder the constant cleaning in the block ip_eth_tx.
   You should achieve better results by setting this init to 1.
WARNING:Xst:1293 - FF/Latch <m_eth_src_mac_reg_40> has a constant value of 0 in block <ip_eth_tx>. This FF/Latch will be trimmed during the optimization process.
WARNING:Xst:1896 - Due to other FF/Latch trimming, FF/Latch <m_eth_src_mac_reg_39> has a constant value of 0 in block <ip_eth_tx>. This FF/Latch will be trimmed during the optimization process.
WARNING:Xst:1896 - Due to other FF/Latch trimming, FF/Latch <m_eth_src_mac_reg_35> has a constant value of 0 in block <ip_eth_tx>. This FF/Latch will be trimmed during the optimization process.
WARNING:Xst:1896 - Due to other FF/Latch trimming, FF/Latch <m_eth_src_mac_reg_34> has a constant value of 0 in block <ip_eth_tx>. This FF/Latch will be trimmed during the optimization process.
WARNING:Xst:1896 - Due to other FF/Latch trimming, FF/Latch <m_eth_src_mac_reg_33> has a constant value of 0 in block <ip_eth_tx>. This FF/Latch will be trimmed during the optimization process.
WARNING:Xst:1896 - Due to other FF/Latch trimming, FF/Latch <m_eth_src_mac_reg_32> has a constant value of 0 in block <ip_eth_tx>. This FF/Latch will be trimmed during the optimization process.
WARNING:Xst:1896 - Due to other FF/Latch trimming, FF/Latch <m_eth_src_mac_reg_31> has a constant value of 0 in block <ip_eth_tx>. This FF/Latch will be trimmed during the optimization process.
WARNING:Xst:1896 - Due to other FF/Latch trimming, FF/Latch <m_eth_src_mac_reg_28> has a constant value of 0 in block <ip_eth_tx>. This FF/Latch will be trimmed during the optimization process.
WARNING:Xst:1896 - Due to other FF/Latch trimming, FF/Latch <m_eth_src_mac_reg_27> has a constant value of 0 in block <ip_eth_tx>. This FF/Latch will be trimmed during the optimization process.
WARNING:Xst:1896 - Due to other FF/Latch trimming, FF/Latch <m_eth_src_mac_reg_23> has a constant value of 0 in block <ip_eth_tx>. This FF/Latch will be trimmed during the optimization process.
WARNING:Xst:1896 - Due to other FF/Latch trimming, FF/Latch <m_eth_src_mac_reg_20> has a constant value of 0 in block <ip_eth_tx>. This FF/Latch will be trimmed during the optimization process.
WARNING:Xst:1896 - Due to other FF/Latch trimming, FF/Latch <m_eth_src_mac_reg_19> has a constant value of 0 in block <ip_eth_tx>. This FF/Latch will be trimmed during the optimization process.
WARNING:Xst:1896 - Due to other FF/Latch trimming, FF/Latch <m_eth_src_mac_reg_18> has a constant value of 0 in block <ip_eth_tx>. This FF/Latch will be trimmed during the optimization process.
WARNING:Xst:1896 - Due to other FF/Latch trimming, FF/Latch <m_eth_src_mac_reg_17> has a constant value of 0 in block <ip_eth_tx>. This FF/Latch will be trimmed during the optimization process.
WARNING:Xst:1896 - Due to other FF/Latch trimming, FF/Latch <m_eth_src_mac_reg_15> has a constant value of 0 in block <ip_eth_tx>. This FF/Latch will be trimmed during the optimization process.
WARNING:Xst:1896 - Due to other FF/Latch trimming, FF/Latch <m_eth_src_mac_reg_14> has a constant value of 0 in block <ip_eth_tx>. This FF/Latch will be trimmed during the optimization process.
WARNING:Xst:1896 - Due to other FF/Latch trimming, FF/Latch <m_eth_src_mac_reg_10> has a constant value of 0 in block <ip_eth_tx>. This FF/Latch will be trimmed during the optimization process.
WARNING:Xst:1896 - Due to other FF/Latch trimming, FF/Latch <m_eth_src_mac_reg_8> has a constant value of 0 in block <ip_eth_tx>. This FF/Latch will be trimmed during the optimization process.
WARNING:Xst:1896 - Due to other FF/Latch trimming, FF/Latch <m_eth_type_reg_15> has a constant value of 0 in block <ip_eth_tx>. This FF/Latch will be trimmed during the optimization process.
WARNING:Xst:1896 - Due to other FF/Latch trimming, FF/Latch <m_eth_type_reg_14> has a constant value of 0 in block <ip_eth_tx>. This FF/Latch will be trimmed during the optimization process.
WARNING:Xst:1896 - Due to other FF/Latch trimming, FF/Latch <m_eth_type_reg_13> has a constant value of 0 in block <ip_eth_tx>. This FF/Latch will be trimmed during the optimization process.
WARNING:Xst:1896 - Due to other FF/Latch trimming, FF/Latch <m_eth_type_reg_12> has a constant value of 0 in block <ip_eth_tx>. This FF/Latch will be trimmed during the optimization process.
WARNING:Xst:1896 - Due to other FF/Latch trimming, FF/Latch <m_eth_type_reg_10> has a constant value of 0 in block <ip_eth_tx>. This FF/Latch will be trimmed during the optimization process.
WARNING:Xst:1896 - Due to other FF/Latch trimming, FF/Latch <m_eth_type_reg_9> has a constant value of 0 in block <ip_eth_tx>. This FF/Latch will be trimmed during the optimization process.
WARNING:Xst:1896 - Due to other FF/Latch trimming, FF/Latch <m_eth_type_reg_8> has a constant value of 0 in block <ip_eth_tx>. This FF/Latch will be trimmed during the optimization process.
WARNING:Xst:1896 - Due to other FF/Latch trimming, FF/Latch <m_eth_type_reg_7> has a constant value of 0 in block <ip_eth_tx>. This FF/Latch will be trimmed during the optimization process.
WARNING:Xst:1896 - Due to other FF/Latch trimming, FF/Latch <m_eth_type_reg_6> has a constant value of 0 in block <ip_eth_tx>. This FF/Latch will be trimmed during the optimization process.
WARNING:Xst:1896 - Due to other FF/Latch trimming, FF/Latch <m_eth_type_reg_5> has a constant value of 0 in block <ip_eth_tx>. This FF/Latch will be trimmed during the optimization process.
WARNING:Xst:1896 - Due to other FF/Latch trimming, FF/Latch <m_eth_type_reg_4> has a constant value of 0 in block <ip_eth_tx>. This FF/Latch will be trimmed during the optimization process.
WARNING:Xst:1896 - Due to other FF/Latch trimming, FF/Latch <m_eth_type_reg_3> has a constant value of 0 in block <ip_eth_tx>. This FF/Latch will be trimmed during the optimization process.
WARNING:Xst:1896 - Due to other FF/Latch trimming, FF/Latch <m_eth_type_reg_2> has a constant value of 0 in block <ip_eth_tx>. This FF/Latch will be trimmed during the optimization process.
WARNING:Xst:1896 - Due to other FF/Latch trimming, FF/Latch <m_eth_type_reg_1> has a constant value of 0 in block <ip_eth_tx>. This FF/Latch will be trimmed during the optimization process.
WARNING:Xst:1896 - Due to other FF/Latch trimming, FF/Latch <m_eth_type_reg_0> has a constant value of 0 in block <ip_eth_tx>. This FF/Latch will be trimmed during the optimization process.
WARNING:Xst:1896 - Due to other FF/Latch trimming, FF/Latch <m_eth_src_mac_reg_47> has a constant value of 0 in block <ip_eth_tx>. This FF/Latch will be trimmed during the optimization process.
WARNING:Xst:1896 - Due to other FF/Latch trimming, FF/Latch <m_eth_src_mac_reg_44> has a constant value of 0 in block <ip_eth_tx>. This FF/Latch will be trimmed during the optimization process.
WARNING:Xst:1896 - Due to other FF/Latch trimming, FF/Latch <m_eth_src_mac_reg_43> has a constant value of 0 in block <ip_eth_tx>. This FF/Latch will be trimmed during the optimization process.
WARNING:Xst:1896 - Due to other FF/Latch trimming, FF/Latch <ip_identification_reg_4> has a constant value of 0 in block <ip_eth_tx>. This FF/Latch will be trimmed during the optimization process.
WARNING:Xst:1896 - Due to other FF/Latch trimming, FF/Latch <ip_identification_reg_3> has a constant value of 0 in block <ip_eth_tx>. This FF/Latch will be trimmed during the optimization process.
WARNING:Xst:1896 - Due to other FF/Latch trimming, FF/Latch <ip_identification_reg_2> has a constant value of 0 in block <ip_eth_tx>. This FF/Latch will be trimmed during the optimization process.
WARNING:Xst:1896 - Due to other FF/Latch trimming, FF/Latch <ip_identification_reg_1> has a constant value of 0 in block <ip_eth_tx>. This FF/Latch will be trimmed during the optimization process.
WARNING:Xst:1896 - Due to other FF/Latch trimming, FF/Latch <ip_identification_reg_0> has a constant value of 0 in block <ip_eth_tx>. This FF/Latch will be trimmed during the optimization process.
WARNING:Xst:1896 - Due to other FF/Latch trimming, FF/Latch <ip_fragment_offset_reg_12> has a constant value of 0 in block <ip_eth_tx>. This FF/Latch will be trimmed during the optimization process.
WARNING:Xst:1896 - Due to other FF/Latch trimming, FF/Latch <ip_fragment_offset_reg_11> has a constant value of 0 in block <ip_eth_tx>. This FF/Latch will be trimmed during the optimization process.
WARNING:Xst:1896 - Due to other FF/Latch trimming, FF/Latch <ip_fragment_offset_reg_10> has a constant value of 0 in block <ip_eth_tx>. This FF/Latch will be trimmed during the optimization process.
WARNING:Xst:1896 - Due to other FF/Latch trimming, FF/Latch <ip_fragment_offset_reg_9> has a constant value of 0 in block <ip_eth_tx>. This FF/Latch will be trimmed during the optimization process.
WARNING:Xst:1896 - Due to other FF/Latch trimming, FF/Latch <ip_fragment_offset_reg_8> has a constant value of 0 in block <ip_eth_tx>. This FF/Latch will be trimmed during the optimization process.
WARNING:Xst:1896 - Due to other FF/Latch trimming, FF/Latch <ip_fragment_offset_reg_7> has a constant value of 0 in block <ip_eth_tx>. This FF/Latch will be trimmed during the optimization process.
WARNING:Xst:1896 - Due to other FF/Latch trimming, FF/Latch <ip_fragment_offset_reg_6> has a constant value of 0 in block <ip_eth_tx>. This FF/Latch will be trimmed during the optimization process.
WARNING:Xst:1896 - Due to other FF/Latch trimming, FF/Latch <ip_fragment_offset_reg_5> has a constant value of 0 in block <ip_eth_tx>. This FF/Latch will be trimmed during the optimization process.
WARNING:Xst:1896 - Due to other FF/Latch trimming, FF/Latch <ip_fragment_offset_reg_4> has a constant value of 0 in block <ip_eth_tx>. This FF/Latch will be trimmed during the optimization process.
WARNING:Xst:1896 - Due to other FF/Latch trimming, FF/Latch <ip_fragment_offset_reg_3> has a constant value of 0 in block <ip_eth_tx>. This FF/Latch will be trimmed during the optimization process.
WARNING:Xst:1896 - Due to other FF/Latch trimming, FF/Latch <ip_fragment_offset_reg_2> has a constant value of 0 in block <ip_eth_tx>. This FF/Latch will be trimmed during the optimization process.
WARNING:Xst:1896 - Due to other FF/Latch trimming, FF/Latch <ip_fragment_offset_reg_1> has a constant value of 0 in block <ip_eth_tx>. This FF/Latch will be trimmed during the optimization process.
WARNING:Xst:1896 - Due to other FF/Latch trimming, FF/Latch <ip_fragment_offset_reg_0> has a constant value of 0 in block <ip_eth_tx>. This FF/Latch will be trimmed during the optimization process.
WARNING:Xst:1896 - Due to other FF/Latch trimming, FF/Latch <m_eth_src_mac_reg_7> has a constant value of 0 in block <ip_eth_tx>. This FF/Latch will be trimmed during the optimization process.
WARNING:Xst:1896 - Due to other FF/Latch trimming, FF/Latch <m_eth_src_mac_reg_6> has a constant value of 0 in block <ip_eth_tx>. This FF/Latch will be trimmed during the optimization process.
WARNING:Xst:1896 - Due to other FF/Latch trimming, FF/Latch <m_eth_src_mac_reg_3> has a constant value of 0 in block <ip_eth_tx>. This FF/Latch will be trimmed during the optimization process.
WARNING:Xst:1896 - Due to other FF/Latch trimming, FF/Latch <m_eth_src_mac_reg_2> has a constant value of 0 in block <ip_eth_tx>. This FF/Latch will be trimmed during the optimization process.
WARNING:Xst:1896 - Due to other FF/Latch trimming, FF/Latch <m_eth_src_mac_reg_1> has a constant value of 0 in block <ip_eth_tx>. This FF/Latch will be trimmed during the optimization process.
WARNING:Xst:1896 - Due to other FF/Latch trimming, FF/Latch <m_eth_src_mac_reg_0> has a constant value of 0 in block <ip_eth_tx>. This FF/Latch will be trimmed during the optimization process.
WARNING:Xst:1896 - Due to other FF/Latch trimming, FF/Latch <ip_flags_reg_2> has a constant value of 0 in block <ip_eth_tx>. This FF/Latch will be trimmed during the optimization process.
WARNING:Xst:1896 - Due to other FF/Latch trimming, FF/Latch <ip_flags_reg_0> has a constant value of 0 in block <ip_eth_tx>. This FF/Latch will be trimmed during the optimization process.
WARNING:Xst:1896 - Due to other FF/Latch trimming, FF/Latch <ip_identification_reg_15> has a constant value of 0 in block <ip_eth_tx>. This FF/Latch will be trimmed during the optimization process.
WARNING:Xst:1896 - Due to other FF/Latch trimming, FF/Latch <ip_identification_reg_14> has a constant value of 0 in block <ip_eth_tx>. This FF/Latch will be trimmed during the optimization process.
WARNING:Xst:1896 - Due to other FF/Latch trimming, FF/Latch <ip_identification_reg_13> has a constant value of 0 in block <ip_eth_tx>. This FF/Latch will be trimmed during the optimization process.
WARNING:Xst:1896 - Due to other FF/Latch trimming, FF/Latch <ip_identification_reg_12> has a constant value of 0 in block <ip_eth_tx>. This FF/Latch will be trimmed during the optimization process.
WARNING:Xst:1896 - Due to other FF/Latch trimming, FF/Latch <ip_identification_reg_11> has a constant value of 0 in block <ip_eth_tx>. This FF/Latch will be trimmed during the optimization process.
WARNING:Xst:1896 - Due to other FF/Latch trimming, FF/Latch <ip_identification_reg_10> has a constant value of 0 in block <ip_eth_tx>. This FF/Latch will be trimmed during the optimization process.
WARNING:Xst:1896 - Due to other FF/Latch trimming, FF/Latch <ip_identification_reg_9> has a constant value of 0 in block <ip_eth_tx>. This FF/Latch will be trimmed during the optimization process.
WARNING:Xst:1896 - Due to other FF/Latch trimming, FF/Latch <ip_identification_reg_8> has a constant value of 0 in block <ip_eth_tx>. This FF/Latch will be trimmed during the optimization process.
WARNING:Xst:1896 - Due to other FF/Latch trimming, FF/Latch <ip_identification_reg_7> has a constant value of 0 in block <ip_eth_tx>. This FF/Latch will be trimmed during the optimization process.
WARNING:Xst:1896 - Due to other FF/Latch trimming, FF/Latch <ip_identification_reg_6> has a constant value of 0 in block <ip_eth_tx>. This FF/Latch will be trimmed during the optimization process.
WARNING:Xst:1896 - Due to other FF/Latch trimming, FF/Latch <ip_identification_reg_5> has a constant value of 0 in block <ip_eth_tx>. This FF/Latch will be trimmed during the optimization process.
WARNING:Xst:1426 - The value init of the FF/Latch m_eth_type_reg_11 hinder the constant cleaning in the block arp_eth_rx.
   You should achieve better results by setting this init to 1.
WARNING:Xst:1426 - The value init of the FF/Latch m_eth_type_reg_2 hinder the constant cleaning in the block arp_eth_rx.
   You should achieve better results by setting this init to 1.
WARNING:Xst:1426 - The value init of the FF/Latch m_eth_type_reg_1 hinder the constant cleaning in the block arp_eth_rx.
   You should achieve better results by setting this init to 1.
WARNING:Xst:1293 - FF/Latch <m_eth_type_reg_0> has a constant value of 0 in block <arp_eth_rx>. This FF/Latch will be trimmed during the optimization process.
WARNING:Xst:1896 - Due to other FF/Latch trimming, FF/Latch <m_eth_type_reg_3> has a constant value of 0 in block <arp_eth_rx>. This FF/Latch will be trimmed during the optimization process.
WARNING:Xst:1896 - Due to other FF/Latch trimming, FF/Latch <m_eth_type_reg_4> has a constant value of 0 in block <arp_eth_rx>. This FF/Latch will be trimmed during the optimization process.
WARNING:Xst:1896 - Due to other FF/Latch trimming, FF/Latch <m_eth_type_reg_5> has a constant value of 0 in block <arp_eth_rx>. This FF/Latch will be trimmed during the optimization process.
WARNING:Xst:1896 - Due to other FF/Latch trimming, FF/Latch <m_eth_type_reg_6> has a constant value of 0 in block <arp_eth_rx>. This FF/Latch will be trimmed during the optimization process.
WARNING:Xst:1896 - Due to other FF/Latch trimming, FF/Latch <m_eth_type_reg_7> has a constant value of 0 in block <arp_eth_rx>. This FF/Latch will be trimmed during the optimization process.
WARNING:Xst:1896 - Due to other FF/Latch trimming, FF/Latch <m_eth_type_reg_8> has a constant value of 0 in block <arp_eth_rx>. This FF/Latch will be trimmed during the optimization process.
WARNING:Xst:1896 - Due to other FF/Latch trimming, FF/Latch <m_eth_type_reg_9> has a constant value of 0 in block <arp_eth_rx>. This FF/Latch will be trimmed during the optimization process.
WARNING:Xst:1896 - Due to other FF/Latch trimming, FF/Latch <m_eth_type_reg_10> has a constant value of 0 in block <arp_eth_rx>. This FF/Latch will be trimmed during the optimization process.
WARNING:Xst:1896 - Due to other FF/Latch trimming, FF/Latch <m_eth_type_reg_12> has a constant value of 0 in block <arp_eth_rx>. This FF/Latch will be trimmed during the optimization process.
WARNING:Xst:1896 - Due to other FF/Latch trimming, FF/Latch <m_eth_type_reg_13> has a constant value of 0 in block <arp_eth_rx>. This FF/Latch will be trimmed during the optimization process.
WARNING:Xst:1896 - Due to other FF/Latch trimming, FF/Latch <m_eth_type_reg_14> has a constant value of 0 in block <arp_eth_rx>. This FF/Latch will be trimmed during the optimization process.
WARNING:Xst:1896 - Due to other FF/Latch trimming, FF/Latch <m_eth_type_reg_15> has a constant value of 0 in block <arp_eth_rx>. This FF/Latch will be trimmed during the optimization process.
WARNING:Xst:1426 - The value init of the FF/Latch m_eth_src_mac_reg_46 hinder the constant cleaning in the block arp_eth_tx.
   You should achieve better results by setting this init to 1.
WARNING:Xst:1426 - The value init of the FF/Latch m_eth_src_mac_reg_45 hinder the constant cleaning in the block arp_eth_tx.
   You should achieve better results by setting this init to 1.
WARNING:Xst:1426 - The value init of the FF/Latch m_eth_src_mac_reg_42 hinder the constant cleaning in the block arp_eth_tx.
   You should achieve better results by setting this init to 1.
WARNING:Xst:1426 - The value init of the FF/Latch m_eth_src_mac_reg_41 hinder the constant cleaning in the block arp_eth_tx.
   You should achieve better results by setting this init to 1.
WARNING:Xst:1426 - The value init of the FF/Latch m_eth_src_mac_reg_38 hinder the constant cleaning in the block arp_eth_tx.
   You should achieve better results by setting this init to 1.
WARNING:Xst:1426 - The value init of the FF/Latch m_eth_src_mac_reg_37 hinder the constant cleaning in the block arp_eth_tx.
   You should achieve better results by setting this init to 1.
WARNING:Xst:1426 - The value init of the FF/Latch m_eth_src_mac_reg_36 hinder the constant cleaning in the block arp_eth_tx.
   You should achieve better results by setting this init to 1.
WARNING:Xst:1426 - The value init of the FF/Latch m_eth_src_mac_reg_30 hinder the constant cleaning in the block arp_eth_tx.
   You should achieve better results by setting this init to 1.
WARNING:Xst:1426 - The value init of the FF/Latch m_eth_src_mac_reg_29 hinder the constant cleaning in the block arp_eth_tx.
   You should achieve better results by setting this init to 1.
WARNING:Xst:1426 - The value init of the FF/Latch m_eth_src_mac_reg_26 hinder the constant cleaning in the block arp_eth_tx.
   You should achieve better results by setting this init to 1.
WARNING:Xst:1426 - The value init of the FF/Latch m_eth_src_mac_reg_25 hinder the constant cleaning in the block arp_eth_tx.
   You should achieve better results by setting this init to 1.
WARNING:Xst:1426 - The value init of the FF/Latch m_eth_src_mac_reg_24 hinder the constant cleaning in the block arp_eth_tx.
   You should achieve better results by setting this init to 1.
WARNING:Xst:1426 - The value init of the FF/Latch m_eth_src_mac_reg_22 hinder the constant cleaning in the block arp_eth_tx.
   You should achieve better results by setting this init to 1.
WARNING:Xst:1426 - The value init of the FF/Latch m_eth_src_mac_reg_21 hinder the constant cleaning in the block arp_eth_tx.
   You should achieve better results by setting this init to 1.
WARNING:Xst:1426 - The value init of the FF/Latch m_eth_src_mac_reg_16 hinder the constant cleaning in the block arp_eth_tx.
   You should achieve better results by setting this init to 1.
WARNING:Xst:1426 - The value init of the FF/Latch m_eth_src_mac_reg_13 hinder the constant cleaning in the block arp_eth_tx.
   You should achieve better results by setting this init to 1.
WARNING:Xst:1426 - The value init of the FF/Latch m_eth_src_mac_reg_12 hinder the constant cleaning in the block arp_eth_tx.
   You should achieve better results by setting this init to 1.
WARNING:Xst:1426 - The value init of the FF/Latch m_eth_src_mac_reg_11 hinder the constant cleaning in the block arp_eth_tx.
   You should achieve better results by setting this init to 1.
WARNING:Xst:1426 - The value init of the FF/Latch m_eth_src_mac_reg_9 hinder the constant cleaning in the block arp_eth_tx.
   You should achieve better results by setting this init to 1.
WARNING:Xst:1426 - The value init of the FF/Latch m_eth_src_mac_reg_5 hinder the constant cleaning in the block arp_eth_tx.
   You should achieve better results by setting this init to 1.
WARNING:Xst:1426 - The value init of the FF/Latch m_eth_src_mac_reg_4 hinder the constant cleaning in the block arp_eth_tx.
   You should achieve better results by setting this init to 1.
WARNING:Xst:1426 - The value init of the FF/Latch m_eth_type_reg_11 hinder the constant cleaning in the block arp_eth_tx.
   You should achieve better results by setting this init to 1.
WARNING:Xst:1426 - The value init of the FF/Latch m_eth_type_reg_2 hinder the constant cleaning in the block arp_eth_tx.
   You should achieve better results by setting this init to 1.
WARNING:Xst:1426 - The value init of the FF/Latch m_eth_type_reg_1 hinder the constant cleaning in the block arp_eth_tx.
   You should achieve better results by setting this init to 1.
WARNING:Xst:1426 - The value init of the FF/Latch arp_htype_reg_0 hinder the constant cleaning in the block arp_eth_tx.
   You should achieve better results by setting this init to 1.
WARNING:Xst:1426 - The value init of the FF/Latch arp_ptype_reg_11 hinder the constant cleaning in the block arp_eth_tx.
   You should achieve better results by setting this init to 1.
WARNING:Xst:1426 - The value init of the FF/Latch arp_sha_reg_41 hinder the constant cleaning in the block arp_eth_tx.
   You should achieve better results by setting this init to 1.
WARNING:Xst:1426 - The value init of the FF/Latch arp_sha_reg_42 hinder the constant cleaning in the block arp_eth_tx.
   You should achieve better results by setting this init to 1.
WARNING:Xst:1426 - The value init of the FF/Latch arp_sha_reg_45 hinder the constant cleaning in the block arp_eth_tx.
   You should achieve better results by setting this init to 1.
WARNING:Xst:1426 - The value init of the FF/Latch arp_sha_reg_46 hinder the constant cleaning in the block arp_eth_tx.
   You should achieve better results by setting this init to 1.
WARNING:Xst:1426 - The value init of the FF/Latch arp_sha_reg_36 hinder the constant cleaning in the block arp_eth_tx.
   You should achieve better results by setting this init to 1.
WARNING:Xst:1426 - The value init of the FF/Latch arp_sha_reg_37 hinder the constant cleaning in the block arp_eth_tx.
   You should achieve better results by setting this init to 1.
WARNING:Xst:1426 - The value init of the FF/Latch arp_sha_reg_38 hinder the constant cleaning in the block arp_eth_tx.
   You should achieve better results by setting this init to 1.
WARNING:Xst:1426 - The value init of the FF/Latch arp_sha_reg_24 hinder the constant cleaning in the block arp_eth_tx.
   You should achieve better results by setting this init to 1.
WARNING:Xst:1426 - The value init of the FF/Latch arp_sha_reg_25 hinder the constant cleaning in the block arp_eth_tx.
   You should achieve better results by setting this init to 1.
WARNING:Xst:1426 - The value init of the FF/Latch arp_sha_reg_26 hinder the constant cleaning in the block arp_eth_tx.
   You should achieve better results by setting this init to 1.
WARNING:Xst:1426 - The value init of the FF/Latch arp_sha_reg_29 hinder the constant cleaning in the block arp_eth_tx.
   You should achieve better results by setting this init to 1.
WARNING:Xst:1426 - The value init of the FF/Latch arp_sha_reg_30 hinder the constant cleaning in the block arp_eth_tx.
   You should achieve better results by setting this init to 1.
WARNING:Xst:1426 - The value init of the FF/Latch arp_sha_reg_16 hinder the constant cleaning in the block arp_eth_tx.
   You should achieve better results by setting this init to 1.
WARNING:Xst:1426 - The value init of the FF/Latch arp_sha_reg_21 hinder the constant cleaning in the block arp_eth_tx.
   You should achieve better results by setting this init to 1.
WARNING:Xst:1426 - The value init of the FF/Latch arp_sha_reg_22 hinder the constant cleaning in the block arp_eth_tx.
   You should achieve better results by setting this init to 1.
WARNING:Xst:1426 - The value init of the FF/Latch arp_sha_reg_9 hinder the constant cleaning in the block arp_eth_tx.
   You should achieve better results by setting this init to 1.
WARNING:Xst:1426 - The value init of the FF/Latch arp_sha_reg_11 hinder the constant cleaning in the block arp_eth_tx.
   You should achieve better results by setting this init to 1.
WARNING:Xst:1426 - The value init of the FF/Latch arp_sha_reg_12 hinder the constant cleaning in the block arp_eth_tx.
   You should achieve better results by setting this init to 1.
WARNING:Xst:1426 - The value init of the FF/Latch arp_sha_reg_13 hinder the constant cleaning in the block arp_eth_tx.
   You should achieve better results by setting this init to 1.
WARNING:Xst:1426 - The value init of the FF/Latch arp_sha_reg_4 hinder the constant cleaning in the block arp_eth_tx.
   You should achieve better results by setting this init to 1.
WARNING:Xst:1426 - The value init of the FF/Latch arp_sha_reg_5 hinder the constant cleaning in the block arp_eth_tx.
   You should achieve better results by setting this init to 1.
WARNING:Xst:1293 - FF/Latch <arp_sha_reg_8> has a constant value of 0 in block <arp_eth_tx>. This FF/Latch will be trimmed during the optimization process.
WARNING:Xst:1896 - Due to other FF/Latch trimming, FF/Latch <arp_sha_reg_7> has a constant value of 0 in block <arp_eth_tx>. This FF/Latch will be trimmed during the optimization process.
WARNING:Xst:1896 - Due to other FF/Latch trimming, FF/Latch <arp_sha_reg_6> has a constant value of 0 in block <arp_eth_tx>. This FF/Latch will be trimmed during the optimization process.
WARNING:Xst:1896 - Due to other FF/Latch trimming, FF/Latch <arp_sha_reg_3> has a constant value of 0 in block <arp_eth_tx>. This FF/Latch will be trimmed during the optimization process.
WARNING:Xst:1896 - Due to other FF/Latch trimming, FF/Latch <arp_sha_reg_2> has a constant value of 0 in block <arp_eth_tx>. This FF/Latch will be trimmed during the optimization process.
WARNING:Xst:1896 - Due to other FF/Latch trimming, FF/Latch <arp_sha_reg_1> has a constant value of 0 in block <arp_eth_tx>. This FF/Latch will be trimmed during the optimization process.
WARNING:Xst:1896 - Due to other FF/Latch trimming, FF/Latch <arp_sha_reg_0> has a constant value of 0 in block <arp_eth_tx>. This FF/Latch will be trimmed during the optimization process.
WARNING:Xst:1896 - Due to other FF/Latch trimming, FF/Latch <arp_htype_reg_7> has a constant value of 0 in block <arp_eth_tx>. This FF/Latch will be trimmed during the optimization process.
WARNING:Xst:1896 - Due to other FF/Latch trimming, FF/Latch <arp_htype_reg_6> has a constant value of 0 in block <arp_eth_tx>. This FF/Latch will be trimmed during the optimization process.
WARNING:Xst:1896 - Due to other FF/Latch trimming, FF/Latch <arp_htype_reg_5> has a constant value of 0 in block <arp_eth_tx>. This FF/Latch will be trimmed during the optimization process.
WARNING:Xst:1896 - Due to other FF/Latch trimming, FF/Latch <arp_htype_reg_4> has a constant value of 0 in block <arp_eth_tx>. This FF/Latch will be trimmed during the optimization process.
WARNING:Xst:1896 - Due to other FF/Latch trimming, FF/Latch <arp_htype_reg_3> has a constant value of 0 in block <arp_eth_tx>. This FF/Latch will be trimmed during the optimization process.
WARNING:Xst:1896 - Due to other FF/Latch trimming, FF/Latch <arp_htype_reg_2> has a constant value of 0 in block <arp_eth_tx>. This FF/Latch will be trimmed during the optimization process.
WARNING:Xst:1896 - Due to other FF/Latch trimming, FF/Latch <arp_htype_reg_1> has a constant value of 0 in block <arp_eth_tx>. This FF/Latch will be trimmed during the optimization process.
WARNING:Xst:1896 - Due to other FF/Latch trimming, FF/Latch <m_eth_type_reg_15> has a constant value of 0 in block <arp_eth_tx>. This FF/Latch will be trimmed during the optimization process.
WARNING:Xst:1896 - Due to other FF/Latch trimming, FF/Latch <m_eth_type_reg_14> has a constant value of 0 in block <arp_eth_tx>. This FF/Latch will be trimmed during the optimization process.
WARNING:Xst:1896 - Due to other FF/Latch trimming, FF/Latch <m_eth_type_reg_13> has a constant value of 0 in block <arp_eth_tx>. This FF/Latch will be trimmed during the optimization process.
WARNING:Xst:1896 - Due to other FF/Latch trimming, FF/Latch <m_eth_type_reg_12> has a constant value of 0 in block <arp_eth_tx>. This FF/Latch will be trimmed during the optimization process.
WARNING:Xst:1896 - Due to other FF/Latch trimming, FF/Latch <m_eth_type_reg_10> has a constant value of 0 in block <arp_eth_tx>. This FF/Latch will be trimmed during the optimization process.
WARNING:Xst:1896 - Due to other FF/Latch trimming, FF/Latch <m_eth_type_reg_9> has a constant value of 0 in block <arp_eth_tx>. This FF/Latch will be trimmed during the optimization process.
WARNING:Xst:1896 - Due to other FF/Latch trimming, FF/Latch <temp_m_eth_payload_axis_tuser_reg> has a constant value of 0 in block <arp_eth_tx>. This FF/Latch will be trimmed during the optimization process.
WARNING:Xst:1896 - Due to other FF/Latch trimming, FF/Latch <arp_sha_reg_47> has a constant value of 0 in block <arp_eth_tx>. This FF/Latch will be trimmed during the optimization process.
WARNING:Xst:1896 - Due to other FF/Latch trimming, FF/Latch <arp_sha_reg_44> has a constant value of 0 in block <arp_eth_tx>. This FF/Latch will be trimmed during the optimization process.
WARNING:Xst:1896 - Due to other FF/Latch trimming, FF/Latch <arp_sha_reg_43> has a constant value of 0 in block <arp_eth_tx>. This FF/Latch will be trimmed during the optimization process.
WARNING:Xst:1896 - Due to other FF/Latch trimming, FF/Latch <arp_sha_reg_40> has a constant value of 0 in block <arp_eth_tx>. This FF/Latch will be trimmed during the optimization process.
WARNING:Xst:1896 - Due to other FF/Latch trimming, FF/Latch <arp_sha_reg_39> has a constant value of 0 in block <arp_eth_tx>. This FF/Latch will be trimmed during the optimization process.
WARNING:Xst:1896 - Due to other FF/Latch trimming, FF/Latch <arp_sha_reg_35> has a constant value of 0 in block <arp_eth_tx>. This FF/Latch will be trimmed during the optimization process.
WARNING:Xst:1896 - Due to other FF/Latch trimming, FF/Latch <arp_sha_reg_34> has a constant value of 0 in block <arp_eth_tx>. This FF/Latch will be trimmed during the optimization process.
WARNING:Xst:1896 - Due to other FF/Latch trimming, FF/Latch <arp_sha_reg_33> has a constant value of 0 in block <arp_eth_tx>. This FF/Latch will be trimmed during the optimization process.
WARNING:Xst:1896 - Due to other FF/Latch trimming, FF/Latch <arp_sha_reg_32> has a constant value of 0 in block <arp_eth_tx>. This FF/Latch will be trimmed during the optimization process.
WARNING:Xst:1896 - Due to other FF/Latch trimming, FF/Latch <arp_sha_reg_31> has a constant value of 0 in block <arp_eth_tx>. This FF/Latch will be trimmed during the optimization process.
WARNING:Xst:1896 - Due to other FF/Latch trimming, FF/Latch <arp_sha_reg_28> has a constant value of 0 in block <arp_eth_tx>. This FF/Latch will be trimmed during the optimization process.
WARNING:Xst:1896 - Due to other FF/Latch trimming, FF/Latch <arp_sha_reg_27> has a constant value of 0 in block <arp_eth_tx>. This FF/Latch will be trimmed during the optimization process.
WARNING:Xst:1896 - Due to other FF/Latch trimming, FF/Latch <arp_sha_reg_23> has a constant value of 0 in block <arp_eth_tx>. This FF/Latch will be trimmed during the optimization process.
WARNING:Xst:1896 - Due to other FF/Latch trimming, FF/Latch <arp_sha_reg_20> has a constant value of 0 in block <arp_eth_tx>. This FF/Latch will be trimmed during the optimization process.
WARNING:Xst:1896 - Due to other FF/Latch trimming, FF/Latch <arp_sha_reg_19> has a constant value of 0 in block <arp_eth_tx>. This FF/Latch will be trimmed during the optimization process.
WARNING:Xst:1896 - Due to other FF/Latch trimming, FF/Latch <arp_sha_reg_18> has a constant value of 0 in block <arp_eth_tx>. This FF/Latch will be trimmed during the optimization process.
WARNING:Xst:1896 - Due to other FF/Latch trimming, FF/Latch <arp_sha_reg_17> has a constant value of 0 in block <arp_eth_tx>. This FF/Latch will be trimmed during the optimization process.
WARNING:Xst:1896 - Due to other FF/Latch trimming, FF/Latch <arp_sha_reg_15> has a constant value of 0 in block <arp_eth_tx>. This FF/Latch will be trimmed during the optimization process.
WARNING:Xst:1896 - Due to other FF/Latch trimming, FF/Latch <arp_sha_reg_14> has a constant value of 0 in block <arp_eth_tx>. This FF/Latch will be trimmed during the optimization process.
WARNING:Xst:1896 - Due to other FF/Latch trimming, FF/Latch <arp_sha_reg_10> has a constant value of 0 in block <arp_eth_tx>. This FF/Latch will be trimmed during the optimization process.
WARNING:Xst:1896 - Due to other FF/Latch trimming, FF/Latch <m_eth_src_mac_reg_33> has a constant value of 0 in block <arp_eth_tx>. This FF/Latch will be trimmed during the optimization process.
WARNING:Xst:1896 - Due to other FF/Latch trimming, FF/Latch <m_eth_src_mac_reg_32> has a constant value of 0 in block <arp_eth_tx>. This FF/Latch will be trimmed during the optimization process.
WARNING:Xst:1896 - Due to other FF/Latch trimming, FF/Latch <m_eth_src_mac_reg_31> has a constant value of 0 in block <arp_eth_tx>. This FF/Latch will be trimmed during the optimization process.
WARNING:Xst:1896 - Due to other FF/Latch trimming, FF/Latch <m_eth_src_mac_reg_28> has a constant value of 0 in block <arp_eth_tx>. This FF/Latch will be trimmed during the optimization process.
WARNING:Xst:1896 - Due to other FF/Latch trimming, FF/Latch <m_eth_src_mac_reg_27> has a constant value of 0 in block <arp_eth_tx>. This FF/Latch will be trimmed during the optimization process.
WARNING:Xst:1896 - Due to other FF/Latch trimming, FF/Latch <m_eth_src_mac_reg_23> has a constant value of 0 in block <arp_eth_tx>. This FF/Latch will be trimmed during the optimization process.
WARNING:Xst:1896 - Due to other FF/Latch trimming, FF/Latch <m_eth_src_mac_reg_20> has a constant value of 0 in block <arp_eth_tx>. This FF/Latch will be trimmed during the optimization process.
WARNING:Xst:1896 - Due to other FF/Latch trimming, FF/Latch <m_eth_src_mac_reg_19> has a constant value of 0 in block <arp_eth_tx>. This FF/Latch will be trimmed during the optimization process.
WARNING:Xst:1896 - Due to other FF/Latch trimming, FF/Latch <m_eth_src_mac_reg_18> has a constant value of 0 in block <arp_eth_tx>. This FF/Latch will be trimmed during the optimization process.
WARNING:Xst:1896 - Due to other FF/Latch trimming, FF/Latch <m_eth_src_mac_reg_17> has a constant value of 0 in block <arp_eth_tx>. This FF/Latch will be trimmed during the optimization process.
WARNING:Xst:1896 - Due to other FF/Latch trimming, FF/Latch <m_eth_src_mac_reg_15> has a constant value of 0 in block <arp_eth_tx>. This FF/Latch will be trimmed during the optimization process.
WARNING:Xst:1896 - Due to other FF/Latch trimming, FF/Latch <m_eth_src_mac_reg_14> has a constant value of 0 in block <arp_eth_tx>. This FF/Latch will be trimmed during the optimization process.
WARNING:Xst:1896 - Due to other FF/Latch trimming, FF/Latch <m_eth_src_mac_reg_10> has a constant value of 0 in block <arp_eth_tx>. This FF/Latch will be trimmed during the optimization process.
WARNING:Xst:1896 - Due to other FF/Latch trimming, FF/Latch <m_eth_src_mac_reg_8> has a constant value of 0 in block <arp_eth_tx>. This FF/Latch will be trimmed during the optimization process.
WARNING:Xst:1896 - Due to other FF/Latch trimming, FF/Latch <m_eth_src_mac_reg_7> has a constant value of 0 in block <arp_eth_tx>. This FF/Latch will be trimmed during the optimization process.
WARNING:Xst:1896 - Due to other FF/Latch trimming, FF/Latch <m_eth_src_mac_reg_6> has a constant value of 0 in block <arp_eth_tx>. This FF/Latch will be trimmed during the optimization process.
WARNING:Xst:1896 - Due to other FF/Latch trimming, FF/Latch <m_eth_src_mac_reg_3> has a constant value of 0 in block <arp_eth_tx>. This FF/Latch will be trimmed during the optimization process.
WARNING:Xst:1896 - Due to other FF/Latch trimming, FF/Latch <m_eth_src_mac_reg_2> has a constant value of 0 in block <arp_eth_tx>. This FF/Latch will be trimmed during the optimization process.
WARNING:Xst:1896 - Due to other FF/Latch trimming, FF/Latch <m_eth_src_mac_reg_1> has a constant value of 0 in block <arp_eth_tx>. This FF/Latch will be trimmed during the optimization process.
WARNING:Xst:1896 - Due to other FF/Latch trimming, FF/Latch <m_eth_src_mac_reg_0> has a constant value of 0 in block <arp_eth_tx>. This FF/Latch will be trimmed during the optimization process.
WARNING:Xst:1896 - Due to other FF/Latch trimming, FF/Latch <m_eth_type_reg_8> has a constant value of 0 in block <arp_eth_tx>. This FF/Latch will be trimmed during the optimization process.
WARNING:Xst:1896 - Due to other FF/Latch trimming, FF/Latch <m_eth_type_reg_7> has a constant value of 0 in block <arp_eth_tx>. This FF/Latch will be trimmed during the optimization process.
WARNING:Xst:1896 - Due to other FF/Latch trimming, FF/Latch <m_eth_type_reg_6> has a constant value of 0 in block <arp_eth_tx>. This FF/Latch will be trimmed during the optimization process.
WARNING:Xst:1896 - Due to other FF/Latch trimming, FF/Latch <m_eth_type_reg_5> has a constant value of 0 in block <arp_eth_tx>. This FF/Latch will be trimmed during the optimization process.
WARNING:Xst:1896 - Due to other FF/Latch trimming, FF/Latch <m_eth_type_reg_4> has a constant value of 0 in block <arp_eth_tx>. This FF/Latch will be trimmed during the optimization process.
WARNING:Xst:1896 - Due to other FF/Latch trimming, FF/Latch <m_eth_type_reg_3> has a constant value of 0 in block <arp_eth_tx>. This FF/Latch will be trimmed during the optimization process.
WARNING:Xst:1896 - Due to other FF/Latch trimming, FF/Latch <m_eth_type_reg_0> has a constant value of 0 in block <arp_eth_tx>. This FF/Latch will be trimmed during the optimization process.
WARNING:Xst:1896 - Due to other FF/Latch trimming, FF/Latch <arp_ptype_reg_15> has a constant value of 0 in block <arp_eth_tx>. This FF/Latch will be trimmed during the optimization process.
WARNING:Xst:1896 - Due to other FF/Latch trimming, FF/Latch <arp_ptype_reg_14> has a constant value of 0 in block <arp_eth_tx>. This FF/Latch will be trimmed during the optimization process.
WARNING:Xst:1896 - Due to other FF/Latch trimming, FF/Latch <arp_ptype_reg_13> has a constant value of 0 in block <arp_eth_tx>. This FF/Latch will be trimmed during the optimization process.
WARNING:Xst:1896 - Due to other FF/Latch trimming, FF/Latch <arp_ptype_reg_12> has a constant value of 0 in block <arp_eth_tx>. This FF/Latch will be trimmed during the optimization process.
WARNING:Xst:1896 - Due to other FF/Latch trimming, FF/Latch <arp_ptype_reg_10> has a constant value of 0 in block <arp_eth_tx>. This FF/Latch will be trimmed during the optimization process.
WARNING:Xst:1896 - Due to other FF/Latch trimming, FF/Latch <arp_ptype_reg_9> has a constant value of 0 in block <arp_eth_tx>. This FF/Latch will be trimmed during the optimization process.
WARNING:Xst:1896 - Due to other FF/Latch trimming, FF/Latch <arp_ptype_reg_8> has a constant value of 0 in block <arp_eth_tx>. This FF/Latch will be trimmed during the optimization process.
WARNING:Xst:1896 - Due to other FF/Latch trimming, FF/Latch <m_eth_src_mac_reg_47> has a constant value of 0 in block <arp_eth_tx>. This FF/Latch will be trimmed during the optimization process.
WARNING:Xst:1896 - Due to other FF/Latch trimming, FF/Latch <m_eth_src_mac_reg_44> has a constant value of 0 in block <arp_eth_tx>. This FF/Latch will be trimmed during the optimization process.
WARNING:Xst:1896 - Due to other FF/Latch trimming, FF/Latch <m_eth_src_mac_reg_43> has a constant value of 0 in block <arp_eth_tx>. This FF/Latch will be trimmed during the optimization process.
WARNING:Xst:1896 - Due to other FF/Latch trimming, FF/Latch <m_eth_src_mac_reg_40> has a constant value of 0 in block <arp_eth_tx>. This FF/Latch will be trimmed during the optimization process.
WARNING:Xst:1896 - Due to other FF/Latch trimming, FF/Latch <m_eth_src_mac_reg_39> has a constant value of 0 in block <arp_eth_tx>. This FF/Latch will be trimmed during the optimization process.
WARNING:Xst:1896 - Due to other FF/Latch trimming, FF/Latch <m_eth_src_mac_reg_35> has a constant value of 0 in block <arp_eth_tx>. This FF/Latch will be trimmed during the optimization process.
WARNING:Xst:1896 - Due to other FF/Latch trimming, FF/Latch <m_eth_src_mac_reg_34> has a constant value of 0 in block <arp_eth_tx>. This FF/Latch will be trimmed during the optimization process.
WARNING:Xst:1896 - Due to other FF/Latch trimming, FF/Latch <m_eth_payload_axis_tuser_reg> has a constant value of 0 in block <arp_eth_tx>. This FF/Latch will be trimmed during the optimization process.
WARNING:Xst:1426 - The value init of the FF/Latch m_ip_protocol_reg_4 hinder the constant cleaning in the block udp_ip_rx.
   You should achieve better results by setting this init to 1.
WARNING:Xst:1426 - The value init of the FF/Latch m_ip_protocol_reg_0 hinder the constant cleaning in the block udp_ip_rx.
   You should achieve better results by setting this init to 1.
WARNING:Xst:1293 - FF/Latch <m_ip_protocol_reg_1> has a constant value of 0 in block <udp_ip_rx>. This FF/Latch will be trimmed during the optimization process.
WARNING:Xst:1896 - Due to other FF/Latch trimming, FF/Latch <m_ip_protocol_reg_2> has a constant value of 0 in block <udp_ip_rx>. This FF/Latch will be trimmed during the optimization process.
WARNING:Xst:1896 - Due to other FF/Latch trimming, FF/Latch <m_ip_protocol_reg_3> has a constant value of 0 in block <udp_ip_rx>. This FF/Latch will be trimmed during the optimization process.
WARNING:Xst:1896 - Due to other FF/Latch trimming, FF/Latch <m_ip_protocol_reg_5> has a constant value of 0 in block <udp_ip_rx>. This FF/Latch will be trimmed during the optimization process.
WARNING:Xst:1896 - Due to other FF/Latch trimming, FF/Latch <m_ip_protocol_reg_6> has a constant value of 0 in block <udp_ip_rx>. This FF/Latch will be trimmed during the optimization process.
WARNING:Xst:1896 - Due to other FF/Latch trimming, FF/Latch <m_ip_protocol_reg_7> has a constant value of 0 in block <udp_ip_rx>. This FF/Latch will be trimmed during the optimization process.
WARNING:Xst:1426 - The value init of the FF/Latch ip_ttl_reg_6 hinder the constant cleaning in the block udp_checksum_gen.
   You should achieve better results by setting this init to 1.
WARNING:Xst:1293 - FF/Latch <eth_type_reg_15> has a constant value of 0 in block <udp_checksum_gen>. This FF/Latch will be trimmed during the optimization process.
WARNING:Xst:1896 - Due to other FF/Latch trimming, FF/Latch <ip_version_reg_0> has a constant value of 0 in block <udp_checksum_gen>. This FF/Latch will be trimmed during the optimization process.
WARNING:Xst:1896 - Due to other FF/Latch trimming, FF/Latch <ip_version_reg_1> has a constant value of 0 in block <udp_checksum_gen>. This FF/Latch will be trimmed during the optimization process.
WARNING:Xst:1896 - Due to other FF/Latch trimming, FF/Latch <ip_version_reg_2> has a constant value of 0 in block <udp_checksum_gen>. This FF/Latch will be trimmed during the optimization process.
WARNING:Xst:1896 - Due to other FF/Latch trimming, FF/Latch <ip_version_reg_3> has a constant value of 0 in block <udp_checksum_gen>. This FF/Latch will be trimmed during the optimization process.
WARNING:Xst:1896 - Due to other FF/Latch trimming, FF/Latch <ip_dscp_reg_0> has a constant value of 0 in block <udp_checksum_gen>. This FF/Latch will be trimmed during the optimization process.
WARNING:Xst:1896 - Due to other FF/Latch trimming, FF/Latch <ip_dscp_reg_1> has a constant value of 0 in block <udp_checksum_gen>. This FF/Latch will be trimmed during the optimization process.
WARNING:Xst:1896 - Due to other FF/Latch trimming, FF/Latch <ip_dscp_reg_2> has a constant value of 0 in block <udp_checksum_gen>. This FF/Latch will be trimmed during the optimization process.
WARNING:Xst:1896 - Due to other FF/Latch trimming, FF/Latch <ip_dscp_reg_3> has a constant value of 0 in block <udp_checksum_gen>. This FF/Latch will be trimmed during the optimization process.
WARNING:Xst:1896 - Due to other FF/Latch trimming, FF/Latch <ip_dscp_reg_4> has a constant value of 0 in block <udp_checksum_gen>. This FF/Latch will be trimmed during the optimization process.
WARNING:Xst:1896 - Due to other FF/Latch trimming, FF/Latch <ip_dscp_reg_5> has a constant value of 0 in block <udp_checksum_gen>. This FF/Latch will be trimmed during the optimization process.
WARNING:Xst:1896 - Due to other FF/Latch trimming, FF/Latch <ip_ecn_reg_0> has a constant value of 0 in block <udp_checksum_gen>. This FF/Latch will be trimmed during the optimization process.
WARNING:Xst:1896 - Due to other FF/Latch trimming, FF/Latch <ip_ecn_reg_1> has a constant value of 0 in block <udp_checksum_gen>. This FF/Latch will be trimmed during the optimization process.
WARNING:Xst:1896 - Due to other FF/Latch trimming, FF/Latch <ip_fragment_offset_reg_0> has a constant value of 0 in block <udp_checksum_gen>. This FF/Latch will be trimmed during the optimization process.
WARNING:Xst:1896 - Due to other FF/Latch trimming, FF/Latch <ip_fragment_offset_reg_1> has a constant value of 0 in block <udp_checksum_gen>. This FF/Latch will be trimmed during the optimization process.
WARNING:Xst:1896 - Due to other FF/Latch trimming, FF/Latch <ip_fragment_offset_reg_2> has a constant value of 0 in block <udp_checksum_gen>. This FF/Latch will be trimmed during the optimization process.
WARNING:Xst:1896 - Due to other FF/Latch trimming, FF/Latch <ip_fragment_offset_reg_3> has a constant value of 0 in block <udp_checksum_gen>. This FF/Latch will be trimmed during the optimization process.
WARNING:Xst:1896 - Due to other FF/Latch trimming, FF/Latch <ip_fragment_offset_reg_4> has a constant value of 0 in block <udp_checksum_gen>. This FF/Latch will be trimmed during the optimization process.
WARNING:Xst:1896 - Due to other FF/Latch trimming, FF/Latch <ip_fragment_offset_reg_5> has a constant value of 0 in block <udp_checksum_gen>. This FF/Latch will be trimmed during the optimization process.
WARNING:Xst:1896 - Due to other FF/Latch trimming, FF/Latch <ip_fragment_offset_reg_6> has a constant value of 0 in block <udp_checksum_gen>. This FF/Latch will be trimmed during the optimization process.
WARNING:Xst:1896 - Due to other FF/Latch trimming, FF/Latch <ip_fragment_offset_reg_7> has a constant value of 0 in block <udp_checksum_gen>. This FF/Latch will be trimmed during the optimization process.
WARNING:Xst:1896 - Due to other FF/Latch trimming, FF/Latch <ip_fragment_offset_reg_8> has a constant value of 0 in block <udp_checksum_gen>. This FF/Latch will be trimmed during the optimization process.
WARNING:Xst:1896 - Due to other FF/Latch trimming, FF/Latch <eth_dest_mac_reg_44> has a constant value of 0 in block <udp_checksum_gen>. This FF/Latch will be trimmed during the optimization process.
WARNING:Xst:1896 - Due to other FF/Latch trimming, FF/Latch <eth_dest_mac_reg_45> has a constant value of 0 in block <udp_checksum_gen>. This FF/Latch will be trimmed during the optimization process.
WARNING:Xst:1896 - Due to other FF/Latch trimming, FF/Latch <eth_dest_mac_reg_46> has a constant value of 0 in block <udp_checksum_gen>. This FF/Latch will be trimmed during the optimization process.
WARNING:Xst:1896 - Due to other FF/Latch trimming, FF/Latch <eth_dest_mac_reg_47> has a constant value of 0 in block <udp_checksum_gen>. This FF/Latch will be trimmed during the optimization process.
WARNING:Xst:1896 - Due to other FF/Latch trimming, FF/Latch <ip_ihl_reg_0> has a constant value of 0 in block <udp_checksum_gen>. This FF/Latch will be trimmed during the optimization process.
WARNING:Xst:1896 - Due to other FF/Latch trimming, FF/Latch <ip_ihl_reg_1> has a constant value of 0 in block <udp_checksum_gen>. This FF/Latch will be trimmed during the optimization process.
WARNING:Xst:1896 - Due to other FF/Latch trimming, FF/Latch <ip_ihl_reg_2> has a constant value of 0 in block <udp_checksum_gen>. This FF/Latch will be trimmed during the optimization process.
WARNING:Xst:1896 - Due to other FF/Latch trimming, FF/Latch <ip_ihl_reg_3> has a constant value of 0 in block <udp_checksum_gen>. This FF/Latch will be trimmed during the optimization process.
WARNING:Xst:1896 - Due to other FF/Latch trimming, FF/Latch <eth_type_reg_0> has a constant value of 0 in block <udp_checksum_gen>. This FF/Latch will be trimmed during the optimization process.
WARNING:Xst:1896 - Due to other FF/Latch trimming, FF/Latch <eth_type_reg_1> has a constant value of 0 in block <udp_checksum_gen>. This FF/Latch will be trimmed during the optimization process.
WARNING:Xst:1896 - Due to other FF/Latch trimming, FF/Latch <eth_type_reg_2> has a constant value of 0 in block <udp_checksum_gen>. This FF/Latch will be trimmed during the optimization process.
WARNING:Xst:1896 - Due to other FF/Latch trimming, FF/Latch <eth_type_reg_3> has a constant value of 0 in block <udp_checksum_gen>. This FF/Latch will be trimmed during the optimization process.
WARNING:Xst:1896 - Due to other FF/Latch trimming, FF/Latch <eth_type_reg_4> has a constant value of 0 in block <udp_checksum_gen>. This FF/Latch will be trimmed during the optimization process.
WARNING:Xst:1896 - Due to other FF/Latch trimming, FF/Latch <eth_type_reg_5> has a constant value of 0 in block <udp_checksum_gen>. This FF/Latch will be trimmed during the optimization process.
WARNING:Xst:1896 - Due to other FF/Latch trimming, FF/Latch <eth_type_reg_6> has a constant value of 0 in block <udp_checksum_gen>. This FF/Latch will be trimmed during the optimization process.
WARNING:Xst:1896 - Due to other FF/Latch trimming, FF/Latch <eth_type_reg_7> has a constant value of 0 in block <udp_checksum_gen>. This FF/Latch will be trimmed during the optimization process.
WARNING:Xst:1896 - Due to other FF/Latch trimming, FF/Latch <eth_type_reg_8> has a constant value of 0 in block <udp_checksum_gen>. This FF/Latch will be trimmed during the optimization process.
WARNING:Xst:1896 - Due to other FF/Latch trimming, FF/Latch <eth_type_reg_9> has a constant value of 0 in block <udp_checksum_gen>. This FF/Latch will be trimmed during the optimization process.
WARNING:Xst:1896 - Due to other FF/Latch trimming, FF/Latch <eth_type_reg_10> has a constant value of 0 in block <udp_checksum_gen>. This FF/Latch will be trimmed during the optimization process.
WARNING:Xst:1896 - Due to other FF/Latch trimming, FF/Latch <eth_type_reg_11> has a constant value of 0 in block <udp_checksum_gen>. This FF/Latch will be trimmed during the optimization process.
WARNING:Xst:1896 - Due to other FF/Latch trimming, FF/Latch <eth_type_reg_12> has a constant value of 0 in block <udp_checksum_gen>. This FF/Latch will be trimmed during the optimization process.
WARNING:Xst:1896 - Due to other FF/Latch trimming, FF/Latch <eth_type_reg_13> has a constant value of 0 in block <udp_checksum_gen>. This FF/Latch will be trimmed during the optimization process.
WARNING:Xst:1896 - Due to other FF/Latch trimming, FF/Latch <eth_type_reg_14> has a constant value of 0 in block <udp_checksum_gen>. This FF/Latch will be trimmed during the optimization process.
WARNING:Xst:1896 - Due to other FF/Latch trimming, FF/Latch <ip_header_checksum_reg_0> has a constant value of 0 in block <udp_checksum_gen>. This FF/Latch will be trimmed during the optimization process.
WARNING:Xst:1896 - Due to other FF/Latch trimming, FF/Latch <ip_header_checksum_reg_1> has a constant value of 0 in block <udp_checksum_gen>. This FF/Latch will be trimmed during the optimization process.
WARNING:Xst:1896 - Due to other FF/Latch trimming, FF/Latch <ip_header_checksum_reg_2> has a constant value of 0 in block <udp_checksum_gen>. This FF/Latch will be trimmed during the optimization process.
WARNING:Xst:1896 - Due to other FF/Latch trimming, FF/Latch <ip_header_checksum_reg_3> has a constant value of 0 in block <udp_checksum_gen>. This FF/Latch will be trimmed during the optimization process.
WARNING:Xst:1896 - Due to other FF/Latch trimming, FF/Latch <ip_header_checksum_reg_4> has a constant value of 0 in block <udp_checksum_gen>. This FF/Latch will be trimmed during the optimization process.
WARNING:Xst:1896 - Due to other FF/Latch trimming, FF/Latch <ip_header_checksum_reg_5> has a constant value of 0 in block <udp_checksum_gen>. This FF/Latch will be trimmed during the optimization process.
WARNING:Xst:1896 - Due to other FF/Latch trimming, FF/Latch <ip_header_checksum_reg_6> has a constant value of 0 in block <udp_checksum_gen>. This FF/Latch will be trimmed during the optimization process.
WARNING:Xst:1896 - Due to other FF/Latch trimming, FF/Latch <ip_header_checksum_reg_7> has a constant value of 0 in block <udp_checksum_gen>. This FF/Latch will be trimmed during the optimization process.
WARNING:Xst:1896 - Due to other FF/Latch trimming, FF/Latch <ip_header_checksum_reg_8> has a constant value of 0 in block <udp_checksum_gen>. This FF/Latch will be trimmed during the optimization process.
WARNING:Xst:1896 - Due to other FF/Latch trimming, FF/Latch <ip_header_checksum_reg_9> has a constant value of 0 in block <udp_checksum_gen>. This FF/Latch will be trimmed during the optimization process.
WARNING:Xst:1896 - Due to other FF/Latch trimming, FF/Latch <ip_header_checksum_reg_10> has a constant value of 0 in block <udp_checksum_gen>. This FF/Latch will be trimmed during the optimization process.
WARNING:Xst:1896 - Due to other FF/Latch trimming, FF/Latch <ip_header_checksum_reg_11> has a constant value of 0 in block <udp_checksum_gen>. This FF/Latch will be trimmed during the optimization process.
WARNING:Xst:1896 - Due to other FF/Latch trimming, FF/Latch <ip_header_checksum_reg_12> has a constant value of 0 in block <udp_checksum_gen>. This FF/Latch will be trimmed during the optimization process.
WARNING:Xst:1896 - Due to other FF/Latch trimming, FF/Latch <ip_header_checksum_reg_13> has a constant value of 0 in block <udp_checksum_gen>. This FF/Latch will be trimmed during the optimization process.
WARNING:Xst:1896 - Due to other FF/Latch trimming, FF/Latch <ip_header_checksum_reg_14> has a constant value of 0 in block <udp_checksum_gen>. This FF/Latch will be trimmed during the optimization process.
WARNING:Xst:1896 - Due to other FF/Latch trimming, FF/Latch <ip_header_checksum_reg_15> has a constant value of 0 in block <udp_checksum_gen>. This FF/Latch will be trimmed during the optimization process.
WARNING:Xst:1896 - Due to other FF/Latch trimming, FF/Latch <ip_ttl_reg_0> has a constant value of 0 in block <udp_checksum_gen>. This FF/Latch will be trimmed during the optimization process.
WARNING:Xst:1896 - Due to other FF/Latch trimming, FF/Latch <ip_ttl_reg_1> has a constant value of 0 in block <udp_checksum_gen>. This FF/Latch will be trimmed during the optimization process.
WARNING:Xst:1896 - Due to other FF/Latch trimming, FF/Latch <ip_ttl_reg_2> has a constant value of 0 in block <udp_checksum_gen>. This FF/Latch will be trimmed during the optimization process.
WARNING:Xst:1896 - Due to other FF/Latch trimming, FF/Latch <ip_ttl_reg_3> has a constant value of 0 in block <udp_checksum_gen>. This FF/Latch will be trimmed during the optimization process.
WARNING:Xst:1896 - Due to other FF/Latch trimming, FF/Latch <ip_ttl_reg_4> has a constant value of 0 in block <udp_checksum_gen>. This FF/Latch will be trimmed during the optimization process.
WARNING:Xst:1896 - Due to other FF/Latch trimming, FF/Latch <ip_ttl_reg_5> has a constant value of 0 in block <udp_checksum_gen>. This FF/Latch will be trimmed during the optimization process.
WARNING:Xst:1896 - Due to other FF/Latch trimming, FF/Latch <ip_ttl_reg_7> has a constant value of 0 in block <udp_checksum_gen>. This FF/Latch will be trimmed during the optimization process.
WARNING:Xst:1896 - Due to other FF/Latch trimming, FF/Latch <ip_fragment_offset_reg_9> has a constant value of 0 in block <udp_checksum_gen>. This FF/Latch will be trimmed during the optimization process.
WARNING:Xst:1896 - Due to other FF/Latch trimming, FF/Latch <ip_fragment_offset_reg_10> has a constant value of 0 in block <udp_checksum_gen>. This FF/Latch will be trimmed during the optimization process.
WARNING:Xst:1896 - Due to other FF/Latch trimming, FF/Latch <ip_fragment_offset_reg_11> has a constant value of 0 in block <udp_checksum_gen>. This FF/Latch will be trimmed during the optimization process.
WARNING:Xst:1896 - Due to other FF/Latch trimming, FF/Latch <ip_fragment_offset_reg_12> has a constant value of 0 in block <udp_checksum_gen>. This FF/Latch will be trimmed during the optimization process.
WARNING:Xst:1896 - Due to other FF/Latch trimming, FF/Latch <ip_identification_reg_0> has a constant value of 0 in block <udp_checksum_gen>. This FF/Latch will be trimmed during the optimization process.
WARNING:Xst:1896 - Due to other FF/Latch trimming, FF/Latch <ip_identification_reg_1> has a constant value of 0 in block <udp_checksum_gen>. This FF/Latch will be trimmed during the optimization process.
WARNING:Xst:1896 - Due to other FF/Latch trimming, FF/Latch <ip_identification_reg_2> has a constant value of 0 in block <udp_checksum_gen>. This FF/Latch will be trimmed during the optimization process.
WARNING:Xst:1896 - Due to other FF/Latch trimming, FF/Latch <ip_identification_reg_3> has a constant value of 0 in block <udp_checksum_gen>. This FF/Latch will be trimmed during the optimization process.
WARNING:Xst:1896 - Due to other FF/Latch trimming, FF/Latch <ip_identification_reg_4> has a constant value of 0 in block <udp_checksum_gen>. This FF/Latch will be trimmed during the optimization process.
WARNING:Xst:1896 - Due to other FF/Latch trimming, FF/Latch <ip_identification_reg_5> has a constant value of 0 in block <udp_checksum_gen>. This FF/Latch will be trimmed during the optimization process.
WARNING:Xst:1896 - Due to other FF/Latch trimming, FF/Latch <ip_identification_reg_6> has a constant value of 0 in block <udp_checksum_gen>. This FF/Latch will be trimmed during the optimization process.
WARNING:Xst:1896 - Due to other FF/Latch trimming, FF/Latch <ip_identification_reg_7> has a constant value of 0 in block <udp_checksum_gen>. This FF/Latch will be trimmed during the optimization process.
WARNING:Xst:1896 - Due to other FF/Latch trimming, FF/Latch <ip_identification_reg_8> has a constant value of 0 in block <udp_checksum_gen>. This FF/Latch will be trimmed during the optimization process.
WARNING:Xst:1896 - Due to other FF/Latch trimming, FF/Latch <ip_identification_reg_9> has a constant value of 0 in block <udp_checksum_gen>. This FF/Latch will be trimmed during the optimization process.
WARNING:Xst:1896 - Due to other FF/Latch trimming, FF/Latch <ip_identification_reg_10> has a constant value of 0 in block <udp_checksum_gen>. This FF/Latch will be trimmed during the optimization process.
WARNING:Xst:1896 - Due to other FF/Latch trimming, FF/Latch <ip_identification_reg_11> has a constant value of 0 in block <udp_checksum_gen>. This FF/Latch will be trimmed during the optimization process.
WARNING:Xst:1896 - Due to other FF/Latch trimming, FF/Latch <ip_identification_reg_12> has a constant value of 0 in block <udp_checksum_gen>. This FF/Latch will be trimmed during the optimization process.
WARNING:Xst:1896 - Due to other FF/Latch trimming, FF/Latch <ip_identification_reg_13> has a constant value of 0 in block <udp_checksum_gen>. This FF/Latch will be trimmed during the optimization process.
WARNING:Xst:1896 - Due to other FF/Latch trimming, FF/Latch <ip_identification_reg_14> has a constant value of 0 in block <udp_checksum_gen>. This FF/Latch will be trimmed during the optimization process.
WARNING:Xst:1896 - Due to other FF/Latch trimming, FF/Latch <ip_identification_reg_15> has a constant value of 0 in block <udp_checksum_gen>. This FF/Latch will be trimmed during the optimization process.
WARNING:Xst:1896 - Due to other FF/Latch trimming, FF/Latch <ip_flags_reg_0> has a constant value of 0 in block <udp_checksum_gen>. This FF/Latch will be trimmed during the optimization process.
WARNING:Xst:1896 - Due to other FF/Latch trimming, FF/Latch <ip_flags_reg_1> has a constant value of 0 in block <udp_checksum_gen>. This FF/Latch will be trimmed during the optimization process.
WARNING:Xst:1896 - Due to other FF/Latch trimming, FF/Latch <ip_flags_reg_2> has a constant value of 0 in block <udp_checksum_gen>. This FF/Latch will be trimmed during the optimization process.
WARNING:Xst:1896 - Due to other FF/Latch trimming, FF/Latch <eth_src_mac_reg_23> has a constant value of 0 in block <udp_checksum_gen>. This FF/Latch will be trimmed during the optimization process.
WARNING:Xst:1896 - Due to other FF/Latch trimming, FF/Latch <eth_src_mac_reg_24> has a constant value of 0 in block <udp_checksum_gen>. This FF/Latch will be trimmed during the optimization process.
WARNING:Xst:1896 - Due to other FF/Latch trimming, FF/Latch <eth_src_mac_reg_25> has a constant value of 0 in block <udp_checksum_gen>. This FF/Latch will be trimmed during the optimization process.
WARNING:Xst:1896 - Due to other FF/Latch trimming, FF/Latch <eth_src_mac_reg_26> has a constant value of 0 in block <udp_checksum_gen>. This FF/Latch will be trimmed during the optimization process.
WARNING:Xst:1896 - Due to other FF/Latch trimming, FF/Latch <eth_src_mac_reg_27> has a constant value of 0 in block <udp_checksum_gen>. This FF/Latch will be trimmed during the optimization process.
WARNING:Xst:1896 - Due to other FF/Latch trimming, FF/Latch <eth_src_mac_reg_28> has a constant value of 0 in block <udp_checksum_gen>. This FF/Latch will be trimmed during the optimization process.
WARNING:Xst:1896 - Due to other FF/Latch trimming, FF/Latch <eth_src_mac_reg_29> has a constant value of 0 in block <udp_checksum_gen>. This FF/Latch will be trimmed during the optimization process.
WARNING:Xst:1896 - Due to other FF/Latch trimming, FF/Latch <eth_src_mac_reg_30> has a constant value of 0 in block <udp_checksum_gen>. This FF/Latch will be trimmed during the optimization process.
WARNING:Xst:1896 - Due to other FF/Latch trimming, FF/Latch <eth_src_mac_reg_31> has a constant value of 0 in block <udp_checksum_gen>. This FF/Latch will be trimmed during the optimization process.
WARNING:Xst:1896 - Due to other FF/Latch trimming, FF/Latch <eth_src_mac_reg_32> has a constant value of 0 in block <udp_checksum_gen>. This FF/Latch will be trimmed during the optimization process.
WARNING:Xst:1896 - Due to other FF/Latch trimming, FF/Latch <eth_src_mac_reg_33> has a constant value of 0 in block <udp_checksum_gen>. This FF/Latch will be trimmed during the optimization process.
WARNING:Xst:1896 - Due to other FF/Latch trimming, FF/Latch <eth_src_mac_reg_34> has a constant value of 0 in block <udp_checksum_gen>. This FF/Latch will be trimmed during the optimization process.
WARNING:Xst:1896 - Due to other FF/Latch trimming, FF/Latch <eth_src_mac_reg_35> has a constant value of 0 in block <udp_checksum_gen>. This FF/Latch will be trimmed during the optimization process.
WARNING:Xst:1896 - Due to other FF/Latch trimming, FF/Latch <eth_src_mac_reg_36> has a constant value of 0 in block <udp_checksum_gen>. This FF/Latch will be trimmed during the optimization process.
WARNING:Xst:1896 - Due to other FF/Latch trimming, FF/Latch <eth_src_mac_reg_37> has a constant value of 0 in block <udp_checksum_gen>. This FF/Latch will be trimmed during the optimization process.
WARNING:Xst:1896 - Due to other FF/Latch trimming, FF/Latch <eth_src_mac_reg_38> has a constant value of 0 in block <udp_checksum_gen>. This FF/Latch will be trimmed during the optimization process.
WARNING:Xst:1896 - Due to other FF/Latch trimming, FF/Latch <eth_src_mac_reg_39> has a constant value of 0 in block <udp_checksum_gen>. This FF/Latch will be trimmed during the optimization process.
WARNING:Xst:1896 - Due to other FF/Latch trimming, FF/Latch <eth_src_mac_reg_40> has a constant value of 0 in block <udp_checksum_gen>. This FF/Latch will be trimmed during the optimization process.
WARNING:Xst:1896 - Due to other FF/Latch trimming, FF/Latch <eth_src_mac_reg_41> has a constant value of 0 in block <udp_checksum_gen>. This FF/Latch will be trimmed during the optimization process.
WARNING:Xst:1896 - Due to other FF/Latch trimming, FF/Latch <eth_src_mac_reg_42> has a constant value of 0 in block <udp_checksum_gen>. This FF/Latch will be trimmed during the optimization process.
WARNING:Xst:1896 - Due to other FF/Latch trimming, FF/Latch <eth_src_mac_reg_43> has a constant value of 0 in block <udp_checksum_gen>. This FF/Latch will be trimmed during the optimization process.
WARNING:Xst:1896 - Due to other FF/Latch trimming, FF/Latch <eth_src_mac_reg_44> has a constant value of 0 in block <udp_checksum_gen>. This FF/Latch will be trimmed during the optimization process.
WARNING:Xst:1896 - Due to other FF/Latch trimming, FF/Latch <eth_src_mac_reg_45> has a constant value of 0 in block <udp_checksum_gen>. This FF/Latch will be trimmed during the optimization process.
WARNING:Xst:1896 - Due to other FF/Latch trimming, FF/Latch <eth_src_mac_reg_0> has a constant value of 0 in block <udp_checksum_gen>. This FF/Latch will be trimmed during the optimization process.
WARNING:Xst:1896 - Due to other FF/Latch trimming, FF/Latch <eth_src_mac_reg_1> has a constant value of 0 in block <udp_checksum_gen>. This FF/Latch will be trimmed during the optimization process.
WARNING:Xst:1896 - Due to other FF/Latch trimming, FF/Latch <eth_src_mac_reg_2> has a constant value of 0 in block <udp_checksum_gen>. This FF/Latch will be trimmed during the optimization process.
WARNING:Xst:1896 - Due to other FF/Latch trimming, FF/Latch <eth_src_mac_reg_3> has a constant value of 0 in block <udp_checksum_gen>. This FF/Latch will be trimmed during the optimization process.
WARNING:Xst:1896 - Due to other FF/Latch trimming, FF/Latch <eth_src_mac_reg_4> has a constant value of 0 in block <udp_checksum_gen>. This FF/Latch will be trimmed during the optimization process.
WARNING:Xst:1896 - Due to other FF/Latch trimming, FF/Latch <eth_src_mac_reg_5> has a constant value of 0 in block <udp_checksum_gen>. This FF/Latch will be trimmed during the optimization process.
WARNING:Xst:1896 - Due to other FF/Latch trimming, FF/Latch <eth_src_mac_reg_6> has a constant value of 0 in block <udp_checksum_gen>. This FF/Latch will be trimmed during the optimization process.
WARNING:Xst:1896 - Due to other FF/Latch trimming, FF/Latch <eth_src_mac_reg_7> has a constant value of 0 in block <udp_checksum_gen>. This FF/Latch will be trimmed during the optimization process.
WARNING:Xst:1896 - Due to other FF/Latch trimming, FF/Latch <eth_src_mac_reg_8> has a constant value of 0 in block <udp_checksum_gen>. This FF/Latch will be trimmed during the optimization process.
WARNING:Xst:1896 - Due to other FF/Latch trimming, FF/Latch <eth_src_mac_reg_9> has a constant value of 0 in block <udp_checksum_gen>. This FF/Latch will be trimmed during the optimization process.
WARNING:Xst:1896 - Due to other FF/Latch trimming, FF/Latch <eth_src_mac_reg_10> has a constant value of 0 in block <udp_checksum_gen>. This FF/Latch will be trimmed during the optimization process.
WARNING:Xst:1896 - Due to other FF/Latch trimming, FF/Latch <eth_src_mac_reg_11> has a constant value of 0 in block <udp_checksum_gen>. This FF/Latch will be trimmed during the optimization process.
WARNING:Xst:1896 - Due to other FF/Latch trimming, FF/Latch <eth_src_mac_reg_12> has a constant value of 0 in block <udp_checksum_gen>. This FF/Latch will be trimmed during the optimization process.
WARNING:Xst:1896 - Due to other FF/Latch trimming, FF/Latch <eth_src_mac_reg_13> has a constant value of 0 in block <udp_checksum_gen>. This FF/Latch will be trimmed during the optimization process.
WARNING:Xst:1896 - Due to other FF/Latch trimming, FF/Latch <eth_src_mac_reg_14> has a constant value of 0 in block <udp_checksum_gen>. This FF/Latch will be trimmed during the optimization process.
WARNING:Xst:1896 - Due to other FF/Latch trimming, FF/Latch <eth_src_mac_reg_15> has a constant value of 0 in block <udp_checksum_gen>. This FF/Latch will be trimmed during the optimization process.
WARNING:Xst:1896 - Due to other FF/Latch trimming, FF/Latch <eth_src_mac_reg_16> has a constant value of 0 in block <udp_checksum_gen>. This FF/Latch will be trimmed during the optimization process.
WARNING:Xst:1896 - Due to other FF/Latch trimming, FF/Latch <eth_src_mac_reg_17> has a constant value of 0 in block <udp_checksum_gen>. This FF/Latch will be trimmed during the optimization process.
WARNING:Xst:1896 - Due to other FF/Latch trimming, FF/Latch <eth_src_mac_reg_18> has a constant value of 0 in block <udp_checksum_gen>. This FF/Latch will be trimmed during the optimization process.
WARNING:Xst:1896 - Due to other FF/Latch trimming, FF/Latch <eth_src_mac_reg_19> has a constant value of 0 in block <udp_checksum_gen>. This FF/Latch will be trimmed during the optimization process.
WARNING:Xst:1896 - Due to other FF/Latch trimming, FF/Latch <eth_src_mac_reg_20> has a constant value of 0 in block <udp_checksum_gen>. This FF/Latch will be trimmed during the optimization process.
WARNING:Xst:1896 - Due to other FF/Latch trimming, FF/Latch <eth_src_mac_reg_21> has a constant value of 0 in block <udp_checksum_gen>. This FF/Latch will be trimmed during the optimization process.
WARNING:Xst:1896 - Due to other FF/Latch trimming, FF/Latch <eth_src_mac_reg_22> has a constant value of 0 in block <udp_checksum_gen>. This FF/Latch will be trimmed during the optimization process.
WARNING:Xst:1896 - Due to other FF/Latch trimming, FF/Latch <eth_dest_mac_reg_21> has a constant value of 0 in block <udp_checksum_gen>. This FF/Latch will be trimmed during the optimization process.
WARNING:Xst:1896 - Due to other FF/Latch trimming, FF/Latch <eth_dest_mac_reg_22> has a constant value of 0 in block <udp_checksum_gen>. This FF/Latch will be trimmed during the optimization process.
WARNING:Xst:1896 - Due to other FF/Latch trimming, FF/Latch <eth_dest_mac_reg_23> has a constant value of 0 in block <udp_checksum_gen>. This FF/Latch will be trimmed during the optimization process.
WARNING:Xst:1896 - Due to other FF/Latch trimming, FF/Latch <eth_dest_mac_reg_24> has a constant value of 0 in block <udp_checksum_gen>. This FF/Latch will be trimmed during the optimization process.
WARNING:Xst:1896 - Due to other FF/Latch trimming, FF/Latch <eth_dest_mac_reg_25> has a constant value of 0 in block <udp_checksum_gen>. This FF/Latch will be trimmed during the optimization process.
WARNING:Xst:1896 - Due to other FF/Latch trimming, FF/Latch <eth_dest_mac_reg_26> has a constant value of 0 in block <udp_checksum_gen>. This FF/Latch will be trimmed during the optimization process.
WARNING:Xst:1896 - Due to other FF/Latch trimming, FF/Latch <eth_dest_mac_reg_27> has a constant value of 0 in block <udp_checksum_gen>. This FF/Latch will be trimmed during the optimization process.
WARNING:Xst:1896 - Due to other FF/Latch trimming, FF/Latch <eth_dest_mac_reg_28> has a constant value of 0 in block <udp_checksum_gen>. This FF/Latch will be trimmed during the optimization process.
WARNING:Xst:1896 - Due to other FF/Latch trimming, FF/Latch <eth_dest_mac_reg_29> has a constant value of 0 in block <udp_checksum_gen>. This FF/Latch will be trimmed during the optimization process.
WARNING:Xst:1896 - Due to other FF/Latch trimming, FF/Latch <eth_dest_mac_reg_30> has a constant value of 0 in block <udp_checksum_gen>. This FF/Latch will be trimmed during the optimization process.
WARNING:Xst:1896 - Due to other FF/Latch trimming, FF/Latch <eth_dest_mac_reg_31> has a constant value of 0 in block <udp_checksum_gen>. This FF/Latch will be trimmed during the optimization process.
WARNING:Xst:1896 - Due to other FF/Latch trimming, FF/Latch <eth_dest_mac_reg_32> has a constant value of 0 in block <udp_checksum_gen>. This FF/Latch will be trimmed during the optimization process.
WARNING:Xst:1896 - Due to other FF/Latch trimming, FF/Latch <eth_dest_mac_reg_33> has a constant value of 0 in block <udp_checksum_gen>. This FF/Latch will be trimmed during the optimization process.
WARNING:Xst:1896 - Due to other FF/Latch trimming, FF/Latch <eth_dest_mac_reg_34> has a constant value of 0 in block <udp_checksum_gen>. This FF/Latch will be trimmed during the optimization process.
WARNING:Xst:1896 - Due to other FF/Latch trimming, FF/Latch <eth_dest_mac_reg_35> has a constant value of 0 in block <udp_checksum_gen>. This FF/Latch will be trimmed during the optimization process.
WARNING:Xst:1896 - Due to other FF/Latch trimming, FF/Latch <eth_dest_mac_reg_36> has a constant value of 0 in block <udp_checksum_gen>. This FF/Latch will be trimmed during the optimization process.
WARNING:Xst:1896 - Due to other FF/Latch trimming, FF/Latch <eth_dest_mac_reg_37> has a constant value of 0 in block <udp_checksum_gen>. This FF/Latch will be trimmed during the optimization process.
WARNING:Xst:1896 - Due to other FF/Latch trimming, FF/Latch <eth_dest_mac_reg_38> has a constant value of 0 in block <udp_checksum_gen>. This FF/Latch will be trimmed during the optimization process.
WARNING:Xst:1896 - Due to other FF/Latch trimming, FF/Latch <eth_dest_mac_reg_39> has a constant value of 0 in block <udp_checksum_gen>. This FF/Latch will be trimmed during the optimization process.
WARNING:Xst:1896 - Due to other FF/Latch trimming, FF/Latch <eth_dest_mac_reg_40> has a constant value of 0 in block <udp_checksum_gen>. This FF/Latch will be trimmed during the optimization process.
WARNING:Xst:1896 - Due to other FF/Latch trimming, FF/Latch <eth_dest_mac_reg_41> has a constant value of 0 in block <udp_checksum_gen>. This FF/Latch will be trimmed during the optimization process.
WARNING:Xst:1896 - Due to other FF/Latch trimming, FF/Latch <eth_dest_mac_reg_42> has a constant value of 0 in block <udp_checksum_gen>. This FF/Latch will be trimmed during the optimization process.
WARNING:Xst:1896 - Due to other FF/Latch trimming, FF/Latch <eth_dest_mac_reg_43> has a constant value of 0 in block <udp_checksum_gen>. This FF/Latch will be trimmed during the optimization process.
WARNING:Xst:1896 - Due to other FF/Latch trimming, FF/Latch <eth_src_mac_reg_46> has a constant value of 0 in block <udp_checksum_gen>. This FF/Latch will be trimmed during the optimization process.
WARNING:Xst:1896 - Due to other FF/Latch trimming, FF/Latch <eth_src_mac_reg_47> has a constant value of 0 in block <udp_checksum_gen>. This FF/Latch will be trimmed during the optimization process.
WARNING:Xst:1896 - Due to other FF/Latch trimming, FF/Latch <eth_dest_mac_reg_0> has a constant value of 0 in block <udp_checksum_gen>. This FF/Latch will be trimmed during the optimization process.
WARNING:Xst:1896 - Due to other FF/Latch trimming, FF/Latch <eth_dest_mac_reg_1> has a constant value of 0 in block <udp_checksum_gen>. This FF/Latch will be trimmed during the optimization process.
WARNING:Xst:1896 - Due to other FF/Latch trimming, FF/Latch <eth_dest_mac_reg_2> has a constant value of 0 in block <udp_checksum_gen>. This FF/Latch will be trimmed during the optimization process.
WARNING:Xst:1896 - Due to other FF/Latch trimming, FF/Latch <eth_dest_mac_reg_3> has a constant value of 0 in block <udp_checksum_gen>. This FF/Latch will be trimmed during the optimization process.
WARNING:Xst:1896 - Due to other FF/Latch trimming, FF/Latch <eth_dest_mac_reg_4> has a constant value of 0 in block <udp_checksum_gen>. This FF/Latch will be trimmed during the optimization process.
WARNING:Xst:1896 - Due to other FF/Latch trimming, FF/Latch <eth_dest_mac_reg_5> has a constant value of 0 in block <udp_checksum_gen>. This FF/Latch will be trimmed during the optimization process.
WARNING:Xst:1896 - Due to other FF/Latch trimming, FF/Latch <eth_dest_mac_reg_6> has a constant value of 0 in block <udp_checksum_gen>. This FF/Latch will be trimmed during the optimization process.
WARNING:Xst:1896 - Due to other FF/Latch trimming, FF/Latch <eth_dest_mac_reg_7> has a constant value of 0 in block <udp_checksum_gen>. This FF/Latch will be trimmed during the optimization process.
WARNING:Xst:1896 - Due to other FF/Latch trimming, FF/Latch <eth_dest_mac_reg_8> has a constant value of 0 in block <udp_checksum_gen>. This FF/Latch will be trimmed during the optimization process.
WARNING:Xst:1896 - Due to other FF/Latch trimming, FF/Latch <eth_dest_mac_reg_9> has a constant value of 0 in block <udp_checksum_gen>. This FF/Latch will be trimmed during the optimization process.
WARNING:Xst:1896 - Due to other FF/Latch trimming, FF/Latch <eth_dest_mac_reg_10> has a constant value of 0 in block <udp_checksum_gen>. This FF/Latch will be trimmed during the optimization process.
WARNING:Xst:1896 - Due to other FF/Latch trimming, FF/Latch <eth_dest_mac_reg_11> has a constant value of 0 in block <udp_checksum_gen>. This FF/Latch will be trimmed during the optimization process.
WARNING:Xst:1896 - Due to other FF/Latch trimming, FF/Latch <eth_dest_mac_reg_12> has a constant value of 0 in block <udp_checksum_gen>. This FF/Latch will be trimmed during the optimization process.
WARNING:Xst:1896 - Due to other FF/Latch trimming, FF/Latch <eth_dest_mac_reg_13> has a constant value of 0 in block <udp_checksum_gen>. This FF/Latch will be trimmed during the optimization process.
WARNING:Xst:1896 - Due to other FF/Latch trimming, FF/Latch <eth_dest_mac_reg_14> has a constant value of 0 in block <udp_checksum_gen>. This FF/Latch will be trimmed during the optimization process.
WARNING:Xst:1896 - Due to other FF/Latch trimming, FF/Latch <eth_dest_mac_reg_15> has a constant value of 0 in block <udp_checksum_gen>. This FF/Latch will be trimmed during the optimization process.
WARNING:Xst:1896 - Due to other FF/Latch trimming, FF/Latch <eth_dest_mac_reg_16> has a constant value of 0 in block <udp_checksum_gen>. This FF/Latch will be trimmed during the optimization process.
WARNING:Xst:1896 - Due to other FF/Latch trimming, FF/Latch <eth_dest_mac_reg_17> has a constant value of 0 in block <udp_checksum_gen>. This FF/Latch will be trimmed during the optimization process.
WARNING:Xst:1896 - Due to other FF/Latch trimming, FF/Latch <eth_dest_mac_reg_18> has a constant value of 0 in block <udp_checksum_gen>. This FF/Latch will be trimmed during the optimization process.
WARNING:Xst:1896 - Due to other FF/Latch trimming, FF/Latch <eth_dest_mac_reg_19> has a constant value of 0 in block <udp_checksum_gen>. This FF/Latch will be trimmed during the optimization process.
WARNING:Xst:1896 - Due to other FF/Latch trimming, FF/Latch <eth_dest_mac_reg_20> has a constant value of 0 in block <udp_checksum_gen>. This FF/Latch will be trimmed during the optimization process.
WARNING:Xst:1293 - FF/Latch <mark_frame_reg> has a constant value of 0 in block <axis_fifo_1>. This FF/Latch will be trimmed during the optimization process.
WARNING:Xst:1426 - The value init of the FF/Latch m_ip_protocol_reg_4 hinder the constant cleaning in the block udp_ip_tx.
   You should achieve better results by setting this init to 1.
WARNING:Xst:1426 - The value init of the FF/Latch m_ip_protocol_reg_0 hinder the constant cleaning in the block udp_ip_tx.
   You should achieve better results by setting this init to 1.
WARNING:Xst:1293 - FF/Latch <m_ip_protocol_reg_1> has a constant value of 0 in block <udp_ip_tx>. This FF/Latch will be trimmed during the optimization process.
WARNING:Xst:1896 - Due to other FF/Latch trimming, FF/Latch <m_ip_protocol_reg_2> has a constant value of 0 in block <udp_ip_tx>. This FF/Latch will be trimmed during the optimization process.
WARNING:Xst:1896 - Due to other FF/Latch trimming, FF/Latch <m_ip_protocol_reg_3> has a constant value of 0 in block <udp_ip_tx>. This FF/Latch will be trimmed during the optimization process.
WARNING:Xst:1896 - Due to other FF/Latch trimming, FF/Latch <m_ip_protocol_reg_5> has a constant value of 0 in block <udp_ip_tx>. This FF/Latch will be trimmed during the optimization process.
WARNING:Xst:1896 - Due to other FF/Latch trimming, FF/Latch <m_ip_protocol_reg_6> has a constant value of 0 in block <udp_ip_tx>. This FF/Latch will be trimmed during the optimization process.
WARNING:Xst:1896 - Due to other FF/Latch trimming, FF/Latch <m_ip_protocol_reg_7> has a constant value of 0 in block <udp_ip_tx>. This FF/Latch will be trimmed during the optimization process.
WARNING:Xst:1293 - FF/Latch <mark_frame_reg> has a constant value of 0 in block <axis_fifo_2>. This FF/Latch will be trimmed during the optimization process.
INFO:Xst:2261 - The FF/Latch <full_registro_0> in Unit <fpga_core> is equivalent to the following 64 FFs/Latches, which will be removed : <full_registro_1> <full_registro_2> <full_registro_3> <full_registro_4> <full_registro_5> <full_registro_6> <full_registro_7> <full_registro_9> <full_registro_10> <full_registro_11> <full_registro_13> <full_registro_14> <full_registro_15> <full_registro_16> <full_registro_17> <full_registro_18> <full_registro_19> <full_registro_20> <full_registro_21> <full_registro_22> <full_registro_23> <full_registro_25> <full_registro_26> <full_registro_27> <full_registro_29> <full_registro_30> <full_registro_31> <full_registro_196> <full_registro_197> <full_registro_201> <full_registro_203> <full_registro_204> <full_registro_205> <full_registro_208> <full_registro_213> <full_registro_214> <full_registro_216> <full_registro_217> <full_registro_218> <full_registro_221> <full_registro_222> <full_registro_228> <full_registro_229> <full_registro_230> <full_registro_233> <full_registro_234>
   <full_registro_237> <full_registro_238> <full_registro_888> <full_registro_890> <full_registro_892> <full_registro_894> <full_registro_897> <full_registro_899> <full_registro_901> <full_registro_903> <full_registro_904> <full_registro_906> <full_registro_908> <full_registro_910> <full_registro_913> <full_registro_915> <full_registro_917> <full_registro_919> 
INFO:Xst:2261 - The FF/Latch <ip_flags_reg_1> in Unit <ip_eth_tx> is equivalent to the following 22 FFs/Latches, which will be removed : <m_eth_src_mac_reg_4> <m_eth_src_mac_reg_5> <m_eth_src_mac_reg_9> <m_eth_src_mac_reg_11> <m_eth_src_mac_reg_12> <m_eth_src_mac_reg_13> <m_eth_src_mac_reg_16> <m_eth_src_mac_reg_21> <m_eth_src_mac_reg_22> <m_eth_src_mac_reg_24> <m_eth_src_mac_reg_25> <m_eth_src_mac_reg_26> <m_eth_src_mac_reg_29> <m_eth_src_mac_reg_30> <m_eth_src_mac_reg_36> <m_eth_src_mac_reg_37> <m_eth_src_mac_reg_38> <m_eth_src_mac_reg_41> <m_eth_src_mac_reg_42> <m_eth_src_mac_reg_45> <m_eth_src_mac_reg_46> <m_eth_type_reg_11> 
INFO:Xst:2261 - The FF/Latch <m_eth_type_reg_1> in Unit <arp_eth_rx> is equivalent to the following 2 FFs/Latches, which will be removed : <m_eth_type_reg_2> <m_eth_type_reg_11> 
INFO:Xst:2261 - The FF/Latch <m_eth_src_mac_reg_4> in Unit <arp_eth_tx> is equivalent to the following 46 FFs/Latches, which will be removed : <m_eth_src_mac_reg_5> <m_eth_src_mac_reg_9> <m_eth_src_mac_reg_11> <m_eth_src_mac_reg_12> <m_eth_src_mac_reg_13> <m_eth_src_mac_reg_16> <m_eth_src_mac_reg_21> <m_eth_src_mac_reg_22> <m_eth_src_mac_reg_24> <m_eth_src_mac_reg_25> <m_eth_src_mac_reg_26> <m_eth_src_mac_reg_29> <m_eth_src_mac_reg_30> <m_eth_src_mac_reg_36> <m_eth_src_mac_reg_37> <m_eth_src_mac_reg_38> <m_eth_src_mac_reg_41> <m_eth_src_mac_reg_42> <m_eth_src_mac_reg_45> <m_eth_src_mac_reg_46> <arp_ptype_reg_11> <m_eth_type_reg_1> <m_eth_type_reg_2> <m_eth_type_reg_11> <arp_htype_reg_0> <arp_sha_reg_4> <arp_sha_reg_5> <arp_sha_reg_9> <arp_sha_reg_11> <arp_sha_reg_12> <arp_sha_reg_13> <arp_sha_reg_16> <arp_sha_reg_21> <arp_sha_reg_22> <arp_sha_reg_24> <arp_sha_reg_25> <arp_sha_reg_26> <arp_sha_reg_29> <arp_sha_reg_30> <arp_sha_reg_36> <arp_sha_reg_37> <arp_sha_reg_38> <arp_sha_reg_41> <arp_sha_reg_42>
   <arp_sha_reg_45> <arp_sha_reg_46> 
INFO:Xst:2261 - The FF/Latch <m_ip_protocol_reg_0> in Unit <udp_ip_rx> is equivalent to the following FF/Latch, which will be removed : <m_ip_protocol_reg_4> 
INFO:Xst:2261 - The FF/Latch <m_ip_protocol_reg_0> in Unit <udp_ip_tx> is equivalent to the following FF/Latch, which will be removed : <m_ip_protocol_reg_4> 
INFO:Xst:2261 - The FF/Latch <m_eth_dest_mac_reg_11> in Unit <ip_arb_mux> is equivalent to the following FF/Latch, which will be removed : <m_eth_src_mac_reg_11> 
INFO:Xst:2261 - The FF/Latch <m_eth_dest_mac_reg_16> in Unit <ip_arb_mux> is equivalent to the following FF/Latch, which will be removed : <m_eth_src_mac_reg_16> 
INFO:Xst:2261 - The FF/Latch <m_eth_dest_mac_reg_17> in Unit <ip_arb_mux> is equivalent to the following FF/Latch, which will be removed : <m_eth_src_mac_reg_17> 
INFO:Xst:2261 - The FF/Latch <m_eth_dest_mac_reg_22> in Unit <ip_arb_mux> is equivalent to the following FF/Latch, which will be removed : <m_eth_src_mac_reg_22> 
INFO:Xst:2261 - The FF/Latch <m_eth_dest_mac_reg_18> in Unit <ip_arb_mux> is equivalent to the following FF/Latch, which will be removed : <m_eth_src_mac_reg_18> 
INFO:Xst:2261 - The FF/Latch <m_eth_dest_mac_reg_23> in Unit <ip_arb_mux> is equivalent to the following FF/Latch, which will be removed : <m_eth_src_mac_reg_23> 
INFO:Xst:2261 - The FF/Latch <m_eth_dest_mac_reg_19> in Unit <ip_arb_mux> is equivalent to the following FF/Latch, which will be removed : <m_eth_src_mac_reg_19> 
INFO:Xst:2261 - The FF/Latch <m_eth_dest_mac_reg_24> in Unit <ip_arb_mux> is equivalent to the following FF/Latch, which will be removed : <m_eth_src_mac_reg_24> 
INFO:Xst:2261 - The FF/Latch <m_eth_dest_mac_reg_20> in Unit <ip_arb_mux> is equivalent to the following FF/Latch, which will be removed : <m_eth_src_mac_reg_20> 
INFO:Xst:2261 - The FF/Latch <m_eth_dest_mac_reg_25> in Unit <ip_arb_mux> is equivalent to the following FF/Latch, which will be removed : <m_eth_src_mac_reg_25> 
INFO:Xst:2261 - The FF/Latch <m_eth_dest_mac_reg_21> in Unit <ip_arb_mux> is equivalent to the following FF/Latch, which will be removed : <m_eth_src_mac_reg_21> 
INFO:Xst:2261 - The FF/Latch <m_eth_dest_mac_reg_26> in Unit <ip_arb_mux> is equivalent to the following FF/Latch, which will be removed : <m_eth_src_mac_reg_26> 
INFO:Xst:2261 - The FF/Latch <m_eth_dest_mac_reg_27> in Unit <ip_arb_mux> is equivalent to the following FF/Latch, which will be removed : <m_eth_src_mac_reg_27> 
INFO:Xst:2261 - The FF/Latch <m_eth_dest_mac_reg_32> in Unit <ip_arb_mux> is equivalent to the following FF/Latch, which will be removed : <m_eth_src_mac_reg_32> 
INFO:Xst:2261 - The FF/Latch <m_eth_dest_mac_reg_28> in Unit <ip_arb_mux> is equivalent to the following FF/Latch, which will be removed : <m_eth_src_mac_reg_28> 
INFO:Xst:2261 - The FF/Latch <m_eth_dest_mac_reg_33> in Unit <ip_arb_mux> is equivalent to the following FF/Latch, which will be removed : <m_eth_src_mac_reg_33> 
INFO:Xst:2261 - The FF/Latch <m_eth_dest_mac_reg_29> in Unit <ip_arb_mux> is equivalent to the following FF/Latch, which will be removed : <m_eth_src_mac_reg_29> 
INFO:Xst:2261 - The FF/Latch <m_eth_dest_mac_reg_34> in Unit <ip_arb_mux> is equivalent to the following FF/Latch, which will be removed : <m_eth_src_mac_reg_34> 
INFO:Xst:2261 - The FF/Latch <m_eth_dest_mac_reg_30> in Unit <ip_arb_mux> is equivalent to the following FF/Latch, which will be removed : <m_eth_src_mac_reg_30> 
INFO:Xst:2261 - The FF/Latch <m_eth_dest_mac_reg_35> in Unit <ip_arb_mux> is equivalent to the following FF/Latch, which will be removed : <m_eth_src_mac_reg_35> 
INFO:Xst:2261 - The FF/Latch <m_eth_dest_mac_reg_31> in Unit <ip_arb_mux> is equivalent to the following FF/Latch, which will be removed : <m_eth_src_mac_reg_31> 
INFO:Xst:2261 - The FF/Latch <m_eth_dest_mac_reg_36> in Unit <ip_arb_mux> is equivalent to the following FF/Latch, which will be removed : <m_eth_src_mac_reg_36> 
INFO:Xst:2261 - The FF/Latch <m_eth_dest_mac_reg_37> in Unit <ip_arb_mux> is equivalent to the following FF/Latch, which will be removed : <m_eth_src_mac_reg_37> 
INFO:Xst:2261 - The FF/Latch <m_eth_dest_mac_reg_42> in Unit <ip_arb_mux> is equivalent to the following FF/Latch, which will be removed : <m_eth_src_mac_reg_42> 
INFO:Xst:2261 - The FF/Latch <m_eth_dest_mac_reg_38> in Unit <ip_arb_mux> is equivalent to the following FF/Latch, which will be removed : <m_eth_src_mac_reg_38> 
INFO:Xst:2261 - The FF/Latch <m_eth_dest_mac_reg_43> in Unit <ip_arb_mux> is equivalent to the following FF/Latch, which will be removed : <m_eth_src_mac_reg_43> 
INFO:Xst:2261 - The FF/Latch <m_eth_dest_mac_reg_39> in Unit <ip_arb_mux> is equivalent to the following FF/Latch, which will be removed : <m_eth_src_mac_reg_39> 
INFO:Xst:2261 - The FF/Latch <m_eth_dest_mac_reg_44> in Unit <ip_arb_mux> is equivalent to the following FF/Latch, which will be removed : <m_eth_src_mac_reg_44> 
INFO:Xst:2261 - The FF/Latch <m_eth_dest_mac_reg_40> in Unit <ip_arb_mux> is equivalent to the following FF/Latch, which will be removed : <m_eth_src_mac_reg_40> 
INFO:Xst:2261 - The FF/Latch <m_eth_dest_mac_reg_45> in Unit <ip_arb_mux> is equivalent to the following FF/Latch, which will be removed : <m_eth_src_mac_reg_45> 
INFO:Xst:2261 - The FF/Latch <m_eth_dest_mac_reg_41> in Unit <ip_arb_mux> is equivalent to the following FF/Latch, which will be removed : <m_eth_src_mac_reg_41> 
INFO:Xst:2261 - The FF/Latch <m_eth_dest_mac_reg_46> in Unit <ip_arb_mux> is equivalent to the following FF/Latch, which will be removed : <m_eth_src_mac_reg_46> 
INFO:Xst:2261 - The FF/Latch <m_eth_dest_mac_reg_47> in Unit <ip_arb_mux> is equivalent to the following FF/Latch, which will be removed : <m_eth_src_mac_reg_47> 
INFO:Xst:2261 - The FF/Latch <m_ip_version_reg_0> in Unit <ip_arb_mux> is equivalent to the following FF/Latch, which will be removed : <m_ip_ihl_reg_0> 
INFO:Xst:2261 - The FF/Latch <m_ip_version_reg_1> in Unit <ip_arb_mux> is equivalent to the following FF/Latch, which will be removed : <m_ip_ihl_reg_1> 
INFO:Xst:2261 - The FF/Latch <m_ip_version_reg_2> in Unit <ip_arb_mux> is equivalent to the following FF/Latch, which will be removed : <m_ip_ihl_reg_2> 
INFO:Xst:2261 - The FF/Latch <m_ip_version_reg_3> in Unit <ip_arb_mux> is equivalent to the following FF/Latch, which will be removed : <m_ip_ihl_reg_3> 
INFO:Xst:2261 - The FF/Latch <m_eth_type_reg_4> in Unit <ip_arb_mux> is equivalent to the following 2 FFs/Latches, which will be removed : <m_ip_identification_reg_4> <m_ip_header_checksum_reg_4> 
INFO:Xst:2261 - The FF/Latch <m_eth_type_reg_0> in Unit <ip_arb_mux> is equivalent to the following 2 FFs/Latches, which will be removed : <m_ip_identification_reg_0> <m_ip_header_checksum_reg_0> 
INFO:Xst:2261 - The FF/Latch <m_eth_type_reg_5> in Unit <ip_arb_mux> is equivalent to the following 2 FFs/Latches, which will be removed : <m_ip_identification_reg_5> <m_ip_header_checksum_reg_5> 
INFO:Xst:2261 - The FF/Latch <m_eth_type_reg_1> in Unit <ip_arb_mux> is equivalent to the following 2 FFs/Latches, which will be removed : <m_ip_identification_reg_1> <m_ip_header_checksum_reg_1> 
INFO:Xst:2261 - The FF/Latch <m_eth_type_reg_6> in Unit <ip_arb_mux> is equivalent to the following 2 FFs/Latches, which will be removed : <m_ip_identification_reg_6> <m_ip_header_checksum_reg_6> 
INFO:Xst:2261 - The FF/Latch <m_eth_type_reg_2> in Unit <ip_arb_mux> is equivalent to the following 2 FFs/Latches, which will be removed : <m_ip_identification_reg_2> <m_ip_header_checksum_reg_2> 
INFO:Xst:2261 - The FF/Latch <m_eth_type_reg_7> in Unit <ip_arb_mux> is equivalent to the following 2 FFs/Latches, which will be removed : <m_ip_identification_reg_7> <m_ip_header_checksum_reg_7> 
INFO:Xst:2261 - The FF/Latch <m_eth_type_reg_3> in Unit <ip_arb_mux> is equivalent to the following 2 FFs/Latches, which will be removed : <m_ip_identification_reg_3> <m_ip_header_checksum_reg_3> 
INFO:Xst:2261 - The FF/Latch <m_eth_dest_mac_reg_2> in Unit <ip_arb_mux> is equivalent to the following FF/Latch, which will be removed : <m_eth_src_mac_reg_2> 
INFO:Xst:2261 - The FF/Latch <m_eth_type_reg_8> in Unit <ip_arb_mux> is equivalent to the following 2 FFs/Latches, which will be removed : <m_ip_identification_reg_8> <m_ip_header_checksum_reg_8> 
INFO:Xst:2261 - The FF/Latch <m_eth_type_reg_9> in Unit <ip_arb_mux> is equivalent to the following 2 FFs/Latches, which will be removed : <m_ip_identification_reg_9> <m_ip_header_checksum_reg_9> 
INFO:Xst:2261 - The FF/Latch <m_eth_dest_mac_reg_3> in Unit <ip_arb_mux> is equivalent to the following FF/Latch, which will be removed : <m_eth_src_mac_reg_3> 
INFO:Xst:2261 - The FF/Latch <m_eth_type_reg_14> in Unit <ip_arb_mux> is equivalent to the following 2 FFs/Latches, which will be removed : <m_ip_identification_reg_14> <m_ip_header_checksum_reg_14> 
INFO:Xst:2261 - The FF/Latch <m_eth_type_reg_10> in Unit <ip_arb_mux> is equivalent to the following 2 FFs/Latches, which will be removed : <m_ip_identification_reg_10> <m_ip_header_checksum_reg_10> 
INFO:Xst:2261 - The FF/Latch <m_eth_dest_mac_reg_4> in Unit <ip_arb_mux> is equivalent to the following FF/Latch, which will be removed : <m_eth_src_mac_reg_4> 
INFO:Xst:2261 - The FF/Latch <m_eth_type_reg_15> in Unit <ip_arb_mux> is equivalent to the following 2 FFs/Latches, which will be removed : <m_ip_identification_reg_15> <m_ip_header_checksum_reg_15> 
INFO:Xst:2261 - The FF/Latch <m_eth_type_reg_11> in Unit <ip_arb_mux> is equivalent to the following 2 FFs/Latches, which will be removed : <m_ip_identification_reg_11> <m_ip_header_checksum_reg_11> 
INFO:Xst:2261 - The FF/Latch <m_eth_dest_mac_reg_5> in Unit <ip_arb_mux> is equivalent to the following FF/Latch, which will be removed : <m_eth_src_mac_reg_5> 
INFO:Xst:2261 - The FF/Latch <m_eth_dest_mac_reg_0> in Unit <ip_arb_mux> is equivalent to the following FF/Latch, which will be removed : <m_eth_src_mac_reg_0> 
INFO:Xst:2261 - The FF/Latch <m_eth_type_reg_12> in Unit <ip_arb_mux> is equivalent to the following 2 FFs/Latches, which will be removed : <m_ip_identification_reg_12> <m_ip_header_checksum_reg_12> 
INFO:Xst:2261 - The FF/Latch <m_eth_dest_mac_reg_6> in Unit <ip_arb_mux> is equivalent to the following FF/Latch, which will be removed : <m_eth_src_mac_reg_6> 
INFO:Xst:2261 - The FF/Latch <m_eth_dest_mac_reg_1> in Unit <ip_arb_mux> is equivalent to the following FF/Latch, which will be removed : <m_eth_src_mac_reg_1> 
INFO:Xst:2261 - The FF/Latch <m_eth_type_reg_13> in Unit <ip_arb_mux> is equivalent to the following 2 FFs/Latches, which will be removed : <m_ip_identification_reg_13> <m_ip_header_checksum_reg_13> 
INFO:Xst:2261 - The FF/Latch <m_eth_dest_mac_reg_12> in Unit <ip_arb_mux> is equivalent to the following FF/Latch, which will be removed : <m_eth_src_mac_reg_12> 
INFO:Xst:2261 - The FF/Latch <m_eth_dest_mac_reg_7> in Unit <ip_arb_mux> is equivalent to the following FF/Latch, which will be removed : <m_eth_src_mac_reg_7> 
INFO:Xst:2261 - The FF/Latch <m_eth_dest_mac_reg_8> in Unit <ip_arb_mux> is equivalent to the following FF/Latch, which will be removed : <m_eth_src_mac_reg_8> 
INFO:Xst:2261 - The FF/Latch <m_eth_dest_mac_reg_13> in Unit <ip_arb_mux> is equivalent to the following FF/Latch, which will be removed : <m_eth_src_mac_reg_13> 
INFO:Xst:2261 - The FF/Latch <m_eth_dest_mac_reg_9> in Unit <ip_arb_mux> is equivalent to the following FF/Latch, which will be removed : <m_eth_src_mac_reg_9> 
INFO:Xst:2261 - The FF/Latch <m_eth_dest_mac_reg_14> in Unit <ip_arb_mux> is equivalent to the following FF/Latch, which will be removed : <m_eth_src_mac_reg_14> 
INFO:Xst:2261 - The FF/Latch <m_eth_dest_mac_reg_10> in Unit <ip_arb_mux> is equivalent to the following FF/Latch, which will be removed : <m_eth_src_mac_reg_10> 
INFO:Xst:2261 - The FF/Latch <m_eth_dest_mac_reg_15> in Unit <ip_arb_mux> is equivalent to the following FF/Latch, which will be removed : <m_eth_src_mac_reg_15> 
Analyzing FSM <MFsm> for best encoding.
Optimizing FSM <core_inst/FSM_1> on signal <state_uart[1:2]> with user encoding.
-------------------
 State | Encoding
-------------------
 00    | 00
 01    | 01
 10    | 10
-------------------
Analyzing FSM <MFsm> for best encoding.
Optimizing FSM <core_inst/FSM_2> on signal <state_uart_tx[1:3]> with user encoding.
-------------------
 State | Encoding
-------------------
 000   | 000
 100   | 100
 001   | 001
 010   | 010
 011   | 011
 101   | 101
 110   | 110
-------------------
Analyzing FSM <MFsm> for best encoding.
Optimizing FSM <core_inst/FSM_0> on signal <state[1:2]> with sequential encoding.
-------------------
 State | Encoding
-------------------
 000   | 00
 001   | 01
 010   | 10
 011   | 11
-------------------
Analyzing FSM <MFsm> for best encoding.
Optimizing FSM <core_inst/eth_mac_inst/eth_mac_1g_rgmii_inst/eth_mac_1g_inst/axis_gmii_tx_inst/FSM_4> on signal <state_reg[1:3]> with user encoding.
-------------------
 State | Encoding
-------------------
 000   | 000
 001   | 001
 010   | 010
 011   | 011
 101   | 101
 100   | 100
 110   | 110
-------------------
Analyzing FSM <MFsm> for best encoding.
Optimizing FSM <core_inst/eth_mac_inst/eth_mac_1g_rgmii_inst/eth_mac_1g_inst/axis_gmii_rx_inst/FSM_3> on signal <state_reg[1:2]> with sequential encoding.
-------------------
 State | Encoding
-------------------
 000   | 00
 001   | 01
 010   | 10
-------------------
Analyzing FSM <MFsm> for best encoding.
Optimizing FSM <core_inst/udp_complete_inst/ip_complete_inst/ip_inst/FSM_5> on signal <state_reg[1:2]> with user encoding.
-------------------
 State | Encoding
-------------------
 00    | 00
 01    | 01
 10    | 10
-------------------
Analyzing FSM <MFsm> for best encoding.
Optimizing FSM <core_inst/udp_complete_inst/ip_complete_inst/ip_inst/ip_eth_rx_inst/FSM_6> on signal <state_reg[1:3]> with user encoding.
-------------------
 State | Encoding
-------------------
 000   | 000
 001   | 001
 010   | 010
 100   | 100
 011   | 011
-------------------
Analyzing FSM <MFsm> for best encoding.
Optimizing FSM <core_inst/udp_complete_inst/ip_complete_inst/ip_inst/ip_eth_tx_inst/FSM_7> on signal <state_reg[1:2]> with gray encoding.
-------------------
 State | Encoding
-------------------
 000   | 00
 001   | 01
 010   | 11
 011   | 10
 100   | unreached
-------------------
Analyzing FSM <MFsm> for best encoding.
Optimizing FSM <core_inst/udp_complete_inst/udp_inst/udp_ip_rx_inst/FSM_8> on signal <state_reg[1:2]> with gray encoding.
-------------------
 State | Encoding
-------------------
 000   | 00
 001   | 01
 010   | 11
 011   | 10
 100   | unreached
-------------------
Analyzing FSM <MFsm> for best encoding.
Optimizing FSM <core_inst/udp_complete_inst/udp_inst/udp_checksum_gen_inst/FSM_9> on signal <state_reg[1:3]> with user encoding.
-------------------
 State | Encoding
-------------------
 000   | 000
 001   | 001
 010   | 010
 011   | 011
 100   | 100
 101   | 101
-------------------
Analyzing FSM <MFsm> for best encoding.
Optimizing FSM <core_inst/udp_complete_inst/udp_inst/udp_ip_tx_inst/FSM_10> on signal <state_reg[1:2]> with gray encoding.
-------------------
 State | Encoding
-------------------
 000   | 00
 001   | 01
 010   | 11
 011   | 10
 100   | unreached
-------------------
Analyzing FSM <MFsm> for best encoding.
Optimizing FSM <core_inst/mdio_controller_inst/FSM_11> on signal <current_state[1:4]> with user encoding.
-------------------
 State | Encoding
-------------------
 0000  | 0000
 0001  | 0001
 0010  | 0010
 0011  | 0011
 0100  | 0100
 0101  | 0101
 0110  | 0110
 0111  | 0111
 1000  | 1000
-------------------
WARNING:Xst:1293 - FF/Latch <m_eth_dest_mac_reg_42> has a constant value of 0 in block <ip_arb_mux>. This FF/Latch will be trimmed during the optimization process.
WARNING:Xst:1896 - Due to other FF/Latch trimming, FF/Latch <m_eth_dest_mac_reg_41> has a constant value of 0 in block <ip_arb_mux>. This FF/Latch will be trimmed during the optimization process.
WARNING:Xst:1896 - Due to other FF/Latch trimming, FF/Latch <m_eth_dest_mac_reg_40> has a constant value of 0 in block <ip_arb_mux>. This FF/Latch will be trimmed during the optimization process.
WARNING:Xst:1896 - Due to other FF/Latch trimming, FF/Latch <m_eth_dest_mac_reg_39> has a constant value of 0 in block <ip_arb_mux>. This FF/Latch will be trimmed during the optimization process.
WARNING:Xst:1896 - Due to other FF/Latch trimming, FF/Latch <m_eth_dest_mac_reg_38> has a constant value of 0 in block <ip_arb_mux>. This FF/Latch will be trimmed during the optimization process.
WARNING:Xst:1896 - Due to other FF/Latch trimming, FF/Latch <m_eth_dest_mac_reg_37> has a constant value of 0 in block <ip_arb_mux>. This FF/Latch will be trimmed during the optimization process.
WARNING:Xst:1896 - Due to other FF/Latch trimming, FF/Latch <m_eth_dest_mac_reg_36> has a constant value of 0 in block <ip_arb_mux>. This FF/Latch will be trimmed during the optimization process.
WARNING:Xst:1896 - Due to other FF/Latch trimming, FF/Latch <m_eth_dest_mac_reg_35> has a constant value of 0 in block <ip_arb_mux>. This FF/Latch will be trimmed during the optimization process.
WARNING:Xst:1896 - Due to other FF/Latch trimming, FF/Latch <m_eth_dest_mac_reg_34> has a constant value of 0 in block <ip_arb_mux>. This FF/Latch will be trimmed during the optimization process.
WARNING:Xst:1896 - Due to other FF/Latch trimming, FF/Latch <m_eth_dest_mac_reg_33> has a constant value of 0 in block <ip_arb_mux>. This FF/Latch will be trimmed during the optimization process.
WARNING:Xst:1896 - Due to other FF/Latch trimming, FF/Latch <m_eth_dest_mac_reg_32> has a constant value of 0 in block <ip_arb_mux>. This FF/Latch will be trimmed during the optimization process.
WARNING:Xst:1896 - Due to other FF/Latch trimming, FF/Latch <m_eth_dest_mac_reg_31> has a constant value of 0 in block <ip_arb_mux>. This FF/Latch will be trimmed during the optimization process.
WARNING:Xst:1896 - Due to other FF/Latch trimming, FF/Latch <m_eth_dest_mac_reg_30> has a constant value of 0 in block <ip_arb_mux>. This FF/Latch will be trimmed during the optimization process.
WARNING:Xst:1896 - Due to other FF/Latch trimming, FF/Latch <m_eth_dest_mac_reg_29> has a constant value of 0 in block <ip_arb_mux>. This FF/Latch will be trimmed during the optimization process.
WARNING:Xst:1896 - Due to other FF/Latch trimming, FF/Latch <m_eth_dest_mac_reg_28> has a constant value of 0 in block <ip_arb_mux>. This FF/Latch will be trimmed during the optimization process.
WARNING:Xst:1896 - Due to other FF/Latch trimming, FF/Latch <m_eth_dest_mac_reg_27> has a constant value of 0 in block <ip_arb_mux>. This FF/Latch will be trimmed during the optimization process.
WARNING:Xst:1896 - Due to other FF/Latch trimming, FF/Latch <m_eth_dest_mac_reg_26> has a constant value of 0 in block <ip_arb_mux>. This FF/Latch will be trimmed during the optimization process.
WARNING:Xst:1896 - Due to other FF/Latch trimming, FF/Latch <m_eth_dest_mac_reg_25> has a constant value of 0 in block <ip_arb_mux>. This FF/Latch will be trimmed during the optimization process.
WARNING:Xst:1896 - Due to other FF/Latch trimming, FF/Latch <m_eth_dest_mac_reg_24> has a constant value of 0 in block <ip_arb_mux>. This FF/Latch will be trimmed during the optimization process.
WARNING:Xst:1896 - Due to other FF/Latch trimming, FF/Latch <m_eth_dest_mac_reg_23> has a constant value of 0 in block <ip_arb_mux>. This FF/Latch will be trimmed during the optimization process.
WARNING:Xst:1896 - Due to other FF/Latch trimming, FF/Latch <m_eth_dest_mac_reg_22> has a constant value of 0 in block <ip_arb_mux>. This FF/Latch will be trimmed during the optimization process.
WARNING:Xst:1896 - Due to other FF/Latch trimming, FF/Latch <m_ip_flags_reg_2> has a constant value of 0 in block <ip_arb_mux>. This FF/Latch will be trimmed during the optimization process.
WARNING:Xst:1896 - Due to other FF/Latch trimming, FF/Latch <m_ip_flags_reg_1> has a constant value of 0 in block <ip_arb_mux>. This FF/Latch will be trimmed during the optimization process.
WARNING:Xst:1896 - Due to other FF/Latch trimming, FF/Latch <m_ip_flags_reg_0> has a constant value of 0 in block <ip_arb_mux>. This FF/Latch will be trimmed during the optimization process.
WARNING:Xst:1896 - Due to other FF/Latch trimming, FF/Latch <m_ip_fragment_offset_reg_12> has a constant value of 0 in block <ip_arb_mux>. This FF/Latch will be trimmed during the optimization process.
WARNING:Xst:1896 - Due to other FF/Latch trimming, FF/Latch <m_ip_fragment_offset_reg_11> has a constant value of 0 in block <ip_arb_mux>. This FF/Latch will be trimmed during the optimization process.
WARNING:Xst:1896 - Due to other FF/Latch trimming, FF/Latch <m_ip_fragment_offset_reg_10> has a constant value of 0 in block <ip_arb_mux>. This FF/Latch will be trimmed during the optimization process.
WARNING:Xst:1896 - Due to other FF/Latch trimming, FF/Latch <m_ip_fragment_offset_reg_9> has a constant value of 0 in block <ip_arb_mux>. This FF/Latch will be trimmed during the optimization process.
WARNING:Xst:1896 - Due to other FF/Latch trimming, FF/Latch <m_ip_fragment_offset_reg_8> has a constant value of 0 in block <ip_arb_mux>. This FF/Latch will be trimmed during the optimization process.
WARNING:Xst:1896 - Due to other FF/Latch trimming, FF/Latch <m_ip_fragment_offset_reg_7> has a constant value of 0 in block <ip_arb_mux>. This FF/Latch will be trimmed during the optimization process.
WARNING:Xst:1896 - Due to other FF/Latch trimming, FF/Latch <m_ip_fragment_offset_reg_6> has a constant value of 0 in block <ip_arb_mux>. This FF/Latch will be trimmed during the optimization process.
WARNING:Xst:1896 - Due to other FF/Latch trimming, FF/Latch <m_ip_fragment_offset_reg_5> has a constant value of 0 in block <ip_arb_mux>. This FF/Latch will be trimmed during the optimization process.
WARNING:Xst:1896 - Due to other FF/Latch trimming, FF/Latch <m_ip_fragment_offset_reg_4> has a constant value of 0 in block <ip_arb_mux>. This FF/Latch will be trimmed during the optimization process.
WARNING:Xst:1896 - Due to other FF/Latch trimming, FF/Latch <m_ip_fragment_offset_reg_3> has a constant value of 0 in block <ip_arb_mux>. This FF/Latch will be trimmed during the optimization process.
WARNING:Xst:1896 - Due to other FF/Latch trimming, FF/Latch <m_ip_fragment_offset_reg_2> has a constant value of 0 in block <ip_arb_mux>. This FF/Latch will be trimmed during the optimization process.
WARNING:Xst:1896 - Due to other FF/Latch trimming, FF/Latch <m_ip_fragment_offset_reg_1> has a constant value of 0 in block <ip_arb_mux>. This FF/Latch will be trimmed during the optimization process.
WARNING:Xst:1896 - Due to other FF/Latch trimming, FF/Latch <m_ip_fragment_offset_reg_0> has a constant value of 0 in block <ip_arb_mux>. This FF/Latch will be trimmed during the optimization process.
WARNING:Xst:1896 - Due to other FF/Latch trimming, FF/Latch <m_eth_dest_mac_reg_47> has a constant value of 0 in block <ip_arb_mux>. This FF/Latch will be trimmed during the optimization process.
WARNING:Xst:1896 - Due to other FF/Latch trimming, FF/Latch <m_eth_dest_mac_reg_46> has a constant value of 0 in block <ip_arb_mux>. This FF/Latch will be trimmed during the optimization process.
WARNING:Xst:1896 - Due to other FF/Latch trimming, FF/Latch <m_eth_dest_mac_reg_45> has a constant value of 0 in block <ip_arb_mux>. This FF/Latch will be trimmed during the optimization process.
WARNING:Xst:1896 - Due to other FF/Latch trimming, FF/Latch <m_eth_dest_mac_reg_44> has a constant value of 0 in block <ip_arb_mux>. This FF/Latch will be trimmed during the optimization process.
WARNING:Xst:1896 - Due to other FF/Latch trimming, FF/Latch <m_eth_dest_mac_reg_43> has a constant value of 0 in block <ip_arb_mux>. This FF/Latch will be trimmed during the optimization process.
WARNING:Xst:1896 - Due to other FF/Latch trimming, FF/Latch <m_eth_dest_mac_reg_0> has a constant value of 0 in block <ip_arb_mux>. This FF/Latch will be trimmed during the optimization process.
WARNING:Xst:1896 - Due to other FF/Latch trimming, FF/Latch <m_ip_version_reg_3> has a constant value of 0 in block <ip_arb_mux>. This FF/Latch will be trimmed during the optimization process.
WARNING:Xst:1896 - Due to other FF/Latch trimming, FF/Latch <m_ip_version_reg_2> has a constant value of 0 in block <ip_arb_mux>. This FF/Latch will be trimmed during the optimization process.
WARNING:Xst:1896 - Due to other FF/Latch trimming, FF/Latch <m_ip_version_reg_1> has a constant value of 0 in block <ip_arb_mux>. This FF/Latch will be trimmed during the optimization process.
WARNING:Xst:1896 - Due to other FF/Latch trimming, FF/Latch <m_ip_version_reg_0> has a constant value of 0 in block <ip_arb_mux>. This FF/Latch will be trimmed during the optimization process.
WARNING:Xst:1896 - Due to other FF/Latch trimming, FF/Latch <m_eth_type_reg_15> has a constant value of 0 in block <ip_arb_mux>. This FF/Latch will be trimmed during the optimization process.
WARNING:Xst:1896 - Due to other FF/Latch trimming, FF/Latch <m_eth_type_reg_14> has a constant value of 0 in block <ip_arb_mux>. This FF/Latch will be trimmed during the optimization process.
WARNING:Xst:1896 - Due to other FF/Latch trimming, FF/Latch <m_eth_type_reg_13> has a constant value of 0 in block <ip_arb_mux>. This FF/Latch will be trimmed during the optimization process.
WARNING:Xst:1896 - Due to other FF/Latch trimming, FF/Latch <m_eth_type_reg_12> has a constant value of 0 in block <ip_arb_mux>. This FF/Latch will be trimmed during the optimization process.
WARNING:Xst:1896 - Due to other FF/Latch trimming, FF/Latch <m_eth_type_reg_11> has a constant value of 0 in block <ip_arb_mux>. This FF/Latch will be trimmed during the optimization process.
WARNING:Xst:1896 - Due to other FF/Latch trimming, FF/Latch <m_eth_type_reg_10> has a constant value of 0 in block <ip_arb_mux>. This FF/Latch will be trimmed during the optimization process.
WARNING:Xst:1896 - Due to other FF/Latch trimming, FF/Latch <m_eth_type_reg_9> has a constant value of 0 in block <ip_arb_mux>. This FF/Latch will be trimmed during the optimization process.
WARNING:Xst:1896 - Due to other FF/Latch trimming, FF/Latch <m_eth_type_reg_8> has a constant value of 0 in block <ip_arb_mux>. This FF/Latch will be trimmed during the optimization process.
WARNING:Xst:1896 - Due to other FF/Latch trimming, FF/Latch <m_eth_type_reg_7> has a constant value of 0 in block <ip_arb_mux>. This FF/Latch will be trimmed during the optimization process.
WARNING:Xst:1896 - Due to other FF/Latch trimming, FF/Latch <m_eth_type_reg_6> has a constant value of 0 in block <ip_arb_mux>. This FF/Latch will be trimmed during the optimization process.
WARNING:Xst:1896 - Due to other FF/Latch trimming, FF/Latch <m_eth_type_reg_5> has a constant value of 0 in block <ip_arb_mux>. This FF/Latch will be trimmed during the optimization process.
WARNING:Xst:1896 - Due to other FF/Latch trimming, FF/Latch <m_eth_type_reg_4> has a constant value of 0 in block <ip_arb_mux>. This FF/Latch will be trimmed during the optimization process.
WARNING:Xst:1896 - Due to other FF/Latch trimming, FF/Latch <m_eth_type_reg_3> has a constant value of 0 in block <ip_arb_mux>. This FF/Latch will be trimmed during the optimization process.
WARNING:Xst:1896 - Due to other FF/Latch trimming, FF/Latch <m_eth_type_reg_2> has a constant value of 0 in block <ip_arb_mux>. This FF/Latch will be trimmed during the optimization process.
WARNING:Xst:1896 - Due to other FF/Latch trimming, FF/Latch <m_eth_type_reg_1> has a constant value of 0 in block <ip_arb_mux>. This FF/Latch will be trimmed during the optimization process.
WARNING:Xst:1896 - Due to other FF/Latch trimming, FF/Latch <m_eth_type_reg_0> has a constant value of 0 in block <ip_arb_mux>. This FF/Latch will be trimmed during the optimization process.
WARNING:Xst:1896 - Due to other FF/Latch trimming, FF/Latch <m_eth_dest_mac_reg_21> has a constant value of 0 in block <ip_arb_mux>. This FF/Latch will be trimmed during the optimization process.
WARNING:Xst:1896 - Due to other FF/Latch trimming, FF/Latch <m_eth_dest_mac_reg_20> has a constant value of 0 in block <ip_arb_mux>. This FF/Latch will be trimmed during the optimization process.
WARNING:Xst:1896 - Due to other FF/Latch trimming, FF/Latch <m_eth_dest_mac_reg_19> has a constant value of 0 in block <ip_arb_mux>. This FF/Latch will be trimmed during the optimization process.
WARNING:Xst:1896 - Due to other FF/Latch trimming, FF/Latch <m_eth_dest_mac_reg_18> has a constant value of 0 in block <ip_arb_mux>. This FF/Latch will be trimmed during the optimization process.
WARNING:Xst:1896 - Due to other FF/Latch trimming, FF/Latch <m_eth_dest_mac_reg_17> has a constant value of 0 in block <ip_arb_mux>. This FF/Latch will be trimmed during the optimization process.
WARNING:Xst:1896 - Due to other FF/Latch trimming, FF/Latch <m_eth_dest_mac_reg_16> has a constant value of 0 in block <ip_arb_mux>. This FF/Latch will be trimmed during the optimization process.
WARNING:Xst:1896 - Due to other FF/Latch trimming, FF/Latch <m_eth_dest_mac_reg_15> has a constant value of 0 in block <ip_arb_mux>. This FF/Latch will be trimmed during the optimization process.
WARNING:Xst:1896 - Due to other FF/Latch trimming, FF/Latch <m_eth_dest_mac_reg_14> has a constant value of 0 in block <ip_arb_mux>. This FF/Latch will be trimmed during the optimization process.
WARNING:Xst:1896 - Due to other FF/Latch trimming, FF/Latch <m_eth_dest_mac_reg_13> has a constant value of 0 in block <ip_arb_mux>. This FF/Latch will be trimmed during the optimization process.
WARNING:Xst:1896 - Due to other FF/Latch trimming, FF/Latch <m_eth_dest_mac_reg_12> has a constant value of 0 in block <ip_arb_mux>. This FF/Latch will be trimmed during the optimization process.
WARNING:Xst:1896 - Due to other FF/Latch trimming, FF/Latch <m_eth_dest_mac_reg_11> has a constant value of 0 in block <ip_arb_mux>. This FF/Latch will be trimmed during the optimization process.
WARNING:Xst:1896 - Due to other FF/Latch trimming, FF/Latch <m_eth_dest_mac_reg_10> has a constant value of 0 in block <ip_arb_mux>. This FF/Latch will be trimmed during the optimization process.
WARNING:Xst:1896 - Due to other FF/Latch trimming, FF/Latch <m_eth_dest_mac_reg_9> has a constant value of 0 in block <ip_arb_mux>. This FF/Latch will be trimmed during the optimization process.
WARNING:Xst:1896 - Due to other FF/Latch trimming, FF/Latch <m_eth_dest_mac_reg_8> has a constant value of 0 in block <ip_arb_mux>. This FF/Latch will be trimmed during the optimization process.
WARNING:Xst:1896 - Due to other FF/Latch trimming, FF/Latch <m_eth_dest_mac_reg_7> has a constant value of 0 in block <ip_arb_mux>. This FF/Latch will be trimmed during the optimization process.
WARNING:Xst:1896 - Due to other FF/Latch trimming, FF/Latch <m_eth_dest_mac_reg_6> has a constant value of 0 in block <ip_arb_mux>. This FF/Latch will be trimmed during the optimization process.
WARNING:Xst:1896 - Due to other FF/Latch trimming, FF/Latch <m_eth_dest_mac_reg_5> has a constant value of 0 in block <ip_arb_mux>. This FF/Latch will be trimmed during the optimization process.
WARNING:Xst:1896 - Due to other FF/Latch trimming, FF/Latch <m_eth_dest_mac_reg_4> has a constant value of 0 in block <ip_arb_mux>. This FF/Latch will be trimmed during the optimization process.
WARNING:Xst:1896 - Due to other FF/Latch trimming, FF/Latch <m_eth_dest_mac_reg_3> has a constant value of 0 in block <ip_arb_mux>. This FF/Latch will be trimmed during the optimization process.
WARNING:Xst:1896 - Due to other FF/Latch trimming, FF/Latch <m_eth_dest_mac_reg_2> has a constant value of 0 in block <ip_arb_mux>. This FF/Latch will be trimmed during the optimization process.
WARNING:Xst:1896 - Due to other FF/Latch trimming, FF/Latch <m_eth_dest_mac_reg_1> has a constant value of 0 in block <ip_arb_mux>. This FF/Latch will be trimmed during the optimization process.
WARNING:Xst:1710 - FF/Latch <udp_bit_regs_0> (without init value) has a constant value of 0 in block <fpga_core>. This FF/Latch will be trimmed during the optimization process.
WARNING:Xst:1895 - Due to other FF/Latch trimming, FF/Latch <udp_bit_regs_1> (without init value) has a constant value of 0 in block <fpga_core>. This FF/Latch will be trimmed during the optimization process.
WARNING:Xst:1895 - Due to other FF/Latch trimming, FF/Latch <udp_bit_regs_2> (without init value) has a constant value of 0 in block <fpga_core>. This FF/Latch will be trimmed during the optimization process.
WARNING:Xst:2677 - Node <udp_bit_regs_10> of sequential type is unconnected in block <fpga_core>.
WARNING:Xst:2677 - Node <udp_bit_regs_11> of sequential type is unconnected in block <fpga_core>.
WARNING:Xst:2677 - Node <udp_bit_regs_12> of sequential type is unconnected in block <fpga_core>.
WARNING:Xst:2677 - Node <udp_bit_regs_13> of sequential type is unconnected in block <fpga_core>.
WARNING:Xst:2677 - Node <udp_bit_regs_14> of sequential type is unconnected in block <fpga_core>.
WARNING:Xst:2677 - Node <udp_bit_regs_15> of sequential type is unconnected in block <fpga_core>.
WARNING:Xst:1293 - FF/Latch <outgoing_arp_oper_reg_2> has a constant value of 0 in block <arp>. This FF/Latch will be trimmed during the optimization process.
WARNING:Xst:1896 - Due to other FF/Latch trimming, FF/Latch <outgoing_arp_oper_reg_4> has a constant value of 0 in block <arp>. This FF/Latch will be trimmed during the optimization process.
WARNING:Xst:1896 - Due to other FF/Latch trimming, FF/Latch <outgoing_arp_oper_reg_5> has a constant value of 0 in block <arp>. This FF/Latch will be trimmed during the optimization process.
WARNING:Xst:1896 - Due to other FF/Latch trimming, FF/Latch <outgoing_arp_oper_reg_6> has a constant value of 0 in block <arp>. This FF/Latch will be trimmed during the optimization process.
WARNING:Xst:1896 - Due to other FF/Latch trimming, FF/Latch <outgoing_arp_oper_reg_7> has a constant value of 0 in block <arp>. This FF/Latch will be trimmed during the optimization process.
WARNING:Xst:1896 - Due to other FF/Latch trimming, FF/Latch <outgoing_arp_oper_reg_8> has a constant value of 0 in block <arp>. This FF/Latch will be trimmed during the optimization process.
WARNING:Xst:1896 - Due to other FF/Latch trimming, FF/Latch <outgoing_arp_oper_reg_9> has a constant value of 0 in block <arp>. This FF/Latch will be trimmed during the optimization process.
WARNING:Xst:1896 - Due to other FF/Latch trimming, FF/Latch <outgoing_arp_oper_reg_10> has a constant value of 0 in block <arp>. This FF/Latch will be trimmed during the optimization process.
WARNING:Xst:1896 - Due to other FF/Latch trimming, FF/Latch <outgoing_arp_oper_reg_11> has a constant value of 0 in block <arp>. This FF/Latch will be trimmed during the optimization process.
WARNING:Xst:1896 - Due to other FF/Latch trimming, FF/Latch <outgoing_arp_oper_reg_12> has a constant value of 0 in block <arp>. This FF/Latch will be trimmed during the optimization process.
WARNING:Xst:1896 - Due to other FF/Latch trimming, FF/Latch <outgoing_arp_oper_reg_13> has a constant value of 0 in block <arp>. This FF/Latch will be trimmed during the optimization process.
WARNING:Xst:1896 - Due to other FF/Latch trimming, FF/Latch <outgoing_arp_oper_reg_14> has a constant value of 0 in block <arp>. This FF/Latch will be trimmed during the optimization process.
WARNING:Xst:1896 - Due to other FF/Latch trimming, FF/Latch <outgoing_arp_oper_reg_15> has a constant value of 0 in block <arp>. This FF/Latch will be trimmed during the optimization process.
WARNING:Xst:1293 - FF/Latch <s_ip_hdr_ready_reg_1> has a constant value of 0 in block <ip_arb_mux>. This FF/Latch will be trimmed during the optimization process.
WARNING:Xst:1896 - Due to other FF/Latch trimming, FF/Latch <arb_inst/grant_reg_1> has a constant value of 0 in block <ip_arb_mux>. This FF/Latch will be trimmed during the optimization process.
WARNING:Xst:1896 - Due to other FF/Latch trimming, FF/Latch <arb_inst/grant_encoded_reg_0> has a constant value of 0 in block <ip_arb_mux>. This FF/Latch will be trimmed during the optimization process.
INFO:Xst:1901 - Instance pll_inst/pll_base_inst in unit pll_inst/pll_base_inst of type PLL_BASE has been replaced by PLL_ADV
INFO:Xst:2261 - The FF/Latch <tx_fifo_axis_tvalid> in Unit <fpga_core> is equivalent to the following FF/Latch, which will be removed : <ocupado> 
INFO:Xst:2261 - The FF/Latch <rd_ptr_reg_11> in Unit <axis_async_fifo_1> is equivalent to the following FF/Latch, which will be removed : <rd_ptr_gray_reg_11> 
INFO:Xst:2261 - The FF/Latch <rd_ptr_reg_11> in Unit <axis_async_fifo_2> is equivalent to the following FF/Latch, which will be removed : <rd_ptr_gray_reg_11> 
INFO:Xst:2261 - The FF/Latch <cache_query_request_ip_reg_19> in Unit <arp> is equivalent to the following FF/Latch, which will be removed : <arp_request_ip_reg_19> 
INFO:Xst:2261 - The FF/Latch <cache_query_request_ip_reg_24> in Unit <arp> is equivalent to the following FF/Latch, which will be removed : <arp_request_ip_reg_24> 
INFO:Xst:2261 - The FF/Latch <cache_query_request_ip_reg_25> in Unit <arp> is equivalent to the following FF/Latch, which will be removed : <arp_request_ip_reg_25> 
INFO:Xst:2261 - The FF/Latch <cache_query_request_ip_reg_30> in Unit <arp> is equivalent to the following FF/Latch, which will be removed : <arp_request_ip_reg_30> 
INFO:Xst:2261 - The FF/Latch <cache_query_request_ip_reg_26> in Unit <arp> is equivalent to the following FF/Latch, which will be removed : <arp_request_ip_reg_26> 
INFO:Xst:2261 - The FF/Latch <cache_query_request_ip_reg_31> in Unit <arp> is equivalent to the following FF/Latch, which will be removed : <arp_request_ip_reg_31> 
INFO:Xst:2261 - The FF/Latch <cache_query_request_ip_reg_27> in Unit <arp> is equivalent to the following FF/Latch, which will be removed : <arp_request_ip_reg_27> 
INFO:Xst:2261 - The FF/Latch <cache_query_request_ip_reg_28> in Unit <arp> is equivalent to the following FF/Latch, which will be removed : <arp_request_ip_reg_28> 
INFO:Xst:2261 - The FF/Latch <cache_query_request_ip_reg_29> in Unit <arp> is equivalent to the following FF/Latch, which will be removed : <arp_request_ip_reg_29> 
INFO:Xst:2261 - The FF/Latch <cache_query_request_ip_reg_0> in Unit <arp> is equivalent to the following FF/Latch, which will be removed : <arp_request_ip_reg_0> 
INFO:Xst:2261 - The FF/Latch <cache_query_request_ip_reg_1> in Unit <arp> is equivalent to the following FF/Latch, which will be removed : <arp_request_ip_reg_1> 
INFO:Xst:2261 - The FF/Latch <cache_query_request_ip_reg_2> in Unit <arp> is equivalent to the following FF/Latch, which will be removed : <arp_request_ip_reg_2> 
INFO:Xst:2261 - The FF/Latch <cache_query_request_ip_reg_3> in Unit <arp> is equivalent to the following FF/Latch, which will be removed : <arp_request_ip_reg_3> 
INFO:Xst:2261 - The FF/Latch <cache_query_request_ip_reg_4> in Unit <arp> is equivalent to the following FF/Latch, which will be removed : <arp_request_ip_reg_4> 
INFO:Xst:2261 - The FF/Latch <cache_query_request_ip_reg_5> in Unit <arp> is equivalent to the following FF/Latch, which will be removed : <arp_request_ip_reg_5> 
INFO:Xst:2261 - The FF/Latch <cache_query_request_ip_reg_6> in Unit <arp> is equivalent to the following FF/Latch, which will be removed : <arp_request_ip_reg_6> 
INFO:Xst:2261 - The FF/Latch <cache_query_request_ip_reg_7> in Unit <arp> is equivalent to the following FF/Latch, which will be removed : <arp_request_ip_reg_7> 
INFO:Xst:2261 - The FF/Latch <cache_query_request_ip_reg_8> in Unit <arp> is equivalent to the following FF/Latch, which will be removed : <arp_request_ip_reg_8> 
INFO:Xst:2261 - The FF/Latch <cache_query_request_ip_reg_9> in Unit <arp> is equivalent to the following FF/Latch, which will be removed : <arp_request_ip_reg_9> 
INFO:Xst:2261 - The FF/Latch <cache_query_request_ip_reg_10> in Unit <arp> is equivalent to the following FF/Latch, which will be removed : <arp_request_ip_reg_10> 
INFO:Xst:2261 - The FF/Latch <cache_query_request_ip_reg_11> in Unit <arp> is equivalent to the following FF/Latch, which will be removed : <arp_request_ip_reg_11> 
INFO:Xst:2261 - The FF/Latch <cache_query_request_ip_reg_12> in Unit <arp> is equivalent to the following FF/Latch, which will be removed : <arp_request_ip_reg_12> 
INFO:Xst:2261 - The FF/Latch <cache_query_request_ip_reg_13> in Unit <arp> is equivalent to the following FF/Latch, which will be removed : <arp_request_ip_reg_13> 
INFO:Xst:2261 - The FF/Latch <cache_query_request_ip_reg_14> in Unit <arp> is equivalent to the following FF/Latch, which will be removed : <arp_request_ip_reg_14> 
INFO:Xst:2261 - The FF/Latch <cache_query_request_ip_reg_20> in Unit <arp> is equivalent to the following FF/Latch, which will be removed : <arp_request_ip_reg_20> 
INFO:Xst:2261 - The FF/Latch <cache_query_request_ip_reg_15> in Unit <arp> is equivalent to the following FF/Latch, which will be removed : <arp_request_ip_reg_15> 
INFO:Xst:2261 - The FF/Latch <cache_query_request_ip_reg_16> in Unit <arp> is equivalent to the following FF/Latch, which will be removed : <arp_request_ip_reg_16> 
INFO:Xst:2261 - The FF/Latch <cache_query_request_ip_reg_21> in Unit <arp> is equivalent to the following FF/Latch, which will be removed : <arp_request_ip_reg_21> 
INFO:Xst:2261 - The FF/Latch <cache_query_request_ip_reg_17> in Unit <arp> is equivalent to the following FF/Latch, which will be removed : <arp_request_ip_reg_17> 
INFO:Xst:2261 - The FF/Latch <cache_query_request_ip_reg_22> in Unit <arp> is equivalent to the following FF/Latch, which will be removed : <arp_request_ip_reg_22> 
INFO:Xst:2261 - The FF/Latch <cache_query_request_ip_reg_18> in Unit <arp> is equivalent to the following FF/Latch, which will be removed : <arp_request_ip_reg_18> 
INFO:Xst:2261 - The FF/Latch <cache_query_request_ip_reg_23> in Unit <arp> is equivalent to the following FF/Latch, which will be removed : <arp_request_ip_reg_23> 
INFO:Xst:2261 - The FF/Latch <arb_inst/grant_reg_1> in Unit <eth_arb_mux> is equivalent to the following FF/Latch, which will be removed : <arb_inst/grant_encoded_reg_0> 
INFO:Xst:2261 - The FF/Latch <udp_length_reg_0> in Unit <udp_ip_tx> is equivalent to the following FF/Latch, which will be removed : <m_ip_length_reg_0> 
INFO:Xst:2261 - The FF/Latch <udp_length_reg_1> in Unit <udp_ip_tx> is equivalent to the following FF/Latch, which will be removed : <m_ip_length_reg_1> 
INFO:Xst:2261 - The FF/Latch <arb_inst/grant_reg_0> in Unit <ip_arb_mux> is equivalent to the following FF/Latch, which will be removed : <arb_inst/grant_valid_reg> 

Optimizing unit <fpga> ...

Optimizing unit <eth_mac_1g_rgmii_fifo> ...

Optimizing unit <axis_async_fifo_1> ...

Optimizing unit <eth_mac_1g_rgmii> ...

Optimizing unit <axis_gmii_tx> ...

Optimizing unit <axis_gmii_rx> ...

Optimizing unit <rgmii_phy_if> ...

Optimizing unit <iddr> ...

Optimizing unit <axis_async_fifo_2> ...

Optimizing unit <eth_axis_rx> ...

Optimizing unit <eth_axis_tx> ...

Optimizing unit <udp_complete> ...

Optimizing unit <ip_complete> ...

Optimizing unit <ip> ...

Optimizing unit <ip_eth_rx> ...

Optimizing unit <ip_eth_tx> ...

Optimizing unit <arp> ...

Optimizing unit <arp_eth_rx> ...

Optimizing unit <arp_eth_tx> ...

Optimizing unit <arp_cache> ...

Optimizing unit <lfsr_2> ...

Optimizing unit <eth_arb_mux> ...

Optimizing unit <udp_ip_rx> ...

Optimizing unit <udp_checksum_gen> ...

Optimizing unit <axis_fifo_1> ...

Optimizing unit <udp_ip_tx> ...

Optimizing unit <ip_arb_mux> ...

Optimizing unit <axis_fifo_2> ...

Optimizing unit <uart> ...

Optimizing unit <debounce_switch> ...
WARNING:Xst:1293 - FF/Latch <core_inst/udp_complete_inst/ip_complete_inst/eth_arb_mux_inst/m_eth_src_mac_reg_10> has a constant value of 0 in block <fpga>. This FF/Latch will be trimmed during the optimization process.
WARNING:Xst:1293 - FF/Latch <core_inst/udp_complete_inst/ip_complete_inst/eth_arb_mux_inst/m_eth_src_mac_reg_14> has a constant value of 0 in block <fpga>. This FF/Latch will be trimmed during the optimization process.
WARNING:Xst:1293 - FF/Latch <core_inst/udp_complete_inst/ip_complete_inst/eth_arb_mux_inst/m_eth_src_mac_reg_15> has a constant value of 0 in block <fpga>. This FF/Latch will be trimmed during the optimization process.
WARNING:Xst:1293 - FF/Latch <core_inst/udp_complete_inst/ip_complete_inst/eth_arb_mux_inst/m_eth_src_mac_reg_17> has a constant value of 0 in block <fpga>. This FF/Latch will be trimmed during the optimization process.
WARNING:Xst:1293 - FF/Latch <core_inst/udp_complete_inst/ip_complete_inst/eth_arb_mux_inst/m_eth_src_mac_reg_18> has a constant value of 0 in block <fpga>. This FF/Latch will be trimmed during the optimization process.
WARNING:Xst:1293 - FF/Latch <core_inst/udp_complete_inst/ip_complete_inst/eth_arb_mux_inst/m_eth_src_mac_reg_19> has a constant value of 0 in block <fpga>. This FF/Latch will be trimmed during the optimization process.
WARNING:Xst:1293 - FF/Latch <core_inst/udp_complete_inst/ip_complete_inst/eth_arb_mux_inst/m_eth_src_mac_reg_20> has a constant value of 0 in block <fpga>. This FF/Latch will be trimmed during the optimization process.
WARNING:Xst:1293 - FF/Latch <core_inst/udp_complete_inst/ip_complete_inst/eth_arb_mux_inst/m_eth_src_mac_reg_23> has a constant value of 0 in block <fpga>. This FF/Latch will be trimmed during the optimization process.
WARNING:Xst:1293 - FF/Latch <core_inst/udp_complete_inst/ip_complete_inst/eth_arb_mux_inst/m_eth_src_mac_reg_27> has a constant value of 0 in block <fpga>. This FF/Latch will be trimmed during the optimization process.
WARNING:Xst:1293 - FF/Latch <core_inst/udp_complete_inst/ip_complete_inst/eth_arb_mux_inst/m_eth_src_mac_reg_28> has a constant value of 0 in block <fpga>. This FF/Latch will be trimmed during the optimization process.
WARNING:Xst:1293 - FF/Latch <core_inst/udp_complete_inst/ip_complete_inst/eth_arb_mux_inst/m_eth_src_mac_reg_31> has a constant value of 0 in block <fpga>. This FF/Latch will be trimmed during the optimization process.
WARNING:Xst:1293 - FF/Latch <core_inst/udp_complete_inst/ip_complete_inst/eth_arb_mux_inst/m_eth_src_mac_reg_32> has a constant value of 0 in block <fpga>. This FF/Latch will be trimmed during the optimization process.
WARNING:Xst:1293 - FF/Latch <core_inst/udp_complete_inst/ip_complete_inst/eth_arb_mux_inst/m_eth_src_mac_reg_33> has a constant value of 0 in block <fpga>. This FF/Latch will be trimmed during the optimization process.
WARNING:Xst:1293 - FF/Latch <core_inst/udp_complete_inst/ip_complete_inst/eth_arb_mux_inst/m_eth_src_mac_reg_34> has a constant value of 0 in block <fpga>. This FF/Latch will be trimmed during the optimization process.
WARNING:Xst:1293 - FF/Latch <core_inst/udp_complete_inst/ip_complete_inst/eth_arb_mux_inst/m_eth_src_mac_reg_35> has a constant value of 0 in block <fpga>. This FF/Latch will be trimmed during the optimization process.
WARNING:Xst:1293 - FF/Latch <core_inst/udp_complete_inst/ip_complete_inst/eth_arb_mux_inst/m_eth_src_mac_reg_39> has a constant value of 0 in block <fpga>. This FF/Latch will be trimmed during the optimization process.
WARNING:Xst:1293 - FF/Latch <core_inst/udp_complete_inst/ip_complete_inst/eth_arb_mux_inst/m_eth_src_mac_reg_40> has a constant value of 0 in block <fpga>. This FF/Latch will be trimmed during the optimization process.
WARNING:Xst:1293 - FF/Latch <core_inst/udp_complete_inst/ip_complete_inst/eth_arb_mux_inst/m_eth_src_mac_reg_43> has a constant value of 0 in block <fpga>. This FF/Latch will be trimmed during the optimization process.
WARNING:Xst:1293 - FF/Latch <core_inst/udp_complete_inst/ip_complete_inst/eth_arb_mux_inst/m_eth_src_mac_reg_44> has a constant value of 0 in block <fpga>. This FF/Latch will be trimmed during the optimization process.
WARNING:Xst:1293 - FF/Latch <core_inst/udp_complete_inst/ip_complete_inst/eth_arb_mux_inst/m_eth_src_mac_reg_47> has a constant value of 0 in block <fpga>. This FF/Latch will be trimmed during the optimization process.
WARNING:Xst:1293 - FF/Latch <core_inst/udp_complete_inst/ip_complete_inst/arp_inst/arp_eth_tx_inst/arp_oper_reg_2> has a constant value of 0 in block <fpga>. This FF/Latch will be trimmed during the optimization process.
WARNING:Xst:1293 - FF/Latch <core_inst/udp_complete_inst/ip_complete_inst/arp_inst/arp_eth_tx_inst/arp_oper_reg_4> has a constant value of 0 in block <fpga>. This FF/Latch will be trimmed during the optimization process.
WARNING:Xst:1293 - FF/Latch <core_inst/udp_complete_inst/ip_complete_inst/arp_inst/arp_eth_tx_inst/arp_oper_reg_5> has a constant value of 0 in block <fpga>. This FF/Latch will be trimmed during the optimization process.
WARNING:Xst:1293 - FF/Latch <core_inst/udp_complete_inst/ip_complete_inst/arp_inst/arp_eth_tx_inst/arp_oper_reg_6> has a constant value of 0 in block <fpga>. This FF/Latch will be trimmed during the optimization process.
WARNING:Xst:1293 - FF/Latch <core_inst/udp_complete_inst/ip_complete_inst/arp_inst/arp_eth_tx_inst/arp_oper_reg_7> has a constant value of 0 in block <fpga>. This FF/Latch will be trimmed during the optimization process.
WARNING:Xst:1293 - FF/Latch <core_inst/udp_complete_inst/ip_complete_inst/arp_inst/arp_eth_tx_inst/arp_oper_reg_8> has a constant value of 0 in block <fpga>. This FF/Latch will be trimmed during the optimization process.
WARNING:Xst:1293 - FF/Latch <core_inst/udp_complete_inst/ip_arb_mux_inst/m_ip_protocol_reg_1> has a constant value of 0 in block <fpga>. This FF/Latch will be trimmed during the optimization process.
WARNING:Xst:1293 - FF/Latch <core_inst/udp_complete_inst/ip_arb_mux_inst/m_ip_protocol_reg_2> has a constant value of 0 in block <fpga>. This FF/Latch will be trimmed during the optimization process.
WARNING:Xst:1293 - FF/Latch <core_inst/udp_complete_inst/ip_arb_mux_inst/m_ip_protocol_reg_3> has a constant value of 0 in block <fpga>. This FF/Latch will be trimmed during the optimization process.
WARNING:Xst:1293 - FF/Latch <core_inst/udp_complete_inst/ip_arb_mux_inst/m_ip_protocol_reg_5> has a constant value of 0 in block <fpga>. This FF/Latch will be trimmed during the optimization process.
WARNING:Xst:1293 - FF/Latch <core_inst/udp_complete_inst/ip_arb_mux_inst/m_ip_protocol_reg_6> has a constant value of 0 in block <fpga>. This FF/Latch will be trimmed during the optimization process.
WARNING:Xst:1293 - FF/Latch <core_inst/udp_complete_inst/ip_arb_mux_inst/m_ip_protocol_reg_7> has a constant value of 0 in block <fpga>. This FF/Latch will be trimmed during the optimization process.
WARNING:Xst:1293 - FF/Latch <core_inst/udp_complete_inst/ip_complete_inst/eth_arb_mux_inst/m_eth_type_reg_0> has a constant value of 0 in block <fpga>. This FF/Latch will be trimmed during the optimization process.
WARNING:Xst:1293 - FF/Latch <core_inst/udp_complete_inst/ip_complete_inst/eth_arb_mux_inst/m_eth_type_reg_3> has a constant value of 0 in block <fpga>. This FF/Latch will be trimmed during the optimization process.
WARNING:Xst:1293 - FF/Latch <core_inst/udp_complete_inst/ip_complete_inst/eth_arb_mux_inst/m_eth_type_reg_4> has a constant value of 0 in block <fpga>. This FF/Latch will be trimmed during the optimization process.
WARNING:Xst:1293 - FF/Latch <core_inst/udp_complete_inst/ip_complete_inst/eth_arb_mux_inst/m_eth_type_reg_5> has a constant value of 0 in block <fpga>. This FF/Latch will be trimmed during the optimization process.
WARNING:Xst:1293 - FF/Latch <core_inst/udp_complete_inst/ip_complete_inst/eth_arb_mux_inst/m_eth_type_reg_6> has a constant value of 0 in block <fpga>. This FF/Latch will be trimmed during the optimization process.
WARNING:Xst:1293 - FF/Latch <core_inst/udp_complete_inst/ip_complete_inst/eth_arb_mux_inst/m_eth_type_reg_7> has a constant value of 0 in block <fpga>. This FF/Latch will be trimmed during the optimization process.
WARNING:Xst:1293 - FF/Latch <core_inst/udp_complete_inst/ip_complete_inst/eth_arb_mux_inst/m_eth_type_reg_8> has a constant value of 0 in block <fpga>. This FF/Latch will be trimmed during the optimization process.
WARNING:Xst:1293 - FF/Latch <core_inst/udp_complete_inst/ip_complete_inst/eth_arb_mux_inst/m_eth_type_reg_9> has a constant value of 0 in block <fpga>. This FF/Latch will be trimmed during the optimization process.
WARNING:Xst:1293 - FF/Latch <core_inst/udp_complete_inst/ip_complete_inst/eth_arb_mux_inst/m_eth_type_reg_10> has a constant value of 0 in block <fpga>. This FF/Latch will be trimmed during the optimization process.
WARNING:Xst:1293 - FF/Latch <core_inst/udp_complete_inst/ip_complete_inst/eth_arb_mux_inst/m_eth_type_reg_12> has a constant value of 0 in block <fpga>. This FF/Latch will be trimmed during the optimization process.
WARNING:Xst:1293 - FF/Latch <core_inst/udp_complete_inst/ip_complete_inst/eth_arb_mux_inst/m_eth_type_reg_13> has a constant value of 0 in block <fpga>. This FF/Latch will be trimmed during the optimization process.
WARNING:Xst:1293 - FF/Latch <core_inst/udp_complete_inst/ip_complete_inst/eth_arb_mux_inst/m_eth_type_reg_14> has a constant value of 0 in block <fpga>. This FF/Latch will be trimmed during the optimization process.
WARNING:Xst:1293 - FF/Latch <core_inst/udp_complete_inst/ip_complete_inst/eth_arb_mux_inst/m_eth_type_reg_15> has a constant value of 0 in block <fpga>. This FF/Latch will be trimmed during the optimization process.
WARNING:Xst:1293 - FF/Latch <core_inst/udp_complete_inst/ip_complete_inst/eth_arb_mux_inst/m_eth_src_mac_reg_0> has a constant value of 0 in block <fpga>. This FF/Latch will be trimmed during the optimization process.
WARNING:Xst:1293 - FF/Latch <core_inst/udp_complete_inst/ip_complete_inst/eth_arb_mux_inst/m_eth_src_mac_reg_1> has a constant value of 0 in block <fpga>. This FF/Latch will be trimmed during the optimization process.
WARNING:Xst:1293 - FF/Latch <core_inst/udp_complete_inst/ip_complete_inst/eth_arb_mux_inst/m_eth_src_mac_reg_2> has a constant value of 0 in block <fpga>. This FF/Latch will be trimmed during the optimization process.
WARNING:Xst:1293 - FF/Latch <core_inst/udp_complete_inst/ip_complete_inst/eth_arb_mux_inst/m_eth_src_mac_reg_3> has a constant value of 0 in block <fpga>. This FF/Latch will be trimmed during the optimization process.
WARNING:Xst:1293 - FF/Latch <core_inst/udp_complete_inst/ip_complete_inst/eth_arb_mux_inst/m_eth_src_mac_reg_6> has a constant value of 0 in block <fpga>. This FF/Latch will be trimmed during the optimization process.
WARNING:Xst:1293 - FF/Latch <core_inst/udp_complete_inst/ip_complete_inst/eth_arb_mux_inst/m_eth_src_mac_reg_7> has a constant value of 0 in block <fpga>. This FF/Latch will be trimmed during the optimization process.
WARNING:Xst:1293 - FF/Latch <core_inst/udp_complete_inst/ip_complete_inst/eth_arb_mux_inst/m_eth_src_mac_reg_8> has a constant value of 0 in block <fpga>. This FF/Latch will be trimmed during the optimization process.
WARNING:Xst:1293 - FF/Latch <core_inst/udp_complete_inst/ip_complete_inst/arp_inst/arp_eth_tx_inst/arp_oper_reg_9> has a constant value of 0 in block <fpga>. This FF/Latch will be trimmed during the optimization process.
WARNING:Xst:1293 - FF/Latch <core_inst/udp_complete_inst/ip_complete_inst/arp_inst/arp_eth_tx_inst/arp_oper_reg_10> has a constant value of 0 in block <fpga>. This FF/Latch will be trimmed during the optimization process.
WARNING:Xst:1293 - FF/Latch <core_inst/udp_complete_inst/ip_complete_inst/arp_inst/arp_eth_tx_inst/arp_oper_reg_11> has a constant value of 0 in block <fpga>. This FF/Latch will be trimmed during the optimization process.
WARNING:Xst:1293 - FF/Latch <core_inst/udp_complete_inst/ip_complete_inst/arp_inst/arp_eth_tx_inst/arp_oper_reg_12> has a constant value of 0 in block <fpga>. This FF/Latch will be trimmed during the optimization process.
WARNING:Xst:1293 - FF/Latch <core_inst/udp_complete_inst/ip_complete_inst/arp_inst/arp_eth_tx_inst/arp_oper_reg_13> has a constant value of 0 in block <fpga>. This FF/Latch will be trimmed during the optimization process.
WARNING:Xst:1293 - FF/Latch <core_inst/udp_complete_inst/ip_complete_inst/arp_inst/arp_eth_tx_inst/arp_oper_reg_14> has a constant value of 0 in block <fpga>. This FF/Latch will be trimmed during the optimization process.
WARNING:Xst:1293 - FF/Latch <core_inst/udp_complete_inst/ip_complete_inst/arp_inst/arp_eth_tx_inst/arp_oper_reg_15> has a constant value of 0 in block <fpga>. This FF/Latch will be trimmed during the optimization process.
WARNING:Xst:1896 - Due to other FF/Latch trimming, FF/Latch <core_inst/eth_axis_tx_inst/eth_type_reg_0> has a constant value of 0 in block <fpga>. This FF/Latch will be trimmed during the optimization process.
WARNING:Xst:1896 - Due to other FF/Latch trimming, FF/Latch <core_inst/eth_axis_tx_inst/eth_src_mac_reg_47> has a constant value of 0 in block <fpga>. This FF/Latch will be trimmed during the optimization process.
WARNING:Xst:1896 - Due to other FF/Latch trimming, FF/Latch <core_inst/eth_axis_tx_inst/eth_src_mac_reg_44> has a constant value of 0 in block <fpga>. This FF/Latch will be trimmed during the optimization process.
WARNING:Xst:1896 - Due to other FF/Latch trimming, FF/Latch <core_inst/eth_axis_tx_inst/eth_src_mac_reg_43> has a constant value of 0 in block <fpga>. This FF/Latch will be trimmed during the optimization process.
WARNING:Xst:1896 - Due to other FF/Latch trimming, FF/Latch <core_inst/eth_axis_tx_inst/eth_src_mac_reg_40> has a constant value of 0 in block <fpga>. This FF/Latch will be trimmed during the optimization process.
WARNING:Xst:1896 - Due to other FF/Latch trimming, FF/Latch <core_inst/eth_axis_tx_inst/eth_src_mac_reg_39> has a constant value of 0 in block <fpga>. This FF/Latch will be trimmed during the optimization process.
WARNING:Xst:1896 - Due to other FF/Latch trimming, FF/Latch <core_inst/eth_axis_tx_inst/eth_src_mac_reg_35> has a constant value of 0 in block <fpga>. This FF/Latch will be trimmed during the optimization process.
WARNING:Xst:1896 - Due to other FF/Latch trimming, FF/Latch <core_inst/eth_axis_tx_inst/eth_src_mac_reg_34> has a constant value of 0 in block <fpga>. This FF/Latch will be trimmed during the optimization process.
WARNING:Xst:1896 - Due to other FF/Latch trimming, FF/Latch <core_inst/eth_axis_tx_inst/eth_src_mac_reg_33> has a constant value of 0 in block <fpga>. This FF/Latch will be trimmed during the optimization process.
WARNING:Xst:1896 - Due to other FF/Latch trimming, FF/Latch <core_inst/eth_axis_tx_inst/eth_src_mac_reg_32> has a constant value of 0 in block <fpga>. This FF/Latch will be trimmed during the optimization process.
WARNING:Xst:1896 - Due to other FF/Latch trimming, FF/Latch <core_inst/eth_axis_tx_inst/eth_src_mac_reg_31> has a constant value of 0 in block <fpga>. This FF/Latch will be trimmed during the optimization process.
WARNING:Xst:1896 - Due to other FF/Latch trimming, FF/Latch <core_inst/eth_axis_tx_inst/eth_type_reg_3> has a constant value of 0 in block <fpga>. This FF/Latch will be trimmed during the optimization process.
WARNING:Xst:1896 - Due to other FF/Latch trimming, FF/Latch <core_inst/eth_axis_tx_inst/eth_type_reg_4> has a constant value of 0 in block <fpga>. This FF/Latch will be trimmed during the optimization process.
WARNING:Xst:1896 - Due to other FF/Latch trimming, FF/Latch <core_inst/eth_axis_tx_inst/eth_type_reg_5> has a constant value of 0 in block <fpga>. This FF/Latch will be trimmed during the optimization process.
WARNING:Xst:1896 - Due to other FF/Latch trimming, FF/Latch <core_inst/eth_axis_tx_inst/eth_type_reg_6> has a constant value of 0 in block <fpga>. This FF/Latch will be trimmed during the optimization process.
WARNING:Xst:1896 - Due to other FF/Latch trimming, FF/Latch <core_inst/eth_axis_tx_inst/eth_type_reg_7> has a constant value of 0 in block <fpga>. This FF/Latch will be trimmed during the optimization process.
WARNING:Xst:1896 - Due to other FF/Latch trimming, FF/Latch <core_inst/eth_axis_tx_inst/eth_type_reg_8> has a constant value of 0 in block <fpga>. This FF/Latch will be trimmed during the optimization process.
WARNING:Xst:1896 - Due to other FF/Latch trimming, FF/Latch <core_inst/eth_axis_tx_inst/eth_type_reg_9> has a constant value of 0 in block <fpga>. This FF/Latch will be trimmed during the optimization process.
WARNING:Xst:1896 - Due to other FF/Latch trimming, FF/Latch <core_inst/eth_axis_tx_inst/eth_type_reg_10> has a constant value of 0 in block <fpga>. This FF/Latch will be trimmed during the optimization process.
WARNING:Xst:1896 - Due to other FF/Latch trimming, FF/Latch <core_inst/eth_axis_tx_inst/eth_type_reg_12> has a constant value of 0 in block <fpga>. This FF/Latch will be trimmed during the optimization process.
WARNING:Xst:1896 - Due to other FF/Latch trimming, FF/Latch <core_inst/eth_axis_tx_inst/eth_type_reg_13> has a constant value of 0 in block <fpga>. This FF/Latch will be trimmed during the optimization process.
WARNING:Xst:1896 - Due to other FF/Latch trimming, FF/Latch <core_inst/eth_axis_tx_inst/eth_type_reg_14> has a constant value of 0 in block <fpga>. This FF/Latch will be trimmed during the optimization process.
WARNING:Xst:1896 - Due to other FF/Latch trimming, FF/Latch <core_inst/eth_axis_tx_inst/eth_type_reg_15> has a constant value of 0 in block <fpga>. This FF/Latch will be trimmed during the optimization process.
WARNING:Xst:1896 - Due to other FF/Latch trimming, FF/Latch <core_inst/udp_complete_inst/ip_complete_inst/ip_inst/ip_eth_tx_inst/ip_protocol_reg_1> has a constant value of 0 in block <fpga>. This FF/Latch will be trimmed during the optimization process.
WARNING:Xst:1896 - Due to other FF/Latch trimming, FF/Latch <core_inst/udp_complete_inst/ip_complete_inst/ip_inst/ip_eth_tx_inst/ip_protocol_reg_2> has a constant value of 0 in block <fpga>. This FF/Latch will be trimmed during the optimization process.
WARNING:Xst:1896 - Due to other FF/Latch trimming, FF/Latch <core_inst/udp_complete_inst/ip_complete_inst/ip_inst/ip_eth_tx_inst/ip_protocol_reg_3> has a constant value of 0 in block <fpga>. This FF/Latch will be trimmed during the optimization process.
WARNING:Xst:1896 - Due to other FF/Latch trimming, FF/Latch <core_inst/udp_complete_inst/ip_complete_inst/ip_inst/ip_eth_tx_inst/ip_protocol_reg_5> has a constant value of 0 in block <fpga>. This FF/Latch will be trimmed during the optimization process.
WARNING:Xst:1896 - Due to other FF/Latch trimming, FF/Latch <core_inst/udp_complete_inst/ip_complete_inst/ip_inst/ip_eth_tx_inst/ip_protocol_reg_6> has a constant value of 0 in block <fpga>. This FF/Latch will be trimmed during the optimization process.
WARNING:Xst:1896 - Due to other FF/Latch trimming, FF/Latch <core_inst/udp_complete_inst/ip_complete_inst/ip_inst/ip_eth_tx_inst/ip_protocol_reg_7> has a constant value of 0 in block <fpga>. This FF/Latch will be trimmed during the optimization process.
WARNING:Xst:1896 - Due to other FF/Latch trimming, FF/Latch <core_inst/eth_axis_tx_inst/eth_src_mac_reg_0> has a constant value of 0 in block <fpga>. This FF/Latch will be trimmed during the optimization process.
WARNING:Xst:1896 - Due to other FF/Latch trimming, FF/Latch <core_inst/eth_axis_tx_inst/eth_src_mac_reg_1> has a constant value of 0 in block <fpga>. This FF/Latch will be trimmed during the optimization process.
WARNING:Xst:1896 - Due to other FF/Latch trimming, FF/Latch <core_inst/eth_axis_tx_inst/eth_src_mac_reg_2> has a constant value of 0 in block <fpga>. This FF/Latch will be trimmed during the optimization process.
WARNING:Xst:1896 - Due to other FF/Latch trimming, FF/Latch <core_inst/eth_axis_tx_inst/eth_src_mac_reg_3> has a constant value of 0 in block <fpga>. This FF/Latch will be trimmed during the optimization process.
WARNING:Xst:1896 - Due to other FF/Latch trimming, FF/Latch <core_inst/eth_axis_tx_inst/eth_src_mac_reg_6> has a constant value of 0 in block <fpga>. This FF/Latch will be trimmed during the optimization process.
WARNING:Xst:1896 - Due to other FF/Latch trimming, FF/Latch <core_inst/eth_axis_tx_inst/eth_src_mac_reg_7> has a constant value of 0 in block <fpga>. This FF/Latch will be trimmed during the optimization process.
WARNING:Xst:1896 - Due to other FF/Latch trimming, FF/Latch <core_inst/eth_axis_tx_inst/eth_src_mac_reg_8> has a constant value of 0 in block <fpga>. This FF/Latch will be trimmed during the optimization process.
WARNING:Xst:1896 - Due to other FF/Latch trimming, FF/Latch <core_inst/eth_axis_tx_inst/eth_src_mac_reg_10> has a constant value of 0 in block <fpga>. This FF/Latch will be trimmed during the optimization process.
WARNING:Xst:1896 - Due to other FF/Latch trimming, FF/Latch <core_inst/eth_axis_tx_inst/eth_src_mac_reg_14> has a constant value of 0 in block <fpga>. This FF/Latch will be trimmed during the optimization process.
WARNING:Xst:1896 - Due to other FF/Latch trimming, FF/Latch <core_inst/eth_axis_tx_inst/eth_src_mac_reg_15> has a constant value of 0 in block <fpga>. This FF/Latch will be trimmed during the optimization process.
WARNING:Xst:1896 - Due to other FF/Latch trimming, FF/Latch <core_inst/eth_axis_tx_inst/eth_src_mac_reg_17> has a constant value of 0 in block <fpga>. This FF/Latch will be trimmed during the optimization process.
WARNING:Xst:1896 - Due to other FF/Latch trimming, FF/Latch <core_inst/eth_axis_tx_inst/eth_src_mac_reg_18> has a constant value of 0 in block <fpga>. This FF/Latch will be trimmed during the optimization process.
WARNING:Xst:1896 - Due to other FF/Latch trimming, FF/Latch <core_inst/eth_axis_tx_inst/eth_src_mac_reg_19> has a constant value of 0 in block <fpga>. This FF/Latch will be trimmed during the optimization process.
WARNING:Xst:1896 - Due to other FF/Latch trimming, FF/Latch <core_inst/eth_axis_tx_inst/eth_src_mac_reg_20> has a constant value of 0 in block <fpga>. This FF/Latch will be trimmed during the optimization process.
WARNING:Xst:1896 - Due to other FF/Latch trimming, FF/Latch <core_inst/eth_axis_tx_inst/eth_src_mac_reg_23> has a constant value of 0 in block <fpga>. This FF/Latch will be trimmed during the optimization process.
WARNING:Xst:1896 - Due to other FF/Latch trimming, FF/Latch <core_inst/eth_axis_tx_inst/eth_src_mac_reg_27> has a constant value of 0 in block <fpga>. This FF/Latch will be trimmed during the optimization process.
WARNING:Xst:1896 - Due to other FF/Latch trimming, FF/Latch <core_inst/eth_axis_tx_inst/eth_src_mac_reg_28> has a constant value of 0 in block <fpga>. This FF/Latch will be trimmed during the optimization process.
WARNING:Xst:2677 - Node <core_inst/eth_mac_inst/tx_sync_reg_4_0> of sequential type is unconnected in block <fpga>.
WARNING:Xst:2677 - Node <core_inst/eth_mac_inst/tx_sync_reg_3_0> of sequential type is unconnected in block <fpga>.
WARNING:Xst:2677 - Node <core_inst/eth_mac_inst/tx_sync_reg_2_0> of sequential type is unconnected in block <fpga>.
WARNING:Xst:2677 - Node <core_inst/eth_mac_inst/tx_sync_reg_1_0> of sequential type is unconnected in block <fpga>.
WARNING:Xst:2677 - Node <core_inst/eth_mac_inst/tx_fifo/fifo_inst/m_depth_commit_reg_11> of sequential type is unconnected in block <fpga>.
WARNING:Xst:2677 - Node <core_inst/eth_mac_inst/tx_fifo/fifo_inst/m_depth_commit_reg_10> of sequential type is unconnected in block <fpga>.
WARNING:Xst:2677 - Node <core_inst/eth_mac_inst/tx_fifo/fifo_inst/m_depth_commit_reg_9> of sequential type is unconnected in block <fpga>.
WARNING:Xst:2677 - Node <core_inst/eth_mac_inst/tx_fifo/fifo_inst/m_depth_commit_reg_8> of sequential type is unconnected in block <fpga>.
WARNING:Xst:2677 - Node <core_inst/eth_mac_inst/tx_fifo/fifo_inst/m_depth_commit_reg_7> of sequential type is unconnected in block <fpga>.
WARNING:Xst:2677 - Node <core_inst/eth_mac_inst/tx_fifo/fifo_inst/m_depth_commit_reg_6> of sequential type is unconnected in block <fpga>.
WARNING:Xst:2677 - Node <core_inst/eth_mac_inst/tx_fifo/fifo_inst/m_depth_commit_reg_5> of sequential type is unconnected in block <fpga>.
WARNING:Xst:2677 - Node <core_inst/eth_mac_inst/tx_fifo/fifo_inst/m_depth_commit_reg_4> of sequential type is unconnected in block <fpga>.
WARNING:Xst:2677 - Node <core_inst/eth_mac_inst/tx_fifo/fifo_inst/m_depth_commit_reg_3> of sequential type is unconnected in block <fpga>.
WARNING:Xst:2677 - Node <core_inst/eth_mac_inst/tx_fifo/fifo_inst/m_depth_commit_reg_2> of sequential type is unconnected in block <fpga>.
WARNING:Xst:2677 - Node <core_inst/eth_mac_inst/tx_fifo/fifo_inst/m_depth_commit_reg_1> of sequential type is unconnected in block <fpga>.
WARNING:Xst:2677 - Node <core_inst/eth_mac_inst/tx_fifo/fifo_inst/m_depth_commit_reg_0> of sequential type is unconnected in block <fpga>.
WARNING:Xst:2677 - Node <core_inst/eth_mac_inst/tx_fifo/fifo_inst/m_depth_reg_11> of sequential type is unconnected in block <fpga>.
WARNING:Xst:2677 - Node <core_inst/eth_mac_inst/tx_fifo/fifo_inst/m_depth_reg_10> of sequential type is unconnected in block <fpga>.
WARNING:Xst:2677 - Node <core_inst/eth_mac_inst/tx_fifo/fifo_inst/m_depth_reg_9> of sequential type is unconnected in block <fpga>.
WARNING:Xst:2677 - Node <core_inst/eth_mac_inst/tx_fifo/fifo_inst/m_depth_reg_8> of sequential type is unconnected in block <fpga>.
WARNING:Xst:2677 - Node <core_inst/eth_mac_inst/tx_fifo/fifo_inst/m_depth_reg_7> of sequential type is unconnected in block <fpga>.
WARNING:Xst:2677 - Node <core_inst/eth_mac_inst/tx_fifo/fifo_inst/m_depth_reg_6> of sequential type is unconnected in block <fpga>.
WARNING:Xst:2677 - Node <core_inst/eth_mac_inst/tx_fifo/fifo_inst/m_depth_reg_5> of sequential type is unconnected in block <fpga>.
WARNING:Xst:2677 - Node <core_inst/eth_mac_inst/tx_fifo/fifo_inst/m_depth_reg_4> of sequential type is unconnected in block <fpga>.
WARNING:Xst:2677 - Node <core_inst/eth_mac_inst/tx_fifo/fifo_inst/m_depth_reg_3> of sequential type is unconnected in block <fpga>.
WARNING:Xst:2677 - Node <core_inst/eth_mac_inst/tx_fifo/fifo_inst/m_depth_reg_2> of sequential type is unconnected in block <fpga>.
WARNING:Xst:2677 - Node <core_inst/eth_mac_inst/tx_fifo/fifo_inst/m_depth_reg_1> of sequential type is unconnected in block <fpga>.
WARNING:Xst:2677 - Node <core_inst/eth_mac_inst/tx_fifo/fifo_inst/m_depth_reg_0> of sequential type is unconnected in block <fpga>.
WARNING:Xst:2677 - Node <core_inst/eth_mac_inst/tx_fifo/fifo_inst/wr_ptr_conv_reg_11> of sequential type is unconnected in block <fpga>.
WARNING:Xst:2677 - Node <core_inst/eth_mac_inst/tx_fifo/fifo_inst/wr_ptr_conv_reg_10> of sequential type is unconnected in block <fpga>.
WARNING:Xst:2677 - Node <core_inst/eth_mac_inst/tx_fifo/fifo_inst/wr_ptr_conv_reg_9> of sequential type is unconnected in block <fpga>.
WARNING:Xst:2677 - Node <core_inst/eth_mac_inst/tx_fifo/fifo_inst/wr_ptr_conv_reg_8> of sequential type is unconnected in block <fpga>.
WARNING:Xst:2677 - Node <core_inst/eth_mac_inst/tx_fifo/fifo_inst/wr_ptr_conv_reg_7> of sequential type is unconnected in block <fpga>.
WARNING:Xst:2677 - Node <core_inst/eth_mac_inst/tx_fifo/fifo_inst/wr_ptr_conv_reg_6> of sequential type is unconnected in block <fpga>.
WARNING:Xst:2677 - Node <core_inst/eth_mac_inst/tx_fifo/fifo_inst/wr_ptr_conv_reg_5> of sequential type is unconnected in block <fpga>.
WARNING:Xst:2677 - Node <core_inst/eth_mac_inst/tx_fifo/fifo_inst/wr_ptr_conv_reg_4> of sequential type is unconnected in block <fpga>.
WARNING:Xst:2677 - Node <core_inst/eth_mac_inst/tx_fifo/fifo_inst/wr_ptr_conv_reg_3> of sequential type is unconnected in block <fpga>.
WARNING:Xst:2677 - Node <core_inst/eth_mac_inst/tx_fifo/fifo_inst/wr_ptr_conv_reg_2> of sequential type is unconnected in block <fpga>.
WARNING:Xst:2677 - Node <core_inst/eth_mac_inst/tx_fifo/fifo_inst/wr_ptr_conv_reg_1> of sequential type is unconnected in block <fpga>.
WARNING:Xst:2677 - Node <core_inst/eth_mac_inst/tx_fifo/fifo_inst/wr_ptr_conv_reg_0> of sequential type is unconnected in block <fpga>.
WARNING:Xst:2677 - Node <core_inst/eth_mac_inst/tx_fifo/fifo_inst/s_depth_commit_reg_11> of sequential type is unconnected in block <fpga>.
WARNING:Xst:2677 - Node <core_inst/eth_mac_inst/tx_fifo/fifo_inst/s_depth_commit_reg_10> of sequential type is unconnected in block <fpga>.
WARNING:Xst:2677 - Node <core_inst/eth_mac_inst/tx_fifo/fifo_inst/s_depth_commit_reg_9> of sequential type is unconnected in block <fpga>.
WARNING:Xst:2677 - Node <core_inst/eth_mac_inst/tx_fifo/fifo_inst/s_depth_commit_reg_8> of sequential type is unconnected in block <fpga>.
WARNING:Xst:2677 - Node <core_inst/eth_mac_inst/tx_fifo/fifo_inst/s_depth_commit_reg_7> of sequential type is unconnected in block <fpga>.
WARNING:Xst:2677 - Node <core_inst/eth_mac_inst/tx_fifo/fifo_inst/s_depth_commit_reg_6> of sequential type is unconnected in block <fpga>.
WARNING:Xst:2677 - Node <core_inst/eth_mac_inst/tx_fifo/fifo_inst/s_depth_commit_reg_5> of sequential type is unconnected in block <fpga>.
WARNING:Xst:2677 - Node <core_inst/eth_mac_inst/tx_fifo/fifo_inst/s_depth_commit_reg_4> of sequential type is unconnected in block <fpga>.
WARNING:Xst:2677 - Node <core_inst/eth_mac_inst/tx_fifo/fifo_inst/s_depth_commit_reg_3> of sequential type is unconnected in block <fpga>.
WARNING:Xst:2677 - Node <core_inst/eth_mac_inst/tx_fifo/fifo_inst/s_depth_commit_reg_2> of sequential type is unconnected in block <fpga>.
WARNING:Xst:2677 - Node <core_inst/eth_mac_inst/tx_fifo/fifo_inst/s_depth_commit_reg_1> of sequential type is unconnected in block <fpga>.
WARNING:Xst:2677 - Node <core_inst/eth_mac_inst/tx_fifo/fifo_inst/s_depth_commit_reg_0> of sequential type is unconnected in block <fpga>.
WARNING:Xst:2677 - Node <core_inst/eth_mac_inst/tx_fifo/fifo_inst/s_depth_reg_11> of sequential type is unconnected in block <fpga>.
WARNING:Xst:2677 - Node <core_inst/eth_mac_inst/tx_fifo/fifo_inst/s_depth_reg_10> of sequential type is unconnected in block <fpga>.
WARNING:Xst:2677 - Node <core_inst/eth_mac_inst/tx_fifo/fifo_inst/s_depth_reg_9> of sequential type is unconnected in block <fpga>.
WARNING:Xst:2677 - Node <core_inst/eth_mac_inst/tx_fifo/fifo_inst/s_depth_reg_8> of sequential type is unconnected in block <fpga>.
WARNING:Xst:2677 - Node <core_inst/eth_mac_inst/tx_fifo/fifo_inst/s_depth_reg_7> of sequential type is unconnected in block <fpga>.
WARNING:Xst:2677 - Node <core_inst/eth_mac_inst/tx_fifo/fifo_inst/s_depth_reg_6> of sequential type is unconnected in block <fpga>.
WARNING:Xst:2677 - Node <core_inst/eth_mac_inst/tx_fifo/fifo_inst/s_depth_reg_5> of sequential type is unconnected in block <fpga>.
WARNING:Xst:2677 - Node <core_inst/eth_mac_inst/tx_fifo/fifo_inst/s_depth_reg_4> of sequential type is unconnected in block <fpga>.
WARNING:Xst:2677 - Node <core_inst/eth_mac_inst/tx_fifo/fifo_inst/s_depth_reg_3> of sequential type is unconnected in block <fpga>.
WARNING:Xst:2677 - Node <core_inst/eth_mac_inst/tx_fifo/fifo_inst/s_depth_reg_2> of sequential type is unconnected in block <fpga>.
WARNING:Xst:2677 - Node <core_inst/eth_mac_inst/tx_fifo/fifo_inst/s_depth_reg_1> of sequential type is unconnected in block <fpga>.
WARNING:Xst:2677 - Node <core_inst/eth_mac_inst/tx_fifo/fifo_inst/s_depth_reg_0> of sequential type is unconnected in block <fpga>.
WARNING:Xst:2677 - Node <core_inst/eth_mac_inst/tx_fifo/fifo_inst/wr_ptr_gray_sync2_reg_11> of sequential type is unconnected in block <fpga>.
WARNING:Xst:2677 - Node <core_inst/eth_mac_inst/tx_fifo/fifo_inst/wr_ptr_gray_sync2_reg_10> of sequential type is unconnected in block <fpga>.
WARNING:Xst:2677 - Node <core_inst/eth_mac_inst/tx_fifo/fifo_inst/wr_ptr_gray_sync2_reg_9> of sequential type is unconnected in block <fpga>.
WARNING:Xst:2677 - Node <core_inst/eth_mac_inst/tx_fifo/fifo_inst/wr_ptr_gray_sync2_reg_8> of sequential type is unconnected in block <fpga>.
WARNING:Xst:2677 - Node <core_inst/eth_mac_inst/tx_fifo/fifo_inst/wr_ptr_gray_sync2_reg_7> of sequential type is unconnected in block <fpga>.
WARNING:Xst:2677 - Node <core_inst/eth_mac_inst/tx_fifo/fifo_inst/wr_ptr_gray_sync2_reg_6> of sequential type is unconnected in block <fpga>.
WARNING:Xst:2677 - Node <core_inst/eth_mac_inst/tx_fifo/fifo_inst/wr_ptr_gray_sync2_reg_5> of sequential type is unconnected in block <fpga>.
WARNING:Xst:2677 - Node <core_inst/eth_mac_inst/tx_fifo/fifo_inst/wr_ptr_gray_sync2_reg_4> of sequential type is unconnected in block <fpga>.
WARNING:Xst:2677 - Node <core_inst/eth_mac_inst/tx_fifo/fifo_inst/wr_ptr_gray_sync2_reg_3> of sequential type is unconnected in block <fpga>.
WARNING:Xst:2677 - Node <core_inst/eth_mac_inst/tx_fifo/fifo_inst/wr_ptr_gray_sync2_reg_2> of sequential type is unconnected in block <fpga>.
WARNING:Xst:2677 - Node <core_inst/eth_mac_inst/tx_fifo/fifo_inst/wr_ptr_gray_sync2_reg_1> of sequential type is unconnected in block <fpga>.
WARNING:Xst:2677 - Node <core_inst/eth_mac_inst/tx_fifo/fifo_inst/wr_ptr_gray_sync2_reg_0> of sequential type is unconnected in block <fpga>.
WARNING:Xst:2677 - Node <core_inst/eth_mac_inst/tx_fifo/fifo_inst/wr_ptr_gray_sync1_reg_11> of sequential type is unconnected in block <fpga>.
WARNING:Xst:2677 - Node <core_inst/eth_mac_inst/tx_fifo/fifo_inst/wr_ptr_gray_sync1_reg_10> of sequential type is unconnected in block <fpga>.
WARNING:Xst:2677 - Node <core_inst/eth_mac_inst/tx_fifo/fifo_inst/wr_ptr_gray_sync1_reg_9> of sequential type is unconnected in block <fpga>.
WARNING:Xst:2677 - Node <core_inst/eth_mac_inst/tx_fifo/fifo_inst/wr_ptr_gray_sync1_reg_8> of sequential type is unconnected in block <fpga>.
WARNING:Xst:2677 - Node <core_inst/eth_mac_inst/tx_fifo/fifo_inst/wr_ptr_gray_sync1_reg_7> of sequential type is unconnected in block <fpga>.
WARNING:Xst:2677 - Node <core_inst/eth_mac_inst/tx_fifo/fifo_inst/wr_ptr_gray_sync1_reg_6> of sequential type is unconnected in block <fpga>.
WARNING:Xst:2677 - Node <core_inst/eth_mac_inst/tx_fifo/fifo_inst/wr_ptr_gray_sync1_reg_5> of sequential type is unconnected in block <fpga>.
WARNING:Xst:2677 - Node <core_inst/eth_mac_inst/tx_fifo/fifo_inst/wr_ptr_gray_sync1_reg_4> of sequential type is unconnected in block <fpga>.
WARNING:Xst:2677 - Node <core_inst/eth_mac_inst/tx_fifo/fifo_inst/wr_ptr_gray_sync1_reg_3> of sequential type is unconnected in block <fpga>.
WARNING:Xst:2677 - Node <core_inst/eth_mac_inst/tx_fifo/fifo_inst/wr_ptr_gray_sync1_reg_2> of sequential type is unconnected in block <fpga>.
WARNING:Xst:2677 - Node <core_inst/eth_mac_inst/tx_fifo/fifo_inst/wr_ptr_gray_sync1_reg_1> of sequential type is unconnected in block <fpga>.
WARNING:Xst:2677 - Node <core_inst/eth_mac_inst/tx_fifo/fifo_inst/wr_ptr_gray_sync1_reg_0> of sequential type is unconnected in block <fpga>.
WARNING:Xst:2677 - Node <core_inst/eth_mac_inst/tx_fifo/fifo_inst/rd_ptr_conv_reg_11> of sequential type is unconnected in block <fpga>.
WARNING:Xst:2677 - Node <core_inst/eth_mac_inst/tx_fifo/fifo_inst/rd_ptr_conv_reg_10> of sequential type is unconnected in block <fpga>.
WARNING:Xst:2677 - Node <core_inst/eth_mac_inst/tx_fifo/fifo_inst/rd_ptr_conv_reg_9> of sequential type is unconnected in block <fpga>.
WARNING:Xst:2677 - Node <core_inst/eth_mac_inst/tx_fifo/fifo_inst/rd_ptr_conv_reg_8> of sequential type is unconnected in block <fpga>.
WARNING:Xst:2677 - Node <core_inst/eth_mac_inst/tx_fifo/fifo_inst/rd_ptr_conv_reg_7> of sequential type is unconnected in block <fpga>.
WARNING:Xst:2677 - Node <core_inst/eth_mac_inst/tx_fifo/fifo_inst/rd_ptr_conv_reg_6> of sequential type is unconnected in block <fpga>.
WARNING:Xst:2677 - Node <core_inst/eth_mac_inst/tx_fifo/fifo_inst/rd_ptr_conv_reg_5> of sequential type is unconnected in block <fpga>.
WARNING:Xst:2677 - Node <core_inst/eth_mac_inst/tx_fifo/fifo_inst/rd_ptr_conv_reg_4> of sequential type is unconnected in block <fpga>.
WARNING:Xst:2677 - Node <core_inst/eth_mac_inst/tx_fifo/fifo_inst/rd_ptr_conv_reg_3> of sequential type is unconnected in block <fpga>.
WARNING:Xst:2677 - Node <core_inst/eth_mac_inst/tx_fifo/fifo_inst/rd_ptr_conv_reg_2> of sequential type is unconnected in block <fpga>.
WARNING:Xst:2677 - Node <core_inst/eth_mac_inst/tx_fifo/fifo_inst/rd_ptr_conv_reg_1> of sequential type is unconnected in block <fpga>.
WARNING:Xst:2677 - Node <core_inst/eth_mac_inst/tx_fifo/fifo_inst/rd_ptr_conv_reg_0> of sequential type is unconnected in block <fpga>.
WARNING:Xst:2677 - Node <core_inst/eth_mac_inst/tx_fifo/fifo_inst/good_frame_sync3_reg> of sequential type is unconnected in block <fpga>.
WARNING:Xst:2677 - Node <core_inst/eth_mac_inst/tx_fifo/fifo_inst/good_frame_sync4_reg> of sequential type is unconnected in block <fpga>.
WARNING:Xst:2677 - Node <core_inst/eth_mac_inst/tx_fifo/fifo_inst/bad_frame_sync3_reg> of sequential type is unconnected in block <fpga>.
WARNING:Xst:2677 - Node <core_inst/eth_mac_inst/tx_fifo/fifo_inst/bad_frame_sync4_reg> of sequential type is unconnected in block <fpga>.
WARNING:Xst:2677 - Node <core_inst/eth_mac_inst/tx_fifo/fifo_inst/good_frame_sync2_reg> of sequential type is unconnected in block <fpga>.
WARNING:Xst:2677 - Node <core_inst/eth_mac_inst/tx_fifo/fifo_inst/overflow_sync3_reg> of sequential type is unconnected in block <fpga>.
WARNING:Xst:2677 - Node <core_inst/eth_mac_inst/tx_fifo/fifo_inst/overflow_sync4_reg> of sequential type is unconnected in block <fpga>.
WARNING:Xst:2677 - Node <core_inst/eth_mac_inst/tx_fifo/fifo_inst/bad_frame_sync2_reg> of sequential type is unconnected in block <fpga>.
WARNING:Xst:2677 - Node <core_inst/eth_mac_inst/tx_fifo/fifo_inst/good_frame_sync1_reg> of sequential type is unconnected in block <fpga>.
WARNING:Xst:2677 - Node <core_inst/eth_mac_inst/tx_fifo/fifo_inst/overflow_sync2_reg> of sequential type is unconnected in block <fpga>.
WARNING:Xst:2677 - Node <core_inst/eth_mac_inst/tx_fifo/fifo_inst/bad_frame_sync1_reg> of sequential type is unconnected in block <fpga>.
WARNING:Xst:2677 - Node <core_inst/eth_mac_inst/tx_fifo/fifo_inst/overflow_sync1_reg> of sequential type is unconnected in block <fpga>.
WARNING:Xst:2677 - Node <core_inst/eth_mac_inst/eth_mac_1g_rgmii_inst/eth_mac_1g_inst/axis_gmii_tx_inst/start_packet_reg> of sequential type is unconnected in block <fpga>.
WARNING:Xst:2677 - Node <core_inst/eth_mac_inst/eth_mac_1g_rgmii_inst/eth_mac_1g_inst/axis_gmii_tx_inst/error_underflow_reg> of sequential type is unconnected in block <fpga>.
WARNING:Xst:2677 - Node <core_inst/eth_mac_inst/eth_mac_1g_rgmii_inst/eth_mac_1g_inst/axis_gmii_tx_inst/start_packet_int_reg> of sequential type is unconnected in block <fpga>.
WARNING:Xst:2677 - Node <core_inst/eth_mac_inst/eth_mac_1g_rgmii_inst/eth_mac_1g_inst/axis_gmii_rx_inst/start_packet_reg> of sequential type is unconnected in block <fpga>.
WARNING:Xst:2677 - Node <core_inst/eth_mac_inst/eth_mac_1g_rgmii_inst/eth_mac_1g_inst/axis_gmii_rx_inst/start_packet_int_reg> of sequential type is unconnected in block <fpga>.
WARNING:Xst:2677 - Node <core_inst/eth_mac_inst/rx_fifo/fifo_inst/m_depth_commit_reg_11> of sequential type is unconnected in block <fpga>.
WARNING:Xst:2677 - Node <core_inst/eth_mac_inst/rx_fifo/fifo_inst/m_depth_commit_reg_10> of sequential type is unconnected in block <fpga>.
WARNING:Xst:2677 - Node <core_inst/eth_mac_inst/rx_fifo/fifo_inst/m_depth_commit_reg_9> of sequential type is unconnected in block <fpga>.
WARNING:Xst:2677 - Node <core_inst/eth_mac_inst/rx_fifo/fifo_inst/m_depth_commit_reg_8> of sequential type is unconnected in block <fpga>.
WARNING:Xst:2677 - Node <core_inst/eth_mac_inst/rx_fifo/fifo_inst/m_depth_commit_reg_7> of sequential type is unconnected in block <fpga>.
WARNING:Xst:2677 - Node <core_inst/eth_mac_inst/rx_fifo/fifo_inst/m_depth_commit_reg_6> of sequential type is unconnected in block <fpga>.
WARNING:Xst:2677 - Node <core_inst/eth_mac_inst/rx_fifo/fifo_inst/m_depth_commit_reg_5> of sequential type is unconnected in block <fpga>.
WARNING:Xst:2677 - Node <core_inst/eth_mac_inst/rx_fifo/fifo_inst/m_depth_commit_reg_4> of sequential type is unconnected in block <fpga>.
WARNING:Xst:2677 - Node <core_inst/eth_mac_inst/rx_fifo/fifo_inst/m_depth_commit_reg_3> of sequential type is unconnected in block <fpga>.
WARNING:Xst:2677 - Node <core_inst/eth_mac_inst/rx_fifo/fifo_inst/m_depth_commit_reg_2> of sequential type is unconnected in block <fpga>.
WARNING:Xst:2677 - Node <core_inst/eth_mac_inst/rx_fifo/fifo_inst/m_depth_commit_reg_1> of sequential type is unconnected in block <fpga>.
WARNING:Xst:2677 - Node <core_inst/eth_mac_inst/rx_fifo/fifo_inst/m_depth_commit_reg_0> of sequential type is unconnected in block <fpga>.
WARNING:Xst:2677 - Node <core_inst/eth_mac_inst/rx_fifo/fifo_inst/m_depth_reg_11> of sequential type is unconnected in block <fpga>.
WARNING:Xst:2677 - Node <core_inst/eth_mac_inst/rx_fifo/fifo_inst/m_depth_reg_10> of sequential type is unconnected in block <fpga>.
WARNING:Xst:2677 - Node <core_inst/eth_mac_inst/rx_fifo/fifo_inst/m_depth_reg_9> of sequential type is unconnected in block <fpga>.
WARNING:Xst:2677 - Node <core_inst/eth_mac_inst/rx_fifo/fifo_inst/m_depth_reg_8> of sequential type is unconnected in block <fpga>.
WARNING:Xst:2677 - Node <core_inst/eth_mac_inst/rx_fifo/fifo_inst/m_depth_reg_7> of sequential type is unconnected in block <fpga>.
WARNING:Xst:2677 - Node <core_inst/eth_mac_inst/rx_fifo/fifo_inst/m_depth_reg_6> of sequential type is unconnected in block <fpga>.
WARNING:Xst:2677 - Node <core_inst/eth_mac_inst/rx_fifo/fifo_inst/m_depth_reg_5> of sequential type is unconnected in block <fpga>.
WARNING:Xst:2677 - Node <core_inst/eth_mac_inst/rx_fifo/fifo_inst/m_depth_reg_4> of sequential type is unconnected in block <fpga>.
WARNING:Xst:2677 - Node <core_inst/eth_mac_inst/rx_fifo/fifo_inst/m_depth_reg_3> of sequential type is unconnected in block <fpga>.
WARNING:Xst:2677 - Node <core_inst/eth_mac_inst/rx_fifo/fifo_inst/m_depth_reg_2> of sequential type is unconnected in block <fpga>.
WARNING:Xst:2677 - Node <core_inst/eth_mac_inst/rx_fifo/fifo_inst/m_depth_reg_1> of sequential type is unconnected in block <fpga>.
WARNING:Xst:2677 - Node <core_inst/eth_mac_inst/rx_fifo/fifo_inst/m_depth_reg_0> of sequential type is unconnected in block <fpga>.
WARNING:Xst:2677 - Node <core_inst/eth_mac_inst/rx_fifo/fifo_inst/wr_ptr_conv_reg_11> of sequential type is unconnected in block <fpga>.
WARNING:Xst:2677 - Node <core_inst/eth_mac_inst/rx_fifo/fifo_inst/wr_ptr_conv_reg_10> of sequential type is unconnected in block <fpga>.
WARNING:Xst:2677 - Node <core_inst/eth_mac_inst/rx_fifo/fifo_inst/wr_ptr_conv_reg_9> of sequential type is unconnected in block <fpga>.
WARNING:Xst:2677 - Node <core_inst/eth_mac_inst/rx_fifo/fifo_inst/wr_ptr_conv_reg_8> of sequential type is unconnected in block <fpga>.
WARNING:Xst:2677 - Node <core_inst/eth_mac_inst/rx_fifo/fifo_inst/wr_ptr_conv_reg_7> of sequential type is unconnected in block <fpga>.
WARNING:Xst:2677 - Node <core_inst/eth_mac_inst/rx_fifo/fifo_inst/wr_ptr_conv_reg_6> of sequential type is unconnected in block <fpga>.
WARNING:Xst:2677 - Node <core_inst/eth_mac_inst/rx_fifo/fifo_inst/wr_ptr_conv_reg_5> of sequential type is unconnected in block <fpga>.
WARNING:Xst:2677 - Node <core_inst/eth_mac_inst/rx_fifo/fifo_inst/wr_ptr_conv_reg_4> of sequential type is unconnected in block <fpga>.
WARNING:Xst:2677 - Node <core_inst/eth_mac_inst/rx_fifo/fifo_inst/wr_ptr_conv_reg_3> of sequential type is unconnected in block <fpga>.
WARNING:Xst:2677 - Node <core_inst/eth_mac_inst/rx_fifo/fifo_inst/wr_ptr_conv_reg_2> of sequential type is unconnected in block <fpga>.
WARNING:Xst:2677 - Node <core_inst/eth_mac_inst/rx_fifo/fifo_inst/wr_ptr_conv_reg_1> of sequential type is unconnected in block <fpga>.
WARNING:Xst:2677 - Node <core_inst/eth_mac_inst/rx_fifo/fifo_inst/wr_ptr_conv_reg_0> of sequential type is unconnected in block <fpga>.
WARNING:Xst:2677 - Node <core_inst/eth_mac_inst/rx_fifo/fifo_inst/s_depth_commit_reg_11> of sequential type is unconnected in block <fpga>.
WARNING:Xst:2677 - Node <core_inst/eth_mac_inst/rx_fifo/fifo_inst/s_depth_commit_reg_10> of sequential type is unconnected in block <fpga>.
WARNING:Xst:2677 - Node <core_inst/eth_mac_inst/rx_fifo/fifo_inst/s_depth_commit_reg_9> of sequential type is unconnected in block <fpga>.
WARNING:Xst:2677 - Node <core_inst/eth_mac_inst/rx_fifo/fifo_inst/s_depth_commit_reg_8> of sequential type is unconnected in block <fpga>.
WARNING:Xst:2677 - Node <core_inst/eth_mac_inst/rx_fifo/fifo_inst/s_depth_commit_reg_7> of sequential type is unconnected in block <fpga>.
WARNING:Xst:2677 - Node <core_inst/eth_mac_inst/rx_fifo/fifo_inst/s_depth_commit_reg_6> of sequential type is unconnected in block <fpga>.
WARNING:Xst:2677 - Node <core_inst/eth_mac_inst/rx_fifo/fifo_inst/s_depth_commit_reg_5> of sequential type is unconnected in block <fpga>.
WARNING:Xst:2677 - Node <core_inst/eth_mac_inst/rx_fifo/fifo_inst/s_depth_commit_reg_4> of sequential type is unconnected in block <fpga>.
WARNING:Xst:2677 - Node <core_inst/eth_mac_inst/rx_fifo/fifo_inst/s_depth_commit_reg_3> of sequential type is unconnected in block <fpga>.
WARNING:Xst:2677 - Node <core_inst/eth_mac_inst/rx_fifo/fifo_inst/s_depth_commit_reg_2> of sequential type is unconnected in block <fpga>.
WARNING:Xst:2677 - Node <core_inst/eth_mac_inst/rx_fifo/fifo_inst/s_depth_commit_reg_1> of sequential type is unconnected in block <fpga>.
WARNING:Xst:2677 - Node <core_inst/eth_mac_inst/rx_fifo/fifo_inst/s_depth_commit_reg_0> of sequential type is unconnected in block <fpga>.
WARNING:Xst:2677 - Node <core_inst/eth_mac_inst/rx_fifo/fifo_inst/s_depth_reg_11> of sequential type is unconnected in block <fpga>.
WARNING:Xst:2677 - Node <core_inst/eth_mac_inst/rx_fifo/fifo_inst/s_depth_reg_10> of sequential type is unconnected in block <fpga>.
WARNING:Xst:2677 - Node <core_inst/eth_mac_inst/rx_fifo/fifo_inst/s_depth_reg_9> of sequential type is unconnected in block <fpga>.
WARNING:Xst:2677 - Node <core_inst/eth_mac_inst/rx_fifo/fifo_inst/s_depth_reg_8> of sequential type is unconnected in block <fpga>.
WARNING:Xst:2677 - Node <core_inst/eth_mac_inst/rx_fifo/fifo_inst/s_depth_reg_7> of sequential type is unconnected in block <fpga>.
WARNING:Xst:2677 - Node <core_inst/eth_mac_inst/rx_fifo/fifo_inst/s_depth_reg_6> of sequential type is unconnected in block <fpga>.
WARNING:Xst:2677 - Node <core_inst/eth_mac_inst/rx_fifo/fifo_inst/s_depth_reg_5> of sequential type is unconnected in block <fpga>.
WARNING:Xst:2677 - Node <core_inst/eth_mac_inst/rx_fifo/fifo_inst/s_depth_reg_4> of sequential type is unconnected in block <fpga>.
WARNING:Xst:2677 - Node <core_inst/eth_mac_inst/rx_fifo/fifo_inst/s_depth_reg_3> of sequential type is unconnected in block <fpga>.
WARNING:Xst:2677 - Node <core_inst/eth_mac_inst/rx_fifo/fifo_inst/s_depth_reg_2> of sequential type is unconnected in block <fpga>.
WARNING:Xst:2677 - Node <core_inst/eth_mac_inst/rx_fifo/fifo_inst/s_depth_reg_1> of sequential type is unconnected in block <fpga>.
WARNING:Xst:2677 - Node <core_inst/eth_mac_inst/rx_fifo/fifo_inst/s_depth_reg_0> of sequential type is unconnected in block <fpga>.
WARNING:Xst:2677 - Node <core_inst/eth_mac_inst/rx_fifo/fifo_inst/wr_ptr_gray_sync2_reg_11> of sequential type is unconnected in block <fpga>.
WARNING:Xst:2677 - Node <core_inst/eth_mac_inst/rx_fifo/fifo_inst/wr_ptr_gray_sync2_reg_10> of sequential type is unconnected in block <fpga>.
WARNING:Xst:2677 - Node <core_inst/eth_mac_inst/rx_fifo/fifo_inst/wr_ptr_gray_sync2_reg_9> of sequential type is unconnected in block <fpga>.
WARNING:Xst:2677 - Node <core_inst/eth_mac_inst/rx_fifo/fifo_inst/wr_ptr_gray_sync2_reg_8> of sequential type is unconnected in block <fpga>.
WARNING:Xst:2677 - Node <core_inst/eth_mac_inst/rx_fifo/fifo_inst/wr_ptr_gray_sync2_reg_7> of sequential type is unconnected in block <fpga>.
WARNING:Xst:2677 - Node <core_inst/eth_mac_inst/rx_fifo/fifo_inst/wr_ptr_gray_sync2_reg_6> of sequential type is unconnected in block <fpga>.
WARNING:Xst:2677 - Node <core_inst/eth_mac_inst/rx_fifo/fifo_inst/wr_ptr_gray_sync2_reg_5> of sequential type is unconnected in block <fpga>.
WARNING:Xst:2677 - Node <core_inst/eth_mac_inst/rx_fifo/fifo_inst/wr_ptr_gray_sync2_reg_4> of sequential type is unconnected in block <fpga>.
WARNING:Xst:2677 - Node <core_inst/eth_mac_inst/rx_fifo/fifo_inst/wr_ptr_gray_sync2_reg_3> of sequential type is unconnected in block <fpga>.
WARNING:Xst:2677 - Node <core_inst/eth_mac_inst/rx_fifo/fifo_inst/wr_ptr_gray_sync2_reg_2> of sequential type is unconnected in block <fpga>.
WARNING:Xst:2677 - Node <core_inst/eth_mac_inst/rx_fifo/fifo_inst/wr_ptr_gray_sync2_reg_1> of sequential type is unconnected in block <fpga>.
WARNING:Xst:2677 - Node <core_inst/eth_mac_inst/rx_fifo/fifo_inst/wr_ptr_gray_sync2_reg_0> of sequential type is unconnected in block <fpga>.
WARNING:Xst:2677 - Node <core_inst/eth_mac_inst/rx_fifo/fifo_inst/wr_ptr_gray_sync1_reg_11> of sequential type is unconnected in block <fpga>.
WARNING:Xst:2677 - Node <core_inst/eth_mac_inst/rx_fifo/fifo_inst/wr_ptr_gray_sync1_reg_10> of sequential type is unconnected in block <fpga>.
WARNING:Xst:2677 - Node <core_inst/eth_mac_inst/rx_fifo/fifo_inst/wr_ptr_gray_sync1_reg_9> of sequential type is unconnected in block <fpga>.
WARNING:Xst:2677 - Node <core_inst/eth_mac_inst/rx_fifo/fifo_inst/wr_ptr_gray_sync1_reg_8> of sequential type is unconnected in block <fpga>.
WARNING:Xst:2677 - Node <core_inst/eth_mac_inst/rx_fifo/fifo_inst/wr_ptr_gray_sync1_reg_7> of sequential type is unconnected in block <fpga>.
WARNING:Xst:2677 - Node <core_inst/eth_mac_inst/rx_fifo/fifo_inst/wr_ptr_gray_sync1_reg_6> of sequential type is unconnected in block <fpga>.
WARNING:Xst:2677 - Node <core_inst/eth_mac_inst/rx_fifo/fifo_inst/wr_ptr_gray_sync1_reg_5> of sequential type is unconnected in block <fpga>.
WARNING:Xst:2677 - Node <core_inst/eth_mac_inst/rx_fifo/fifo_inst/wr_ptr_gray_sync1_reg_4> of sequential type is unconnected in block <fpga>.
WARNING:Xst:2677 - Node <core_inst/eth_mac_inst/rx_fifo/fifo_inst/wr_ptr_gray_sync1_reg_3> of sequential type is unconnected in block <fpga>.
WARNING:Xst:2677 - Node <core_inst/eth_mac_inst/rx_fifo/fifo_inst/wr_ptr_gray_sync1_reg_2> of sequential type is unconnected in block <fpga>.
WARNING:Xst:2677 - Node <core_inst/eth_mac_inst/rx_fifo/fifo_inst/wr_ptr_gray_sync1_reg_1> of sequential type is unconnected in block <fpga>.
WARNING:Xst:2677 - Node <core_inst/eth_mac_inst/rx_fifo/fifo_inst/wr_ptr_gray_sync1_reg_0> of sequential type is unconnected in block <fpga>.
WARNING:Xst:2677 - Node <core_inst/eth_mac_inst/rx_fifo/fifo_inst/rd_ptr_conv_reg_11> of sequential type is unconnected in block <fpga>.
WARNING:Xst:2677 - Node <core_inst/eth_mac_inst/rx_fifo/fifo_inst/rd_ptr_conv_reg_10> of sequential type is unconnected in block <fpga>.
WARNING:Xst:2677 - Node <core_inst/eth_mac_inst/rx_fifo/fifo_inst/rd_ptr_conv_reg_9> of sequential type is unconnected in block <fpga>.
WARNING:Xst:2677 - Node <core_inst/eth_mac_inst/rx_fifo/fifo_inst/rd_ptr_conv_reg_8> of sequential type is unconnected in block <fpga>.
WARNING:Xst:2677 - Node <core_inst/eth_mac_inst/rx_fifo/fifo_inst/rd_ptr_conv_reg_7> of sequential type is unconnected in block <fpga>.
WARNING:Xst:2677 - Node <core_inst/eth_mac_inst/rx_fifo/fifo_inst/rd_ptr_conv_reg_6> of sequential type is unconnected in block <fpga>.
WARNING:Xst:2677 - Node <core_inst/eth_mac_inst/rx_fifo/fifo_inst/rd_ptr_conv_reg_5> of sequential type is unconnected in block <fpga>.
WARNING:Xst:2677 - Node <core_inst/eth_mac_inst/rx_fifo/fifo_inst/rd_ptr_conv_reg_4> of sequential type is unconnected in block <fpga>.
WARNING:Xst:2677 - Node <core_inst/eth_mac_inst/rx_fifo/fifo_inst/rd_ptr_conv_reg_3> of sequential type is unconnected in block <fpga>.
WARNING:Xst:2677 - Node <core_inst/eth_mac_inst/rx_fifo/fifo_inst/rd_ptr_conv_reg_2> of sequential type is unconnected in block <fpga>.
WARNING:Xst:2677 - Node <core_inst/eth_mac_inst/rx_fifo/fifo_inst/rd_ptr_conv_reg_1> of sequential type is unconnected in block <fpga>.
WARNING:Xst:2677 - Node <core_inst/eth_mac_inst/rx_fifo/fifo_inst/rd_ptr_conv_reg_0> of sequential type is unconnected in block <fpga>.
WARNING:Xst:2677 - Node <core_inst/eth_axis_rx_inst/m_eth_dest_mac_reg_47> of sequential type is unconnected in block <fpga>.
WARNING:Xst:2677 - Node <core_inst/eth_axis_rx_inst/m_eth_dest_mac_reg_46> of sequential type is unconnected in block <fpga>.
WARNING:Xst:2677 - Node <core_inst/eth_axis_rx_inst/m_eth_dest_mac_reg_45> of sequential type is unconnected in block <fpga>.
WARNING:Xst:2677 - Node <core_inst/eth_axis_rx_inst/m_eth_dest_mac_reg_44> of sequential type is unconnected in block <fpga>.
WARNING:Xst:2677 - Node <core_inst/eth_axis_rx_inst/m_eth_dest_mac_reg_43> of sequential type is unconnected in block <fpga>.
WARNING:Xst:2677 - Node <core_inst/eth_axis_rx_inst/m_eth_dest_mac_reg_42> of sequential type is unconnected in block <fpga>.
WARNING:Xst:2677 - Node <core_inst/eth_axis_rx_inst/m_eth_dest_mac_reg_41> of sequential type is unconnected in block <fpga>.
WARNING:Xst:2677 - Node <core_inst/eth_axis_rx_inst/m_eth_dest_mac_reg_40> of sequential type is unconnected in block <fpga>.
WARNING:Xst:2677 - Node <core_inst/eth_axis_rx_inst/m_eth_dest_mac_reg_39> of sequential type is unconnected in block <fpga>.
WARNING:Xst:2677 - Node <core_inst/eth_axis_rx_inst/m_eth_dest_mac_reg_38> of sequential type is unconnected in block <fpga>.
WARNING:Xst:2677 - Node <core_inst/eth_axis_rx_inst/m_eth_dest_mac_reg_37> of sequential type is unconnected in block <fpga>.
WARNING:Xst:2677 - Node <core_inst/eth_axis_rx_inst/m_eth_dest_mac_reg_36> of sequential type is unconnected in block <fpga>.
WARNING:Xst:2677 - Node <core_inst/eth_axis_rx_inst/m_eth_dest_mac_reg_35> of sequential type is unconnected in block <fpga>.
WARNING:Xst:2677 - Node <core_inst/eth_axis_rx_inst/m_eth_dest_mac_reg_34> of sequential type is unconnected in block <fpga>.
WARNING:Xst:2677 - Node <core_inst/eth_axis_rx_inst/m_eth_dest_mac_reg_33> of sequential type is unconnected in block <fpga>.
WARNING:Xst:2677 - Node <core_inst/eth_axis_rx_inst/m_eth_dest_mac_reg_32> of sequential type is unconnected in block <fpga>.
WARNING:Xst:2677 - Node <core_inst/eth_axis_rx_inst/m_eth_dest_mac_reg_31> of sequential type is unconnected in block <fpga>.
WARNING:Xst:2677 - Node <core_inst/eth_axis_rx_inst/m_eth_dest_mac_reg_30> of sequential type is unconnected in block <fpga>.
WARNING:Xst:2677 - Node <core_inst/eth_axis_rx_inst/m_eth_dest_mac_reg_29> of sequential type is unconnected in block <fpga>.
WARNING:Xst:2677 - Node <core_inst/eth_axis_rx_inst/m_eth_dest_mac_reg_28> of sequential type is unconnected in block <fpga>.
WARNING:Xst:2677 - Node <core_inst/eth_axis_rx_inst/m_eth_dest_mac_reg_27> of sequential type is unconnected in block <fpga>.
WARNING:Xst:2677 - Node <core_inst/eth_axis_rx_inst/m_eth_dest_mac_reg_26> of sequential type is unconnected in block <fpga>.
WARNING:Xst:2677 - Node <core_inst/eth_axis_rx_inst/m_eth_dest_mac_reg_25> of sequential type is unconnected in block <fpga>.
WARNING:Xst:2677 - Node <core_inst/eth_axis_rx_inst/m_eth_dest_mac_reg_24> of sequential type is unconnected in block <fpga>.
WARNING:Xst:2677 - Node <core_inst/eth_axis_rx_inst/m_eth_dest_mac_reg_23> of sequential type is unconnected in block <fpga>.
WARNING:Xst:2677 - Node <core_inst/eth_axis_rx_inst/m_eth_dest_mac_reg_22> of sequential type is unconnected in block <fpga>.
WARNING:Xst:2677 - Node <core_inst/eth_axis_rx_inst/m_eth_dest_mac_reg_21> of sequential type is unconnected in block <fpga>.
WARNING:Xst:2677 - Node <core_inst/eth_axis_rx_inst/m_eth_dest_mac_reg_20> of sequential type is unconnected in block <fpga>.
WARNING:Xst:2677 - Node <core_inst/eth_axis_rx_inst/m_eth_dest_mac_reg_19> of sequential type is unconnected in block <fpga>.
WARNING:Xst:2677 - Node <core_inst/eth_axis_rx_inst/m_eth_dest_mac_reg_18> of sequential type is unconnected in block <fpga>.
WARNING:Xst:2677 - Node <core_inst/eth_axis_rx_inst/m_eth_dest_mac_reg_17> of sequential type is unconnected in block <fpga>.
WARNING:Xst:2677 - Node <core_inst/eth_axis_rx_inst/m_eth_dest_mac_reg_16> of sequential type is unconnected in block <fpga>.
WARNING:Xst:2677 - Node <core_inst/eth_axis_rx_inst/m_eth_dest_mac_reg_15> of sequential type is unconnected in block <fpga>.
WARNING:Xst:2677 - Node <core_inst/eth_axis_rx_inst/m_eth_dest_mac_reg_14> of sequential type is unconnected in block <fpga>.
WARNING:Xst:2677 - Node <core_inst/eth_axis_rx_inst/m_eth_dest_mac_reg_13> of sequential type is unconnected in block <fpga>.
WARNING:Xst:2677 - Node <core_inst/eth_axis_rx_inst/m_eth_dest_mac_reg_12> of sequential type is unconnected in block <fpga>.
WARNING:Xst:2677 - Node <core_inst/eth_axis_rx_inst/m_eth_dest_mac_reg_11> of sequential type is unconnected in block <fpga>.
WARNING:Xst:2677 - Node <core_inst/eth_axis_rx_inst/m_eth_dest_mac_reg_10> of sequential type is unconnected in block <fpga>.
WARNING:Xst:2677 - Node <core_inst/eth_axis_rx_inst/m_eth_dest_mac_reg_9> of sequential type is unconnected in block <fpga>.
WARNING:Xst:2677 - Node <core_inst/eth_axis_rx_inst/m_eth_dest_mac_reg_8> of sequential type is unconnected in block <fpga>.
WARNING:Xst:2677 - Node <core_inst/eth_axis_rx_inst/m_eth_dest_mac_reg_7> of sequential type is unconnected in block <fpga>.
WARNING:Xst:2677 - Node <core_inst/eth_axis_rx_inst/m_eth_dest_mac_reg_6> of sequential type is unconnected in block <fpga>.
WARNING:Xst:2677 - Node <core_inst/eth_axis_rx_inst/m_eth_dest_mac_reg_5> of sequential type is unconnected in block <fpga>.
WARNING:Xst:2677 - Node <core_inst/eth_axis_rx_inst/m_eth_dest_mac_reg_4> of sequential type is unconnected in block <fpga>.
WARNING:Xst:2677 - Node <core_inst/eth_axis_rx_inst/m_eth_dest_mac_reg_3> of sequential type is unconnected in block <fpga>.
WARNING:Xst:2677 - Node <core_inst/eth_axis_rx_inst/m_eth_dest_mac_reg_2> of sequential type is unconnected in block <fpga>.
WARNING:Xst:2677 - Node <core_inst/eth_axis_rx_inst/m_eth_dest_mac_reg_1> of sequential type is unconnected in block <fpga>.
WARNING:Xst:2677 - Node <core_inst/eth_axis_rx_inst/m_eth_dest_mac_reg_0> of sequential type is unconnected in block <fpga>.
WARNING:Xst:2677 - Node <core_inst/eth_axis_rx_inst/busy_reg> of sequential type is unconnected in block <fpga>.
WARNING:Xst:2677 - Node <core_inst/eth_axis_tx_inst/busy_reg> of sequential type is unconnected in block <fpga>.
WARNING:Xst:2677 - Node <core_inst/udp_complete_inst/ip_complete_inst/ip_inst/ip_eth_rx_inst/m_ip_dest_ip_reg_0> of sequential type is unconnected in block <fpga>.
WARNING:Xst:2677 - Node <core_inst/udp_complete_inst/ip_complete_inst/ip_inst/ip_eth_rx_inst/m_ip_dest_ip_reg_1> of sequential type is unconnected in block <fpga>.
WARNING:Xst:2677 - Node <core_inst/udp_complete_inst/ip_complete_inst/ip_inst/ip_eth_rx_inst/m_ip_dest_ip_reg_2> of sequential type is unconnected in block <fpga>.
WARNING:Xst:2677 - Node <core_inst/udp_complete_inst/ip_complete_inst/ip_inst/ip_eth_rx_inst/m_ip_dest_ip_reg_3> of sequential type is unconnected in block <fpga>.
WARNING:Xst:2677 - Node <core_inst/udp_complete_inst/ip_complete_inst/ip_inst/ip_eth_rx_inst/m_ip_dest_ip_reg_4> of sequential type is unconnected in block <fpga>.
WARNING:Xst:2677 - Node <core_inst/udp_complete_inst/ip_complete_inst/ip_inst/ip_eth_rx_inst/m_ip_dest_ip_reg_5> of sequential type is unconnected in block <fpga>.
WARNING:Xst:2677 - Node <core_inst/udp_complete_inst/ip_complete_inst/ip_inst/ip_eth_rx_inst/m_ip_dest_ip_reg_6> of sequential type is unconnected in block <fpga>.
WARNING:Xst:2677 - Node <core_inst/udp_complete_inst/ip_complete_inst/ip_inst/ip_eth_rx_inst/m_ip_dest_ip_reg_7> of sequential type is unconnected in block <fpga>.
WARNING:Xst:2677 - Node <core_inst/udp_complete_inst/ip_complete_inst/ip_inst/ip_eth_rx_inst/m_ip_dest_ip_reg_8> of sequential type is unconnected in block <fpga>.
WARNING:Xst:2677 - Node <core_inst/udp_complete_inst/ip_complete_inst/ip_inst/ip_eth_rx_inst/m_ip_dest_ip_reg_9> of sequential type is unconnected in block <fpga>.
WARNING:Xst:2677 - Node <core_inst/udp_complete_inst/ip_complete_inst/ip_inst/ip_eth_rx_inst/m_ip_dest_ip_reg_10> of sequential type is unconnected in block <fpga>.
WARNING:Xst:2677 - Node <core_inst/udp_complete_inst/ip_complete_inst/ip_inst/ip_eth_rx_inst/m_ip_dest_ip_reg_11> of sequential type is unconnected in block <fpga>.
WARNING:Xst:2677 - Node <core_inst/udp_complete_inst/ip_complete_inst/ip_inst/ip_eth_rx_inst/m_ip_dest_ip_reg_12> of sequential type is unconnected in block <fpga>.
WARNING:Xst:2677 - Node <core_inst/udp_complete_inst/ip_complete_inst/ip_inst/ip_eth_rx_inst/m_ip_dest_ip_reg_14> of sequential type is unconnected in block <fpga>.
WARNING:Xst:2677 - Node <core_inst/udp_complete_inst/ip_complete_inst/ip_inst/ip_eth_rx_inst/m_ip_dest_ip_reg_15> of sequential type is unconnected in block <fpga>.
WARNING:Xst:2677 - Node <core_inst/udp_complete_inst/ip_complete_inst/ip_inst/ip_eth_rx_inst/m_ip_dest_ip_reg_13> of sequential type is unconnected in block <fpga>.
WARNING:Xst:2677 - Node <core_inst/udp_complete_inst/ip_complete_inst/ip_inst/ip_eth_rx_inst/m_ip_dest_ip_reg_16> of sequential type is unconnected in block <fpga>.
WARNING:Xst:2677 - Node <core_inst/udp_complete_inst/ip_complete_inst/ip_inst/ip_eth_rx_inst/m_ip_dest_ip_reg_17> of sequential type is unconnected in block <fpga>.
WARNING:Xst:2677 - Node <core_inst/udp_complete_inst/ip_complete_inst/ip_inst/ip_eth_rx_inst/m_ip_dest_ip_reg_18> of sequential type is unconnected in block <fpga>.
WARNING:Xst:2677 - Node <core_inst/udp_complete_inst/ip_complete_inst/ip_inst/ip_eth_rx_inst/m_ip_dest_ip_reg_19> of sequential type is unconnected in block <fpga>.
WARNING:Xst:2677 - Node <core_inst/udp_complete_inst/ip_complete_inst/ip_inst/ip_eth_rx_inst/m_ip_dest_ip_reg_20> of sequential type is unconnected in block <fpga>.
WARNING:Xst:2677 - Node <core_inst/udp_complete_inst/ip_complete_inst/ip_inst/ip_eth_rx_inst/m_ip_dest_ip_reg_21> of sequential type is unconnected in block <fpga>.
WARNING:Xst:2677 - Node <core_inst/udp_complete_inst/ip_complete_inst/ip_inst/ip_eth_rx_inst/m_ip_dest_ip_reg_22> of sequential type is unconnected in block <fpga>.
WARNING:Xst:2677 - Node <core_inst/udp_complete_inst/ip_complete_inst/ip_inst/ip_eth_rx_inst/m_ip_dest_ip_reg_23> of sequential type is unconnected in block <fpga>.
WARNING:Xst:2677 - Node <core_inst/udp_complete_inst/ip_complete_inst/ip_inst/ip_eth_rx_inst/m_ip_dest_ip_reg_24> of sequential type is unconnected in block <fpga>.
WARNING:Xst:2677 - Node <core_inst/udp_complete_inst/ip_complete_inst/ip_inst/ip_eth_rx_inst/m_ip_dest_ip_reg_25> of sequential type is unconnected in block <fpga>.
WARNING:Xst:2677 - Node <core_inst/udp_complete_inst/ip_complete_inst/ip_inst/ip_eth_rx_inst/m_ip_dest_ip_reg_26> of sequential type is unconnected in block <fpga>.
WARNING:Xst:2677 - Node <core_inst/udp_complete_inst/ip_complete_inst/ip_inst/ip_eth_rx_inst/m_ip_dest_ip_reg_27> of sequential type is unconnected in block <fpga>.
WARNING:Xst:2677 - Node <core_inst/udp_complete_inst/ip_complete_inst/ip_inst/ip_eth_rx_inst/m_ip_dest_ip_reg_28> of sequential type is unconnected in block <fpga>.
WARNING:Xst:2677 - Node <core_inst/udp_complete_inst/ip_complete_inst/ip_inst/ip_eth_rx_inst/m_ip_dest_ip_reg_29> of sequential type is unconnected in block <fpga>.
WARNING:Xst:2677 - Node <core_inst/udp_complete_inst/ip_complete_inst/ip_inst/ip_eth_rx_inst/m_ip_dest_ip_reg_30> of sequential type is unconnected in block <fpga>.
WARNING:Xst:2677 - Node <core_inst/udp_complete_inst/ip_complete_inst/ip_inst/ip_eth_rx_inst/m_ip_dest_ip_reg_31> of sequential type is unconnected in block <fpga>.
WARNING:Xst:2677 - Node <core_inst/udp_complete_inst/ip_complete_inst/ip_inst/ip_eth_rx_inst/m_ip_header_checksum_reg_0> of sequential type is unconnected in block <fpga>.
WARNING:Xst:2677 - Node <core_inst/udp_complete_inst/ip_complete_inst/ip_inst/ip_eth_rx_inst/m_ip_header_checksum_reg_1> of sequential type is unconnected in block <fpga>.
WARNING:Xst:2677 - Node <core_inst/udp_complete_inst/ip_complete_inst/ip_inst/ip_eth_rx_inst/m_ip_header_checksum_reg_2> of sequential type is unconnected in block <fpga>.
WARNING:Xst:2677 - Node <core_inst/udp_complete_inst/ip_complete_inst/ip_inst/ip_eth_rx_inst/m_ip_header_checksum_reg_3> of sequential type is unconnected in block <fpga>.
WARNING:Xst:2677 - Node <core_inst/udp_complete_inst/ip_complete_inst/ip_inst/ip_eth_rx_inst/m_ip_header_checksum_reg_4> of sequential type is unconnected in block <fpga>.
WARNING:Xst:2677 - Node <core_inst/udp_complete_inst/ip_complete_inst/ip_inst/ip_eth_rx_inst/m_ip_header_checksum_reg_5> of sequential type is unconnected in block <fpga>.
WARNING:Xst:2677 - Node <core_inst/udp_complete_inst/ip_complete_inst/ip_inst/ip_eth_rx_inst/m_ip_header_checksum_reg_6> of sequential type is unconnected in block <fpga>.
WARNING:Xst:2677 - Node <core_inst/udp_complete_inst/ip_complete_inst/ip_inst/ip_eth_rx_inst/m_ip_header_checksum_reg_7> of sequential type is unconnected in block <fpga>.
WARNING:Xst:2677 - Node <core_inst/udp_complete_inst/ip_complete_inst/ip_inst/ip_eth_rx_inst/m_ip_header_checksum_reg_8> of sequential type is unconnected in block <fpga>.
WARNING:Xst:2677 - Node <core_inst/udp_complete_inst/ip_complete_inst/ip_inst/ip_eth_rx_inst/m_ip_header_checksum_reg_9> of sequential type is unconnected in block <fpga>.
WARNING:Xst:2677 - Node <core_inst/udp_complete_inst/ip_complete_inst/ip_inst/ip_eth_rx_inst/m_ip_header_checksum_reg_10> of sequential type is unconnected in block <fpga>.
WARNING:Xst:2677 - Node <core_inst/udp_complete_inst/ip_complete_inst/ip_inst/ip_eth_rx_inst/m_ip_header_checksum_reg_11> of sequential type is unconnected in block <fpga>.
WARNING:Xst:2677 - Node <core_inst/udp_complete_inst/ip_complete_inst/ip_inst/ip_eth_rx_inst/m_ip_header_checksum_reg_12> of sequential type is unconnected in block <fpga>.
WARNING:Xst:2677 - Node <core_inst/udp_complete_inst/ip_complete_inst/ip_inst/ip_eth_rx_inst/m_ip_header_checksum_reg_13> of sequential type is unconnected in block <fpga>.
WARNING:Xst:2677 - Node <core_inst/udp_complete_inst/ip_complete_inst/ip_inst/ip_eth_rx_inst/m_ip_header_checksum_reg_14> of sequential type is unconnected in block <fpga>.
WARNING:Xst:2677 - Node <core_inst/udp_complete_inst/ip_complete_inst/ip_inst/ip_eth_rx_inst/m_ip_flags_reg_2> of sequential type is unconnected in block <fpga>.
WARNING:Xst:2677 - Node <core_inst/udp_complete_inst/ip_complete_inst/ip_inst/ip_eth_rx_inst/m_ip_flags_reg_1> of sequential type is unconnected in block <fpga>.
WARNING:Xst:2677 - Node <core_inst/udp_complete_inst/ip_complete_inst/ip_inst/ip_eth_rx_inst/m_ip_flags_reg_0> of sequential type is unconnected in block <fpga>.
WARNING:Xst:2677 - Node <core_inst/udp_complete_inst/ip_complete_inst/ip_inst/ip_eth_rx_inst/m_ip_fragment_offset_reg_0> of sequential type is unconnected in block <fpga>.
WARNING:Xst:2677 - Node <core_inst/udp_complete_inst/ip_complete_inst/ip_inst/ip_eth_rx_inst/m_ip_header_checksum_reg_15> of sequential type is unconnected in block <fpga>.
WARNING:Xst:2677 - Node <core_inst/udp_complete_inst/ip_complete_inst/ip_inst/ip_eth_rx_inst/m_ip_fragment_offset_reg_1> of sequential type is unconnected in block <fpga>.
WARNING:Xst:2677 - Node <core_inst/udp_complete_inst/ip_complete_inst/ip_inst/ip_eth_rx_inst/m_ip_fragment_offset_reg_2> of sequential type is unconnected in block <fpga>.
WARNING:Xst:2677 - Node <core_inst/udp_complete_inst/ip_complete_inst/ip_inst/ip_eth_rx_inst/m_ip_fragment_offset_reg_3> of sequential type is unconnected in block <fpga>.
WARNING:Xst:2677 - Node <core_inst/udp_complete_inst/ip_complete_inst/ip_inst/ip_eth_rx_inst/m_ip_fragment_offset_reg_4> of sequential type is unconnected in block <fpga>.
WARNING:Xst:2677 - Node <core_inst/udp_complete_inst/ip_complete_inst/ip_inst/ip_eth_rx_inst/m_ip_fragment_offset_reg_5> of sequential type is unconnected in block <fpga>.
WARNING:Xst:2677 - Node <core_inst/udp_complete_inst/ip_complete_inst/ip_inst/ip_eth_rx_inst/m_ip_fragment_offset_reg_6> of sequential type is unconnected in block <fpga>.
WARNING:Xst:2677 - Node <core_inst/udp_complete_inst/ip_complete_inst/ip_inst/ip_eth_rx_inst/m_ip_fragment_offset_reg_7> of sequential type is unconnected in block <fpga>.
WARNING:Xst:2677 - Node <core_inst/udp_complete_inst/ip_complete_inst/ip_inst/ip_eth_rx_inst/m_ip_fragment_offset_reg_8> of sequential type is unconnected in block <fpga>.
WARNING:Xst:2677 - Node <core_inst/udp_complete_inst/ip_complete_inst/ip_inst/ip_eth_rx_inst/m_ip_fragment_offset_reg_9> of sequential type is unconnected in block <fpga>.
WARNING:Xst:2677 - Node <core_inst/udp_complete_inst/ip_complete_inst/ip_inst/ip_eth_rx_inst/m_ip_fragment_offset_reg_10> of sequential type is unconnected in block <fpga>.
WARNING:Xst:2677 - Node <core_inst/udp_complete_inst/ip_complete_inst/ip_inst/ip_eth_rx_inst/m_ip_fragment_offset_reg_11> of sequential type is unconnected in block <fpga>.
WARNING:Xst:2677 - Node <core_inst/udp_complete_inst/ip_complete_inst/ip_inst/ip_eth_rx_inst/m_ip_fragment_offset_reg_12> of sequential type is unconnected in block <fpga>.
WARNING:Xst:2677 - Node <core_inst/udp_complete_inst/ip_complete_inst/ip_inst/ip_eth_rx_inst/m_ip_identification_reg_0> of sequential type is unconnected in block <fpga>.
WARNING:Xst:2677 - Node <core_inst/udp_complete_inst/ip_complete_inst/ip_inst/ip_eth_rx_inst/m_ip_identification_reg_1> of sequential type is unconnected in block <fpga>.
WARNING:Xst:2677 - Node <core_inst/udp_complete_inst/ip_complete_inst/ip_inst/ip_eth_rx_inst/m_ip_identification_reg_2> of sequential type is unconnected in block <fpga>.
WARNING:Xst:2677 - Node <core_inst/udp_complete_inst/ip_complete_inst/ip_inst/ip_eth_rx_inst/m_ip_identification_reg_3> of sequential type is unconnected in block <fpga>.
WARNING:Xst:2677 - Node <core_inst/udp_complete_inst/ip_complete_inst/ip_inst/ip_eth_rx_inst/m_ip_identification_reg_4> of sequential type is unconnected in block <fpga>.
WARNING:Xst:2677 - Node <core_inst/udp_complete_inst/ip_complete_inst/ip_inst/ip_eth_rx_inst/m_ip_identification_reg_5> of sequential type is unconnected in block <fpga>.
WARNING:Xst:2677 - Node <core_inst/udp_complete_inst/ip_complete_inst/ip_inst/ip_eth_rx_inst/m_ip_identification_reg_6> of sequential type is unconnected in block <fpga>.
WARNING:Xst:2677 - Node <core_inst/udp_complete_inst/ip_complete_inst/ip_inst/ip_eth_rx_inst/m_ip_identification_reg_7> of sequential type is unconnected in block <fpga>.
WARNING:Xst:2677 - Node <core_inst/udp_complete_inst/ip_complete_inst/ip_inst/ip_eth_rx_inst/m_ip_identification_reg_8> of sequential type is unconnected in block <fpga>.
WARNING:Xst:2677 - Node <core_inst/udp_complete_inst/ip_complete_inst/ip_inst/ip_eth_rx_inst/m_ip_identification_reg_9> of sequential type is unconnected in block <fpga>.
WARNING:Xst:2677 - Node <core_inst/udp_complete_inst/ip_complete_inst/ip_inst/ip_eth_rx_inst/m_ip_identification_reg_10> of sequential type is unconnected in block <fpga>.
WARNING:Xst:2677 - Node <core_inst/udp_complete_inst/ip_complete_inst/ip_inst/ip_eth_rx_inst/m_ip_identification_reg_11> of sequential type is unconnected in block <fpga>.
WARNING:Xst:2677 - Node <core_inst/udp_complete_inst/ip_complete_inst/ip_inst/ip_eth_rx_inst/m_ip_identification_reg_12> of sequential type is unconnected in block <fpga>.
WARNING:Xst:2677 - Node <core_inst/udp_complete_inst/ip_complete_inst/ip_inst/ip_eth_rx_inst/m_ip_identification_reg_13> of sequential type is unconnected in block <fpga>.
WARNING:Xst:2677 - Node <core_inst/udp_complete_inst/ip_complete_inst/ip_inst/ip_eth_rx_inst/m_ip_identification_reg_14> of sequential type is unconnected in block <fpga>.
WARNING:Xst:2677 - Node <core_inst/udp_complete_inst/ip_complete_inst/ip_inst/ip_eth_rx_inst/m_ip_identification_reg_15> of sequential type is unconnected in block <fpga>.
WARNING:Xst:2677 - Node <core_inst/udp_complete_inst/ip_complete_inst/ip_inst/ip_eth_rx_inst/m_ip_dscp_reg_5> of sequential type is unconnected in block <fpga>.
WARNING:Xst:2677 - Node <core_inst/udp_complete_inst/ip_complete_inst/ip_inst/ip_eth_rx_inst/m_ip_dscp_reg_4> of sequential type is unconnected in block <fpga>.
WARNING:Xst:2677 - Node <core_inst/udp_complete_inst/ip_complete_inst/ip_inst/ip_eth_rx_inst/m_ip_dscp_reg_3> of sequential type is unconnected in block <fpga>.
WARNING:Xst:2677 - Node <core_inst/udp_complete_inst/ip_complete_inst/ip_inst/ip_eth_rx_inst/m_ip_dscp_reg_2> of sequential type is unconnected in block <fpga>.
WARNING:Xst:2677 - Node <core_inst/udp_complete_inst/ip_complete_inst/ip_inst/ip_eth_rx_inst/m_ip_dscp_reg_1> of sequential type is unconnected in block <fpga>.
WARNING:Xst:2677 - Node <core_inst/udp_complete_inst/ip_complete_inst/ip_inst/ip_eth_rx_inst/m_ip_dscp_reg_0> of sequential type is unconnected in block <fpga>.
WARNING:Xst:2677 - Node <core_inst/udp_complete_inst/ip_complete_inst/ip_inst/ip_eth_rx_inst/m_ip_ecn_reg_1> of sequential type is unconnected in block <fpga>.
WARNING:Xst:2677 - Node <core_inst/udp_complete_inst/ip_complete_inst/ip_inst/ip_eth_rx_inst/m_ip_ecn_reg_0> of sequential type is unconnected in block <fpga>.
WARNING:Xst:2677 - Node <core_inst/udp_complete_inst/ip_complete_inst/ip_inst/ip_eth_rx_inst/m_ip_ttl_reg_7> of sequential type is unconnected in block <fpga>.
WARNING:Xst:2677 - Node <core_inst/udp_complete_inst/ip_complete_inst/ip_inst/ip_eth_rx_inst/m_ip_ttl_reg_6> of sequential type is unconnected in block <fpga>.
WARNING:Xst:2677 - Node <core_inst/udp_complete_inst/ip_complete_inst/ip_inst/ip_eth_rx_inst/m_ip_ttl_reg_5> of sequential type is unconnected in block <fpga>.
WARNING:Xst:2677 - Node <core_inst/udp_complete_inst/ip_complete_inst/ip_inst/ip_eth_rx_inst/m_ip_ttl_reg_4> of sequential type is unconnected in block <fpga>.
WARNING:Xst:2677 - Node <core_inst/udp_complete_inst/ip_complete_inst/ip_inst/ip_eth_rx_inst/m_ip_ttl_reg_3> of sequential type is unconnected in block <fpga>.
WARNING:Xst:2677 - Node <core_inst/udp_complete_inst/ip_complete_inst/ip_inst/ip_eth_rx_inst/m_ip_ttl_reg_2> of sequential type is unconnected in block <fpga>.
WARNING:Xst:2677 - Node <core_inst/udp_complete_inst/ip_complete_inst/ip_inst/ip_eth_rx_inst/m_ip_ttl_reg_1> of sequential type is unconnected in block <fpga>.
WARNING:Xst:2677 - Node <core_inst/udp_complete_inst/ip_complete_inst/ip_inst/ip_eth_rx_inst/m_ip_ttl_reg_0> of sequential type is unconnected in block <fpga>.
WARNING:Xst:2677 - Node <core_inst/udp_complete_inst/ip_complete_inst/ip_inst/ip_eth_rx_inst/m_eth_type_reg_11> of sequential type is unconnected in block <fpga>.
WARNING:Xst:2677 - Node <core_inst/udp_complete_inst/ip_complete_inst/ip_inst/ip_eth_rx_inst/m_eth_src_mac_reg_47> of sequential type is unconnected in block <fpga>.
WARNING:Xst:2677 - Node <core_inst/udp_complete_inst/ip_complete_inst/ip_inst/ip_eth_rx_inst/m_eth_src_mac_reg_46> of sequential type is unconnected in block <fpga>.
WARNING:Xst:2677 - Node <core_inst/udp_complete_inst/ip_complete_inst/ip_inst/ip_eth_rx_inst/m_eth_src_mac_reg_45> of sequential type is unconnected in block <fpga>.
WARNING:Xst:2677 - Node <core_inst/udp_complete_inst/ip_complete_inst/ip_inst/ip_eth_rx_inst/m_eth_src_mac_reg_44> of sequential type is unconnected in block <fpga>.
WARNING:Xst:2677 - Node <core_inst/udp_complete_inst/ip_complete_inst/ip_inst/ip_eth_rx_inst/m_eth_src_mac_reg_43> of sequential type is unconnected in block <fpga>.
WARNING:Xst:2677 - Node <core_inst/udp_complete_inst/ip_complete_inst/ip_inst/ip_eth_rx_inst/m_eth_src_mac_reg_42> of sequential type is unconnected in block <fpga>.
WARNING:Xst:2677 - Node <core_inst/udp_complete_inst/ip_complete_inst/ip_inst/ip_eth_rx_inst/m_eth_src_mac_reg_41> of sequential type is unconnected in block <fpga>.
WARNING:Xst:2677 - Node <core_inst/udp_complete_inst/ip_complete_inst/ip_inst/ip_eth_rx_inst/m_eth_src_mac_reg_40> of sequential type is unconnected in block <fpga>.
WARNING:Xst:2677 - Node <core_inst/udp_complete_inst/ip_complete_inst/ip_inst/ip_eth_rx_inst/m_eth_src_mac_reg_39> of sequential type is unconnected in block <fpga>.
WARNING:Xst:2677 - Node <core_inst/udp_complete_inst/ip_complete_inst/ip_inst/ip_eth_rx_inst/m_eth_src_mac_reg_38> of sequential type is unconnected in block <fpga>.
WARNING:Xst:2677 - Node <core_inst/udp_complete_inst/ip_complete_inst/ip_inst/ip_eth_rx_inst/m_eth_src_mac_reg_37> of sequential type is unconnected in block <fpga>.
WARNING:Xst:2677 - Node <core_inst/udp_complete_inst/ip_complete_inst/ip_inst/ip_eth_rx_inst/m_eth_src_mac_reg_36> of sequential type is unconnected in block <fpga>.
WARNING:Xst:2677 - Node <core_inst/udp_complete_inst/ip_complete_inst/ip_inst/ip_eth_rx_inst/m_eth_src_mac_reg_35> of sequential type is unconnected in block <fpga>.
WARNING:Xst:2677 - Node <core_inst/udp_complete_inst/ip_complete_inst/ip_inst/ip_eth_rx_inst/m_eth_src_mac_reg_34> of sequential type is unconnected in block <fpga>.
WARNING:Xst:2677 - Node <core_inst/udp_complete_inst/ip_complete_inst/ip_inst/ip_eth_rx_inst/m_eth_src_mac_reg_33> of sequential type is unconnected in block <fpga>.
WARNING:Xst:2677 - Node <core_inst/udp_complete_inst/ip_complete_inst/ip_inst/ip_eth_rx_inst/m_eth_src_mac_reg_32> of sequential type is unconnected in block <fpga>.
WARNING:Xst:2677 - Node <core_inst/udp_complete_inst/ip_complete_inst/ip_inst/ip_eth_rx_inst/m_eth_src_mac_reg_31> of sequential type is unconnected in block <fpga>.
WARNING:Xst:2677 - Node <core_inst/udp_complete_inst/ip_complete_inst/ip_inst/ip_eth_rx_inst/m_eth_src_mac_reg_30> of sequential type is unconnected in block <fpga>.
WARNING:Xst:2677 - Node <core_inst/udp_complete_inst/ip_complete_inst/ip_inst/ip_eth_rx_inst/m_eth_src_mac_reg_29> of sequential type is unconnected in block <fpga>.
WARNING:Xst:2677 - Node <core_inst/udp_complete_inst/ip_complete_inst/ip_inst/ip_eth_rx_inst/m_eth_src_mac_reg_28> of sequential type is unconnected in block <fpga>.
WARNING:Xst:2677 - Node <core_inst/udp_complete_inst/ip_complete_inst/ip_inst/ip_eth_rx_inst/m_eth_src_mac_reg_27> of sequential type is unconnected in block <fpga>.
WARNING:Xst:2677 - Node <core_inst/udp_complete_inst/ip_complete_inst/ip_inst/ip_eth_rx_inst/m_eth_src_mac_reg_26> of sequential type is unconnected in block <fpga>.
WARNING:Xst:2677 - Node <core_inst/udp_complete_inst/ip_complete_inst/ip_inst/ip_eth_rx_inst/m_eth_src_mac_reg_25> of sequential type is unconnected in block <fpga>.
WARNING:Xst:2677 - Node <core_inst/udp_complete_inst/ip_complete_inst/ip_inst/ip_eth_rx_inst/m_eth_src_mac_reg_24> of sequential type is unconnected in block <fpga>.
WARNING:Xst:2677 - Node <core_inst/udp_complete_inst/ip_complete_inst/ip_inst/ip_eth_rx_inst/m_eth_src_mac_reg_23> of sequential type is unconnected in block <fpga>.
WARNING:Xst:2677 - Node <core_inst/udp_complete_inst/ip_complete_inst/ip_inst/ip_eth_rx_inst/m_eth_src_mac_reg_22> of sequential type is unconnected in block <fpga>.
WARNING:Xst:2677 - Node <core_inst/udp_complete_inst/ip_complete_inst/ip_inst/ip_eth_rx_inst/m_eth_src_mac_reg_21> of sequential type is unconnected in block <fpga>.
WARNING:Xst:2677 - Node <core_inst/udp_complete_inst/ip_complete_inst/ip_inst/ip_eth_rx_inst/m_eth_src_mac_reg_20> of sequential type is unconnected in block <fpga>.
WARNING:Xst:2677 - Node <core_inst/udp_complete_inst/ip_complete_inst/ip_inst/ip_eth_rx_inst/m_eth_src_mac_reg_19> of sequential type is unconnected in block <fpga>.
WARNING:Xst:2677 - Node <core_inst/udp_complete_inst/ip_complete_inst/ip_inst/ip_eth_rx_inst/m_eth_src_mac_reg_18> of sequential type is unconnected in block <fpga>.
WARNING:Xst:2677 - Node <core_inst/udp_complete_inst/ip_complete_inst/ip_inst/ip_eth_rx_inst/m_eth_src_mac_reg_17> of sequential type is unconnected in block <fpga>.
WARNING:Xst:2677 - Node <core_inst/udp_complete_inst/ip_complete_inst/ip_inst/ip_eth_rx_inst/m_eth_src_mac_reg_16> of sequential type is unconnected in block <fpga>.
WARNING:Xst:2677 - Node <core_inst/udp_complete_inst/ip_complete_inst/ip_inst/ip_eth_rx_inst/m_eth_src_mac_reg_15> of sequential type is unconnected in block <fpga>.
WARNING:Xst:2677 - Node <core_inst/udp_complete_inst/ip_complete_inst/ip_inst/ip_eth_rx_inst/m_eth_src_mac_reg_14> of sequential type is unconnected in block <fpga>.
WARNING:Xst:2677 - Node <core_inst/udp_complete_inst/ip_complete_inst/ip_inst/ip_eth_rx_inst/m_eth_src_mac_reg_13> of sequential type is unconnected in block <fpga>.
WARNING:Xst:2677 - Node <core_inst/udp_complete_inst/ip_complete_inst/ip_inst/ip_eth_rx_inst/m_eth_src_mac_reg_12> of sequential type is unconnected in block <fpga>.
WARNING:Xst:2677 - Node <core_inst/udp_complete_inst/ip_complete_inst/ip_inst/ip_eth_rx_inst/m_eth_src_mac_reg_11> of sequential type is unconnected in block <fpga>.
WARNING:Xst:2677 - Node <core_inst/udp_complete_inst/ip_complete_inst/ip_inst/ip_eth_rx_inst/m_eth_src_mac_reg_10> of sequential type is unconnected in block <fpga>.
WARNING:Xst:2677 - Node <core_inst/udp_complete_inst/ip_complete_inst/ip_inst/ip_eth_rx_inst/m_eth_src_mac_reg_9> of sequential type is unconnected in block <fpga>.
WARNING:Xst:2677 - Node <core_inst/udp_complete_inst/ip_complete_inst/ip_inst/ip_eth_rx_inst/m_eth_src_mac_reg_8> of sequential type is unconnected in block <fpga>.
WARNING:Xst:2677 - Node <core_inst/udp_complete_inst/ip_complete_inst/ip_inst/ip_eth_rx_inst/m_eth_src_mac_reg_7> of sequential type is unconnected in block <fpga>.
WARNING:Xst:2677 - Node <core_inst/udp_complete_inst/ip_complete_inst/ip_inst/ip_eth_rx_inst/m_eth_src_mac_reg_6> of sequential type is unconnected in block <fpga>.
WARNING:Xst:2677 - Node <core_inst/udp_complete_inst/ip_complete_inst/ip_inst/ip_eth_rx_inst/m_eth_src_mac_reg_5> of sequential type is unconnected in block <fpga>.
WARNING:Xst:2677 - Node <core_inst/udp_complete_inst/ip_complete_inst/ip_inst/ip_eth_rx_inst/m_eth_src_mac_reg_4> of sequential type is unconnected in block <fpga>.
WARNING:Xst:2677 - Node <core_inst/udp_complete_inst/ip_complete_inst/ip_inst/ip_eth_rx_inst/m_eth_src_mac_reg_3> of sequential type is unconnected in block <fpga>.
WARNING:Xst:2677 - Node <core_inst/udp_complete_inst/ip_complete_inst/ip_inst/ip_eth_rx_inst/m_eth_src_mac_reg_2> of sequential type is unconnected in block <fpga>.
WARNING:Xst:2677 - Node <core_inst/udp_complete_inst/ip_complete_inst/ip_inst/ip_eth_rx_inst/m_eth_src_mac_reg_1> of sequential type is unconnected in block <fpga>.
WARNING:Xst:2677 - Node <core_inst/udp_complete_inst/ip_complete_inst/ip_inst/ip_eth_rx_inst/m_eth_src_mac_reg_0> of sequential type is unconnected in block <fpga>.
WARNING:Xst:2677 - Node <core_inst/udp_complete_inst/ip_complete_inst/ip_inst/ip_eth_rx_inst/m_eth_dest_mac_reg_47> of sequential type is unconnected in block <fpga>.
WARNING:Xst:2677 - Node <core_inst/udp_complete_inst/ip_complete_inst/ip_inst/ip_eth_rx_inst/m_eth_dest_mac_reg_46> of sequential type is unconnected in block <fpga>.
WARNING:Xst:2677 - Node <core_inst/udp_complete_inst/ip_complete_inst/ip_inst/ip_eth_rx_inst/m_eth_dest_mac_reg_45> of sequential type is unconnected in block <fpga>.
WARNING:Xst:2677 - Node <core_inst/udp_complete_inst/ip_complete_inst/ip_inst/ip_eth_rx_inst/m_eth_dest_mac_reg_44> of sequential type is unconnected in block <fpga>.
WARNING:Xst:2677 - Node <core_inst/udp_complete_inst/ip_complete_inst/ip_inst/ip_eth_rx_inst/m_eth_dest_mac_reg_43> of sequential type is unconnected in block <fpga>.
WARNING:Xst:2677 - Node <core_inst/udp_complete_inst/ip_complete_inst/ip_inst/ip_eth_rx_inst/m_eth_dest_mac_reg_42> of sequential type is unconnected in block <fpga>.
WARNING:Xst:2677 - Node <core_inst/udp_complete_inst/ip_complete_inst/ip_inst/ip_eth_rx_inst/m_eth_dest_mac_reg_41> of sequential type is unconnected in block <fpga>.
WARNING:Xst:2677 - Node <core_inst/udp_complete_inst/ip_complete_inst/ip_inst/ip_eth_rx_inst/m_eth_dest_mac_reg_40> of sequential type is unconnected in block <fpga>.
WARNING:Xst:2677 - Node <core_inst/udp_complete_inst/ip_complete_inst/ip_inst/ip_eth_rx_inst/m_eth_dest_mac_reg_39> of sequential type is unconnected in block <fpga>.
WARNING:Xst:2677 - Node <core_inst/udp_complete_inst/ip_complete_inst/ip_inst/ip_eth_rx_inst/m_eth_dest_mac_reg_38> of sequential type is unconnected in block <fpga>.
WARNING:Xst:2677 - Node <core_inst/udp_complete_inst/ip_complete_inst/ip_inst/ip_eth_rx_inst/m_eth_dest_mac_reg_37> of sequential type is unconnected in block <fpga>.
WARNING:Xst:2677 - Node <core_inst/udp_complete_inst/ip_complete_inst/ip_inst/ip_eth_rx_inst/m_eth_dest_mac_reg_36> of sequential type is unconnected in block <fpga>.
WARNING:Xst:2677 - Node <core_inst/udp_complete_inst/ip_complete_inst/ip_inst/ip_eth_rx_inst/m_eth_dest_mac_reg_35> of sequential type is unconnected in block <fpga>.
WARNING:Xst:2677 - Node <core_inst/udp_complete_inst/ip_complete_inst/ip_inst/ip_eth_rx_inst/m_eth_dest_mac_reg_34> of sequential type is unconnected in block <fpga>.
WARNING:Xst:2677 - Node <core_inst/udp_complete_inst/ip_complete_inst/ip_inst/ip_eth_rx_inst/m_eth_dest_mac_reg_33> of sequential type is unconnected in block <fpga>.
WARNING:Xst:2677 - Node <core_inst/udp_complete_inst/ip_complete_inst/ip_inst/ip_eth_rx_inst/m_eth_dest_mac_reg_32> of sequential type is unconnected in block <fpga>.
WARNING:Xst:2677 - Node <core_inst/udp_complete_inst/ip_complete_inst/ip_inst/ip_eth_rx_inst/m_eth_dest_mac_reg_31> of sequential type is unconnected in block <fpga>.
WARNING:Xst:2677 - Node <core_inst/udp_complete_inst/ip_complete_inst/ip_inst/ip_eth_rx_inst/m_eth_dest_mac_reg_30> of sequential type is unconnected in block <fpga>.
WARNING:Xst:2677 - Node <core_inst/udp_complete_inst/ip_complete_inst/ip_inst/ip_eth_rx_inst/m_eth_dest_mac_reg_29> of sequential type is unconnected in block <fpga>.
WARNING:Xst:2677 - Node <core_inst/udp_complete_inst/ip_complete_inst/ip_inst/ip_eth_rx_inst/m_eth_dest_mac_reg_28> of sequential type is unconnected in block <fpga>.
WARNING:Xst:2677 - Node <core_inst/udp_complete_inst/ip_complete_inst/ip_inst/ip_eth_rx_inst/m_eth_dest_mac_reg_27> of sequential type is unconnected in block <fpga>.
WARNING:Xst:2677 - Node <core_inst/udp_complete_inst/ip_complete_inst/ip_inst/ip_eth_rx_inst/m_eth_dest_mac_reg_26> of sequential type is unconnected in block <fpga>.
WARNING:Xst:2677 - Node <core_inst/udp_complete_inst/ip_complete_inst/ip_inst/ip_eth_rx_inst/m_eth_dest_mac_reg_25> of sequential type is unconnected in block <fpga>.
WARNING:Xst:2677 - Node <core_inst/udp_complete_inst/ip_complete_inst/ip_inst/ip_eth_rx_inst/m_eth_dest_mac_reg_24> of sequential type is unconnected in block <fpga>.
WARNING:Xst:2677 - Node <core_inst/udp_complete_inst/ip_complete_inst/ip_inst/ip_eth_rx_inst/m_eth_dest_mac_reg_23> of sequential type is unconnected in block <fpga>.
WARNING:Xst:2677 - Node <core_inst/udp_complete_inst/ip_complete_inst/ip_inst/ip_eth_rx_inst/m_eth_dest_mac_reg_22> of sequential type is unconnected in block <fpga>.
WARNING:Xst:2677 - Node <core_inst/udp_complete_inst/ip_complete_inst/ip_inst/ip_eth_rx_inst/m_eth_dest_mac_reg_21> of sequential type is unconnected in block <fpga>.
WARNING:Xst:2677 - Node <core_inst/udp_complete_inst/ip_complete_inst/ip_inst/ip_eth_rx_inst/m_eth_dest_mac_reg_20> of sequential type is unconnected in block <fpga>.
WARNING:Xst:2677 - Node <core_inst/udp_complete_inst/ip_complete_inst/ip_inst/ip_eth_rx_inst/m_eth_dest_mac_reg_19> of sequential type is unconnected in block <fpga>.
WARNING:Xst:2677 - Node <core_inst/udp_complete_inst/ip_complete_inst/ip_inst/ip_eth_rx_inst/m_eth_dest_mac_reg_18> of sequential type is unconnected in block <fpga>.
WARNING:Xst:2677 - Node <core_inst/udp_complete_inst/ip_complete_inst/ip_inst/ip_eth_rx_inst/m_eth_dest_mac_reg_17> of sequential type is unconnected in block <fpga>.
WARNING:Xst:2677 - Node <core_inst/udp_complete_inst/ip_complete_inst/ip_inst/ip_eth_rx_inst/m_eth_dest_mac_reg_16> of sequential type is unconnected in block <fpga>.
WARNING:Xst:2677 - Node <core_inst/udp_complete_inst/ip_complete_inst/ip_inst/ip_eth_rx_inst/m_eth_dest_mac_reg_15> of sequential type is unconnected in block <fpga>.
WARNING:Xst:2677 - Node <core_inst/udp_complete_inst/ip_complete_inst/ip_inst/ip_eth_rx_inst/m_eth_dest_mac_reg_14> of sequential type is unconnected in block <fpga>.
WARNING:Xst:2677 - Node <core_inst/udp_complete_inst/ip_complete_inst/ip_inst/ip_eth_rx_inst/m_eth_dest_mac_reg_13> of sequential type is unconnected in block <fpga>.
WARNING:Xst:2677 - Node <core_inst/udp_complete_inst/ip_complete_inst/ip_inst/ip_eth_rx_inst/m_eth_dest_mac_reg_12> of sequential type is unconnected in block <fpga>.
WARNING:Xst:2677 - Node <core_inst/udp_complete_inst/ip_complete_inst/ip_inst/ip_eth_rx_inst/m_eth_dest_mac_reg_11> of sequential type is unconnected in block <fpga>.
WARNING:Xst:2677 - Node <core_inst/udp_complete_inst/ip_complete_inst/ip_inst/ip_eth_rx_inst/m_eth_dest_mac_reg_10> of sequential type is unconnected in block <fpga>.
WARNING:Xst:2677 - Node <core_inst/udp_complete_inst/ip_complete_inst/ip_inst/ip_eth_rx_inst/m_eth_dest_mac_reg_9> of sequential type is unconnected in block <fpga>.
WARNING:Xst:2677 - Node <core_inst/udp_complete_inst/ip_complete_inst/ip_inst/ip_eth_rx_inst/m_eth_dest_mac_reg_8> of sequential type is unconnected in block <fpga>.
WARNING:Xst:2677 - Node <core_inst/udp_complete_inst/ip_complete_inst/ip_inst/ip_eth_rx_inst/m_eth_dest_mac_reg_7> of sequential type is unconnected in block <fpga>.
WARNING:Xst:2677 - Node <core_inst/udp_complete_inst/ip_complete_inst/ip_inst/ip_eth_rx_inst/m_eth_dest_mac_reg_6> of sequential type is unconnected in block <fpga>.
WARNING:Xst:2677 - Node <core_inst/udp_complete_inst/ip_complete_inst/ip_inst/ip_eth_rx_inst/m_eth_dest_mac_reg_5> of sequential type is unconnected in block <fpga>.
WARNING:Xst:2677 - Node <core_inst/udp_complete_inst/ip_complete_inst/ip_inst/ip_eth_rx_inst/m_eth_dest_mac_reg_4> of sequential type is unconnected in block <fpga>.
WARNING:Xst:2677 - Node <core_inst/udp_complete_inst/ip_complete_inst/ip_inst/ip_eth_rx_inst/m_eth_dest_mac_reg_3> of sequential type is unconnected in block <fpga>.
WARNING:Xst:2677 - Node <core_inst/udp_complete_inst/ip_complete_inst/ip_inst/ip_eth_rx_inst/m_eth_dest_mac_reg_2> of sequential type is unconnected in block <fpga>.
WARNING:Xst:2677 - Node <core_inst/udp_complete_inst/ip_complete_inst/ip_inst/ip_eth_rx_inst/m_eth_dest_mac_reg_1> of sequential type is unconnected in block <fpga>.
WARNING:Xst:2677 - Node <core_inst/udp_complete_inst/ip_complete_inst/ip_inst/ip_eth_rx_inst/m_eth_dest_mac_reg_0> of sequential type is unconnected in block <fpga>.
WARNING:Xst:2677 - Node <core_inst/udp_complete_inst/ip_complete_inst/ip_inst/ip_eth_rx_inst/busy_reg> of sequential type is unconnected in block <fpga>.
WARNING:Xst:2677 - Node <core_inst/udp_complete_inst/ip_complete_inst/ip_inst/ip_eth_tx_inst/busy_reg> of sequential type is unconnected in block <fpga>.
WARNING:Xst:2677 - Node <core_inst/udp_complete_inst/ip_complete_inst/arp_inst/arp_eth_rx_inst/error_invalid_header_reg> of sequential type is unconnected in block <fpga>.
WARNING:Xst:2677 - Node <core_inst/udp_complete_inst/ip_complete_inst/arp_inst/arp_eth_rx_inst/error_header_early_termination_reg> of sequential type is unconnected in block <fpga>.
WARNING:Xst:2677 - Node <core_inst/udp_complete_inst/ip_complete_inst/arp_inst/arp_eth_rx_inst/m_eth_dest_mac_reg_47> of sequential type is unconnected in block <fpga>.
WARNING:Xst:2677 - Node <core_inst/udp_complete_inst/ip_complete_inst/arp_inst/arp_eth_rx_inst/m_eth_dest_mac_reg_46> of sequential type is unconnected in block <fpga>.
WARNING:Xst:2677 - Node <core_inst/udp_complete_inst/ip_complete_inst/arp_inst/arp_eth_rx_inst/m_eth_dest_mac_reg_45> of sequential type is unconnected in block <fpga>.
WARNING:Xst:2677 - Node <core_inst/udp_complete_inst/ip_complete_inst/arp_inst/arp_eth_rx_inst/m_eth_dest_mac_reg_44> of sequential type is unconnected in block <fpga>.
WARNING:Xst:2677 - Node <core_inst/udp_complete_inst/ip_complete_inst/arp_inst/arp_eth_rx_inst/m_eth_dest_mac_reg_43> of sequential type is unconnected in block <fpga>.
WARNING:Xst:2677 - Node <core_inst/udp_complete_inst/ip_complete_inst/arp_inst/arp_eth_rx_inst/m_eth_dest_mac_reg_42> of sequential type is unconnected in block <fpga>.
WARNING:Xst:2677 - Node <core_inst/udp_complete_inst/ip_complete_inst/arp_inst/arp_eth_rx_inst/m_eth_dest_mac_reg_41> of sequential type is unconnected in block <fpga>.
WARNING:Xst:2677 - Node <core_inst/udp_complete_inst/ip_complete_inst/arp_inst/arp_eth_rx_inst/m_eth_dest_mac_reg_40> of sequential type is unconnected in block <fpga>.
WARNING:Xst:2677 - Node <core_inst/udp_complete_inst/ip_complete_inst/arp_inst/arp_eth_rx_inst/m_eth_dest_mac_reg_39> of sequential type is unconnected in block <fpga>.
WARNING:Xst:2677 - Node <core_inst/udp_complete_inst/ip_complete_inst/arp_inst/arp_eth_rx_inst/m_eth_dest_mac_reg_38> of sequential type is unconnected in block <fpga>.
WARNING:Xst:2677 - Node <core_inst/udp_complete_inst/ip_complete_inst/arp_inst/arp_eth_rx_inst/m_eth_dest_mac_reg_37> of sequential type is unconnected in block <fpga>.
WARNING:Xst:2677 - Node <core_inst/udp_complete_inst/ip_complete_inst/arp_inst/arp_eth_rx_inst/m_eth_dest_mac_reg_36> of sequential type is unconnected in block <fpga>.
WARNING:Xst:2677 - Node <core_inst/udp_complete_inst/ip_complete_inst/arp_inst/arp_eth_rx_inst/m_eth_dest_mac_reg_35> of sequential type is unconnected in block <fpga>.
WARNING:Xst:2677 - Node <core_inst/udp_complete_inst/ip_complete_inst/arp_inst/arp_eth_rx_inst/m_eth_dest_mac_reg_34> of sequential type is unconnected in block <fpga>.
WARNING:Xst:2677 - Node <core_inst/udp_complete_inst/ip_complete_inst/arp_inst/arp_eth_rx_inst/m_eth_dest_mac_reg_33> of sequential type is unconnected in block <fpga>.
WARNING:Xst:2677 - Node <core_inst/udp_complete_inst/ip_complete_inst/arp_inst/arp_eth_rx_inst/m_eth_dest_mac_reg_32> of sequential type is unconnected in block <fpga>.
WARNING:Xst:2677 - Node <core_inst/udp_complete_inst/ip_complete_inst/arp_inst/arp_eth_rx_inst/m_eth_dest_mac_reg_31> of sequential type is unconnected in block <fpga>.
WARNING:Xst:2677 - Node <core_inst/udp_complete_inst/ip_complete_inst/arp_inst/arp_eth_rx_inst/m_eth_dest_mac_reg_30> of sequential type is unconnected in block <fpga>.
WARNING:Xst:2677 - Node <core_inst/udp_complete_inst/ip_complete_inst/arp_inst/arp_eth_rx_inst/m_eth_dest_mac_reg_29> of sequential type is unconnected in block <fpga>.
WARNING:Xst:2677 - Node <core_inst/udp_complete_inst/ip_complete_inst/arp_inst/arp_eth_rx_inst/m_eth_dest_mac_reg_28> of sequential type is unconnected in block <fpga>.
WARNING:Xst:2677 - Node <core_inst/udp_complete_inst/ip_complete_inst/arp_inst/arp_eth_rx_inst/m_eth_dest_mac_reg_27> of sequential type is unconnected in block <fpga>.
WARNING:Xst:2677 - Node <core_inst/udp_complete_inst/ip_complete_inst/arp_inst/arp_eth_rx_inst/m_eth_dest_mac_reg_26> of sequential type is unconnected in block <fpga>.
WARNING:Xst:2677 - Node <core_inst/udp_complete_inst/ip_complete_inst/arp_inst/arp_eth_rx_inst/m_eth_dest_mac_reg_25> of sequential type is unconnected in block <fpga>.
WARNING:Xst:2677 - Node <core_inst/udp_complete_inst/ip_complete_inst/arp_inst/arp_eth_rx_inst/m_eth_dest_mac_reg_24> of sequential type is unconnected in block <fpga>.
WARNING:Xst:2677 - Node <core_inst/udp_complete_inst/ip_complete_inst/arp_inst/arp_eth_rx_inst/m_eth_dest_mac_reg_23> of sequential type is unconnected in block <fpga>.
WARNING:Xst:2677 - Node <core_inst/udp_complete_inst/ip_complete_inst/arp_inst/arp_eth_rx_inst/m_eth_dest_mac_reg_22> of sequential type is unconnected in block <fpga>.
WARNING:Xst:2677 - Node <core_inst/udp_complete_inst/ip_complete_inst/arp_inst/arp_eth_rx_inst/m_eth_dest_mac_reg_21> of sequential type is unconnected in block <fpga>.
WARNING:Xst:2677 - Node <core_inst/udp_complete_inst/ip_complete_inst/arp_inst/arp_eth_rx_inst/m_eth_dest_mac_reg_20> of sequential type is unconnected in block <fpga>.
WARNING:Xst:2677 - Node <core_inst/udp_complete_inst/ip_complete_inst/arp_inst/arp_eth_rx_inst/m_eth_dest_mac_reg_19> of sequential type is unconnected in block <fpga>.
WARNING:Xst:2677 - Node <core_inst/udp_complete_inst/ip_complete_inst/arp_inst/arp_eth_rx_inst/m_eth_dest_mac_reg_18> of sequential type is unconnected in block <fpga>.
WARNING:Xst:2677 - Node <core_inst/udp_complete_inst/ip_complete_inst/arp_inst/arp_eth_rx_inst/m_eth_dest_mac_reg_17> of sequential type is unconnected in block <fpga>.
WARNING:Xst:2677 - Node <core_inst/udp_complete_inst/ip_complete_inst/arp_inst/arp_eth_rx_inst/m_eth_dest_mac_reg_16> of sequential type is unconnected in block <fpga>.
WARNING:Xst:2677 - Node <core_inst/udp_complete_inst/ip_complete_inst/arp_inst/arp_eth_rx_inst/m_eth_dest_mac_reg_15> of sequential type is unconnected in block <fpga>.
WARNING:Xst:2677 - Node <core_inst/udp_complete_inst/ip_complete_inst/arp_inst/arp_eth_rx_inst/m_eth_dest_mac_reg_14> of sequential type is unconnected in block <fpga>.
WARNING:Xst:2677 - Node <core_inst/udp_complete_inst/ip_complete_inst/arp_inst/arp_eth_rx_inst/m_eth_dest_mac_reg_13> of sequential type is unconnected in block <fpga>.
WARNING:Xst:2677 - Node <core_inst/udp_complete_inst/ip_complete_inst/arp_inst/arp_eth_rx_inst/m_eth_dest_mac_reg_12> of sequential type is unconnected in block <fpga>.
WARNING:Xst:2677 - Node <core_inst/udp_complete_inst/ip_complete_inst/arp_inst/arp_eth_rx_inst/m_eth_dest_mac_reg_11> of sequential type is unconnected in block <fpga>.
WARNING:Xst:2677 - Node <core_inst/udp_complete_inst/ip_complete_inst/arp_inst/arp_eth_rx_inst/m_eth_dest_mac_reg_10> of sequential type is unconnected in block <fpga>.
WARNING:Xst:2677 - Node <core_inst/udp_complete_inst/ip_complete_inst/arp_inst/arp_eth_rx_inst/m_eth_dest_mac_reg_9> of sequential type is unconnected in block <fpga>.
WARNING:Xst:2677 - Node <core_inst/udp_complete_inst/ip_complete_inst/arp_inst/arp_eth_rx_inst/m_eth_dest_mac_reg_8> of sequential type is unconnected in block <fpga>.
WARNING:Xst:2677 - Node <core_inst/udp_complete_inst/ip_complete_inst/arp_inst/arp_eth_rx_inst/m_eth_dest_mac_reg_7> of sequential type is unconnected in block <fpga>.
WARNING:Xst:2677 - Node <core_inst/udp_complete_inst/ip_complete_inst/arp_inst/arp_eth_rx_inst/m_eth_dest_mac_reg_6> of sequential type is unconnected in block <fpga>.
WARNING:Xst:2677 - Node <core_inst/udp_complete_inst/ip_complete_inst/arp_inst/arp_eth_rx_inst/m_eth_dest_mac_reg_5> of sequential type is unconnected in block <fpga>.
WARNING:Xst:2677 - Node <core_inst/udp_complete_inst/ip_complete_inst/arp_inst/arp_eth_rx_inst/m_eth_dest_mac_reg_4> of sequential type is unconnected in block <fpga>.
WARNING:Xst:2677 - Node <core_inst/udp_complete_inst/ip_complete_inst/arp_inst/arp_eth_rx_inst/m_eth_dest_mac_reg_3> of sequential type is unconnected in block <fpga>.
WARNING:Xst:2677 - Node <core_inst/udp_complete_inst/ip_complete_inst/arp_inst/arp_eth_rx_inst/m_eth_dest_mac_reg_2> of sequential type is unconnected in block <fpga>.
WARNING:Xst:2677 - Node <core_inst/udp_complete_inst/ip_complete_inst/arp_inst/arp_eth_rx_inst/m_eth_dest_mac_reg_1> of sequential type is unconnected in block <fpga>.
WARNING:Xst:2677 - Node <core_inst/udp_complete_inst/ip_complete_inst/arp_inst/arp_eth_rx_inst/m_eth_dest_mac_reg_0> of sequential type is unconnected in block <fpga>.
WARNING:Xst:2677 - Node <core_inst/udp_complete_inst/udp_inst/udp_ip_rx_inst/m_udp_checksum_reg_0> of sequential type is unconnected in block <fpga>.
WARNING:Xst:2677 - Node <core_inst/udp_complete_inst/udp_inst/udp_ip_rx_inst/m_udp_checksum_reg_1> of sequential type is unconnected in block <fpga>.
WARNING:Xst:2677 - Node <core_inst/udp_complete_inst/udp_inst/udp_ip_rx_inst/m_udp_checksum_reg_2> of sequential type is unconnected in block <fpga>.
WARNING:Xst:2677 - Node <core_inst/udp_complete_inst/udp_inst/udp_ip_rx_inst/m_udp_checksum_reg_3> of sequential type is unconnected in block <fpga>.
WARNING:Xst:2677 - Node <core_inst/udp_complete_inst/udp_inst/udp_ip_rx_inst/m_udp_checksum_reg_5> of sequential type is unconnected in block <fpga>.
WARNING:Xst:2677 - Node <core_inst/udp_complete_inst/udp_inst/udp_ip_rx_inst/m_udp_checksum_reg_6> of sequential type is unconnected in block <fpga>.
WARNING:Xst:2677 - Node <core_inst/udp_complete_inst/udp_inst/udp_ip_rx_inst/m_udp_checksum_reg_4> of sequential type is unconnected in block <fpga>.
WARNING:Xst:2677 - Node <core_inst/udp_complete_inst/udp_inst/udp_ip_rx_inst/m_udp_checksum_reg_7> of sequential type is unconnected in block <fpga>.
WARNING:Xst:2677 - Node <core_inst/udp_complete_inst/udp_inst/udp_ip_rx_inst/m_udp_checksum_reg_8> of sequential type is unconnected in block <fpga>.
WARNING:Xst:2677 - Node <core_inst/udp_complete_inst/udp_inst/udp_ip_rx_inst/m_udp_checksum_reg_10> of sequential type is unconnected in block <fpga>.
WARNING:Xst:2677 - Node <core_inst/udp_complete_inst/udp_inst/udp_ip_rx_inst/m_udp_checksum_reg_11> of sequential type is unconnected in block <fpga>.
WARNING:Xst:2677 - Node <core_inst/udp_complete_inst/udp_inst/udp_ip_rx_inst/m_udp_checksum_reg_9> of sequential type is unconnected in block <fpga>.
WARNING:Xst:2677 - Node <core_inst/udp_complete_inst/udp_inst/udp_ip_rx_inst/m_udp_checksum_reg_12> of sequential type is unconnected in block <fpga>.
WARNING:Xst:2677 - Node <core_inst/udp_complete_inst/udp_inst/udp_ip_rx_inst/m_udp_checksum_reg_13> of sequential type is unconnected in block <fpga>.
WARNING:Xst:2677 - Node <core_inst/udp_complete_inst/udp_inst/udp_ip_rx_inst/m_udp_checksum_reg_14> of sequential type is unconnected in block <fpga>.
WARNING:Xst:2677 - Node <core_inst/udp_complete_inst/udp_inst/udp_ip_rx_inst/m_udp_checksum_reg_15> of sequential type is unconnected in block <fpga>.
WARNING:Xst:2677 - Node <core_inst/udp_complete_inst/udp_inst/udp_ip_rx_inst/m_ip_protocol_reg_0> of sequential type is unconnected in block <fpga>.
WARNING:Xst:2677 - Node <core_inst/udp_complete_inst/udp_inst/udp_ip_rx_inst/m_ip_dest_ip_reg_31> of sequential type is unconnected in block <fpga>.
WARNING:Xst:2677 - Node <core_inst/udp_complete_inst/udp_inst/udp_ip_rx_inst/m_ip_dest_ip_reg_30> of sequential type is unconnected in block <fpga>.
WARNING:Xst:2677 - Node <core_inst/udp_complete_inst/udp_inst/udp_ip_rx_inst/m_ip_dest_ip_reg_29> of sequential type is unconnected in block <fpga>.
WARNING:Xst:2677 - Node <core_inst/udp_complete_inst/udp_inst/udp_ip_rx_inst/m_ip_dest_ip_reg_28> of sequential type is unconnected in block <fpga>.
WARNING:Xst:2677 - Node <core_inst/udp_complete_inst/udp_inst/udp_ip_rx_inst/m_ip_dest_ip_reg_27> of sequential type is unconnected in block <fpga>.
WARNING:Xst:2677 - Node <core_inst/udp_complete_inst/udp_inst/udp_ip_rx_inst/m_ip_dest_ip_reg_26> of sequential type is unconnected in block <fpga>.
WARNING:Xst:2677 - Node <core_inst/udp_complete_inst/udp_inst/udp_ip_rx_inst/m_ip_dest_ip_reg_25> of sequential type is unconnected in block <fpga>.
WARNING:Xst:2677 - Node <core_inst/udp_complete_inst/udp_inst/udp_ip_rx_inst/m_ip_dest_ip_reg_24> of sequential type is unconnected in block <fpga>.
WARNING:Xst:2677 - Node <core_inst/udp_complete_inst/udp_inst/udp_ip_rx_inst/m_ip_dest_ip_reg_23> of sequential type is unconnected in block <fpga>.
WARNING:Xst:2677 - Node <core_inst/udp_complete_inst/udp_inst/udp_ip_rx_inst/m_ip_dest_ip_reg_22> of sequential type is unconnected in block <fpga>.
WARNING:Xst:2677 - Node <core_inst/udp_complete_inst/udp_inst/udp_ip_rx_inst/m_ip_dest_ip_reg_21> of sequential type is unconnected in block <fpga>.
WARNING:Xst:2677 - Node <core_inst/udp_complete_inst/udp_inst/udp_ip_rx_inst/m_ip_dest_ip_reg_20> of sequential type is unconnected in block <fpga>.
WARNING:Xst:2677 - Node <core_inst/udp_complete_inst/udp_inst/udp_ip_rx_inst/m_ip_dest_ip_reg_19> of sequential type is unconnected in block <fpga>.
WARNING:Xst:2677 - Node <core_inst/udp_complete_inst/udp_inst/udp_ip_rx_inst/m_ip_dest_ip_reg_18> of sequential type is unconnected in block <fpga>.
WARNING:Xst:2677 - Node <core_inst/udp_complete_inst/udp_inst/udp_ip_rx_inst/m_ip_dest_ip_reg_17> of sequential type is unconnected in block <fpga>.
WARNING:Xst:2677 - Node <core_inst/udp_complete_inst/udp_inst/udp_ip_rx_inst/m_ip_dest_ip_reg_16> of sequential type is unconnected in block <fpga>.
WARNING:Xst:2677 - Node <core_inst/udp_complete_inst/udp_inst/udp_ip_rx_inst/m_ip_dest_ip_reg_15> of sequential type is unconnected in block <fpga>.
WARNING:Xst:2677 - Node <core_inst/udp_complete_inst/udp_inst/udp_ip_rx_inst/m_ip_dest_ip_reg_14> of sequential type is unconnected in block <fpga>.
WARNING:Xst:2677 - Node <core_inst/udp_complete_inst/udp_inst/udp_ip_rx_inst/m_ip_dest_ip_reg_13> of sequential type is unconnected in block <fpga>.
WARNING:Xst:2677 - Node <core_inst/udp_complete_inst/udp_inst/udp_ip_rx_inst/m_ip_dest_ip_reg_12> of sequential type is unconnected in block <fpga>.
WARNING:Xst:2677 - Node <core_inst/udp_complete_inst/udp_inst/udp_ip_rx_inst/m_ip_dest_ip_reg_11> of sequential type is unconnected in block <fpga>.
WARNING:Xst:2677 - Node <core_inst/udp_complete_inst/udp_inst/udp_ip_rx_inst/m_ip_dest_ip_reg_10> of sequential type is unconnected in block <fpga>.
WARNING:Xst:2677 - Node <core_inst/udp_complete_inst/udp_inst/udp_ip_rx_inst/m_ip_dest_ip_reg_9> of sequential type is unconnected in block <fpga>.
WARNING:Xst:2677 - Node <core_inst/udp_complete_inst/udp_inst/udp_ip_rx_inst/m_ip_dest_ip_reg_8> of sequential type is unconnected in block <fpga>.
WARNING:Xst:2677 - Node <core_inst/udp_complete_inst/udp_inst/udp_ip_rx_inst/m_ip_dest_ip_reg_7> of sequential type is unconnected in block <fpga>.
WARNING:Xst:2677 - Node <core_inst/udp_complete_inst/udp_inst/udp_ip_rx_inst/m_ip_dest_ip_reg_6> of sequential type is unconnected in block <fpga>.
WARNING:Xst:2677 - Node <core_inst/udp_complete_inst/udp_inst/udp_ip_rx_inst/m_ip_dest_ip_reg_5> of sequential type is unconnected in block <fpga>.
WARNING:Xst:2677 - Node <core_inst/udp_complete_inst/udp_inst/udp_ip_rx_inst/m_ip_dest_ip_reg_4> of sequential type is unconnected in block <fpga>.
WARNING:Xst:2677 - Node <core_inst/udp_complete_inst/udp_inst/udp_ip_rx_inst/m_ip_dest_ip_reg_3> of sequential type is unconnected in block <fpga>.
WARNING:Xst:2677 - Node <core_inst/udp_complete_inst/udp_inst/udp_ip_rx_inst/m_ip_dest_ip_reg_2> of sequential type is unconnected in block <fpga>.
WARNING:Xst:2677 - Node <core_inst/udp_complete_inst/udp_inst/udp_ip_rx_inst/m_ip_dest_ip_reg_1> of sequential type is unconnected in block <fpga>.
WARNING:Xst:2677 - Node <core_inst/udp_complete_inst/udp_inst/udp_ip_rx_inst/m_ip_dest_ip_reg_0> of sequential type is unconnected in block <fpga>.
WARNING:Xst:2677 - Node <core_inst/udp_complete_inst/udp_inst/udp_ip_rx_inst/m_ip_ttl_reg_7> of sequential type is unconnected in block <fpga>.
WARNING:Xst:2677 - Node <core_inst/udp_complete_inst/udp_inst/udp_ip_rx_inst/m_ip_ttl_reg_6> of sequential type is unconnected in block <fpga>.
WARNING:Xst:2677 - Node <core_inst/udp_complete_inst/udp_inst/udp_ip_rx_inst/m_ip_ttl_reg_5> of sequential type is unconnected in block <fpga>.
WARNING:Xst:2677 - Node <core_inst/udp_complete_inst/udp_inst/udp_ip_rx_inst/m_ip_ttl_reg_4> of sequential type is unconnected in block <fpga>.
WARNING:Xst:2677 - Node <core_inst/udp_complete_inst/udp_inst/udp_ip_rx_inst/m_ip_ttl_reg_3> of sequential type is unconnected in block <fpga>.
WARNING:Xst:2677 - Node <core_inst/udp_complete_inst/udp_inst/udp_ip_rx_inst/m_ip_ttl_reg_2> of sequential type is unconnected in block <fpga>.
WARNING:Xst:2677 - Node <core_inst/udp_complete_inst/udp_inst/udp_ip_rx_inst/m_ip_ttl_reg_1> of sequential type is unconnected in block <fpga>.
WARNING:Xst:2677 - Node <core_inst/udp_complete_inst/udp_inst/udp_ip_rx_inst/m_ip_ttl_reg_0> of sequential type is unconnected in block <fpga>.
WARNING:Xst:2677 - Node <core_inst/udp_complete_inst/udp_inst/udp_ip_rx_inst/m_ip_fragment_offset_reg_12> of sequential type is unconnected in block <fpga>.
WARNING:Xst:2677 - Node <core_inst/udp_complete_inst/udp_inst/udp_ip_rx_inst/m_ip_fragment_offset_reg_11> of sequential type is unconnected in block <fpga>.
WARNING:Xst:2677 - Node <core_inst/udp_complete_inst/udp_inst/udp_ip_rx_inst/m_ip_fragment_offset_reg_10> of sequential type is unconnected in block <fpga>.
WARNING:Xst:2677 - Node <core_inst/udp_complete_inst/udp_inst/udp_ip_rx_inst/m_ip_fragment_offset_reg_9> of sequential type is unconnected in block <fpga>.
WARNING:Xst:2677 - Node <core_inst/udp_complete_inst/udp_inst/udp_ip_rx_inst/m_ip_fragment_offset_reg_8> of sequential type is unconnected in block <fpga>.
WARNING:Xst:2677 - Node <core_inst/udp_complete_inst/udp_inst/udp_ip_rx_inst/m_ip_fragment_offset_reg_7> of sequential type is unconnected in block <fpga>.
WARNING:Xst:2677 - Node <core_inst/udp_complete_inst/udp_inst/udp_ip_rx_inst/m_ip_fragment_offset_reg_6> of sequential type is unconnected in block <fpga>.
WARNING:Xst:2677 - Node <core_inst/udp_complete_inst/udp_inst/udp_ip_rx_inst/m_ip_fragment_offset_reg_5> of sequential type is unconnected in block <fpga>.
WARNING:Xst:2677 - Node <core_inst/udp_complete_inst/udp_inst/udp_ip_rx_inst/m_ip_fragment_offset_reg_4> of sequential type is unconnected in block <fpga>.
WARNING:Xst:2677 - Node <core_inst/udp_complete_inst/udp_inst/udp_ip_rx_inst/m_ip_fragment_offset_reg_3> of sequential type is unconnected in block <fpga>.
WARNING:Xst:2677 - Node <core_inst/udp_complete_inst/udp_inst/udp_ip_rx_inst/m_ip_fragment_offset_reg_2> of sequential type is unconnected in block <fpga>.
WARNING:Xst:2677 - Node <core_inst/udp_complete_inst/udp_inst/udp_ip_rx_inst/m_ip_fragment_offset_reg_1> of sequential type is unconnected in block <fpga>.
WARNING:Xst:2677 - Node <core_inst/udp_complete_inst/udp_inst/udp_ip_rx_inst/m_ip_fragment_offset_reg_0> of sequential type is unconnected in block <fpga>.
WARNING:Xst:2677 - Node <core_inst/udp_complete_inst/udp_inst/udp_ip_rx_inst/m_ip_header_checksum_reg_15> of sequential type is unconnected in block <fpga>.
WARNING:Xst:2677 - Node <core_inst/udp_complete_inst/udp_inst/udp_ip_rx_inst/m_ip_header_checksum_reg_14> of sequential type is unconnected in block <fpga>.
WARNING:Xst:2677 - Node <core_inst/udp_complete_inst/udp_inst/udp_ip_rx_inst/m_ip_header_checksum_reg_13> of sequential type is unconnected in block <fpga>.
WARNING:Xst:2677 - Node <core_inst/udp_complete_inst/udp_inst/udp_ip_rx_inst/m_ip_header_checksum_reg_12> of sequential type is unconnected in block <fpga>.
WARNING:Xst:2677 - Node <core_inst/udp_complete_inst/udp_inst/udp_ip_rx_inst/m_ip_header_checksum_reg_11> of sequential type is unconnected in block <fpga>.
WARNING:Xst:2677 - Node <core_inst/udp_complete_inst/udp_inst/udp_ip_rx_inst/m_ip_header_checksum_reg_10> of sequential type is unconnected in block <fpga>.
WARNING:Xst:2677 - Node <core_inst/udp_complete_inst/udp_inst/udp_ip_rx_inst/m_ip_header_checksum_reg_9> of sequential type is unconnected in block <fpga>.
WARNING:Xst:2677 - Node <core_inst/udp_complete_inst/udp_inst/udp_ip_rx_inst/m_ip_header_checksum_reg_8> of sequential type is unconnected in block <fpga>.
WARNING:Xst:2677 - Node <core_inst/udp_complete_inst/udp_inst/udp_ip_rx_inst/m_ip_header_checksum_reg_7> of sequential type is unconnected in block <fpga>.
WARNING:Xst:2677 - Node <core_inst/udp_complete_inst/udp_inst/udp_ip_rx_inst/m_ip_header_checksum_reg_6> of sequential type is unconnected in block <fpga>.
WARNING:Xst:2677 - Node <core_inst/udp_complete_inst/udp_inst/udp_ip_rx_inst/m_ip_header_checksum_reg_5> of sequential type is unconnected in block <fpga>.
WARNING:Xst:2677 - Node <core_inst/udp_complete_inst/udp_inst/udp_ip_rx_inst/m_ip_header_checksum_reg_4> of sequential type is unconnected in block <fpga>.
WARNING:Xst:2677 - Node <core_inst/udp_complete_inst/udp_inst/udp_ip_rx_inst/m_ip_header_checksum_reg_3> of sequential type is unconnected in block <fpga>.
WARNING:Xst:2677 - Node <core_inst/udp_complete_inst/udp_inst/udp_ip_rx_inst/m_ip_header_checksum_reg_2> of sequential type is unconnected in block <fpga>.
WARNING:Xst:2677 - Node <core_inst/udp_complete_inst/udp_inst/udp_ip_rx_inst/m_ip_header_checksum_reg_1> of sequential type is unconnected in block <fpga>.
WARNING:Xst:2677 - Node <core_inst/udp_complete_inst/udp_inst/udp_ip_rx_inst/m_ip_header_checksum_reg_0> of sequential type is unconnected in block <fpga>.
WARNING:Xst:2677 - Node <core_inst/udp_complete_inst/udp_inst/udp_ip_rx_inst/m_ip_flags_reg_2> of sequential type is unconnected in block <fpga>.
WARNING:Xst:2677 - Node <core_inst/udp_complete_inst/udp_inst/udp_ip_rx_inst/m_ip_flags_reg_1> of sequential type is unconnected in block <fpga>.
WARNING:Xst:2677 - Node <core_inst/udp_complete_inst/udp_inst/udp_ip_rx_inst/m_ip_flags_reg_0> of sequential type is unconnected in block <fpga>.
WARNING:Xst:2677 - Node <core_inst/udp_complete_inst/udp_inst/udp_ip_rx_inst/m_ip_identification_reg_15> of sequential type is unconnected in block <fpga>.
WARNING:Xst:2677 - Node <core_inst/udp_complete_inst/udp_inst/udp_ip_rx_inst/m_ip_identification_reg_14> of sequential type is unconnected in block <fpga>.
WARNING:Xst:2677 - Node <core_inst/udp_complete_inst/udp_inst/udp_ip_rx_inst/m_ip_identification_reg_13> of sequential type is unconnected in block <fpga>.
WARNING:Xst:2677 - Node <core_inst/udp_complete_inst/udp_inst/udp_ip_rx_inst/m_ip_identification_reg_12> of sequential type is unconnected in block <fpga>.
WARNING:Xst:2677 - Node <core_inst/udp_complete_inst/udp_inst/udp_ip_rx_inst/m_ip_identification_reg_11> of sequential type is unconnected in block <fpga>.
WARNING:Xst:2677 - Node <core_inst/udp_complete_inst/udp_inst/udp_ip_rx_inst/m_ip_identification_reg_10> of sequential type is unconnected in block <fpga>.
WARNING:Xst:2677 - Node <core_inst/udp_complete_inst/udp_inst/udp_ip_rx_inst/m_ip_identification_reg_9> of sequential type is unconnected in block <fpga>.
WARNING:Xst:2677 - Node <core_inst/udp_complete_inst/udp_inst/udp_ip_rx_inst/m_ip_identification_reg_8> of sequential type is unconnected in block <fpga>.
WARNING:Xst:2677 - Node <core_inst/udp_complete_inst/udp_inst/udp_ip_rx_inst/m_ip_identification_reg_7> of sequential type is unconnected in block <fpga>.
WARNING:Xst:2677 - Node <core_inst/udp_complete_inst/udp_inst/udp_ip_rx_inst/m_ip_identification_reg_6> of sequential type is unconnected in block <fpga>.
WARNING:Xst:2677 - Node <core_inst/udp_complete_inst/udp_inst/udp_ip_rx_inst/m_ip_identification_reg_5> of sequential type is unconnected in block <fpga>.
WARNING:Xst:2677 - Node <core_inst/udp_complete_inst/udp_inst/udp_ip_rx_inst/m_ip_identification_reg_4> of sequential type is unconnected in block <fpga>.
WARNING:Xst:2677 - Node <core_inst/udp_complete_inst/udp_inst/udp_ip_rx_inst/m_ip_identification_reg_3> of sequential type is unconnected in block <fpga>.
WARNING:Xst:2677 - Node <core_inst/udp_complete_inst/udp_inst/udp_ip_rx_inst/m_ip_identification_reg_2> of sequential type is unconnected in block <fpga>.
WARNING:Xst:2677 - Node <core_inst/udp_complete_inst/udp_inst/udp_ip_rx_inst/m_ip_identification_reg_1> of sequential type is unconnected in block <fpga>.
WARNING:Xst:2677 - Node <core_inst/udp_complete_inst/udp_inst/udp_ip_rx_inst/m_ip_identification_reg_0> of sequential type is unconnected in block <fpga>.
WARNING:Xst:2677 - Node <core_inst/udp_complete_inst/udp_inst/udp_ip_rx_inst/m_ip_ecn_reg_1> of sequential type is unconnected in block <fpga>.
WARNING:Xst:2677 - Node <core_inst/udp_complete_inst/udp_inst/udp_ip_rx_inst/m_ip_ecn_reg_0> of sequential type is unconnected in block <fpga>.
WARNING:Xst:2677 - Node <core_inst/udp_complete_inst/udp_inst/udp_ip_rx_inst/m_ip_dscp_reg_5> of sequential type is unconnected in block <fpga>.
WARNING:Xst:2677 - Node <core_inst/udp_complete_inst/udp_inst/udp_ip_rx_inst/m_ip_dscp_reg_4> of sequential type is unconnected in block <fpga>.
WARNING:Xst:2677 - Node <core_inst/udp_complete_inst/udp_inst/udp_ip_rx_inst/m_ip_dscp_reg_3> of sequential type is unconnected in block <fpga>.
WARNING:Xst:2677 - Node <core_inst/udp_complete_inst/udp_inst/udp_ip_rx_inst/m_ip_dscp_reg_2> of sequential type is unconnected in block <fpga>.
WARNING:Xst:2677 - Node <core_inst/udp_complete_inst/udp_inst/udp_ip_rx_inst/m_ip_dscp_reg_1> of sequential type is unconnected in block <fpga>.
WARNING:Xst:2677 - Node <core_inst/udp_complete_inst/udp_inst/udp_ip_rx_inst/m_ip_dscp_reg_0> of sequential type is unconnected in block <fpga>.
WARNING:Xst:2677 - Node <core_inst/udp_complete_inst/udp_inst/udp_ip_rx_inst/m_ip_length_reg_15> of sequential type is unconnected in block <fpga>.
WARNING:Xst:2677 - Node <core_inst/udp_complete_inst/udp_inst/udp_ip_rx_inst/m_ip_length_reg_14> of sequential type is unconnected in block <fpga>.
WARNING:Xst:2677 - Node <core_inst/udp_complete_inst/udp_inst/udp_ip_rx_inst/m_ip_length_reg_13> of sequential type is unconnected in block <fpga>.
WARNING:Xst:2677 - Node <core_inst/udp_complete_inst/udp_inst/udp_ip_rx_inst/m_ip_length_reg_12> of sequential type is unconnected in block <fpga>.
WARNING:Xst:2677 - Node <core_inst/udp_complete_inst/udp_inst/udp_ip_rx_inst/m_ip_length_reg_11> of sequential type is unconnected in block <fpga>.
WARNING:Xst:2677 - Node <core_inst/udp_complete_inst/udp_inst/udp_ip_rx_inst/m_ip_length_reg_10> of sequential type is unconnected in block <fpga>.
WARNING:Xst:2677 - Node <core_inst/udp_complete_inst/udp_inst/udp_ip_rx_inst/m_ip_length_reg_9> of sequential type is unconnected in block <fpga>.
WARNING:Xst:2677 - Node <core_inst/udp_complete_inst/udp_inst/udp_ip_rx_inst/m_ip_length_reg_8> of sequential type is unconnected in block <fpga>.
WARNING:Xst:2677 - Node <core_inst/udp_complete_inst/udp_inst/udp_ip_rx_inst/m_ip_length_reg_7> of sequential type is unconnected in block <fpga>.
WARNING:Xst:2677 - Node <core_inst/udp_complete_inst/udp_inst/udp_ip_rx_inst/m_ip_length_reg_6> of sequential type is unconnected in block <fpga>.
WARNING:Xst:2677 - Node <core_inst/udp_complete_inst/udp_inst/udp_ip_rx_inst/m_ip_length_reg_5> of sequential type is unconnected in block <fpga>.
WARNING:Xst:2677 - Node <core_inst/udp_complete_inst/udp_inst/udp_ip_rx_inst/m_ip_length_reg_4> of sequential type is unconnected in block <fpga>.
WARNING:Xst:2677 - Node <core_inst/udp_complete_inst/udp_inst/udp_ip_rx_inst/m_ip_length_reg_3> of sequential type is unconnected in block <fpga>.
WARNING:Xst:2677 - Node <core_inst/udp_complete_inst/udp_inst/udp_ip_rx_inst/m_ip_length_reg_2> of sequential type is unconnected in block <fpga>.
WARNING:Xst:2677 - Node <core_inst/udp_complete_inst/udp_inst/udp_ip_rx_inst/m_ip_length_reg_1> of sequential type is unconnected in block <fpga>.
WARNING:Xst:2677 - Node <core_inst/udp_complete_inst/udp_inst/udp_ip_rx_inst/m_ip_length_reg_0> of sequential type is unconnected in block <fpga>.
WARNING:Xst:2677 - Node <core_inst/udp_complete_inst/udp_inst/udp_ip_rx_inst/m_ip_ihl_reg_3> of sequential type is unconnected in block <fpga>.
WARNING:Xst:2677 - Node <core_inst/udp_complete_inst/udp_inst/udp_ip_rx_inst/m_ip_ihl_reg_2> of sequential type is unconnected in block <fpga>.
WARNING:Xst:2677 - Node <core_inst/udp_complete_inst/udp_inst/udp_ip_rx_inst/m_ip_ihl_reg_1> of sequential type is unconnected in block <fpga>.
WARNING:Xst:2677 - Node <core_inst/udp_complete_inst/udp_inst/udp_ip_rx_inst/m_ip_ihl_reg_0> of sequential type is unconnected in block <fpga>.
WARNING:Xst:2677 - Node <core_inst/udp_complete_inst/udp_inst/udp_ip_rx_inst/m_ip_version_reg_3> of sequential type is unconnected in block <fpga>.
WARNING:Xst:2677 - Node <core_inst/udp_complete_inst/udp_inst/udp_ip_rx_inst/m_ip_version_reg_2> of sequential type is unconnected in block <fpga>.
WARNING:Xst:2677 - Node <core_inst/udp_complete_inst/udp_inst/udp_ip_rx_inst/m_ip_version_reg_1> of sequential type is unconnected in block <fpga>.
WARNING:Xst:2677 - Node <core_inst/udp_complete_inst/udp_inst/udp_ip_rx_inst/m_ip_version_reg_0> of sequential type is unconnected in block <fpga>.
WARNING:Xst:2677 - Node <core_inst/udp_complete_inst/udp_inst/udp_ip_rx_inst/m_eth_src_mac_reg_47> of sequential type is unconnected in block <fpga>.
WARNING:Xst:2677 - Node <core_inst/udp_complete_inst/udp_inst/udp_ip_rx_inst/m_eth_src_mac_reg_46> of sequential type is unconnected in block <fpga>.
WARNING:Xst:2677 - Node <core_inst/udp_complete_inst/udp_inst/udp_ip_rx_inst/m_eth_src_mac_reg_45> of sequential type is unconnected in block <fpga>.
WARNING:Xst:2677 - Node <core_inst/udp_complete_inst/udp_inst/udp_ip_rx_inst/m_eth_src_mac_reg_44> of sequential type is unconnected in block <fpga>.
WARNING:Xst:2677 - Node <core_inst/udp_complete_inst/udp_inst/udp_ip_rx_inst/m_eth_src_mac_reg_43> of sequential type is unconnected in block <fpga>.
WARNING:Xst:2677 - Node <core_inst/udp_complete_inst/udp_inst/udp_ip_rx_inst/m_eth_src_mac_reg_42> of sequential type is unconnected in block <fpga>.
WARNING:Xst:2677 - Node <core_inst/udp_complete_inst/udp_inst/udp_ip_rx_inst/m_eth_src_mac_reg_41> of sequential type is unconnected in block <fpga>.
WARNING:Xst:2677 - Node <core_inst/udp_complete_inst/udp_inst/udp_ip_rx_inst/m_eth_src_mac_reg_40> of sequential type is unconnected in block <fpga>.
WARNING:Xst:2677 - Node <core_inst/udp_complete_inst/udp_inst/udp_ip_rx_inst/m_eth_src_mac_reg_39> of sequential type is unconnected in block <fpga>.
WARNING:Xst:2677 - Node <core_inst/udp_complete_inst/udp_inst/udp_ip_rx_inst/m_eth_src_mac_reg_38> of sequential type is unconnected in block <fpga>.
WARNING:Xst:2677 - Node <core_inst/udp_complete_inst/udp_inst/udp_ip_rx_inst/m_eth_src_mac_reg_37> of sequential type is unconnected in block <fpga>.
WARNING:Xst:2677 - Node <core_inst/udp_complete_inst/udp_inst/udp_ip_rx_inst/m_eth_src_mac_reg_36> of sequential type is unconnected in block <fpga>.
WARNING:Xst:2677 - Node <core_inst/udp_complete_inst/udp_inst/udp_ip_rx_inst/m_eth_src_mac_reg_35> of sequential type is unconnected in block <fpga>.
WARNING:Xst:2677 - Node <core_inst/udp_complete_inst/udp_inst/udp_ip_rx_inst/m_eth_src_mac_reg_34> of sequential type is unconnected in block <fpga>.
WARNING:Xst:2677 - Node <core_inst/udp_complete_inst/udp_inst/udp_ip_rx_inst/m_eth_src_mac_reg_33> of sequential type is unconnected in block <fpga>.
WARNING:Xst:2677 - Node <core_inst/udp_complete_inst/udp_inst/udp_ip_rx_inst/m_eth_src_mac_reg_32> of sequential type is unconnected in block <fpga>.
WARNING:Xst:2677 - Node <core_inst/udp_complete_inst/udp_inst/udp_ip_rx_inst/m_eth_src_mac_reg_31> of sequential type is unconnected in block <fpga>.
WARNING:Xst:2677 - Node <core_inst/udp_complete_inst/udp_inst/udp_ip_rx_inst/m_eth_src_mac_reg_30> of sequential type is unconnected in block <fpga>.
WARNING:Xst:2677 - Node <core_inst/udp_complete_inst/udp_inst/udp_ip_rx_inst/m_eth_src_mac_reg_29> of sequential type is unconnected in block <fpga>.
WARNING:Xst:2677 - Node <core_inst/udp_complete_inst/udp_inst/udp_ip_rx_inst/m_eth_src_mac_reg_28> of sequential type is unconnected in block <fpga>.
WARNING:Xst:2677 - Node <core_inst/udp_complete_inst/udp_inst/udp_ip_rx_inst/m_eth_src_mac_reg_27> of sequential type is unconnected in block <fpga>.
WARNING:Xst:2677 - Node <core_inst/udp_complete_inst/udp_inst/udp_ip_rx_inst/m_eth_src_mac_reg_26> of sequential type is unconnected in block <fpga>.
WARNING:Xst:2677 - Node <core_inst/udp_complete_inst/udp_inst/udp_ip_rx_inst/m_eth_src_mac_reg_25> of sequential type is unconnected in block <fpga>.
WARNING:Xst:2677 - Node <core_inst/udp_complete_inst/udp_inst/udp_ip_rx_inst/m_eth_src_mac_reg_24> of sequential type is unconnected in block <fpga>.
WARNING:Xst:2677 - Node <core_inst/udp_complete_inst/udp_inst/udp_ip_rx_inst/m_eth_src_mac_reg_23> of sequential type is unconnected in block <fpga>.
WARNING:Xst:2677 - Node <core_inst/udp_complete_inst/udp_inst/udp_ip_rx_inst/m_eth_src_mac_reg_22> of sequential type is unconnected in block <fpga>.
WARNING:Xst:2677 - Node <core_inst/udp_complete_inst/udp_inst/udp_ip_rx_inst/m_eth_src_mac_reg_21> of sequential type is unconnected in block <fpga>.
WARNING:Xst:2677 - Node <core_inst/udp_complete_inst/udp_inst/udp_ip_rx_inst/m_eth_src_mac_reg_20> of sequential type is unconnected in block <fpga>.
WARNING:Xst:2677 - Node <core_inst/udp_complete_inst/udp_inst/udp_ip_rx_inst/m_eth_src_mac_reg_19> of sequential type is unconnected in block <fpga>.
WARNING:Xst:2677 - Node <core_inst/udp_complete_inst/udp_inst/udp_ip_rx_inst/m_eth_src_mac_reg_18> of sequential type is unconnected in block <fpga>.
WARNING:Xst:2677 - Node <core_inst/udp_complete_inst/udp_inst/udp_ip_rx_inst/m_eth_src_mac_reg_17> of sequential type is unconnected in block <fpga>.
WARNING:Xst:2677 - Node <core_inst/udp_complete_inst/udp_inst/udp_ip_rx_inst/m_eth_src_mac_reg_16> of sequential type is unconnected in block <fpga>.
WARNING:Xst:2677 - Node <core_inst/udp_complete_inst/udp_inst/udp_ip_rx_inst/m_eth_src_mac_reg_15> of sequential type is unconnected in block <fpga>.
WARNING:Xst:2677 - Node <core_inst/udp_complete_inst/udp_inst/udp_ip_rx_inst/m_eth_src_mac_reg_14> of sequential type is unconnected in block <fpga>.
WARNING:Xst:2677 - Node <core_inst/udp_complete_inst/udp_inst/udp_ip_rx_inst/m_eth_src_mac_reg_13> of sequential type is unconnected in block <fpga>.
WARNING:Xst:2677 - Node <core_inst/udp_complete_inst/udp_inst/udp_ip_rx_inst/m_eth_src_mac_reg_12> of sequential type is unconnected in block <fpga>.
WARNING:Xst:2677 - Node <core_inst/udp_complete_inst/udp_inst/udp_ip_rx_inst/m_eth_src_mac_reg_11> of sequential type is unconnected in block <fpga>.
WARNING:Xst:2677 - Node <core_inst/udp_complete_inst/udp_inst/udp_ip_rx_inst/m_eth_src_mac_reg_10> of sequential type is unconnected in block <fpga>.
WARNING:Xst:2677 - Node <core_inst/udp_complete_inst/udp_inst/udp_ip_rx_inst/m_eth_src_mac_reg_9> of sequential type is unconnected in block <fpga>.
WARNING:Xst:2677 - Node <core_inst/udp_complete_inst/udp_inst/udp_ip_rx_inst/m_eth_src_mac_reg_8> of sequential type is unconnected in block <fpga>.
WARNING:Xst:2677 - Node <core_inst/udp_complete_inst/udp_inst/udp_ip_rx_inst/m_eth_src_mac_reg_7> of sequential type is unconnected in block <fpga>.
WARNING:Xst:2677 - Node <core_inst/udp_complete_inst/udp_inst/udp_ip_rx_inst/m_eth_src_mac_reg_6> of sequential type is unconnected in block <fpga>.
WARNING:Xst:2677 - Node <core_inst/udp_complete_inst/udp_inst/udp_ip_rx_inst/m_eth_src_mac_reg_5> of sequential type is unconnected in block <fpga>.
WARNING:Xst:2677 - Node <core_inst/udp_complete_inst/udp_inst/udp_ip_rx_inst/m_eth_src_mac_reg_4> of sequential type is unconnected in block <fpga>.
WARNING:Xst:2677 - Node <core_inst/udp_complete_inst/udp_inst/udp_ip_rx_inst/m_eth_src_mac_reg_3> of sequential type is unconnected in block <fpga>.
WARNING:Xst:2677 - Node <core_inst/udp_complete_inst/udp_inst/udp_ip_rx_inst/m_eth_src_mac_reg_2> of sequential type is unconnected in block <fpga>.
WARNING:Xst:2677 - Node <core_inst/udp_complete_inst/udp_inst/udp_ip_rx_inst/m_eth_src_mac_reg_1> of sequential type is unconnected in block <fpga>.
WARNING:Xst:2677 - Node <core_inst/udp_complete_inst/udp_inst/udp_ip_rx_inst/m_eth_src_mac_reg_0> of sequential type is unconnected in block <fpga>.
WARNING:Xst:2677 - Node <core_inst/udp_complete_inst/udp_inst/udp_ip_rx_inst/m_eth_dest_mac_reg_47> of sequential type is unconnected in block <fpga>.
WARNING:Xst:2677 - Node <core_inst/udp_complete_inst/udp_inst/udp_ip_rx_inst/m_eth_dest_mac_reg_46> of sequential type is unconnected in block <fpga>.
WARNING:Xst:2677 - Node <core_inst/udp_complete_inst/udp_inst/udp_ip_rx_inst/m_eth_dest_mac_reg_45> of sequential type is unconnected in block <fpga>.
WARNING:Xst:2677 - Node <core_inst/udp_complete_inst/udp_inst/udp_ip_rx_inst/m_eth_dest_mac_reg_44> of sequential type is unconnected in block <fpga>.
WARNING:Xst:2677 - Node <core_inst/udp_complete_inst/udp_inst/udp_ip_rx_inst/m_eth_dest_mac_reg_43> of sequential type is unconnected in block <fpga>.
WARNING:Xst:2677 - Node <core_inst/udp_complete_inst/udp_inst/udp_ip_rx_inst/m_eth_dest_mac_reg_42> of sequential type is unconnected in block <fpga>.
WARNING:Xst:2677 - Node <core_inst/udp_complete_inst/udp_inst/udp_ip_rx_inst/m_eth_dest_mac_reg_41> of sequential type is unconnected in block <fpga>.
WARNING:Xst:2677 - Node <core_inst/udp_complete_inst/udp_inst/udp_ip_rx_inst/m_eth_dest_mac_reg_40> of sequential type is unconnected in block <fpga>.
WARNING:Xst:2677 - Node <core_inst/udp_complete_inst/udp_inst/udp_ip_rx_inst/m_eth_dest_mac_reg_39> of sequential type is unconnected in block <fpga>.
WARNING:Xst:2677 - Node <core_inst/udp_complete_inst/udp_inst/udp_ip_rx_inst/m_eth_dest_mac_reg_38> of sequential type is unconnected in block <fpga>.
WARNING:Xst:2677 - Node <core_inst/udp_complete_inst/udp_inst/udp_ip_rx_inst/m_eth_dest_mac_reg_37> of sequential type is unconnected in block <fpga>.
WARNING:Xst:2677 - Node <core_inst/udp_complete_inst/udp_inst/udp_ip_rx_inst/m_eth_dest_mac_reg_36> of sequential type is unconnected in block <fpga>.
WARNING:Xst:2677 - Node <core_inst/udp_complete_inst/udp_inst/udp_ip_rx_inst/m_eth_dest_mac_reg_35> of sequential type is unconnected in block <fpga>.
WARNING:Xst:2677 - Node <core_inst/udp_complete_inst/udp_inst/udp_ip_rx_inst/m_eth_dest_mac_reg_34> of sequential type is unconnected in block <fpga>.
WARNING:Xst:2677 - Node <core_inst/udp_complete_inst/udp_inst/udp_ip_rx_inst/m_eth_dest_mac_reg_33> of sequential type is unconnected in block <fpga>.
WARNING:Xst:2677 - Node <core_inst/udp_complete_inst/udp_inst/udp_ip_rx_inst/m_eth_dest_mac_reg_32> of sequential type is unconnected in block <fpga>.
WARNING:Xst:2677 - Node <core_inst/udp_complete_inst/udp_inst/udp_ip_rx_inst/m_eth_dest_mac_reg_31> of sequential type is unconnected in block <fpga>.
WARNING:Xst:2677 - Node <core_inst/udp_complete_inst/udp_inst/udp_ip_rx_inst/m_eth_dest_mac_reg_30> of sequential type is unconnected in block <fpga>.
WARNING:Xst:2677 - Node <core_inst/udp_complete_inst/udp_inst/udp_ip_rx_inst/m_eth_dest_mac_reg_29> of sequential type is unconnected in block <fpga>.
WARNING:Xst:2677 - Node <core_inst/udp_complete_inst/udp_inst/udp_ip_rx_inst/m_eth_dest_mac_reg_28> of sequential type is unconnected in block <fpga>.
WARNING:Xst:2677 - Node <core_inst/udp_complete_inst/udp_inst/udp_ip_rx_inst/m_eth_dest_mac_reg_27> of sequential type is unconnected in block <fpga>.
WARNING:Xst:2677 - Node <core_inst/udp_complete_inst/udp_inst/udp_ip_rx_inst/m_eth_dest_mac_reg_26> of sequential type is unconnected in block <fpga>.
WARNING:Xst:2677 - Node <core_inst/udp_complete_inst/udp_inst/udp_ip_rx_inst/m_eth_dest_mac_reg_25> of sequential type is unconnected in block <fpga>.
WARNING:Xst:2677 - Node <core_inst/udp_complete_inst/udp_inst/udp_ip_rx_inst/m_eth_dest_mac_reg_24> of sequential type is unconnected in block <fpga>.
WARNING:Xst:2677 - Node <core_inst/udp_complete_inst/udp_inst/udp_ip_rx_inst/m_eth_dest_mac_reg_23> of sequential type is unconnected in block <fpga>.
WARNING:Xst:2677 - Node <core_inst/udp_complete_inst/udp_inst/udp_ip_rx_inst/m_eth_dest_mac_reg_22> of sequential type is unconnected in block <fpga>.
WARNING:Xst:2677 - Node <core_inst/udp_complete_inst/udp_inst/udp_ip_rx_inst/m_eth_dest_mac_reg_21> of sequential type is unconnected in block <fpga>.
WARNING:Xst:2677 - Node <core_inst/udp_complete_inst/udp_inst/udp_ip_rx_inst/m_eth_dest_mac_reg_20> of sequential type is unconnected in block <fpga>.
WARNING:Xst:2677 - Node <core_inst/udp_complete_inst/udp_inst/udp_ip_rx_inst/m_eth_dest_mac_reg_19> of sequential type is unconnected in block <fpga>.
WARNING:Xst:2677 - Node <core_inst/udp_complete_inst/udp_inst/udp_ip_rx_inst/m_eth_dest_mac_reg_18> of sequential type is unconnected in block <fpga>.
WARNING:Xst:2677 - Node <core_inst/udp_complete_inst/udp_inst/udp_ip_rx_inst/m_eth_dest_mac_reg_17> of sequential type is unconnected in block <fpga>.
WARNING:Xst:2677 - Node <core_inst/udp_complete_inst/udp_inst/udp_ip_rx_inst/m_eth_dest_mac_reg_16> of sequential type is unconnected in block <fpga>.
WARNING:Xst:2677 - Node <core_inst/udp_complete_inst/udp_inst/udp_ip_rx_inst/m_eth_dest_mac_reg_15> of sequential type is unconnected in block <fpga>.
WARNING:Xst:2677 - Node <core_inst/udp_complete_inst/udp_inst/udp_ip_rx_inst/m_eth_dest_mac_reg_14> of sequential type is unconnected in block <fpga>.
WARNING:Xst:2677 - Node <core_inst/udp_complete_inst/udp_inst/udp_ip_rx_inst/m_eth_dest_mac_reg_13> of sequential type is unconnected in block <fpga>.
WARNING:Xst:2677 - Node <core_inst/udp_complete_inst/udp_inst/udp_ip_rx_inst/m_eth_dest_mac_reg_12> of sequential type is unconnected in block <fpga>.
WARNING:Xst:2677 - Node <core_inst/udp_complete_inst/udp_inst/udp_ip_rx_inst/m_eth_dest_mac_reg_11> of sequential type is unconnected in block <fpga>.
WARNING:Xst:2677 - Node <core_inst/udp_complete_inst/udp_inst/udp_ip_rx_inst/m_eth_dest_mac_reg_10> of sequential type is unconnected in block <fpga>.
WARNING:Xst:2677 - Node <core_inst/udp_complete_inst/udp_inst/udp_ip_rx_inst/m_eth_dest_mac_reg_9> of sequential type is unconnected in block <fpga>.
WARNING:Xst:2677 - Node <core_inst/udp_complete_inst/udp_inst/udp_ip_rx_inst/m_eth_dest_mac_reg_8> of sequential type is unconnected in block <fpga>.
WARNING:Xst:2677 - Node <core_inst/udp_complete_inst/udp_inst/udp_ip_rx_inst/m_eth_dest_mac_reg_7> of sequential type is unconnected in block <fpga>.
WARNING:Xst:2677 - Node <core_inst/udp_complete_inst/udp_inst/udp_ip_rx_inst/m_eth_dest_mac_reg_6> of sequential type is unconnected in block <fpga>.
WARNING:Xst:2677 - Node <core_inst/udp_complete_inst/udp_inst/udp_ip_rx_inst/m_eth_dest_mac_reg_5> of sequential type is unconnected in block <fpga>.
WARNING:Xst:2677 - Node <core_inst/udp_complete_inst/udp_inst/udp_ip_rx_inst/m_eth_dest_mac_reg_4> of sequential type is unconnected in block <fpga>.
WARNING:Xst:2677 - Node <core_inst/udp_complete_inst/udp_inst/udp_ip_rx_inst/m_eth_dest_mac_reg_3> of sequential type is unconnected in block <fpga>.
WARNING:Xst:2677 - Node <core_inst/udp_complete_inst/udp_inst/udp_ip_rx_inst/m_eth_dest_mac_reg_2> of sequential type is unconnected in block <fpga>.
WARNING:Xst:2677 - Node <core_inst/udp_complete_inst/udp_inst/udp_ip_rx_inst/m_eth_dest_mac_reg_1> of sequential type is unconnected in block <fpga>.
WARNING:Xst:2677 - Node <core_inst/udp_complete_inst/udp_inst/udp_ip_rx_inst/m_eth_dest_mac_reg_0> of sequential type is unconnected in block <fpga>.
WARNING:Xst:2677 - Node <core_inst/udp_complete_inst/udp_inst/udp_ip_rx_inst/m_eth_type_reg_15> of sequential type is unconnected in block <fpga>.
WARNING:Xst:2677 - Node <core_inst/udp_complete_inst/udp_inst/udp_ip_rx_inst/m_eth_type_reg_14> of sequential type is unconnected in block <fpga>.
WARNING:Xst:2677 - Node <core_inst/udp_complete_inst/udp_inst/udp_ip_rx_inst/m_eth_type_reg_13> of sequential type is unconnected in block <fpga>.
WARNING:Xst:2677 - Node <core_inst/udp_complete_inst/udp_inst/udp_ip_rx_inst/m_eth_type_reg_12> of sequential type is unconnected in block <fpga>.
WARNING:Xst:2677 - Node <core_inst/udp_complete_inst/udp_inst/udp_ip_rx_inst/m_eth_type_reg_11> of sequential type is unconnected in block <fpga>.
WARNING:Xst:2677 - Node <core_inst/udp_complete_inst/udp_inst/udp_ip_rx_inst/m_eth_type_reg_10> of sequential type is unconnected in block <fpga>.
WARNING:Xst:2677 - Node <core_inst/udp_complete_inst/udp_inst/udp_ip_rx_inst/m_eth_type_reg_9> of sequential type is unconnected in block <fpga>.
WARNING:Xst:2677 - Node <core_inst/udp_complete_inst/udp_inst/udp_ip_rx_inst/m_eth_type_reg_8> of sequential type is unconnected in block <fpga>.
WARNING:Xst:2677 - Node <core_inst/udp_complete_inst/udp_inst/udp_ip_rx_inst/m_eth_type_reg_7> of sequential type is unconnected in block <fpga>.
WARNING:Xst:2677 - Node <core_inst/udp_complete_inst/udp_inst/udp_ip_rx_inst/m_eth_type_reg_6> of sequential type is unconnected in block <fpga>.
WARNING:Xst:2677 - Node <core_inst/udp_complete_inst/udp_inst/udp_ip_rx_inst/m_eth_type_reg_5> of sequential type is unconnected in block <fpga>.
WARNING:Xst:2677 - Node <core_inst/udp_complete_inst/udp_inst/udp_ip_rx_inst/m_eth_type_reg_4> of sequential type is unconnected in block <fpga>.
WARNING:Xst:2677 - Node <core_inst/udp_complete_inst/udp_inst/udp_ip_rx_inst/m_eth_type_reg_3> of sequential type is unconnected in block <fpga>.
WARNING:Xst:2677 - Node <core_inst/udp_complete_inst/udp_inst/udp_ip_rx_inst/m_eth_type_reg_2> of sequential type is unconnected in block <fpga>.
WARNING:Xst:2677 - Node <core_inst/udp_complete_inst/udp_inst/udp_ip_rx_inst/m_eth_type_reg_1> of sequential type is unconnected in block <fpga>.
WARNING:Xst:2677 - Node <core_inst/udp_complete_inst/udp_inst/udp_ip_rx_inst/m_eth_type_reg_0> of sequential type is unconnected in block <fpga>.
WARNING:Xst:2677 - Node <core_inst/udp_complete_inst/udp_inst/udp_ip_rx_inst/busy_reg> of sequential type is unconnected in block <fpga>.
WARNING:Xst:2677 - Node <core_inst/udp_complete_inst/udp_inst/udp_checksum_gen_inst/Mram_ip_header_checksum_mem34> of sequential type is unconnected in block <fpga>.
WARNING:Xst:2677 - Node <core_inst/udp_complete_inst/udp_inst/udp_checksum_gen_inst/Mram_ip_header_checksum_mem33> of sequential type is unconnected in block <fpga>.
WARNING:Xst:2677 - Node <core_inst/udp_complete_inst/udp_inst/udp_checksum_gen_inst/Mram_ip_header_checksum_mem32> of sequential type is unconnected in block <fpga>.
WARNING:Xst:2677 - Node <core_inst/udp_complete_inst/udp_inst/udp_checksum_gen_inst/Mram_ip_header_checksum_mem31> of sequential type is unconnected in block <fpga>.
WARNING:Xst:2677 - Node <core_inst/udp_complete_inst/udp_inst/udp_checksum_gen_inst/Mram_ip_identification_mem34> of sequential type is unconnected in block <fpga>.
WARNING:Xst:2677 - Node <core_inst/udp_complete_inst/udp_inst/udp_checksum_gen_inst/Mram_ip_identification_mem33> of sequential type is unconnected in block <fpga>.
WARNING:Xst:2677 - Node <core_inst/udp_complete_inst/udp_inst/udp_checksum_gen_inst/Mram_ip_identification_mem32> of sequential type is unconnected in block <fpga>.
WARNING:Xst:2677 - Node <core_inst/udp_complete_inst/udp_inst/udp_checksum_gen_inst/Mram_ip_identification_mem31> of sequential type is unconnected in block <fpga>.
WARNING:Xst:2677 - Node <core_inst/udp_complete_inst/udp_inst/udp_checksum_gen_inst/Mram_eth_type_mem34> of sequential type is unconnected in block <fpga>.
WARNING:Xst:2677 - Node <core_inst/udp_complete_inst/udp_inst/udp_checksum_gen_inst/Mram_eth_type_mem32> of sequential type is unconnected in block <fpga>.
WARNING:Xst:2677 - Node <core_inst/udp_complete_inst/udp_inst/udp_checksum_gen_inst/Mram_eth_type_mem31> of sequential type is unconnected in block <fpga>.
WARNING:Xst:2677 - Node <core_inst/udp_complete_inst/udp_inst/udp_checksum_gen_inst/Mram_eth_type_mem33> of sequential type is unconnected in block <fpga>.
WARNING:Xst:2677 - Node <core_inst/udp_complete_inst/udp_inst/udp_checksum_gen_inst/Mram_ip_fragment_offset_mem3> of sequential type is unconnected in block <fpga>.
WARNING:Xst:2677 - Node <core_inst/udp_complete_inst/udp_inst/udp_checksum_gen_inst/Mram_ip_fragment_offset_mem1> of sequential type is unconnected in block <fpga>.
WARNING:Xst:2677 - Node <core_inst/udp_complete_inst/udp_inst/udp_checksum_gen_inst/Mram_ip_fragment_offset_mem2> of sequential type is unconnected in block <fpga>.
WARNING:Xst:2677 - Node <core_inst/udp_complete_inst/udp_inst/udp_checksum_gen_inst/Mram_ip_header_checksum_mem2> of sequential type is unconnected in block <fpga>.
WARNING:Xst:2677 - Node <core_inst/udp_complete_inst/udp_inst/udp_checksum_gen_inst/Mram_ip_header_checksum_mem1> of sequential type is unconnected in block <fpga>.
WARNING:Xst:2677 - Node <core_inst/udp_complete_inst/udp_inst/udp_checksum_gen_inst/Mram_ip_identification_mem2> of sequential type is unconnected in block <fpga>.
WARNING:Xst:2677 - Node <core_inst/udp_complete_inst/udp_inst/udp_checksum_gen_inst/Mram_ip_identification_mem1> of sequential type is unconnected in block <fpga>.
WARNING:Xst:2677 - Node <core_inst/udp_complete_inst/udp_inst/udp_checksum_gen_inst/Mram_ip_flags_mem2> of sequential type is unconnected in block <fpga>.
WARNING:Xst:2677 - Node <core_inst/udp_complete_inst/udp_inst/udp_checksum_gen_inst/Mram_ip_flags_mem1> of sequential type is unconnected in block <fpga>.
WARNING:Xst:2677 - Node <core_inst/udp_complete_inst/udp_inst/udp_checksum_gen_inst/Mram_ip_flags_mem3> of sequential type is unconnected in block <fpga>.
WARNING:Xst:2677 - Node <core_inst/udp_complete_inst/udp_inst/udp_checksum_gen_inst/Mram_ip_ihl_mem3> of sequential type is unconnected in block <fpga>.
WARNING:Xst:2677 - Node <core_inst/udp_complete_inst/udp_inst/udp_checksum_gen_inst/Mram_ip_ihl_mem2> of sequential type is unconnected in block <fpga>.
WARNING:Xst:2677 - Node <core_inst/udp_complete_inst/udp_inst/udp_checksum_gen_inst/Mram_ip_ihl_mem4> of sequential type is unconnected in block <fpga>.
WARNING:Xst:2677 - Node <core_inst/udp_complete_inst/udp_inst/udp_checksum_gen_inst/Mram_ip_ihl_mem1> of sequential type is unconnected in block <fpga>.
WARNING:Xst:2677 - Node <core_inst/udp_complete_inst/udp_inst/udp_checksum_gen_inst/Mram_ip_version_mem4> of sequential type is unconnected in block <fpga>.
WARNING:Xst:2677 - Node <core_inst/udp_complete_inst/udp_inst/udp_checksum_gen_inst/Mram_ip_version_mem3> of sequential type is unconnected in block <fpga>.
WARNING:Xst:2677 - Node <core_inst/udp_complete_inst/udp_inst/udp_checksum_gen_inst/Mram_ip_version_mem2> of sequential type is unconnected in block <fpga>.
WARNING:Xst:2677 - Node <core_inst/udp_complete_inst/udp_inst/udp_checksum_gen_inst/Mram_eth_type_mem2> of sequential type is unconnected in block <fpga>.
WARNING:Xst:2677 - Node <core_inst/udp_complete_inst/udp_inst/udp_checksum_gen_inst/Mram_ip_version_mem1> of sequential type is unconnected in block <fpga>.
WARNING:Xst:2677 - Node <core_inst/udp_complete_inst/udp_inst/udp_checksum_gen_inst/Mram_eth_src_mac_mem8> of sequential type is unconnected in block <fpga>.
WARNING:Xst:2677 - Node <core_inst/udp_complete_inst/udp_inst/udp_checksum_gen_inst/Mram_eth_src_mac_mem7> of sequential type is unconnected in block <fpga>.
WARNING:Xst:2677 - Node <core_inst/udp_complete_inst/udp_inst/udp_checksum_gen_inst/Mram_eth_type_mem1> of sequential type is unconnected in block <fpga>.
WARNING:Xst:2677 - Node <core_inst/udp_complete_inst/udp_inst/udp_checksum_gen_inst/Mram_eth_src_mac_mem5> of sequential type is unconnected in block <fpga>.
WARNING:Xst:2677 - Node <core_inst/udp_complete_inst/udp_inst/udp_checksum_gen_inst/Mram_eth_src_mac_mem4> of sequential type is unconnected in block <fpga>.
WARNING:Xst:2677 - Node <core_inst/udp_complete_inst/udp_inst/udp_checksum_gen_inst/Mram_eth_src_mac_mem6> of sequential type is unconnected in block <fpga>.
WARNING:Xst:2677 - Node <core_inst/udp_complete_inst/udp_inst/udp_checksum_gen_inst/Mram_eth_src_mac_mem2> of sequential type is unconnected in block <fpga>.
WARNING:Xst:2677 - Node <core_inst/udp_complete_inst/udp_inst/udp_checksum_gen_inst/Mram_eth_src_mac_mem1> of sequential type is unconnected in block <fpga>.
WARNING:Xst:2677 - Node <core_inst/udp_complete_inst/udp_inst/udp_checksum_gen_inst/Mram_eth_src_mac_mem3> of sequential type is unconnected in block <fpga>.
WARNING:Xst:2677 - Node <core_inst/udp_complete_inst/udp_inst/udp_checksum_gen_inst/Mram_eth_dest_mac_mem7> of sequential type is unconnected in block <fpga>.
WARNING:Xst:2677 - Node <core_inst/udp_complete_inst/udp_inst/udp_checksum_gen_inst/Mram_eth_dest_mac_mem6> of sequential type is unconnected in block <fpga>.
WARNING:Xst:2677 - Node <core_inst/udp_complete_inst/udp_inst/udp_checksum_gen_inst/Mram_eth_dest_mac_mem8> of sequential type is unconnected in block <fpga>.
WARNING:Xst:2677 - Node <core_inst/udp_complete_inst/udp_inst/udp_checksum_gen_inst/Mram_eth_dest_mac_mem4> of sequential type is unconnected in block <fpga>.
WARNING:Xst:2677 - Node <core_inst/udp_complete_inst/udp_inst/udp_checksum_gen_inst/Mram_eth_dest_mac_mem3> of sequential type is unconnected in block <fpga>.
WARNING:Xst:2677 - Node <core_inst/udp_complete_inst/udp_inst/udp_checksum_gen_inst/Mram_eth_dest_mac_mem5> of sequential type is unconnected in block <fpga>.
WARNING:Xst:2677 - Node <core_inst/udp_complete_inst/udp_inst/udp_checksum_gen_inst/Mram_eth_dest_mac_mem1> of sequential type is unconnected in block <fpga>.
WARNING:Xst:2677 - Node <core_inst/udp_complete_inst/udp_inst/udp_checksum_gen_inst/Mram_eth_dest_mac_mem2> of sequential type is unconnected in block <fpga>.
WARNING:Xst:2677 - Node <core_inst/udp_complete_inst/udp_inst/udp_checksum_gen_inst/m_ip_header_checksum_reg_15> of sequential type is unconnected in block <fpga>.
WARNING:Xst:2677 - Node <core_inst/udp_complete_inst/udp_inst/udp_checksum_gen_inst/m_ip_header_checksum_reg_14> of sequential type is unconnected in block <fpga>.
WARNING:Xst:2677 - Node <core_inst/udp_complete_inst/udp_inst/udp_checksum_gen_inst/m_ip_header_checksum_reg_13> of sequential type is unconnected in block <fpga>.
WARNING:Xst:2677 - Node <core_inst/udp_complete_inst/udp_inst/udp_checksum_gen_inst/m_ip_header_checksum_reg_12> of sequential type is unconnected in block <fpga>.
WARNING:Xst:2677 - Node <core_inst/udp_complete_inst/udp_inst/udp_checksum_gen_inst/m_ip_header_checksum_reg_11> of sequential type is unconnected in block <fpga>.
WARNING:Xst:2677 - Node <core_inst/udp_complete_inst/udp_inst/udp_checksum_gen_inst/m_ip_header_checksum_reg_10> of sequential type is unconnected in block <fpga>.
WARNING:Xst:2677 - Node <core_inst/udp_complete_inst/udp_inst/udp_checksum_gen_inst/m_ip_header_checksum_reg_9> of sequential type is unconnected in block <fpga>.
WARNING:Xst:2677 - Node <core_inst/udp_complete_inst/udp_inst/udp_checksum_gen_inst/m_ip_header_checksum_reg_8> of sequential type is unconnected in block <fpga>.
WARNING:Xst:2677 - Node <core_inst/udp_complete_inst/udp_inst/udp_checksum_gen_inst/m_ip_header_checksum_reg_7> of sequential type is unconnected in block <fpga>.
WARNING:Xst:2677 - Node <core_inst/udp_complete_inst/udp_inst/udp_checksum_gen_inst/m_ip_header_checksum_reg_6> of sequential type is unconnected in block <fpga>.
WARNING:Xst:2677 - Node <core_inst/udp_complete_inst/udp_inst/udp_checksum_gen_inst/m_ip_header_checksum_reg_5> of sequential type is unconnected in block <fpga>.
WARNING:Xst:2677 - Node <core_inst/udp_complete_inst/udp_inst/udp_checksum_gen_inst/m_ip_header_checksum_reg_4> of sequential type is unconnected in block <fpga>.
WARNING:Xst:2677 - Node <core_inst/udp_complete_inst/udp_inst/udp_checksum_gen_inst/m_ip_header_checksum_reg_3> of sequential type is unconnected in block <fpga>.
WARNING:Xst:2677 - Node <core_inst/udp_complete_inst/udp_inst/udp_checksum_gen_inst/m_ip_header_checksum_reg_2> of sequential type is unconnected in block <fpga>.
WARNING:Xst:2677 - Node <core_inst/udp_complete_inst/udp_inst/udp_checksum_gen_inst/m_ip_header_checksum_reg_1> of sequential type is unconnected in block <fpga>.
WARNING:Xst:2677 - Node <core_inst/udp_complete_inst/udp_inst/udp_checksum_gen_inst/m_ip_header_checksum_reg_0> of sequential type is unconnected in block <fpga>.
WARNING:Xst:2677 - Node <core_inst/udp_complete_inst/udp_inst/udp_checksum_gen_inst/m_ip_flags_reg_2> of sequential type is unconnected in block <fpga>.
WARNING:Xst:2677 - Node <core_inst/udp_complete_inst/udp_inst/udp_checksum_gen_inst/m_ip_flags_reg_1> of sequential type is unconnected in block <fpga>.
WARNING:Xst:2677 - Node <core_inst/udp_complete_inst/udp_inst/udp_checksum_gen_inst/m_ip_flags_reg_0> of sequential type is unconnected in block <fpga>.
WARNING:Xst:2677 - Node <core_inst/udp_complete_inst/udp_inst/udp_checksum_gen_inst/m_ip_identification_reg_15> of sequential type is unconnected in block <fpga>.
WARNING:Xst:2677 - Node <core_inst/udp_complete_inst/udp_inst/udp_checksum_gen_inst/m_ip_identification_reg_14> of sequential type is unconnected in block <fpga>.
WARNING:Xst:2677 - Node <core_inst/udp_complete_inst/udp_inst/udp_checksum_gen_inst/m_ip_identification_reg_13> of sequential type is unconnected in block <fpga>.
WARNING:Xst:2677 - Node <core_inst/udp_complete_inst/udp_inst/udp_checksum_gen_inst/m_ip_identification_reg_12> of sequential type is unconnected in block <fpga>.
WARNING:Xst:2677 - Node <core_inst/udp_complete_inst/udp_inst/udp_checksum_gen_inst/m_ip_identification_reg_11> of sequential type is unconnected in block <fpga>.
WARNING:Xst:2677 - Node <core_inst/udp_complete_inst/udp_inst/udp_checksum_gen_inst/m_ip_identification_reg_10> of sequential type is unconnected in block <fpga>.
WARNING:Xst:2677 - Node <core_inst/udp_complete_inst/udp_inst/udp_checksum_gen_inst/m_ip_identification_reg_9> of sequential type is unconnected in block <fpga>.
WARNING:Xst:2677 - Node <core_inst/udp_complete_inst/udp_inst/udp_checksum_gen_inst/m_ip_identification_reg_8> of sequential type is unconnected in block <fpga>.
WARNING:Xst:2677 - Node <core_inst/udp_complete_inst/udp_inst/udp_checksum_gen_inst/m_ip_identification_reg_7> of sequential type is unconnected in block <fpga>.
WARNING:Xst:2677 - Node <core_inst/udp_complete_inst/udp_inst/udp_checksum_gen_inst/m_ip_identification_reg_6> of sequential type is unconnected in block <fpga>.
WARNING:Xst:2677 - Node <core_inst/udp_complete_inst/udp_inst/udp_checksum_gen_inst/m_ip_identification_reg_5> of sequential type is unconnected in block <fpga>.
WARNING:Xst:2677 - Node <core_inst/udp_complete_inst/udp_inst/udp_checksum_gen_inst/m_ip_identification_reg_4> of sequential type is unconnected in block <fpga>.
WARNING:Xst:2677 - Node <core_inst/udp_complete_inst/udp_inst/udp_checksum_gen_inst/m_ip_identification_reg_3> of sequential type is unconnected in block <fpga>.
WARNING:Xst:2677 - Node <core_inst/udp_complete_inst/udp_inst/udp_checksum_gen_inst/m_ip_identification_reg_2> of sequential type is unconnected in block <fpga>.
WARNING:Xst:2677 - Node <core_inst/udp_complete_inst/udp_inst/udp_checksum_gen_inst/m_ip_identification_reg_1> of sequential type is unconnected in block <fpga>.
WARNING:Xst:2677 - Node <core_inst/udp_complete_inst/udp_inst/udp_checksum_gen_inst/m_ip_identification_reg_0> of sequential type is unconnected in block <fpga>.
WARNING:Xst:2677 - Node <core_inst/udp_complete_inst/udp_inst/udp_checksum_gen_inst/m_ip_fragment_offset_reg_12> of sequential type is unconnected in block <fpga>.
WARNING:Xst:2677 - Node <core_inst/udp_complete_inst/udp_inst/udp_checksum_gen_inst/m_ip_fragment_offset_reg_11> of sequential type is unconnected in block <fpga>.
WARNING:Xst:2677 - Node <core_inst/udp_complete_inst/udp_inst/udp_checksum_gen_inst/m_ip_fragment_offset_reg_10> of sequential type is unconnected in block <fpga>.
WARNING:Xst:2677 - Node <core_inst/udp_complete_inst/udp_inst/udp_checksum_gen_inst/m_ip_fragment_offset_reg_9> of sequential type is unconnected in block <fpga>.
WARNING:Xst:2677 - Node <core_inst/udp_complete_inst/udp_inst/udp_checksum_gen_inst/m_ip_fragment_offset_reg_8> of sequential type is unconnected in block <fpga>.
WARNING:Xst:2677 - Node <core_inst/udp_complete_inst/udp_inst/udp_checksum_gen_inst/m_ip_fragment_offset_reg_7> of sequential type is unconnected in block <fpga>.
WARNING:Xst:2677 - Node <core_inst/udp_complete_inst/udp_inst/udp_checksum_gen_inst/m_ip_fragment_offset_reg_6> of sequential type is unconnected in block <fpga>.
WARNING:Xst:2677 - Node <core_inst/udp_complete_inst/udp_inst/udp_checksum_gen_inst/m_ip_fragment_offset_reg_5> of sequential type is unconnected in block <fpga>.
WARNING:Xst:2677 - Node <core_inst/udp_complete_inst/udp_inst/udp_checksum_gen_inst/m_ip_fragment_offset_reg_4> of sequential type is unconnected in block <fpga>.
WARNING:Xst:2677 - Node <core_inst/udp_complete_inst/udp_inst/udp_checksum_gen_inst/m_ip_fragment_offset_reg_3> of sequential type is unconnected in block <fpga>.
WARNING:Xst:2677 - Node <core_inst/udp_complete_inst/udp_inst/udp_checksum_gen_inst/m_ip_fragment_offset_reg_2> of sequential type is unconnected in block <fpga>.
WARNING:Xst:2677 - Node <core_inst/udp_complete_inst/udp_inst/udp_checksum_gen_inst/m_ip_fragment_offset_reg_1> of sequential type is unconnected in block <fpga>.
WARNING:Xst:2677 - Node <core_inst/udp_complete_inst/udp_inst/udp_checksum_gen_inst/m_ip_fragment_offset_reg_0> of sequential type is unconnected in block <fpga>.
WARNING:Xst:2677 - Node <core_inst/udp_complete_inst/udp_inst/udp_checksum_gen_inst/m_ip_version_reg_3> of sequential type is unconnected in block <fpga>.
WARNING:Xst:2677 - Node <core_inst/udp_complete_inst/udp_inst/udp_checksum_gen_inst/m_ip_version_reg_2> of sequential type is unconnected in block <fpga>.
WARNING:Xst:2677 - Node <core_inst/udp_complete_inst/udp_inst/udp_checksum_gen_inst/m_ip_version_reg_1> of sequential type is unconnected in block <fpga>.
WARNING:Xst:2677 - Node <core_inst/udp_complete_inst/udp_inst/udp_checksum_gen_inst/m_ip_version_reg_0> of sequential type is unconnected in block <fpga>.
WARNING:Xst:2677 - Node <core_inst/udp_complete_inst/udp_inst/udp_checksum_gen_inst/m_eth_type_reg_15> of sequential type is unconnected in block <fpga>.
WARNING:Xst:2677 - Node <core_inst/udp_complete_inst/udp_inst/udp_checksum_gen_inst/m_eth_type_reg_14> of sequential type is unconnected in block <fpga>.
WARNING:Xst:2677 - Node <core_inst/udp_complete_inst/udp_inst/udp_checksum_gen_inst/m_eth_type_reg_13> of sequential type is unconnected in block <fpga>.
WARNING:Xst:2677 - Node <core_inst/udp_complete_inst/udp_inst/udp_checksum_gen_inst/m_eth_type_reg_12> of sequential type is unconnected in block <fpga>.
WARNING:Xst:2677 - Node <core_inst/udp_complete_inst/udp_inst/udp_checksum_gen_inst/m_eth_type_reg_11> of sequential type is unconnected in block <fpga>.
WARNING:Xst:2677 - Node <core_inst/udp_complete_inst/udp_inst/udp_checksum_gen_inst/m_eth_type_reg_10> of sequential type is unconnected in block <fpga>.
WARNING:Xst:2677 - Node <core_inst/udp_complete_inst/udp_inst/udp_checksum_gen_inst/m_eth_type_reg_9> of sequential type is unconnected in block <fpga>.
WARNING:Xst:2677 - Node <core_inst/udp_complete_inst/udp_inst/udp_checksum_gen_inst/m_eth_type_reg_8> of sequential type is unconnected in block <fpga>.
WARNING:Xst:2677 - Node <core_inst/udp_complete_inst/udp_inst/udp_checksum_gen_inst/m_eth_type_reg_7> of sequential type is unconnected in block <fpga>.
WARNING:Xst:2677 - Node <core_inst/udp_complete_inst/udp_inst/udp_checksum_gen_inst/m_eth_type_reg_6> of sequential type is unconnected in block <fpga>.
WARNING:Xst:2677 - Node <core_inst/udp_complete_inst/udp_inst/udp_checksum_gen_inst/m_eth_type_reg_5> of sequential type is unconnected in block <fpga>.
WARNING:Xst:2677 - Node <core_inst/udp_complete_inst/udp_inst/udp_checksum_gen_inst/m_eth_type_reg_4> of sequential type is unconnected in block <fpga>.
WARNING:Xst:2677 - Node <core_inst/udp_complete_inst/udp_inst/udp_checksum_gen_inst/m_eth_type_reg_3> of sequential type is unconnected in block <fpga>.
WARNING:Xst:2677 - Node <core_inst/udp_complete_inst/udp_inst/udp_checksum_gen_inst/m_eth_type_reg_2> of sequential type is unconnected in block <fpga>.
WARNING:Xst:2677 - Node <core_inst/udp_complete_inst/udp_inst/udp_checksum_gen_inst/m_eth_type_reg_1> of sequential type is unconnected in block <fpga>.
WARNING:Xst:2677 - Node <core_inst/udp_complete_inst/udp_inst/udp_checksum_gen_inst/m_eth_type_reg_0> of sequential type is unconnected in block <fpga>.
WARNING:Xst:2677 - Node <core_inst/udp_complete_inst/udp_inst/udp_checksum_gen_inst/m_ip_ihl_reg_3> of sequential type is unconnected in block <fpga>.
WARNING:Xst:2677 - Node <core_inst/udp_complete_inst/udp_inst/udp_checksum_gen_inst/m_ip_ihl_reg_2> of sequential type is unconnected in block <fpga>.
WARNING:Xst:2677 - Node <core_inst/udp_complete_inst/udp_inst/udp_checksum_gen_inst/m_ip_ihl_reg_1> of sequential type is unconnected in block <fpga>.
WARNING:Xst:2677 - Node <core_inst/udp_complete_inst/udp_inst/udp_checksum_gen_inst/m_ip_ihl_reg_0> of sequential type is unconnected in block <fpga>.
WARNING:Xst:2677 - Node <core_inst/udp_complete_inst/udp_inst/udp_checksum_gen_inst/m_eth_dest_mac_reg_47> of sequential type is unconnected in block <fpga>.
WARNING:Xst:2677 - Node <core_inst/udp_complete_inst/udp_inst/udp_checksum_gen_inst/m_eth_dest_mac_reg_46> of sequential type is unconnected in block <fpga>.
WARNING:Xst:2677 - Node <core_inst/udp_complete_inst/udp_inst/udp_checksum_gen_inst/m_eth_dest_mac_reg_45> of sequential type is unconnected in block <fpga>.
WARNING:Xst:2677 - Node <core_inst/udp_complete_inst/udp_inst/udp_checksum_gen_inst/m_eth_dest_mac_reg_44> of sequential type is unconnected in block <fpga>.
WARNING:Xst:2677 - Node <core_inst/udp_complete_inst/udp_inst/udp_checksum_gen_inst/m_eth_dest_mac_reg_43> of sequential type is unconnected in block <fpga>.
WARNING:Xst:2677 - Node <core_inst/udp_complete_inst/udp_inst/udp_checksum_gen_inst/m_eth_dest_mac_reg_42> of sequential type is unconnected in block <fpga>.
WARNING:Xst:2677 - Node <core_inst/udp_complete_inst/udp_inst/udp_checksum_gen_inst/m_eth_dest_mac_reg_41> of sequential type is unconnected in block <fpga>.
WARNING:Xst:2677 - Node <core_inst/udp_complete_inst/udp_inst/udp_checksum_gen_inst/m_eth_dest_mac_reg_40> of sequential type is unconnected in block <fpga>.
WARNING:Xst:2677 - Node <core_inst/udp_complete_inst/udp_inst/udp_checksum_gen_inst/m_eth_dest_mac_reg_39> of sequential type is unconnected in block <fpga>.
WARNING:Xst:2677 - Node <core_inst/udp_complete_inst/udp_inst/udp_checksum_gen_inst/m_eth_dest_mac_reg_38> of sequential type is unconnected in block <fpga>.
WARNING:Xst:2677 - Node <core_inst/udp_complete_inst/udp_inst/udp_checksum_gen_inst/m_eth_dest_mac_reg_37> of sequential type is unconnected in block <fpga>.
WARNING:Xst:2677 - Node <core_inst/udp_complete_inst/udp_inst/udp_checksum_gen_inst/m_eth_dest_mac_reg_36> of sequential type is unconnected in block <fpga>.
WARNING:Xst:2677 - Node <core_inst/udp_complete_inst/udp_inst/udp_checksum_gen_inst/m_eth_dest_mac_reg_35> of sequential type is unconnected in block <fpga>.
WARNING:Xst:2677 - Node <core_inst/udp_complete_inst/udp_inst/udp_checksum_gen_inst/m_eth_dest_mac_reg_34> of sequential type is unconnected in block <fpga>.
WARNING:Xst:2677 - Node <core_inst/udp_complete_inst/udp_inst/udp_checksum_gen_inst/m_eth_dest_mac_reg_33> of sequential type is unconnected in block <fpga>.
WARNING:Xst:2677 - Node <core_inst/udp_complete_inst/udp_inst/udp_checksum_gen_inst/m_eth_dest_mac_reg_32> of sequential type is unconnected in block <fpga>.
WARNING:Xst:2677 - Node <core_inst/udp_complete_inst/udp_inst/udp_checksum_gen_inst/m_eth_dest_mac_reg_31> of sequential type is unconnected in block <fpga>.
WARNING:Xst:2677 - Node <core_inst/udp_complete_inst/udp_inst/udp_checksum_gen_inst/m_eth_dest_mac_reg_30> of sequential type is unconnected in block <fpga>.
WARNING:Xst:2677 - Node <core_inst/udp_complete_inst/udp_inst/udp_checksum_gen_inst/m_eth_dest_mac_reg_29> of sequential type is unconnected in block <fpga>.
WARNING:Xst:2677 - Node <core_inst/udp_complete_inst/udp_inst/udp_checksum_gen_inst/m_eth_dest_mac_reg_28> of sequential type is unconnected in block <fpga>.
WARNING:Xst:2677 - Node <core_inst/udp_complete_inst/udp_inst/udp_checksum_gen_inst/m_eth_dest_mac_reg_27> of sequential type is unconnected in block <fpga>.
WARNING:Xst:2677 - Node <core_inst/udp_complete_inst/udp_inst/udp_checksum_gen_inst/m_eth_dest_mac_reg_26> of sequential type is unconnected in block <fpga>.
WARNING:Xst:2677 - Node <core_inst/udp_complete_inst/udp_inst/udp_checksum_gen_inst/m_eth_dest_mac_reg_25> of sequential type is unconnected in block <fpga>.
WARNING:Xst:2677 - Node <core_inst/udp_complete_inst/udp_inst/udp_checksum_gen_inst/m_eth_dest_mac_reg_24> of sequential type is unconnected in block <fpga>.
WARNING:Xst:2677 - Node <core_inst/udp_complete_inst/udp_inst/udp_checksum_gen_inst/m_eth_dest_mac_reg_23> of sequential type is unconnected in block <fpga>.
WARNING:Xst:2677 - Node <core_inst/udp_complete_inst/udp_inst/udp_checksum_gen_inst/m_eth_dest_mac_reg_22> of sequential type is unconnected in block <fpga>.
WARNING:Xst:2677 - Node <core_inst/udp_complete_inst/udp_inst/udp_checksum_gen_inst/m_eth_dest_mac_reg_21> of sequential type is unconnected in block <fpga>.
WARNING:Xst:2677 - Node <core_inst/udp_complete_inst/udp_inst/udp_checksum_gen_inst/m_eth_dest_mac_reg_20> of sequential type is unconnected in block <fpga>.
WARNING:Xst:2677 - Node <core_inst/udp_complete_inst/udp_inst/udp_checksum_gen_inst/m_eth_dest_mac_reg_19> of sequential type is unconnected in block <fpga>.
WARNING:Xst:2677 - Node <core_inst/udp_complete_inst/udp_inst/udp_checksum_gen_inst/m_eth_dest_mac_reg_18> of sequential type is unconnected in block <fpga>.
WARNING:Xst:2677 - Node <core_inst/udp_complete_inst/udp_inst/udp_checksum_gen_inst/m_eth_dest_mac_reg_17> of sequential type is unconnected in block <fpga>.
WARNING:Xst:2677 - Node <core_inst/udp_complete_inst/udp_inst/udp_checksum_gen_inst/m_eth_dest_mac_reg_16> of sequential type is unconnected in block <fpga>.
WARNING:Xst:2677 - Node <core_inst/udp_complete_inst/udp_inst/udp_checksum_gen_inst/m_eth_dest_mac_reg_15> of sequential type is unconnected in block <fpga>.
WARNING:Xst:2677 - Node <core_inst/udp_complete_inst/udp_inst/udp_checksum_gen_inst/m_eth_dest_mac_reg_14> of sequential type is unconnected in block <fpga>.
WARNING:Xst:2677 - Node <core_inst/udp_complete_inst/udp_inst/udp_checksum_gen_inst/m_eth_dest_mac_reg_13> of sequential type is unconnected in block <fpga>.
WARNING:Xst:2677 - Node <core_inst/udp_complete_inst/udp_inst/udp_checksum_gen_inst/m_eth_dest_mac_reg_12> of sequential type is unconnected in block <fpga>.
WARNING:Xst:2677 - Node <core_inst/udp_complete_inst/udp_inst/udp_checksum_gen_inst/m_eth_dest_mac_reg_11> of sequential type is unconnected in block <fpga>.
WARNING:Xst:2677 - Node <core_inst/udp_complete_inst/udp_inst/udp_checksum_gen_inst/m_eth_dest_mac_reg_10> of sequential type is unconnected in block <fpga>.
WARNING:Xst:2677 - Node <core_inst/udp_complete_inst/udp_inst/udp_checksum_gen_inst/m_eth_dest_mac_reg_9> of sequential type is unconnected in block <fpga>.
WARNING:Xst:2677 - Node <core_inst/udp_complete_inst/udp_inst/udp_checksum_gen_inst/m_eth_dest_mac_reg_8> of sequential type is unconnected in block <fpga>.
WARNING:Xst:2677 - Node <core_inst/udp_complete_inst/udp_inst/udp_checksum_gen_inst/m_eth_dest_mac_reg_7> of sequential type is unconnected in block <fpga>.
WARNING:Xst:2677 - Node <core_inst/udp_complete_inst/udp_inst/udp_checksum_gen_inst/m_eth_dest_mac_reg_6> of sequential type is unconnected in block <fpga>.
WARNING:Xst:2677 - Node <core_inst/udp_complete_inst/udp_inst/udp_checksum_gen_inst/m_eth_dest_mac_reg_5> of sequential type is unconnected in block <fpga>.
WARNING:Xst:2677 - Node <core_inst/udp_complete_inst/udp_inst/udp_checksum_gen_inst/m_eth_dest_mac_reg_4> of sequential type is unconnected in block <fpga>.
WARNING:Xst:2677 - Node <core_inst/udp_complete_inst/udp_inst/udp_checksum_gen_inst/m_eth_dest_mac_reg_3> of sequential type is unconnected in block <fpga>.
WARNING:Xst:2677 - Node <core_inst/udp_complete_inst/udp_inst/udp_checksum_gen_inst/m_eth_dest_mac_reg_2> of sequential type is unconnected in block <fpga>.
WARNING:Xst:2677 - Node <core_inst/udp_complete_inst/udp_inst/udp_checksum_gen_inst/m_eth_dest_mac_reg_1> of sequential type is unconnected in block <fpga>.
WARNING:Xst:2677 - Node <core_inst/udp_complete_inst/udp_inst/udp_checksum_gen_inst/m_eth_dest_mac_reg_0> of sequential type is unconnected in block <fpga>.
WARNING:Xst:2677 - Node <core_inst/udp_complete_inst/udp_inst/udp_checksum_gen_inst/m_eth_src_mac_reg_47> of sequential type is unconnected in block <fpga>.
WARNING:Xst:2677 - Node <core_inst/udp_complete_inst/udp_inst/udp_checksum_gen_inst/m_eth_src_mac_reg_46> of sequential type is unconnected in block <fpga>.
WARNING:Xst:2677 - Node <core_inst/udp_complete_inst/udp_inst/udp_checksum_gen_inst/m_eth_src_mac_reg_45> of sequential type is unconnected in block <fpga>.
WARNING:Xst:2677 - Node <core_inst/udp_complete_inst/udp_inst/udp_checksum_gen_inst/m_eth_src_mac_reg_44> of sequential type is unconnected in block <fpga>.
WARNING:Xst:2677 - Node <core_inst/udp_complete_inst/udp_inst/udp_checksum_gen_inst/m_eth_src_mac_reg_43> of sequential type is unconnected in block <fpga>.
WARNING:Xst:2677 - Node <core_inst/udp_complete_inst/udp_inst/udp_checksum_gen_inst/m_eth_src_mac_reg_42> of sequential type is unconnected in block <fpga>.
WARNING:Xst:2677 - Node <core_inst/udp_complete_inst/udp_inst/udp_checksum_gen_inst/m_eth_src_mac_reg_41> of sequential type is unconnected in block <fpga>.
WARNING:Xst:2677 - Node <core_inst/udp_complete_inst/udp_inst/udp_checksum_gen_inst/m_eth_src_mac_reg_40> of sequential type is unconnected in block <fpga>.
WARNING:Xst:2677 - Node <core_inst/udp_complete_inst/udp_inst/udp_checksum_gen_inst/m_eth_src_mac_reg_39> of sequential type is unconnected in block <fpga>.
WARNING:Xst:2677 - Node <core_inst/udp_complete_inst/udp_inst/udp_checksum_gen_inst/m_eth_src_mac_reg_38> of sequential type is unconnected in block <fpga>.
WARNING:Xst:2677 - Node <core_inst/udp_complete_inst/udp_inst/udp_checksum_gen_inst/m_eth_src_mac_reg_37> of sequential type is unconnected in block <fpga>.
WARNING:Xst:2677 - Node <core_inst/udp_complete_inst/udp_inst/udp_checksum_gen_inst/m_eth_src_mac_reg_36> of sequential type is unconnected in block <fpga>.
WARNING:Xst:2677 - Node <core_inst/udp_complete_inst/udp_inst/udp_checksum_gen_inst/m_eth_src_mac_reg_35> of sequential type is unconnected in block <fpga>.
WARNING:Xst:2677 - Node <core_inst/udp_complete_inst/udp_inst/udp_checksum_gen_inst/m_eth_src_mac_reg_34> of sequential type is unconnected in block <fpga>.
WARNING:Xst:2677 - Node <core_inst/udp_complete_inst/udp_inst/udp_checksum_gen_inst/m_eth_src_mac_reg_33> of sequential type is unconnected in block <fpga>.
WARNING:Xst:2677 - Node <core_inst/udp_complete_inst/udp_inst/udp_checksum_gen_inst/m_eth_src_mac_reg_32> of sequential type is unconnected in block <fpga>.
WARNING:Xst:2677 - Node <core_inst/udp_complete_inst/udp_inst/udp_checksum_gen_inst/m_eth_src_mac_reg_31> of sequential type is unconnected in block <fpga>.
WARNING:Xst:2677 - Node <core_inst/udp_complete_inst/udp_inst/udp_checksum_gen_inst/m_eth_src_mac_reg_30> of sequential type is unconnected in block <fpga>.
WARNING:Xst:2677 - Node <core_inst/udp_complete_inst/udp_inst/udp_checksum_gen_inst/m_eth_src_mac_reg_29> of sequential type is unconnected in block <fpga>.
WARNING:Xst:2677 - Node <core_inst/udp_complete_inst/udp_inst/udp_checksum_gen_inst/m_eth_src_mac_reg_28> of sequential type is unconnected in block <fpga>.
WARNING:Xst:2677 - Node <core_inst/udp_complete_inst/udp_inst/udp_checksum_gen_inst/m_eth_src_mac_reg_27> of sequential type is unconnected in block <fpga>.
WARNING:Xst:2677 - Node <core_inst/udp_complete_inst/udp_inst/udp_checksum_gen_inst/m_eth_src_mac_reg_26> of sequential type is unconnected in block <fpga>.
WARNING:Xst:2677 - Node <core_inst/udp_complete_inst/udp_inst/udp_checksum_gen_inst/m_eth_src_mac_reg_25> of sequential type is unconnected in block <fpga>.
WARNING:Xst:2677 - Node <core_inst/udp_complete_inst/udp_inst/udp_checksum_gen_inst/m_eth_src_mac_reg_24> of sequential type is unconnected in block <fpga>.
WARNING:Xst:2677 - Node <core_inst/udp_complete_inst/udp_inst/udp_checksum_gen_inst/m_eth_src_mac_reg_23> of sequential type is unconnected in block <fpga>.
WARNING:Xst:2677 - Node <core_inst/udp_complete_inst/udp_inst/udp_checksum_gen_inst/m_eth_src_mac_reg_22> of sequential type is unconnected in block <fpga>.
WARNING:Xst:2677 - Node <core_inst/udp_complete_inst/udp_inst/udp_checksum_gen_inst/m_eth_src_mac_reg_21> of sequential type is unconnected in block <fpga>.
WARNING:Xst:2677 - Node <core_inst/udp_complete_inst/udp_inst/udp_checksum_gen_inst/m_eth_src_mac_reg_20> of sequential type is unconnected in block <fpga>.
WARNING:Xst:2677 - Node <core_inst/udp_complete_inst/udp_inst/udp_checksum_gen_inst/m_eth_src_mac_reg_19> of sequential type is unconnected in block <fpga>.
WARNING:Xst:2677 - Node <core_inst/udp_complete_inst/udp_inst/udp_checksum_gen_inst/m_eth_src_mac_reg_18> of sequential type is unconnected in block <fpga>.
WARNING:Xst:2677 - Node <core_inst/udp_complete_inst/udp_inst/udp_checksum_gen_inst/m_eth_src_mac_reg_17> of sequential type is unconnected in block <fpga>.
WARNING:Xst:2677 - Node <core_inst/udp_complete_inst/udp_inst/udp_checksum_gen_inst/m_eth_src_mac_reg_16> of sequential type is unconnected in block <fpga>.
WARNING:Xst:2677 - Node <core_inst/udp_complete_inst/udp_inst/udp_checksum_gen_inst/m_eth_src_mac_reg_15> of sequential type is unconnected in block <fpga>.
WARNING:Xst:2677 - Node <core_inst/udp_complete_inst/udp_inst/udp_checksum_gen_inst/m_eth_src_mac_reg_14> of sequential type is unconnected in block <fpga>.
WARNING:Xst:2677 - Node <core_inst/udp_complete_inst/udp_inst/udp_checksum_gen_inst/m_eth_src_mac_reg_13> of sequential type is unconnected in block <fpga>.
WARNING:Xst:2677 - Node <core_inst/udp_complete_inst/udp_inst/udp_checksum_gen_inst/m_eth_src_mac_reg_12> of sequential type is unconnected in block <fpga>.
WARNING:Xst:2677 - Node <core_inst/udp_complete_inst/udp_inst/udp_checksum_gen_inst/m_eth_src_mac_reg_11> of sequential type is unconnected in block <fpga>.
WARNING:Xst:2677 - Node <core_inst/udp_complete_inst/udp_inst/udp_checksum_gen_inst/m_eth_src_mac_reg_10> of sequential type is unconnected in block <fpga>.
WARNING:Xst:2677 - Node <core_inst/udp_complete_inst/udp_inst/udp_checksum_gen_inst/m_eth_src_mac_reg_9> of sequential type is unconnected in block <fpga>.
WARNING:Xst:2677 - Node <core_inst/udp_complete_inst/udp_inst/udp_checksum_gen_inst/m_eth_src_mac_reg_8> of sequential type is unconnected in block <fpga>.
WARNING:Xst:2677 - Node <core_inst/udp_complete_inst/udp_inst/udp_checksum_gen_inst/m_eth_src_mac_reg_7> of sequential type is unconnected in block <fpga>.
WARNING:Xst:2677 - Node <core_inst/udp_complete_inst/udp_inst/udp_checksum_gen_inst/m_eth_src_mac_reg_6> of sequential type is unconnected in block <fpga>.
WARNING:Xst:2677 - Node <core_inst/udp_complete_inst/udp_inst/udp_checksum_gen_inst/m_eth_src_mac_reg_5> of sequential type is unconnected in block <fpga>.
WARNING:Xst:2677 - Node <core_inst/udp_complete_inst/udp_inst/udp_checksum_gen_inst/m_eth_src_mac_reg_4> of sequential type is unconnected in block <fpga>.
WARNING:Xst:2677 - Node <core_inst/udp_complete_inst/udp_inst/udp_checksum_gen_inst/m_eth_src_mac_reg_3> of sequential type is unconnected in block <fpga>.
WARNING:Xst:2677 - Node <core_inst/udp_complete_inst/udp_inst/udp_checksum_gen_inst/m_eth_src_mac_reg_2> of sequential type is unconnected in block <fpga>.
WARNING:Xst:2677 - Node <core_inst/udp_complete_inst/udp_inst/udp_checksum_gen_inst/m_eth_src_mac_reg_1> of sequential type is unconnected in block <fpga>.
WARNING:Xst:2677 - Node <core_inst/udp_complete_inst/udp_inst/udp_checksum_gen_inst/m_eth_src_mac_reg_0> of sequential type is unconnected in block <fpga>.
WARNING:Xst:2677 - Node <core_inst/udp_complete_inst/udp_inst/udp_checksum_gen_inst/busy_reg> of sequential type is unconnected in block <fpga>.
WARNING:Xst:2677 - Node <core_inst/udp_complete_inst/udp_inst/udp_checksum_gen_inst/payload_fifo/depth_reg_11> of sequential type is unconnected in block <fpga>.
WARNING:Xst:2677 - Node <core_inst/udp_complete_inst/udp_inst/udp_checksum_gen_inst/payload_fifo/depth_reg_10> of sequential type is unconnected in block <fpga>.
WARNING:Xst:2677 - Node <core_inst/udp_complete_inst/udp_inst/udp_checksum_gen_inst/payload_fifo/depth_reg_9> of sequential type is unconnected in block <fpga>.
WARNING:Xst:2677 - Node <core_inst/udp_complete_inst/udp_inst/udp_checksum_gen_inst/payload_fifo/depth_reg_8> of sequential type is unconnected in block <fpga>.
WARNING:Xst:2677 - Node <core_inst/udp_complete_inst/udp_inst/udp_checksum_gen_inst/payload_fifo/depth_reg_7> of sequential type is unconnected in block <fpga>.
WARNING:Xst:2677 - Node <core_inst/udp_complete_inst/udp_inst/udp_checksum_gen_inst/payload_fifo/depth_reg_6> of sequential type is unconnected in block <fpga>.
WARNING:Xst:2677 - Node <core_inst/udp_complete_inst/udp_inst/udp_checksum_gen_inst/payload_fifo/depth_reg_5> of sequential type is unconnected in block <fpga>.
WARNING:Xst:2677 - Node <core_inst/udp_complete_inst/udp_inst/udp_checksum_gen_inst/payload_fifo/depth_reg_4> of sequential type is unconnected in block <fpga>.
WARNING:Xst:2677 - Node <core_inst/udp_complete_inst/udp_inst/udp_checksum_gen_inst/payload_fifo/depth_reg_3> of sequential type is unconnected in block <fpga>.
WARNING:Xst:2677 - Node <core_inst/udp_complete_inst/udp_inst/udp_checksum_gen_inst/payload_fifo/depth_reg_2> of sequential type is unconnected in block <fpga>.
WARNING:Xst:2677 - Node <core_inst/udp_complete_inst/udp_inst/udp_checksum_gen_inst/payload_fifo/depth_reg_1> of sequential type is unconnected in block <fpga>.
WARNING:Xst:2677 - Node <core_inst/udp_complete_inst/udp_inst/udp_checksum_gen_inst/payload_fifo/depth_reg_0> of sequential type is unconnected in block <fpga>.
WARNING:Xst:2677 - Node <core_inst/udp_complete_inst/udp_inst/udp_checksum_gen_inst/payload_fifo/depth_commit_reg_11> of sequential type is unconnected in block <fpga>.
WARNING:Xst:2677 - Node <core_inst/udp_complete_inst/udp_inst/udp_checksum_gen_inst/payload_fifo/depth_commit_reg_10> of sequential type is unconnected in block <fpga>.
WARNING:Xst:2677 - Node <core_inst/udp_complete_inst/udp_inst/udp_checksum_gen_inst/payload_fifo/depth_commit_reg_9> of sequential type is unconnected in block <fpga>.
WARNING:Xst:2677 - Node <core_inst/udp_complete_inst/udp_inst/udp_checksum_gen_inst/payload_fifo/depth_commit_reg_8> of sequential type is unconnected in block <fpga>.
WARNING:Xst:2677 - Node <core_inst/udp_complete_inst/udp_inst/udp_checksum_gen_inst/payload_fifo/depth_commit_reg_7> of sequential type is unconnected in block <fpga>.
WARNING:Xst:2677 - Node <core_inst/udp_complete_inst/udp_inst/udp_checksum_gen_inst/payload_fifo/depth_commit_reg_6> of sequential type is unconnected in block <fpga>.
WARNING:Xst:2677 - Node <core_inst/udp_complete_inst/udp_inst/udp_checksum_gen_inst/payload_fifo/depth_commit_reg_5> of sequential type is unconnected in block <fpga>.
WARNING:Xst:2677 - Node <core_inst/udp_complete_inst/udp_inst/udp_checksum_gen_inst/payload_fifo/depth_commit_reg_4> of sequential type is unconnected in block <fpga>.
WARNING:Xst:2677 - Node <core_inst/udp_complete_inst/udp_inst/udp_checksum_gen_inst/payload_fifo/depth_commit_reg_3> of sequential type is unconnected in block <fpga>.
WARNING:Xst:2677 - Node <core_inst/udp_complete_inst/udp_inst/udp_checksum_gen_inst/payload_fifo/depth_commit_reg_2> of sequential type is unconnected in block <fpga>.
WARNING:Xst:2677 - Node <core_inst/udp_complete_inst/udp_inst/udp_checksum_gen_inst/payload_fifo/depth_commit_reg_1> of sequential type is unconnected in block <fpga>.
WARNING:Xst:2677 - Node <core_inst/udp_complete_inst/udp_inst/udp_checksum_gen_inst/payload_fifo/depth_commit_reg_0> of sequential type is unconnected in block <fpga>.
WARNING:Xst:2677 - Node <core_inst/udp_complete_inst/udp_inst/udp_checksum_gen_inst/payload_fifo/good_frame_reg> of sequential type is unconnected in block <fpga>.
WARNING:Xst:2677 - Node <core_inst/udp_complete_inst/udp_inst/udp_checksum_gen_inst/payload_fifo/overflow_reg> of sequential type is unconnected in block <fpga>.
WARNING:Xst:2677 - Node <core_inst/udp_complete_inst/udp_inst/udp_ip_tx_inst/m_ip_header_checksum_reg_15> of sequential type is unconnected in block <fpga>.
WARNING:Xst:2677 - Node <core_inst/udp_complete_inst/udp_inst/udp_ip_tx_inst/m_ip_header_checksum_reg_14> of sequential type is unconnected in block <fpga>.
WARNING:Xst:2677 - Node <core_inst/udp_complete_inst/udp_inst/udp_ip_tx_inst/m_ip_header_checksum_reg_13> of sequential type is unconnected in block <fpga>.
WARNING:Xst:2677 - Node <core_inst/udp_complete_inst/udp_inst/udp_ip_tx_inst/m_ip_header_checksum_reg_12> of sequential type is unconnected in block <fpga>.
WARNING:Xst:2677 - Node <core_inst/udp_complete_inst/udp_inst/udp_ip_tx_inst/m_ip_header_checksum_reg_11> of sequential type is unconnected in block <fpga>.
WARNING:Xst:2677 - Node <core_inst/udp_complete_inst/udp_inst/udp_ip_tx_inst/m_ip_header_checksum_reg_10> of sequential type is unconnected in block <fpga>.
WARNING:Xst:2677 - Node <core_inst/udp_complete_inst/udp_inst/udp_ip_tx_inst/m_ip_header_checksum_reg_9> of sequential type is unconnected in block <fpga>.
WARNING:Xst:2677 - Node <core_inst/udp_complete_inst/udp_inst/udp_ip_tx_inst/m_ip_header_checksum_reg_8> of sequential type is unconnected in block <fpga>.
WARNING:Xst:2677 - Node <core_inst/udp_complete_inst/udp_inst/udp_ip_tx_inst/m_ip_header_checksum_reg_7> of sequential type is unconnected in block <fpga>.
WARNING:Xst:2677 - Node <core_inst/udp_complete_inst/udp_inst/udp_ip_tx_inst/m_ip_header_checksum_reg_6> of sequential type is unconnected in block <fpga>.
WARNING:Xst:2677 - Node <core_inst/udp_complete_inst/udp_inst/udp_ip_tx_inst/m_ip_header_checksum_reg_5> of sequential type is unconnected in block <fpga>.
WARNING:Xst:2677 - Node <core_inst/udp_complete_inst/udp_inst/udp_ip_tx_inst/m_ip_header_checksum_reg_4> of sequential type is unconnected in block <fpga>.
WARNING:Xst:2677 - Node <core_inst/udp_complete_inst/udp_inst/udp_ip_tx_inst/m_ip_header_checksum_reg_3> of sequential type is unconnected in block <fpga>.
WARNING:Xst:2677 - Node <core_inst/udp_complete_inst/udp_inst/udp_ip_tx_inst/m_ip_header_checksum_reg_2> of sequential type is unconnected in block <fpga>.
WARNING:Xst:2677 - Node <core_inst/udp_complete_inst/udp_inst/udp_ip_tx_inst/m_ip_header_checksum_reg_1> of sequential type is unconnected in block <fpga>.
WARNING:Xst:2677 - Node <core_inst/udp_complete_inst/udp_inst/udp_ip_tx_inst/m_ip_header_checksum_reg_0> of sequential type is unconnected in block <fpga>.
WARNING:Xst:2677 - Node <core_inst/udp_complete_inst/udp_inst/udp_ip_tx_inst/m_ip_fragment_offset_reg_12> of sequential type is unconnected in block <fpga>.
WARNING:Xst:2677 - Node <core_inst/udp_complete_inst/udp_inst/udp_ip_tx_inst/m_ip_fragment_offset_reg_11> of sequential type is unconnected in block <fpga>.
WARNING:Xst:2677 - Node <core_inst/udp_complete_inst/udp_inst/udp_ip_tx_inst/m_ip_fragment_offset_reg_10> of sequential type is unconnected in block <fpga>.
WARNING:Xst:2677 - Node <core_inst/udp_complete_inst/udp_inst/udp_ip_tx_inst/m_ip_fragment_offset_reg_9> of sequential type is unconnected in block <fpga>.
WARNING:Xst:2677 - Node <core_inst/udp_complete_inst/udp_inst/udp_ip_tx_inst/m_ip_fragment_offset_reg_8> of sequential type is unconnected in block <fpga>.
WARNING:Xst:2677 - Node <core_inst/udp_complete_inst/udp_inst/udp_ip_tx_inst/m_ip_fragment_offset_reg_7> of sequential type is unconnected in block <fpga>.
WARNING:Xst:2677 - Node <core_inst/udp_complete_inst/udp_inst/udp_ip_tx_inst/m_ip_fragment_offset_reg_6> of sequential type is unconnected in block <fpga>.
WARNING:Xst:2677 - Node <core_inst/udp_complete_inst/udp_inst/udp_ip_tx_inst/m_ip_fragment_offset_reg_5> of sequential type is unconnected in block <fpga>.
WARNING:Xst:2677 - Node <core_inst/udp_complete_inst/udp_inst/udp_ip_tx_inst/m_ip_fragment_offset_reg_4> of sequential type is unconnected in block <fpga>.
WARNING:Xst:2677 - Node <core_inst/udp_complete_inst/udp_inst/udp_ip_tx_inst/m_ip_fragment_offset_reg_3> of sequential type is unconnected in block <fpga>.
WARNING:Xst:2677 - Node <core_inst/udp_complete_inst/udp_inst/udp_ip_tx_inst/m_ip_fragment_offset_reg_2> of sequential type is unconnected in block <fpga>.
WARNING:Xst:2677 - Node <core_inst/udp_complete_inst/udp_inst/udp_ip_tx_inst/m_ip_fragment_offset_reg_1> of sequential type is unconnected in block <fpga>.
WARNING:Xst:2677 - Node <core_inst/udp_complete_inst/udp_inst/udp_ip_tx_inst/m_ip_fragment_offset_reg_0> of sequential type is unconnected in block <fpga>.
WARNING:Xst:2677 - Node <core_inst/udp_complete_inst/udp_inst/udp_ip_tx_inst/m_ip_identification_reg_15> of sequential type is unconnected in block <fpga>.
WARNING:Xst:2677 - Node <core_inst/udp_complete_inst/udp_inst/udp_ip_tx_inst/m_ip_identification_reg_14> of sequential type is unconnected in block <fpga>.
WARNING:Xst:2677 - Node <core_inst/udp_complete_inst/udp_inst/udp_ip_tx_inst/m_ip_identification_reg_13> of sequential type is unconnected in block <fpga>.
WARNING:Xst:2677 - Node <core_inst/udp_complete_inst/udp_inst/udp_ip_tx_inst/m_ip_identification_reg_12> of sequential type is unconnected in block <fpga>.
WARNING:Xst:2677 - Node <core_inst/udp_complete_inst/udp_inst/udp_ip_tx_inst/m_ip_identification_reg_11> of sequential type is unconnected in block <fpga>.
WARNING:Xst:2677 - Node <core_inst/udp_complete_inst/udp_inst/udp_ip_tx_inst/m_ip_identification_reg_10> of sequential type is unconnected in block <fpga>.
WARNING:Xst:2677 - Node <core_inst/udp_complete_inst/udp_inst/udp_ip_tx_inst/m_ip_identification_reg_9> of sequential type is unconnected in block <fpga>.
WARNING:Xst:2677 - Node <core_inst/udp_complete_inst/udp_inst/udp_ip_tx_inst/m_ip_identification_reg_8> of sequential type is unconnected in block <fpga>.
WARNING:Xst:2677 - Node <core_inst/udp_complete_inst/udp_inst/udp_ip_tx_inst/m_ip_identification_reg_7> of sequential type is unconnected in block <fpga>.
WARNING:Xst:2677 - Node <core_inst/udp_complete_inst/udp_inst/udp_ip_tx_inst/m_ip_identification_reg_6> of sequential type is unconnected in block <fpga>.
WARNING:Xst:2677 - Node <core_inst/udp_complete_inst/udp_inst/udp_ip_tx_inst/m_ip_identification_reg_5> of sequential type is unconnected in block <fpga>.
WARNING:Xst:2677 - Node <core_inst/udp_complete_inst/udp_inst/udp_ip_tx_inst/m_ip_identification_reg_4> of sequential type is unconnected in block <fpga>.
WARNING:Xst:2677 - Node <core_inst/udp_complete_inst/udp_inst/udp_ip_tx_inst/m_ip_identification_reg_3> of sequential type is unconnected in block <fpga>.
WARNING:Xst:2677 - Node <core_inst/udp_complete_inst/udp_inst/udp_ip_tx_inst/m_ip_identification_reg_2> of sequential type is unconnected in block <fpga>.
WARNING:Xst:2677 - Node <core_inst/udp_complete_inst/udp_inst/udp_ip_tx_inst/m_ip_identification_reg_1> of sequential type is unconnected in block <fpga>.
WARNING:Xst:2677 - Node <core_inst/udp_complete_inst/udp_inst/udp_ip_tx_inst/m_ip_identification_reg_0> of sequential type is unconnected in block <fpga>.
WARNING:Xst:2677 - Node <core_inst/udp_complete_inst/udp_inst/udp_ip_tx_inst/m_ip_flags_reg_2> of sequential type is unconnected in block <fpga>.
WARNING:Xst:2677 - Node <core_inst/udp_complete_inst/udp_inst/udp_ip_tx_inst/m_ip_flags_reg_1> of sequential type is unconnected in block <fpga>.
WARNING:Xst:2677 - Node <core_inst/udp_complete_inst/udp_inst/udp_ip_tx_inst/m_ip_flags_reg_0> of sequential type is unconnected in block <fpga>.
WARNING:Xst:2677 - Node <core_inst/udp_complete_inst/udp_inst/udp_ip_tx_inst/m_ip_ihl_reg_3> of sequential type is unconnected in block <fpga>.
WARNING:Xst:2677 - Node <core_inst/udp_complete_inst/udp_inst/udp_ip_tx_inst/m_ip_ihl_reg_2> of sequential type is unconnected in block <fpga>.
WARNING:Xst:2677 - Node <core_inst/udp_complete_inst/udp_inst/udp_ip_tx_inst/m_ip_ihl_reg_1> of sequential type is unconnected in block <fpga>.
WARNING:Xst:2677 - Node <core_inst/udp_complete_inst/udp_inst/udp_ip_tx_inst/m_ip_ihl_reg_0> of sequential type is unconnected in block <fpga>.
WARNING:Xst:2677 - Node <core_inst/udp_complete_inst/udp_inst/udp_ip_tx_inst/m_ip_version_reg_3> of sequential type is unconnected in block <fpga>.
WARNING:Xst:2677 - Node <core_inst/udp_complete_inst/udp_inst/udp_ip_tx_inst/m_ip_version_reg_2> of sequential type is unconnected in block <fpga>.
WARNING:Xst:2677 - Node <core_inst/udp_complete_inst/udp_inst/udp_ip_tx_inst/m_ip_version_reg_1> of sequential type is unconnected in block <fpga>.
WARNING:Xst:2677 - Node <core_inst/udp_complete_inst/udp_inst/udp_ip_tx_inst/m_ip_version_reg_0> of sequential type is unconnected in block <fpga>.
WARNING:Xst:2677 - Node <core_inst/udp_complete_inst/udp_inst/udp_ip_tx_inst/m_eth_src_mac_reg_47> of sequential type is unconnected in block <fpga>.
WARNING:Xst:2677 - Node <core_inst/udp_complete_inst/udp_inst/udp_ip_tx_inst/m_eth_src_mac_reg_46> of sequential type is unconnected in block <fpga>.
WARNING:Xst:2677 - Node <core_inst/udp_complete_inst/udp_inst/udp_ip_tx_inst/m_eth_src_mac_reg_45> of sequential type is unconnected in block <fpga>.
WARNING:Xst:2677 - Node <core_inst/udp_complete_inst/udp_inst/udp_ip_tx_inst/m_eth_src_mac_reg_44> of sequential type is unconnected in block <fpga>.
WARNING:Xst:2677 - Node <core_inst/udp_complete_inst/udp_inst/udp_ip_tx_inst/m_eth_src_mac_reg_43> of sequential type is unconnected in block <fpga>.
WARNING:Xst:2677 - Node <core_inst/udp_complete_inst/udp_inst/udp_ip_tx_inst/m_eth_src_mac_reg_42> of sequential type is unconnected in block <fpga>.
WARNING:Xst:2677 - Node <core_inst/udp_complete_inst/udp_inst/udp_ip_tx_inst/m_eth_src_mac_reg_41> of sequential type is unconnected in block <fpga>.
WARNING:Xst:2677 - Node <core_inst/udp_complete_inst/udp_inst/udp_ip_tx_inst/m_eth_src_mac_reg_40> of sequential type is unconnected in block <fpga>.
WARNING:Xst:2677 - Node <core_inst/udp_complete_inst/udp_inst/udp_ip_tx_inst/m_eth_src_mac_reg_39> of sequential type is unconnected in block <fpga>.
WARNING:Xst:2677 - Node <core_inst/udp_complete_inst/udp_inst/udp_ip_tx_inst/m_eth_src_mac_reg_38> of sequential type is unconnected in block <fpga>.
WARNING:Xst:2677 - Node <core_inst/udp_complete_inst/udp_inst/udp_ip_tx_inst/m_eth_src_mac_reg_37> of sequential type is unconnected in block <fpga>.
WARNING:Xst:2677 - Node <core_inst/udp_complete_inst/udp_inst/udp_ip_tx_inst/m_eth_src_mac_reg_36> of sequential type is unconnected in block <fpga>.
WARNING:Xst:2677 - Node <core_inst/udp_complete_inst/udp_inst/udp_ip_tx_inst/m_eth_src_mac_reg_35> of sequential type is unconnected in block <fpga>.
WARNING:Xst:2677 - Node <core_inst/udp_complete_inst/udp_inst/udp_ip_tx_inst/m_eth_src_mac_reg_34> of sequential type is unconnected in block <fpga>.
WARNING:Xst:2677 - Node <core_inst/udp_complete_inst/udp_inst/udp_ip_tx_inst/m_eth_src_mac_reg_33> of sequential type is unconnected in block <fpga>.
WARNING:Xst:2677 - Node <core_inst/udp_complete_inst/udp_inst/udp_ip_tx_inst/m_eth_src_mac_reg_32> of sequential type is unconnected in block <fpga>.
WARNING:Xst:2677 - Node <core_inst/udp_complete_inst/udp_inst/udp_ip_tx_inst/m_eth_src_mac_reg_31> of sequential type is unconnected in block <fpga>.
WARNING:Xst:2677 - Node <core_inst/udp_complete_inst/udp_inst/udp_ip_tx_inst/m_eth_src_mac_reg_30> of sequential type is unconnected in block <fpga>.
WARNING:Xst:2677 - Node <core_inst/udp_complete_inst/udp_inst/udp_ip_tx_inst/m_eth_src_mac_reg_29> of sequential type is unconnected in block <fpga>.
WARNING:Xst:2677 - Node <core_inst/udp_complete_inst/udp_inst/udp_ip_tx_inst/m_eth_src_mac_reg_28> of sequential type is unconnected in block <fpga>.
WARNING:Xst:2677 - Node <core_inst/udp_complete_inst/udp_inst/udp_ip_tx_inst/m_eth_src_mac_reg_27> of sequential type is unconnected in block <fpga>.
WARNING:Xst:2677 - Node <core_inst/udp_complete_inst/udp_inst/udp_ip_tx_inst/m_eth_src_mac_reg_26> of sequential type is unconnected in block <fpga>.
WARNING:Xst:2677 - Node <core_inst/udp_complete_inst/udp_inst/udp_ip_tx_inst/m_eth_src_mac_reg_25> of sequential type is unconnected in block <fpga>.
WARNING:Xst:2677 - Node <core_inst/udp_complete_inst/udp_inst/udp_ip_tx_inst/m_eth_src_mac_reg_24> of sequential type is unconnected in block <fpga>.
WARNING:Xst:2677 - Node <core_inst/udp_complete_inst/udp_inst/udp_ip_tx_inst/m_eth_src_mac_reg_23> of sequential type is unconnected in block <fpga>.
WARNING:Xst:2677 - Node <core_inst/udp_complete_inst/udp_inst/udp_ip_tx_inst/m_eth_src_mac_reg_22> of sequential type is unconnected in block <fpga>.
WARNING:Xst:2677 - Node <core_inst/udp_complete_inst/udp_inst/udp_ip_tx_inst/m_eth_src_mac_reg_21> of sequential type is unconnected in block <fpga>.
WARNING:Xst:2677 - Node <core_inst/udp_complete_inst/udp_inst/udp_ip_tx_inst/m_eth_src_mac_reg_20> of sequential type is unconnected in block <fpga>.
WARNING:Xst:2677 - Node <core_inst/udp_complete_inst/udp_inst/udp_ip_tx_inst/m_eth_src_mac_reg_19> of sequential type is unconnected in block <fpga>.
WARNING:Xst:2677 - Node <core_inst/udp_complete_inst/udp_inst/udp_ip_tx_inst/m_eth_src_mac_reg_18> of sequential type is unconnected in block <fpga>.
WARNING:Xst:2677 - Node <core_inst/udp_complete_inst/udp_inst/udp_ip_tx_inst/m_eth_src_mac_reg_17> of sequential type is unconnected in block <fpga>.
WARNING:Xst:2677 - Node <core_inst/udp_complete_inst/udp_inst/udp_ip_tx_inst/m_eth_src_mac_reg_16> of sequential type is unconnected in block <fpga>.
WARNING:Xst:2677 - Node <core_inst/udp_complete_inst/udp_inst/udp_ip_tx_inst/m_eth_src_mac_reg_15> of sequential type is unconnected in block <fpga>.
WARNING:Xst:2677 - Node <core_inst/udp_complete_inst/udp_inst/udp_ip_tx_inst/m_eth_src_mac_reg_14> of sequential type is unconnected in block <fpga>.
WARNING:Xst:2677 - Node <core_inst/udp_complete_inst/udp_inst/udp_ip_tx_inst/m_eth_src_mac_reg_13> of sequential type is unconnected in block <fpga>.
WARNING:Xst:2677 - Node <core_inst/udp_complete_inst/udp_inst/udp_ip_tx_inst/m_eth_src_mac_reg_12> of sequential type is unconnected in block <fpga>.
WARNING:Xst:2677 - Node <core_inst/udp_complete_inst/udp_inst/udp_ip_tx_inst/m_eth_src_mac_reg_11> of sequential type is unconnected in block <fpga>.
WARNING:Xst:2677 - Node <core_inst/udp_complete_inst/udp_inst/udp_ip_tx_inst/m_eth_src_mac_reg_10> of sequential type is unconnected in block <fpga>.
WARNING:Xst:2677 - Node <core_inst/udp_complete_inst/udp_inst/udp_ip_tx_inst/m_eth_src_mac_reg_9> of sequential type is unconnected in block <fpga>.
WARNING:Xst:2677 - Node <core_inst/udp_complete_inst/udp_inst/udp_ip_tx_inst/m_eth_src_mac_reg_8> of sequential type is unconnected in block <fpga>.
WARNING:Xst:2677 - Node <core_inst/udp_complete_inst/udp_inst/udp_ip_tx_inst/m_eth_src_mac_reg_7> of sequential type is unconnected in block <fpga>.
WARNING:Xst:2677 - Node <core_inst/udp_complete_inst/udp_inst/udp_ip_tx_inst/m_eth_src_mac_reg_6> of sequential type is unconnected in block <fpga>.
WARNING:Xst:2677 - Node <core_inst/udp_complete_inst/udp_inst/udp_ip_tx_inst/m_eth_src_mac_reg_5> of sequential type is unconnected in block <fpga>.
WARNING:Xst:2677 - Node <core_inst/udp_complete_inst/udp_inst/udp_ip_tx_inst/m_eth_src_mac_reg_4> of sequential type is unconnected in block <fpga>.
WARNING:Xst:2677 - Node <core_inst/udp_complete_inst/udp_inst/udp_ip_tx_inst/m_eth_src_mac_reg_3> of sequential type is unconnected in block <fpga>.
WARNING:Xst:2677 - Node <core_inst/udp_complete_inst/udp_inst/udp_ip_tx_inst/m_eth_src_mac_reg_2> of sequential type is unconnected in block <fpga>.
WARNING:Xst:2677 - Node <core_inst/udp_complete_inst/udp_inst/udp_ip_tx_inst/m_eth_src_mac_reg_1> of sequential type is unconnected in block <fpga>.
WARNING:Xst:2677 - Node <core_inst/udp_complete_inst/udp_inst/udp_ip_tx_inst/m_eth_src_mac_reg_0> of sequential type is unconnected in block <fpga>.
WARNING:Xst:2677 - Node <core_inst/udp_complete_inst/udp_inst/udp_ip_tx_inst/m_eth_dest_mac_reg_47> of sequential type is unconnected in block <fpga>.
WARNING:Xst:2677 - Node <core_inst/udp_complete_inst/udp_inst/udp_ip_tx_inst/m_eth_dest_mac_reg_46> of sequential type is unconnected in block <fpga>.
WARNING:Xst:2677 - Node <core_inst/udp_complete_inst/udp_inst/udp_ip_tx_inst/m_eth_dest_mac_reg_45> of sequential type is unconnected in block <fpga>.
WARNING:Xst:2677 - Node <core_inst/udp_complete_inst/udp_inst/udp_ip_tx_inst/m_eth_dest_mac_reg_44> of sequential type is unconnected in block <fpga>.
WARNING:Xst:2677 - Node <core_inst/udp_complete_inst/udp_inst/udp_ip_tx_inst/m_eth_dest_mac_reg_43> of sequential type is unconnected in block <fpga>.
WARNING:Xst:2677 - Node <core_inst/udp_complete_inst/udp_inst/udp_ip_tx_inst/m_eth_dest_mac_reg_42> of sequential type is unconnected in block <fpga>.
WARNING:Xst:2677 - Node <core_inst/udp_complete_inst/udp_inst/udp_ip_tx_inst/m_eth_dest_mac_reg_41> of sequential type is unconnected in block <fpga>.
WARNING:Xst:2677 - Node <core_inst/udp_complete_inst/udp_inst/udp_ip_tx_inst/m_eth_dest_mac_reg_40> of sequential type is unconnected in block <fpga>.
WARNING:Xst:2677 - Node <core_inst/udp_complete_inst/udp_inst/udp_ip_tx_inst/m_eth_dest_mac_reg_39> of sequential type is unconnected in block <fpga>.
WARNING:Xst:2677 - Node <core_inst/udp_complete_inst/udp_inst/udp_ip_tx_inst/m_eth_dest_mac_reg_38> of sequential type is unconnected in block <fpga>.
WARNING:Xst:2677 - Node <core_inst/udp_complete_inst/udp_inst/udp_ip_tx_inst/m_eth_dest_mac_reg_37> of sequential type is unconnected in block <fpga>.
WARNING:Xst:2677 - Node <core_inst/udp_complete_inst/udp_inst/udp_ip_tx_inst/m_eth_dest_mac_reg_36> of sequential type is unconnected in block <fpga>.
WARNING:Xst:2677 - Node <core_inst/udp_complete_inst/udp_inst/udp_ip_tx_inst/m_eth_dest_mac_reg_35> of sequential type is unconnected in block <fpga>.
WARNING:Xst:2677 - Node <core_inst/udp_complete_inst/udp_inst/udp_ip_tx_inst/m_eth_dest_mac_reg_34> of sequential type is unconnected in block <fpga>.
WARNING:Xst:2677 - Node <core_inst/udp_complete_inst/udp_inst/udp_ip_tx_inst/m_eth_dest_mac_reg_33> of sequential type is unconnected in block <fpga>.
WARNING:Xst:2677 - Node <core_inst/udp_complete_inst/udp_inst/udp_ip_tx_inst/m_eth_dest_mac_reg_32> of sequential type is unconnected in block <fpga>.
WARNING:Xst:2677 - Node <core_inst/udp_complete_inst/udp_inst/udp_ip_tx_inst/m_eth_dest_mac_reg_31> of sequential type is unconnected in block <fpga>.
WARNING:Xst:2677 - Node <core_inst/udp_complete_inst/udp_inst/udp_ip_tx_inst/m_eth_dest_mac_reg_30> of sequential type is unconnected in block <fpga>.
WARNING:Xst:2677 - Node <core_inst/udp_complete_inst/udp_inst/udp_ip_tx_inst/m_eth_dest_mac_reg_29> of sequential type is unconnected in block <fpga>.
WARNING:Xst:2677 - Node <core_inst/udp_complete_inst/udp_inst/udp_ip_tx_inst/m_eth_dest_mac_reg_28> of sequential type is unconnected in block <fpga>.
WARNING:Xst:2677 - Node <core_inst/udp_complete_inst/udp_inst/udp_ip_tx_inst/m_eth_dest_mac_reg_27> of sequential type is unconnected in block <fpga>.
WARNING:Xst:2677 - Node <core_inst/udp_complete_inst/udp_inst/udp_ip_tx_inst/m_eth_dest_mac_reg_26> of sequential type is unconnected in block <fpga>.
WARNING:Xst:2677 - Node <core_inst/udp_complete_inst/udp_inst/udp_ip_tx_inst/m_eth_dest_mac_reg_25> of sequential type is unconnected in block <fpga>.
WARNING:Xst:2677 - Node <core_inst/udp_complete_inst/udp_inst/udp_ip_tx_inst/m_eth_dest_mac_reg_24> of sequential type is unconnected in block <fpga>.
WARNING:Xst:2677 - Node <core_inst/udp_complete_inst/udp_inst/udp_ip_tx_inst/m_eth_dest_mac_reg_23> of sequential type is unconnected in block <fpga>.
WARNING:Xst:2677 - Node <core_inst/udp_complete_inst/udp_inst/udp_ip_tx_inst/m_eth_dest_mac_reg_22> of sequential type is unconnected in block <fpga>.
WARNING:Xst:2677 - Node <core_inst/udp_complete_inst/udp_inst/udp_ip_tx_inst/m_eth_dest_mac_reg_21> of sequential type is unconnected in block <fpga>.
WARNING:Xst:2677 - Node <core_inst/udp_complete_inst/udp_inst/udp_ip_tx_inst/m_eth_dest_mac_reg_20> of sequential type is unconnected in block <fpga>.
WARNING:Xst:2677 - Node <core_inst/udp_complete_inst/udp_inst/udp_ip_tx_inst/m_eth_dest_mac_reg_19> of sequential type is unconnected in block <fpga>.
WARNING:Xst:2677 - Node <core_inst/udp_complete_inst/udp_inst/udp_ip_tx_inst/m_eth_dest_mac_reg_18> of sequential type is unconnected in block <fpga>.
WARNING:Xst:2677 - Node <core_inst/udp_complete_inst/udp_inst/udp_ip_tx_inst/m_eth_dest_mac_reg_17> of sequential type is unconnected in block <fpga>.
WARNING:Xst:2677 - Node <core_inst/udp_complete_inst/udp_inst/udp_ip_tx_inst/m_eth_dest_mac_reg_16> of sequential type is unconnected in block <fpga>.
WARNING:Xst:2677 - Node <core_inst/udp_complete_inst/udp_inst/udp_ip_tx_inst/m_eth_dest_mac_reg_15> of sequential type is unconnected in block <fpga>.
WARNING:Xst:2677 - Node <core_inst/udp_complete_inst/udp_inst/udp_ip_tx_inst/m_eth_dest_mac_reg_14> of sequential type is unconnected in block <fpga>.
WARNING:Xst:2677 - Node <core_inst/udp_complete_inst/udp_inst/udp_ip_tx_inst/m_eth_dest_mac_reg_13> of sequential type is unconnected in block <fpga>.
WARNING:Xst:2677 - Node <core_inst/udp_complete_inst/udp_inst/udp_ip_tx_inst/m_eth_dest_mac_reg_12> of sequential type is unconnected in block <fpga>.
WARNING:Xst:2677 - Node <core_inst/udp_complete_inst/udp_inst/udp_ip_tx_inst/m_eth_dest_mac_reg_11> of sequential type is unconnected in block <fpga>.
WARNING:Xst:2677 - Node <core_inst/udp_complete_inst/udp_inst/udp_ip_tx_inst/m_eth_dest_mac_reg_10> of sequential type is unconnected in block <fpga>.
WARNING:Xst:2677 - Node <core_inst/udp_complete_inst/udp_inst/udp_ip_tx_inst/m_eth_dest_mac_reg_9> of sequential type is unconnected in block <fpga>.
WARNING:Xst:2677 - Node <core_inst/udp_complete_inst/udp_inst/udp_ip_tx_inst/m_eth_dest_mac_reg_8> of sequential type is unconnected in block <fpga>.
WARNING:Xst:2677 - Node <core_inst/udp_complete_inst/udp_inst/udp_ip_tx_inst/m_eth_dest_mac_reg_7> of sequential type is unconnected in block <fpga>.
WARNING:Xst:2677 - Node <core_inst/udp_complete_inst/udp_inst/udp_ip_tx_inst/m_eth_dest_mac_reg_6> of sequential type is unconnected in block <fpga>.
WARNING:Xst:2677 - Node <core_inst/udp_complete_inst/udp_inst/udp_ip_tx_inst/m_eth_dest_mac_reg_5> of sequential type is unconnected in block <fpga>.
WARNING:Xst:2677 - Node <core_inst/udp_complete_inst/udp_inst/udp_ip_tx_inst/m_eth_dest_mac_reg_4> of sequential type is unconnected in block <fpga>.
WARNING:Xst:2677 - Node <core_inst/udp_complete_inst/udp_inst/udp_ip_tx_inst/m_eth_dest_mac_reg_3> of sequential type is unconnected in block <fpga>.
WARNING:Xst:2677 - Node <core_inst/udp_complete_inst/udp_inst/udp_ip_tx_inst/m_eth_dest_mac_reg_2> of sequential type is unconnected in block <fpga>.
WARNING:Xst:2677 - Node <core_inst/udp_complete_inst/udp_inst/udp_ip_tx_inst/m_eth_dest_mac_reg_1> of sequential type is unconnected in block <fpga>.
WARNING:Xst:2677 - Node <core_inst/udp_complete_inst/udp_inst/udp_ip_tx_inst/m_eth_dest_mac_reg_0> of sequential type is unconnected in block <fpga>.
WARNING:Xst:2677 - Node <core_inst/udp_complete_inst/udp_inst/udp_ip_tx_inst/m_eth_type_reg_15> of sequential type is unconnected in block <fpga>.
WARNING:Xst:2677 - Node <core_inst/udp_complete_inst/udp_inst/udp_ip_tx_inst/m_eth_type_reg_14> of sequential type is unconnected in block <fpga>.
WARNING:Xst:2677 - Node <core_inst/udp_complete_inst/udp_inst/udp_ip_tx_inst/m_eth_type_reg_13> of sequential type is unconnected in block <fpga>.
WARNING:Xst:2677 - Node <core_inst/udp_complete_inst/udp_inst/udp_ip_tx_inst/m_eth_type_reg_12> of sequential type is unconnected in block <fpga>.
WARNING:Xst:2677 - Node <core_inst/udp_complete_inst/udp_inst/udp_ip_tx_inst/m_eth_type_reg_11> of sequential type is unconnected in block <fpga>.
WARNING:Xst:2677 - Node <core_inst/udp_complete_inst/udp_inst/udp_ip_tx_inst/m_eth_type_reg_10> of sequential type is unconnected in block <fpga>.
WARNING:Xst:2677 - Node <core_inst/udp_complete_inst/udp_inst/udp_ip_tx_inst/m_eth_type_reg_9> of sequential type is unconnected in block <fpga>.
WARNING:Xst:2677 - Node <core_inst/udp_complete_inst/udp_inst/udp_ip_tx_inst/m_eth_type_reg_8> of sequential type is unconnected in block <fpga>.
WARNING:Xst:2677 - Node <core_inst/udp_complete_inst/udp_inst/udp_ip_tx_inst/m_eth_type_reg_7> of sequential type is unconnected in block <fpga>.
WARNING:Xst:2677 - Node <core_inst/udp_complete_inst/udp_inst/udp_ip_tx_inst/m_eth_type_reg_6> of sequential type is unconnected in block <fpga>.
WARNING:Xst:2677 - Node <core_inst/udp_complete_inst/udp_inst/udp_ip_tx_inst/m_eth_type_reg_5> of sequential type is unconnected in block <fpga>.
WARNING:Xst:2677 - Node <core_inst/udp_complete_inst/udp_inst/udp_ip_tx_inst/m_eth_type_reg_4> of sequential type is unconnected in block <fpga>.
WARNING:Xst:2677 - Node <core_inst/udp_complete_inst/udp_inst/udp_ip_tx_inst/m_eth_type_reg_3> of sequential type is unconnected in block <fpga>.
WARNING:Xst:2677 - Node <core_inst/udp_complete_inst/udp_inst/udp_ip_tx_inst/m_eth_type_reg_2> of sequential type is unconnected in block <fpga>.
WARNING:Xst:2677 - Node <core_inst/udp_complete_inst/udp_inst/udp_ip_tx_inst/m_eth_type_reg_1> of sequential type is unconnected in block <fpga>.
WARNING:Xst:2677 - Node <core_inst/udp_complete_inst/udp_inst/udp_ip_tx_inst/m_eth_type_reg_0> of sequential type is unconnected in block <fpga>.
WARNING:Xst:2677 - Node <core_inst/udp_complete_inst/udp_inst/udp_ip_tx_inst/busy_reg> of sequential type is unconnected in block <fpga>.
WARNING:Xst:2677 - Node <core_inst/udp_payload_fifo/depth_reg_11> of sequential type is unconnected in block <fpga>.
WARNING:Xst:2677 - Node <core_inst/udp_payload_fifo/depth_reg_10> of sequential type is unconnected in block <fpga>.
WARNING:Xst:2677 - Node <core_inst/udp_payload_fifo/depth_reg_9> of sequential type is unconnected in block <fpga>.
WARNING:Xst:2677 - Node <core_inst/udp_payload_fifo/depth_reg_8> of sequential type is unconnected in block <fpga>.
WARNING:Xst:2677 - Node <core_inst/udp_payload_fifo/depth_reg_7> of sequential type is unconnected in block <fpga>.
WARNING:Xst:2677 - Node <core_inst/udp_payload_fifo/depth_reg_6> of sequential type is unconnected in block <fpga>.
WARNING:Xst:2677 - Node <core_inst/udp_payload_fifo/depth_reg_5> of sequential type is unconnected in block <fpga>.
WARNING:Xst:2677 - Node <core_inst/udp_payload_fifo/depth_reg_4> of sequential type is unconnected in block <fpga>.
WARNING:Xst:2677 - Node <core_inst/udp_payload_fifo/depth_reg_3> of sequential type is unconnected in block <fpga>.
WARNING:Xst:2677 - Node <core_inst/udp_payload_fifo/depth_reg_2> of sequential type is unconnected in block <fpga>.
WARNING:Xst:2677 - Node <core_inst/udp_payload_fifo/depth_reg_1> of sequential type is unconnected in block <fpga>.
WARNING:Xst:2677 - Node <core_inst/udp_payload_fifo/depth_reg_0> of sequential type is unconnected in block <fpga>.
WARNING:Xst:2677 - Node <core_inst/udp_payload_fifo/depth_commit_reg_11> of sequential type is unconnected in block <fpga>.
WARNING:Xst:2677 - Node <core_inst/udp_payload_fifo/depth_commit_reg_10> of sequential type is unconnected in block <fpga>.
WARNING:Xst:2677 - Node <core_inst/udp_payload_fifo/depth_commit_reg_9> of sequential type is unconnected in block <fpga>.
WARNING:Xst:2677 - Node <core_inst/udp_payload_fifo/depth_commit_reg_8> of sequential type is unconnected in block <fpga>.
WARNING:Xst:2677 - Node <core_inst/udp_payload_fifo/depth_commit_reg_7> of sequential type is unconnected in block <fpga>.
WARNING:Xst:2677 - Node <core_inst/udp_payload_fifo/depth_commit_reg_6> of sequential type is unconnected in block <fpga>.
WARNING:Xst:2677 - Node <core_inst/udp_payload_fifo/depth_commit_reg_5> of sequential type is unconnected in block <fpga>.
WARNING:Xst:2677 - Node <core_inst/udp_payload_fifo/depth_commit_reg_4> of sequential type is unconnected in block <fpga>.
WARNING:Xst:2677 - Node <core_inst/udp_payload_fifo/depth_commit_reg_3> of sequential type is unconnected in block <fpga>.
WARNING:Xst:2677 - Node <core_inst/udp_payload_fifo/depth_commit_reg_2> of sequential type is unconnected in block <fpga>.
WARNING:Xst:2677 - Node <core_inst/udp_payload_fifo/depth_commit_reg_1> of sequential type is unconnected in block <fpga>.
WARNING:Xst:2677 - Node <core_inst/udp_payload_fifo/depth_commit_reg_0> of sequential type is unconnected in block <fpga>.
WARNING:Xst:2677 - Node <core_inst/udp_payload_fifo/good_frame_reg> of sequential type is unconnected in block <fpga>.
WARNING:Xst:2677 - Node <core_inst/udp_payload_fifo/overflow_reg> of sequential type is unconnected in block <fpga>.
WARNING:Xst:2677 - Node <core_inst/uart_inst/rx_buffer_0> of sequential type is unconnected in block <fpga>.
WARNING:Xst:2677 - Node <core_inst/uart_inst/rx_error> of sequential type is unconnected in block <fpga>.
INFO:Xst:2399 - RAMs <core_inst/udp_complete_inst/udp_inst/udp_checksum_gen_inst/Mram_ip_ecn_mem2>, <core_inst/udp_complete_inst/udp_inst/udp_checksum_gen_inst/Mram_ip_ecn_mem1> are equivalent, second RAM is removed
WARNING:Xst:1293 - FF/Latch <core_inst/udp_complete_inst/ip_complete_inst/arp_inst/arp_request_retry_cnt_reg_5> has a constant value of 0 in block <fpga>. This FF/Latch will be trimmed during the optimization process.
WARNING:Xst:1293 - FF/Latch <core_inst/udp_complete_inst/ip_complete_inst/arp_inst/arp_request_retry_cnt_reg_4> has a constant value of 0 in block <fpga>. This FF/Latch will be trimmed during the optimization process.
WARNING:Xst:1293 - FF/Latch <core_inst/udp_complete_inst/ip_complete_inst/arp_inst/arp_request_retry_cnt_reg_3> has a constant value of 0 in block <fpga>. This FF/Latch will be trimmed during the optimization process.
WARNING:Xst:1293 - FF/Latch <core_inst/udp_complete_inst/ip_complete_inst/arp_inst/arp_request_retry_cnt_reg_2> has a constant value of 0 in block <fpga>. This FF/Latch will be trimmed during the optimization process.
WARNING:Xst:1293 - FF/Latch <debounce_switch_inst/cnt_reg_23> has a constant value of 0 in block <fpga>. This FF/Latch will be trimmed during the optimization process.
WARNING:Xst:1293 - FF/Latch <debounce_switch_inst/cnt_reg_22> has a constant value of 0 in block <fpga>. This FF/Latch will be trimmed during the optimization process.
WARNING:Xst:1293 - FF/Latch <debounce_switch_inst/cnt_reg_21> has a constant value of 0 in block <fpga>. This FF/Latch will be trimmed during the optimization process.
WARNING:Xst:1293 - FF/Latch <debounce_switch_inst/cnt_reg_20> has a constant value of 0 in block <fpga>. This FF/Latch will be trimmed during the optimization process.
WARNING:Xst:1293 - FF/Latch <debounce_switch_inst/cnt_reg_19> has a constant value of 0 in block <fpga>. This FF/Latch will be trimmed during the optimization process.
WARNING:Xst:1293 - FF/Latch <debounce_switch_inst/cnt_reg_18> has a constant value of 0 in block <fpga>. This FF/Latch will be trimmed during the optimization process.
WARNING:Xst:1293 - FF/Latch <debounce_switch_inst/cnt_reg_17> has a constant value of 0 in block <fpga>. This FF/Latch will be trimmed during the optimization process.
INFO:Xst:2261 - The FF/Latch <core_inst/udp_complete_inst/udp_inst/udp_checksum_gen_inst/m_ip_ecn_reg_1> in Unit <fpga> is equivalent to the following FF/Latch, which will be removed : <core_inst/udp_complete_inst/udp_inst/udp_checksum_gen_inst/m_ip_ecn_reg_0> 
INFO:Xst:2261 - The FF/Latch <core_inst/udp_complete_inst/ip_arb_mux_inst/m_ip_ecn_reg_1> in Unit <fpga> is equivalent to the following FF/Latch, which will be removed : <core_inst/udp_complete_inst/ip_arb_mux_inst/m_ip_ecn_reg_0> 
INFO:Xst:2261 - The FF/Latch <core_inst/udp_complete_inst/ip_arb_mux_inst/m_ip_protocol_reg_4> in Unit <fpga> is equivalent to the following FF/Latch, which will be removed : <core_inst/udp_complete_inst/ip_arb_mux_inst/m_ip_protocol_reg_0> 
INFO:Xst:2261 - The FF/Latch <core_inst/rx_fifo_good_frame_reg_0> in Unit <fpga> is equivalent to the following FF/Latch, which will be removed : <core_inst/eth_mac_inst/rx_fifo/fifo_inst/good_frame_sync4_reg> 
INFO:Xst:2261 - The FF/Latch <core_inst/eth_axis_tx_inst/eth_type_reg_2> in Unit <fpga> is equivalent to the following FF/Latch, which will be removed : <core_inst/eth_axis_tx_inst/eth_type_reg_1> 
INFO:Xst:2261 - The FF/Latch <core_inst/uart_inst/rx_busy> in Unit <fpga> is equivalent to the following FF/Latch, which will be removed : <core_inst/uart_inst/rx_state> 
INFO:Xst:2261 - The FF/Latch <core_inst/eth_axis_tx_inst/eth_type_reg_11> in Unit <fpga> is equivalent to the following 21 FFs/Latches, which will be removed : <core_inst/eth_axis_tx_inst/eth_src_mac_reg_46> <core_inst/eth_axis_tx_inst/eth_src_mac_reg_45> <core_inst/eth_axis_tx_inst/eth_src_mac_reg_42> <core_inst/eth_axis_tx_inst/eth_src_mac_reg_41> <core_inst/eth_axis_tx_inst/eth_src_mac_reg_38> <core_inst/eth_axis_tx_inst/eth_src_mac_reg_37> <core_inst/eth_axis_tx_inst/eth_src_mac_reg_36> <core_inst/eth_axis_tx_inst/eth_src_mac_reg_30> <core_inst/eth_axis_tx_inst/eth_src_mac_reg_29> <core_inst/eth_axis_tx_inst/eth_src_mac_reg_26> <core_inst/eth_axis_tx_inst/eth_src_mac_reg_25> <core_inst/eth_axis_tx_inst/eth_src_mac_reg_24> <core_inst/eth_axis_tx_inst/eth_src_mac_reg_22> <core_inst/eth_axis_tx_inst/eth_src_mac_reg_21> <core_inst/eth_axis_tx_inst/eth_src_mac_reg_16> <core_inst/eth_axis_tx_inst/eth_src_mac_reg_13> <core_inst/eth_axis_tx_inst/eth_src_mac_reg_12> <core_inst/eth_axis_tx_inst/eth_src_mac_reg_11>
   <core_inst/eth_axis_tx_inst/eth_src_mac_reg_9> <core_inst/eth_axis_tx_inst/eth_src_mac_reg_5> <core_inst/eth_axis_tx_inst/eth_src_mac_reg_4> 
INFO:Xst:2261 - The FF/Latch <core_inst/udp_complete_inst/ip_complete_inst/eth_arb_mux_inst/m_eth_src_mac_reg_46> in Unit <fpga> is equivalent to the following 21 FFs/Latches, which will be removed : <core_inst/udp_complete_inst/ip_complete_inst/eth_arb_mux_inst/m_eth_src_mac_reg_45> <core_inst/udp_complete_inst/ip_complete_inst/eth_arb_mux_inst/m_eth_src_mac_reg_42> <core_inst/udp_complete_inst/ip_complete_inst/eth_arb_mux_inst/m_eth_src_mac_reg_41> <core_inst/udp_complete_inst/ip_complete_inst/eth_arb_mux_inst/m_eth_src_mac_reg_38> <core_inst/udp_complete_inst/ip_complete_inst/eth_arb_mux_inst/m_eth_src_mac_reg_37> <core_inst/udp_complete_inst/ip_complete_inst/eth_arb_mux_inst/m_eth_src_mac_reg_36> <core_inst/udp_complete_inst/ip_complete_inst/eth_arb_mux_inst/m_eth_src_mac_reg_30> <core_inst/udp_complete_inst/ip_complete_inst/eth_arb_mux_inst/m_eth_src_mac_reg_29> <core_inst/udp_complete_inst/ip_complete_inst/eth_arb_mux_inst/m_eth_src_mac_reg_26>
   <core_inst/udp_complete_inst/ip_complete_inst/eth_arb_mux_inst/m_eth_src_mac_reg_25> <core_inst/udp_complete_inst/ip_complete_inst/eth_arb_mux_inst/m_eth_src_mac_reg_24> <core_inst/udp_complete_inst/ip_complete_inst/eth_arb_mux_inst/m_eth_src_mac_reg_22> <core_inst/udp_complete_inst/ip_complete_inst/eth_arb_mux_inst/m_eth_src_mac_reg_21> <core_inst/udp_complete_inst/ip_complete_inst/eth_arb_mux_inst/m_eth_src_mac_reg_16> <core_inst/udp_complete_inst/ip_complete_inst/eth_arb_mux_inst/m_eth_src_mac_reg_13> <core_inst/udp_complete_inst/ip_complete_inst/eth_arb_mux_inst/m_eth_src_mac_reg_12> <core_inst/udp_complete_inst/ip_complete_inst/eth_arb_mux_inst/m_eth_src_mac_reg_11> <core_inst/udp_complete_inst/ip_complete_inst/eth_arb_mux_inst/m_eth_src_mac_reg_9> <core_inst/udp_complete_inst/ip_complete_inst/eth_arb_mux_inst/m_eth_src_mac_reg_5> <core_inst/udp_complete_inst/ip_complete_inst/eth_arb_mux_inst/m_eth_src_mac_reg_4> <core_inst/udp_complete_inst/ip_complete_inst/eth_arb_mux_inst/m_eth_type_reg_11> 
INFO:Xst:2261 - The FF/Latch <core_inst/eth_mac_inst/tx_fifo/fifo_inst/m_rst_sync1_reg> in Unit <fpga> is equivalent to the following FF/Latch, which will be removed : <core_inst/eth_mac_inst/eth_mac_1g_rgmii_inst/rgmii_phy_if_inst/tx_rst_reg_3> 
INFO:Xst:2261 - The FF/Latch <core_inst/udp_complete_inst/ip_complete_inst/ip_inst/ip_eth_tx_inst/ip_protocol_reg_4> in Unit <fpga> is equivalent to the following FF/Latch, which will be removed : <core_inst/udp_complete_inst/ip_complete_inst/ip_inst/ip_eth_tx_inst/ip_protocol_reg_0> 
INFO:Xst:2261 - The FF/Latch <core_inst/rx_fifo_bad_frame_reg_0> in Unit <fpga> is equivalent to the following FF/Latch, which will be removed : <core_inst/eth_mac_inst/rx_fifo/fifo_inst/bad_frame_sync4_reg> 
INFO:Xst:2261 - The FF/Latch <core_inst/eth_mac_inst/tx_fifo/fifo_inst/wr_ptr_gray_reg_11> in Unit <fpga> is equivalent to the following FF/Latch, which will be removed : <core_inst/eth_mac_inst/tx_fifo/fifo_inst/wr_ptr_reg_11> 
INFO:Xst:2261 - The FF/Latch <core_inst/eth_mac_inst/rx_fifo/fifo_inst/wr_ptr_gray_reg_11> in Unit <fpga> is equivalent to the following FF/Latch, which will be removed : <core_inst/eth_mac_inst/rx_fifo/fifo_inst/wr_ptr_reg_11> 
INFO:Xst:2261 - The FF/Latch <core_inst/udp_complete_inst/ip_complete_inst/ip_inst/ip_eth_tx_inst/ip_ecn_reg_1> in Unit <fpga> is equivalent to the following FF/Latch, which will be removed : <core_inst/udp_complete_inst/ip_complete_inst/ip_inst/ip_eth_tx_inst/ip_ecn_reg_0> 
INFO:Xst:2261 - The FF/Latch <core_inst/udp_complete_inst/udp_inst/udp_ip_tx_inst/m_ip_ecn_reg_1> in Unit <fpga> is equivalent to the following FF/Latch, which will be removed : <core_inst/udp_complete_inst/udp_inst/udp_ip_tx_inst/m_ip_ecn_reg_0> 
INFO:Xst:2261 - The FF/Latch <core_inst/udp_complete_inst/ip_complete_inst/eth_arb_mux_inst/m_eth_type_reg_2> in Unit <fpga> is equivalent to the following FF/Latch, which will be removed : <core_inst/udp_complete_inst/ip_complete_inst/eth_arb_mux_inst/m_eth_type_reg_1> 
INFO:Xst:2261 - The FF/Latch <core_inst/rx_fifo_overflow_reg_0> in Unit <fpga> is equivalent to the following FF/Latch, which will be removed : <core_inst/eth_mac_inst/rx_fifo/fifo_inst/overflow_sync4_reg> 
INFO:Xst:3203 - The FF/Latch <core_inst/eth_axis_rx_inst/read_eth_payload_reg> in Unit <fpga> is the opposite to the following FF/Latch, which will be removed : <core_inst/eth_axis_rx_inst/read_eth_header_reg> 
INFO:Xst:3203 - The FF/Latch <core_inst/eth_mac_inst/speed_sync_reg_1_1> in Unit <fpga> is the opposite to the following FF/Latch, which will be removed : <core_inst/eth_mac_inst/eth_mac_1g_rgmii_inst/tx_mii_select_sync_0> 
INFO:Xst:3203 - The FF/Latch <core_inst/eth_mac_inst/speed_sync_reg_2_1> in Unit <fpga> is the opposite to the following FF/Latch, which will be removed : <core_inst/eth_mac_inst/eth_mac_1g_rgmii_inst/tx_mii_select_sync_1> 
INFO:Xst:3203 - The FF/Latch <core_inst/eth_mac_inst/eth_mac_1g_rgmii_inst/speed_reg_1> in Unit <fpga> is the opposite to the following FF/Latch, which will be removed : <core_inst/eth_mac_inst/eth_mac_1g_rgmii_inst/mii_select_reg> 
INFO:Xst:3203 - The FF/Latch <core_inst/udp_complete_inst/ip_complete_inst/arp_inst/arp_eth_rx_inst/read_eth_header_reg> in Unit <fpga> is the opposite to the following FF/Latch, which will be removed : <core_inst/udp_complete_inst/ip_complete_inst/arp_inst/arp_eth_rx_inst/s_eth_payload_axis_tready_reg> 
INFO:Xst:2261 - The FF/Latch <core_inst/eth_mac_inst/tx_fifo/fifo_inst/m_rst_sync1_reg> in Unit <fpga> is equivalent to the following FF/Latch, which will be removed : <core_inst/eth_mac_inst/rx_fifo/fifo_inst/s_rst_sync1_reg> 

Mapping all equations...
Building and optimizing final netlist ...
INFO:Xst:2399 - RAMs <core_inst/udp_complete_inst/udp_inst/udp_checksum_gen_inst/Mram_ip_ttl_mem22>, <core_inst/udp_complete_inst/udp_inst/udp_checksum_gen_inst/Mram_ip_ecn_mem2> are equivalent, second RAM is removed
INFO:Xst:2399 - RAMs <core_inst/udp_complete_inst/udp_inst/udp_checksum_gen_inst/Mram_ip_ttl_mem1>, <core_inst/udp_complete_inst/udp_inst/udp_checksum_gen_inst/Mram_ip_dscp_mem> are equivalent, second RAM is removed
Found area constraint ratio of 100 (+ 5) on block fpga, actual ratio is 157.
Optimizing block <fpga> to meet ratio 100 (+ 5) of 1430 slices :
WARNING:Xst:2254 - Area constraint could not be met for block <fpga>, final ratio is 146.
INFO:Xst:2260 - The FF/Latch <core_inst/udp_complete_inst/udp_inst/udp_checksum_gen_inst/m_ip_ttl_reg_0> in Unit <fpga> is equivalent to the following FF/Latch : <core_inst/udp_complete_inst/udp_inst/udp_checksum_gen_inst/m_ip_dscp_reg_0> 
INFO:Xst:2260 - The FF/Latch <core_inst/udp_complete_inst/udp_inst/udp_checksum_gen_inst/m_ip_ttl_reg_1> in Unit <fpga> is equivalent to the following FF/Latch : <core_inst/udp_complete_inst/udp_inst/udp_checksum_gen_inst/m_ip_dscp_reg_1> 
INFO:Xst:2260 - The FF/Latch <core_inst/udp_complete_inst/udp_inst/udp_checksum_gen_inst/m_ip_ttl_reg_2> in Unit <fpga> is equivalent to the following FF/Latch : <core_inst/udp_complete_inst/udp_inst/udp_checksum_gen_inst/m_ip_dscp_reg_2> 
INFO:Xst:2260 - The FF/Latch <core_inst/udp_complete_inst/udp_inst/udp_checksum_gen_inst/m_ip_ttl_reg_3> in Unit <fpga> is equivalent to the following FF/Latch : <core_inst/udp_complete_inst/udp_inst/udp_checksum_gen_inst/m_ip_dscp_reg_3> 
INFO:Xst:2260 - The FF/Latch <core_inst/udp_complete_inst/udp_inst/udp_checksum_gen_inst/m_ip_ttl_reg_4> in Unit <fpga> is equivalent to the following FF/Latch : <core_inst/udp_complete_inst/udp_inst/udp_checksum_gen_inst/m_ip_dscp_reg_4> 
INFO:Xst:2260 - The FF/Latch <core_inst/udp_complete_inst/udp_inst/udp_checksum_gen_inst/m_ip_ttl_reg_5> in Unit <fpga> is equivalent to the following FF/Latch : <core_inst/udp_complete_inst/udp_inst/udp_checksum_gen_inst/m_ip_dscp_reg_5> 
INFO:Xst:2260 - The FF/Latch <core_inst/udp_complete_inst/udp_inst/udp_checksum_gen_inst/m_ip_ttl_reg_7> in Unit <fpga> is equivalent to the following FF/Latch : <core_inst/udp_complete_inst/udp_inst/udp_checksum_gen_inst/m_ip_ecn_reg_1> 
INFO:Xst:2261 - The FF/Latch <core_inst/udp_complete_inst/udp_inst/udp_checksum_gen_inst/m_ip_ttl_reg_0> in Unit <fpga> is equivalent to the following FF/Latch, which will be removed : <core_inst/udp_complete_inst/udp_inst/udp_checksum_gen_inst/m_ip_dscp_reg_0> 
INFO:Xst:2261 - The FF/Latch <core_inst/udp_complete_inst/udp_inst/udp_checksum_gen_inst/m_ip_ttl_reg_1> in Unit <fpga> is equivalent to the following FF/Latch, which will be removed : <core_inst/udp_complete_inst/udp_inst/udp_checksum_gen_inst/m_ip_dscp_reg_1> 
INFO:Xst:2261 - The FF/Latch <core_inst/udp_complete_inst/udp_inst/udp_checksum_gen_inst/m_ip_ttl_reg_2> in Unit <fpga> is equivalent to the following FF/Latch, which will be removed : <core_inst/udp_complete_inst/udp_inst/udp_checksum_gen_inst/m_ip_dscp_reg_2> 
INFO:Xst:2261 - The FF/Latch <core_inst/udp_complete_inst/udp_inst/udp_checksum_gen_inst/m_ip_ttl_reg_3> in Unit <fpga> is equivalent to the following FF/Latch, which will be removed : <core_inst/udp_complete_inst/udp_inst/udp_checksum_gen_inst/m_ip_dscp_reg_3> 
INFO:Xst:2261 - The FF/Latch <core_inst/udp_complete_inst/udp_inst/udp_checksum_gen_inst/m_ip_ttl_reg_4> in Unit <fpga> is equivalent to the following FF/Latch, which will be removed : <core_inst/udp_complete_inst/udp_inst/udp_checksum_gen_inst/m_ip_dscp_reg_4> 
INFO:Xst:2261 - The FF/Latch <core_inst/udp_complete_inst/udp_inst/udp_checksum_gen_inst/m_ip_ttl_reg_5> in Unit <fpga> is equivalent to the following FF/Latch, which will be removed : <core_inst/udp_complete_inst/udp_inst/udp_checksum_gen_inst/m_ip_dscp_reg_5> 
INFO:Xst:2261 - The FF/Latch <core_inst/udp_complete_inst/udp_inst/udp_checksum_gen_inst/m_ip_ttl_reg_7> in Unit <fpga> is equivalent to the following FF/Latch, which will be removed : <core_inst/udp_complete_inst/udp_inst/udp_checksum_gen_inst/m_ip_ecn_reg_1> 
INFO:Xst:2261 - The FF/Latch <core_inst/udp_complete_inst/udp_inst/udp_ip_tx_inst/m_ip_ttl_reg_7> in Unit <fpga> is equivalent to the following FF/Latch, which will be removed : <core_inst/udp_complete_inst/udp_inst/udp_ip_tx_inst/m_ip_ecn_reg_1> 
INFO:Xst:2261 - The FF/Latch <core_inst/udp_complete_inst/udp_inst/udp_ip_tx_inst/m_ip_ttl_reg_0> in Unit <fpga> is equivalent to the following FF/Latch, which will be removed : <core_inst/udp_complete_inst/udp_inst/udp_ip_tx_inst/m_ip_dscp_reg_0> 
INFO:Xst:2261 - The FF/Latch <core_inst/udp_complete_inst/udp_inst/udp_ip_tx_inst/m_ip_ttl_reg_1> in Unit <fpga> is equivalent to the following FF/Latch, which will be removed : <core_inst/udp_complete_inst/udp_inst/udp_ip_tx_inst/m_ip_dscp_reg_1> 
INFO:Xst:2261 - The FF/Latch <core_inst/udp_complete_inst/udp_inst/udp_ip_tx_inst/m_ip_ttl_reg_2> in Unit <fpga> is equivalent to the following FF/Latch, which will be removed : <core_inst/udp_complete_inst/udp_inst/udp_ip_tx_inst/m_ip_dscp_reg_2> 
INFO:Xst:2261 - The FF/Latch <core_inst/udp_complete_inst/udp_inst/udp_ip_tx_inst/m_ip_ttl_reg_3> in Unit <fpga> is equivalent to the following FF/Latch, which will be removed : <core_inst/udp_complete_inst/udp_inst/udp_ip_tx_inst/m_ip_dscp_reg_3> 
INFO:Xst:2261 - The FF/Latch <core_inst/udp_complete_inst/udp_inst/udp_ip_tx_inst/m_ip_ttl_reg_4> in Unit <fpga> is equivalent to the following FF/Latch, which will be removed : <core_inst/udp_complete_inst/udp_inst/udp_ip_tx_inst/m_ip_dscp_reg_4> 
INFO:Xst:2261 - The FF/Latch <core_inst/udp_complete_inst/udp_inst/udp_ip_tx_inst/m_ip_ttl_reg_5> in Unit <fpga> is equivalent to the following FF/Latch, which will be removed : <core_inst/udp_complete_inst/udp_inst/udp_ip_tx_inst/m_ip_dscp_reg_5> 
INFO:Xst:2261 - The FF/Latch <core_inst/udp_complete_inst/ip_arb_mux_inst/m_ip_dscp_reg_0> in Unit <fpga> is equivalent to the following FF/Latch, which will be removed : <core_inst/udp_complete_inst/ip_arb_mux_inst/m_ip_ttl_reg_0> 
INFO:Xst:2261 - The FF/Latch <core_inst/udp_complete_inst/ip_arb_mux_inst/m_ip_dscp_reg_1> in Unit <fpga> is equivalent to the following FF/Latch, which will be removed : <core_inst/udp_complete_inst/ip_arb_mux_inst/m_ip_ttl_reg_1> 
INFO:Xst:2261 - The FF/Latch <core_inst/udp_complete_inst/ip_arb_mux_inst/m_ip_dscp_reg_2> in Unit <fpga> is equivalent to the following FF/Latch, which will be removed : <core_inst/udp_complete_inst/ip_arb_mux_inst/m_ip_ttl_reg_2> 
INFO:Xst:2261 - The FF/Latch <core_inst/udp_complete_inst/ip_arb_mux_inst/m_ip_dscp_reg_3> in Unit <fpga> is equivalent to the following FF/Latch, which will be removed : <core_inst/udp_complete_inst/ip_arb_mux_inst/m_ip_ttl_reg_3> 
INFO:Xst:2261 - The FF/Latch <core_inst/udp_complete_inst/ip_arb_mux_inst/m_ip_dscp_reg_4> in Unit <fpga> is equivalent to the following FF/Latch, which will be removed : <core_inst/udp_complete_inst/ip_arb_mux_inst/m_ip_ttl_reg_4> 
INFO:Xst:2261 - The FF/Latch <core_inst/udp_complete_inst/ip_arb_mux_inst/m_ip_dscp_reg_5> in Unit <fpga> is equivalent to the following FF/Latch, which will be removed : <core_inst/udp_complete_inst/ip_arb_mux_inst/m_ip_ttl_reg_5> 
INFO:Xst:2261 - The FF/Latch <core_inst/udp_complete_inst/ip_arb_mux_inst/m_ip_ttl_reg_7> in Unit <fpga> is equivalent to the following FF/Latch, which will be removed : <core_inst/udp_complete_inst/ip_arb_mux_inst/m_ip_ecn_reg_1> 
INFO:Xst:2261 - The FF/Latch <core_inst/udp_complete_inst/ip_complete_inst/ip_inst/ip_eth_tx_inst/ip_ecn_reg_1> in Unit <fpga> is equivalent to the following FF/Latch, which will be removed : <core_inst/udp_complete_inst/ip_complete_inst/ip_inst/ip_eth_tx_inst/ip_ttl_reg_7> 
INFO:Xst:2261 - The FF/Latch <core_inst/udp_complete_inst/ip_complete_inst/ip_inst/ip_eth_tx_inst/ip_dscp_reg_0> in Unit <fpga> is equivalent to the following FF/Latch, which will be removed : <core_inst/udp_complete_inst/ip_complete_inst/ip_inst/ip_eth_tx_inst/ip_ttl_reg_0> 
INFO:Xst:2261 - The FF/Latch <core_inst/udp_complete_inst/ip_complete_inst/ip_inst/ip_eth_tx_inst/ip_dscp_reg_1> in Unit <fpga> is equivalent to the following FF/Latch, which will be removed : <core_inst/udp_complete_inst/ip_complete_inst/ip_inst/ip_eth_tx_inst/ip_ttl_reg_1> 
INFO:Xst:2261 - The FF/Latch <core_inst/udp_complete_inst/ip_complete_inst/ip_inst/ip_eth_tx_inst/ip_dscp_reg_2> in Unit <fpga> is equivalent to the following FF/Latch, which will be removed : <core_inst/udp_complete_inst/ip_complete_inst/ip_inst/ip_eth_tx_inst/ip_ttl_reg_2> 
INFO:Xst:2261 - The FF/Latch <core_inst/udp_complete_inst/ip_complete_inst/ip_inst/ip_eth_tx_inst/ip_dscp_reg_3> in Unit <fpga> is equivalent to the following FF/Latch, which will be removed : <core_inst/udp_complete_inst/ip_complete_inst/ip_inst/ip_eth_tx_inst/ip_ttl_reg_3> 
INFO:Xst:2261 - The FF/Latch <core_inst/udp_complete_inst/ip_complete_inst/ip_inst/ip_eth_tx_inst/ip_dscp_reg_4> in Unit <fpga> is equivalent to the following FF/Latch, which will be removed : <core_inst/udp_complete_inst/ip_complete_inst/ip_inst/ip_eth_tx_inst/ip_ttl_reg_4> 
INFO:Xst:2261 - The FF/Latch <core_inst/udp_complete_inst/ip_complete_inst/ip_inst/ip_eth_tx_inst/ip_dscp_reg_5> in Unit <fpga> is equivalent to the following FF/Latch, which will be removed : <core_inst/udp_complete_inst/ip_complete_inst/ip_inst/ip_eth_tx_inst/ip_ttl_reg_5> 
FlipFlop core_inst/tx_byte_count_0 has been replicated 2 time(s)
FlipFlop core_inst/tx_byte_count_1 has been replicated 1 time(s)
FlipFlop core_inst/tx_byte_count_2 has been replicated 1 time(s)
FlipFlop core_inst/udp_bit_regs_3 has been replicated 3 time(s)
FlipFlop core_inst/udp_bit_regs_4 has been replicated 3 time(s)
FlipFlop core_inst/udp_bit_regs_5 has been replicated 2 time(s)
FlipFlop core_inst/udp_bit_regs_8 has been replicated 1 time(s)

Final Macro Processing ...

Processing Unit <fpga> :
	Found 2-bit shift register for signal <core_inst/eth_mac_inst/speed_sync_reg_2_1>.
	Found 2-bit shift register for signal <core_inst/eth_mac_inst/speed_sync_reg_2_0>.
	Found 2-bit shift register for signal <core_inst/eth_mac_inst/eth_mac_1g_rgmii_inst/rx_prescale_sync_1>.
	Found 2-bit shift register for signal <core_inst/eth_mac_inst/eth_mac_1g_rgmii_inst/rx_mii_select_sync_1>.
INFO:Xst:741 - HDL ADVISOR - A 4-bit shift register was found for signal <sync_reset_inst/sync_reg_3> and currently occupies 4 logic cells (2 slices). Removing the set/reset logic would take advantage of SRL32 (and derived) primitives and reduce this to 1 logic cells (1 slices). Evaluate if the set/reset can be removed for this simple shift register. The majority of simple pipeline structures do not need to be set/reset operationally.
INFO:Xst:741 - HDL ADVISOR - A 4-bit shift register was found for signal <core_inst/eth_mac_inst/eth_mac_1g_rgmii_inst/rgmii_phy_if_inst/rx_rst_reg_0> and currently occupies 4 logic cells (2 slices). Removing the set/reset logic would take advantage of SRL32 (and derived) primitives and reduce this to 1 logic cells (1 slices). Evaluate if the set/reset can be removed for this simple shift register. The majority of simple pipeline structures do not need to be set/reset operationally.
Unit <fpga> processed.

=========================================================================
Final Register Report

Macro Statistics
# Registers                                            : 5166
 Flip-Flops                                            : 5166
# Shift Registers                                      : 4
 2-bit shift register                                  : 4

=========================================================================

=========================================================================
*                           Partition Report                            *
=========================================================================

Partition Implementation Status
-------------------------------

  No Partitions were found in this design.

-------------------------------

=========================================================================
*                            Design Summary                             *
=========================================================================

Top Level Output File Name         : fpga.ngc

Primitive and Black Box Usage:
------------------------------
# BELS                             : 8090
#      GND                         : 1
#      INV                         : 98
#      LUT1                        : 789
#      LUT2                        : 457
#      LUT3                        : 1096
#      LUT4                        : 443
#      LUT5                        : 711
#      LUT6                        : 1966
#      MUXCY                       : 1241
#      MUXF7                       : 65
#      MUXF8                       : 9
#      VCC                         : 1
#      XORCY                       : 1213
# FlipFlops/Latches                : 5180
#      FD                          : 100
#      FDC                         : 71
#      FDCE                        : 96
#      FDE                         : 2246
#      FDP                         : 15
#      FDR                         : 364
#      FDRE                        : 2140
#      FDS                         : 4
#      FDSE                        : 133
#      IDDR2                       : 5
#      ODDR2                       : 6
# RAMS                             : 56
#      RAM128X1D                   : 4
#      RAM16X1D                    : 22
#      RAM32M                      : 19
#      RAMB16BWER                  : 6
#      RAMB8BWER                   : 5
# Shift Registers                  : 4
#      SRLC16E                     : 4
# Clock Buffers                    : 4
#      BUFG                        : 4
# IO Buffers                       : 39
#      IBUF                        : 19
#      IBUFG                       : 2
#      IOBUF                       : 1
#      OBUF                        : 17
# Others                           : 1
#      PLL_ADV                     : 1

Device utilization summary:
---------------------------

Selected Device : 6slx9tqg144-2 


Slice Logic Utilization: 
 Number of Slice Registers:            5180  out of  11440    45%  
 Number of Slice LUTs:                 5700  out of   5720    99%  
    Number used as Logic:              5560  out of   5720    97%  
    Number used as Memory:              140  out of   1440     9%  
       Number used as RAM:              136
       Number used as SRL:                4

Slice Logic Distribution: 
 Number of LUT Flip Flop pairs used:   8036
   Number with an unused Flip Flop:    2856  out of   8036    35%  
   Number with an unused LUT:          2336  out of   8036    29%  
   Number of fully used LUT-FF pairs:  2844  out of   8036    35%  
   Number of unique control sets:       179

IO Utilization: 
 Number of IOs:                          41
 Number of bonded IOBs:                  39  out of    102    38%  

Specific Feature Utilization:
 Number of Block RAM/FIFO:                9  out of     32    28%  
    Number using Block RAM only:          9
 Number of BUFG/BUFGCTRLs:                4  out of     16    25%  
 Number of PLL_ADVs:                      1  out of      2    50%  

---------------------------
Partition Resource Summary:
---------------------------

  No Partitions were found in this design.

---------------------------


=========================================================================
Timing Report

NOTE: THESE TIMING NUMBERS ARE ONLY A SYNTHESIS ESTIMATE.
      FOR ACCURATE TIMING INFORMATION PLEASE REFER TO THE TRACE REPORT
      GENERATED AFTER PLACE-and-ROUTE.

Clock Information:
------------------
-----------------------------------+------------------------+-------+
Clock Signal                       | Clock buffer(FF name)  | Load  |
-----------------------------------+------------------------+-------+
pll_inst/pll_base_inst/CLKOUT0     | BUFG                   | 5038  |
ENET0_RX_CLK                       | IBUFG+BUFG             | 213   |
pll_inst/pll_base_inst/CLKOUT1     | BUFG                   | 2     |
-----------------------------------+------------------------+-------+

Asynchronous Control Signals Information:
----------------------------------------
No asynchronous control signals found in this design

Timing Summary:
---------------
Speed Grade: -2

   Minimum period: 10.389ns (Maximum Frequency: 96.256MHz)
   Minimum input arrival time before clock: 5.275ns
   Maximum output required time after clock: 7.462ns
   Maximum combinational path delay: 5.961ns

Timing Details:
---------------
All values displayed in nanoseconds (ns)

=========================================================================
Timing constraint: Default period analysis for Clock 'pll_inst/pll_base_inst/CLKOUT0'
  Clock period: 10.389ns (frequency: 96.256MHz)
  Total number of paths / destination ports: 865153 / 12841
-------------------------------------------------------------------------
Delay:               10.389ns (Levels of Logic = 8)
  Source:            core_inst/rx_udp_buff_5 (FF)
  Destination:       core_inst/tx_udp_dest_port_reg_15 (FF)
  Source Clock:      pll_inst/pll_base_inst/CLKOUT0 rising
  Destination Clock: pll_inst/pll_base_inst/CLKOUT0 rising

  Data Path: core_inst/rx_udp_buff_5 to core_inst/tx_udp_dest_port_reg_15
                                Gate     Net
    Cell:in->out      fanout   Delay   Delay  Logical Name (Net Name)
    ----------------------------------------  ------------
     FDR:C->Q             10   0.525   1.438  core_inst/rx_udp_buff_5 (core_inst/rx_udp_buff_5)
     LUT6:I1->O            3   0.254   0.994  core_inst/rx_uart_buff[63]_rx_udp_buff[63]_OR_524_o311 (core_inst/rx_uart_buff[63]_rx_udp_buff[63]_OR_524_o311)
     LUT6:I3->O            4   0.235   0.804  core_inst/rx_uart_buff[63]_rx_udp_buff[63]_OR_524_o3 (core_inst/rx_uart_buff[63]_rx_udp_buff[63]_OR_524_o3)
     LUT6:I5->O            2   0.254   0.726  core_inst/rx_uart_buff[63]_rx_udp_buff[63]_OR_524_o6 (core_inst/rx_uart_buff[63]_rx_udp_buff[63]_OR_524_o6)
     LUT6:I5->O           11   0.254   1.039  core_inst/rx_uart_buff[63]_rx_udp_buff[63]_OR_524_o12 (core_inst/rx_uart_buff[63]_rx_udp_buff[63]_OR_524_o)
     LUT6:I5->O            5   0.254   0.841  core_inst/_n1998_inv1_SW0 (N6)
     LUT6:I5->O            2   0.254   0.726  core_inst/_n1998_inv1_3 (core_inst/_n1998_inv1_1)
     LUT5:I4->O           17   0.254   1.209  core_inst/_n1889_inv31_rstpot (core_inst/_n1889_inv31_rstpot)
     LUT3:I2->O            1   0.254   0.000  core_inst/tx_udp_dest_port_reg_0_dpot1 (core_inst/tx_udp_dest_port_reg_0_dpot1)
     FDSE:D                    0.074          core_inst/tx_udp_dest_port_reg_0
    ----------------------------------------
    Total                     10.389ns (2.612ns logic, 7.777ns route)
                                       (25.1% logic, 74.9% route)

=========================================================================
Timing constraint: Default period analysis for Clock 'ENET0_RX_CLK'
  Clock period: 8.234ns (frequency: 121.451MHz)
  Total number of paths / destination ports: 7299 / 468
-------------------------------------------------------------------------
Delay:               8.234ns (Levels of Logic = 5)
  Source:            core_inst/eth_mac_inst/rx_fifo/fifo_inst/rd_ptr_gray_sync2_reg_7 (FF)
  Destination:       core_inst/eth_mac_inst/rx_fifo/fifo_inst/wr_ptr_sync_commit_reg_11 (FF)
  Source Clock:      ENET0_RX_CLK rising
  Destination Clock: ENET0_RX_CLK rising

  Data Path: core_inst/eth_mac_inst/rx_fifo/fifo_inst/rd_ptr_gray_sync2_reg_7 to core_inst/eth_mac_inst/rx_fifo/fifo_inst/wr_ptr_sync_commit_reg_11
                                Gate     Net
    Cell:in->out      fanout   Delay   Delay  Logical Name (Net Name)
    ----------------------------------------  ------------
     FDR:C->Q              1   0.525   1.137  core_inst/eth_mac_inst/rx_fifo/fifo_inst/rd_ptr_gray_sync2_reg_7 (core_inst/eth_mac_inst/rx_fifo/fifo_inst/rd_ptr_gray_sync2_reg_7)
     LUT6:I0->O            1   0.254   0.958  core_inst/eth_mac_inst/rx_fifo/fifo_inst/full_drop_frame_reg_OR_129_o1 (core_inst/eth_mac_inst/rx_fifo/fifo_inst/full_drop_frame_reg_OR_129_o1)
     LUT4:I0->O            1   0.254   0.682  core_inst/eth_mac_inst/rx_fifo/fifo_inst/full_drop_frame_reg_OR_129_o5 (core_inst/eth_mac_inst/rx_fifo/fifo_inst/full_drop_frame_reg_OR_129_o5)
     LUT6:I5->O           33   0.254   1.537  core_inst/eth_mac_inst/rx_fifo/fifo_inst/full_drop_frame_reg_OR_129_o10 (core_inst/eth_mac_inst/rx_fifo/fifo_inst/full_drop_frame_reg_OR_129_o)
     LUT3:I2->O            2   0.254   0.726  core_inst/eth_mac_inst/rx_fifo/fifo_inst/_n0496_inv11 (core_inst/eth_mac_inst/rx_fifo/fifo_inst/_n0496_inv1)
     LUT6:I5->O           13   0.254   1.097  core_inst/eth_mac_inst/rx_fifo/fifo_inst/_n0544_inv1 (core_inst/eth_mac_inst/rx_fifo/fifo_inst/_n0544_inv)
     FDRE:CE                   0.302          core_inst/eth_mac_inst/rx_fifo/fifo_inst/wr_ptr_sync_commit_reg_0
    ----------------------------------------
    Total                      8.234ns (2.097ns logic, 6.137ns route)
                                       (25.5% logic, 74.5% route)

=========================================================================
Timing constraint: Default OFFSET IN BEFORE for Clock 'pll_inst/pll_base_inst/CLKOUT0'
  Total number of paths / destination ports: 29 / 29
-------------------------------------------------------------------------
Offset:              5.275ns (Levels of Logic = 3)
  Source:            rxd (PAD)
  Destination:       core_inst/uart_inst/rx_buffer_8 (FF)
  Destination Clock: pll_inst/pll_base_inst/CLKOUT0 rising

  Data Path: rxd to core_inst/uart_inst/rx_buffer_8
                                Gate     Net
    Cell:in->out      fanout   Delay   Delay  Logical Name (Net Name)
    ----------------------------------------  ------------
     IBUF:I->O             5   1.328   1.271  rxd_IBUF (rxd_IBUF)
     LUT6:I1->O            3   0.254   0.766  core_inst/uart_inst/_n016011 (core_inst/uart_inst/_n01601)
     LUT4:I3->O            8   0.254   0.943  core_inst/uart_inst/_n01601 (core_inst/uart_inst/_n0160)
     FDRE:R                    0.459          core_inst/uart_inst/rx_buffer_1
    ----------------------------------------
    Total                      5.275ns (2.295ns logic, 2.980ns route)
                                       (43.5% logic, 56.5% route)

=========================================================================
Timing constraint: Default OFFSET IN BEFORE for Clock 'ENET0_RX_CLK'
  Total number of paths / destination ports: 5 / 5
-------------------------------------------------------------------------
Offset:              2.009ns (Levels of Logic = 1)
  Source:            ENET0_RX_DATA<3> (PAD)
  Destination:       core_inst/eth_mac_inst/eth_mac_1g_rgmii_inst/rgmii_phy_if_inst/rx_ssio_ddr_inst/data_iddr_inst/iddr[4].iddr_inst (FF)
  Destination Clock: ENET0_RX_CLK rising

  Data Path: ENET0_RX_DATA<3> to core_inst/eth_mac_inst/eth_mac_1g_rgmii_inst/rgmii_phy_if_inst/rx_ssio_ddr_inst/data_iddr_inst/iddr[4].iddr_inst
                                Gate     Net
    Cell:in->out      fanout   Delay   Delay  Logical Name (Net Name)
    ----------------------------------------  ------------
     IBUF:I->O             1   1.328   0.681  ENET0_RX_DATA_3_IBUF (ENET0_RX_DATA_3_IBUF)
     IDDR2:D                   0.000          core_inst/eth_mac_inst/eth_mac_1g_rgmii_inst/rgmii_phy_if_inst/rx_ssio_ddr_inst/data_iddr_inst/iddr[4].iddr_inst
    ----------------------------------------
    Total                      2.009ns (1.328ns logic, 0.681ns route)
                                       (66.1% logic, 33.9% route)

=========================================================================
Timing constraint: Default OFFSET OUT AFTER for Clock 'pll_inst/pll_base_inst/CLKOUT0'
  Total number of paths / destination ports: 33 / 12
-------------------------------------------------------------------------
Offset:              7.462ns (Levels of Logic = 2)
  Source:            sync_reset_inst/sync_reg_3 (FF)
  Destination:       led<1> (PAD)
  Source Clock:      pll_inst/pll_base_inst/CLKOUT0 rising

  Data Path: sync_reset_inst/sync_reg_3 to led<1>
                                Gate     Net
    Cell:in->out      fanout   Delay   Delay  Logical Name (Net Name)
    ----------------------------------------  ------------
     FDP:C->Q           2378   0.525   3.094  sync_reset_inst/sync_reg_3 (sync_reset_inst/sync_reg_3)
     LUT3:I1->O            1   0.250   0.681  core_inst/phy0_reset_n1 (ENET0_RST_N_OBUF)
     OBUF:I->O                 2.912          ENET0_RST_N_OBUF (ENET0_RST_N)
    ----------------------------------------
    Total                      7.462ns (3.687ns logic, 3.775ns route)
                                       (49.4% logic, 50.6% route)

=========================================================================
Timing constraint: Default path analysis
  Total number of paths / destination ports: 2 / 2
-------------------------------------------------------------------------
Delay:               5.961ns (Levels of Logic = 3)
  Source:            CLK_125MHZ (PAD)
  Destination:       led<2> (PAD)

  Data Path: CLK_125MHZ to led<2>
                                Gate     Net
    Cell:in->out      fanout   Delay   Delay  Logical Name (Net Name)
    ----------------------------------------  ------------
     IBUF:I->O             1   1.328   0.790  CLK_125MHZ_IBUF (CLK_125MHZ_IBUF)
     LUT2:I0->O            1   0.250   0.681  core_inst/led<2>1 (led_2_OBUF)
     OBUF:I->O                 2.912          led_2_OBUF (led<2>)
    ----------------------------------------
    Total                      5.961ns (4.490ns logic, 1.471ns route)
                                       (75.3% logic, 24.7% route)

=========================================================================

Cross Clock Domains Report:
--------------------------

Clock to Setup on destination clock ENET0_RX_CLK
------------------------------+---------+---------+---------+---------+
                              | Src:Rise| Src:Fall| Src:Rise| Src:Fall|
Source Clock                  |Dest:Rise|Dest:Rise|Dest:Fall|Dest:Fall|
------------------------------+---------+---------+---------+---------+
ENET0_RX_CLK                  |    8.234|         |         |         |
pll_inst/pll_base_inst/CLKOUT0|    3.969|         |         |         |
------------------------------+---------+---------+---------+---------+

Clock to Setup on destination clock pll_inst/pll_base_inst/CLKOUT0
------------------------------+---------+---------+---------+---------+
                              | Src:Rise| Src:Fall| Src:Rise| Src:Fall|
Source Clock                  |Dest:Rise|Dest:Rise|Dest:Fall|Dest:Fall|
------------------------------+---------+---------+---------+---------+
ENET0_RX_CLK                  |    1.402|         |         |         |
pll_inst/pll_base_inst/CLKOUT0|   10.389|         |    3.049|         |
------------------------------+---------+---------+---------+---------+

Clock to Setup on destination clock pll_inst/pll_base_inst/CLKOUT1
------------------------------+---------+---------+---------+---------+
                              | Src:Rise| Src:Fall| Src:Rise| Src:Fall|
Source Clock                  |Dest:Rise|Dest:Rise|Dest:Fall|Dest:Fall|
------------------------------+---------+---------+---------+---------+
pll_inst/pll_base_inst/CLKOUT0|    1.290|         |    1.290|         |
------------------------------+---------+---------+---------+---------+

=========================================================================


Total REAL time to Xst completion: 96.00 secs
Total CPU time to Xst completion: 15.53 secs
 
--> 


Total memory usage is 717804 kilobytes

Number of errors   :    0 (   0 filtered)
Number of warnings : 2307 (   0 filtered)
Number of infos    :  387 (   0 filtered)

