:020000040000FA
:10000000FFFFFFFFFFFFFFFFFFFFFFFFFFFFFFFF00
:100010005599AA660C8500E004008C85C0018C828D
:10002000BC108C8690778C43200008C90C8700F3A5
:100030000C83008104000400040004000400040098
:100040000400040004000400040004000400040090
:10005000040004000400CC813C138C8110812C84AA
:1000600000004C8000F88C87FFFFCC8400A0CC827D
:100070000020CC8080004C8600004C8100004C8524
:1000800000004C8300004C870000CC85D847CC434F
:1000900000000000040004000C44000000000C8577
:1000A00000800A06004019B50000000000000000B2
:1000B0000000000000000000000000000000000040
:1000C0000000000000000000000000000000000030
:1000D0000000000000000000000000000000000020
:1000E0000000000000000000000000000000000010
:1000F00000100000000000000000000000000000F0
:1001000000000000000000000000000000000000EF
:1001100000000000000000000000000000000000DF
:1001200000000000000000000000000000000000CF
:1001300000000000000000000000000000000000BF
:1001400000000000000000000000000000000000AF
:10015000000000000000000000000000000000009F
:10016000000000000000000000000000004000004F
:100170000040000800000000000000000000000037
:10018000000000000000000000000000000000006F
:10019000000000000000000000000000000000005F
:1001A000000000000000000000000000000000004F
:1001B000000000000000000000000000000000003F
:1001C000000000000000000000000000000000002F
:1001D000000000000000000000000000000000001F
:1001E000000000000000000000000000000000000F
:1001F00000000020000400000000000000000000DB
:1002000000000000000000000000000000000000EE
:1002100000000000000000000000000000000000DE
:1002200000000000000000000000000000000000CE
:100230000000000000002500000000000000000099
:1002400000000000000000000000000000000000AE
:10025000000000000000000000000000000000009E
:10026000000000000000000000000000000000008E
:100270000000000000000000000000000500000079
:10028000000000000000004000000000000000002E
:10029000000000000000000000000000000000005E
:1002A000000000000000000000000000000000004E
:1002B000000000000000000000000000000000003E
:1002C000000000000000000000000000030000002B
:1002D000000000000000030000000000000000001B
:1002E000000000000200000000000000000000000C
:1002F00000000000000000000400000000000000FA
:1003000000000000000000000000000000000000ED
:1003100000000000000000000000000000000000DD
:1003200000000000000000000000000000000000CD
:1003300000000000000000000000000000000000BD
:1003400000000000000000000000000000000000AD
:10035000000000000000000000000000000000009D
:10036000000000000000000000000000000000008D
:10037000000000400000000000000000000000003D
:10038000000000000000000000000000000000006D
:10039000000000000000000000000000000000005D
:1003A000000000000000000000000000000000004D
:1003B000000000000000000003000000000000003A
:1003C000000000000088000000880000000000C05D
:1003D0000088000000000000000000880088000085
:1003E0000000000005000000000000000500000003
:1003F000000000C00000000000000000000000003D
:1004000000000000000000000000000000000000EC
:1004100000000000000004010000000000000001D6
:1004200000000000000000000000000000000000CC
:100430000000000000000041002100410000000019
:1004400000000000001000200040004000200000DC
:100450000000000000090000000000000000000093
:100460000000000000410000824102000020000066
:10047000000000000020000000410040000000419A
:1004800000000020004000000000000004000020E8
:10049000000000000000000001100000000000004B
:1004A000001000000000000000000000000000003C
:1004B0000000000000000000000000900002400268
:1004C000000000000090000000000002000000009A
:1004D000000000A0000000840000090009020900DB
:1004E00000000000040000020000000000400000C6
:1004F000000000000000000000000010004000406C
:1005000000000010000000000000110000000000CA
:10051000000000000000009000000000000000004B
:1005200000000000000000000000000000000000CB
:1005300000000000000000000000000000000000BB
:1005400000000000000000000000000000000000AB
:10055000000000000000000000000000000000009B
:10056000000000000000000000000000000000008B
:10057000000000000000000000000000000000007B
:10058000000000000000000000000000000000006B
:10059000000000000000000000000000000000005B
:1005A000000000000000000000000000000000004B
:1005B000000000000000000000000000000000003B
:1005C000000000000000008400000084000000C063
:1005D00000000000000000A0210000C0000000009A
:1005E0000084000000000000000000000000000087
:1005F00000000000000000000000000000000000FB
:100600000000000010000000000000840000000056
:100610000000000041000000000000000000000099
:1006200000000000000000010000000000000000C9
:100630000000000000000000000000000000004179
:100640001000C000000000000000000000000000DA
:100650000000000500100000000000000000000085
:1006600000410021001100410810A000000000001E
:100670000005000500000020004184000800000083
:1006800008000800A0210800000000000000000091
:100690000000000010000000A00082000000000028
:1006A00000410000000000000020000000000000E9
:1006B000000000000000000000000000000000003A
:1006C0000002000000000004000000000000042000
:1006D00000000000000000000040000000000000DA
:1006E00000000000004000100002000000020000B6
:1006F000004000000000009000000000000000002A
:1007000000000020000000000000000000000000C9
:1007100000000000000010000000000000000000C9
:1007200000000000000000000000000000000020A9
:1007300000040000000000000000000000000000B5
:1007400000000000000000000000000000000000A9
:100750000000000000000000000000000000000099
:10076000000400090000000000000000000000007C
:100770000000000000000000000000000000000079
:100780000000000000000000000000000000000069
:100790000000000000000000000000000000000059
:1007A0000000000000000000000000000000000049
:1007B0000000000000000000000000000000000039
:1007C0000000000000000000000000000000000029
:1007D0000000000000000000000000000000000019
:1007E00000000000000000100000000000000000F9
:1007F00041100000000000000800000000000000A0
:1008000000000000000000000000000000000000E8
:100810000000008400000000000000000000000054
:100820000000000000002100000000001000000097
:1008300000000000000000000000000000000000B8
:10084000000000000000080000008400000000001C
:100850000000000000000004A01082000000004121
:100860000000081108100010000000000041000006
:10087000084100000000A0000000840000100000FB
:10088000A0001000000000000000000000000000B8
:100890000000000000000000A0000000A000000018
:1008A000000000000000000000000000A0000000A8
:1008B00084000000000000000000000000000000B4
:1008C0000000000000000000000000000000000028
:1008D0000000000000000000000000000000000018
:1008E0000000000000000000000000000000000008
:1008F00000000000000000000000000000000000F8
:1009000000000000000000000000000000000000E7
:1009100000000000000000000000000000000000D7
:1009200000000000000000000000000000000000C7
:100930000200000000000000200000000000000095
:1009400000000000000000000000000000000000A7
:100950000000000000000000000000000000000097
:100960000000000000000000000000000000000087
:100970000000000000000000000000000000000077
:100980000000000000000000000000000000000067
:100990000000000000000000000000000000000057
:1009A0000000000000000000000000000000000047
:1009B00000000200000000000000A1000000000094
:1009C0000000000000000000000000000000000027
:1009D0000000000000000000000000000000000017
:1009E0000000000000000000000000000000000007
:1009F00000000000000000000000000000000000F7
:100A000000000000000000000000000000000000E6
:100A100000000000000000000000000000000000D6
:100A200000000000000000000000000000000000C6
:100A300000000000000000000000000000000000B6
:100A400000000000000000000000000000000000A6
:100A50000000000000000000000000000000000096
:100A60000000000000000000000000000000000086
:100A70000000000000000000000000000000000076
:100A80000000000000000000000000000000000066
:100A90000000000000000000000000000000000056
:100AA0000000000000000000000000000000000046
:100AB0000000000000000000000000000000000036
:100AC0000000000000000000000000000000000026
:100AD0000000000000000000000000000000000016
:100AE0000000000000000000000000000000000006
:100AF00000000000000000000000000000000000F6
:100B000000000000000000000000000000000000E5
:100B100000000000000000000000000000000000D5
:100B200000000000000000000000000000000000C5
:100B30000000000000002100000000000000100084
:100B400000000000000000000000000000000000A5
:100B50000000000000000000000000000000000095
:100B60000000000000000000000000000000000085
:100B70000000000000000000000000000000000075
:100B80000000000000000000000000000000000065
:100B90000000000000000000000000000000000055
:100BA0000000000000000000000000000000000045
:100BB00000000000000000000100880000000000AC
:100BC0000000000000000000000000000000000025
:100BD0000000000000000000000000000000000015
:100BE0000000000000000000000000000000000005
:100BF00000000000000000000000000000000000F5
:100C000000000000000000000000000000000000E4
:100C10000000000000400000000000000000000094
:100C200000000000000000000000000000000000C4
:100C300000000000000000000000000000010000B3
:100C400000000000000000000000000000000000A4
:100C50000000000000000000000000000000000094
:100C60000000000000000000000000000000000084
:100C70000000000000000000000000000000000074
:100C80000000000000000000000000000000000064
:100C90000000000000000000000000000000000054
:100CA0000000000000000000000000000000000044
:100CB000000000000000000000000000000000082C
:100CC0000000000000000000000000000000000024
:100CD0000000000000000000000000000000000014
:100CE0000000000000000000000000000000000004
:100CF00000000000000000000000000000000000F4
:100D000000000000000000000000000000000000E3
:100D100000000000000000000000000000000000D3
:100D200000000000000000000000000000000000C3
:100D3000000000000000000000000084000000002F
:100D40000BD02184000000000BD000000000000048
:100D50000000000000000000000000000000000093
:100D60000000000000000000000000000000000083
:100D70000000000000000000000000000000000073
:100D80000000000000000000000000000000000063
:100D90000000000000000000000000000000000053
:100DA0000000000000000000000000000000000043
:100DB0000000000000000000000000000000000033
:100DC0000000000000000000000000000000000023
:100DD0000000000000000000000000000000000013
:100DE0000000000000000000000000000000000003
:100DF00000000000000000000000000000000000F3
:100E000000000000000000000000000000000000E2
:100E100000000000000000000000000000000000D2
:100E200000000000000000000000000000000000C2
:100E30000000000000000000000000000000220888
:100E40002081008000000208208100800000000056
:100E50000000000000000000000000000000000092
:100E60000000000000000000000000000000000082
:100E70000000000000000000000000000000000072
:100E80000000000000000000000000000000000062
:100E90000000000000000000000000000000000052
:100EA0000000000000000000000000000000000042
:100EB0000000000000000000000000000000000032
:100EC0000000000000000000000000000000000022
:100ED00000000000000000000000000000008C0086
:100EE0000000000000000000000000000000000002
:100EF00000000000000000000000000000000000F2
:100F000000000000000000000000000000000000E1
:100F100000000000000000000000000000000000D1
:100F200000000000000000000000000000000000C1
:100F300000000000000000000000000000000000B1
:100F400000000000021008400000000002100840ED
:100F50000000000000000000000000000000000091
:100F60000000000000000000000000000000000081
:100F70000000000000000000000000000000000071
:100F80000000000000000000000000000000000061
:100F90000000000000000000000000000000000051
:100FA0000000000000000000000000000000000041
:100FB0000000000000000000000000000000000031
:100FC0000000000000000000000000000000000021
:100FD0000000000000000000000000000000000011
:100FE0000000000000000000000000000000000001
:100FF00000000000000000000000000000000000F1
:1010000000000000000000000000000000000000E0
:1010100000000000000000000000000000000000D0
:1010200000000000000000000000000000000000C0
:1010300000000000000000000000000000000000B0
:1010400000000000000000000000000000000000A0
:101050000000000000000000000000000000000090
:101060000000000000000000000000000000000080
:101070000000000000000000000000000000000070
:101080000000000000000000000000000000000060
:101090000000000000000000000000000000000050
:1010A0000000000000000000000000000000000040
:1010B0000000000000000000000000000000000030
:1010C0000000000000000000000000000000000020
:1010D0000000000000000000000000000000000010
:1010E0000000000000000000000000000000000000
:1010F00000000000000000000000000000000000F0
:1011000000000000000000000000000000000000DF
:1011100000000000000000000000000000000000CF
:1011200000000000000000000000000000000000BF
:1011300000000000000000000000000000000000AF
:10114000000000000000000000000001000000009E
:10115000800000010000000080000000000000008E
:10116000000000000000000000000000000000007F
:10117000000000000000000000000000000000006F
:10118000000000000000000000000000000000005F
:10119000000000000000000000000000000000004F
:1011A000000000000000000000000000000000003F
:1011B000000000000000000000000000000000002F
:1011C00000000000000000000000000000009090FF
:1011D00000000000000090900000000000000000EF
:1011E00000000000000000000000000004000000FB
:1011F0000300000400001100040000000000400093
:1012000003000000110004000000000000000000C6
:101210000500000011000400110004000300040098
:10122000000011002000200011002000000000003C
:101230000000040008001100000000000000000091
:10124000000004000000000000000000000000009A
:10125000000000000000000000000000000000008E
:1012600000000000000000000000000000008300FB
:1012700000000000008000000000000000000000EE
:10128000010000000000000000000000000000005D
:10129000000000000000000000000000010000004D
:1012A000000000000000010001000000010000C07B
:1012B000000000000000000000000000000000002E
:1012C000000000000100000000000000000000001D
:1012D000000000000000000000000000000000000E
:1012E00000000000000000000000000000000000FE
:1012F000800100A000A04000800580040020800143
:10130000A00000000000001084000803400082C11B
:10131000002000200820882080008000800080219C
:10132000001000A0000000010400004000000000C8
:101330000000000000010001800100000400000125
:1013400005100001000104010021000800218001B6
:10135000C000090100010000040000024000000478
:10136000200200000000000000000000000000005B
:101370000000402000400000012140A040A000806B
:101380004020410000109010002141100010031077
:101390002140048000800580408020414000404181
:1013A00020A00000002090210002001008C00021B1
:1013B000002000000000004000402020000000212C
:1013C000000400A1000400040104008400C1009096
:1013D00020202102000400040041010000800100DF
:1013E00000800180000000000000000000000000FC
:1013F00000000000008400040000000000100088CD
:101400000011000000880088008900200002008888
:1014100000888088009100880000000200A08040C1
:1014200000A100A00040801000200011208800C012
:1014300000110090000000100010008400218001C5
:1014400000850041000180000000002000008000B5
:10145000000200200020000000000000000000004A
:10146000000000000002000000000000000000007A
:1014700000000000000000000080000000000005E7
:101480000400000400000000000010400080000084
:101490000000000002000020000204000000900094
:1014A0002080004000000080040500800040011002
:1014B000001020400000000000000000000000C0FC
:1014C0002020002040A00004200000000080000038
:1014D000200000804080008000000000000000002C
:1014E000000000000000008000000000000000007C
:1014F0000000000000000000100180004100090011
:1015000005C000002100000041001100020100019F
:101510002184A02004200020110004038802A1409F
:101520000000A10021000000A100030110008000C4
:1015300010001000C100000000002000200020006A
:101540000000204020002000200041004100410018
:1015500000000001800000C0004000010000000009
:10156000000000000000000000000000000000007B
:10157000000000000000000000000020400000000B
:10158000C000C0000005A000C0050000A0050102C9
:1015900000020000419001800080100083C0039091
:1015A000048000002010100008000400004000002B
:1015B00004218200A010200084000000A100C100CE
:1015C000C121000011000300850009001000100077
:1015D00000001000002020001000008000040040E7
:1015E00010001000100000000000000000000000CB
:1015F00000000000000000000000000010C0090012
:1016000010A1108805004100400000111140401059
:10161000001020020904004010040404A104041175
:1016200041211101004021A0114020C000200940AB
:10163000002041400090200440002104000000C030
:1016400020000004044041042084402010200000B9
:1016500020000400838841404100410041A1200056
:1016600000A020000088000000000004008800881E
:1016700000000088000000000000000000000000E2
:101680000000000400000000000001000004000051
:10169000000000000000008000800080008020002A
:1016A0000004008400040000000000000100008924
:1016B00000000080000000000180000000800000A9
:1016C0000000010000800000008001000000008098
:1016D00000000100010020000000000000000040A8
:1016E00000000000000000000000000000000000FA
:1016F00000000000000000000000000000000000EA
:1017000041048084210203000010808400100084C2
:10171000100000840000100020118004410010110E
:101720008084118400A00084A000C1C08310400008
:101730000084002000102020009000840004082075
:101740000000000000001010020008C01004008417
:101750000000000000900000009010001002000047
:101760001000000000041000212000000004000010
:1017700080000000000000000000000000000000E9
:10178000000082A1020000800020820004400003CB
:101790000003000582000000C0419120088500413F
:1017A00084024000000300000000410020002005EA
:1017B00001108400008082000180400000008280CF
:1017C0000090000000000000C00000000000008049
:1017D0001005000584000000000000000000A0804B
:1017E000A000A00200000080A00000801000828005
:1017F00000000400000000001000000000000000D5
:101800000000000000832090000008890003900879
:101810008241002000009004914100000003000478
:10182000001004100003041040410008800304204D
:101830001141000809114111041109C100030040C0
:101840000000000000000003800990000808000369
:10185000854041000000000300101000000000005F
:101860000000C00000400203002021022009820382
:101870000804000209400000000000000000000011
:101880000000000000000089018500C000C000A128
:10189000110340A100110000050002010000A00199
:1018A00000000200400088018400A001000904013A
:1018B000C0000801000110218488A0900089000167
:1018C00000002000000000000001100140000101A4
:1018D00000014100A100000000010401000000001F
:1018E0000000080041000000A101100101010100F9
:1018F00083010001A00110010000000000000000B1
:101900000000000000000000000001090000018349
:10191000A001820103A04108880001000000C0006E
:10192000C008900003044121022003008920A11077
:101930008900850020A011C0021109028811090444
:101940000000880003000511000088019000890054
:10195000891140880200418285018200899088882F
:10196000830000100000008200010100010001025C
:101970000100000001C00111010000000000000092
:1019800000000000000000000000000841101000EE
:10199000039008024010400003910000080400007A
:1019A000040410C00904828003400911210440800E
:1019B000038402000804C080030400C0100900056D
:1019C0000900000000002140038900000010000011
:1019D0002100830980000000A1C0830921001000BC
:1019E000008083100080002000840008400040092F
:1019F00040000308080004090288030400000000F6
:101A0000000000000000000000000000000080084E
:101A100008101003004000020808000300000080C6
:101A200004040008000005C00484808300082182AB
:101A3000041080830082009104A00003401020095C
:101A40004182C0C1000000400409408300800000C2
:101A5000000000090083000040C00289C00300802C
:101A60000010400940830000088002000080090245
:101A7000000200908003910400041102880300001A
:101A8000000000000000000000000000000008004E
:101A900008000400000108A1880302A100110490BD
:101AA0000010008800910490001100840283040952
:101AB000001100042011041100080002004101116E
:101AC000008288851105000000000091011100804E
:101AD000000200C00005040900820110000911A1E4
:101AE000009000A101C1018900C00010010008821E
:101AF0008808001000A0888982000001000105010B
:101B000000000000000000000000000000000000D5
:101B10009110841010001000A11003400500C008AF
:101B20000000010000000000111121028200089055
:101B300021A01110830008C0914011C009000808BD
:101B4000020510A01000A008038905000400081079
:101B500000800589C1000901A0C083088404080031
:101B600041C0018901000000008201100110000045
:101B70000000004000410001000001820110010846
:101B80000100000000000000000000000000000054
:101B900000000380098080048400038204804000E8
:101BA0000500090008000000000083030800110080
:101BB0001000030990004000100003002000020004
:101BC00084889121910091004080038204400000AC
:101BD0008000008003890400880800008391004091
:101BE00080009080038204000000008008801000C4
:101BF0000400040000800084004000000380041101
:101C00000209201100000000000000000000000098
:101C1000000000000A00000BD00000480000000B8C
:101C2000D00000000048000B040000000000000B82
:101C3000D00042000000000BD00000000000000BAC
:101C4000D00000000050000BD00000000050000B3E
:101C5000D000000000000060000BD0000000004237
:101C6000000BD00000410660000BD00000600000B7
:101C7000000BD00000410A00000BD0000000000063
:101C8000000BD00012000000000000000000000067
:101C9000000000000000C3C3FF00F0F0FF0033337A
:101CA000FF003333FF0000FFFF0000FFFF0033336E
:101CB000FF0000FF0F0FF00F3C3C3333FF003333C6
:101CC000FF003333FF0066200000FD9DF49499006F
:101CD0000000F00000000000F00000000000000024
:101CE00018180000F000000000000000F0000000E4
:101CF000EF6FFF7F00000000FFFFFFFF0000FFFF0E
:101D000000000000000000000000000000000000D3
:101D100000000000000000003C3CFF000F0FFF002F
:101D20003333FF003333FF0000FFFF0000FFFF00ED
:101D30003333FF00FF000F0FF00F3C3C3333FF0045
:101D40003333FF003333FF0006200000FFFFFFFFA7
:101D500099000000F00000000000F0000000FF000B
:101D6000000018180000F0000000FF000000F00064
:101D70000000EF6FFF7F00000000FFFFFFFF00107B
:101D80003C2C0000000000000000000000000000EB
:101D90000000000000000000000000000000000043
:101DA0000000000000000000000000000000000033
:101DB0000000000000000000000000000000000023
:101DC0000000000000000000000000000000000013
:101DD0000000000000000000000000000000000003
:101DE00000000000000000000000000000000000F3
:101DF00000000000000000000000000000000000E3
:101E000000000000C208040000108861000000000B
:101E100000000000000000000000000066663CC3F7
:101E200000FF0F0F00FFCCCCF0F03CC3F00FF00F21
:101E3000F0F00F0F3C3CF00F3C3CF00F00FFCCCC1F
:101E400000FFCCCC00FFCCCC00FFCCCC0000406627
:101E500000000F0F00006600000000990000000065
:101E600000C30000000000006600000000990000B0
:101E7000660000000C0C3C3C0000FFFFFFFF000070
:101E80000030FFFF00000000000000000000000024
:101E90000000000000000000000000000000666676
:101EA0003CC300FFF0F000FFCCCCF0F03CC3F00FDF
:101EB000F00FF0F00F0F3C3CF00F3C3CF00F00FF38
:101EC000CCCC00FFCCCC00FFCCCC00FFCCCC0000B5
:101ED000466600000F0F0000660000000099000039
:101EE000000000C3000000FF000066000000009931
:101EF0000000660000000C0C3C3C0000FFFFFFFFF0
:101F000000000000303C0400000000000000000061
:101F100000000000000000000000000000000000C1
:101F20001286215043B4084812862190408400480C
:101F3000C68601F608940840128621F0403408480D
:101F4000128421F040B40848128621F040940048E1
:101F500000860CE400B80803C0C7C0E43090490311
:101F60000000C0C7C0E430B04903C0C7C0E430B00F
:101F70004903C0C7C06433804303A08654F0A0B0B7
:101F80000865A0C6507003905100058604F000B2A9
:101F90000010000000000000000000000000000031
:101FA00000000000000000000000F0F4FFFFCBC3C1
:101FB000FFFF000000000005AAAFFFFFFFFFFFFFCB
:101FC000000C55000000FFFFF7C7FFCFF0C05050D6
:101FD0005C5C3FAF3FA000000000FF3CF03C000015
:101FE00000FF0000FF3AF03AFCFC05F50C00300061
:101FF0000B00000000000000000000FF00000000D7
:1020000014140B0B0000000000F082F2000000002E
:1020100000000000000000000000000000000000C0
:10202000000000000008000000000000F0E00000D8
:102030000000343C000000000001BEBF10000000A2
:10204000FFFF000C0F0000C3FCFCF7C73F0F300080
:1020500050555C5530AF30A0000200000F3C003CF2
:10206000000000FF00000F3A003A0C0C05F50C00D0
:102070003000FFFFFFFF000000000008AAFD000085
:1020800000001F1F00000000000000F000F0000032
:102090000000000000000000000000000000000040
:1020A000000000000000EFCFAA00000000003C3C50
:1020B000AAAA51415D7D0000000000003C3C0000E8
:1020C00000000000000000003C3C551EFF1E000008
:1020D000000008CB1CDF00000000800000000000B2
:1020E000000000FF55550000000000000000000047
:1020F00000000000000F828F00000000003C3F2B1A
:1021000000000000000000000000000000000000CF
:1021100000000000000000000000000000000000BF
:102120000000000000000000FFFFAA000000000007
:102130003A3CAAAA41417D7D0000000000003C3CE1
:10214000000000008000000000003C3C001EAA1EB1
:102150000000000008CB1CDF0000000300000000AE
:10216000000000000F0F0F0F0000000000008000B3
:10217000000000000000000F000F00000000003C05
:102180003F3F0000000000000000000000000000D1
:10219000000000000000000000000000000000003F
:1021A000000000000000000000000000001004100B
:1021B000400000002000000021000004000000207A
:1021C00020101100A00100001100002000201100CB
:1021D00020201100210011008400800091000410D3
:1021E000840000C100000004001000000000000096
:1021F0000300214000000000000011020000000068
:10220000000000000000004000000001000000008D
:1022100000000002000000000000000000000000BC
:1022200000000000000000000000000000000000AE
:1022300000000100000001001000100000800000FC
:10224000008001000000214000000000000000802C
:1022500004000180000000000000030004000400EE
:1022600001000500000400000080000000C0000024
:10227000000000000080000000000000008000005E
:1022800000000000000000000080000000040000CA
:1022900000000000008000000000000000000000BE
:1022A000000000000000000000000000000000002E
:1022B000800000000021000000008040800000003D
:1022C00080000001008904080800800084000010DC
:1022D000A10405218040001000000200000004114C
:1022E0000401002080218010000000400040000018
:1022F000001000000020000000010000000100119B
:1023000000020000000300000021000000030001A3
:102310002001210100010004000000000000000174
:1023200000000000000000000000000000000000AD
:102330000000404004090020004000082041041033
:102340000010201100400004000000002040200088
:10235000008020A1002020000000000000000021DB
:1023600003A00120828004A00405002100800480D5
:10237000000000000000A080001000040000000227
:1023800000400080000000C00000008200000084C7
:10239000004001020002000200890000000000006D
:1023A000002000000000000000000000000000000D
:1023B000000000000000000800008084800080848D
:1023C0008004A08484208084201080058000800404
:1023D00084028404802080048004402088018000DE
:1023E0000000001100208021802000040001002056
:1023F000004100000000040000000004008400848C
:1024000000C000400000800000C000000004000484
:1024100080200020002000010000000100000000DA
:102420000020112000000000000000000000000457
:102430000000000084000005104040052005200435
:10244000200520A1210520802005414120A0200059
:10245000208021002180200020A0209084C1054000
:10246000204002020090888304A0048510A110205F
:1024700008C10420000000000100080000800000E6
:102480001000002000900000200010001000848048
:1024900000802080028040C1002000002020002019
:1024A0000000002000A0001100000011000000004A
:1024B000000000000000C100410410040984200451
:1024C00008059104200404040010200500052005DF
:1024D0000005200400050004208510050005020108
:1024E00000110521024188110920842000201000DC
:1024F00010410000908400004101201110051000DF
:1025000010004120102000200000100000004101B8
:1025100008010001000000050000000500040000A3
:1025200000000008000000040040009000000000CF
:10253000000000000000000040000080008000005B
:10254000019109A02080018001900000018400A079
:10255000019084A0118000C0C08001100090009004
:10256000882000A000C084A005A084800580108081
:10257000840000A0000004000000002000400004CF
:1025800000000000008000800080000300000000C8
:10259000002000040002000000A00800009000805D
:1025A000000000000080001100800000000000001A
:1025B00000000000000000000000000205C00090C4
:1025C00000C0002085A01020102000008310C0A0B3
:1025D000804000848982022008C00084800220A0FC
:1025E00010400000110203009010821004A1840525
:1025F000902189002088001085000000000041041F
:10260000410010200500918400010584208205020C
:10261000080005A004000920048484004010000084
:1026200004200000008802000000200400000000D8
:102630000000000000000000000000008208881078
:102640000411000200802008048808A184212000D1
:10265000204020084010200205838820C005200566
:1026600011058405404010110005200308A1012038
:1026700005A004A004400111000020090000000092
:102680000080C010028084400221844000200105A7
:102690000080000000000100008201024141028030
:1026A000000008801000841100042004109108002C
:1026B000000082009000000000000000000085C0C3
:1026C000118340A0C18320001082820489A0009061
:1026D000A02003400084000441C000A020A020846A
:1026E0000084108402840201898200108009880419
:1026F00083040020840441C00004000105000000A0
:1027000041040000410005008302400004844100B0
:1027100041000040104010010282040000200084AB
:10272000210000902005800000000084004000008F
:102730000000009000000000000000000000000009
:10274000200008400100040401000000058302008D
:102750000009038300000000889190000000010040
:102760000100000000008900000420000040024039
:1027700009800480C0C105C184008480002000005D
:1027800000000080000010410000048001000000F3
:102790001000C00000800000000200000100008066
:1027A0000000000000001010080088000000000079
:1027B0008200000000000000000000000000000097
:1027C000000080039004414100088411211141114F
:1027D00041200821A10302911041118380081008B3
:1027E0000821400340108008414180030009000295
:1027F000030008838941C1C1000008030040400074
:1028000000000000000380090240000000110041A8
:102810004000000080030210090280418003C102D1
:102820002002000400032002001000C10900000083
:102830000000100000000000000000000000000088
:102840000000000008010901A00140018800030008
:102850009100A100A089109003C001900003C0A1C5
:1028600003910190400100011004010140010001A9
:10287000A001000001898308108900040301C00041
:10288000020000000000A00182010400000000001E
:1028900000009100000008010400A001880104016B
:1028A0008200910100000001010090000009000079
:1028B0000000A00000000000000000000000000078
:1028C00000000000000000001009050001010308DD
:1028D000A1A18302C100020910052004850111088D
:1028E000081004088383000400A000C100011083C5
:1028F000C08491100591A101820005888309C0114F
:102900000840090521A10000911009840308C111A4
:10291000A0100400081008A091004000C000C1826F
:10292000C1080800C1880900000891000184010065
:102930000002010001000001000000000000000092
:10294000000000000000000011030410210003102B
:102950004080218321008321C0C0820303109003A3
:10296000908488009004839009004000400204088D
:102970004190030021008309200205002180838902
:1029800002208300A1020309000020828800218028
:102990000309000983418000820220029110040093
:1029A00003C121418302A10083410080410208004C
:1029B00003020800410005000509000000000000B6
:1029C000000000000000000000000003004140C0C3
:1029D0008083080309840808058310C1208300054B
:1029E000040391401108200903834040091100218C
:1029F000918311410200090900832020802080007A
:102A000080830202040000094003000020200882A5
:102A10000990008300000400414100038008008900
:102A200002820003004111100282008300400982EB
:102A300041098003000800040004804000000000F9
:102A4000000000000000000000000000400400C181
:102A5000008408890090004001A102830084890855
:102A6000828805A1849188A109100811000900201D
:102A700000000883008801880091C08301A188C1FB
:102A8000A004884100A000C000C105A1000001030E
:102A90000005018504110288010400A0C0A04000C7
:102AA00000100010008902A100C10084C011A00123
:102AB00000110000100100000000000040010000B3
:102AC0000000000000000000000000000000C14005
:102AD00000820100400001010120000000028990F5
:102AE000024090A0C1A09101412104009190018871
:102AF0000011000005084089910888008808918924
:102B00008910A000028805C18410020040A00000C6
:102B10004188C040410004A0C0110500040002A08B
:102B20000940411090889010C1880520A182A1A081
:102B300001A0010505000000000000900001000058
:102B40000000000000000000000000000000000085
:102B50000300098002000000082002890405040027
:102B6000030883080902108003028890830940004B
:102B700003004004030810800088040000001100D6
:102B8000839184008500028083200000050080007E
:102B9000000083850080020008004140080000001A
:102BA000000083A084000580098203852100400085
:102BB0002100030004404000040000000010004118
:102BC0000000000000000000000000000000000005
:102BD00000000000000BD00082000000000BD000BD
:102BE00012000000000BD00012420000000BD000C9
:102BF00000480000000BD00000000000000BD000D7
:102C000082000000000BD00021000000000BD0006B
:102C1000000000000000000BD00006000048000B80
:102C2000040000000000000BD00000600000000B5A
:102C3000D0000A000000000BD00000000060000B74
:102C4000D0000000000000000000000000000000B4
:102C50000000000000FFF0F00F0F3CC3003CFF3C01
:102C600000003C5500000FD700005C5C000017D747
:102C70000000A8FD00001EFF00003C3CFF00FF001C
:102C8000FFFF3C00FFFFFCC0FFFFE8E8FFFF5050E4
:102C9000FFFFBE820000FFFFF0F0FFFFF33000FFF8
:102CA000FF0000FFFF003C3C0FF03C3C0FF00F0F1B
:102CB0003CC33C3C0FF03C3C0FF000FF33330000C2
:102CC0000000003C003C000000000000000000008C
:102CD00000000000000000FF0F0F0F0F3CC3000FAB
:102CE000FF0F00003C0F00000F140000505F0000B9
:102CF00017140000085D00001E00000005AFC3C3EC
:102D0000C3C3FFFFFFC3FFFFFCC0FFFFE8E8FFFFF7
:102D1000FAFAFFFFBE820000FFFFC3C3FFFFF330DC
:102D200000FFFF0000FFFF003C3C0FF03C3C0FF0B9
:102D30000F0F3CC33C3C0FF03C3C0FF000FF333323
:102D4000000000000505FFFF00000000000000007B
:102D50000000000000000000CCCCFF00C33CF0F0FD
:102D6000FFFFFFBAACAC00003CFA3CFAFFBEF0BE7D
:102D7000FF000000FBBA0000EB28000000C5FF3A8E
:102D800000F0FFFF033FFFFF0F0FFFFF033FFFFFB9
:102D90005555FFFFC0FCFCC0000000FFFF003F03D3
:102DA000FCC000FFFF000F0FF0F0C33CF0F0C33C8D
:102DB000F0F0C33CF0F00FF03C3CC33CF0F05A5A4A
:102DC000FF0000000000BE14FAF000000000000048
:102DD00000000000000000000000CCCCFF00C33C5D
:102DE000F0F055555510FF000000FFFA00FA00BE44
:102DF000F0BEACAC000051100000E8E80000FFC5D8
:102E0000003A0FFFFFFF033FFFFF00FFFFFF033FFD
:102E1000FFFF00FFFFFFC0FCFCC00000F0F0F0F07F
:102E20003F03FCC000FFFF000F0FF0F0C33CF0F0C9
:102E3000C33CF0F0C33CF0F00FF03C3CC33CF0F07E
:102E40005A5AFF0000000000FAF0FAF000000000FB
:102E5000000000000000000000000000128621F0C9
:102E600040940048C086C0F030B04903C087C0F02D
:102E700030B00903C0C7C0F030B04903C041C0F052
:102E800030300103C0C6C0F030B04903C047C09025
:102E900030804903C0C7C0F030B049030000C0C74C
:102EA000C0F030B05103C68601F608B4084012865F
:102EB00021F040940848128621F040B408481200DE
:102EC00021F040340048008600EC00B00000000013
:102ED0000000000000000000000000000000EBEB1C
:102EE00028280004FFFB0000000014BEAFAF3C0A1E
:102EF0003C00FFFF0000828200008282828200008C
:102F00003C3C3C3CF0F000000000030030004380FB
:102F1000C300000001047D557DFF033F0000000059
:102F2000FFFFF57D003C417D14D700003C553C0F70
:102F3000FFB4FFB40000AF0FBF8FB080003C417DF5
:102F40000000F0F00F0F0000000000000000000083
:102F50000000000000000000000000000000000071
:102F6000EBEB2828000000000000000014BE05055F
:102F70003C0A3C00FFFF3800FCC0FCC08397ABBF9D
:102F800000003C3C3C3CF0F000000001030030003D
:102F90001C203C003CC33DC7FAFFFAFFD7D7C3C390
:102FA0000000FFFFA07D013D013D000003033C55F3
:102FB0003C0FFFBEFF0000000F0FBF8FB080013D30
:102FC000013D0000F0F00F0F0000000000000000C5
:102FD00000000000000000000000000000000000F1
:102FE000000000000000000F000F000000005C5C0B
:102FF0000FFFFFE8C3FF005500553C341C14AAFF27
:103000001E1E0000F0F055550000000000000F00EB
:103010000FFF43C3800028821842000000003D3D9E
:10302000BFBF0000000000007D057DAF0000000074
:1030300057577F7F000000003F3FFF5F0000000008
:103040000055AAFF00003C3C0F0F000000000000EC
:103050000000000000000000000000000000000070
:103060000000000000000000000F000F0000000042
:103070005C5C00F0FFE8FFFF005530752C200C0071
:1030800000551E1E0000F0F0555500000000000025
:10309000553C553CC3C3000014410C030000000024
:1030A0003C7D3CFF000000000000280528AF000028
:1030B0000000FFD7FFD7000000000F3F0F5F0000A8
:1030C00000002D2D2D2D00003C3C0F0F00000000B6
:1030D00000000000000000000000000000000000F0
:1030E00000000000000000000000090000000000D7
:1030F00000000920000000000000000000000000A7
:1031000020100000200020080000200000A000A0E7
:103110000000040020000000004005002110000015
:103120000000000000000000090000400400000052
:10313000000000A000000090000008000000000057
:10314000000000A0000000000000000000000000DF
:10315000000000400000000000000000000000002F
:10316000000000000000000000000000000000005F
:103170000000000008000000000000000000000047
:10318000000000000000040000000000000000003B
:1031900000000000000082000000000000000000AD
:1031A000200000000000A00000000000000000005F
:1031B000000000000000000000000000000000000F
:1031C00000000000000000000000000000000000FF
:1031D00000000000000000000000000000000000EF
:1031E00000000000000000000000000000000004DB
:1031F000000000900000008800082000030000404C
:103200000040030000000000040000000000000077
:10321000000000000010110000A0000000000000ED
:103220000020000000C000000000000000000000BE
:10323000000000C0000000000000000000000000CE
:10324000000000900000000000000282000000006A
:10325000000000000000000000002000000000004E
:10326000000000000000000000000000004102001B
:103270000000000000030000900000100040A021AA
:1032800000090000020000110011C00800090041FF
:103290000041002000050041000000200000001156
:1032A00000000041002100110000000800000000A3
:1032B00000000000000000110008000000000000F5
:1032C00000110000002000000000000000000000CD
:1032D00000000011000000000000000000000000DD
:1032E0000000000000000000000000000000038259
:1032F0000000111009C0094000100088042040C0DF
:10330000000200400084110020000404021021008B
:10331000039005A011902182000002900200054058
:1033200005000900000400C000020088000200003F
:10333000080000000510414000A00000000011003E
:10334000000200004100100000000084020000881C
:10335000000004001000410000000004030002000F
:10336000000000000000000000000000000000005D
:103370000805C003002184108410C0098403840060
:1033800004030003C0110010820500044005A004DE
:103390000409002100200021004000088405820467
:1033A00000210241A005A01100210000C0008800FA
:1033B0000000C0050800A0209008000088098200D5
:1033C0000011001100001000C000200900000200E0
:1033D00088219000040002000000000000040000AA
:1033E000004000200000000000000000000000007D
:1033F000000000900000114000040200109009003D
:1034000000002100001000000000002000881000D3
:103410000090000000400200000020000000410079
:103420000000020400002000200000000200004014
:1034300011040000004000004100110000080004D9
:1034400010C000000000000000002000000000008C
:103450000000000000000090000000A0000000003C
:103460000004000000000000000000000000000058
:1034700000000000101084100005021100008241BD
:10348000A021900000009000840000410000080985
:1034900084000000A00000080020A0000009002116
:1034A00020000000881188000011900520402000B5
:1034B0000240A01100000240001100000021002085
:1034C00000410000000500000000000000110000A5
:1034D00000000000A000000000000000000000004C
:1034E00000000000001100000000000000000000CB
:1034F00000000000000000C00200100400A0000056
:103500000000098202880088038800200002000071
:10351000410009900082034000000000000000000C
:10352000000000000000000000000000000000207B
:103530000088092000000000000000000090050441
:103540000000410000000000208800200000000072
:103550000000000021000800000000000000210021
:10356000000000000000000000000000000000005B
:103570000000000000000000A000A011A000A005B5
:10358000C00084080041C005882100110205100315
:10359000C0104041C0409011C005000010038811C8
:1035A000901088100011041100090041C000004172
:1035B00084090400000300000000100982000000DC
:1035C000080090008408A000C0008203044000208E
:1035D000880290200003C021900010098200A004FE
:1035E000900088200020200008000000000408004F
:1035F00000040000000000000000201020844110A2
:103600004140000000004184008200000000028868
:103610000000000400001000000000000000020094
:1036200000000900118400900084110000100000C7
:10363000000000820000200002000000004009009D
:103640000000000000000000000000900088000062
:10365000000000000000000000000000000000006A
:10366000009000880000000000000004000000003E
:1036700000000000000000000000000090000003B7
:103680008411820882410800A000104188080008C7
:103690008208000804110400A020040000030403B1
:1036A000880404030000000000000009000400007A
:1036B000C0418805C0111000020010410000004008
:1036C000A000C00484400020000488001000000016
:1036D0000000000000000008000504088208000047
:1036E00008008200A00000400800A011081100009E
:1036F00010000000A000000000000000000000001A
:1037000000000000000000000000000000000000B9
:1037100000000000000000000000000000000000A9
:103720000000000000000000000000000000000099
:103730000000000000000000000000000000000089
:103740000000000000000000000000000000000079
:103750000000000000000000000000000000000069
:103760000000000000000000000000000000000059
:103770000000000000000000000000000000000049
:103780000000000000000000000000000000000039
:103790000000000000000000000000000000000029
:1037A0000000000000000000000000000000000019
:1037B0000000000000000000000000000000000009
:1037C00000000000000000000000000000000000F9
:1037D00000000000000000000000000000000000E9
:1037E00000000000000000000000000000000000D9
:1037F00000000000000000000000000000000000C9
:1038000000000000000000000000000000000000B8
:1038100000000000000000000000000000000000A8
:103820000000000000000000000000000000000098
:103830000000000000000000000000000000000088
:103840000000000000000000000000000000000078
:103850000000000000000000000000000000000068
:103860000000000000000000000000000000000058
:103870000000000000000000000000000000000048
:103880000000000000000000000000000000000038
:103890000000000000000000000000000000000028
:1038A0000000000000000000000000000000000018
:1038B0000000000000000000000000000000000008
:1038C00000000000000000000000000000000000F8
:1038D00000000000000000000000000000000000E8
:1038E00000000000000000000000000000000000D8
:1038F00000000000000000000000000000000000C8
:1039000000000000000000000000000000000000B7
:1039100000000000000000000000000000000000A7
:103920000000000000000000000000000000000097
:103930000000000000000000000000000000000087
:103940000000000000000000000000000000000077
:103950000000000000000000000000000000000067
:103960000000000000000000000000000000000057
:103970000000000000000000000000000000000047
:103980000000000000000000000000000000000037
:103990000000000000000000000000000000000027
:1039A0000000000000000000000000000000000017
:1039B0000000000000000000000000000000000007
:1039C00000000000000000000000000000000000F7
:1039D00000000000000000000000000000000000E7
:1039E00000000000000000000000000000000000D7
:1039F00000000000000000000000000000000000C7
:103A000000000000000000000000000000000000B6
:103A100000000000000000000000000000000000A6
:103A20000000000000000000000000000000000096
:103A30000000000000000000000000000000000086
:103A40000000000000000000000000000000000076
:103A50000000000000000000000000000000000066
:103A60000000000000000000000000000000000056
:103A70000000000000000000000000000000000046
:103A80000000000000000000000000000000000036
:103A90000000000000000000000000000000000026
:103AA0000000000000000000000000000000000016
:103AB0000000000000000000000000000000000006
:103AC00000000000000000000000000000000000F6
:103AD00000000000000000000000000000000000E6
:103AE00000000000000000000000000000000000D6
:103AF00000000000000000000000000000000000C6
:103B000000000000000000000000000000000000B5
:103B100000000000000000000000000000000000A5
:103B20000000000000000000000000000000000095
:103B30000000000000000000000000000000000085
:103B40000000000000000000000000000000000075
:103B50000000000000000000000000000000000065
:103B60000000000000000000000000000000000055
:103B70000000000000000000000000000000000045
:103B80000000000000000000000000000000000035
:103B90000000000000000000000000000000000025
:103BA0000000000000000000000000000000000015
:103BB0000000000000000000000000000000000005
:103BC00000000000000000000000000000000000F5
:103BD00000000000000000000000000000000000E5
:103BE00000000000000000000000000000000000D5
:103BF00000000000000000000000000000000000C5
:103C000000000000000000000000000000000000B4
:103C100000000000000000000000000000000000A4
:103C20000000000000000000000000000000000094
:103C30000000000000000000000000000000000084
:103C40000000000000000000000000000000000074
:103C50000000000000000000000000000000000064
:103C60000000000000000000000000000000000054
:103C70000000000000000000000000000000000044
:103C80000000000000000000000000000000000034
:103C90000000000000000000000000000000000024
:103CA0000000000000000000000000000000000014
:103CB0000000000000000000000000000000000004
:103CC00000000000000000000000000000000000F4
:103CD00000000000000000000000000000000000E4
:103CE00000000000000000000000000000000000D4
:103CF00000000000000000000000000000000000C4
:103D000000000000000000000000000000000000B3
:103D100000000000000000000000000000000000A3
:103D20000000000000000000000000000000000093
:103D30000000000000000000000000000000000083
:103D40000000000000000000000000000000000073
:103D50000000000000000000000000000000000063
:103D60000000000000000000000000000000000053
:103D70000000000000000000000000000000000043
:103D80000000000000000000000000000000000033
:103D90000000000000000000000000200000000102
:103DA000000000040000A1004008200004A0001052
:103DB0001100112091201101800011402004000405
:103DC000000008108000040800401140854000A059
:103DD0000400040204000208000000000001A0002A
:103DE0000000800000000000000000000000000053
:103DF00000000000000000000000000000000000C3
:103E00000000080000020020004100000000000047
:103E10000000000000000000000000000080000022
:103E200000400000000000002000010000400020D1
:103E3000000000000080028000202000008001803F
:103E4000008000000100400001000000008002002E
:103E50000000000000800000000000C000000040E2
:103E60000500000020000000000900000200000022
:103E70002000000000000000000000009000000092
:103E8000000000000100008000800004000000002D
:103E900000000000000000000000000000010040E1
:103EA000001003010000A100002040200040040099
:103EB00004000400820000000000024002400004F0
:103EC000030102080000821000C000000000401042
:103ED000001100010000100400A08408000000216F
:103EE0000041000000010500041000000000000176
:103EF000000100011001040000A000000082800009
:103F00004100000080004010040300010482000012
:103F10000000000000000000000000000000002081
:103F200000A104410420A040202190000390C02063
:103F3000910001000500204100000400082010004D
:103F40000080004000000010088000410040001088
:103F5000012100400020000001800000202100001D
:103F6000002000A0000800400020001000080021F0
:103F700002100010001000100100042004000000D6
:103F80000402000000000400018001A000200140A4
:103F90000000000000000000000000000000000021
:103FA00000204121002040A080A00041004000846A
:103FB00080841111C1888091209002841120C0104A
:103FC000A008000140908402400000112010402011
:103FD00003010000040100022105004091A00041FE
:103FE000000000210082000004C104040490049039
:103FF0002010200010202184000000C000858000D7
:1040000020840400000220040020080204040404A8
:104010008420200000000000008800000000000054
:10402000000000840084208000004010C0020000D6
:10403000000004100002404102028400010000045C
:1040400003000500000400114105010300C08904BC
:104050008980000200040004C0800082C08020002B
:104060000040000000A00003100001040100010056
:104070000100011001000080200020000009000460
:104080002000820000000080038000000189018080
:104090000180038000000000000000090000000013
:1040A00000000000020108004000000041104140F3
:1040B0004184C12004041000200003204008C000F7
:1040C00003022100040020000800200041004000FD
:1040D0000800000000000001900020000000040023
:1040E00000000000000000001000C10000010000FE
:1040F00020000800200108010000100000A021009D
:104100000088898421200041850080400000000152
:1041100000210001800000000000000000000000FD
:10412000000000000000012001400000840802009F
:1041300084898811048084858440840084218511C9
:1041400021218480842084088410840885088400C8
:10415000A10084208404040220040220042002021E
:1041600085050000844100000010001104040820AF
:1041700000080109000900400020000500000000BF
:10418000000000000400848588820400048082000E
:10419000001000200020202000200000000000006F
:1041A00000000000000000000021800040918841D4
:1041B0000200000021050040000484022140092083
:1041C0000001214000A00011830800209102410855
:1041D00021094101000880C041C010A0414003C036
:1041E0008088051085050505000000080320832050
:1041F00000410000000080109082200000050400B3
:1042000004019090410010001001110000000920ED
:1042100085A0000011200000000400100000000034
:104220000000000000000000000000024000000448
:1042300040840108100090040000C00002000090BB
:104240002008002000000441400402110080048482
:104250000010000400040000201010080000008876
:1042600000000400900010A000A00000A00000804A
:10427000048000820008C010200004002000000418
:1042800001000004200000008400C004822000001F
:10429000108020000000000000000000000000006E
:1042A00000000000000000000000000000C02184A9
:1042B00080A0218404A004040410848404C041105C
:1042C000040804A004C0049004040484040021042D
:1042D0000408048800A0082020820040088204040A
:1042E00004400411000004040000058400000004E0
:1042F000008802401100000400200020002000007F
:10430000000020000484218404004184038800000C
:104310000802000000008000808980000403002063
:104320000020009000000000000000000000C0001D
:1043300000000204C000002002050800040500057A
:104340000008020000411000820300840004C01035
:104350000010001000000000000000001021C0024A
:10436000000002800004020984800041000800006F
:104370000040840500C0000400001010001010056B
:104380000000000083000100000083009000000591
:104390000000048004000000080004200400A1A024
:1043A0000000C000A0008400000000000000000029
:1043B00088031104C08803908983082005400840C1
:1043C000000085208203000000038010900203009B
:1043D0008083802041030011000310200041000869
:1043E0008803A00485020810C020A0044002200910
:1043F000000000098003C040004100030000A0004D
:104400000010000300008000000000031000000006
:104410000300038309830011080982831004110239
:104420004003000000000000000000000000000049
:104430000000824100A0410211210483404100910B
:10444000109088000801C1000000000140014100F7
:10445000000010052021829000A000010101C00190
:1044600000018201050110011101830104004100D6
:10447000C100000000004000210100000001C00058
:104480001100000100010000A00200000001010075
:10449000C000000083890005C00209C0830504052F
:1044A000008911040000000000000000000000006E
:1044B00000000000A0200210A0208320830041C142
:1044C0008904A110902190011008410900C1010147
:1044D00000829141900540010910850941012101A7
:1044E000410241832000210821008320021185011F
:1044F000891004400000A021C083029011A0000890
:1045000000000008010000100000108801000008F1
:10451000000400C001008800C19103A10500400013
:1045200091039110830000000000000000000000D3
:104530000000000000004011048808898341101029
:10454000A00840880385000403208000A020020307
:104550004110058003201011832021008320821048
:10456000C110080003A0A0118484821183092010C7
:1045700008400500A1900000804000C08009830031
:1045800000804000008003000004110000000308C8
:1045900000800080008003000900084103030341FC
:1045A000040004A0020383020000000000000000D9
:1045B00000000000000000008990218440048283F4
:1045C000C09091C008C088030000038020200083B1
:1045D00005001102202080830009891120A000031A
:1045E000000800822021008389830084098283835C
:1045F000C005110304850003008003801080008043
:104600000820008008C0008080031000080000110E
:1046100000030300100000008003020904041003DB
:104620000303C08480218202908300000000000008
:1046300000000000000000000000829190040401CE
:1046400005830411C0C183848891A0C001200109A1
:104650004004A088008801091005A0209090090559
:104660000491A0010009011102838290000300A1BE
:10467000208910200020008410A100800004012067
:104680000040900200400004000410A1010000025C
:10469000000008010000000000001001A00000015F
:1046A0000401090183048888A005888900000000AE
:1046B0000000000000000000000000000341204056
:1046C00083C1080309101190900810089140200040
:1046D00082000808892084A02000880805A188029B
:1046E000A10008880340090485004020418201415F
:1046F000A105202088009041A000A0A00080892171
:1047000004108200C0A0010000820100000001002E
:10471000008201000000010000C0000000000188CC
:10472000010500A10008858305C0A109C020000083
:10473000000000000000000000000000000083C036
:1047400008050410118883834011C088849020409C
:1047500003000000008003800300020002008308C1
:1047600003000200100083208400C000028003A028
:10477000040802088891800500A000000000008065
:1047800008100580024003000300008008000000BC
:104790000300008010000000030000030000000080
:1047A00003000383110820828390841082C0048553
:1047B00000000000000000000000000000000000F9
:1047C0000000000BD00012480A00000BD0000000CF
:1047D0000048000B040042000000000BD0004241E2
:1047E0000000000BD00000000600000BD0000048C5
:1047F0000000000BD00012000000000BD0004100B0
:1048000000000000000BD00006000000000BD000EC
:1048100082000000000BD00011000000000BD0004F
:1048200000000000000BD00012420A00000BD00074
:104830001200000000000000000000000000000066
:104840000000000000000000000000000000000068
:10485000000000FFFF0000FFFF00C33C0F0F00FF40
:104860000F0FF00F3C3CF00F3C3CC33C0F0F3333B9
:10487000FF000000000000000000000000003C3CC1
:10488000FF000000F0F03C3CFFFF00000F0F0000B5
:104890000F0F00000F0F0000FF000000FFFF0000DF
:1048A000FFFF00000000000000000000000000000A
:1048B00000000000000000000000000000000000F8
:1048C00000000000000000000000000000000000E8
:1048D0000000000000FFFF0000FFFF00C33C0F0FBF
:1048E000FF000F0FF00F3C3CF00F3C3CC33C0F0FA0
:1048F0003333FF0000000000000000000000000053
:1049000066660F0F000000FF6666FFFF00000F0FD6
:1049100000000F0F00000F0F0000FF00000000005C
:104920000000000000000000000000000000000087
:104930000000000000000000000000000000000077
:10494000000000000000C208040000108861C208D6
:10495000040000108861000000000000000000005A
:104960000000000000000000000000000000000047
:10497000000000000000C208040000108861000070
:104980000000000000000000000000000000000027
:104990000000000000000000000000000000000017
:1049A0000000000000000000C20804000010886140
:1049B000C208040000108861000000000000000030
:1049C00000000000000000000000000000000000E7
:1049D0000000000000000000F00FF00FF0F00F0FDB
:1049E000F0F0FF003C3CF00F3C3CF00F3C3CF00F83
:1049F00000FFCCCC3C3CF00F0000000000000000A9
:104A0000003CFCFC107691F7000060FC6FFC00009D
:104A1000FFFF00003C3C0000F0F00000FFFF000042
:104A2000F0F0FFFF0000FFFF999900000000000078
:104A30000000000000000000000000000000000076
:104A40000000000000000000000000000000000066
:104A500000000000000000000000F00FF00FF0F078
:104A60000F0FF0F000FF3C3CF00F3C3CF00F3C3CE3
:104A7000F00F00FFCCCC3C3CF00F00000000000029
:104A80000000003CC0C0107691F70000600C6F0C75
:104A90000000000000003C3C0000F0F000000000BE
:104AA0000000F0F0FFFFFFFFFFFF999900000000FA
:104AB00000000000000000000000000000000000F6
:104AC000000000000000000000000000058604F067
:104AD00000B200100586047003920010C68601F62D
:104AE00008B40840128621F040B40848128621F02C
:104AF00040B40848128621F043140048058604F0AB
:104B000000920010A08650F0A0B900850000008639
:104B10000CF030B04803C0C7C0F030B04903C0410A
:104B2000C0F030304903C0C7C0F030B04103008648
:104B300000D000A20010050604300382001000001F
:104B40000000000000000000000000000000F05025
:104B5000F01004042020A0E1E1E1037F00FF0C0C31
:104B6000050A0C5C0C5CF5A07D7D90801000BEBE3B
:104B7000828200C20000FF000000000F00F0E8E8A1
:104B8000E8E80040F0B040004030033F417D0000C5
:104B9000050007000A7D5F7D000000003D3DBFBFAE
:104BA0000000AAAA0F0F0000000000000000000093
:104BB0000000000000000000FFFF0C000055F3F3B0
:104BC00000000000000000000000000000000000E5
:104BD0005050101004042020E1E1E1E10F5F00FFDC
:104BE0000F0F0F0F0050FFFFF5A028289181110132
:104BF000F330F330FFFFFFFFFF101010000F00F045
:104C0000FFFF000000010F0E40034033003C003C5A
:104C10000000050006000A285F2800000000EBFFE6
:104C2000EBFF0000AAAA0F0F000000000000000028
:104C300000000000000000000000FFFF0C00005515
:104C4000FFFF000000000000000000000000000066
:104C50000000BE82F3F300200080F5F7A000C3EF50
:104C6000C3CF0000000003033F3F00000000555584
:104C70000000FAFA0A0A000F000F0000000000000E
:104C8000A20000000000FFF080F0000000002828D3
:104C90007D7D000000000000F5EFFFEF0000000048
:104CA000000000000000F0F000FF00000000000025
:104CB0000000000000F00000000A00280A8AAAAAEA
:104CC000008F8F8F00000000000000000000000037
:104CD00000000000BE8230300000000075F70000C8
:104CE000002C000C00000000417D417D0000000010
:104CF000555500003F303F30000F414F000000008D
:104D0000FFFFFFFF00000000FFFF80F00000000039
:104D100005AF05AF000000000000F5EAFFEA000063
:104D20000000000000000000F0F000FF00000000A4
:104D300000000000000000300030000A0028AAAA8D
:104D4000AAAA008282820000000000000000000089
:104D500000000000000000200541004040A0C020ED
:104D600080404040002000000000000000004000A3
:104D700040000282000800000020000002020088BB
:104D800002901100020080008000000080A000005E
:104D900004010000021000000000000000010010EB
:104DA0000000000400000404000080000000000077
:104DB000000000000000A000008200008000004011
:104DC00000000000000000000000000000000000E3
:104DD00000000000000000000000000800000100CA
:104DE000058040000100008000000000004100003C
:104DF000010001000100000000030080000000002D
:104E000000000000000000004000400000004000E2
:104E1000000000400000008000C00000000000040E
:104E2000000000000080000004800000200000005E
:104E300000000000900000000509000000022000B2
:104E400000800000000000050000000000000000DD
:104E5000000000000000000000000040101000A052
:104E600000000000001008882100008820000200D7
:104E7000000102000000040000008000A00080216A
:104E8000000011200400008800200901000000003B
:104E90000088808800000000000000000000000181
:104EA0000000000100008000000802102000000047
:104EB000800004000008000005090000040204004E
:104EC00004000400800240000810400500000000BB
:104ED00000000000000000000000000002418920E6
:104EE00000200208020000210010041100009020A0
:104EF000820002024020021082410021044104404D
:104F00000420900000800120002000800010000597
:104F1000002000204041002100000041000000006E
:104F200000200000002000000841008083200100D4
:104F30000000020001000080000000C0000001022B
:104F400001000100010204890000C180008200000C
:104F500000000000000500000000000000000090BC
:104F6000088800200004000400900001400404C0F0
:104F70000000090220100040008400401101802040
:104F800020400090402000C00010400040880000F9
:104F900005004000008200820841002002820000DB
:104FA000001000200082200300000010000200001A
:104FB00000A0004002A02182004010A010A100200B
:104FC0000000004082008003008208008804020084
:104FD000000005900000000000000000000000003C
:104FE00000000040C04000054041000202200102D4
:104FF00001212005001021108221822190038802C6
:1050000040A1081084030188000082050103850384
:1050100084000200A102000210000190C080014043
:1050200000000000000000000188A0000080108047
:105030000009080000C101009000008004208308DE
:10504000A0820200A080110002849000000020A035
:105050000009000000000000000000000000000047
:1050600000002101400003C110041088008900C025
:10507000A00208208040041004100904C008200287
:105080004082004010A005020088000405010900CC
:10509000008200010091C104850900010003A00203
:1050A00020010000008400A0218200848000100004
:1050B000008900840010000020A08000030041004F
:1050C0000884040300000090000080C0000200403B
:1050D000004000010000000000000000000000008F
:1050E0000000000010040100000483800000002084
:1050F000C005048040C0044103108510A090081032
:1051000000000400820000000080844100000002D2
:10511000000008109020002004802010402000A0F3
:105120000590012000000000000000000000400089
:10513000000200400009008000000102040000415C
:1051400000000000012000000000000010000080AE
:10515000000000000004000000000000000000004B
:10516000000000000000038400020208404080901C
:10517000900200024002020008C02000108441405A
:105180009084040484100000080441040004030116
:105190000900002141850284401002900988208284
:1051A000890010400000000000C004200200210817
:1051B00008202020002021080000210000A0050078
:1051C0008002414004C004000010038200000082FD
:1051D00000880000000400410020000000200000C2
:1051E000000000000000000000050440001089825B
:1051F0004040100504118991040500000821C004F5
:105200000041021101410341C02010910083A09090
:105210001002C00000840004042090800840402157
:1052200041000809209100000000000090000105E5
:10523000C0200090908000A190410000004000003C
:105240000010080300820000100090800000082079
:105250000209C0000000C0801084000000000000AF
:10526000000000000000000010002010A00004C09A
:1052700000080904410500054004000000040384FF
:1052800000A00484A1822002108200049040408883
:10529000410320882008050020000483002103101A
:1052A0000020402020400200914000000240000009
:1052B00021400000092000840440080200A000846E
:1052C00040C120840984800190080021098200A047
:1052D0000582804000024190809080040000009090
:1052E000009000000000000000000000000020000E
:1052F000A1004085008900A008A0098000101010BE
:10530000101000100100040020898211008040006C
:1053100084001020110083001000080300040084A2
:1053200000858280408001000000408300000180F1
:10533000000000801000000900000000084100008B
:1053400000000040010000001008038084A000005D
:1053500000000000108000800000040004C0000075
:105360008800000000000000000000000000820330
:10537000800541204105090300080005094003118B
:105380002103004141100000904100000010000383
:105390000421C00340C18003204140000089000374
:1053A00000100010008000000840200011000000E4
:1053B000411002A011202020030508112002034102
:1053C00000000000090000004000020021800300EE
:1053D00000089005080900219191850411A109890F
:1053E00000000000000000000000000000000000BD
:1053F0004101080088010000008910109001008917
:105400000104A0004089000500004000A000000148
:1054100010A101A0110000118841018400000010BA
:1054200000010001C000009000002101A000000068
:10543000000020C1A11020890140880104009100D2
:105440000001C0008400A0000000C10484840108A1
:10545000018800000800A100000091831002A00252
:105460000105000000000000000000000000000036
:10547000000088A0C101C104840100004083020132
:105480000100080183900988010108102000C11063
:1054900002200001A110090009008800080089C04D
:1054A000891000C091010088010004C10201C0C040
:1054B00020040000C0019000418588C0C1A0008484
:1054C00021909000A00010000200829091000284C0
:1054D000010083C1C083201090108200000400C12D
:1054E0000189000100000000000000000000000031
:1054F000000000000200041005808410030220A0B8
:1055000020201041A002410385200809802000418D
:1055100021000341004008A1A1008341200009416E
:10552000208903C10000C1104000034180088003AE
:105530008000808900002120414102854103100044
:10554000080005C002000000800800008011111052
:10555000400020008988008200880002804102000B
:105560000390410203090000000000000000000059
:1055700000000000000000A1000910A1808240048A
:10558000000908091140202000098082080280805B
:105590000384410080838084000041C100038000B7
:1055A000001041C1800380081100414180030000C8
:1055B00011004000008000000503000484A1039056
:1055C00010C00440038383890080000004000000B1
:1055D0000083004180088083101040A002208908C9
:1055E00020038221048911830000000000000000D4
:1055F00000000000000000009040000401A04020D6
:10560000A1409004000000050001008808080088FF
:10561000404001210000A082400800A0C008000115
:105620004090900808A08889409000000000A001E8
:1056300090A00008001010820000004090910985A1
:1056400009112108010900041083049000C000C062
:1056500000A000900005A083888901890110010441
:1056600010C1010805099009880900000000000028
:1056700000000000000000000000008800840020FE
:1056800000A0110404C088010002080008000800FE
:10569000011010200000901020200901A01000002F
:1056A0001000214089029000900001020220009128
:1056B000000082020288210108400000852090023B
:1056C0001101104000C101200000004004001082C0
:1056D000100088089002848989009111A1A02020DF
:1056E0001000030400840185000000000000000099
:1056F0000000000000000000000000000002004167
:105700000041000041904021030220000000830876
:1057100083411080C1830000000011008340038496
:105720000500800003848400000000000300800066
:1057300005A0110080418000C00880800000C08466
:105740002003A010830003021091034041000005D4
:1057500080800000008020801110081109899004C9
:105760004080C10010854180090308020500000047
:105770000000000000000000000000000000000029
:10578000000BD00000000000000BD0000A00005009
:10579000000BD00011000048000B04004100000085
:1057A000000BD00000004100000BD0000000810081
:1057B000000BD00000008100000BD0004200000070
:1057C0000000000BD00000880000000BD00000009B
:1057D0000000000BD00042000A50000BD0000081F6
:1057E0000000000BD00041000000000BD0001100B1
:1057F00000000000000000000000000000000000A9
:10580000000000000000000055554140000000006D
:10581000C3B2C3B20F0C0C0C3C3CC3C30F0FF0F06F
:10582000FFFF0FF03C3CFF00555500FF0F0F00FF3E
:105830003C3C0F0F3C3C00FF0F0F0000FFFF00003F
:105840000000500050C3757DF7FF0055FCFC282D6B
:105850007D2D0000000000000000000F303F3DFFE4
:1058600001003F3F417D0000000C05AF05AF222243
:1058700011220000000000000000000000000000F5
:10588000000000000000400000005555000010001E
:10589000000000B200B2555555553C3CC3C30F0F34
:1058A000F0F000000FF03C3C00FF555500FF0F0FDB
:1058B00000FF3C3C0F0F3C3C00FF0F0F00000000BE
:1058C00000000000500050C3555D575F00550C0CA0
:1058D000000555050000000000000000000F000F4B
:1058E00001C301000303417D0000000C28287D7DD9
:1058F0001111003300000000000000000000000053
:10590000000000000300300000000000FFFF0080E6
:10591000FAFAFC0CF3EB30EBF1B0F330C33CC33CD0
:1059200000FFFF000FF03C3C0FF0AAAAFF003C3C38
:10593000C33CF0F0FF00F0F00F0FFF000000FF008D
:105940000000FFFF000000080000FFF3FAFAFAF27F
:105950005070FFD02F000000000000000000000089
:105960000000AD7D0828AAAAF0F000000000BE8269
:10597000F3F335055C50000000000000000000005B
:1059800000000000000003003000000004000F0FC2
:1059900000000A0AFC0CF32830284040C0C0C33C79
:1059A000C33C00FFFF000FF03C3C0FF0AAAAFF0031
:1059B0003C3CC33CF0F0FF00F0F0F0F0FF000000D2
:1059C000FF0000000000000000000000FCF0F8F8FC
:1059D000F2F27070FFFF0000000000000000000005
:1059E00000000000AFFF00003C3CFF000000000092
:1059F000BE8230300505505000000000000000005D
:105A00000000000000000000A0865AF0A0A0008561
:105A1000A1865A90A088008500860C8C008000002A
:105A2000C68601F608B408401286219040840848D2
:105A30001286211041840848120021F041340048A8
:105A4000A88654F0A1B20015000000860CB0A0900A
:105A50000005018600F000B80000A08650F0A0907C
:105A600000050086006C0399000000860CF0A0B0D1
:105A7000000500860CF000B20000000000000000ED
:105A80000000000000000000000000000000FFFF18
:105A9000FFFFAAAAFA0A0F0F0F0FF0FAF050F0FF5B
:105AA000FFFFBEBE828233330C0CAABEAA823C5CCE
:105AB0003C5CFF30FF00007F04FF0000FF003C3C27
:105AC000000000008200454582C30000FFFF1CFF6C
:105AD000F0FFFBFF0000000010003C3CF3303030D2
:105AE000C3CFC7C710000000A0C000C0F028F0005E
:105AF00000000000000000000000000000000000A6
:105B00000000000000000000000000000000000095
:105B10007FFFFFFFAAAAFA0A03033F3FF0FAF05003
:105B200000000F00F0F0F0F03C3C0000AABEAA829A
:105B30003C5C3C5CFF00FC00007F04FF0000FF00B9
:105B40003C3C00000C0C0202414182C30000E30017
:105B50000000000F000400000000140000003030BE
:105B60003030000F050500000000A0C0A0C0F028E4
:105B7000F000002000000000000080000000000095
:105B80000000000000000000000000000000000015
:105B9000000008080808AABEAA8200FF00FF3C3CDB
:105BA0003C3C353C353C00000000545EF4FEFFFFF9
:105BB000FFC300F0FFFFFF28FF003C3C3C3F00001C
:105BC0003C3C0F0F0000000000003C7DBEFF0000C9
:105BD000BE3CB230141E555F000000000000FFFF05
:105BE0000000000000FFFFFFFC3CC000FBFBFCFCD2
:105BF000000000000C0C0F0F00003000000000003F
:105C00000000000000000000000000000000000094
:105C10000000000008080A08AABEAA8205F505F5DA
:105C2000FCFC0C0C353C353C00000000040EA4AE1E
:105C3000003C00000000FF0FFF00BE000C3C3C3C9D
:105C400000003C3C0F0F000000000000BFBFBFBFC2
:105C500000008200B230000A414B00000000001436
:105C600000140000000000AE0CAE3C3C0000FBFB4A
:105C7000FCFC0000000004000500AFAFF0F00000E5
:105C80000000000000000000000000000000000014
:105C90000000208800100010038805000200024068
:105CA00041C0040002A0202011002000000021209B
:105CB0000000042008880020200000000000408828
:105CC0000420000009080300028400000000000016
:105CD00000000000000002000200000000000000C0
:105CE00000000000008800000000000000880000A4
:105CF000000000000000000000000000000000881C
:105D00000000000000000000000000000000000093
:105D10000000000000000009000000000440000531
:105D20000005880090000000880090000000A0009E
:105D30000202000008000000000000200000000037
:105D400000000200000000000000820000000000CF
:105D500088000000000010000000000000000000AB
:105D600000000000000000008200000000000000B1
:105D70000000000000000000000000030000000020
:105D80000009000900000000000000000000000001
:105D9000004000000000000800000000004000007B
:105DA0000082000000400090008808000088110078
:105DB0000000008811880040082011000988038431
:105DC00011000000000000040002004000000088F4
:105DD0000088034003C00000038804000000009016
:105DE000008800000000000000000000000000002B
:105DF0001000000000000000000000000000000093
:105E00000000000000000200000000000000000090
:105E10000000000000000000901000210040201051
:105E2000022000408209A0101000904002090010DA
:105E3000022082210021020500400008000800091C
:105E4000041000100400041002100441004100215D
:105E500000200000000000000000900084200000EE
:105E60000009004000090009002000200000000097
:105E700000110000000000000040200000000000B1
:105E80000000000000000000000000000000000012
:105E9000000000000000000000000390114000001E
:105EA0000910211000C003020904409000040004FE
:105EB00000040300000000200982118400A011905A
:105EC00000840900000200C0100000C000001000A3
:105ED00009C0020200001100410000001100002072
:105EE0000040000400000000002040001182000477
:105EF00003020088000000000500000000002000F0
:105F00002190080003001100090021002100000079
:105F10000000000000000000000000001002C009A6
:105F2000C002C010902100109011C000A010080203
:105F3000A021880804092008040404410004C000CA
:105F4000000400000005004184000000000300037D
:105F50000021004100400800100508000000100268
:105F600084030000080940200200400040080203AA
:105F70008220000010000041900840000000042032
:105F80001004901100030021000000000000000434
:105F9000000400110000000000000000000021903B
:105FA0000540090020A00504008200A00804039019
:105FB000119010040004218803900090404011408B
:105FC000000209A00000209000900004059010003D
:105FD0000000008410100040000800840000000051
:105FE000008400000000000000880008000010008D
:105FF00000000000000010000088009000900820C1
:1060000000020002002000820000000000000000EA
:106010000000000000000000000000000000000080
:106020008405001182051005822110099005900554
:10603000040910000000C00540410841A041A0042F
:10604000821184110002084082218441102102043F
:10605000C0081005100308211021000800110210CB
:106060000000000000000000080500000009A00377
:106070000000000000000000000088008220900066
:106080000200000000008800C0000000002088001E
:1060900008000004000000000004000000000000F0
:1060A000000000A0100010001100009004002182E8
:1060B000009000A040900500000000000200400099
:1060C00000020084200200C00084000010080000CC
:1060D000000800C00002218200000500000000024C
:1060E000000200000084000000000000000000002A
:1060F00010820500000000002100000000000000E8
:10610000020000900000200000000040000000009D
:10611000002000000000000000000000000000005F
:10612000000000000800204000000041C003C02122
:106130001003100302400808840584000021882110
:106140002008104084042011C021101090039003F7
:106150009000000384090000002102030040900821
:1061600088210220000084050400000582410421EA
:106170000000880310000000102090058411000921
:1061800004000020C00802098221100408202020F9
:1061900020002004080400000000000408000000A3
:1061A00000000000000002100082008200000020B9
:1061B00000002090200800842182414004840910BE
:1061C00020000004020000C00382210021004100E1
:1061D00000100008000040040000009002001100C0
:1061E00020C000400090000000400000004010006F
:1061F000000000000000200000400000100000002F
:10620000000000000000000000000000000000008E
:10621000000000900000000000900000000000005E
:1062200000000000000000009041824102218241F4
:10623000022182110441C021824182100009904054
:106240000440840284208409C004020440028405BE
:106250000809A0108810C04182419021C0099041D6
:106260000000820010008400000000051000880378
:10627000C003000000008800000000410000000092
:1062800090200000A0000400A0000404000088008A
:10629000A041000920042000C040000000000000D0
:1062A00020000000000000000000000000000000CE
:1062B00000000000000000000000000000000000DE
:1062C00000000000000000000000000000000000CE
:1062D00000000000000000000000000000000000BE
:1062E00000000000000000000000000000000000AE
:1062F000000000000000000000000000000000009E
:10630000000000000000000000000000000000008D
:10631000000000000000000000000000000000007D
:10632000000000000000000000000000000000006D
:10633000000000000000000000000000000000005D
:10634000000000000000000000000000000000004D
:10635000000000000000000000000000000000003D
:10636000000000000000000000000000000000002D
:10637000000000000000000000000000000000001D
:10638000000000000000000000000000000000000D
:1063900000000000000000000000000000000000FD
:1063A00000000000000000000000000000000000ED
:1063B00000000000000000000000000000000000DD
:1063C00000000000000000000000000000000000CD
:1063D00000000000000000000000000000000000BD
:1063E00000000000000000000000000000000000AD
:1063F000000000000000000000000000000000009D
:10640000000000000000000000000000000000008C
:10641000000000000000000000000000000000007C
:10642000000000000000000000000000000000006C
:10643000000000000000000000000000000000005C
:10644000000000000000000000000000000000004C
:10645000000000000000000000000000000000003C
:10646000000000000000000000000000000000002C
:10647000000000000000000000000000000000001C
:10648000000000000000000000000000000000000C
:1064900000000000000000000000000000000000FC
:1064A00000000000000000000000000000000000EC
:1064B00000000000000000000000000000000000DC
:1064C00000000000000000000000000000000000CC
:1064D00000000000000000000000000000000000BC
:1064E00000000000000000000000000000000000AC
:1064F000000000000000000000000000000000009C
:10650000000000000000000000000000000000008B
:10651000000000000000000000000000000000007B
:10652000000000000000000000000000000000006B
:10653000000000000000000000000000000000005B
:10654000000000000000000000000000000000004B
:10655000000000000000000000000000000000003B
:10656000000000000000000000000000000000002B
:10657000000000000000000000000000000000001B
:10658000000000000000000000000000000000000B
:1065900000000000000000000000000000000000FB
:1065A00000000000000000000000000000000000EB
:1065B00000000000000000000000000000000000DB
:1065C00000000000000000000000000000000000CB
:1065D00000000000000000000000000000000000BB
:1065E00000000000000000000000000000000000AB
:1065F000000000000000000000000000000000009B
:10660000000000000000000000000000000000008A
:10661000000000000000000000000000000000007A
:10662000000000000000000000000000000000006A
:10663000000000000000000000000000000000005A
:10664000000000000000000000000000000000004A
:10665000000000000000000000000000000000003A
:10666000000000000000000000000000000000002A
:10667000000000000000000000000000000000001A
:10668000000000000000000000000000000000000A
:1066900000000000000000000000000000000000FA
:1066A00000000000000000000000000000000000EA
:1066B00000000000000000000000000000000000DA
:1066C00000000000000000000000000000000000CA
:1066D00000000000000000000000000000000000BA
:1066E00000000000000000000000000000000000AA
:1066F000000000000000000000000000000000009A
:106700000000000000000000000000000000000089
:106710000000000000000000000000000000000079
:106720000000000000000000000000000000000069
:106730000000000000000000000000000000000059
:106740000000000000000000000000000000000049
:106750000000000000000000000000000000000039
:106760000000000000000000000000000000000029
:106770000000000000000000000000000000000019
:106780000000000000000000000000000000000009
:1067900000000000000000000000000000000000F9
:1067A00000000000000000000000000000000000E9
:1067B00000000000000000000000000000000000D9
:1067C00000000000000000000000000000000000C9
:1067D00000000000000000000000000000000000B9
:1067E00000000000000000000000000000000000A9
:1067F0000000000000000000000000000000000099
:106800000000000000000000000000000000000088
:106810000000000000000000000000000000000078
:106820000000000000000000000000000000000068
:106830000000000000000000000000000000000058
:106840000000000000000000000000000000000048
:106850000000000000000000000000000000000038
:106860000000000000000000000000000000000028
:106870000000000000000000000000000000000018
:106880000000000000000000000000000000000008
:1068900000000000000000000000000000000000F8
:1068A00000000000000000000000000000000000E8
:1068B00000000000000000000000000000000000D8
:1068C00000008402884020008420840008010440E5
:1068D0000820038883880440201020000003110250
:1068E00040030000002000100000202000000000F5
:1068F0008001000000010004000109000040214067
:106900000000000080A00001001000112000000025
:106910008000040100010000200000012000800030
:1069200080000004000000000000000000020004DD
:106930000000000200000000000000000000000055
:1069400000000000400040008840200009000904C9
:10695000000001800041040000040302830404C01D
:10696000000320C0000000009000000000000000B4
:1069700000002040000000200000002090000000E7
:106980000000A00000C02000002000000020010046
:106990000000200001040004000083000004010046
:1069A00020002000008000000000000300000080A4
:1069B00000850000008000000004000000040000CA
:1069C00000000000000002402000008900908004C8
:1069D0008000030041008220C0408000800010023F
:1069E0000000008800C0000080A0000000000084BB
:1069F00021A0008800000000058203000040200460
:106A0000800080208004000000880000201020A06A
:106A100000200040000884000088090041000000B8
:106A200000010001000120040084000008888000AB
:106A300000820400000180010000000000840000CA
:106A400000000000000000000020041000202004CE
:106A50004010042090200040024102410200022127
:106A6000900000009020040802410241022102002F
:106A700000210040020000008220200004219041FB
:106A80000190200020102091000000000000014033
:106A90000100004000000040050000000040000030
:106AA0008400002000200020C180A000C000A1417F
:106AB0000441000001000004040400000000000084
:106AC0000000000000000000000000000302028837
:106AD000080000002100200020204041C002008862
:106AE000808404840401840084844084040100C1FF
:106AF000008500880802A102058802A010C0028457
:106B000000841105032000C11000000008C10083AB
:106B1000021000841084802080840084000800001B
:106B200000008210110200000202800204012040D5
:106B30002040044100004000000005000000080063
:106B4000000008000000000000000000902000008D
:106B5000100500022000401089000100A120400023
:106B600040200411012001042100212141001102D3
:106B70000020000200000100200090000100000041
:106B800021004000402000100004000000000040F0
:106B90000004210000100009200004210010000062
:106BA0000200000020800000000008002000000219
:106BB00001000100C0040400010000000009000001
:106BC000000000000000000000000000000089003C
:106BD000118511010200200004012020A1004010B5
:106BE0002004210421024190098400C005C0000056
:106BF00000C000901008410800C0054000210004BA
:106C0000030104C0409080400440100002C0000016
:106C100009000000009000C005000490000021C0A1
:106C20008488110003210810100803900808200828
:106C30000201001000110010802080008020002040
:106C40000000000000000000000000000004000040
:106C50000410882000202020C041082088800400E3
:106C6000100008C008858480840082058200C0046A
:106C700084000804A00410040810882110A11084C6
:106C8000104000020005014002110191104000086F
:106C900000000000A000A0100000A00409000008EF
:106CA00004002000080504A00180001182041000E7
:106CB0004020822002C1C0A00091049104200480E1
:106CC00010C00000000000000000000000000000F4
:106CD000000010020510001041000801A191000001
:106CE00000840484208808854002101040020508B2
:106CF000101141018304009188A11090100204C07A
:106D00000988800420402004210400C0042004A03D
:106D10000800000000000540008821102000090044
:106D2000089004C0210482002184211040214100E8
:106D300000008440844089040900042100900088F8
:106D400000000000008800000000000000000000BB
:106D5000000000008800C00402000005012040106F
:106D60000000C0210000000400200004020000A078
:106D70000000010800202000000404408800A0005A
:106D80000100A00002000000000000851000850046
:106D9000010800000000000000000000C00000002A
:106DA0000000001089000040210000008880902031
:106DB000000000000500400040800000008210003C
:106DC00000000011000000000000000000110000A1
:106DD00000000000000041088000048585010400D7
:106DE00041A00320408210000088041010842084F9
:106DF000408404100384028202901088030404C0BB
:106E000004880302092000A120900004418404C0EA
:106E100084A00021040100000990032009820500DC
:106E20000008000008210000212000000090084018
:106E3000000804A004900000C1018988A0904100CE
:106E4000002000200020C020000000000090004032
:106E500000000000000000008208040088040240D6
:106E60001011000402A01104204010000108C00409
:106E70008204A14010050000102100000200A08043
:106E8000890909042010C04082020910008482048C
:106E900001002000C02001200000A0408800080060
:106EA00000108441004108200421C02100418400D9
:106EB0008280C041010405418208082004000400CA
:106EC000022000890880C0800483000000000000C8
:106ED00084000004000000000000038311038941C6
:106EE0000590A003090510200340C00302A100097A
:106EF00003900003090820080020C003022021405D
:106F000008200303A0080503030390834104A08223
:106F100008211040004100000080000080838309A8
:106F2000A0000080000382092000040480030009FF
:106F30000400000000030009000002828303020431
:106F4000004108C08803A0A01041094000000000D3
:106F50000000000000000000000000008389080518
:106F6000820440858201040008019100108988088C
:106F700020884105000188009000000082019001F6
:106F800090014000050103002000910083050841A5
:106F90000411402001030000C084004000000803E9
:106FA000020320900002000104019100000008018A
:106FB000880100000000A003080582880008400145
:106FC00000011000024102A1C1C1A188A00300007C
:106FD0000000000000000000000000000000410070
:106FE00041218990858502400402210083A003028B
:106FF000902190A00940400308090202202002C00D
:107000000502A1102102210810838311C10082080A
:1070100011024120110201010000004000A0000007
:1070200090A02184900021C19000A100020009C11C
:107030000801088440008584020004080900110842
:107040000091401101900101A001040220000302FF
:107050000000000000000000000000000000000030
:107060000811084183218388A1910591A00383031E
:10707000A000110309200384801000108008809173
:10708000C000A0C140A08341908089C10483834097
:1070900009A0848902038385100341000010004188
:1070A00000000921C100000083890009410000009F
:1070B00083898940800080008380000200809000E6
:1070C0008302084085200203030804408300C110A6
:1070D00003C10000000000000000000000000000EC
:1070E0000000A00380A0A0030403C0210984098834
:1070F000898390A020A18209218391000400088047
:10710000A180840810C02082088303102009110880
:107110000383C009204120A1840310400041C10223
:107120004000008009890080008900030000008081
:107130000009008309890000000900030000000025
:10714000000900038321100503410803830480A084
:1071500011410303000000000000000000000000D7
:10716000000000001004A00810A1C10982A001C104
:107170000021048311210110404088898208010206
:1071800000844004822100030085100321A1000235
:1071900000C08983822021918385838989018200AF
:1071A00004010800008000202020028504C1009016
:1071B00000C00011A04100C0009000410441000245
:1071C0000004000100A1410101000102900103A09F
:1071D00002C182040503000000000000000000005E
:1071E00000000000000005A08991829009058382BB
:1071F000039121C1C0400940900303C0020020A0B8
:1072000004202000100411820320890489910108C0
:1072100001830001000885A191C1914088030140CC
:1072200004084000C0000080850120C020001040FC
:10723000918809C002104040830040C0080100C08E
:10724000058801C0040000000102000500A0000044
:10725000A121210502404140000000000000000083
:1072600000000000000000000304830341059002B9
:107270008390040888100885830309848821882066
:107280000321A1000300A18083A140C002C02040CF
:1072900003000403030303008304410821C008A082
:1072A0001000C109C0080000008089038080000030
:1072B00080800385840004848080830400808010A3
:1072C000110003800400020200080380200441082A
:1072D00002110340A082418990820000000000005A
:1072E000000000000000000000000600000BD000BD
:1072F00012840000000BD00012480000000BD000E8
:1073000082500000000BD00041000000000BD000B4
:1073100012000000000BD00012420000000BD00051
:1073200012420000000BD000110000000000000B12
:10733000D00006000000000BD00000000600000B8B
:10734000D00000000000000BD00000000000000B87
:10735000D00082600000000BD00006410000000059
:10736000000000000000000000000000000000001D
:10737000000000000000000000000000000000000D
:1073800000000000890889080000000000000000DB
:1073900000000000000000000000000000000000ED
:1073A00000000000660F66667C1C7C1C0000FFFF6E
:1073B00000003C0000000F000000FF0000003C3C0B
:1073C00000003C000000FFF00000FF000000000093
:1073D00000000000000000000000000000000000AD
:1073E000000000000000000000000000000000009D
:1073F000000000000000000000000000000000008D
:107400000000000000009999818100000000000048
:10741000000000000000000000000000000000006C
:10742000000000000000660F66667C1C7C1C0000EB
:10743000000000003C0000000F0000000000000001
:10744000000000003C0000000F00000000000000F1
:10745000000000000000000000000000000000002C
:10746000000000000000000000000000000000001C
:10747000C208040000108861C2080400001088617E
:10748000C208040000108861000000000000000035
:10749000C2080400001088614008040000100820A1
:1074A000C208040000108861000000000000000015
:1074B00000000000000000000000000000000000CC
:1074C00000000000000000000000000000000000BC
:1074D0000000C20804000010886182080400001047
:1074E00088400000000000000000000000000000D4
:1074F000000000000000000000000000000000008C
:1075000000000000000000000000FFFF0008000075
:10751000000000000000000000000000000000006B
:1075200000000000000000000000660066FFF7F7A2
:10753000F7F70000000000FF000030300000003CC2
:107540000000F0F0000000FF00003C3C0000003CA8
:10755000000000FF0000000000000000000000002C
:10756000000000000000000000000000000000001B
:10757000000000000000000000000000000000000B
:1075800000000000000000000000000000000008F3
:1075900000000000000000000000000000000000EB
:1075A0000000000000000000000000000000FFFFDD
:1075B000040404040000000000000000303000005B
:1075C000003C00000000000000000000000000007F
:1075D000003C00000000000000000000000000006F
:1075E000000000000000000000000000000000009B
:1075F0000000000000000086009003E20010050279
:1076000004B000020010058604F000B20010A0864D
:107610002CF0A0B00085058604F000B200100086B2
:1076200000F000B00000058604B000920010008653
:10763000009000B000000000C0C6C0B03090490308
:10764000C0C7C0B030804903C0C7C07033A0490371
:10765000C0C7C09030804303050004F00032001022
:107660000586049000820010000000000000000069
:107670000000000000000000FF00FD80000000008E
:10768000BF80FFFF0F0F3C3CF03CFF00003F0F3F6F
:107690007F752F20085D085D3F3FF000003C417D75
:1076A0000000000000FF0F0FF8F0D0F05555515DBD
:1076B00000700070000000000000BC3C1C3C000496
:1076C000FBFF3838FF3800C30FCFAA55A050201059
:1076D0000804F0F0FAFA3030FFFF0000AAAA00FF19
:1076E0000000F0C0FAEA0303575700000000000052
:1076F00000000000000000000000FF00FF0080000C
:107700000000BF8000000F0F3C55F03C000000302F
:107710000F30000000000055287D3030F000003CA4
:10772000033F000000003C3C5555FFF000F0505F67
:10773000505F00200020000000000000FF3C003CE3
:10774000000FF0FF0808FF0800C355D7AA55F0F056
:1077500080400201F0F050500000CFCF0000AAAAF4
:1077600000FF00003000BAAA030303FF000000007E
:10777000000000000000000000000000FFFB0010FF
:1077800000FF00FF0000000055553CFCF0FF3C00EE
:107790000F0F303F000000005C5CF0FF00000000B5
:1077A000585DF8FD000000000C050CF5FF30AA3014
:1077B000007D0F7D00000000000000000000BE1EE4
:1077C000AA0A0C0C55FF000000000505C7C7000001
:1077D0000000000000003CF03C3C00CF30FF000007
:1077E0003C3C0F0F00003C28FCF8C3C3CBDF00007B
:1077F0000000000000000000000000000000FFFF8B
:10780000000000FF01FD0000000055553C0CF00099
:107810003C000000303F000000005C5C000F0000F6
:107820000000080DA8AD000000000C050CF5553057
:10783000003000410F41A2A2202000000000000003
:10784000B414A0000C0C5500000000000055C3D774
:1078500000000000C00040003CF03C3C00CF30FF86
:1078600000003C3C0F0F00000028F0F800000A5F09
:107870000000000000000000000000000000000008
:10788000208820102040400408A08802C1118220D6
:10789000110304010441000104020000008291C0B0
:1078A0002004020400020000204084020020A110F5
:1078B000202080A080418040000005200000402062
:1078C00000000000004000000000008800000004EC
:1078D0008005000200040001804000000020000438
:1078E0000004004000000040800000000040000054
:1078F0000001000000000000000000000000000087
:10790000000001408303A1000080914041000884F1
:1079100020000090002000A08440048000000004AB
:107920001004058301800003040001802000001082
:107930002020014020402020020000000000000024
:10794000000000C000000000000000000021000056
:10795000008002C0000000A0000420000000000021
:107960000085908000000000008002000000000000
:107970000000000200000000000000000000000005
:10798000000000000020048804888400210000001A
:107990000000100000000000000100009040800383
:1079A00000000040A120040000002100020005C0EA
:1079B00010A0040000000020090100884100000020
:1079C000000000C0000000200000009000100083B4
:1079D000088400908001000100408089800400003C
:1079E000000100008000000000000040418400848D
:1079F00000002004A00400000088008800000000AF
:107A0000000000000000088091000010202090106D
:107A100002100209400000109010A00402000210A1
:107A200010C0001000200211004004208810101027
:107A3000822000090141040802090020000500100D
:107A40000003004000210000004100009040004081
:107A5000821001210009024000040080040404A0F7
:107A600000400020000010400000400000410009DC
:107A700000090000018021800000000000000000DB
:107A80000000000000000000400211901120801052
:107A9000A00080858084A0020820800004C0C00867
:107AA0000241104180C0088208008000A08480A0AC
:107AB000029000840000080200880000001040C00E
:107AC00009020290050210100000034002C01110CC
:107AD00000A088100800A08220024000200004407E
:107AE00000200020080402204002020002C0000022
:107AF00080A02021082120112001008800A00090F2
:107B0000008800000000000400008405A00284102A
:107B100004040509040404000802850002080000AA
:107B2000052105C000C00404901090080408052138
:107B30000405831000101003C088004100000040BD
:107B400000028221401004030805000020000041CB
:107B50000009A04009008541210009800000C10002
:107B60000100028000820000828041000441010087
:107B70008241042100A0008401840104000000006F
:107B80000000000000000000000000004100212073
:107B90002020400003A04088888204028001200445
:107BA000880403C02002052010C0100200C0058216
:107BB00004108002100380000001201008900002D1
:107BC0000489000041000090030010000000410003
:107BD000209041002100030000014100C0881000F6
:107BE00011C0000002028020002003408000040039
:107BF00000A00000002100000000800080110000B3
:107C00000000009000000000000000000000822042
:107C100020088285C021C000A0042000C1A020044B
:107C200009A02090200288008205A0209104400431
:107C30002020A002204108C04008080882008200DD
:107C40000009A1208400901182410005204100001C
:107C500002041000840084114021404090404111F2
:107C60000040C00090110005040000C100000400A5
:107C70000100040088008802000290022040408237
:107C800000040040000000000000000000000000B0
:107C9000108220C010041008A1841001204105A00A
:107CA0000809A00182021100C100051102820589A4
:107CB000114108C0088200004010402080400308A5
:107CC000001021411000204000082088004000845E
:107CD000000010C0210000844000081010890088B6
:107CE000200500040800040405A00290000400041C
:107CF00090000020000100A100020010002180047B
:107D00000021000000000000000000000000000052
:107D100000000840090302A104080800C010040282
:107D200004009120400240110010041100200100C5
:107D3000002000A00020000800090400004020846A
:107D4000889090000008000005880000880000006E
:107D500084000000000300000800A00011808804D7
:107D600088001002C0A100008400C040C0001000C4
:107D7000900020410040002000200041008002903F
:107D800020800084C02000000000080000000000E7
:107D900000000000041004000004110040844000B2
:107DA0000008101008054103A0020308A11041912A
:107DB00002A00211101002A1092110A104844004A4
:107DC0000040048480850001882088100040002045
:107DD00004A0110400004120210000C02184800083
:107DE0000000840182852104410080004000404160
:107DF00000821185002000C0000009C08084008836
:107E000000900021000300400040004000000000FE
:107E100000880000000001080100A08002000904A1
:107E2000A003A0102040000400042100A00502408F
:107E30000008080405400005C10420048840C0046F
:107E40008240C0411011024010401041100910043E
:107E50004002A004C021000088099009A040004110
:107E60001000A0202104030400002003040082006D
:107E7000000282008220C0910405020088001041A7
:107E80008840020900844084000000000000004097
:107E9000000000000000000008834109840840043D
:107EA000838390C110C102048803910402098005F4
:107EB0000010099004218041C04041808911044193
:107EC000001000040540088300208010C10808212C
:107ED00000000000000000000000000000000000A2
:107EE000000000038909410009091008C0021011AF
:107EF000410540210311C10203A00021A10240411C
:107F00000040000300090000090900000000000013
:107F10000000000000000000000001028803C18989
:107F200001852083C111400301822101C00190001D
:107F3000C000009004A090898491A11100102082BB
:107F40000110049188A190400002000440A1200982
:107F500001C0000000000000000000000000000060
:107F60000000000000019101010001010000C000BB
:107F700000002100002100A0050001050000C00054
:107F8000A10100010001000140A00101000000006A
:107F9000000000000000000000000000828988C08E
:107FA00004880582828820C0A103838304410240A3
:107FB00002028200100240004008A101A188C0080E
:107FC0000802C18804A0040188A089002001820061
:107FD00041208401000000000000000000000000BB
:107FE000000000000000C000C088C0008300100135
:107FF000401002018488C100A088000021000220F6
:10800000000809200240009040000090010000009C
:1080100000000000000000000000000000000283DB
:108020000580858384210810A1C0A10283028020DD
:10803000808200858002A1808200A000030240109F
:1080400080098080C002800088020800030341107C
:108050000308C000C0030000000000000000000092
:1080600000000000000000000002800000008920E5
:1080700080088280051080041000400520214111F5
:108080008500058388C005C100418000000009000B
:1080900000000000000000000000000000000000E0
:1080A00008108903048520880340A008C090C0837D
:1080B000104140412189008302009000020380802A
:1080C0000091880080111180C0A0A082098040101A
:1080D00080200840900420410000000000110000B2
:1080E000000000000000000000000280000009897C
:1080F0001180000000824000008503908020024033
:108100009190020000800080210002001000098987
:1081100091000000000000000000000000000000CE
:10812000000001C1C08884044189A1850589A00996
:108130000383C18201A00084A02101A011C084108A
:10814000400490C004C084A082080240C020822065
:1081500040A182010021052108904000001000008C
:1081600000000000000000000000000001020020EC
:10817000010501820000000801040010000940A070
:1081800001001005009000C0004020000100010027
:10819000014183000000000000000000000000001A
:1081A000000000000291884011018988830041820B
:1081B000C001028489092020418840214085A00017
:1081C00082A14000C00110891000A0000040000200
:1081D000000100048400C002040040900000000080
:1081E0000000000000000000000000000000A101ED
:1081F000A1020340A1A00400C08308048804A005D4
:10820000A12004000400210221004001208200007E
:10821000000200000000000000000000000000005C
:108220000000000000008310828382020800834166
:10823000880505039100038209800280804000C107
:108240008003004000002141820311410000000032
:1082500000910040000000020008800000000000C3
:10826000000000040000000000000000000000000A
:10827000202020804000C0000220001085850000E2
:10828000034141C08840A10020110403C010218097
:1082900000000000000000000000000000000000DE
:1082A00000000000000000002184000BD00021002D
:1082B0000000000BD00021600042000BD000000045
:1082C0000050000BD00000000000000BD000820026
:1082D0000000000BD00000000000000BD0008284E2
:1082E000000000000000000000000000000000008E
:1082F00000000A50000BD00000000A00000BD00064
:1083000000000000000BD00000480000000B00003F
:1083100000410050000BD0000050000000000000A1
:1083200000000000000000000000FFFFFDFF557589
:10833000555555550F0F55553C3C5555000F353586
:10834000003C00000000FF00FF0000FF00FFFF7D79
:10835000FF7D00000000FFFFFFFF00000000303F36
:10836000303F00000000000000000000000000009E
:1083700000000000000F3CFFFF00FF00F5F5FFFFCD
:108380005555F5F53C550FFFFFFFFFFF14CFD7CF35
:108390000000000000000000FF00FF0000000000DF
:1083A00000000000000000000000000000000002CB
:1083B0005545555555550F3C5555303F0F0F000F3E
:1083C0003535003C00000000FF00FF0000F00FFF0B
:1083D0000028002800000000FFFFCFCF00000000B1
:1083E00000000F0F0000000000000000000000006F
:1083F000000000000000000F3C0000FF00FF05052A
:108400000000555505053C550F00FFFFFFFB140C00
:10841000D70C000000000000000000FF00FF00007B
:108420000000000000000000000000000000FF004D
:10843000FF00F0F0B4F0AAF03C3CFF3FAAAAF00025
:10844000FF3C0000000000000000030080803C3C76
:10845000ACACFFFF828200FF00FFF0F0AAAAAA30B6
:10846000AA00BEA014A00000000000000000000050
:108470000000000000000000D72896960000FFFFD3
:10848000F0FCF0C0FA0AFA0AF5F5A0A0FFFFFFFF22
:10849000BEF5BEA000000000D72896960000FFFFA2
:1084A00000000000000000000000000000000000CC
:1084B000BF80FF00F0F0F0F0AAAA3C3C0030AAAA6E
:1084C000F000C300000000000000000300000000F6
:1084D0003C3CACAC7D7D000020FF00FFF000AAFF1B
:1084E000AA30AA00BEA014A00000000000000000F6
:1084F00000000000000000000000FF00AAAA000029
:10850000FFFFF0FCF0C0FF00FF00BE14BE14FFFF31
:10851000FFFD14F514A000000040FF00AAAA00000F
:10852000FFFF00000000000000000000000000004D
:1085300000000086009C03800000080004900002F8
:10854000001005860AFC00B90080008600EC00B827
:108550000010008600F000B00000A08652F0A09845
:1085600000A5A08650F0A0A00005000000000000BB
:108570000000000000000000000000000086047CF5
:1085800003200000008600700380000000860C902D
:10859000A088000500860CA000900000000004FCEC
:1085A000003000000000000000000000000000009B
:1085B00000000000FE40FF000000FFFFFF00F0F0A1
:1085C00000FF3C3CF0AA3C00FFFAFFBA00000300A9
:1085D00000000004FFFFDFFFFFFFFFBF00000000FF
:1085E0007F5F5F5F3CAAF000000000000000000019
:1085F00000000000000000000000000000003CAA95
:10860000F000FFDB00DBFFFFFFFFFFFFFFFFFF3F8F
:1086100000303C3C5C5C00000000000000000000FA
:10862000AAAA00FF000000000000000000000000F7
:10863000000000000000FF00FF000008FFFDEB2825
:10864000F0F000FF3535F0AA3C000000000000000B
:10865000030000000000FFFFFFFFFFFFFFBF00005F
:1086600000000F0F0F0F3CAAF000000F00050000E4
:1086700000000000000000000000000000000000FA
:108680003CAAF000DBDBDBDBFFFEFFFFAA00AF0F45
:10869000FF3F00303C3C5C5CF0C03000005C005CA4
:1086A0000000AAAA00FF0000000000000000000077
:1086B0000000000000000000FFBFFFFF3C1C3CBCAE
:1086C000F330AAAA3C3CF5FF0000000000080C0CA7
:1086D0000F4F0F0FFFFFFFFFFFFFFFFFFFFFFFFF2A
:1086E00010FF00FF0505287D3F3FF0003430FFFFFD
:1086F000000000000000000000000000000000007A
:1087000000000000000000005555000000000A0AAB
:108710007F0AAABEAA820C0CFCFC00000000555582
:1087200055550000F0F00F0F0000000000000000A1
:1087300000000000000000000000400000003C3C81
:108740003C3CF0F0AAAA3C3C050000000000000000
:108750000C0C0F0F0F0FFFFFFFFCDFFFFFFFFCFFF5
:10876000FFFF00FF00FF0505287D3030F0003430AA
:108770003430000000000000000000000000000095
:1087800000000000000000000002000000000000E7
:108790000A0A7F5FAABEAA823C3C3C3C0000000063
:1087A0000000003C0000F0F00F0F0000000000008F
:1087B00000000000000000000000000000000000B9
:1087C00000000000000000000000000000000000A9
:1087D0000000000000000000000000000000000099
:1087E0000000000000000000000000000000000089
:1087F0000000000000000000000000000000000079
:108800000000000000000000000000000000000068
:108810000000000000000000000000000000000058
:108820000000000000000000000000000000000048
:10883000000000000000000000000000000008032D
:10884000A08880028511804100C1034190098909F7
:108850000421210109A1102000A0000904000090BA
:1088600000030020002000C00000052000040000DC
:1088700000A000000500002080110004210000007D
:10888000004080000002808800010000008220007B
:1088900000000000000000000020A1000000040013
:1088A0000000800000008090001000000010001008
:1088B00000000000000000000000000000000000B8
:1088C00021A021402082048220C00004000405046D
:1088D000048420844004A00441802000200401007E
:1088E0000011104000800080000000000000C00067
:1088F000400000000800000000000290A0000000FE
:1089000000C0000020000000200000200000040043
:1089100000000000000000000000008004000000D3
:1089200000000000200000004000008000000080E7
:1089300000800000000000000000000000000000B7
:108940000000840440108011A001402103000008B1
:1089500000400021080904200000824000080002B5
:10896000A1108000000000000040400200200940EB
:1089700080100020004000211000000088100040FE
:108980008421004000C0800000008004800120415C
:108990000000000000000400000021001100800021
:1089A0000000110100900000800091000000000311
:1089B00000000402000000040000000000000000AD
:1089C0000000040005A09088088409200140901050
:1089D0000290029002A001900189041003A00041BE
:1089E000821002002000020090110080832000020B
:1089F000002040410200A0C0004000410010098951
:108A0000008905A000000004040000410409404062
:108A100000C0202040080010A12000209000C009C4
:108A20004000400002204000000004000400000953
:108A30000010A0419000004100000009000000006B
:108A40000000000000008210C08821842120001155
:108A50000408042000029000A02088218900201032
:108A6000A0100440204080408040401000102010A2
:108A70008010004008C000820002000000200002B8
:108A8000801183408010000000028985002000C012
:108A9000000300100200040300004088001040841E
:108AA00000880821208500410020410241002082E9
:108AB0000082000003A000A000000000000000A051
:108AC0000000000000900000208821000420108495
:108AD0000020018001040803050008080582080041
:108AE00001000502418021850280028800000021EA
:108AF000A020040302000041000800210803A0098F
:108B00000011089040910405000008002020004159
:108B1000000290408800890009C040004100000028
:108B20000102000001900120000400000000000884
:108B3000010300090000000900000000000000001F
:108B400000000000000000000000A0058489A010C3
:108B50000011880085080300090303414188048946
:108B60002101024002001008101000400002000322
:108B7000900200C080201002412000A008020802DC
:108B800000028082840982408021000021824140CD
:108B9000008802821141800003001104400085001A
:108BA0001008842011C00088002004000510002057
:108BB00000030010C1200000048804200000000011
:108BC0000040004000000000000000000990210467
:108BD0002190C0A002001080200300028420821196
:108BE000112008201084090002000800089010825B
:108BF000A0C00280040440802084109100210080E5
:108C0000089010804000401003C040A00000900079
:108C1000A0040021000500C04005080040C1040078
:108C20004000890010809021022004C1850400804A
:108C3000040304040482400002004111010982047B
:108C40008440000400000000000000200000C0205C
:108C5000040409032010859004A0038800840811EF
:108C600002840802040021842040030203082091AA
:108C70002001210508880008218403102108001024
:108C800010881008049000088802080220210000C3
:108C900011080082400221880820A00590110004DC
:108CA00008084101000410854190004009844102F8
:108CB00000C005020388038200820400200040A057
:108CC00000000000000000000000000000000000A4
:108CD00004802180001003840208100000080000B6
:108CE00011A0020088052104A00000830802008072
:108CF00010201020084020110000081000089002E9
:108D00008209000000000902000009050008002097
:108D100000000000080008000000000220202020C1
:108D2000000088040020080000200008A0040011B2
:108D3000A020C000A083000000200000010001006E
:108D4000010004000000000000110000000000000D
:108D5000840088C1A0844105882082002182050208
:108D60008001102190102110A02111A01090050069
:108D70000091208320842040204021904140082001
:108D800000409004201020002084008800108240C1
:108D900000C0000002A09100048484A10810890092
:108DA000418240904100000009880420042109A06C
:108DB0000002112091898503001041040021C08226
:108DC0000020208900880040004020400000000072
:108DD000000000042120212008A0058341038441D4
:108DE00082200202C0A00802C0411008080810003A
:108DF0000000040210020040C000080808410020E2
:108E0000A000201040058400000502001041A08051
:108E1000038404030000A0412011C0042020A0000E
:108E2000020010090000C04088410220080205022B
:108E3000A000402104030402082088A18820822089
:108E40002100880202040000820082008400C00029
:108E50001000C000C00011831104C120880000056B
:108E6000848990020011119002088011401080A0A6
:108E70000808828280102188882189A008030208BE
:108E800000A000891040A010000521082008031050
:108E90009120002085200000210509090004898017
:108EA000880340A10488212011100220008820108E
:108EB00083830283100510028803118800081020A4
:108EC000830308110083031000000000000000006D
:108ED00000000000000000000883050405838200F4
:108EE000C009A184044090880083111004A111419D
:108EF000A009A19021C00202A103098420110184CC
:108F000005090003404041894100820090000000B3
:108F10000101910100011001000005050011A008E8
:108F200083C0A041010990119010A0C10104A008C4
:108F300001C105030141A0C0A1008201000410008D
:108F40000300820100001040A001000000000000AA
:108F50000000000000000000000001822008A100C5
:108F6000830910400002A04011100010100300847B
:108F70008390112002C01111080105C0C082C121D7
:108F8000050140904185020211010500C184C1051F
:108F90000388A12009910204034100001000850804
:108FA00009038801024121040510410808008211CB
:108FB00082850501C1A0414101030100009000022A
:108FC00000910100042001C0002101000000000008
:108FD0000000000000000000000000002090800958
:108FE000882083C085840490118304C1042141A199
:108FF0004088C1A085000920108840108800059095
:109000001008410341000420C040A0202009210590
:109010002108040302C191A0118310900000800078
:10902000418005080909C082A1A00841838480000D
:109030000503402103080811884103030309401177
:10904000081108080341A080101111C00305000099
:1090500000000000000000000000000000002020D0
:109060000010110088830908850403898309088991
:1090700021A02121108990008300A0809080C01041
:1090800083088282C01004048005A0A0038320838B
:10909000030205410383844011910888C082008047
:1090A0000004A088A0828085880802888221C003ED
:1090B000400880859011898882900088820303830C
:1090C000C008102109040803A009201140038803E7
:1090D0000000000000000000000000000000000090
:1090E0008301C0000188898302C0A0A1908403A0ED
:1090F000859000118201048220022004108440081F
:10910000A00310A085852103A00088840585008820
:109110008510008500A090C00501001001A0898382
:109120000080000088C009858808C0A1082109A125
:109130008209000188C0820488A0820300410811CE
:109140000983A1010101002140018390000000007A
:1091500020010000000000000000000000000000EE
:109160000000830400918389000140C14140C00197
:109170008800824089200010C1A1C011090482002A
:1091800008A00540100108C1A00285C08589C00063
:10919000008888822111A00089C040008801080150
:1091A000040000808509048220820088850441052E
:1091B00009C0050885010588C0840188030441852C
:1091C000C0410089014001A001820005010202A105
:1091D0000009000000000000000000000000000086
:1091E0000000000083044104029000201190408898
:1091F00008020200C08488004000088380C0A1C12A
:10920000040384202182211083088400A003089095
:109210008305058021901010850902210800112185
:10922000831083000080C003080011800580830044
:1092300088A021402005900210C18882108083837D
:10924000830308A1050303802103041104A0038004
:10925000910403100902000000000000000000005B
:109260000000000000000A50000BD00082840000C3
:10927000000BD00000881200000BD000008400001A
:10928000000BD00000000048000B04000A488200D8
:10929000400B000000008200000B000082000A006A
:1092A000000B0000410000004188000BD000064286
:1092B0000000000BD00000420600000B00004288B6
:1092C0000000000BD00012420000000BD000120082
:1092D0000000000BD000120000000000000000C8D9
:1092E00000000000000000000F0F66FF6666CFCF91
:1092F000FFFFFFFFFFFFFCFF0800FFFF0000000073
:109300000400040000000000D8C3273C03FCF30C59
:1093100081E77E18C03FDB24E8332B337171690F7E
:10932000F0690F69D0D62F290000F63C063CFFFB00
:10933000FDF900000000000000004E4EFF3C00045C
:10934000000000000000000000000000000000001D
:10935000000000000000000000000000000000000D
:109360000000000000000000000000006600000097
:109370000C0CFFFFFFFDFFFFFCFF0000FFFF4000A4
:1093800000000000000000000000D8FF2700F906E0
:10939000F906F9F90606FC03DB24E80F2B0F171773
:1093A000690F330F330FD9DF262000003C3C3C3CD3
:1093B0000602040000000000000000004E4EC30042
:1093C000000000000000000000000000000000009D
:1093D000000000000000000000000000000000008D
:1093E00000800000000000000000000000000000FD
:1093F000000000000000000000000000000000006D
:10940000000000000000000000000000000000005C
:10941000000000000000000000000000000000004C
:10942000000000000000000000000000000000003C
:10943000000000000000C208040000108861000065
:10944000000000000000C208040000108861C2088B
:10945000040000108861C208040000108861000048
:109460000000084000000000000000000000F0F0D4
:1094700000663CFF00660000000000000000FFFFE7
:10948000FFFF00000003FFFFFDFF0020FFFFF0CC07
:10949000960F42BD7E8118E77E81F06C0F9324DB2E
:1094A000BD4238C77A8518E77E8130F6CF090000C3
:1094B000000FF0FFF0F000FF0000000000000000CF
:1094C0003CFF72726060006000000000000000005D
:1094D000000000000000000000000000000000008C
:1094E000000000000000000000000000000000007C
:1094F0006666006600C300660800000000001000F9
:10950000FEFFFFFF00000003FFFFFFFF0000FFFF63
:10951000F0CC96F030CF30CF609F609F006CFF930F
:10952000609F609F20DF629D609F609F3006CFF943
:109530000000000FF0FFF0F000FF0000000000004E
:10954000000000C372720000000000000000000074
:10955000000000000000000000000000000000000B
:1095600000000000000000000000000000000000FB
:10957000000005000A9C030900A0A08652F0A0B8D4
:109580000005A1025090A3000005A08652F0A0B0F3
:109590000005C68601F608B40840028601A00394BF
:1095A0000C40028601E00394084002860160031427
:1095B00000400000008600BC03900400058604F013
:1095C0000082001000860CA0039000A0008600908E
:1095D00000020010050004F000320010050004F045
:1095E0000032001000001010000000000000000019
:1095F00000000000F0F0A0A0AAAA00FFFFFFFFFFFC
:10960000FFFFFFFF142814140F0F3C3CFFF3FFFF74
:10961000FFFFFFFF0030000000000000FFF000F03F
:10962000000FF0FF000000105555557555FF303004
:10963000F0F00FFF0000FFF000F00F0F00FF08FF39
:1096400000FF04540000FFF000F00F000FFFF0AA2D
:10965000F0F0FFFF45750000AAAA00FF000000001F
:10966000FF003C3C00000000000000000000000083
:109670000000000000000000A0A000000000DFFFCC
:10968000FFFFFFFFBFFF3C00282800000000FFF3A2
:10969000FFFFFFFFFFF70030000000000002FFF0B7
:1096A00000F0000FF0FF000000005555554555FF34
:1096B00000000F0000F00000FFF000F00F0F00FFAF
:1096C00000FF00FF04540000FFF000F00F000FFF48
:1096D000F0AAF0F0FFFF45750000AAAA00FF000005
:1096E0000000FF003C3C0000000000000000800083
:1096F0000000000000000000AA00F0000F0F00FFB3
:1097000000FF00FFFFFFFFFFF0003C3C0F0F0505CF
:109710005454505000000004FFFFDFFF0000000021
:10972000B2BEAAAA55557D4D00000000FFFFFFFF05
:1097300000000000C00000000000BABABA8A5571EB
:10974000557D100000000020002AB2AAB2AA55558B
:1097500055FCF0FFF0F05C5C5C5C0000FF005555D0
:1097600000000000F0F03C3C0000000000000000A1
:1097700000000000000000000000AA00F00000004F
:10978000000020FF00FF3CFFFFFFF000F0F00000B2
:109790000505FFFAFFFA00000000FFFFFFFF0004CD
:1097A0000000B282AAAA5555414D00000000FF7F7B
:1097B000FFFF00000000C000000000008A8ABA8A93
:1097C0005541554D000000000020002ABEAA82AA83
:1097D0005555550CF000F0F03C3C3C3C0000FF00BF
:1097E000555500000000F0F03C3C00000000000077
:1097F0000000000000000000000000008004880459
:109800000009844104052001040520209008A002DD
:109810000001041188010001820190400201210031
:10982000C02080004100000000008008208200006D
:109830000040200800100004020400C000000020C6
:10984000800400C000080011201000201020000239
:10985000200000A0000000008000000000030000C5
:1098600000410001004100410041000300210001CE
:10987000000100010020000000000000000008843A
:109880000580C084111000A0002020A0C1C00800E5
:1098900020A04010081004040004050421C0082082
:1098A0002000202020000000000000000200000036
:1098B000000082C000000000008000C0900000C0D6
:1098C000000004000000004100A009800080018029
:1098D000000001020000000000000400000000C0C1
:1098E0000040000400040884000400040004008414
:1098F00000040004002000800000000900000000B7
:109900008011842141098404002021080000C10045
:10991000041000210011084110A1820010A00001D4
:109920000020000500000010C004400002004000BC
:109930004001400440214041408840004001402017
:109940000000409040214089C0018811041184002A
:109950000489800000000200020000030088020069
:109960000000000000002040000100000000000096
:109970000400000000000000000000000088000457
:10998000000008A01190908809A1A0100820841060
:109990000209910902880020219021080500001089
:1099A0002040C08000402010000909A101020120D0
:1099B000C1200104018083C001A001080108010445
:1099C000014000000100010401040504218801A0F8
:1099D000212001020400000001080100000200092A
:1099E000910020400041000900C10040000000003B
:1099F0000000000000000000000000000000000067
:109A0000008000000010880385090411024000094D
:109A1000824002A080A110211011A109084021A0BC
:109A200080052108108480400240104000200084FE
:109A3000081010A0004000042001000503040404E5
:109A400005200011000000840908000200028010B7
:109A500084090021880221408005400020200490D4
:109A600000000482000820844101004000C00488F6
:109A70000420000000000088040003C005A00005C9
:109A80000020000000048285052010A0011004843D
:109A900088841084C105042021A020A00888829118
:109AA00010100240C0802104209040C1118020800D
:109AB0000002100090100084A00001400004088003
:109AC00089031041080400800410020008100200FD
:109AD00008841188C0A04105008320C00040C1084F
:109AE00001000802014100029100002000880005E9
:109AF00001030103000000210021010000210021D9
:109B000000A0008000000080901084118410088361
:109B1000414005C0410010001104410108890802BC
:109B200085000809880890848005080808A100823B
:109B300000000840020202A080410841080808C055
:109B4000008408201084040000008840004002883F
:109B500004409011C0218401882100880400044041
:109B6000048200400540020005A10000000005201D
:109B7000002005841100410008840000000000005E
:109B8000000400000001000000000580050205003F
:109B90000910008888000000A10002C11002A11075
:109BA0000980400020401000051004A02004040893
:109BB0000008100920919085892102A01020201012
:109BC000100508218811104091410000200240102A
:109BD0000021851108A00988052005108400A10036
:109BE000218000000008A0000220C0040211020928
:109BF00020850204000010410040002000401011A8
:109C0000000000A100000004000000008800031014
:109C100084008400800041C0080285C0201004A197
:109C200008118811891003000000100840219004D9
:109C300009050885052040042104412003200282F3
:109C40000202000209020390000880840000030061
:109C500000820008040408001109C1880000000403
:109C6000040040021000004008000040200300C033
:109C700008884182002088A041A08020048800C17B
:109C80000500000403A000000020000000210411D2
:109C9000902009050502100520040803101000910A
:109CA000012091A0088440008202A040888582A003
:109CB0001021840210080000100008400810200243
:109CC00004204103A01110090002A00404030000B5
:109CD0008800402084008820411140A00409C04031
:109CE000000220412000A0418408900910080120B2
:109CF000000084084021008304000005040389005B
:109D0000002000000080840000000080000000A00F
:109D1000410891850883898402000001A10003089D
:109D200004001020A0204140030880409004081047
:109D3000C1C100020090210408020040039002A06B
:109D4000100802822190098208C005001002050255
:109D50000000100405840000218421009009C11036
:109D6000A0000800040020A00404000404A00420B3
:109D70000000028902200000210411900940002007
:109D8000400400900504020400A0002000400020D0
:109D9000000488800410892004210000A0401040A5
:109DA00020000104000941A0888040A104C10200F4
:109DB0004000042090049000400020108210A00079
:109DC000004102218320022000039004201010088B
:109DD000101100000000100488009010000505908C
:109DE0000885050010000100080301898221C000D8
:109DF000C020080900208800C00988090841000027
:109E000000A1882100000000008000000080000008
:109E100000800000839088081040808908C040209E
:109E200041A0030400C08008021180030305A100C3
:109E30008800051010040504090408050041088283
:109E400090000000008304020010890000830502D6
:109E5000808800800000808321028008000008853F
:109E60000202100900888305844011880900C0217E
:109E700000118205080508034109112000080003AC
:109E8000890500C100000803092000200041C0032B
:109E9000092004410000C182A10082114002010595
:109EA00001084140900108820401119008A00301BB
:109EB00011002002A0C188900110880890A000899C
:109EC0009010C12000400409014004418440A005D5
:109ED0000040C0100010000008110090408400C035
:109EE0000883858400C090089189111190A0A11069
:109EF000200120002100000001019001A0000001CC
:109F000000A141A002410000010101010200000185
:109F1000050301030283000404880310100182106A
:109F200040212091C10804040889A010A1088200E2
:109F30000821A010C00384C04000A0048340C08852
:109F40000001900003008283A02089008520A1C029
:109F500008A0050041409100000010008400C000EE
:109F6000890088109000828483050402892089205A
:109F70004108084010C0A109110041900800C188A3
:109F80008501A000A004050001A100A001A0010816
:109F90000101050004A0010105018980202109417A
:109FA000830883A00021209111C182A089A005030C
:109FB000902185C003204182C1A18409820320022F
:109FC000902100210010A10090C008854110208040
:109FD0000390008010100280031000008500001024
:109FE000910003102008C1080480A082808921C14B
:109FF0002041C1890200418505088904880080004C
:10A00000A100830900000580A100030900002000D1
:10A0100021800309C0050000214083098440C084D9
:10A02000410884910341214010A10880040040119F
:10A030004121031080402010200580850091C10936
:10A040002011094100000400218200119000030446
:10A05000020200039009899088A000830000900309
:10A06000809021028083850000801100C091000251
:10A0700003A009C18005028040041020A0030091C4
:10A08000088041098003004000058009C0030000EA
:10A09000102041210003108000102089008302005D
:10A0A000A00200018482050900080084C10808C0DC
:10A0B00000C008030941A089004001881009200858
:10A0C000A00482C002C08804000883100490A0404D
:10A0D000880989089041A0008902A08404410000F9
:10A0E000A000880283A008A1400088C00010098257
:10A0F00000820405C00210C0010200C00001C1C1FD
:10A10000000200100083109100A100A008010305C7
:10A110000000010100000401000400000105000529
:10A120008390100883110101020104A088088204B1
:10A13000830384880108A1A0038404211000820104
:10A140000509012140008208082188008800A082BA
:10A150008510C082C000024085840204830000880C
:10A16000000085098804A084008883000983090110
:10A17000008811081102820008880109000300010B
:10A18000004001050082000000C0A188A1C00000BD
:10A190004000018800820100000041880182040023
:10A1A0001000C18005044082402091088380030094
:10A1B0002080A041024120C0211005C141842020FF
:10A1C0000411A00341C089050200C110090000006C
:10A1D00000908380098011008490830909804010D9
:10A1E0000490000083A0890011820980A00020C192
:10A1F000C003008090C02000050085000840058451
:10A2000005202080098305002002000003840480CB
:10A2100000029000038041050200000083850400D5
:10A22000800280000A50000BD00021000000000BCB
:10A23000D00042004100000BD00000500000000B95
:10A24000D00042004100000BD00021000048000B6C
:10A25000040000480660000BD00023004188000B7A
:10A26000D000000000000A50400BD00000000A009F
:10A27000000BD00042880042000BD0000A000042D0
:10A28000000BD00000000000000BD0000600000012
:10A29000000BD00000000000000BD0000000000008
:10A2A000000BD00000000000001000140F1FFFFF83
:10A2B000FFFB14CF14CF000000040000000F0000CB
:10A2C00000000000000000000100FF7CFF5000FFC4
:10A2D000FF0000FFFF003C3C0FF0FFFF0FF03C3C95
:10A2E0000FF000FF333300003C3C0FF03C3C0FF01C
:10A2F0000FFFFFFFAAAA00003C2D3C7DFFF5FFFCED
:10A3000030F53FF505FF0505FF0FF000FFFFD78291
:10A31000FFFFFF00FFFFCFC0FFFFF0F0FFFFFA0AD3
:10A3200000FFFF00FFFFF5A00000000000140F1F5A
:10A33000FFFFFFFF140C140C000000000000000FD2
:10A340000000040000000100000000007C7C505070
:10A3500000FFFF0000FFFF003C3C0FF000000FF08B
:10A360003C3C0FF000FF333300003C3C0FF03C3C22
:10A370000FF00FFFFFFFAAAA00003C283C78000561
:10A38000000C30053F0500FF0000FF0FF000FFFF4D
:10A39000D782FFFFC3C3FFFFCFC0FFFFFF00FFFF58
:10A3A000FA0A55555555FFFFF5A020100804000086
:10A3B0008000FFFFFFFFFFFFFF3CF0F00000F00018
:10A3C000F8283C3C000000000800FFF7FFFF0000F9
:10A3D000000000FFFF0000FFFF0000FFF0F00FF0A3
:10A3E0003C3C00FFF0F000FFF0F0000000FFF0F058
:10A3F00000FF3C3C00000000FFFFFFFFFFF000F00B
:10A40000FFF000F0FEF2CEC24343000003F3FFFF73
:10A41000003CFFFF0F55FFFF00F0FFFFC30FFFFFE2
:10A4200005F5FFFF0F00FFFF3C00FFC38040020166
:10A4300000000000FFF7FFFFFFFFFF3CF2F082008B
:10A44000F000F0003C3C000000000000FFF7FFFFC0
:10A450000000000100FFFF0000FFFF00FF00F0F020
:10A460000FF03C3CFF00F0F0FF00F0F00000FF00B8
:10A47000F0F0FF003C3C000000017D7D7F5FFFF0BD
:10A4800000F0FFF000F03E320E02E3C3A00003F341
:10A49000FFFFC3FFFFFF0F55FFFF0FFFFFFFC30FBE
:10A4A000FFFF05F5FFFF0FFFFFFFFFC33C00A0000C
:10A4B000509CA3000085A08650F0A0B00005A180AC
:10A4C0005290A3A00085A08652F0A0B80005A186F6
:10A4D0005050A3B00005C68601D608B408401286C5
:10A4E00021FC43B40848128621BC4394084800006C
:10A4F000128621BC43940048A0005210A30000859E
:10A50000008600FC00B8800000860CEC00B900005A
:10A51000C0C6C0F030B04903C0C7C0903080490306
:10A52000C0C7C0F030B04903C0C7C09030805103ED
:10A53000F000FF00050555550000000000800000F8
:10A5400028283C000000000000004000FFFF000041
:10A5500000000000FFFFFFFB5500FFAA555500005B
:10A560003C3C000000000030FFF000F00F0F00FF47
:10A570000000FFF00F000F000FFFA0A0A000000FD1
:10A580000505FFFFFFFF00000000000000003C3C4D
:10A590003C3C0000000000080000FF3CFFFF3030A2
:10A5A000FFFF00000000000000007C7C2C2C5555B3
:10A5B00014D7F00000000505000000200000008016
:10A5C000000028283C000200000000000000FFFFFF
:10A5D000000400000404FFFFFFFB782878280A0A23
:10A5E00000287C3C500000000030FFF000F00F0F0E
:10A5F00000FF0000FFF00F000F000FFF0000A000A1
:10A6000000000000DFFFFFFF8000000000000000EE
:10A61000000005050000000000000000003C0000F4
:10A620000000CFCF00000000000000007C7C2C2C3C
:10A63000555514D7A0A03030003C000F000000F0AA
:10A640000000008030303C3C000055553030303048
:10A6500000000000F027F0F000000000F0F03CF0F7
:10A660005F5F005F00080000000F141FBEAA8EAAE3
:10A670005503553F0000BEAA8EAA55554D4D3000DA
:10A680002800000C00142000000000000000000062
:10A690000000C7D7C3D70000000001053D05FFF04B
:10A6A000FFFFCFFFCFFF00000000000000003F30A1
:10A6B0003C3C0F0FCFCFA0A03030003C000F00007B
:10A6C00000F000000000303000000C0000003030CE
:10A6D0003030C00000002727F0F0000080003C3C34
:10A6E0003C3C0000005F00000000000F141FB2AAF5
:10A6F00082AA555555550000B2AA82AA5555417DEA
:10A7000030002800000C00140000000000000008C9
:10A710000000000004140014000000000105010501
:10A7200000F00000003000300000000000000000D9
:10A730003F303C3C0F0F0C0C9121041121200820CC
:10A7400082914100A190201120890001A020A00049
:10A7500000900000830084208000A10008101100F8
:10A76000031041204010410004210489840080002E
:10A770008041022080040420000000820041008803
:10A78000402100410482001100000005040204C0C1
:10A79000119000200000009000A0000200900082B4
:10A7A0000090000004000000008200000082000011
:10A7B0000000000000000000000040A001A0828214
:10A7C00091C10304A00020410240821004100489BA
:10A7D0000840020002000200050004000404820098
:10A7E000A000000000400500000005848304210350
:10A7F0000408108400894091100000C0200000C0AF
:10A8000008200404002000030090C000000400049D
:10A810000000000000000000000000000000000038
:10A820000000000000000100000000000000000027
:10A830000000000000000000000000008010C008C0
:10A84000C021A183A084840000848009880088003E
:10A85000C020C0200090A020408400004020400084
:10A860008000800080911008842180080000002072
:10A87000000000004001000502210021000000014D
:10A88000000140110021A010A010A0112084048418
:10A89000210004840082000000002000000020004D
:10A8A0002000200020000082000000000082000044
:10A8B00000000004000400000000000000000890F8
:10A8C0000910058440040420411004200440411074
:10A8D000401141900991001004880141000001904D
:10A8E0000110040040004040001141A04010000849
:10A8F0000002022100000020008801C000C000808A
:10A9000088200020C0C000C009850985059041410C
:10A910000040000001050009C0000000A041000245
:10A920000109010001000500000000000000000412
:10A930000000000000000000000000050000000012
:10A9400008058005C09188A08090418285108510FF
:10A9500008111120080188030940030405048340FD
:10A960004108418808080010008505088808004053
:10A9700085A04102030004A11009004002402040CC
:10A9800000008410104100200282082088840820E2
:10A9900009400000044000018883001102400204C5
:10A9A0002120210021000290000011010400030178
:10A9B000800400000000000005000000000000000E
:10A9C000000085A004A00410054102400004040812
:10A9D00020110190C089C1100910840884118408D5
:10A9E000401010000840A0410400104082100420D4
:10A9F00020842004020508031104418800C1099045
:10AA00004183000002000084108901208380082116
:10AA10000184202100210541004004400084019070
:10AA20000011C0030040C0210140C000002001030C
:10AA30000020400000001000100010000000000086
:10AA400000000000A0118485042089211002100458
:10AA5000020210028400850088010205892090000E
:10AA60000204100240001002020320212003C0084B
:10AA7000202020020020000010042000000002001E
:10AA80000000000800000088000000004100841061
:10AA90008011881090041120200040002000040044
:10AAA00010000405000400880000040004C0000039
:10AAB0000000000000A000000000000000000000F6
:10AAC00000000000000008A00520900808900291F6
:10AAD000028489C190C0410004000520001040821A
:10AAE00040000903A0918904048808A004A020C0A4
:10AAF000030204900888C004040404900510C004F4
:10AB0000C10000050884000000210000840000410D
:10AB1000088004900591040010834011A0000000FB
:10AB20000040004000A0208000119000010009407A
:10AB300000040002024000200004004082210000C6
:10AB4000000000000000000082088509082008209D
:10AB500000000008100410000821002188C0051022
:10AB600010820040104008080002212009030884D8
:10AB7000088400A0C1C00240044004C0C1882088ED
:10AB800080094008404100100000004020020540BC
:10AB90000004000208C0082004A009408000050548
:10ABA00000C100209100002010000404A090034088
:10ABB00002820002210000040404000000100000D2
:10ABC00000A00000000000000000082108202080F4
:10ABD000058200000841A02100214190C0A005117C
:10ABE000C08500020010C082840908001082C020C5
:10ABF00010044002900004030189002191112000FB
:10AC000004111088900401C09003000008009120F6
:10AC1000881140111005C1040500111088882040DA
:10AC2000A08490048800201100A09004C021050891
:10AC30000003090304801000008001A1A00084002B
:10AC40000000C00000090000000000004084C010A7
:10AC5000891004210010090120C0024004000402F0
:10AC600004101020C182208202C0410821C0058446
:10AC70001191098441C008914108024009100290D5
:10AC800020C04100110809409020001000000082FF
:10AC900000900840210021908804048808040000E6
:10ACA0002104008402C00004008200C120000420AE
:10ACB0000020020208200482200400410400000059
:10ACC0000082002000200000000000040004882012
:10ACD000088004A00590020800401002418801028B
:10ACE000890485A1208840200005A1102020022091
:10ACF00000000402020390041002901011859005D8
:10AD000000099002084100800000020504000000D4
:10AD100000412005848300210041090011008505C0
:10AD2000840300408240844008008408C0209008CA
:10AD300001098804040010048504012120209111D8
:10AD400000000000C0000000000000000000000043
:10AD50008083829109008000000340001180000080
:10AD60001189901004820809100210202110110985
:10AD700008918003030385C0911002029020820293
:10AD800010A103404108418910411021890340105E
:10AD900000004185200920410900118380890800B5
:10ADA0000009080300091110800080832109410077
:10ADB0000008000388110400890383830221002115
:10ADC00083100000000000000000000000000000F0
:10ADD000000010839108C082C0C0040341A0400855
:10ADE0000002408241010521008440910304408219
:10ADF0000008A18804889188080808904085C1410E
:10AE0000852188A185C191890008A0041140829004
:10AE10000140000004830191048201040083C00505
:10AE20000000000801C1040520010808040990C1C0
:10AE3000838800A10001410003008200A041C101FC
:10AE4000A010411100000000000000000000000000
:10AE50000000000004000020A0028301C0A0844183
:10AE600011C0038902400188040183854005412007
:10AE7000C090A08383014084A1209004C000A0055D
:10AE80008905841091018483A108A1C1412040A0BB
:10AE900011C121400000082009C091058921040149
:10AEA0000400080083094002C000412005010001A0
:10AEB0000002A00483C188C0100091C0A101400815
:10AEC0004109040201000000000000000000000031
:10AED00000000000000000000321000083080003C0
:10AEE00000218480834090001040904190038908A5
:10AEF0008811202010C110032008400310204008B2
:10AF0000C102A10884880810200820C12009110569
:10AF10002004C0A0028400000083411105884189FB
:10AF20008009110000008311808000009090830947
:10AF30000821208080008305000089002185030905
:10AF40008204A1882109030800000000000000001D
:10AF500000000000000000008000000021100083BD
:10AF60008080108002908883089080C00802419001
:10AF7000202000A0A189A01040200820114091208D
:10AF8000900441904189A0201121000420208520B7
:10AF900083210320418890C0008000C021202082AE
:10AFA00080101110008005090083111010004090DE
:10AFB000800300108082090810830000081108092E
:10AFC0004003838291A108022003000000000000DA
:10AFD000000000000000000000004000000001C070
:10AFE00040830810C1088884210909212003000139
:10AFF0000983104088048510104111401121A0A13F
:10B0000088912005000200A00503889190A110A15D
:10B0100088A121090810828504110080A009040874
:10B020000184408482880810A0010083000401A0EC
:10B030000009020500890403019101110008018241
:10B04000009183A1A140414101C10001A000000085
:10B0500000000000000000000000000083048410D5
:10B06000C09020118901C0A09000100283040089C3
:10B0700002010204910888011184824088C08489F9
:10B0800008008804C1400911C1010901C190C12112
:10B090000909C102858905020308A08800800241D0
:10B0A0000840030041088288028201004090018824
:10B0B000018301000003851004A0820108100188AB
:10B0C00000820100000941A041040185C100000087
:10B0D000000000000000000000000000000083806D
:10B0E00000000000802003410080000080009000EC
:10B0F0004008C0218200088083108283108010895C
:10B1000009A08305408020C020848403200840419A
:10B11000400482832188C010850404080500008053
:10B1200090C1A08082004080918089900240000000
:10B130000389040310100041838080800508C0004B
:10B1400003881191020000038382A1830210200969
:10B1500000000000000000000000000000000000EF
:10B160000660000BD00000000000000BD0000000C3
:10B170000600000B000000848200400B000000501D
:10B180001200000B000081840A00000B0000006028
:10B190002184400BD00021821182000BD00082C19B
:10B1A00000002184000BD00000000600000BD0003E
:10B1B00042000000000BD00011004100000BD00045
:10B1C00000000000000BD00082420000000BD00005
:10B1D00042480000000000000000000000000000E5
:10B1E0000000FFFF0000FF000000FFFF0000FF0065
:10B1F00000000F0F0F0FFFFF10F7FF00E11EFFFF12
:10B2000010DFC3DF3C205A566A666969666A596571
:10B2100099667666666676666666FF04FF000000DD
:10B2200000000000F63C063CFFF7FBF3F0F000FFE7
:10B2300081E7FFFF909FFFFF99C3FFFF3030FFFFC3
:10B24000F0C3FFFFF0660F66000FFFFF0000000075
:10B2500000000000000000000000000000000000EE
:10B260000000000000000000FF00000000000000DF
:10B27000FF0000007117F00F0000EF08FF00F00F53
:10B280000000EF20E3FF1C005A665A666965666697
:10B29000666666664666666646666666FF00FF0028
:10B2A0000100000000003C3C3C3C0C040800F0F0B5
:10B2B00000FF81E7FFFF909FFFFF99C3FFFFF3F3BC
:10B2C000FFFFF0C3FFFFF0660F66F0FFFFFF000017
:10B2D000000000000000000000000000000000006E
:10B2E000000000000000000000000000000000005E
:10B2F000000000000000000000000000000000004E
:10B30000000000000000000000000000000000003D
:10B31000000000000000000000000000000000002D
:10B32000000000000000000000000000000000001D
:10B33000000000000000000000000000000000000D
:10B3400000000000000000000000000000000000FD
:10B35000C208040000108861000000000000000026
:10B360000000000000000000000000FF0000F0F0FE
:10B3700000006666000000FFF0F0F0F0FB02FFFF47
:10B380005A9666666A666A69666A5A5A3C5CACCCCA
:10B3900004FB3CC304FB3CC36666666EFFFFFFF71D
:10B3A00000000000FFFFFFFF0000000FF0FFF0F0C3
:10B3B00000FFFFFFFF00FFFF0909FFFFF000FFFF95
:10B3C0000099FFFFBD81FFFFC3C3FFFFC39990F644
:10B3D000096F0000000000000000000000000000F5
:10B3E00000000000000000000000000000FF00005E
:10B3F000F0F000006666000000FFD4F04D0F04FD81
:10B400000000969666666666696966665A563CCC22
:10B410003CCC00FF38C700FF38C766666662000094
:10B42000001000000080FFFFFFDF0000000FF0FFB2
:10B43000F0F000FFFFFFC3C3FFFFF9F9FFFFFF0FAD
:10B44000FFFFFF99FFFFBD81FFFF0F0FFFFFC399B4
:10B4500090F6096F000000000000000000000000EE
:10B46000000000000000000000000000A241519C0C
:10B47000A3044945A2C751F0A0B449450200018088
:10B480000384084002A6018003940C4002860180D8
:10B4900003840C40028601E003A4004000B6009C37
:10B4A00003C00000A18650FCA3B800050000008680
:10B4B00000FC03B00000C040C01033004903C0C707
:10B4C000C0F030B04903C047C0F033A04903C0C743
:10B4D000C0F030B0510305860490008200100000D7
:10B4E0000000000000000000000000000000F0006C
:10B4F0003030005500FF00000000FF00FF083C3C1A
:10B50000F0F0CFCF5555FF80FF0055555557EAAAAB
:10B51000AAAA5555555700000000000000007C3CC9
:10B520003C3C55555517FFFF080000000010000077
:10B53000A808A000000800003C00282804041414F7
:10B5400000000000000000002000000000000000DB
:10B550000000000000000000AA3CAAAACFFFCFFF15
:10B5600000000000000000000000000000000000DB
:10B57000F00030300055000000200000FF00FF0008
:10B58000000000000C0C00007F00FF0055555554D2
:10B590002AAAAAAA55555554000040008000000070
:10B5A0002C3C3C3C55555555FFFF00000000000069
:10B5B0000000AA00AA000008000000000000040427
:10B5C00000000000000080000000000000000000FB
:10B5D00020000000000000000020AA3CAAAA0030C1
:10B5E000003000000000000000000000000000002B
:10B5F000000030303C0000551414FFFFFFFFFFFF38
:10B60000FFFF3030282800551414AEA2AAAA8000EB
:10B610000000FBFF0800555555753000000000FF85
:10B6200000FFFBFFFFFF555555570000200000109D
:10B6300000000000F030AA2800020000280028289E
:10B6400000140005FFFF3CFFFFFF0000200000008A
:10B65000550000550000000000000010B4B4F0F0E8
:10B66000CFFFCFFF0000000000000000000000003E
:10B670000000000030303C0000551414FFFFFBFFB9
:10B68000FFFFFFEF3030282800551414AAAAAAAAF9
:10B6900080000000FFFF00005555554530000000B8
:10B6A00000FF303F080000005555555400000000D1
:10B6B000000000000000F030AA2800000000280070
:10B6C000000000140005FFFF3CFFFFFF10002000FA
:10B6D0000000550000550000000000000000B4B458
:10B6E000F0F000300030000000000000000000001A
:10B6F000000000000000040811000010904100103C
:10B70000830180082020A001822083009110202145
:10B71000A020200200052000801080008000200072
:10B7200080848001800400010485009100010204EE
:10B7300000840021004100008004808580910885FC
:10B74000000800200000A0210002000204A1004027
:10B75000A185200020088009008400020004000167
:10B760000000009100000020000000040000000024
:10B77000000000000000000000204000002003C086
:10B78000844120202041410003402000200020006F
:10B7900085842080A10984840100200920002000E4
:10B7A00020000200202020801020002040200020C7
:10B7B0000082000000A0008400C00480201020044B
:10B7C00001200080400000090590008004800104F1
:10B7D00000A020200102018520A0004100000009F6
:10B7E0000002000000400000008000000000000097
:10B7F0000000000000000005000000A00000809094
:10B8000040030004000400040000000900110404C7
:10B81000000500010000000400010091000100206B
:10B8200020112000A00000000000000420001004EF
:10B83000804000052021202000010000A001000020
:10B84000A010800180098410101084210002C041E2
:10B850001005804100010000002100200000004090
:10B8600000000000000000000008040000000000CC
:10B8700000000000000000000000000000100010A8
:10B88000040300C020A0908000A10021A02020403F
:10B89000A19000A010400010849000200020A02063
:10B8A0008288004001102120C00040200080010853
:10B8B0000490029090A011200110002000000520AB
:10B8C0000021098404200808059101A10590009138
:10B8D0004182908220C00020000000900080000083
:10B8E0000080000000000000000000804000000018
:10B8F00000000000000000000000000000004010F8
:10B9000020840384040984A0000204A10205040821
:10B9100004840920020005A0080003204110C12171
:10B920002009030303090204A00400059004A008F1
:10B930002040411020042002200810032002008033
:10B94000A0A0A084A085208490C18084820385105B
:10B95000020003044102C005031089214121202077
:10B9600000008000854100018011000002010201F9
:10B970004100000000000000000010001000000066
:10B9800084000002880801402100100009400020C6
:10B9900011051100A08283001005840084858405B0
:10B9A000020490048840A0040188050200840488F1
:10B9B0000300C18804080305C121C10090400905A6
:10B9C0000000092109410520010504200408042084
:10B9D000088001000091088305C0108520A000A008
:10B9E0000389A00004000488002008820000882049
:10B9F0000020000000000021000000000000000006
:10BA0000000003910908029010A1410000401000BD
:10BA1000A04041000204030404001104804102001C
:10BA2000A0008210400002911105A00020004000FB
:10BA3000000000019084081009044110009080016A
:10BA400000C0000084A1848384018410888388114D
:10BA500008A104110000040520C1C1002020842198
:10BA60000021002120880088009000820000000052
:10BA700000001004000000000000000000000000B2
:10BA8000000000000004200811118240400820003E
:10BA900020000200204183800000200800100804DC
:10BAA0001011020020200000012004A00500090060
:10BAB00090400800200420000400008000080021BD
:10BAC000200400040000091021100910098005203D
:10BAD00011A0A11005900020038201024004008003
:10BAE000112000A004A0000000039000004000000E
:10BAF0000000000401000000001100000000000030
:10BB0000000000000000C090100120048805058896
:10BB10000302058804A0000100C004040802418853
:10BB200002A00582022003020200914002A08302CB
:10BB300005200084C0040011401010054002028559
:10BB400090C08002808400000803001004210003DC
:10BB500000090300080008214101209088820003A9
:10BB60000410002185014111000000000000800147
:10BB7000001000080008802000880000000000007D
:10BB8000000000000000000005000820004002083E
:10BB9000402088104002C0101040C0081080A01043
:10BBA000104111049009A0C1102111020285080260
:10BBB000200010100010021010040802C0841000B1
:10BBC000104002002010200800001104C08285846B
:10BBD00040040090901191208308202083202000B1
:10BBE0000084058300A0041008A0040000418840E0
:10BBF0001040908090000000408000000000000095
:10BC000084001000000000000000208802014001B4
:10BC1000001100C01190418203040483820021C0FE
:10BC2000100440A00382412000202088021005114A
:10BC30001000080804888202A0C00085214020402E
:10BC4000C11020030008204180820000840508857F
:10BC5000888204110010840000918810030089007C
:10BC6000020385054100C110410008108000080052
:10BC700000004000000200910001110400000000DB
:10BC800000400020000000000040000000200104EF
:10BC9000C00400041000002000000880000405001B
:10BCA000000300000000020020000000400020030C
:10BCB00000044000000220022100200000040000D7
:10BCC00000802020C004880001842000000005902E
:10BCD0000110090001A00080080000101180000080
:10BCE0004000C084408400000880200004890400D3
:10BCF000010000000221008000104020020200002C
:10BD00000000000000000000000000000000208390
:10BD100005411104009183038009C10808040883C8
:10BD20001009090810081003100908839090830374
:10BD300020890002414182880840A091880820841F
:10BD40000803A005054103880008804004040000A2
:10BD5000A1880002041182C100A009110041A111B3
:10BD60000383211188C1808080A100850089200083
:10BD70002020C004200920088003A003890411208A
:10BD800000000000000000000000000000000000B3
:10BD900008C108880220A0044001400104000100FD
:10BDA00001030491C09001408905010990C004027B
:10BDB00002410103022101890802410504C00490E7
:10BDC000A002001020A00088890884400890008408
:10BDD00000000882008500009002008289820041F4
:10BDE000208805030320210288028883840800112B
:10BDF00001200100C1001000010182001100C101F9
:10BE00000001000000000000000000000000000031
:10BE1000000003022141201120C1030810038310F8
:10BE2000050111034108052141C1011000100182E3
:10BE3000012110A10502412104C08840402111A127
:10BE400088A003919121880409042002410510A0D3
:10BE5000908800000888088302108283010103A0F3
:10BE6000090282000020880005C041000100020094
:10BE700041008210A011A121C1020320830185404D
:10BE80001189829000020000000000000000000004
:10BE9000000000009105C00408208482A100C08336
:10BEA0002184830910C0C100A088838910C111803A
:10BEB000211003890821088002C088891005080420
:10BEC000C0030910C02104200541C11184A120082C
:10BED0008541090800008589410890218940210297
:10BEE000884020809008008008008291830520020D
:10BEF00004418500888300902010A0A1400811080B
:10BF0000048589888900000000000000000000000E
:10BF1000000000000000900584A11041208803A1CA
:10BF200010080089888309840388C088100309A049
:10BF30002121C00921830904214080898303A14173
:10BF4000200940844110A10285094009201083C1C5
:10BF500021101091411000002084C1890910A19086
:10BF6000808085914109809102918311A0A08983ED
:10BF70008005808202C0808505A120404082218208
:10BF800002020291092090830000000000000000DE
:10BF90000000000000000000089082098488C0A111
:10BFA000022100A0008582A100048208028421A150
:10BFB00000100104101120830000080310854103C4
:10BFC0001190900891080440098810109140A041F8
:10BFD000A10808840084C0820000110803028411B3
:10BFE000888220088802008988820188A090828443
:10BFF00020C12004C0C0011102820003008501029B
:10C000002083001100C0018288830000000000002E
:10C0100000000000000000000000218402A19085C3
:10C0200010040100000201030090118903A0100018
:10C03000090283888902100010001104899190017F
:10C04000200084A085020200081021409184080489
:10C0500041880920910420000310000082400284DE
:10C06000020001058310C185A10108894110A0408B
:10C07000100001008203A005000002038809880067
:10C0800010004082209104090201211000000000EC
:10C09000000000000000000000000000C1C189088D
:10C0A00009820941090008880888002083A1040842
:10C0B00089081003038004C01010A10083882004A5
:10C0C00041031120900508C1080820A1A191402139
:10C0D00003854011C10040418404A080000083809A
:10C0E000912188020290A088A1412040C0108300C5
:10C0F0000491A02010008083008500008089050243
:10C1000008008900A100A09183848510A080000010
:10C11000000000000000000000000000000012000D
:10C12000000BD0000A000000000BD00006410A00FE
:10C13000000BD00000000A00000BD0000000060039
:10C14000000BD00000600000000BD00000C2000017
:10C15000000BD00000000600000BD0000A00000019
:10C160000A00000BD00000002100000BD0000000EE
:10C170000081000BD00006820600000BD000820078
:10C180000000000B000000000000000BD0002100A8
:10C19000000000000000000000000000000000009F
:10C1A0003F3FFFFFFEFFFFFF5F5F5F5F55FF55FFF4
:10C1B0001CDF1CDF3CFF3CFF1CDF1CDF55FF55FF75
:10C1C0005F5F5F5F15BF15BFBF15BA107DD72882AF
:10C1D0005A5AFF007D7D2828AAAA3F305FF50AA0A1
:10C1E00000005A5AFF00C3FFC30000000000000F08
:10C1F0000F0F00050404000C000500000000030000
:10C200000000417D417D0000000014CFD7CFF0F049
:10C21000000F00000000000000000000000000000F
:10C2200000007FFFFFFFFEFFFFFF00000FFF141E57
:10C23000141E1C5D1C5D055505551C1F1C1F141E7E
:10C24000141E143C143C151F151F15BF10BA2D8762
:10C250002D875A5A3C3C0FF00FF055553F301EB415
:10C260001EB400005A5A3C3C5A5A5A5AC0000000A8
:10C27000000F000000050404000C00050000000091
:10C28000000000000C0CCFCF00004000140CD70CB5
:10C2900000000C0C00000000000000000000000086
:10C2A000000000003C7DF0F0BFFFFFFFBEBEBEBE41
:10C2B000FFF0FFF0FEAAFEAAFCFCFCFCFEAAFEAA10
:10C2C000FF3CFF3CFEF0FEF00096FF96C300FF3CF3
:10C2D000050AF5FA0C0CFCFC003CFF3CC0C0FCFC61
:10C2E0000096FF9600000535F53500F0FFF0FC00E4
:10C2F000C00000000000AA00F000A0A0AA00000FEB
:10C30000000080000000F5A07D7D0000000FBEFC55
:10C31000BEC0000800000000000000000000000097
:10C32000000000000000FFFFF0F0FFFFFFFFFA0039
:10C33000FA003A303A307C287C28BC80BC807C28CB
:10C340007C28E828E828AEA0AEA0F096F0965A5ACD
:10C350005A5A353A353A55AA55AA5A5A5A5A55AAE6
:10C3600055AAF096F09600000A3AFA3A96969696F2
:10C37000FC00C000080000000000000000000000F9
:10C38000000F000080000000F5A028280000000F2A
:10C3900082FC82C0000000000000000000000000DD
:10C3A0000000000000000000A0862CF0A3B80005EB
:10C3B000C0C6C0F030B04903C0C7C0F033B04903B5
:10C3C000C0C7C0F033B04903C0C7C0F033B00903E1
:10C3D000C086C0F030B00803C086C0F030B008039B
:10C3E000C086C0F033B008030000C000C0103300A6
:10C3F00000030000001003000005088604EC00B2F2
:10C400000010A0005010A300000500860CE000B052
:10C41000000000060CF00089000000000000000091
:10C4200000000000000000000000FFF7FFFF001404
:10C430000F1F00000000FFFFFFFFFF80FF00FFEF66
:10C44000FFFF0AFA0AFA0C0F1455CBFB08380FFF4E
:10C45000FFFF3C3C00000040000000000000FFFF28
:10C46000FFFB00000000FFFFFFFF0000AA00A0008C
:10C470000404000C20202800000C000F0000000F16
:10C480000000010028283C00000F000C00000020E4
:10C4900000000004000000000004C0C00000000014
:10C4A000000000000000000000000000FFFFFFFF90
:10C4B00000000F0F00000000FFFFDFFF8080000082
:10C4C000FFFFFFFFFCFC00000C0F1455C8F80838F4
:10C4D0000FFFFFFFBC3CA000000000000020000098
:10C4E000FFFFFFFB00000001FFFFFF3F0000000017
:10C4F000A0000404000C20202800000C0000000014
:10C50000000F00000000000000000000000C000010
:10C510000000F0F40F0F00000004000430300000B1
:10C52000000000000000000000000000000000000B
:10C5300000000000010000000000FFFF7FFFFFFF80
:10C54000080000000000300000000000000010FFA4
:10C5500000FF00FF0CFF2000000000100000BFFFE4
:10C56000FFFF0000000420000000000000040000A5
:10C570002800AA00000C0014280030000005050562
:10C58000FFF7FFFF0FFFFFFF2020A000005505056C
:10C5900000000000FFFFFBFF0000000050A0112280
:10C5A000000000000000000000000000000000008B
:10C5B000010000000000000000000000FFFF7FFFFE
:10C5C0000800080000040000000000000000000057
:10C5D00000FF00FF00000C0C000000000000000045
:10C5E000FFFFFFFF0000000020000000000000042B
:10C5F000000028000000000C001428003000000596
:10C600000000FFFFFFFF0FFFFFFF2020A000000042
:10C61000000000000000FFFFFFFF00000000050A0F
:10C6200014280000000000000000000000000000CE
:10C6300000000020200020821188112021200020ED
:10C64000211020002010200004C04108000000A09C
:10C65000002000000400200041A00004000000A011
:10C66000008821820284209020C0048402A002005D
:10C6700000000000000000840000040800A000008A
:10C680000088000441000082008200C00004000015
:10C690000000000000000000000000000088000012
:10C6A000000000000000000000000000000000008A
:10C6B0000000000000210041000000412000C000F7
:10C6C000C0109000022140004003884104119000F6
:10C6D0002003C00500050000040382410000200083
:10C6E000C003C0000400000410000000000084002B
:10C6F00000050000000000040000A0009000A0055C
:10C70000001100000011000482000005400000003C
:10C710000004000000000000000000000000000015
:10C720000000000000000000000000000000000009
:10C73000000000000000000000100000218200083E
:10C7400000A0001000000000000000000000000435
:10C7500000100000000800A00000000021100000F0
:10C760000000000000000000001000000084000035
:10C7700000000000000000000000000000000000B9
:10C780000082008209840000000000900000000088
:10C79000000000000000200400820084000000006F
:10C7A0000000000000040082000000000000000003
:10C7B0000000000000000000A010A0090010A0046C
:10C7C0001021000804410011001100210021021075
:10C7D000C00300410011001100410010C0410000E1
:10C7E0008800000800100008000000200000000879
:10C7F00000210021000000030000000900202000AB
:10C800000020000000050010002000200002204150
:10C8100000111008000000000005000000000000EA
:10C8200000000009000000090000000000000000F6
:10C8300000000000000000000000084000A0090205
:10C840000408218800200088094010C041C003C0AE
:10C8500004001120040241004190088809404184ED
:10C860000500100008000808100003101000112037
:10C8700009A04000080008901100000009081100FC
:10C880000490058241101120090003820040050038
:10C8900003C0030003201000050003001100030083
:10C8A0000000000000000000030005000000000080
:10C8B000000000000000000000000000C041100265
:10C8C0000802081108418441104110114020402104
:10C8D00000210440841110081011C01000104008FD
:10C8E00020001011A0098441844090090441C00235
:10C8F00082099009C01100080821004000000005CD
:10C900000040C0040009402100009009000084217B
:10C91000C02100200000100982000000002100005A
:10C9200000000003000800200003002000000000B9
:10C9300000000000000000000000000000004000B7
:10C940002084050005004008200041000540030048
:10C950001000050005000000004021C00208000092
:10C96000020002000000040009000002410000A0D3
:10C97000008209841010081005020208201000002F
:10C98000008809900088089000904000009000887E
:10C99000008800900000000040020000002040825B
:10C9A0000000000000000000000000000040000047
:10C9B0000000000000000000000000000000000077
:10C9C000A0090041100900028200A0008800820432
:10C9D000021184090203904108110811040840085B
:10C9E000001108210811900400000021901100108E
:10C9F00004090009020020020011400888034009D0
:10CA00000000040384030003000000410200C02072
:10CA1000020002111000021140024009000400044B
:10CA200040020021000000004002C00900118811EE
:10CA300000200000000000000004000000000000D2
:10CA40000002050003000084002000824100000075
:10CA500041C000A021820020400203100088030290
:10CA600000880500002000A0000000000910090057
:10CA7000030000840000050800820082000000001E
:10CA800000A000002100004000000000210005007F
:10CA90000500210011000300090000A000004182F0
:10CAA000090000000000000000001000000000006D
:10CAB0000000000000000000000000000000000076
:10CAC0000000000090099005A00882028400001177
:10CAD00084080821C008A040C003C0020411020855
:10CAE00008008440082182119041C0218420020264
:10CAF000042040418402824040210811080882003D
:10CB000004080408000084000800884088210410FC
:10CB1000880200108800000000204011881184085D
:10CB20000002000000090000840008088421C020E1
:10CB300008008420C0001000000000000000000079
:10CB40000000000000004020119004001088040044
:10CB500010100204040005000000000020A0404066
:10CB600020080808100420000404110000004040C0
:10CB70001120049000A000000282001000100204A6
:10CB8000020000C00984000000000900100800A095
:10CB900004002100000000202088000010900040C8
:10CBA000009009400000040800000000090009206E
:10CBB0000088000000000088000000000000000065
:10CBC000000000000000000000020402002102003A
:10CBD00010000002100988052000204020000220DB
:10CBE000C040A0210808084100008421840382116C
:10CBF00088410020C0210210A00384410400A00548
:10CC000000039003000440000000000900099005A3
:10CC10000000000300200021C021824000400803E2
:10CC200010090004C00388110020820900000000E0
:10CC300000409004881120094020000000000000FE
:10CC400000000000000000000000000000000000E4
:10CC500000000000000000000000000000000000D4
:10CC600000000000000000000000000000000000C4
:10CC700000000000000000000000000000000000B4
:10CC800000000000000000000000000000000000A4
:10CC90000000000000000000000000000000000094
:10CCA0000000000000000000000000000000000084
:10CCB0000000000000000000000000000000000074
:10CCC0000000000000000000000000000000000064
:10CCD0000000000000000000000000000000000054
:10CCE0000000000000000000000000000000000044
:10CCF0000000000000000000000000000000000034
:10CD00000000000000000000000000000000000023
:10CD10000000000000000000000000000000000013
:10CD20000000000000000000000000000000000003
:10CD300000000000000000000000000000000000F3
:10CD400000000000000000000000000000000000E3
:10CD500000000000000000000000000000000000D3
:10CD600000000000000000000000000000000000C3
:10CD700000000000000000000000000000000000B3
:10CD800000000000000000000000000000000000A3
:10CD90000000000000000000000000000000000093
:10CDA0000000000000000000000000000000000083
:10CDB0000000000000000000000000000000000073
:10CDC0000000000000000000000000000000000063
:10CDD0000000002000000000000000000000000033
:10CDE0000000000000000000000000000000000043
:10CDF0000000000000000000000000000000000033
:10CE00000000000000000000000000000000000022
:10CE10000000000000000000000000000000000012
:10CE20000000000000000000000000000000000002
:10CE300000000000000000000000000000000000F2
:10CE400000000000000000000000000000000000E2
:10CE500000000000000000000000000000000000D2
:10CE600000000000000000000000000000000000C2
:10CE700000000000000000000000000000000000B2
:10CE800000000000000000000000000000000000A2
:10CE90000000000000000000000000000000000092
:10CEA0000000000000000000000000000000000082
:10CEB0000000000000000000000000000000000072
:10CEC0000000000000000000000000000000000062
:10CED0000000000000000000000000000000000052
:10CEE0000000000000000000000000000000000042
:10CEF0000000000000000000000000000000000032
:10CF00000000000000000000000000000000000021
:10CF10000000000000000000000000000000000011
:10CF20000000000000000000000000000000000001
:10CF300000000000000000000000000000000000F1
:10CF400000000000000000000000000000000000E1
:10CF500000000000000000000000000000000000D1
:10CF600000000000000000000000000000000000C1
:10CF700000000000000000000000000000000000B1
:10CF800000000000000000000000000000000000A1
:10CF90000000000000000000000000000000000091
:10CFA0000000000000000000000000000000000081
:10CFB0000000000000000000000000000000000071
:10CFC0000000000000000000000000000000000061
:10CFD0000000000000000000000000000000000051
:10CFE0000000000000000000000000000000000041
:10CFF0000000000000000000000000000000000031
:10D000000000000000000000000000000000000020
:10D010000000000000000000000000000000000010
:10D020000000000000000000000000000000000000
:10D0300000000000000000000000000000000000F0
:10D0400000000000000000000000000000000000E0
:10D0500000000000000000000000000000000000D0
:10D0600000000000000000000000000000000000C0
:10D0700000000000000000000000000000000000B0
:10D0800000000000000000000000000000000000A0
:10D090000000000000000000000000000000000090
:10D0A0000000000000000000000000000000000080
:10D0B0000000000000000000000000000000000070
:10D0C0000000000000000000000000000000000060
:10D0D0000000000000000000000000000000000050
:10D0E0000000000000000000000000000000000040
:10D0F0000000000000000000000000000000000030
:10D10000000000000000000000000000000000001F
:10D11000000000000000000000000000000000000F
:10D1200000000000000000000000000000000000FF
:10D1300000000000000000000000000000000000EF
:10D1400000000000000000000000000000000000DF
:10D1500000000000000000000000000000000000CF
:10D1600000000000000000000000000000000000BF
:10D1700000000000000000000000000000000000AF
:10D18000000000000000000000000000000000009F
:10D19000000000000000000000000000000000008F
:10D1A000000000000000000000000000000000007F
:10D1B000000000000000000000000000000000006F
:10D1C000000000000000000000000000000000005F
:10D1D000000000000000000000000000000000004F
:10D1E000000000000000000000000000000000003F
:10D1F000000000000000000000000000000000002F
:10D20000000000000000000000000000000000001E
:10D21000000000000000000000000000000000000E
:10D2200000000000000000000000000000000000FE
:10D2300000000000000000000000000000000000EE
:10D2400000000000000000000000000000000000DE
:10D2500000000000000000000000000000000000CE
:10D2600000000000000000000000000000000000BE
:10D2700000000000000000000000000000000000AE
:10D28000000000000000000000000000000000009E
:10D29000000000000000000000000000000000008E
:10D2A000000000000000000000000000000000007E
:10D2B000000000000000000000000000000000006E
:10D2C000000000000000000000000000000000005E
:10D2D000000000000000000000000000000000004E
:10D2E000000000000282020803082008202180219B
:10D2F000042100A1002100020421001100C000103F
:10D30000000204092000001020040008020082002E
:10D3100040000001000300040241009100022011BE
:10D32000000221C10000008800040002004000113A
:10D3300000108320802004050005800200400000CA
:10D3400000020004000100010001000100040001CE
:10D3500000010000000000000000000000000000CC
:10D36000000000000000010021000000412101A098
:10D37000089001A0402000C000A100840408100013
:10D380000400000409A000058410C0850085050084
:10D3900040040041900400A0000501A0004000806E
:10D3A00000400084004000C0000000002080008495
:10D3B000009000800480088001840020208000808C
:10D3C0000000008000000020000200020004008035
:10D3D0000002000200000000000000000000000049
:10D3E00000000000000000000020C00500A1008334
:10D3F0000000809100A100020003801100C080C1E4
:10D40000000300090001002100100001002000C0FD
:10D41000000000200008008420C00001000000017E
:10D4200000080001000200030000000021000200CB
:10D430000085000200214008009100001008400310
:10D4400000000084000100000082000000000000D5
:10D45000002100000000000000200000000000008B
:10D460000000000000000000000000882020402094
:10D47000002004112010001000900004102000086B
:10D480000208000400840004008400900010008062
:10D49000000000000090000000210100004000108A
:10D4A00000400000004000A120C000000008004132
:10D4B0000100004000C100A0014100100021012135
:10D4C0000182000000050040000000000000000094
:10D4D000000000A00000000000000080000000002C
:10D4E0000000000000000000000000000400211007
:10D4F0001001104004208410200011210204029029
:10D500000082800940000000084084A110840803C4
:10D510000400401091820440410283104040020305
:10D520002103080082020000110811850000C000DC
:10D53000820503408909401000030483882102000A
:10D540000340410200840001000000000203008249
:10D55000008241000420000009002000200010008B
:10D560000000000000A00000000000000000081003
:10D570000810000200410189052100088210000006
:10D580009100901120A00100001000110520410819
:10D590000104000083214010200800104021018078
:10D5A000018200020040410000080000000200006B
:10D5B000210021020085200201801090890205844B
:10D5C0000100008000800000001000000041018484
:10D5D00000000000000001800000000001000100C8
:10D5E000000000000000000000000000000000003B
:10D5F000200480001100C000A0004021110120047F
:10D6000040008500410041002000000040028400ED
:10D61000049100091009002120A000001100000160
:10D620000000210000008000000000012000000038
:10D630000000030088002000400008048200210050
:10D640000800050080004000000008000000000005
:10D650000200410000000000000100000000000086
:10D6600000020000000000000000000000000000B8
:10D670000000009002100000080004212082020235
:10D680002009A000100084040000A00020040089EC
:10D69000054010100090002000A00008000090003D
:10D6A000C0200000001082084020884090028800BE
:10D6B000040500008208400003400304A10208049E
:10D6C00040020502000340200004400400008411D1
:10D6D0009008000404030004000200200000001170
:10D6E00000090000004000000000000300000000EE
:10D6F00000000000400210C04140850283C010902D
:10D70000919100C0110000000810100841C102846E
:10D7100002200489831190041090910800082008C9
:10D72000008541C0001080100302A1000000030129
:10D7300000009084000000000084000821C08800E0
:10D74000800321A1C0080083100021C1808403024E
:10D75000100441050088038200A0000083820000BD
:10D7600000880000008200000000000000000000AF
:10D77000000000000000908900000085028008047D
:10D78000000008200002000000000000000000402F
:10D7900005030000912020C0024100082000400045
:10D7A0000121881000000011040082804011001047
:10D7B000000288000240000010000000004100103C
:10D7C0002100088410044108000401000020040521
:10D7D0008480008000C00000000000000000040001
:10D7E0000000000000000000000000000000000039
:10D7F000000000000000000020C002020985C08473
:10D8000011410890058400008008080402004000CF
:10D81000040241024110041110000884102021204C
:10D820004000400020044084C0104090400540204B
:10D8300040004008408840090000C0404008C00047
:10D84000C008A002C00509218802208210090841F1
:10D850000800092002004000028803A0008800049C
:10D86000820400900088000000400040000000405A
:10D870000000000000000000000400000080000420
:10D880000841A0028900A004A0000200048000005A
:10D89000100010110204842191200008020410805D
:10D8A00010800000A040850000102000000482408D
:10D8B000008088000008000300400000408800004D
:10D8C000400002000240042040A00500200305089B
:10D8D00090828403200904040020C00990000020E5
:10D8E00040000420000000111000000900000000AA
:10D8F00000000000000000000000000000030840DD
:10D90000008000800083210000808000918800C09A
:10D91000841140000010A008401020040083110072
:10D92000042010A090830904008208030003000073
:10D93000A000002000034000808000A00000000341
:10D9400080801180002080032080408000A00003A0
:10D950001082851100C0A00389040802080803038F
:10D96000080310204041030302030010852000003B
:10D970000000000000000000000000000000004166
:10D98000004140C0004000830088200404A004023D
:10D99000000540830000008804A000840088021174
:10D9A000040084C00121838300210003210200219F
:10D9B00000404040004100832140400400A100009D
:10D9C0000091020400080091202189200102042115
:10D9D0000803884040C020C08201100104012001DA
:10D9E000A101830100009000A1010101C0014001DB
:10D9F0000000000000000000000000000000000027
:10DA0000040520110310091002000005C000832046
:10DA100021C00409092108050000C082C191C0028B
:10DA20001010C18410848220A0C041414100A11087
:10DA300002C0910008A0030820012100C0102108A5
:10DA4000000020009100900021089000890120042E
:10DA500083099188A120208404C0008803A00901C3
:10DA600083200140010901A1010000000009010516
:10DA700001000000000000000000000000000000A5
:10DA8000000080038020C000839000000020800000
:10DA90008380100040A105A083C021200420050838
:10DAA00085A0008502032085C0C120108420820942
:10DAB000030500112000000083808010200000007A
:10DAC00003000000800320080000039000402004B1
:10DAD000820083C121030400A0110500080904820B
:10DAE000820483891080104103030309050003C1E8
:10DAF0000383030900000000000000000000000094
:10DB0000000000000000028020C000830900000027
:10DB100000020083A00841881090809091028883C1
:10DB200004C188A0912100844108038891030084E6
:10DB300005829083008083000082800300008000C3
:10DB4000008200030080000000802182808380002A
:10DB500080009102008304002102090890119008BE
:10DB600000C141219103419000102103038310055E
:10DB70000084058383030000000000000000000013
:10DB800000000000000090A008A089210203C0A0AE
:10DB900000028210008341050011008540114040C1
:10DBA00009A0C0840389400500110011018382008F
:10DBB00010C10085088900020320908504910008A7
:10DBC00082900285008900802088002001030221C4
:10DBD000020088882009008300108505A182C10306
:10DBE0008309002100118211040300A10089A18989
:10DBF00003000005001121010000000000000000EA
:10DC000000000000000000008310840808001000DD
:10DC100083A104A108000288200090200401028250
:10DC2000028290C0820088008909C10203001004AA
:10DC3000058289030591888289A0200020000000C8
:10DC400089A0200089009020008009A0C00409005C
:10DC5000400083A00890010010880305028820007E
:10DC60000240C190039191A1900901200103010597
:10DC70000000010201C100C001000000000000001E
:10DC80000000000000000000000083A100800000F0
:10DC90008020832080C000000000100808050808CC
:10DCA0000920889005A10200914020032000A008CF
:10DCB00083008390848802088885030080008000A8
:10DCC00002000340800020000080008083020000EA
:10DCD0002000800083000003200080C08389890029
:10DCE000000082800310C108210241A003000383C9
:10DCF00021824111038003830205200200000000FD
:10DD00000000000000000000000000001200000BF6
:10DD1000D00042000A00000BD00000000000000B01
:10DD2000D00000000050000BD00041000A00000BA2
:10DD3000D00041480600000BD00012600048000BE4
:10DD400004000A0000000000000041000000000084
:10DD50000000D00000004100000BD0000000006077
:10DD6000000BD00000000000000BD00012420600A3
:10DD7000000BD00012420000000BD0001242000045
:10DD80000000000000000000000000000000FFFF95
:10DD90000000FF000000FFFF0000FF000000C300C4
:10DDA000CF0F00800000DFBFCF3F00000030040035
:10DDB00000000000000000000000000000003C3CEB
:10DDC0000000FF0000000F0F0000FF000000000037
:10DDD0000F0F0000FF0000000F0F0000FF00000009
:10DDE00066002424FF000F0F000000000000000068
:10DDF0000000000000000000000000000000000023
:10DE00000000000000000000000000000000000012
:10DE100000000000FF00000000000000FF00000004
:10DE2000E766EF6F00000000DBBDC33C00000000B0
:10DE300000000000000000C0000000000000000022
:10DE40003C3C0000FF0000000F0F0000FF0000003E
:10DE500000000F0F0000FF0000000F0F0000FF0088
:10DE6000000000000000FF000F0F00000000000095
:10DE700000000000000000000000000000000000A2
:10DE80000000000000000000000000000000000092
:10DE90000000000000000000000000000000000082
:10DEA0000000000000000000000000000000000072
:10DEB00000000000000000000000C2080400001084
:10DEC0008861000000000000000000000000000069
:10DED0000000000000000000000000000000000042
:10DEE000000000000000000000000000C208040064
:10DEF00000108861C208040000108861C208040094
:10DF00000010886100000000000000000000000018
:10DF100000000000000000FF000000FF0000FFFF05
:10DF2000FFFF9999FFFFFFFF00F018F8FFFF424F36
:10DF3000FFFDFFFFF0F06666000000F0000000004B
:10DF40000000000000003C3C0000F0F000003C3C01
:10DF50000000F0F0000000003C3C0000F0F0000089
:10DF60003C3C6666F00F949904003FFFFFFF000001
:10DF700000000000000000000000000000000000A1
:10DF80000000000000000000000000000000000091
:10DF9000000000000000000000FF000000FF000083
:10DFA0000000FFFF9999F0FFFFFF00001818424F93
:10DFB000424FFFFDFFFF303024240000000000002E
:10DFC00000000000000000003C3C0000F0F00000F9
:10DFD0003C3C0000F0F0000000003C3C0000F0F091
:10DFE00000003C3C6666F00F949404043FFFFFFF82
:10DFF0000000000000000000000000000000000021
:10E000000000000000000000000000000000000010
:10E010000000000000000000A2C751F0A3B4494571
:10E02000A2C7519003044140A18650F0A0B00085E2
:10E03000A186507CA0980005A0065AF0A300000518
:10E040000586043003920010C6C701F608B44940A3
:10E0500002C7016000B449400000A2C75170A0B4DB
:10E060004945A2435130A304014808860AEC00B098
:10E070000080058604F00092001000860070039274
:10E080000010008600F00092001000000000000068
:10E090000000000000000000000028000800000050
:10E0A000000C3C3CF0FF0C0C003C0000C0007EFF6C
:10E0B000DBFFD6FE82AA00000000C3E8FFE835358A
:10E0C000F0FF3C3CBC3C000FF0FF000000000001F2
:10E0D0000000000000000000000C0000CFEB0C2846
:10E0E0000040000028002828000F0505000000005F
:10E0F0003F3F030300000000043C003C0000000020
:10E100007D7FFFFF00000000000F000F00000000F7
:10E1100000000000000000000000000008000000F7
:10E120000000000C0000F0000C0C003C000000009F
:10E130007EFFDBFF547C0028FF10000000283C28F5
:10E140003535000F3C3C3C3C000FF0FF000A00005E
:10E150000001000010000000000000000000CF28B7
:10E160000C28000000002800000000000000000053
:10E1700000011417141700000001003C003C0000CF
:10E1800000000000AAA000000000000F000F000027
:10E190000000000000000000000000000000C0EAD5
:10E1A000FFFF0000000C3C3CFC0C14D700FF0000FB
:10E1B0000F003FFC0FF0557D003CFFF000003C3CA1
:10E1C00030300F0F5555FC00A8A800FF00FF0000DD
:10E1D0000000000000301FBF10B000080000000069
:10E1E000FFFFFFFCFFFFF3FF000000200404000C12
:10E1F000CF0CBE3C000000000000000055FF050FE2
:10E20000000000000000000000000000000000000E
:10E2100000000000000000000000000000000000FE
:10E22000C0EAC0EA000000000000FC0C14D70000A7
:10E2300000000F007FFD5FF5F5FDF0FCFFFF000023
:10E240003C3C30303C3C00FFFC00A8A8007F00FFB5
:10E2500000040000000000301FBF15B500000000E2
:10E260000000FFFFFFFCFFFFFFFF000000000404B1
:10E27000000CCF0C82000000001000000000000025
:10E28000050F00000000000000000000000000007A
:10E29000000000000000000000000000000000007E
:10E2A00000008000004102A0882040C088100010BB
:10E2B000801021040040C040001100108010A01008
:10E2C00000100090C00100848010880080C084028B
:10E2D0000810000980001001800020004102004069
:10E2E0000000000000400811400011A100010801D9
:10E2F0000000000000010004000000040000804055
:10E3000000000009002000200000000000000004C0
:10E3100000000001000000000000000000000000FC
:10E32000000000002000008401002180200005C1C1
:10E330000491040084800480028000040000042111
:10E34000040400000000024000000208090004412B
:10E35000059101040082100001402000000000A18E
:10E360000080000000C00080019008000008000448
:10E370000110000400000040008040000080000008
:10E3800002800005004000840080000000000000C2
:10E3900000800000000400000000000000000000F9
:10E3A0000000000000000004000000040001100054
:10E3B0004000800000010500000000010001000194
:10E3C0000001040100910000A101000100002001F2
:10E3D00080010000000100000000000000010001B9
:10E3E000000000010000000000000888000000019B
:10E3F00000010001000000010000000100410000D8
:10E400000000000000010001000000010000000108
:10E4100000000000000000000000000000000000FC
:10E42000000000000000000000900010009000209C
:10E430000010001020210004000800020004002049
:10E440000004000400040004001002400010002139
:10E45000001004200003000800000000001000402D
:10E460000008001000020010000000210108000058
:10E470000008000400080021000800020040008499
:10E480000000000300050008000800000020000054
:10E49000002000000000000000000000000000005C
:10E4A00000000000000000000000800400408240E6
:10E4B000802084A180118810001080A020400002DC
:10E4C0004088001004000020808500A080101010FB
:10E4D000000000038411800388110200000000C1C5
:10E4E0002004008509000000000100000001024036
:10E4F00000828001008200114000040000C1000081
:10E5000020040282000005000009004000C0000055
:10E510000020000000002004000020040000000093
:10E52000000000000000000000000000208988803A
:10E5300041C040850904048405A1888502009180BA
:10E5400002C08303100511211085020284214000BE
:10E55000008510000090052004A00982010400102D
:10E56000000801C000080002040088020000C00288
:10E570000180840404208821A08811041100000473
:10E58000004021050103A000000000C000880041F8
:10E5900000210083000000030180000001800000D2
:10E5A000000000000000000000000000000040002B
:10E5B000000000044001C10120008401102120035B
:10E5C000000110004010400102000501020040005F
:10E5D00002008500410008100001402000014000B9
:10E5E00000002000020041000400040000000000C0
:10E5F0000300000000000020100040004001C001A6
:10E600000200802000208000040000004000020082
:10E6100000010000000000000000000000000000F9
:10E6200000000000000000000000000000000000EA
:10E630000109002140C1021040102109212000A041
:10E64000000200020010829101200021200201003E
:10E650000010014104210004011000040000000228
:10E66000010000000000000040100000C0008841D0
:10E670000000004100100000009040030000004036
:10E680000420000920892080040000000000000010
:10E690000505000800030011000000000000000054
:10E6A000000000000000000000000000000000006A
:10E6B000000000C0C082038280C0A0840508101141
:10E6C00008090000800000000500020000408220D0
:10E6D00000A140000208400140C0040540040004BD
:10E6E00000A000A000011000090000088384900829
:10E6F0000410000003089008054000831000058204
:10E70000400200840304000810822000040004007A
:10E710000482048200020008000000A00000000142
:10E7200000000005000000000000000000000000E4
:10E73000000000008210031020000410090088006F
:10E74000C004C1108240020582418408C1410040DA
:10E750000500882001400121C11089211090048307
:10E76000C090A000001000408500000000001000D4
:10E7700010100000000088800800208000200003A6
:10E780000000C1A1000800808200004000091103C0
:10E790001100910885000089008010001000C00061
:10E7A0001004C00000840000000000000000000011
:10E7B000000000000000038420208090A02085201D
:10E7C000C120001020081090200002842000418801
:10E7D000029140844120000000C04190008211025B
:10E7E00040020404000241000900102009040082D4
:10E7F000040810020000000000A008000090009033
:10E80000009082000000038800080202109011822C
:10E810000000038405000001000309022002000239
:10E8200000040004000000040000000000000000DC
:10E830000000000000000000000001022000098923
:10E84000040020800080010000000000010300009F
:10E8500020004102880000000000000000000000CD
:10E86000008010000180008000000000C0000080D7
:10E870000400000800000000000000000100020089
:10E88000000000000900000000000000000000007F
:10E890000000000000000000004000200000000018
:10E8A0000000000000800000008000000000000068
:10E8B00000000000000000000000800300000804C9
:10E8C00000008083C10089898080210385A0050024
:10E8D000800000838800C0C1008000834000208049
:10E8E00000081103094000404041A040042080116D
:10E8F00021080903212000200341000000804180FD
:10E900000880000000094105801003219182200544
:10E91000808920C100008580A1800000004089100E
:10E9200020C1009000410020000300090000000009
:10E93000000000000000000000000000400108008E
:10E94000010100000483C0A0C0052004010511409E
:10E9500000904004A0A10284200200C0008391A086
:10E96000010200A1030101010001010190839189CD
:10E970002090030000010001000001010000904010
:10E9800000040040000200000000100100008804A4
:10E9900008100204010500900902C1200090020144
:10E9A000C1A18390000500000001000000010000EB
:10E9B00000000000000000000000000000009000C7
:10E9C0008500A000919082898800909083A1080121
:10E9D00088010840C1900283030002080905100065
:10E9E00088008900410800008284099182000000AB
:10E9F0001000A1404102A101208440A14103000078
:10EA000002000920C1000800C00003204084C102A8
:10EA100020882184A004050004111100408884840A
:10EA20002001820085A00583000000C101010001D2
:10EA300000000000000000000000000000000000D6
:10EA4000000010000000838000C080000080830967
:10EA50000310000200808302008810210080838858
:10EA60008002000090000380411102002011830009
:10EA70000820A000850040A18210A180C121A088AB
:10EA80000000A10004808521C00008200200A188A8
:10EA9000888082008800802005418288A0000500CF
:10EAA000858200030300C000908941000389212072
:10EAB000030900000000000000000000000000004A
:10EAC0000000000300000080800300088080000038
:10EAD000808380000000090080838080090004C0DA
:10EAE00000030010808091000083030500110009DD
:10EAF0008503A1088002808841830920002100410C
:10EB000000100000000000030004808882210090B3
:10EB100000C120A0080885200000000900800240F4
:10EB20000803008300401110898300900200000058
:10EB300021000200000000000000000000000000B2
:10EB400000000000902000A000A0882100C00490D8
:10EB50009090408308A0C0A082040889041020047B
:10EB6000201004A1000910028308004101000001E7
:10EB70000001910110002088A08520030001000001
:10EB80000000000100000040A0C0028988838801C5
:10EB9000000300A1088201414090C00000080084E9
:10EBA0009103910282400085850105040005010062
:10EBB0000000000000000000000000000000000055
:10EBC0000000000000008300400485004090839115
:10EBD00005C09090029082C104901000100841007E
:10EBE000C1041000040285418400C00009C083886C
:10EBF000890290000584050020824100058888086C
:10EC00001101210120820000040020002001214187
:10EC1000210005A0200090408540A08440000320F2
:10EC200088104000820120400189A1410500910027
:10EC300000000001000000000000000000000000D3
:10EC40000000000000000000834000809000800071
:10EC50008389049100800080808380008000C180CF
:10EC6000832020808000808083820000000090004C
:10EC700083C0040009020500A0000884A121080047
:10EC8000038488049003A08000002000110011215B
:10EC90009089834188050005088088800020A011A4
:10ECA000A000008300200040800010821090C0006F
:10ECB000900000000020092120000000000000005A
:10ECC000000000000000000000000660000BD00003
:10ECD00000001182000BD00000000600000BD000E5
:10ECE00021000041000BD00042000A00000B000090
:10ECF00000880A50000BD000210000000000D00066
:10ED00004100000000000000006000000600000B51
:10ED1000000000000660000BD00000000000000BA7
:10ED2000D00000000000000B000000000000000BFD
:10ED3000D000415000500000D00000000000000052
:10ED400000000000000000000000000000000F0FA5
:10ED500000003C3C000000FF00003C3C3C3C3C3CD4
:10ED600000005555000000FF000000FF00003C3C83
:10ED700000003C3C7D7D0CCF5F5F0CFCC0000000C0
:10ED80003C3F3C3F000000003CFF3C000000FFFF18
:10ED9000FFFB000F0000003C141400000000AFAFA8
:10EDA000EFEF50505F5F00000000FFFF0FFF0C000F
:10EDB0000C3C0000303F000000000000000000009C
:10EDC0000000000000000000000000000000000043
:10EDD0000F0F00003C3C000000FF00003C3C3C3CAE
:10EDE0003C3C00005555000000FF000000FF000003
:10EDF0003C3C00003C3C41410CCF50500CFCC0005E
:10EE000000007D7F3C3F00000200F555F5550000F5
:10EE1000FFFFFFFF000F000000000000C000000027
:10EE2000050504045454575700000000FFFF0FFF6E
:10EE30000C000C3C0000303F0404040400000000FF
:10EE400000000000000000000000000000000000C2
:10EE5000F0F00000F0F00000F0F000005555FFFF6A
:10EE6000FF0000003C3C0000F0F00000F0F000006B
:10EE70003C3C000000FFFFFFB4B4FF55FFFFFFFF65
:10EE80005C58FCF82FFF2000FFFFF030003CFF3CF7
:10EE9000000000000000030000000020000020002F
:10EEA0000000FCC0F0F0FFFFD5D5000000002000FE
:10EEB0000000303C3000F5A0000007FFFFFFD70046
:10EEC000FF20000000000000000000000000000023
:10EED0000000F0F00000F0F00000F0F000005555E8
:10EEE000FFFFFF0000003C3C0000F0F00000F0F0ED
:10EEF00000003C3C000000FFFFFFB4B4AA00FFFF8D
:10EF0000FFFC0C08ACA82F2F202000C3F030AAA0D3
:10EF1000AAA00000000000000000000000000000A7
:10EF200000000000FCC0FCC02A2A00000000000015
:10EF300000000000303C3000F5A00000FFFFFFFFA4
:10EF4000FF00FF00000000000000000000000000C3
:10EF500000000000C2C3C17C33944943C241C19C3C
:10EF600033044143A2C65170A3944945A2C751FC42
:10EF7000A0B4494502C7016003A441400802043C13
:10EF800003A200800086007000B9000001860A60BC
:10EF900000B00080000000860060031800000886B2
:10EFA00000EC03100000008600F0009000000086D6
:10EFB00000E000B0000001860290008800800000A0
:10EFC000700C0000000000000000000000000000C5
:10EFD000000000000000FFC33F0F14EB1FE0FAFA2F
:10EFE000FC0C3C550FFF7F3F55550010F3F32200FA
:10EFF0001100FFFF0ACBFFFFFFFF17173F03A00021
:10F0000020200000000082BEBCBC0000000FFFFFFB
:10F01000FFFF0000000000000000000304040014D3
:10F0200002000000000F00F00300000030303C3C04
:10F0300008000000000000003AAA3AAAFFFF3CBE08
:10F0400000000000000000000000000000000000C0
:10F050000000000000000000FFFF303014EB14EB54
:10F060000A0AFC0C3C550F003F3F00000000F3F380
:10F07000002200110ACB0ACBFFFFFFFE14143F034E
:10F08000A00020200000000082BE80800000000060
:10F09000FFFFFFFE0000000000000000000304046A
:10F0A000001400000000000F00F00300000000004A
:10F0B0000C0C00000000000020003A3A3A3A000030
:10F0C0003C140000000000000000000000000000F0
:10F0D0000000000000000000000000000000FFFF32
:10F0E000CFCFFF003C3C3CFF550FCBCB3E3EFFFB60
:10F0F000FFFFCCEECCEE000060093000BAAA00FFA2
:10F1000010FB000000000505000FFFFFFFFF0000DF
:10F110000005000000001EFF1EAA0000CEFEC0F089
:10F12000000002000000000055FF00AA00000000DF
:10F13000000000040000000004140404B2AAB2AAF3
:10F14000FFFF30FF00000000000000000000000092
:10F1500000000000000000000000000000000000AF
:10F16000FFFFCFDFF0F0AAAA3C00550FFFCBFF3E18
:10F17000FFFFFFFFCCEEFFFF600900000000AAAA1E
:10F1800000FF00FF0000000000000000AFFFFFFFD5
:10F1900000000005000000001455140000000E3EA1
:10F1A00000300000020000000000141E141E0004C5
:10F1B0000000000000040000000400000000B2B2E3
:10F1C000B2B2000000CF000000000000000000000C
:10F1D000000000000000000000000000000000002F
:10F1E00020102100219011900090030000080400DD
:10F1F00000000000000020000000040000080000E3
:10F200000000410000400000000000000008040071
:10F210000020000000900000400004A0000000005A
:10F22000210000000020000000900000000000000D
:10F2300000000000000000000000000000000000CE
:10F2400000000000000000000000000000000000BE
:10F2500000000000000000000000000000000000AE
:10F260000008A0080405000800000000A0002020FD
:10F270000000A000000000000000202100000000AD
:10F28000000800000000400000000004000000052D
:10F290000000020000000004000000000000000068
:10F2A0000000000000000400A000C00000000000FA
:10F2B0000008000000000000000000000000000046
:10F2C000000000000000000000000000000000003E
:10F2D000000000000000000000000000000000002E
:10F2E000000000000000000000000000000000001E
:10F2F000000000000000000000000000000000000E
:10F3000000000000410000000000000000000000BC
:10F3100000000000000000000000000800000000E5
:10F3200000000000000000000900000000000002D2
:10F3300000000000000000000000000000000000CD
:10F3400000000000000000000000000000000000BD
:10F3500000000000000000000000000000000000AD
:10F360000000000000110005001000100000000364
:10F370000011000800110011000200080010001028
:10F38000001100100011001100100003000800001F
:10F39000000000000000000000000000001100114B
:10F3A0000000001100000011000000090010000022
:10F3B0000000000000210000000200000011000019
:10F3C0000000000000000000000000000005000038
:10F3D000000000000003000000000000000000002A
:10F3E000000000000000000041004108051000106E
:10F3F0000000000041C002004100000810844100EC
:10F400004100050005004100100010001010100020
:10F4100005A00500410005000000000000C000003C
:10F420000000050000000000000041000000050091
:10F430000000000000A000000000410000000000EB
:10F44000000010000000410805000000030000005B
:10F4500000000000000000000000000000000000AC
:10F46000000000000000000000100003020500057D
:10F4700020080000102188000008C02182008211AD
:10F480000041000800080000002100030000C00047
:10F4900002410000020800109003842100000010C7
:10F4A000004108080021000800000000840800084E
:10F4B00000000008000388002008C00000210000B0
:10F4C00000080041002100030004000000000000CB
:10F4D000000000000000000000000000000000002C
:10F4E00000000000000000000000110009000900F9
:10F4F0000300090003000000020002820000000473
:10F500001100000000001100414004000000000054
:10F5100000004000000000000000000009000000A2
:10F5200000000000000000000000000002000900D0
:10F530000040000000000000000020001000000259
:10F5400000000000000000000200000000000000B9
:10F5500000000000000000000000000000000000AB
:10F56000000000000000000000000000000000009B
:10F5700090000000000000000000000000000000FB
:10F58000000000000000000000000000000000007B
:10F59000000000000000000000000000000000006B
:10F5A000000000000000000000000000000000005B
:10F5B000000000000000000000000000000000004B
:10F5C000000000000000000000000000000000003B
:10F5D000000000000000000000000000000000002B
:10F5E000000000000000000000000000000000001B
:10F5F00000000500000005000000000005000000FC
:10F60000000000C000000000000800000000000032
:10F610000000000000820000000000000000000068
:10F6200000000000000800000000000800000000CA
:10F630000000000000000082000000000000000048
:10F6400000000000000000000000000010000500A5
:10F6500041000300000000A00000000000000000C6
:10F66000000000000000000000000000000000009A
:10F670008400002100000000000084080020000336
:10F6800002218400C020C021840384030821C00318
:10F69000001000008421000500000000C00084006C
:10F6A0000000001000000008C021000800089003BE
:10F6B000000000210000840800210000000000007C
:10F6C000201000210220840000218400100300008B
:10F6D0008400100000000000000000000000C000D6
:10F6E000000000000000000000000000000000001A
:10F6F00000000400021000824010410010040000CD
:10F7000004004100200002820500009000900400E7
:10F7100000900000200004402000049040000040C1
:10F72000000000000002400000000000400811003E
:10F73000090000000002000000020000009000002C
:10F74000400000020200000000020200118200409E
:10F7500000000040000000880000000000000000E1
:10F760000000000200000000000000000000000097
:10F770000000000000000000000000000000000089
:10F78000000088008400000000000000000000006D
:10F790000000000000000000000000000000000069
:10F7A0000000000000000000000000080000000051
:10F7B0000002000000000000000000000000000047
:10F7C00000004000000000000000000000000000F9
:10F7D0000000000000000000000000000000000029
:10F7E0000000000000000000000000000000000019
:10F7F0000000000000000000000000000000000009
:10F8000000000000000000000000000000000000F8
:10F8100000000000000000000000000000000000E8
:10F8200000000000000000000000000000000000D8
:10F8300000000000000000000000000000000000C8
:10F8400000000000000000000000000000000000B8
:10F8500000000000000000000000000000000000A8
:10F860000000000000000000000000000000000098
:10F870000000000000000000000000000000000088
:10F880000000000000000000000000000000000078
:10F890000000000000000000000000000000000068
:10F8A0000000000000000000000000000000000058
:10F8B0000000000000000000000000000000000048
:10F8C0000000000000000000000000000000000038
:10F8D0000000000000000000000000000000000028
:10F8E0000000000000000000000000000000000018
:10F8F0000000000000000000000000000000000008
:10F9000000000000000000000000000000000000F7
:10F9100000000000000000000000000000000000E7
:10F9200000000000000000000000000000000000D7
:10F9300000000000000000000000000000000000C7
:10F9400000000000000000000000000000000000B7
:10F9500000000000000000000000000000000000A7
:10F960000000000001000000000000C000000000D6
:10F970000000000000000000000000000000000087
:10F980000000000000000000000000000000000077
:10F990000000000000000000000000000000000067
:10F9A0000000000000000000000000000000000057
:10F9B0000000000000000000000000000000000047
:10F9C0000000000000000000000000000000000037
:10F9D0000000000000000000000000000000000027
:10F9E00000000000000040000000000000000000D7
:10F9F0000000000000000000000000000000000007
:10FA000000000000000000000000000000000000F6
:10FA100000000000000000000000000000000000E6
:10FA200000000000000000000000000000000000D6
:10FA300000000000000000000000000000000000C6
:10FA400000000000000000000000000000000000B6
:10FA500000000000000000000000000000000000A6
:10FA60000000000000000000000000000000000096
:10FA70000000000000000000000000000000000086
:10FA80000000000000000000000000000000000076
:10FA90000000000000000000000000000000000066
:10FAA0000000000000000000000000000000000056
:10FAB0000000000000000000000000000000000046
:10FAC0000000000000000000000000000000000036
:10FAD0000000000000000000000000000000000026
:10FAE0000000000000000000000000000000000016
:10FAF0000000000000000000000000000000000006
:10FB000000000000000000000000000000000000F5
:10FB100000000000000000000000000000000000E5
:10FB200000000000000000000000000000000000D5
:10FB300000000000000000000000000000000000C5
:10FB400000000000000000000000000000000000B5
:10FB500000000000000000000000000000000000A5
:10FB60000000000000000000000000000000000095
:10FB70000000000000000000000000000000000085
:10FB80000000000000000000000000000000000075
:10FB90000000000000000000000000000000000065
:10FBA0000000000000000000000000000000000055
:10FBB0000000000000000000000000000000000045
:10FBC0000000000000000000000000000000000035
:10FBD0000000000000000000000000000000000025
:10FBE0000000000000000000000000000000000015
:10FBF0000000000000000000000000000000000005
:10FC000000000000000000000000000000000000F4
:10FC100000000000000000000000000000000000E4
:10FC200000000000000000000000000000000000D4
:10FC300000000000000000000000000000000000C4
:10FC400000000000000000000000000000000000B4
:10FC500000000000000000000000000000000000A4
:10FC60000000000000000000000000000000000094
:10FC70000000000000000000000000000000000084
:10FC80000000000000000000000000000000000074
:10FC90000000000000000000000000000000000064
:10FCA0000000000000000000000000000000000054
:10FCB0000000000000000000000000000000000044
:10FCC0000000000000000000000000000000000034
:10FCD0000000000000000000000000000000000024
:10FCE0000000000000000000000000000000000014
:10FCF0000000000000000000000000000000000004
:10FD000000000000000000000000000000000000F3
:10FD100000000000000000000000000000000000E3
:10FD200000000000000000000000000000000000D3
:10FD300000000000000000000000000000000000C3
:10FD400000000000000000000000000000000000B3
:10FD500000000000000000000000000000000000A3
:10FD60000000000000000000000000000000000093
:10FD70000000000000000000000000000000000083
:10FD80000000000000100000000000000000000063
:10FD90000000000000000000000000000000000063
:10FDA0000000000000000000000000000000000053
:10FDB0000000000000000000000000000000000043
:10FDC0000000000000000000000000000000000033
:10FDD0000000000000000000000000000000000023
:10FDE0000000000000000000000000000000000013
:10FDF0000000000000000000000000000000000003
:10FE000000000000000000000000000000000000F2
:10FE100000000000000000000000000000000000E2
:10FE200000000000000000000000000000000000D2
:10FE300000000000000000000000000000000000C2
:10FE400000000000000000000000000000000000B2
:10FE500000000000000000000000000000000000A2
:10FE60000000000000000000000000000000000092
:10FE70000000000000000000000000000000000082
:10FE80000000000000000000000000000000000072
:10FE90000000000000000000000000000000000062
:10FEA0000000000000000000000000000000000052
:10FEB0000000000000000000000000000000000042
:10FEC0000000000000000000000000000000000032
:10FED0000000000000000000000000000000000022
:10FEE0000000000000000000000000000000000012
:10FEF0000000000000000000000000000000000002
:10FF000000000000000000000000000000000000F1
:10FF100000000000000000000000000000000000E1
:10FF200000000000000000000000000000000000D1
:10FF300000000000000000000000000000000000C1
:10FF400000000000000000000000000000000000B1
:10FF500000000000000000000000000000000000A1
:10FF60000000000000000000000000000000000091
:10FF70000000000000000000000000000000000081
:10FF80000000000000000000000000000000000071
:10FF90000000000000000000000000000000000061
:10FFA0000000000000000000000000000000000051
:10FFB0000000000000000000000000000000000041
:10FFC0000000000000000000000000000000000031
:10FFD0000000000000000000000000000000000021
:10FFE0000000000000000000000000000000000011
:10FFF0000000000000000000000000000000000001
:020000040001F9
:1000000000200000010000000000000000000000CF
:1000100000000000000000000000000000000000E0
:1000200000000000000000000000000000000000D0
:1000300000000000000000000000000000000000C0
:1000400000000000000000000000000000000000B0
:1000500000000000000000000000000000000000A0
:100060000000000000000000000000000000000090
:100070000000000000000000000000000000000080
:10008000004000000000020000000000000000002E
:100090000000000000000000000000000000000060
:1000A0000000000000000000000000000000000050
:1000B0000000000000000000000000000000000040
:1000C0000000000000000000000000000000000030
:1000D0000000000000000000000000000000000020
:1000E0000000000000000000000000000000000010
:1000F0000000000000000000000000000000000000
:1001000000000000000009000000000000000000E6
:1001100000000000000000000000FFFFFFFFFFFFE5
:10012000FFFFFFFFFFFFFFFFFFFFFFFFFFFFFFFFDF
:10013000FFFFFFFFFFFFFFFFFFFFFFFFFFFFFFFFCF
:10014000FFFFFFFFFFFFFFFFFFFFFFFFFFFFFFFFBF
:10015000FFFFFFFFFFFFFFFFFFFFFFFFFFFFFFFFAF
:10016000FFFFFFFFFFFFFFFFFFFFFFFFFFFFFFFF9F
:10017000FFFFFFFFFFFFFFFFFFFFFFFFFFFFFFFF8F
:10018000FFFFFFFFFFFFFFFFFFFFFFFFFFFFFFFF7F
:10019000FFFFFFFFFFFFFFFFFFFFFFFFFFFFFFFF6F
:1001A000FFFFFFFFFFFFFFFFFFFFFFFFFFFFFFFF5F
:1001B000FFFFFFFFFFFFFFFFFFFFFFFFFFFFFFFF4F
:1001C000FFFFFFFFFFFFFFFFFFFFFFFFFFFFFFFF3F
:1001D000FFFFFFFFFFFFFFFFFFFFFFFFFFFFFFFF2F
:1001E000FFFFFFFFFFFFFFFFFFFFFFFFFFFFFFFF1F
:1001F000FFFFFFFFFFFFFFFFFFFFFFFFFFFFFFFF0F
:10020000FFFFFFFFFFFFFFFFFFFFFFFFFFFFFFFFFE
:10021000FFFFFFFFFFFFFFFFFFFFFFFFFFFF0000EC
:1002200000000000000000000000000000000000CE
:1002300000000000000000000000000000000000BE
:1002400000000000000000000000000000000000AE
:10025000000000000000000000000000000000009E
:10026000000040000000000000000000000000004E
:10027000000000000000000000000000000000007E
:10028000000000000000000000000000000000006E
:10029000000000000000000000000000000000005E
:1002A000000000000000000000000000000000004E
:1002B000000000000000000000000000000000003E
:1002C000000000000000000000000000000000002E
:1002D000000000000000000000000000000000001E
:1002E000000000400000004000000000000000008E
:1002F00000000000000000000000000000000000FE
:1003000000000000000000000000000000000000ED
:1003100000000000000000000000000000000000DD
:1003200000000000000000000000000000000000CD
:1003300000000000000000000000000000000000BD
:1003400000000000000000000000000000000000AD
:10035000000000000000000000000000000000009D
:10036000000000000000000000000000000000008D
:10037000000000000000000000000000000000007D
:10038000000000000000000000000000000000006D
:10039000000000000000000000000000000000005D
:1003A000000000000000000000000000000000004D
:1003B000000000000000000000000000000000003D
:1003C000000000000000000000000000000000002D
:1003D0000000000000000000000000160081000086
:1003E000000000000000000000000000000000000D
:1003F000311C0000000000000000000000000000B0
:1004000000000000000000000000000000000000EC
:1004100000000000000000000000000000000000DC
:1004200000000000000000000000000000000000CC
:1004300000000000000000000000000000000000BC
:1004400000000000000000000000000000000000AC
:10045000000000000000000000000000000000009C
:10046000000000000000000000000000000000008C
:10047000000000000000000000000000000000007C
:100480000000000000000000000009000000000063
:10049000000000000000000000000000000000005C
:1004A000000000000000000000000000000000004C
:1004B000000000000000000000000000000000102C
:1004C000000000000000000000000000000010001C
:1004D000000000000000000000000000001000000C
:1004E00000000000000000000040000000000000CC
:1004F00000000000000000000000000000000000FC
:1005000000000000000000000000000000000000EB
:1005100000000000000000000000000000000000DB
:1005200000000000000000000000000000000020AB
:10053000000000C000000020000000000088000053
:10054000000000000020000000000000000000008B
:10055000000000880000008800000000000000008B
:10056000000000000000000000000000000000008B
:100570000000000000000000000000A008000020B3
:10058000000000200400000000000000000000C087
:10059000002000C0000000C00000000000010000BA
:1005A000000000000000000000000000000000004B
:1005B000000000000000000000000000000000003B
:1005C00000090800002000000000000000000009F1
:1005D00000000021000000000000000900000000F1
:1005E00000000040000000000000000000000000CB
:1005F00000000000000000000000000000000000FB
:100600000000002000000100000000000010004079
:1006100000410040020000210021002100100020C4
:100620000000002000100000000000210010000069
:10063000002000000000000000000000000000009A
:100640000000000000200000090000000000000081
:100650000000000000000000000002900000000008
:1006600000000000002000000084090000000000DD
:1006700000000010090009000000009000000010B8
:100680004000000000000000000000000020000208
:100690000010001011100000000000C00000000059
:1006A0000010000200000040009000900090000048
:1006B000000000000000000000000000000000003A
:1006C000000000000000000000000000000000002A
:1006D0000000000000000000000000000011000009
:1006E000000000000000000000000000000000000A
:1006F00000000000000000000000000000000000FA
:1007000000000000000000000000000000000000E9
:1007100000000000000000000000000000000000D9
:100720000000008000000000000000000000000049
:100730000000000000100000008400000000000025
:100740000010000000000000000000000000000099
:100750000000000000000000000000C00084000055
:100760000000000000000000000000000000000089
:1007700000840000000000100000000000000000E5
:100780000000001000000000000000000001000058
:100790000010000000840084000000000000080039
:1007A0000000080000000010210000000000000010
:1007B000000000000000C000000000100800000061
:1007C000004108000000080000210000A000000017
:1007D000000500410000840000030000000000004C
:1007E0008200000000000000820000000000000005
:1007F000000000050000A010000008100008A01074
:10080000A0210010000000000000000000100010F7
:100810000000A00000000008000000000000082107
:1008200000000021000000000005A00000080041B9
:100830000000000000000002000020040002000090
:100840000000000000000000004000000000000068
:1008500000400000000000000040002020000000D8
:1008600000000000080000000000008802040000F2
:1008700000000000400000000088000000000000B0
:1008800000000000040000C0000000004010000054
:100890000000000000000000000000020000000254
:1008A00000000000008800C0009000000020000050
:1008B0000020000000000000000000000000000018
:1008C0000000000000000000000000000000000028
:1008D0000000000000000000000000000000000018
:1008E0000000000000000000000000000000000008
:1008F00000000000000000000000000900000000EF
:1009000000000000000000000000000000000000E7
:1009100000000000000000000000000000000000D7
:1009200000000000000000000000000000000000C7
:1009300000000000000000000000000000000000B7
:100940000000000000000000000000200000210066
:100950000000000010000084000000000000000003
:10096000080000000000000000000000000000007F
:100970000000000000000000000000000000000077
:1009800000000000000000100000000000000084D3
:100990000000000000000000000000000000000057
:1009A00000000084000000000800000000100000AB
:1009B00000100000000000002100000040020000C4
:1009C00000000000002182000800A00000200004B8
:1009D000A041A008000000008441A04100000000E8
:1009E0000000A0200041000000008441000000053C
:1009F00000100000000000418200001000000441CF
:100A0000A0218200A01100000000000508000005E0
:100A10008200000504000041820000410000004106
:100A20000000000000410000004100000000000044
:100A30000041840500050000C0410000C000000026
:100A400000000000000000000000000000000000A6
:100A50000000000000000000000000000000000096
:100A60000000000000000000000000000000000086
:100A70000000000000000000000000000000000076
:100A80000000000000000000000000000000000066
:100A90000000000000000000000000000000100046
:100AA0000000000000000000000000000000000046
:100AB00000000000000091000000000000000000A5
:100AC0000000000000000000000000000000000026
:100AD0000000000000000000000000000000000016
:100AE0000000000000000000000000000000000006
:100AF00000000000000000000000000000000000F6
:100B000000000000000000000000000000000000E5
:100B100000000000000000000000000000000000D5
:100B20009100000000000000000000000000000034
:100B300000000000000000001000000000000000A5
:100B400000000000000000000000000000000000A5
:100B50000000000000000000000000000000000095
:100B60000000000000000000000000000000000085
:100B70000000000000000000000000000000000075
:100B80000000000000000000000000000000000065
:100B90000000000000000000000000000000000055
:100BA0000040000000000000000000000000000005
:100BB0000000000000000000000000000000000035
:100BC0000000000000000000000000000000000025
:100BD0000000000000000000000000000000000015
:100BE0000000000000000000000000000000000005
:100BF00000000000000000000000000000000000F5
:100C000000000000000000000000000000000000E4
:100C100000000000000000000000000000000000D4
:100C200000000000000000000000000000000000C4
:100C300000000000000000000000000000000000B4
:100C400000000000000000000000000000000000A4
:100C50000000000000000000000000000000000094
:100C60000000000000000000000000000000000084
:100C70000000000000000000000000000000000074
:100C80000000000000000000000000000000000064
:100C90000000000000000000000000000000000054
:100CA0000000000000000000000000000000000044
:100CB0000000000000000000000000000000000034
:100CC0000000000000000000000000000000000024
:100CD0000000000000000000000000000000000014
:100CE0000000000000000000000000000000000004
:100CF00000000000000000000000000000000000F4
:100D000000000000000000000000000000000000E3
:100D100000000000000000000000000000000000D3
:100D200000000000000000000000000000000000C3
:100D300000000000000000000000000000000000B3
:100D400000000000000000000000000000000000A3
:100D50000000000000000000000000000000000093
:100D60000000000000000000000000000000000083
:100D70000000000000000000000000000000000073
:100D80000000000000000000000000400000000023
:100D90000000000000000000000000000000000053
:100DA0000000000000000000000000000000000043
:100DB0000000000000000000000000000010000023
:100DC0000000000000000000000000000000000023
:100DD0000000000000000000000000000000000013
:100DE0000000000000000000000000000000000003
:100DF00000000000000000000000000000000000F3
:100E000000000000000000000000000000000000E2
:100E100000000000000000000000000000000000D2
:100E200000000000000000000000000000000000C2
:100E30000000000000000000000000000000008032
:100E400000000000000000000000000000000000A2
:100E50000000000000000000000000000000000092
:100E60000000000000000000000000000000000082
:100E70000000000000000000000000000000000072
:100E80000000000000000000000000000000000062
:100E90000000000000000000000000000000000052
:100EA00000000000000000004188000000000BD09E
:100EB0000000000000000000000000000000000032
:100EC0008181000000000BD0000000000000000045
:100ED0000000000000000000000000000000000012
:100EE0000000000000000000000000000000000002
:100EF00000000000000000000000000000000000F2
:100F000000000000000000000000000000000000E1
:100F100000000000000000000000000000000000D1
:100F200000000000000000000000000000000000C1
:100F300000000000000000000000000000000000B1
:100F400000000000000000000000000000000000A1
:100F50000000000000000000000000000000000091
:100F60000000000000000000000000000000000081
:100F70000000000000000000000000000000000071
:100F80000000000000000000000000000000000061
:100F90000000000000000000000000000000000051
:100FA0000000000000000000000000000208208196
:100FB00000800000000000000000000000000000B1
:100FC00000000000020820810080000000000000F6
:100FD0000000000000000000000000000000000011
:100FE0000000000000000000000000000000000001
:100FF00000000000000000000000000000000000F1
:1010000000000000000000000000000000000000E0
:1010100000000000000000000000000000000000D0
:1010200000000000000000000000000000000000C0
:1010300000000000000000000000000000000000B0
:1010400000000000000000000000000000000000A0
:101050000000000000000000000000000000000090
:101060000000000000000000000000000000000080
:101070000000000000000000000000000000000070
:101080000000000000000000000000000000000060
:101090000000000000000000000000000000000050
:1010A0000000000000000000000000000000000040
:1010B00000000210084000000000000000000000D6
:1010C00000000000000000000000021008400000C6
:1010D0000000000000000000000000000000000010
:1010E0000000000000000000000000000000000000
:1010F00000000000000000000000000000000000F0
:1011000000000000000000000000000000000000DF
:1011100000000000000000000000000000000000CF
:1011200000000000000000000000000000000000BF
:1011300000000000000000000000000000000000AF
:10114000000000000000000000000000000000009F
:10115000000000000000000000000000000000008F
:10116000000000000000000000000000000000007F
:10117000000000000000000000000000000000006F
:10118000000000000000000000000000000000005F
:10119000000000000000000000000000000000004F
:1011A000000000000000000000000000000000003F
:1011B000000000000000000000000000000000002F
:1011C000000000000000000000000000000000001F
:1011D000000000000000000000000000000000000F
:1011E00000000000000000000000000000000000FF
:1011F00000000000000000000000000000000000EF
:1012000000000000000000000000000000000000DE
:1012100000000000000000000000000000000000CE
:1012200000000000000000000000000000000000BE
:1012300000000000000000000000000000000000AE
:10124000000000000000000000000000000000009E
:10125000000000000000000000000000000000008E
:10126000000000000000000000000000000000007E
:10127000000000000000000000000000000000006E
:10128000000000000000000000000000000000005E
:10129000000000000000000000000000000000004E
:1012A000000000000000000000000000000000003E
:1012B00000000000000000000001000000008000AD
:1012C000000000000000000000000000000000001E
:1012D000000100000000800000000000000000008D
:1012E00000000000000000000000000000000000FE
:1012F00000000000000000000000000000000000EE
:1013000000000000000000000000000000000000DD
:1013100000000000000000000000000000000000CD
:1013200000000000000000000000000000000000BD
:10133000000000000000000000000000909000008D
:10134000000000000000000000000000000000009D
:10135000000000009090000000000000000000006D
:10136000000040000000000000000000200000001D
:10137000000000000000000000000000000000006D
:101380000000040000000000004000000000000019
:10139000000008000000080000000000000002003B
:1013A00000000000200020000000000000000000FD
:1013B00011000000040000000400200400000000F0
:1013C000000002000400000004000400000000000F
:1013D0000400000009C000000800400000000200F6
:1013E0001100030001008200000000000000000066
:1013F00000000000000000000000000000000000ED
:10140000000000000000000000000080000000005C
:1014100000000000010000000100000000000000CA
:101420000100000000C001000100000000000000F9
:10143000000000000000000000000000018000002B
:101440000000000000000100000001000100000099
:10145000000000000000000000000000010000008B
:101460000100000000000020000500208021002174
:1014700000020000002184000000000088A100009C
:1014800000000010002000000000000000A100A0EB
:1014900000110508021000000000881000208805D7
:1014A00080040005002000008000850004A0800169
:1014B000402100A120418005000000000000201113
:1014C000001091000000202000200000800080100B
:1014D000000100C180030020C0008000C00091C056
:1014E000000100A000000020009000A0008020204B
:1014F00000A000A0000000A00520000000100420B3
:101500000010001000200090004100100021002079
:101510000000000400A001000021000008A00090CD
:1015200041A0209000C0081000000400021001003B
:10153000024001820002018420820000000000209D
:1015400091400021401000210110001004412000B2
:10155000200000200020108800902140400005005D
:101560000210000400100020009000100010001075
:10157000808400C0008400020020042000020000DB
:10158000801000C0004100A080C000000088004022
:10159000021000000001002000840040000000C094
:1015A0000088000200000084000200008402800025
:1015B0000000000000400004004000100002000392
:1015C000002004400000001000C000A000840004BF
:1015D000000400080003004180200020004000209B
:1015E0000000000000100090808400C00000000097
:1015F00000000200000000000400C0800390000012
:101600000000040000000082000002000000000949
:1016100000000100000000040000000000000000C5
:101620000000000020804000000004800000050051
:10163000100000000000000000800080000000009A
:1016400000204000010000000080000000000000B9
:1016500000000080008000880004408000820000BC
:1016600000102000000000000000400000100000FA
:101670000000210080840300410005008401000077
:10168000000000008500082000010001410000006A
:1016900008000000800000010000000083008000BE
:1016A00000008808008280C100A003218020000083
:1016B000100184908004A0010801C0008201210172
:1016C00000820884002000200500000021A00410F2
:1016D0000000840000002101C1002000C12005009D
:1016E0001020002005011020400041004100400171
:1016F0001005A00510212010A011001008000520E1
:101700001000100000000405908000200020C000A0
:101710000005000000000400C010022100100410A9
:101720000200000003800004200200050082028005
:101730000000110405000480050484042100030254
:101740000002C010C00500C100800000820010101F
:10175000C10010102141084000040441011010850F
:10176000000502858280104000C1010300000810BE
:10177000012004A020020082090400400200208809
:10178000112008C040844100081000000001004002
:1017900021880200008800C00440008410880000F6
:1017A0000541004000C08810040400A0002004206F
:1017B00009020000C0A002040205024004C040105B
:1017C00011410084408403901000038408C040400D
:1017D00040C040100002080404000004000803C0D8
:1017E00010C00088048841C02000000403A04041CC
:1017F0000041041100000100000000800000000012
:1018000000000000000001000000000000000010C7
:101810000000000000000000000001800000000047
:1018200000000004000000000900018000000080AA
:101830000010000000002000008000A001820100D4
:101840000000000200000000000000000000000096
:1018500000000000000000002080010000800080E7
:1018600000004100000000410004000000000000F2
:1018700001040084010400000504410000048020EC
:1018800000040910832000A111A003000585118820
:10189000004089A005000040000280C08800801040
:1018A00080408000001000C000A002A000829100D3
:1018B00009029104808300000410024000C000006F
:1018C000081000004110008310A100C10084000036
:1018D00000A010101041000020048000000404400B
:1018E0000020A1202021002103000084001011000D
:1018F000008441840000000082400880080084A128
:1019000004800211C000048008200000080010209C
:10191000C000000202000005002100800200040057
:10192000100520100200C00500000000900000100B
:101930002010008502804004000001100180C000DA
:101940000000000200000000822010209020000013
:1019500000098441A1850088000901A11010408080
:1019600001828490048001A000C0000000004002B9
:1019700000020000820200211000400509038009D6
:10198000111008090003000440408390C084C01176
:1019900003A0881000200005032009040204002091
:1019A000080282050000102102001080008008005B
:1019B00004002003000882110308000003080089C6
:1019C00008020808C08300828440110300108802C6
:1019D000904000022009801100084008034089401F
:1019E0001011104111080904881102410000001073
:1019F0000803080000038210C10009000001010073
:101A0000A000000088000000000100018988108506
:101A1000024001090901C001C000010100000100EC
:101A2000000101000301840040000000C08288849E
:101A30000188009090010801410001000000901110
:101A4000C005914100850989008510090010080131
:101A50004100C1000001C00090000001010001012F
:101A60000901A00000010300090184010001200018
:101A7000040182000000000110014100000008A0E4
:101A80000940C1A1880189028882C0099100090921
:101A9000C010A0010510081108840903C1000982C3
:101AA0008810880991010800900990A0820189019D
:101AB0000000A00082028804C188C0A0830000004A
:101AC00000A08888840310841004851041118300CD
:101AD000C10484000904110000000101000041005C
:101AE000019001880190010000880084012101011A
:101AF000900402410804880008014089040003A101
:101B000000004000854185209000110411820820CA
:101B1000904011090840412020C005108420082071
:101B20002080110904C0410211001041049189096B
:101B3000080810009100838303000800211083002F
:101B40000000080004A085A0A1A004084080C008EF
:101B50008300A08010002080890011004008000050
:101B6000030005002083050308080200400005412A
:101B70000909000000108000111180200910850063
:101B800003401121418800088403021000080988DD
:101B90000982901040050988108309030208080291
:101BA00084A19020000400110302000004400800FA
:101BB0000805008900029091808911080408050435
:101BC00008030080898820C0838403090310004033
:101BD00009C08803418004000080088010020009C9
:101BE00010111091111010112002100940001084E2
:101BF000031003030000208508000080050000108A
:101C0000080810830011001100008201410100004A
:101C1000001008A1021100C000848888880200100A
:101C200000110883020100010008110100880083EF
:101C300001820091008400C0A09088A000C10083B0
:101C400001100341008005080810208591880901D2
:101C50004085C0A088050020010400841190010384
:101C600000C0018200822008014000C190C000A095
:101C70000111000921054010011000100408200284
:101C800000880002001101040084010000880000A7
:101C900000A10184008805C00405820105400110EF
:101CA0009121008903100010010401010108009036
:101CB00001040001000088918809908420080141F6
:101CC00001900100002000800811A18200014084E1
:101CD000019001A10901018200200001000100041E
:101CE0000040000200000040008800C0000000002A
:101CF00001820040010100000040010000000004DA
:101D000041000482080108080809001005101100AC
:101D10000809030821C00480024103C1111020807A
:101D2000108420824010A00041C0419120082080F2
:101D30001100088308054000008200048090000024
:101D400003100411082011000080C08504890509D2
:101D5000118003C1401088104080004000100040F6
:101D600000800000000300000000020009002100C4
:101D700004000380020941100000008304000002F7
:101D8000008003040080834004000042000BD00068
:101D900000601200000BD00000001200000BD00009
:101DA00021480000000BD00000481200000BD000BA
:101DB00082600000000BD00000001100000BD0007A
:101DC00000000000000BD000004800000000000BE5
:101DD000D00042602100000BD00082500660000B52
:101DE000D00000001100000BD00000000000000B2C
:101DF000D00021000084000BD00011480048000BE7
:101E0000040000000000000BD00082004E4E666609
:101E10003C3A040400000000000000000000000044
:101E200000000000000000000000000000000000B2
:101E300000000000AA5555AA6F6F60600000000006
:101E40000000009D3C3C0F0F4E4EFF3C0000FF6623
:101E50000F064689CFCF660FFF3CFCFC6F60000089
:101E600000000000000000000000FF663C24D7D7FF
:101E700000D7149682960060FF9FF000F00000FFEC
:101E800000FFF0F0F0F03333FFFF00FF0F0F666646
:101E900066663C3C000000000000000000000000FE
:101EA0000000000000000000000000000000000032
:101EB00000000000000055AAAA556666666600008C
:101EC000000000000099FF0066664E4EC30000004F
:101ED0003C240C046291F3F3660F003C0C0C6F6021
:101EE0000000000000000000000000000F060C04CD
:101EF00000D7D7D73CFFC3FF0000FF0F9000F66666
:101F0000FF00FF000F0F0F0F33330000FF000F0F14
:101F1000000000000000000000080400401108005C
:101F200000080400401108000008040040110800E7
:101F3000000804004011080000000000000000003C
:101F40000000000000000000000000000000000091
:101F50000000000000000000000000000000000081
:101F60000000000000000000000000000000000071
:101F70000000000000000000000000000000000061
:101F80000000000000000000000000000000000051
:101F9000000041827DBE00FF00FF00000000000045
:101FA0000000000000000000000000000000000031
:101FB0000000000000000000000069699696AA5524
:101FC00055AA0000000090F690F6FFF03C666C6C9D
:101FD0000FFF0000000000200FFF05A5F0FF6C6C54
:101FE0003C66F0FF000000200000FF00E70707E765
:101FF0003333242464FC64FC000000300C6CFC6C63
:1020000000FFDFFFF00FF00FFFFF00006666FF002C
:10201000F0F0FF008241BE7D6969969600000000E5
:1020200000000000000000000000000000000000B0
:1020300000000000000000000000000069699696A2
:1020400055AAAA550000000090F6D0F400F03C66B6
:102050006C6C00F0000000000000FF0FA505000FF1
:102060006C6C3C66F000000000000404FF04DB0B15
:102070000BDB33332424000064FC000000300C0C24
:10208000FC0C00FFFFFFF00FF00F0000FFFF666683
:1020900000FFF0F000FF008600FC00B900000086A1
:1020A000006003900030008600C00390003000867E
:1020B00000E000B000300086006003900030008631
:1020C00000F00090000000040070039000000886FB
:1020D00004F000B200100000A08650F0A0B000058F
:1020E0000886045003920010008602EC01B0000044
:1020F00000860070031000A0A08650F0A0B000057C
:10210000058600EC00B20000C68601F608B408405F
:10211000128621F040940848000000003333333326
:102120000000000000FFFFFF6699996604AE51FBB6
:10213000EB28EB2800C33C0000000000FF00FF007C
:10214000000000000C0D0C0C50F0D0F08000D050BE
:1021500000000000414F555F00000000C300000078
:102160000004FAFAFAFA00F005F500000000000099
:10217000000400000000C3C3303000000000E0EBAA
:10218000D0D700000000143C55FF00000000FFFF06
:10219000FFFFE8E8FF3C0C0CCFCF0000000033331A
:1021A00033330000000000FFFFFF9966669900AA24
:1021B00055FFEB28EB2800030C0000000000FF0097
:1021C000FF00000000000C0C0C0CF0F0F0F08000A0
:1021D000800000000000000F141F00000000FF003E
:1021E00000000000FAFAFAFA00F005F5000000001D
:1021F000000000000000000000F0000000000000EF
:10220000EBE0D7D000000000040C050F0000000038
:102210007FFFFFFFE8E8C300080CDFCF00000000ED
:1022200000FF04FB0000000000F000003F30CFC0C2
:1022300099666699000000009966669900000000A2
:102240009966669900000000CC330FF03C3CFF0C0F
:10225000FFFF003C000000000000000000002A3FDB
:102260008ACF000000052FFF28280C490C08000029
:1022700000000000000400000000000055550000B0
:10228000000000000000000000000000000000004E
:1022900000000C0CCFCF00000000707A757F0000AA
:1022A000000000FF00FF0000000041F141413F300D
:1022B000CFC0669999660000000066999966000093
:1022C00000006699996600000000CC330FF0000012
:1022D000FF00BE3C003C0000000000100050000069
:1022E000153F45CF00000000FFFF28280C0C0C0C08
:1022F0000000000000000000000000000000555534
:1023000000000000000000000000000000000000CD
:102310000000000014D714D700000000202A252F49
:102320000400040004A000001100020000000000EE
:1023300000200000000402200300000100402100F2
:10234000030000000000000000100010000000006A
:1023500000000000004000002000000000002000FD
:10236000000000000000000020000001110011101A
:1023700002000000000000008300A0008400A00014
:102380008408000000882141002100002100400055
:10239000401080000040002100914000000021001A
:1023A00040000000080000000000000000000000E5
:1023B000000000800000008003000000002000807A
:1023C0000400000000000000000000000000000009
:1023D00000000000000084800000010000000000F8
:1023E000030000C000000000000001000008000021
:1023F0000000000000000000000020000500210097
:1024000005002080000000000040000200000000E5
:10241000010001004000008000A0002001000040F9
:1024200000000100000008008011002000004000B2
:1024300000000008000420010008102000900000A7
:1024400000100410008800900011000000000089B6
:10245000001100A10000009020908084000008215D
:10246000008500000000000000000040800408C05B
:1024700000000021000100002010000004100500F1
:10248000000000000091008300010000000300C074
:1024900000100000002000010089800000410004BD
:1024A00000010041001102000003024002A00000F0
:1024B0000121021000A100A0012000A10180001054
:1024C0000000004101000000002100020020000087
:1024D0000040000200040000000001002041001044
:1024E0000182002000100000001100009091208067
:1024F0000110001000200008001001200011010050
:10250000002000110000004000040002A01000C0E4
:102510000010904190200480002000202010002016
:102520000089040400040084008400020241008247
:1025300000A00002000200C0009000000440204003
:1025400020080010009000400002802102080420B2
:1025500000020400028402000400001000021002C5
:1025600004C00020002000840000000000848000DF
:10257000008800008088000000200000001000118A
:1025800000840082001000849111000000C000202F
:1025900000020004009100400002002000200040E2
:1025A00004400083100480A000108821400301C073
:1025B00000200220A000022102100809C00501C16C
:1025C000A1C082008411881100A0002020A00591E4
:1025D0000140000501000110A1020921080020218D
:1025E000000501204011000000080000904100108B
:1025F0001004A002000210030040004100044088C3
:10260000A040004100000010000004404000844150
:102610000002408008020820C090101000C104820F
:1026200084848390100400820421088400A008019F
:10263000090100820200A14002018000000000A008
:10264000000000100000020003000901101110003A
:102650001082000103C0000021014101110000901F
:102660002004A000108920102091414100000300A7
:10267000040800404182A18420008200024102013E
:1026800000880289050810000840880010108000AA
:102690000020022021100040400000000000200126
:1026A00040040000C000020040002089A00100009A
:1026B000C040004000000000041000080400820038
:1026C0000041840584000005012100080004004049
:1026D00000000000000400201000000800040003B7
:1026E00000000190210000020100010200A0000092
:1026F0000000888084900200080901002021004029
:102700000004004000040000000000050400000573
:1027100004000090008000000809C1090000880042
:10272000010401800040210000000100092009404F
:102730004040210800C0108841C002081104000573
:1027400003041104800408A00002029010C00500D8
:1027500011A0888309100289100080400002110036
:1027600000024100A00420850020032020009000EA
:102770000000100040080000092040002100400037
:102780002004002040080040000408004108101008
:1027900000000084008400841084414021040082F1
:1027A0004104801004040004100400040288404125
:1027B0000204C002022000090005C0000221888531
:1027C000884088219005102084400000C0118500B9
:1027D000820088402020001188040000200290021E
:1027E00020000000000021910904000300050011F1
:1027F00040030000C00904200202049000402005AC
:10280000A0008485002100000011000204100000D7
:1028100001109009C0002020400400020080040044
:10282000000400000200858090A020A1040901009E
:10283000112010C102040000034041100085A0C116
:1028400004C0908210841184090808A100400090FF
:10285000000510100000008803A0A0C00020218403
:1028600000A0031041000000C1828085028800881A
:102870008288040000000200090003002000808913
:102880000000000008000210001000080310008281
:10289000080008200090009002002040200189914B
:1028A00010C01040118400000010808220A0880019
:1028B000C1042104008500000020009000410004B4
:1028C0001108011021400000840300830840000922
:1028D000000000A00311000000000003200300001E
:1028E0000000000000000010000008002020000090
:1028F00000001000000000000210000000000108AD
:1029000020080040000084000000000500000000D6
:102910000000000000000000040000000141012050
:1029200020020000008008000000000040000000BD
:102930002000208000900010A040000441081121D8
:10294000A00084002000200040000000880000005B
:1029500083008400830003000320059040C0419061
:102960008382054005884120888908090009048977
:1029700000000400820405000000080085008000BB
:1029800041000010001020100010080880024004D0
:1029900008110900108011800800400410218005F2
:1029A000402000110000C1000008800300209000BA
:1029B00003808003801005080000080188010000E2
:1029C000400089000500C1000100C10000000800AE
:1029D000000088008800C00001000100C085C0041C
:1029E000004103118885A01000418982849000086D
:1029F00000C00400C000C100000000000000C000D2
:102A000008004100020184010101000101010800E8
:102A1000100001000010080890C0014001000000F3
:102A200002010100004000A00890000988C1900543
:102A3000411000080401820100000000A00003A171
:102A4000880590110204A0000404910140080800C8
:102A50000510100040A18400091008904101008871
:102A600005C085830800C08889C009018200200054
:102A7000880488000102000000020000000011002C
:102A80008300C1024001100020A1890082000800DB
:102A9000C0080800080091A00200100210011110E7
:102AA000112108A189010801912010A0118340097A
:102AB0001020100903A021008441C100090508115C
:102AC000828303100483048080118900034088807E
:102AD00003020280900500080841900080048210E3
:102AE000098090858889C00021804005410908003F
:102AF0001100400008004000001100000008000024
:102B000010004100858004090900112188059140C9
:102B1000850082000404851040008911880003208C
:102B20009000889011054103800208118000909068
:102B30008009031100020340100991102100831045
:102B40008405008903A185408002020908A080A1B4
:102B5000000305004110008400A0090802C000889D
:102B60001100808008052085118080800385A08564
:102B700021848504C108832000A009000885008302
:102B800000000020008300A00020048000802000BE
:102B90004000110300021084058580C0C108208810
:102BA0000088800820C1044108C10080C00040C0E6
:102BB00000081180A191112040830808008840C0BE
:102BC000000382A00010018540218202008400855C
:102BD0000804C000008800C010400210000900086E
:102BE000C0090020880201828911000402C04084CB
:102BF00040050141C10191C08901080900C00108D7
:102C00000483000000C100C00085040910400008D2
:102C100000C089020002000401A00282048402852F
:102C20002084020202C001040008030820A010C092
:102C3000048400A12002040804898911402100C1F4
:102C40000040A009A010A091C102090000C000022C
:102C50000000000400090002000100084089908281
:102C600082008808820811C1100004400284850394
:102C7000020190400011004100000008000400849F
:102C800001000000000000000000000000C000A1E2
:102C900001030100008200C1011100000102004196
:102CA0000082000000880000000200000182840011
:102CB000A00040100020C10188030500C00283204D
:102CC00084404100000485800904201041000085F3
:102CD00000000003000000830003000200800009E0
:102CE0000080000000000000054100404180008895
:102CF000050280104111008300A000040000008044
:102D00000000200000000000001100090000000089
:102D1000400841840804218002030482080810004E
:102D200000880082000200002009200320041041D6
:102D3000800080008000110083200040404000801F
:102D400083201180880000800600000B00001242E2
:102D50000000000BD00041000000000BD00042003A
:102D60000000000BD00041480000000BD0001148CB
:102D70000000000BD00011002184000BD000426045
:102D80000000000BD000000000000041000BD0004C
:102D900000000000000BD00000600000000BD0001D
:102DA00006000000000BD00042000000000BD00025
:102DB00000480048000B040000600000000BD00039
:102DC00000001100000BD0008200020801040088FE
:102DD0000044000000008FBF82BE00000000FFFF23
:102DE000FFEB0000000099666699EBFFEBFF5500D2
:102DF00055FFEBFFEBFF550055FF00000000000CF6
:102E0000555D0F0F00003C3CFF000000000000007B
:102E1000F0FFF0F50000000800000000C3FFE3FF32
:102E20003C3CFDFF00000000F3CF51455555557D5A
:102E30005C5C5CFFC3C3C3C300FFFF005555F0F0EB
:102E4000FFFF0FF000FFF0F00F0F3CC38020401099
:102E500088004400000000008F8F82820000000084
:102E6000FFFFFFEB00000000669999660014001454
:102E70005555555500140014555555550000000082
:102E8000000055550F0F00003C3C00FF0000000003
:102E90000000303530350000000000000000003C2C
:102EA000001C3C3C080000000000F3CFA28A5575CE
:102EB0005575000000FF3C3C3C3C00FFFF005555B1
:102EC0000F0F00000FF000FF0F0F0F0F3CC320800B
:102ED0000802240081000000000000FFC33C000045
:102EE0000000DFFFFFFF000000000FF00FF0996609
:102EF0006699996666996699996666999966800059
:102F00000000BFAAFFAA0000F0F000003C3C000057
:102F100000000000FA507878200000009966669959
:102F20007D7D7F7D3C3CAAAA0000000020000000BF
:102F3000F0F2F0F02A8A1545C3C33C3C0F0FF0F0C5
:102F400000FFAAAA5555F0F00FF0FFFFC33CF0F0C8
:102F5000104004010024008100000000FF00C33C79
:102F60000000000020000000000000000FF00FF043
:102F70006699996666999966996666999966669959
:102F800000000000FFAAFFAA0000F0F000003C3C97
:102F9000000000000000FA507878000000006699F8
:102FA0009966282820283CACAAAA0000000000004E
:102FB0000000F0F2F0F03FCF3FCFC3C33C3C0F0F17
:102FC000F0F0FF00AAAAAAAAF0F00FF00000C33C9C
:102FD000F0F00086006003901000A08650F0A0B0D2
:102FE00000A5A08650F0A0B00005A08650F0A0B0CB
:102FF0000005018600B000900000018600B000B01E
:1030000000000084004C03900000A88654F0A0B299
:1030100000150000008600EC00900000A006507033
:10302000A0A00005008600F000900000A08650F0EF
:10303000A0B00005A0860CF0A0B00085C68601B641
:1030400008940840128621F040B408481286217086
:1030500043A40848FD0DFDFDCFFF0EFF000000005A
:1030600038FF38FF000000000500000099666699EF
:103070003C0FFF559966669966999966CC3333CCB7
:10308000383D3D3800000000FF00FF000000000058
:1030900000000030000000000000000CF3FF000002
:1030A0000000FFFFFFFB0000000040400C0000009C
:1030B000000000000004000000000000000CFAAA5C
:1030C0000AAA0034CBFFFFAA3C2815153F3F00A0F9
:1030D0000000140CFFFF5D0D5D0D0CFF0EFF0000E6
:1030E000000038FF00FF00000000050000006699A6
:1030F00099663C0F00556699996699666699CC3336
:1031000033CC3D38383D00000000C300C300000050
:103110000000F0F00818000000000000000FF0FFB1
:1031200000000000FFFFFFFF0000000000000C0097
:103130000000000000000000000000000000000C83
:10314000FFAA00AA0034CBFFF0A030200015003FFA
:1031500000A000A0140C140C00000000000000C02F
:10316000000000000ACB00C3000000004DC34DFF6B
:1031700000000000553CFF0FBA8ABA8A3C283C7D0B
:103180009966669999666699C3C057559966669916
:1031900000000000000000000000000000000C0F14
:1031A0005D5F0000000003033C7D00000000FF3C69
:1031B000A524FF3CAA280000000400000000FF96A0
:1031C0000F06BCFFA0A03C3D3CFF2CAF1C5F143C95
:1031D00055FF0000000000FF00C7000000000000D5
:1031E00000C0000000000A0A0000000000004D00BE
:1031F0004D3C00000000553C000FBA8ABA8A3C28BA
:103200003C7D6699996666999966C3C00300669984
:1032100099660000000000000000000000000000AF
:103220000C005D550000000000003C7D0000000027
:10323000FFC3A581F030A0200000000000000000C6
:10324000FF96F090BCA0A0A03C3D3CFF83AF435F45
:10325000040C050F0000000000050005000005102B
:1032600000C00000030200040000040809000482FA
:1032700004000008210000A002A0000000100010BF
:103280000000000000000800009000000000210085
:103290004100000000001000009005000000080040
:1032A000050041C00000000811002100211000208D
:1032B00000000400009011400000000004C0042041
:1032C00000A021A0000000402088009002400040A3
:1032D000000000002100000000A0200004A0040263
:1032E00000001000A000828000800000008000002C
:1032F00002000000080000000000000000000000C4
:1033000000000000000000000000000000000000BD
:10331000000000000000900000000000000000809D
:10332000000008000000000008000000000082000B
:103330000000840082000000000000000000000087
:1033400000000000000000000000000088000000F5
:10335000000000000000000000000000000000006D
:1033600000C0000000A000000000000000000001FC
:1033700000200000002040900000000000000584B4
:103380000520000010900508000805080200100044
:10339000000000000000000010C010100088008431
:1033A00000000000000000000008002000000000F5
:1033B0000000008400000000000000000000000089
:1033C0002000000000C00000008800200000052050
:1033D00000000040000008400040020803200020D8
:1033E0000000002100000000002000200011000863
:1033F0000002004104000010002100200009000824
:1034000000000011822100210010000000100000C7
:10341000001000110041001108110000000004001C
:103420000003000000410021902100100010004125
:1034300000000041000800000000000800400020DB
:103440000008000800200009044000080021004195
:1034500000000008A000A0200020001100200008AB
:103460000009A00009C021C0092004000020034079
:10347000000400002010210000824110118202008F
:1034800009080590110041C000000040054008A057
:103490000984050840A0210200A009C0000000A086
:1034A0004090020000000400200020C00000110035
:1034B0000000400003080000101000100910034035
:1034C0000000000000002000200005A0028403107E
:1034D0000020004000840002099020821102004078
:1034E0000004048400021000A01082400020C011DB
:1034F00000A008808805A00010000021100990415C
:103500000005000000214003044084108820004092
:10351000001004004010404110218205840400087E
:103520000008000402080000882188008411A021FE
:103530000040C000C002082000410000000500005B
:10354000880200058421022100030805C004000947
:1035500000212004A0092000004100101021884013
:10356000A0419041A000000911000000C000210806
:103570001100080008050010008221001000000062
:10358000000800080000210000000000000000000A
:103590001000000000A0000000000088049000005F
:1035A00010000300030000000000001000000004F1
:1035B00000000300001000000000002000C00220F6
:1035C000002000000000000000000010000000A02B
:1035D0000004000010001090090000100500208475
:1035E00020000900050020A00900A01008000941E2
:1035F000108000040210A020C0081009081000115B
:103600000040000500080800000882001000C0000B
:103610000009004100000008000000091000040239
:1036200000200021000000000005000000009010B4
:10363000081000000004000990000011020082033D
:103640000000004100410041080000051005002174
:1036500010002011004000410003000000000004A1
:10366000100500009000C0002000904110A0002034
:1036700008030988008400100082000400A000886C
:1036800008000400000003000020001000000000FB
:10369000000004C000100008008810000040000076
:1036A0001088090200000000000800080000050062
:1036B0000800000000000082104009000000000027
:1036C0000400000000840088000804C0040400C056
:1036D000038200000040000000000000000200A083
:1036E0000420004000904000090000000010820407
:1036F000C0040840C005A020C0A1C01108042000DB
:103700001005000988218820C002C0214003402103
:103710000021002104030004A0082000041002007E
:1037200002201000021084004040001090100000A1
:103730004000024100092003C00090030000044043
:10374000822100214021042004040008201090025E
:1037500090000020A009040000038408001110104C
:103760008804A0080808000510410810C0101021A6
:10377000000000000010001000A008000084008875
:1037800021C00040008820880020000021400088DF
:103790002004000000902004008200C000084100C6
:1037A000100000900008000041100090032000006D
:1037B000000000880020008200000084000000005B
:1037C0000010000000001100001000840010040828
:1037D000000000001000008400880000118400C078
:1037E000000000840900000000000084410021085E
:1037F00041000000080308030408080082000000DC
:10380000820000008403C000A000000000098200C4
:103810000800A00900000041000000000000820034
:1038200000410010000000000000002000200021E6
:103830000000000000030000000088050041204057
:1038400088032021204004040041200500101003BB
:1038500008050408900000008200200000410000DC
:103860000405A0410020040400000400822100217E
:103870000800A00000000000000900008080008017
:10388000000810000000000000800000020003009B
:103890000000000000000000000000000000000028
:1038A0000000000000000000000000000000000018
:1038B0000000000000000000000000000000000008
:1038C00000000000000000000000000000000000F8
:1038D00000000000000000000000000000000000E8
:1038E00000000000000000000000000000000000D8
:1038F00000000000000000000000880000008204BA
:103900000010C00101000000000000820000000063
:1039100001000000000000000000000000000000A6
:103920000000000000000000000000000000000097
:103930000000000000000000000000000000000087
:103940000000000000000000000000000000000077
:103950000000000000000000000000000000000067
:103960000000000000000000000000000000000057
:103970000000000000000000000000000000020045
:1039800004820082000001820000000000000000AC
:103990000009000100050100000000000000000017
:1039A0000000000000000000000000000000000017
:1039B0000000000000000000000000000000000007
:1039C00000000000000000000000000000000000F7
:1039D00000000000000000000000000000000000E7
:1039E00000000000000000000000000000000000D7
:1039F00000000000000000000000000000000000C7
:103A0000C0008080008000000380000000000000F3
:103A10000000008800020083410000000000000058
:103A20000000000000000000000000000000000096
:103A30000000000000000000000000000000000086
:103A40000000000000000000000000000000000076
:103A50000000000000000000000000000000000066
:103A60000000000000000000000000000000000056
:103A70000000000000000000000000000000000046
:103A8000200003800000000000080000000000008B
:103A90000000000000100000000000000000000016
:103AA0000000000000000000000000000000000016
:103AB0000000000000000000000000000000000006
:103AC00000000000000000000000000000000000F6
:103AD00000000000000000000000000000000000E6
:103AE00000000000000000000000000000000000D6
:103AF00000000000000000000000000000000000C6
:103B00000000010000080000008490010000000097
:103B10000000000000000090000000000000000015
:103B20000000000000000000000000000000000095
:103B30000000000000000000000000000000000085
:103B40000000000000000000000000000000000075
:103B50000000000000000000000000000000000065
:103B60000000000000000000000000000000000055
:103B70000000000000000000000000000000000045
:103B80000000010090A08801050800030002C002A7
:103B900000000000000000000140000100000000E3
:103BA0000000000000000000000000000000000015
:103BB0000000000000000000000000000000000005
:103BC00000000000000000000000000000000000F5
:103BD00000000000000000000000000000000000E5
:103BE00000000000000000000000000000000000D5
:103BF00000000000000000000000000000000000C5
:103C00000000000002000000001003000083008894
:103C10008005000000000000000020830004000078
:103C20000000000000000000000000000000000094
:103C30000000000000000000000000000000000084
:103C40000000000000000000000000000000000074
:103C50000000000000000000000000000000000064
:103C60000000000000000000000000000000000054
:103C70000000000000000000000000000000000044
:103C80000000000000000000000000001148000BD0
:103C9000D0001250000000000000000000000000F2
:103CA00000001242000000000000000000000000C0
:103CB0000000000000000000000000000000000004
:103CC00000000000000000000000000000000000F4
:103CD00000000000000000000000000000000000E4
:103CE00000000000000000000000000000000000D4
:103CF00000000000000000000000000000000000C4
:103D000000000000000000000000000000000000B3
:103D100000000000000000000000000000000000A3
:103D20000000000000000000000000000000000093
:103D30000000000000000000000000000000000083
:103D40000000000000000000000000000000000073
:103D50000000000000000000000000000000000063
:103D60000000000000000000000000000000000053
:103D70000000000000000000000000000000000043
:103D80000000000000000000000000000000000033
:103D90000000000000000000000000000000000023
:103DA0000000000000000000000000000000000013
:103DB0000000000000000000000000000000000003
:103DC00000000000000000000000000000000000F3
:103DD00000000000000000000000000000000000E3
:103DE00000000000000000000000000000000000D3
:103DF00000000000000000000000000000000000C3
:103E000000000000000000000000AEDE0000000026
:103E100000000000000000000000000000000000A2
:103E20000000000000000000020000000000000090
:103E30000000000000000000000000000000000082
:103E40000000000000000000000000000000000072
:103E50000000000000000000000000000000000062
:103E60000000000000000000000000000000000052
:103E70000000000000000000000000000000000042
:103E80000000000000000000000000001678C202E0
:103E9000000000000000408C010000000000000055
:103EA0000000000000000000000000000000000012
:103EB0000000000000000000000000000000000002
:103EC00000000000000000000000000000000000F2
:103ED00000000000000000000000000000000000E2
:103EE00000000000000000000000000000000000D2
:103EF00000000000000000000000000000000000C2
:103F00000000000000000000000000000000800031
:103F100000000091844000A000000804029000828C
:103F200080C0000003082000202020102000809086
:103F3000830040010010009000000000000000A07D
:103F4000000000000090042000201110001000006C
:103F500000A000000040204000820000000011008E
:103F60004090400020A020A00420A0082040800015
:103F7000001000201100022080100400A0008088A2
:103F8000000084A0044004880940000011408040E3
:103F900008000040002008000000000000000000B1
:103FA0000000040000000080010001000100010089
:103FB0000400040001208400000000000000040050
:103FC00000000000000000100080008000800480DD
:103FD00000C00000000000800080C0009000900041
:103FE00000000100010001000100040021000100A7
:103FF000200000400000004001800400010021007A
:10400000040000002000000000000000020000008A
:1040100020008500000000008800002000831020A0
:10402000000400008800100809C080211021804190
:10403000A021001000000020000100100808094025
:1040400080040900414010A000C0848289008420BF
:1040500084050000000103A1002000010000000011
:1040600000000801802184018011C00108080000BF
:10407000000000C000C100C1002100410040081044
:10408000820084112088028900050000004000C0E1
:1040900080888810040000000020030800900020A1
:1040A0000180008000100800012000002084A0840E
:1040B0002084218402030010001000200021002130
:1040C000A0A10280002000100010000004000800E1
:1040D0000490049000000020002000210020002116
:1040E0008241080000200410211008100920A000BF
:1040F00000000010000800200020002000A0002088
:104100000009040804400500001000208240020954
:10411000001104200421A109C04110000910A005CC
:104120001182021002C0002100088001838988C129
:1041300021101009008204208488022002A00405B6
:1041400000850901008400200020081000200005DF
:104150000821040484200000200200404020800048
:104160000985024000030040041004114021211180
:1041700040054010802002100511201184400211DA
:10418000000880900084200480102021A02041207D
:104190000011A004808485C0040411841100004132
:1041A0002184900003052100008400000404041011
:1041B000041010800010000001800900018001003F
:1041C000019004200040001000900010009000803A
:1041D00000A0018401800580000001110010008012
:1041E000202100200100A020000001C101A000A0AA
:1041F00000100020000002C10121002000200591D4
:104200001120000020020002000808802090048293
:10421000908004202000200440022000100020088C
:10422000100010001000108420400082100000A038
:10423000210110208200A000000080A18020004009
:104240000002800000038201800000A08000800046
:104250001008000110209009080000000000040070
:104260000000000000108001800084000988001018
:104270002000000020A00020100100058400800024
:1042800041C02008C1000400418220000800040051
:10429000800020A01000200020002000A01084102A
:1042A00000000400000800100000C1211005C0112A
:1042B00002040004C0852021200984104020408889
:1042C00002080080400000844104400000100809FA
:1042D00040000008001010A00810010000000009B4
:1042E00000091000C0058220204020412009000361
:1042F00000000000840403020080002000A02100D0
:104300002008C01011050241094100000105C1103B
:10431000014104090103C00310411008C000050059
:10432000888421052184208403204008410908094C
:10433000800080841020009041882000200805889B
:10434000000000008020000011A080A000200800D4
:104350000800842004101000000205021000000074
:1043600011001008110003102000208840000200F6
:1043700040A00010000009088040000204041188D9
:10438000200209204104A00000840004840000A051
:104390000802080388200440C0C002010300030093
:1043A0000000020088820003010000110011840453
:1043B0000010200008000011002100000108C100C9
:1043C00000000000000004890000000004080080D4
:1043D000010001000580018400210080C000001060
:1043E00000000000001090000010410001000005D6
:1043F00084000003000000000002040000000480AC
:104400000000010000802080040000200000020065
:10441000200801200104208501084000000200005E
:104420000000090002820510200003A005842182FB
:104430001091000810200290208420008020830525
:10444000802080C0038403000090002000840000CE
:10445000008480118020211088210309020004417A
:1044600080000000001180118311A108000191104B
:10447000000584084000002020000004100200888D
:10448000008400110084208420840010A00000A07B
:1044900041C000000084031008050420030141917D
:1044A000214020108210002100002100000500059D
:1044B00020400020000400058210000001402085FB
:1044C00008C008802000C00082031008000000001F
:1044D000100010032082408004C14190A002A0007F
:1044E00000024020000000024004200240000402BC
:1044F000400000824000400804090020820088211A
:10450000042100218220C00083110341A020210941
:10451000820984000010840000A08404018000202F
:1045200000208400000090800500028008801011A7
:1045300080040220091040801000038020000284C3
:1045400091C1418510000004000400000000000338
:1045500000048004001080838004008000800083B9
:1045600000C090000000000000032009A00200002D
:104570000083A08200801109838320048982039034
:104580000803892088200041080321094002804156
:10459000C0034089020900000003800904020000F2
:1045A0009083048485020340040208880104010208
:1045B000100140000301000001822110A1C0012070
:1045C0000182C1040510009040000001A00000001D
:1045D0000201000108010000888310019010001002
:1045E0000083200303200088000004011100C101A2
:1045F00000000003040410400008108388830205B3
:1046000011054101210005010001010140012000C7
:104610008801A1098889908200C000019001910061
:10462000000083091003088909044008100801915B
:1046300082A1C01089080591C10182002100C088B3
:1046400082020200A040A00283914010900021400D
:104650002001084002004104830100880800000096
:104660008300880190000340839000000008000050
:104670004104010100008501051005C0100040C182
:10468000058883A008A0082083C021010802092012
:1046900004200901082005C0C140C1018801910022
:1046A0008400838504081183890811084021A0052E
:1046B0000841901008800580852109090540404186
:1046C000090090C1044141800505C08900000040F7
:1046D000A1000208C0801103A000831000000000A8
:1046E0000000830000020010C000831100000000E1
:1046F000030821000308082190022080039140054F
:10470000111082088321800080002000830900802E
:10471000C100820003098080C00021808309000855
:10472000C10002038309401104208240838380106A
:10473000800240848004059010400902900300200C
:10474000001002050090108400C18085C080808028
:10475000048040C10088001041A004020083800052
:1047600000008091008300000080C0400083008032
:104770000840101108888083C1008088020200036D
:1047800083A10082888410830080411111200003DE
:10479000000008022102808340C0200005098083B8
:1047A000050200910902808391408091A084888352
:1047B00004A008088584400420C10089008308897A
:1047C000028940C082889082004084C084848982AB
:1047D0001020010200080883880500050182C00935
:1047E00090000008A0A10883408808020809A0835F
:1047F0000080A0210140000482210988C0410104F9
:10480000A0A11109C0C04004408300020082000939
:10481000200300400191008282210141A082A083F7
:104820004003A00100C0010088838204A002A011FF
:104830000489830500400302209005410121040002
:1048400008008282C0A008020820824189108400EA
:1048500008A0000900000000000201050008010096
:10486000000883010801080008088309034082004A
:104870000240008001A0012000900004A109410431
:10488000030021908310044109891002008801412E
:1048900001000041018900A00000001001C10010CA
:1048A0000100000891898890A100C088219088911A
:1048B0001120C111C0100489A102840009A0059033
:1048C000C0408000808900110009008089C18800F3
:1048D0008004910004100800000000800303088099
:1048E000400011808303C009000000808310C18054
:1048F00000008000008003000400210204A08383E4
:104900004080C000404083898420821088A00091AC
:10491000040320030041030302800005110003107B
:10492000008004111180839182058200008403209D
:10493000910484C008108100000BD00000000084A6
:10494000000BD00000000000000BD0000684000027
:10495000000BD00000000048000B04000000000025
:10496000000BD00082000048000B04002100000072
:10497000000BD000000000000000000BD000004140
:104980000060000BD00021000000000BD000424866
:104990000A00000BD00011000000000BD0000648F8
:1049A0000000000BD00000000000000BD000000051
:1049B0000600000BD0001248AA5555AAAA5555AAC0
:1049C000F909F60669695AA500000000AA5555AA1A
:1049D000BD24FF00E7EFE7EF00FFFF0000FFFF004F
:1049E0003333FF003333FF00FF000000FF000000FF
:1049F000FF000000FF0000000000C33C0F0FC33C9D
:104A00000F0FF00F3C3C00FF0F0F000000000000F4
:104A10000000000F000F99F0FFFFC300FFFF99F0A7
:104A2000FFFFF0F0FFFF81BDFFFFF099FFFFC3F034
:104A3000FFFF000000000000000055AAAA5555AA7B
:104A4000AA55FF0FF0006969A55A0000000055AA99
:104A5000AA553C3CFF002420242000FFFF0000FF5B
:104A6000FF003333FF003333FF00FF000000FF007F
:104A70000000FF000000FF0000000000C33C0F0F1B
:104A8000C33C0F0FF00F3C3CFF000F0F0000000075
:104A900000000000F0FFF0FF99F0FFFFC3FFFFFFF1
:104AA00099F0FFFFC3C3FFFF81BDFFFFF099FFFF38
:104AB000C3F0FFFF00000000000000000000000045
:104AC00000000000000000000000000000000000E6
:104AD00000000000000000000000000000000000D6
:104AE00000000000000000000000000000000000C6
:104AF00000000000000000000000000000000000B6
:104B00000000000000000000000000000000C208DB
:104B10000400001088610000000000000000000098
:104B20000000000000000000000000000000000085
:104B3000000000000000C2080400001088610000AE
:104B4000000055AAAA5555AAAA55FFFF000000006B
:104B500000003C72FF72FFFF666F0C3CFFFF00FF1E
:104B6000FF0000FFFF0000FFCCCCF0F03CC30000D2
:104B700000FF00006666000000FF000000FF00006C
:104B800000FF0F0FF0F0FF00FFFF3CC3F0F03CC34D
:104B90000000000000000000FFFFCFC0FFFF0099F1
:104BA000FFFFF303FFFF000FFFFFFF000FFFFF0FEB
:104BB0000FFFFF0F66F099F00000000000000000FA
:104BC00000000000AA5555AAAA5555AAAA55AA55EB
:104BD000000000000072C372000066600000F3C3B2
:104BE00000FFFF0000FFFF0000FFCCCCF0F03CC353
:104BF000000000FF00006666000000FF000000FFEC
:104C0000000000FFF0F0F0F000FF00003CC3F0F007
:104C10003CC30000000000000000FFFFCFC0FFFF0A
:104C2000FF99FFFFF303FFFFFF0FFFFF0F0F00F0E0
:104C3000F00000F0F00066F099F0000000000000C5
:104C40000000A1865050A3B00085008600FC00B98A
:104C50000000A0005090A00000050080009000100F
:104C60000000C68601F608B40840128621F040B460
:104C70000048C641019608044940A2415190A00451
:104C800049450000128621F040B40848128621D41C
:104C9000408400480500049000020010C0C6C0F027
:104CA00031B04903C0C7C0F030B04903C0C7C0F03D
:104CB00030B04903C047C0B03000510305A604908E
:104CC00003C20010B2B23C3C99666699CCCC333337
:104CD00099666699F0AA3CFF303FF5F53F307D7D3F
:104CE0007D7D0FFF0000000033333CC30000000057
:104CF0000C0C0CCF3C00303000FF000F3CAAFFF042
:104D0000FCFC05F500000000000099666699FF2A8A
:104D1000FF200F0F0F3CF0AAFF3CFF0F3C55000097
:104D2000000014553CFF00000000000200000000DD
:104D300000001C3C0000DF20FF0000005050FF007E
:104D4000FF000040FF7FAAAA000066999966CCCCBC
:104D5000333366999966F0AA3C00303F05053F3031
:104D6000282841410F000000000033333CC30000FD
:104D700000000C0C0CCF3C0030300000000F3CAAAF
:104D800000F00C0C05F50000000000006699996623
:104D90002A2A20200F0F3C3CF0AA003C000F3C5573
:104DA0000000000004050C0F0000000000000000DF
:104DB000000000003C3C00000000000055550505C7
:104DC000FF00EF200000FFFFFFFDFDFD99996969DD
:104DD0000000000033CCCC33F0F0FF000F3C55FF57
:104DE000F0F0F5A008000008000000009966669940
:104DF00000000000FFFBFFFBF0F03C3C0F0F55559F
:104E0000FFF03CAA3C0F55FF00000000000055AA2F
:104E100055AAF8FAD0500A0F5F0F3A3AFFF0FF5543
:104E20003C0F00000000A28AF3CF00000000A28A1D
:104E3000F3CF00000000F3CF51450000000000FA5E
:104E40000039FFBFFFFF00FF00FF7D7D7D7D6666AF
:104E5000696900000000CC3333CC3C3CAAAA0F3C6B
:104E600055003C3CF5A000000000000000006699E1
:104E70009966000000000000FFFB00000000000039
:104E8000000000F03CAA3C0F5500000000000000AC
:104E900055AA55AAF8FAD0500000FFFF3A3A0F0081
:104EA00000553C0F00000000F3CFA28A0000000074
:104EB000F3CFA28A00000001F3CFA28A0000000015
:104EC0000005003C0010000000FF01FD4020042010
:104ED000A00004000400001184000000000004028F
:104EE000000800020510800000000000001004000F
:104EF00000100400008800200320004008208400E7
:104F0000820000000000000000408010000000004F
:104F100000204000042000A000A0000000C000000D
:104F200084000400000000C01088114080000221AD
:104F30000021800000000308400880002140008814
:104F400084001100400000C01100042003200180F3
:104F500004804100000000000040050082000000C5
:104F60000080000000800000020008000000000037
:104F700000000000000000000080008000800000B1
:104F8000200005000005000000000080020000C0B5
:104F90000000008000000080000000001000000001
:104FA000000004000000000000000100008020005C
:104FB000002000042000000008008500020000809E
:104FC0004040210900000010000004000100000022
:104FD000800000000000000900000040800585837B
:104FE0000010001000100008000400010010001064
:104FF00080008001028400001002002000080001EF
:1050000000A100018011908800880020002100404C
:105010000000002003880820080040200389402069
:10502000058800C120000005100200A04040852036
:10503000080800050001004100210040082008C0C8
:105040009140040184218401840000008040040018
:1050500000A12008901000200040000000A004A043
:1050600004200008002000000010A0A0A0020020E2
:105070000000202020200120842000800008C04162
:1050800000208402000240020210000800100040CC
:105090000020000000210400A00382090009001084
:1050A000001000000004010000A00021002000A06A
:1050B0001041839090A000200204048488090040DD
:1050C0000008042101100590211005219000040022
:1050D0000410020400C0200004C0040021000200EB
:1050E000211080C000208000000800020002088219
:1050F000204108A1000200020084002004040020D6
:1051000000020082C011C0004082409000110001E6
:10511000000584100000000208A000020002000345
:1051200000030003008310C00809002000014002B2
:105130000004000040400021002104904010204065
:1051400000101120001000A00000082080020000C4
:1051500000100008C009A01009001110011000097A
:10516000021100000408C000040084001000028046
:10517000A010018200020480C0001000000001C0E5
:1051800000101080000941044109010001000802DB
:10519000400288020510000082100410A090C0098F
:1051A00000A000900490882000000020000900204A
:1051B00000800041000382A10004002001020002DF
:1051C000001100210003C0214000080410800800E5
:1051D0000000100084002104100405024100208416
:1051E0004140020141C10411008410A010888800D0
:1051F000098421090083002040A0900000C1890299
:105200001010008309A00003000204024000840281
:1052100010020002020200030000801040844000DF
:1052200000C1000000A12001021105000008118545
:105230000311050804830400410002080001030073
:10524000200841A008A0028982828205090040202E
:10525000910184C011009100000010211080080805
:105260000000000900041020002040210000100070
:105270002002C00890040002008001054041A00205
:10528000208010008404001000840083018001202D
:10529000418090800080009000A000000203024145
:1052A0000005000200100020101000100000004156
:1052B0000020822000000108014108410000820412
:1052C00088008541000900050804400004A0A000F2
:1052D000008020100510900004000010102005A090
:1052E00005000002000004A04182410405894190AC
:1052F0000582050011208409048220024020000458
:105300000082000400840020008502A00483800045
:10531000000000030082080004C084A00000C0C098
:10532000408241014000C1A18910C0C18003030136
:105330004002102003A004400000040820020510D1
:105340002102100883200401800200C10083400272
:105350000402A18400004120099041C0A001C009BD
:105360000820000500208400A0008802008390101F
:1053700082000202C00084894104010084200900E7
:1053800004210000020084218421A00440080102BD
:10539000400000058402000084000000410200007B
:1053A000032003040040892008100400042008A002
:1053B000A020C021C0802003408000202088884198
:1053C000A02100110000040401042000004090040A
:1053D000000900000808C0000008020588210340F9
:1053E00008001000004080014184008410841000F7
:1053F000C1008084A000911021200390029000043D
:10540000100020829040008802C0821040002102DB
:1054100002880404820202844090020080A003906B
:10542000000000020002808200044182002010007F
:10543000009082209010050480A00488000841108C
:1054400004100088000005100482004080008011D4
:105450000000088490109104009104A00020020034
:1054600041400000820088004004000000009000DD
:10547000002140410800052104A1880300008405A3
:1054800000C1A000820411000010000940110000BA
:105490008205000300000205000000000000020574
:1054A000A0030000048800900241001000000005E5
:1054B0000000001004900400001020008300008011
:1054C0000000411000050010042100000003042129
:1054D00010200000C100042120008220010000C132
:1054E00000200088200303419041A01002084020C2
:1054F0008921034103100040204041111103040998
:10550000A102C0038503890440410341110300093E
:105510008041090900038040000500048003000465
:1055200002050020000000831010840500040083A1
:10553000022100050041802184091080218391808F
:1055400005008080400088910810030803080000CF
:10555000C100110041000889110909044088024175
:105560009040910810800001A0004101200001013D
:10557000A100A00000010100200102019000030130
:10558000880109018500900109010900010101015B
:1055900000010800000000011000A00000008201CE
:1055A00020010000000100000011038308080091A1
:1055B0000083898890C000C188400941110200C061
:1055C000048289C0C0080020408884100410024072
:1055D0000000100040000100028285410283881112
:1055E000C1C00809C08401840804C0100804110067
:1055F0000900A1000020080041010408080183906F
:10560000C0829108030509028200A00409A1099142
:105610000008010201830101401003C02189A1009B
:10562000900090008910410000009000210021208E
:10563000098290898800008883018900044008005D
:10564000090209A0410082024100100082881089ED
:1056500011C004C0040104C00500100084C0411141
:105660008301A1838500890485841000418091A075
:105670008300A10040002180A01010408502030893
:10568000830041A0210041110390044085008591D1
:105690008305028041002091030905802088901035
:1056A0000302030004001000030000000540400056
:1056B000C180038385C021000280831110111180F5
:1056C000030509808800200004008205C105102020
:1056D000108209C08000022102004002A102118054
:1056E0002104900891832000A100898208100441C0
:1056F00005030903020210041120C1412021008486
:10570000081008830502020310091183044100C137
:10571000002091030202040940091103002008033C
:105720000090000300020003100200030000008448
:10573000900300C1000300110083004180830582B3
:105740008021892141850002404084050003418277
:1057500080100990858400410885202100050820DB
:1057600080202009089020028020880200A0008369
:1057700000C001C004A10101018900C040040082F1
:10578000000400892083000500880189051100A01C
:105790000011008341030121008801010901889162
:1057A00000C0008588910003000001050041000051
:1057B000000983C08285000100C100900001888338
:1057C00000098208A10804880009850802900201E6
:1057D0000021821003A0880802C00102019088A065
:1057E0000000404000090183004110100810001023
:1057F00001000003000001C020C0020100000002FF
:105800008300090308004088218821410301A0C0CA
:10581000031102A1010008880188011100010000A4
:10582000000000200000000801A00140010000C0AD
:10583000000085A005100000A02083820121050042
:1058400090901088090008001010829002009001CA
:1058500002881088100405010810000000200000D4
:1058600000408289408920820901A0018808C00087
:1058700008C00340411008050200001180410011DA
:105880000000C011C0109140C000839084114040BE
:1058900003008308411140110400038004110940F2
:1058A0000200000500000500008003400200200007
:1058B000038000008305208020000300838004C152
:1058C0004141038020890400412000808009800537
:1058D0008020800010C1102002088880000900008C
:1058E00000000080889011029011A10300218082A5
:1058F000000900800000000BD00000000050000BE9
:10590000D00000000000000BD00021000000000BC0
:10591000D00006000000000BD00000500000000B7B
:10592000D00000410000000BD00000004100000B3F
:105930000000420000000000000B000011600000A9
:10594000000B000011000660000BD0008200004137
:10595000000BD00000000A50400BD00011000000E6
:10596000000BD00000004188000BD00000880A50D6
:10597000000BD00081000F3C55FF505FFCFC000085
:1059800000003FFFAFFF3C0F55FF00FF0F0F7D7D75
:105990000FFF5C5C3C3C505FC3FF080000005F5F92
:1059A0003CFF0F0F0CCFAFAFAFAF00003C0F0000BC
:1059B0000F3C00000CCF000000000CFC00000CCFDE
:1059C00000000CFC00003C0F00FF05FF3C3C3C3F8E
:1059D00000000000FFFFFFFF0F0F0FBE3C3F3C35F4
:1059E00000000000FFFFFFFF3C3C3C3C00FF02FFCB
:1059F000000000000010FFFF0F3C5500505F0C0C32
:105A00000000000030FF00FF3C0F550055553C3CA6
:105A1000414100F05C5C00FF505F003C000000086A
:105A2000505000C355550CCF0505050500003C0F2F
:105A300000000F3C00000CCF000000000CFC000038
:105A40000CCF00000CFC00003C0F005F00FF0C3C82
:105A50003C3C00000000C70505050F0F0F143C304B
:105A60003C35000000003FFFFFFF383D3C3C00FF9D
:105A700000FD000000000000FFFFAAFF3CF0FFF067
:105A80003A3AFFFF7F41FFFF353D3FFA3F0AAFAF94
:105A9000FC0CFFF0BEBEFCC0FF00F0F0F0AAF3F378
:105AA000F0AAF0F0B2B23C3C3CAAF03C00003CF062
:105AB0000000F03C00003CF000000000F03C000062
:105AC0003CF00000F03C0000C5353A3AFF28FF00EA
:105AD000FFFF300000000000000030703CAAAAAABE
:105AE000BFFFB00000000000FFFFFFF0FF00FF005D
:105AF000AAAAAAAAFFFFF0F03C3C3C7CAA003CF01A
:105B00000F003A3AFFFF3E00FFFF303830FA300A0C
:105B1000A0A0FC0C0F008282FCC0AAAA3C3CF0AA08
:105B20003030F0AAFF00B2B2F0F03CAAF03C000026
:105B30003CF00000F03C00003CF000000000F03CB5
:105B400000003CF00000F03C0000CA3A3A3AFF0086
:105B5000BE00FFFC00000000000000000000F0AAF2
:105B6000AAAA8FFF800000000000FFFFFFF0BF80A7
:105B7000FF00AAB2AAAAFF00F0003C3C3C3C088609
:105B800004F000B20010008600EC0080000000026B
:105B90000CB000020010088604F000B20010088665
:105BA00004B000B90010088604F000B20010A2C6CC
:105BB00051F000B4494002C701600394494000001D
:105BC00002C701A000944940024101800004414005
:105BD0000086008403800000008600EC00B9000508
:105BE0000086009C03800400A08652F0A0B00085CF
:105BF0000086009C038000000086028C03E8000001
:105C000000000000005CFF5C00FFFF000F0F0F555D
:105C1000FCC0BEBE5C5C0FFF996666990C400F40ED
:105C2000FFFF3C1400003C4D0000000033333333D1
:105C3000000000000000000000000000001400143C
:105C40000000FF7D0028F8FFF8FF282830303C3C9A
:105C50000F0FFAAA0AAA0005FFF500303000CFFFA7
:105C6000CFFF3FAAAAAA00FF0CFC000000001515F8
:105C70003F3F3C00B4B400FF0505FF02FD000000FB
:105C8000000000000000005C005C00FFFF000F55FA
:105C90000F55FCC082825C5C00F0669999660040FA
:105CA0000340C3EB00000000004D00000000333350
:105CB0003333000000000000000C00000000FFFF74
:105CC000001400003C3C3C3C000700072828303012
:105CD000000000003AAA3AAA000CFFFC0030300095
:105CE0000030003030AAAAAA00FF05F5000000002D
:105CF0000015003F3C00B4B455550505FF00FF00FA
:105D00008000000000000000252F757F00000000CB
:105D100028287D7D00000000303F5F5F000000000C
:105D20003C4DFF4D000000007FFF3FFF00000000E2
:105D30000000000000000000000000000000000063
:105D4000000000040000FFFFFFFF0F053F3DF000D3
:105D50003C000C0C0505AF3C3C3C3C3C3C55000079
:105D60000000A2F3A8FC3FFF30000F0F0F5500000A
:105D70000000828282823C00ACAC3F3F003CF0F0ED
:105D8000F4E000FF40FF00000000202A707A0000CD
:105D900000002C2C7C7C00000000303F50500000A4
:105DA0000000004DC34D000000007F7F3F3F00001A
:105DB00000000000000000000000000004000000DF
:105DC0000000000000000000FFFF302800053C3DFF
:105DD000F0003C000C0C0505A03C3C3C3C3C3C0F5E
:105DE00001004000F3A2FCA8AFFFA0000F0F0F3C82
:105DF00000000000000000083C00ACAC3030003C6B
:105E0000F0F0F0F000FF00BF0000000004100200FE
:105E10000008000011080200030000000008000054
:105E200000000082210011000000020000C00400F8
:105E300000002010090004000000210000080000FC
:105E400000004100000000000000100804000300F2
:105E50000400000010000090000003A004102108BE
:105E60004020020002A00088411004A020902000E1
:105E7000218803C011A011002100058802402140A3
:105E8000000000C0004000022000084100000000A7
:105E900000002000000000000011204000400040F1
:105EA00000400000000000000000000000000400AE
:105EB00000000000000000080000000000100000CA
:105EC00000000000000400000000000000000000CE
:105ED000002100000003000000110000002000006D
:105EE000000000100000100010000000002004005E
:105EF00082090000020904090009000900000000ED
:105F00000009A0200002000920401009000008003C
:105F100000000090090000000000000000900090C8
:105F2000031005C0094008200000008800820320FB
:105F3000002005C0030000200090054000A00008DC
:105F400000C000A000C0092000A0008800000020C0
:105F500011C0008800A020882020201020001020E0
:105F6000100000A002A011A0000008000090009006
:105F700000201020002005C00000008800900000D4
:105F800000100000000021A0000000C000C00010B0
:105F90008202002000080000000802030008080830
:105FA0000002901100100003820802090021021073
:105FB0008411001090000211000000080008820304
:105FC00000410002000388110010001100210000B0
:105FD00000410000001000004005001000410020BA
:105FE000000000200040000882030411000000416E
:105FF00000400021C0210000000882100010002095
:106000000041040990080010A010081000080808BA
:106010000382418200840500410000002100051038
:10602000030010000384110011100804030010C0C5
:1060300041A000C000821090000200A000404188F2
:106040000000001011C000A000021100000000C0FC
:10605000000000824100000200A000080040100281
:106060002120410000000002090405C000100002C8
:10607000000000400008001000400410110808A0B3
:1060800000880904090811020000020440A0001061
:106090002104900404002000A0410010A000001082
:1060A0000000A003A00084008400084040412005B7
:1060B000001184210400084110080008004000007D
:1060C000842100098400C0038841000502211000DA
:1060D0001000000000002003000084008805042157
:1060E00000210200000000038800900540210440C8
:1060F000A04082098810C0401004102100039009BC
:106100004041002100200000C0211040C010C0000C
:1061100040101000094020C0410820400084008445
:10612000000003A011840010004008100008108433
:106130000010098800102090108400820090004018
:1061400000100040000411900084041000C000C042
:1061500000000000000011C00000050000004084A5
:106160000040001000C000A005C000820000111017
:10617000211008840084200800C010C0200009827B
:10618000090000080000418409C00988050010A02A
:1061900010C020820208000988000400024090001C
:1061A000C0111008A005C0219000882188218441D9
:1061B00010098400840290118220900910082005A3
:1061C00084092011201010410040A0109010A00060
:1061D0008405041100030000004000410008001184
:1061E00040020003A04110210021A0050021004130
:1061F000C010001084210211842100090421901094
:106200002021004090008405900300210041C0201F
:10621000000500059021A009100000000000000406
:106220000084050000C0020000000088000021007A
:10623000008800A01000000000C00000000800203E
:10624000004000880000418800000000009000002D
:1062500000880004000204C000000488000004401C
:106260000002001040000984000805100008042006
:1062700000000010009000040890020000100000D0
:106280000988000800A003840010100221022120C8
:1062900000C040900404081003848200881108089C
:1062A0000011C0001009102020032009C005401073
:1062B000C011102010000000900020000200882073
:1062C00000219010C000100040400011C0000021CB
:1062D0009000000000000003900000000000841007
:1062E0000003C003002100050000400384110021C9
:1062F000C00084218811840800098402000800116C
:1063000020030010C0058802881104409041400914
:10631000001088052009401184112002000041006E
:10632000009041400000000020001000100000001C
:106330001000108808400000000800100200020849
:10634000000004002004040000000040000009C018
:106350000000008200002100100411100000000065
:106360000090000000004000100000000382049034
:10637000040209100982401000200090000800C0AB
:106380000000008810C0008400000020110800A058
:106390000084101009820382214000840000001153
:1063A000024000030003084002020440C02088208D
:1063B0008841044120029005880302030208A021BD
:1063C00088001020A0118409A0040209084184401B
:1063D000000082100403901040110000020400002D
:1063E000001000098209904104098241000900104F
:1063F00082418209A0410009C00882042041822113
:10640000A010880082210409204190410840824167
:106410008800821000418803A009820000008400E7
:10642000000000000000000000000000000000006C
:10643000000000000000000000000000000000005C
:10644000000000000000000000000000000000004C
:10645000000000000000000000000000000000003C
:10646000000000000000000000000000000000002C
:10647000000000000000000000000000000000001C
:10648000000000000000000000000000000000000C
:1064900000000000000000000000000000000000FC
:1064A00000000000000000000000000000000000EC
:1064B00000000000000000000000000000000000DC
:1064C00000000000000000000000000000000000CC
:1064D00000000000000000000000000000000000BC
:1064E00000000000000000000000000000000000AC
:1064F000000000000000000000000000000000009C
:10650000000000000000000000000000000000008B
:10651000000000000000000000000000000000007B
:10652000000000000000000000000000000000006B
:10653000000000000000000000000000000000005B
:10654000000000000000000000000000000000004B
:10655000000000000000000000000000000000003B
:10656000000000000000000000000000000000002B
:10657000000000000000000000000000000000001B
:10658000000000000000000000000000000000000B
:1065900000000000000000000000000000000000FB
:1065A00000000000000000000000000000000000EB
:1065B00000000000000000000000000000000000DB
:1065C00000000000000000000000000000000000CB
:1065D00000000000000000000000000000000000BB
:1065E00000000000000000000000000000000000AB
:1065F000000000000000000000000000000000009B
:10660000000000000000000000000000000000008A
:10661000000000000000000000000000000000007A
:10662000000000000000000000000000000000006A
:10663000000000000000000000000000000000005A
:10664000000000000000000000000000000000004A
:10665000000000000000000000000000000000003A
:10666000000000000000000000000000000000002A
:10667000000000000000000000000000000000001A
:10668000000000000000000000000000000000000A
:1066900000000000000000000000000000000000FA
:1066A00000000000000000000000000000000000EA
:1066B00000000000000000000000000000000000DA
:1066C00000000000000000000000000000000000CA
:1066D00000000000000000000000000000000000BA
:1066E00000000000000000000000000000000000AA
:1066F000000000000000000000000000000000009A
:106700000000000000000000000000000000000089
:106710000000000000000000000000000000000079
:106720000000000000000000000000000000000069
:106730000000000000000000000000000000000059
:106740000000000000000000000000000000000049
:106750000000000000000000000000000000000039
:106760000000000000000000000000000000000029
:106770000000000000000000000000000000000019
:106780000000000000000000000000000000000009
:1067900000000000000000000000000000000000F9
:1067A00000000000000000000000000000000000E9
:1067B00000000000000000000000000000000000D9
:1067C00000000000000000000000000000000000C9
:1067D00000000000000000000000000000000000B9
:1067E00000000000000000000000000000000000A9
:1067F0000000000000000000000000000000000099
:106800000000000000000000000000000000000088
:106810000000000000000000000000000000000078
:106820000000000000000000000000000000000068
:106830000000000000000000000000000000000058
:106840000000000000000000000000000000000048
:106850000000000000000000000000000000000038
:106860000000000000000000000000000000000028
:106870000000000000000000000000000000000018
:106880000000000000000000000000000000000008
:1068900000000000000000000000000000000000F8
:1068A00000000000000000000000000000000000E8
:1068B00000000000000000000000000000000000D8
:1068C00000000000000000000000000000000000C8
:1068D00000000000000000000000000000000000B8
:1068E00000000000000000000000000000000000A8
:1068F0000000000000000000000000000000000098
:106900000000000000000000000000000000000087
:106910000000000000000000000000000000000077
:106920000000000000000000000000000000000067
:106930000000000000000000000000000000000057
:106940000000000000000000000000000000000047
:106950000000000000000000000000000000000037
:106960000000000000000000000000000000000027
:106970000000000000000000000000000000000017
:106980000000000000000000000000000000000007
:1069900000000000000000000000000000000000F7
:1069A00000000000000000000000000000000000E7
:1069B00000000000000000000000000000000000D7
:1069C00000000000000000000000000000000000C7
:1069D00000000000000000000000000000000000B7
:1069E00000000000000000000000000000000000A7
:1069F0000000000000000000000000000000000097
:106A00000000000000000000000000000000000086
:106A10000000000000000000000000000000000076
:106A20000000000000000000000000000000000066
:106A30000000000000000000110011000400000030
:106A4000110088100440840100000000081100902B
:106A500000000020002000000000041000040004DA
:106A60000021000100200004000280022102000336
:106A7000000002C000050001000000C18001040107
:106A80000041202004A00520A0048004200004C0B0
:106A9000044000C18003824020010411881084005A
:106AA0002104112100C120050408204104210421F2
:106AB000200411000808040084A0004000400000E9
:106AC00004000000218000802004820000000008F3
:106AD0000000000000800080000000000000008036
:106AE000008004880408008000800080028000800C
:106AF00000C00000010000C0002000C0000420040D
:106B000001040004010001000080058020800000D5
:106B100005000100002020202000012001040900C0
:106B2000214000800084002000A08240A0048884CE
:106B30000184A0A0C000010990002000202120A015
:106B4000800400051188000104001000088800007E
:106B500080820020000100820083002010000809CC
:106B60001088000000A110018508008300209040DB
:106B700000C000A0002010A010C1102000002008BC
:106B8000208500200090002000010001092100095B
:106B900000112041800900880000032000400041CE
:106BA00004080005020020902040090200000000B7
:106BB0000000419000102140081103110200011053
:106BC00005110480A0A000000010C04100100000CA
:106BD00002000208008000200000020800808200FD
:106BE0008884000000080008C00802800020820895
:106BF0000490004100030820000084400080000051
:106C00008303012000C00008001082040004C08437
:106C100000200020000420040020900300880008C9
:106C20000004014000C0A11083109100000000206A
:106C3000C009002100020040002001C010400121D5
:106C400008A08200040004002010A010008482002C
:106C500008002008880000001040208200408200C8
:106C60000521210400100504201004001004401028
:106C7000802180830009008840C01190C09100905D
:106C800000000021031020888002A00904032005D1
:106C90000008C08204844085041009100005041017
:106CA0000082001090090241400511A00484008474
:106CB00002038083208841200205000202400290E6
:106CC0000220012109000421830010200900840012
:106CD00003000000858020000000108011000000EB
:106CE0002002400402000000000041210100049045
:106CF00001092004024000040010000000102004DC
:106D00000000000000A08200410220100520212088
:106D1000032000000410C021402001008200002058
:106D200009000000A002058801C001040020110232
:106D300084000020042005000004210404200180B8
:106D4000010010050800212000000800100020A00C
:106D5000200021900000001010C088844110088895
:106D600020882040050289858002880220000010CA
:106D70008020000200A000840084001002400082F5
:106D800000048082000000101090000988040510A3
:106D90002088000003000900808900018204218806
:106DA000108211840002040082108510008810C037
:106DB00009208320208204080408000410000290A7
:106DC000C10820832040C0090841100000091005B7
:106DD00008100008840084030220104002100441BF
:106DE000820884100889102104100405040390050A
:106DF0004010400810080004000400100810024071
:106E0000A005004008000000840000000020028966
:106E1000082101000003902000031020842040106E
:106E20000410901008109010001003080221842113
:106E300090039000041184102021C1031020000051
:106E400000210282C140089011C003880383101002
:106E500004C0200040000340C101C182900004042E
:106E6000200300C0040400002010000210400310A2
:106E70000008880410C04108C004C1408000C0213F
:106E800000A00900C0A0200400000482200000101F
:106E900002884084008803010004098204088200FB
:106EA00000C008090000409141000084030840012F
:106EB00004008089000100C1800100200210410807
:106EC0000291000202031040000200200010002086
:106ED0002000000083000000008020200400040047
:106EE0000080C00400008400C0000003000000090E
:106EF0000000000020000000C080200020102000C2
:106F000020A004000000200000000040411001000B
:106F100000000100000000000020000000080183C4
:106F20002010000200040011082000000000008072
:106F3000004041100420080400202004000040020A
:106F40000000404020000010008200050000080002
:106F50002000410008081011030400202088108838
:106F60002190000810841088054020828483084006
:106F70008890C12020400004411009408410840101
:106F800000A1000402840040000409100000204019
:106F900080828004020400A000002084001002848B
:106FA0001108048203000010002008100384001060
:106FB00002099041410020840510001004C02110F6
:106FC000001021900241080402000290C19088083C
:106FD0009108020804080820849000038821041006
:106FE0008804100540A10808A11182084005090283
:106FF0008210082108A08421C04008029085044125
:10700000042010209021400840C18290820000009E
:107010000000040020410100C02100080108000018
:10702000020300A0020888000010A0880810840550
:10703000021001C002C08203030582081009020089
:1070400000400041C00989C0A002A10811412040B0
:10705000800311094100000040050005A04111090D
:1070600080104011C1100011C1C08040110405887A
:10707000A1918320C1094090041109088820411181
:1070800011039009A02020200500800005000900C0
:107090000000C0080040880383A183A111898403F4
:1070A000004020910089211000101091A0090520B6
:1070B000108490118809850821400891A089898849
:1070C000888341088289884120822021852000020E
:1070D000110920019101030000000101C000A1007D
:1070E0000001040141008300000010030803200296
:1070F00000218882908521200005020004004100C3
:10710000010003011101C0010101A0008200000083
:107110000000000089418800A182858482A10021AD
:10712000C082004000880010050100839188829190
:107130000891000440000200C0010000011083110A
:10714000C0110404020808A1C1848911C001910082
:1071500000010000880085008800831121000240A2
:107160000500020109200201A10840000090000171
:107170000082000004000201880082900420C18285
:1071800005401001894108848941910321002100B3
:107190002010400000008300402088028484910079
:1071A00020008910A10140014020888808000300C8
:1071B00020A0900189040802908410C0410088003A
:1071C000C1908901918888A0838408888521011055
:1071D0000900091005090020410080008389100082
:1071E0000580850404052000100408001005000037
:1071F00000030000004189058410820091C189804C
:1072000020C082038910A083C100A1910309080056
:10721000840085008300000004002120C091C08804
:1072200010052000902008094002400088008921B4
:1072300090054108090209804108030090400900B7
:107240000504C00090041005100508000588850994
:1072500010008211108020090080008009098083BD
:10726000208300C00088408382001040108082C1CB
:107270008220910202090821C08800C1C1098885C5
:10728000089011A004A020A020A005C0008991832F
:107290000020000403A10005000003A000C08040FE
:1072A000400810100088000900201003058580099F
:1072B00040A040C00002090991A0100505041185F5
:1072C0008091022100A108098510418300088211E4
:1072D000032189100088000920A0002000C000219F
:1072E00088830004000200A11182404001030102D2
:1072F0000208040440A091C10905400384A190A0A4
:10730000098321C000A10109100941210021008544
:10731000412102040083008540910000001084C0D8
:1073200040904190018900C1828508832140858574
:10733000A083208800028811418888A001200021B4
:1073400000410482012020A1898988910010081041
:10735000A00890891001000300A10083A18903A067
:1073600002009002001000020001004000000040F6
:107370000001008800A000900040000182038841C5
:10738000828802A001000121000100C003C0038522
:107390000100C102820290032001C0200000419040
:1073A0008809040011102108911005010820C0214E
:1073B000890482002000044190412191A0828341F0
:1073C00011094101C000100489A0400110400400CF
:1073D00088A090898404A008C083820108000391DA
:1073E0008400800000800421114103100380000903
:1073F00000890040000000000000000000108091A3
:107400008088000480020305054003404100830496
:1074100088110405208080A100A000058080000064
:107420000900C0C04020A08009801080A103400056
:107430004003850003020200912004040220A08082
:1074400009C08585050508049108A1024108A0002E
:1074500004418508408320000000008800030040AC
:107460000084000BD00000000081000BD000000061
:107470000000000BD00000810000000BD0000A00CB
:107480000000000BD00000000000000BD000420004
:107490000000000BD0000A004188000BD000420021
:1074A00000000660000BD00000504188400BD00067
:1074B00021820A50000BD00082000660400BD000F1
:1074C000218800D0000BD02000008181400BD0002B
:1074D00021002184400BD00000820660000BD020E8
:1074E0004182FF000000FF00000055AAAA55AA55DE
:1074F00055AA0000000000000F0F00000000BFB6FA
:107500002F2600000000FFFFFEFC0404FBFFFC0030
:107510000600FF0F7E7ECF0C0F0F000000007E3EA6
:107520007E3E0000FCFF0C006F666C66FEFF0200F2
:10753000EF20FF003C3C3C3CFE08FF00FFFEFFFF4D
:107540000F0F1F0FF6FF0600F63C3C3C3C0F666633
:10755000FD64FF00BD9FFFFFFDFF0D000000000068
:107560007F40FF00FF000000FF000000AA5555AA61
:1075700055AAAA550000000000000F0F00000000EF
:10758000B9B0292000000000FFFF7E3C0000FFFF93
:107590000C000600F0004242CF0C666600000000BE
:1075A0007E3C7E3E0000F6FF060063666066FEFFDE
:1075B0000200EF20FF000F3C3C3CFE08FF000100F2
:1075C00000000F0F070FFCFF0C00063C3C3C6666FA
:1075D00066669D04FF0024060000F4FF040000001E
:1075E0000000FF00FF00000000000000000000009D
:1075F000000000000000000000000000000000008B
:10760000000000000000000000000000000000007A
:10761000000000000000000000000000000000006A
:10762000000000000000000000000000000000005A
:10763000000000000000000000000000000000004A
:10764000000000000000000000000000000000003A
:10765000000000000000000000000000000000002A
:107660000000000000000000000000FFFFFF0F0FFF
:10767000006AFF6A3639393600F600F604040C0F4A
:107680000000F00000000000FEFFFCFF000600F616
:107690000000040030F006007272F0F0F6F63CFFD5
:1076A000000000000000002000006666663F66667D
:1076B00066FC00FFC0FCFFFFF3FF00000000FFFFBF
:1076C0003FFF00FF08FE0000FFFF000000002062F7
:1076D000B9FB00FFB4B46666F03C00FF30F3FFFF77
:1076E000BDF900000000FFFF7FFF000000FFFFFF6B
:1076F0000F0F0066FF6639363639101070700404BB
:10770000000300663C00000000007EFF3CFF0030EC
:1077100000300000000030000600727200FF060614
:1077200000C3000000000000000000006666663034
:10773000666666C000FF00FF0000000C010000004C
:10774000000000C000FF00FF0040FFFD030000003C
:107750000000FFFF00FF00FF6666666600FF24E78B
:10776000000024600100000000000080C047C0FC51
:1077700030004103008600FC00300000A08650F07D
:10778000A0B00005A08650F0A0B00005A000509069
:10779000A0080005A58652F0A0B00005088604F0F8
:1077A00000B200100086006C03900000000000860C
:1077B000009C03A0000000A6009C0380040000863B
:1077C000029C03C000000086009C03800400008629
:1077D00002FC0030000000BE009C0380000000BEE0
:1077E000009C03A020000086007C03302000AAFE3D
:1077F000A0FE7D7D0FFF0000000005F5FFFF0000EB
:1078000000000F0C50000000000000F00C503F3052
:107810007D7DFF5517170000000000000F357D55D6
:107820003C00FFFFFBFF030030003C3C3C3D000000
:10783000FF00F33000000000AAAAB2AA55555C551B
:10784000FB08FF000400F7FFB2AAB2AAFFFFFF1E69
:1078500000000001353500F07878FF00FFFFFF5C85
:10786000FB38FF000000000000000000F0FFFF0FE9
:10787000AAF4A0F441410F000000000001FD030341
:1078800000000000000C50000000000000000C5040
:107890003F30282800551717000000000000003571
:1078A00055550000FFFFFFFF030030003C3C3C3C0F
:1078B0000000FF00FF0080000000AAAAB2AA5555F0
:1078C0005C55FB08FF000400F7FFBEAA82AA000077
:1078D000001E0000000155550000FF00FF000000E1
:1078E000005CCB08FF00800000000000000300FFE8
:1078F000FFFF00000000D7D705F500000000002DB5
:10790000AA2D000000000C000C00FF3A0F3A000006
:1079100000007D283F3FD7D705F5000000000F0C81
:107920000500000000007FFFFFFF000000000000D6
:1079300000040000F0F0F8F800FF10BFFF3FFFFF69
:1079400000FF10DFBEFF140000FF03FFEFFFE000A9
:107950003C3C3C550000000000000000F330AAAAA7
:1079600000FF1CDF7DF5FFFF0F0F0F3C0000000044
:107970000FFFFFFF00000000141405F500000000D9
:107980000000AAAA0000000000500F50F03A003A90
:10799000000000007D283030141405F500000000C0
:1079A000000C050000000000FFFFFFFF00000000CA
:1079B000000000000000F0F0D0D000FF10BFC000B9
:1079C000000000FF10DFFFFF000000FF00FC2FFFA2
:1079D00020003C3C3C0F0000000003000000AAAA6D
:1079E000AAAA00FF10D328A000000F0F0F55000017
:1079F00000000FFFFFFF2000021004002101002003
:107A00000001022102400000080089040400000077
:107A1000000000000000410000080000000000908D
:107A200000080000000000000440002004010010D5
:107A30000040119000000000000010000000210034
:107A4000910480208090912000200000084004884C
:107A500080052040A12008201121000511211120BE
:107A60000009918800A191210021091121A1009014
:107A700008018405840104C1000000090000100809
:107A80000480024083A00100040004002080000064
:107A900010000000000004000000000000000000D2
:107AA00000000000000000000000001000000010B6
:107AB000000000000000000000C000000100000005
:107AC00010000480040004002080008000000000FA
:107AD000000004A001002089008000840484008448
:107AE0000080002020409004048440840004002092
:107AF00000218904088409040504008800C00040AE
:107B0000400000000040000000110000000000C024
:107B100000020008028400100091410000000001F2
:107B2000002000C00020009000010040000100097A
:107B300004C000400000100000000000000000022F
:107B400000400010080880008040080280202001CA
:107B500003109001100109A1000808410040100025
:107B600000910020008820000485044021080000C6
:107B700020890000004080400040000104100021E6
:107B80000090090000000000000500020000001045
:107B90000010A000C08901000000000200210011B7
:107BA0000040002100000080000000200210004082
:107BB0000088012100410002822100110000002103
:107BC00000050011000900202011201000412010A4
:107BD00011200003042000040004001090040000A1
:107BE0000000000404900040001001044141002006
:107BF00000030120000800100411021002040040DC
:107C000000200008000000200001000004000040E7
:107C10008008000000008040112000410490051001
:107C200008C1000420400802004000080040000392
:107C3000000800100010008440840084000200004E
:107C400004C0000000040340000404048005040094
:107C5000840400020008020200020090008304C0B5
:107C600020840040004020020400A00404082002F8
:107C7000208284402088048905A1001004400085EA
:107C80000040A08088201000080000201000012083
:107C900004000400400890080200100500040300DE
:107CA000080082100008000520008800000900007C
:107CB00040100810000000002000002000084010C4
:107CC000000000009021822100000085008002C099
:107CD0000008210010000400400384100009000483
:107CE0000100850284090000850241100380910093
:107CF0000120911005209104410890200410891161
:107D000000202108890108000000040004080882FE
:107D100010090409048404900400108410C0C140B8
:107D20004100020802840004000000002088410491
:107D3000008200080040000000004020002040C0F9
:107D400040100000090800C000C0001000400404FA
:107D50000284059041080020208420102004051092
:107D60000488850004A0000111200090410802024F
:107D70000810020808C00802100010404100200945
:107D8000100008100805042000204008C000C000B2
:107D900088020008032005008321911010030008C9
:107DA000020502101141082184051008C0100021AD
:107DB0004010A010402188410402000400089010E7
:107DC00000080009000008040000840800080820DA
:107DD0000090832082090840409083009141204117
:107DE000C021A11120030009042088850000102073
:107DF000A1410041104100109010040482000000D5
:107E00008420000001110840038811C0C12010A186
:107E10000020080008C008880820088221C0030448
:107E200005041088080811040810098810A000082B
:107E3000041041020820000841900082000205A0C1
:107E400000020400098800000500000440100590AD
:107E5000000505C000A18204002020C082414082AC
:107E60000982A0410004048405000004001002827D
:107E700002820289032000A0008840022104082118
:107E8000211040840200408800000400000004C06B
:107E90000020000000210000091021002104000042
:107EA0000800008800100002000009021000880489
:107EB0000811C102A00304A088000000000820806F
:107EC000901000218411A041000000038805900556
:107ED000000084040200004020004011010203C0A1
:107EE0000020000303C000020108402088020010A7
:107EF0000004200805400003A0084005831100008D
:107F00000008404100102041020803A00009200899
:107F1000000000042088080400820282110421026B
:107F20008800201040A020080502000041204110D8
:107F3000412021A008021082108409400010020094
:107F400000902104000811100890000010A0089073
:107F500021000882000400840282001004002084B2
:107F6000094040842002094000C00400004002A0F3
:107F7000112003824184021011880000040011C006
:107F800000821008088800840900080040000020D2
:107F9000000040000208002100000810C00082021A
:107FA000080541000100A01004030000200010009B
:107FB00004000890C041821108000808A084200233
:107FC000104102080041A011C0110221000002204E
:107FD00082000808902100008200850000208310A4
:107FE000891090808840884104911000A10000030E
:107FF000A000A0C11000000489210002820001211C
:10800000A0008410010802038200084040208888F4
:1080100080A110C10311C00300044041C00291823D
:10802000C18883A040910883A021030041218240A0
:1080300085200403C0A10383A12103A14120A0093D
:10804000C08883C020840000000000000000000001
:10805000000000000000000003080809801100086B
:108060001021009000092020808941C004022100D5
:108070002084051082401183A1024085022141C065
:10808000A04020890208080882C0400940034141FD
:1080900010C120030102010890004001C00010003F
:1080A000408390A121A100044041820408049188EA
:1080B0000809A1890582834001080910010810C13F
:1080C000A120210320C001A000000000000000004A
:1080D000000000000000000000000101000102009B
:1080E000000191888203A0080020208800850309F0
:1080F0000000A18988100990000282834085A18533
:10810000010941C1910303410141218384854188D3
:1081100001030800A002A10008900504C00040105F
:1081200002090400020589038291A0008204400232
:10813000040588018205C102C11100C000A108C167
:108140000203100002900401829100000000000070
:10815000000000000000000000000000410290212B
:108160000902900121002084900421012001840053
:108170008803C190A082058589400805020085001A
:108180008840C182A02140908940C004200810048A
:1081900020048385A10220090502A100208984040E
:1081A000C1800288832103849041839020042005AC
:1081B000A10020830510208308C0880340102021DF
:1081C000A020A14190218520894189110000000251
:1081D000000000000000000000000000000004009B
:1081E000200808004109101021000410080921028C
:1081F000410080A089002091840941A18989024021
:108200008500C0008905408290108420A00082A1D2
:1082100021008340A00920850021A09140850820ED
:1082200020894141854104C0082080419085A103F7
:108230009083034010A0A10300A083A0208384C0EA
:10824000888882C185084091080988A003850000BC
:10825000000000000000000000000000000000001E
:108260002020210305090008108210830988408816
:10827000202180A1210940C1208803852089C1894E
:10828000400200022189A0402041808800890385A6
:108290000282C082090902A001022089C0A0A1882F
:1082A0000088004000C0200301C0039190C1888372
:1082B000C002C1A0A19005028204042009400182ED
:1082C000C104C1880584880303408420A08505215A
:1082D000000000000000000000000000000000009E
:1082E00000000000000001010201012100C085859D
:1082F0002189A082A0A1828309400108400482A1B3
:1083000088080802A011C00589C101C1C0028811F6
:108310008585A01082C183202183898582418304C1
:108320000310C0018908090302088305902004890D
:10833000048211C0090100A100A00840C10005820B
:10834000880284C08840850002C18341A183C100A6
:108350000502000000000000000000000000000016
:1083600000000000010400820101014040898921D0
:10837000850120080321C1038990030010A1890809
:10838000841103050889024090034002A001900275
:10839000880004828210034082011004418304900B
:1083A0004000C0001141020241A004809011091157
:1083B000910989218802C0041140408091900405F0
:1083C00010852000A1C183C00840A010842102C0F4
:1083D0009000C080000000000000000000000000CD
:1083E00000040000000009000300100302002188BF
:1083F000904182032020C090C021024082000541AC
:1084000082910983A188802180A00082000303213A
:10841000831109038300829120C008038380110027
:10842000000B000006500000000B0000000000815F
:10843000000BD00000840082000BD0000A42000034
:10844000000B000012424100000B0000818411006B
:10845000000B0000114100000000000000000000BF
:1084600000000000000000000081000BD0004182ED
:108470008241000BD00000820A50000BD0000000A7
:108480004188000BD00006820A50000BD00021006A
:108490000A50400BD00000500050000BD000428228
:1084A00034F437F77D7D0CCF00300C30003F0050A6
:1084B00017171717050D05FF003CFF3C0088004407
:1084C00002010804008100240600000624000024A4
:1084D00049CB5DDF0F0FFFFF000000000000000030
:1084E000000000000000000000000000FFFF00FF8F
:1084F00001FD0F4D0F0F3C3C3C3C5555457500FFB1
:1085000003FF00FF05F500FF0EFE0000000000FF66
:108510004D4D55550F3C00FF1E1EFFFFAFBE0F0F08
:1085200014D704C407C741410CCF00300C300030D1
:108530000050003CC3FF0D0DFFFF0F3C0F3C8800B7
:1085400044008040201081002400900000908100B1
:108550000081088A1C9E040FFFFF000000000040FD
:10856000000000000000000000000000000CFFFC04
:1085700000FF01FD0F0F0F0F3C2C3C7C555545753E
:1085800000FF00FC00FF0CFC00FF04F400000000F2
:1085900000FF00FF5555555500FF00FF0000051472
:1085A0000F0F0F0FFE7CD65414001010FFFFFF209A
:1085B0000F3000A0FAFAFC0C01000105281400009D
:1085C0002400810022000022221100002008100453
:1085D00020108040EBEB282800220202000000005F
:1085E0000000000000000000000000000000FF008C
:1085F000FF00FFF3FFFFAAAAE8AAFFFBFFFFAFAA55
:10860000A0AAFFFF8080EBFF28003AFFFFFFBEF02B
:10861000F0F0EFFFE000F330FF0000000000F33067
:10862000FF00F775FFFFEA68C24014001010FFFF5B
:10863000FF00003000A00A0AFC0C01050105824180
:1086400000000024008111000011000022118002AE
:10865000400108040201FCC0FCC00022020200002C
:10866000000000000000000000000000000000000A
:10867000F330FF000C000000AAAAAAAA0400000020
:10868000AAAAAAAA7F7F0000F3FF30003A000000E8
:1086900082F0F0F02FFF2000EB28FF000000000127
:1086A000EB28FF00A220000000860C2003900000B1
:1086B00000860CE000B8000000000C8C00000000F8
:1086C000A0DE59E4A0902800008600E00010080019
:1086D000008600200190100000820C6003900000D2
:1086E000000000000000000000000000000000008A
:1086F0000000008E00FC00B02000008E009C039063
:10870000A00000A600DC038080000086009C03809F
:10871000800000B600DC03C0A40000B6009C03C0CB
:1087200004800018009C0000A0004D555555000025
:10873000FF00EFFFFFFF0F0C0500AA3CAFAFFCFCF2
:10874000553CFFFFAAFF00FF343E3CFF3CFE5C5C53
:10875000FF3CFF7C007C55550C5D0000C0C0000054
:10876000FBFF00000000000000000000000000000F
:10877000000000000000000000000000FF00EF20EB
:108780000003FFFF0000000055555C55EB28FF007B
:1087900000FF0EFE000000005555033FFC3CAC3CC2
:1087A00055550CFCFDFDFF005555033F55555555DE
:1087B0000808FF08FFFFFFBE000C0500AA3CA0A0B0
:1087C0000C0C553C0000AA0000FF000A3C3C3C3C5D
:1087D0005C5C003CFF3C003C5555005500282800DF
:1087E0000000000000000000000000000000000089
:1087F0000000000000000000000000000000FF007A
:10880000EF200000FFFC0000000155555C55F330DF
:10881000FF0000FF04F400000001555555550C3CC5
:10882000AC3C555555550808FF00555500FFFFFF56
:10883000FD7D49490041000000003C004D00F3303F
:10884000F5F5FCFC14BE00FC00A00031003D00006A
:10885000000228083C3CFFABFFFFAAAAFFAA0A0AB5
:108860000000FFFFFFFF000000000000000000000C
:108870000000000000000000000000008000000078
:10888000FFF3FFFF00000000FFFF000000FF30FFCC
:10889000F3FF3000FFFFF1FD3CAAAAAA00FF07F793
:1088A0003CF0AAAA00FF45EFAAAA3C3C0F0F555581
:1088B000FFFFFFFF080800410000000000004D001E
:1088C000F330A0A00C0C14BE000C00A00001000DA1
:1088D0000000C00000083C3C5703FFFFAAFFFFFF59
:1088E0000C0C0F007F7F7FFF0000000000000000E5
:1088F00000000000000000000000000000008000F8
:1089000000000030000080000000F5FFA00000FF24
:1089100000CFEBFF28000000010DF0AAAAAA00FF7B
:1089200004F4AAAAAAAA00FF04AEF0AA3C3C0F0FC6
:10893000417D00006B7308007069046D00000354F2
:10894000E2D402D7FAFBD0443F84D2D04808401486
:1089500040100180801260201040041008208088A0
:108960000085B00410818150908400000000000058
:108970000000000000000000000000000060E81897
:108980000100000000100060000000000000000076
:1089900000000000000000000000000000000000D7
:1089A00000000000000000000000000000000000C7
:1089B0000000000080000800820011000400830015
:1089C0001000A10004200400020004000400822121
:1089D000A00020000000000004001101048200003B
:1089E0000200042104000020000011200000020009
:1089F0000800102000000008000100882004041076
:108A0000080202000440000000200008002000903E
:108A10000908020040040000004000002108000591
:108A200020C0000000004020C00240208200100052
:108A300003040400024004008800040004008800CD
:108A4000020010000400018082009000200000005D
:108A50000482210301000000000400001020000037
:108A6000000000000084010000000000C080080039
:108A700000000004018800C0000000200000018008
:108A8000200001000200008000000080000800803B
:108A90000000881101040080000000800002001026
:108AA00084C0004000009040A082041100800500B6
:108AB0000000A0910100018004042001A0401100E9
:108AC000000400040004000400010008000040024B
:108AD00020000020000080000500050000200003A9
:108AE00000010021002100090021009010C00005B4
:108AF000004000050000902100000020000141021C
:108B000020020005809040408020000141010000CB
:108B1000000500004001000402020404C1050291A6
:108B20000804A0200204A001040482820021412044
:108B300040088000C1040490040100A0014003909B
:108B4000041000900290009000918804A020000082
:108B500001900110042100102000000000100410FA
:108B600010C0022000200020008200200008001019
:108B700000C000100040002111020000008002022D
:108B80008841018240820821908902A000200020B3
:108B9000000900A00010A0200090C190019002C028
:108BA000010404A103089191031090900340000276
:108BB00000000190041002909110C04020C0048475
:108BC00000C0008400C00400000000100920204004
:108BD00020401020000200040000040200050400F0
:108BE0000083412000082184001000000810841038
:108BF00080828011004000100910001000000084E5
:108C00000040004000030082001008020002001033
:108C100000204002001000C0C00204020402110241
:108C20008002040200020010A00200402088409050
:108C30002104110410080801A040200202418440D0
:108C4000030240210008A04004200403200882827F
:108C50002004A08804840805C021080441080820D5
:108C60000108102002C02000000000009008C0028F
:108C700003030420040200800020200200080000FA
:108C80000002820800800020000000004000000870
:108C900000040010200510100000048208000010DD
:108CA0000000041000002002000320408402910014
:108CB000840884008400018800202011C00001A0E5
:108CC00010841000080841830388118402000520E5
:108CD0000490038209820401C00441910488108930
:108CE000030908001000101008000000000803002D
:108CF0001009100008821002908800201000031153
:108D000000000420002010828900210002001008C9
:108D100000000088218441C121830084100040A00C
:108D200010100082824189A0A000101011201004B0
:108D30008202000802404000850841082004100219
:108D40000041080500210805C040C00504080908C5
:108D50008482A105200000100108118808408321A9
:108D6000C040A02008030008C000402110000800F7
:108D70000210204000411011C00804088880002122
:108D800000200000012100041010201090080102B2
:108D90000004401000044010880440020400040055
:108DA00004050010020002C0041004058800001031
:108DB000409003000008911140101082000001054E
:108DC000020088881000100010904101030402A0E6
:108DD0000500A1208088204020904120098320C0E8
:108DE0008000092020A000042141020840840000E6
:108DF0004120204010A0208520880084000203022A
:108E00000920204000000200A08204081020004039
:108E100020004010401041400840408808884090A1
:108E2000050410100810090085C121044040090202
:108E300004400904029040004000400241882002A2
:108E4000009100408489200808110803C020C00355
:108E500000419021048004100410202140A04020F3
:108E6000050204009090020002090820C084A002BC
:108E7000C0081000C0002000104008084041000059
:108E800000000080088800002110041001004080CC
:108E90000080000000000003000220080021000004
:108EA00000084000000804000004024090C09083C5
:108EB0004000100020000100840002004020400219
:108EC000000310040004024000C1081002912104B4
:108ED000000005A003820084092100C004040820CA
:108EE000A10021A00004402008C01005200808842B
:108EF00008110210098408A0218490044189080403
:108F000008C0909008C021C00000410421021082D6
:108F10002100098403A02100880004082102088898
:108F200041C00800201021882010209002850820D0
:108F300000A0020002080808408400842184000880
:108F400040A0A0A0000109A041C01040100089402D
:108F500008802040C0419011824100A0082084096F
:108F6000C089041004108208A141000310400802C7
:108F7000C000004001200004020000200420A020C6
:108F800084C18820042100040800000000090210A8
:108F9000080004080821820008400203111088A17B
:108FA00000058421001100000003000503409140EA
:108FB00000080405051040008209C00000104010A0
:108FC000400520091009882000051003000321092D
:108FD0004000000000030809830000008889008920
:108FE000A105408941C14010020888A0C02100208D
:108FF0000205091110914010900088C09089838368
:109000000205059020C0008420850340000088C030
:10901000840220400211082090820088084080418C
:109020000309200480052102088509104020081149
:109030000509202040408888218490211090000458
:10904000000900900083A10403898404408410096E
:1090500000C1090400A0C0018401A10000008888AB
:10906000848441890004020485C0900810414101B4
:1090700002014000A0000002210803C008094010BE
:10908000C1A02191004002104005910908A00000F4
:10909000900905002100020000C190A10008009085
:1090A0001020C0888882C0408308100800820141D7
:1090B0000500010140011101058241080904C008B1
:1090C000000188C00211901011C00811C1400108B0
:1090D0000802038402C009094001A00008C08310EF
:1090E00088008500090889010220881009A090C025
:1090F000402108098809C1100441A188C14109A083
:10910000C004A002094109001041C0A0A02105012E
:109110000000A0209010050285010300A010A1C14D
:10912000A011000000400090001000010101084162
:10913000C00208A090841041A00108A090C00000C7
:10914000910411410200412089092020C10883C0F7
:1091500011908080410000808309004000008080E1
:1091600083A18200821040801011210020418241A1
:1091700000A082A0C00440051080898321050588D5
:109180008820C0802082C1C0C00220C088410385E1
:10919000032000008000009088C0C10308100990DF
:1091A000404002C109050410022004A1111020034F
:1091B000100590C10400400020841009C0001180F7
:1091C0000841412010A1A10408800285118020C01F
:1091D0000508820000804100838980030080000030
:1091E00000098083C08800028410A1C0899020916A
:1091F000218809099183210410C1844120821041F2
:1092000009A0888810021089840284842084A1A186
:10921000418480020000A0080402048203C0882068
:1092200000C040400888200080002080100004C159
:10923000030441020540040405040310020404046D
:10924000080480090403C0800200408090000521CA
:1092500082901084C11000C004840885049100909D
:1092600000900089880540110889A0C08889C01035
:10927000100808852008044000C00184040400C0D0
:10928000829000210821C0899010214102A09108FC
:109290008205A08420A00000058301A000C0200456
:1092A00040911021119005820120108485A04090EA
:1092B000A0A000C000A09011008800030102C1021C
:1092C0000090C0109041C108052000100984404062
:1092D000001182910885024011108882A0000408C4
:1092E00091899140A000900182A0A010824008893D
:1092F00085A105821083040282011190102021C0F3
:109300008211C1A004842085A00504090185C090B4
:10931000C100A10908210082000000210010000006
:1093200001082100A001A00104C08810C0C1820270
:1093300082018502C1901005A0000840118311C16F
:109340009102C011C0A082000488088584094001F0
:10935000C08883848508200109000389000000007B
:1093600000800390048080100009C08204901004E3
:10937000098990210480408409000541200004826D
:1093800008A1092084831185041004410421208848
:1093900002020209211183041080000002411080A2
:1093A000110020808804110802081100098084201F
:1093B00041084140C1008411800880001004C0822F
:1093C000884021800408850210112100008200409D
:1093D00000038010088008808008A0000041000B76
:1093E000D00000000688000BD00000840A42000B69
:1093F000D00000001242000BD00042608200000B3F
:10940000000000008200000BD00041000A50000B59
:10941000D00082008241000BD00082500000066024
:10942000000BD00000600A50000BD0000000418803
:10943000000BD00000000600400BD0000A000060C6
:10944000000BD00041821182000BD0000000000010
:10945000000B000000820050000BD0008100FFFFD5
:109460000000FF000000FF000000FF0000000C00F3
:109470000000306F00002D002D001C1C2400FFF6A2
:10948000FFF6FFFFFF0C4EFF4EC3FF3FFF7F0000C4
:10949000C327003F00067EFF7E6600003F060000F7
:1094A0003C0FFF66000C000CFE9EF8987F4F7C4C32
:1094B00000060F0C000000006666FF003C66FF0F10
:1094C00066666666666666666C6F6666F707F404CF
:1094D0000000000000000000DBFFFFFF04000000B0
:1094E00000000000FF000000FF000000FF0000007F
:1094F0000C0000003060000066000000040424003E
:10950000FF36FF06FFFFFF6E4E3C4E00FF3CFF7E26
:109510000000002700300006666F666F000030060E
:1095200000003C0F0066600F60006E0E6808734319
:1095300070400006000C000000006666FF003C66FC
:10954000000F67646666676664666C606666FF0047
:10955000FF000000000000000000FFFFFFFF000010
:1095600000000000000000000000000000000000FB
:1095700000000000000000000000000000000000EB
:1095800000000000000000000000000000000000DB
:1095900000000000000000000000000000000000CB
:1095A00000000000000000000000000000000000BB
:1095B00000000000000000000000000000000000AB
:1095C000000000000000000000000000000000009B
:1095D000000000000000000000000000000000008B
:1095E00000000000000000FF0000F0F0000000FF9D
:1095F000FFFF0000F0F4FFFFF4FFFFFF909900244D
:1096000000000000F9FFF9FFC0FCC0FCC342FF42AC
:1096100072727272F0F4FFFF66666666FCF0FCFF21
:109620006050F0F000003CF066FF00FFFFFF3CFFE1
:10963000F06666F0FF3C00006C0F0F000C06023075
:10964000F2306F000C0000FF00FF6666666666720F
:10965000667266666666000000200040FFFF089F95
:1096600008FF00000000000000FF0000F0F0000014
:1096700000FFFFFFFFFFF0F0FFFFF4F4FFFF90009B
:1096800000240C000C0078FFF9FF00003C3C004275
:109690003C42003CC3FFF0F0FFFF66E46666F0F07A
:1096A000F0F06060F2F000003CF0660000FFFFFFA9
:1096B0003C00F06666F0003C00006C0000000C0608
:1096C0000200F20060000C0000FF40FD666626E626
:1096D0006642667E666666E4000000000000FFFFEA
:1096E000009F00FF00030000C0C7C0FC30B049036A
:1096F000C0C7C0FC31904103A0860CDC0190000083
:10970000A08652FCA3B8008500860CE003B00000E0
:1097100000860C700390000500860CFC03B000006E
:1097200000860CFC03B00010000000860CEC03B8AF
:109730000085A086006C0333000000860C9CA3907B
:10974000008500860C30A3B00085008600FC00B0C8
:109750000000008400FC03B00000008602E000B0BE
:109760000080008600EC00B0008000003F30002F39
:10977000007F101000004141FFFFFFFCFCFF3FFF96
:1097800000003C3C0000043CC7FF005E005403FFA7
:1097900041FFFC00A000000000103C000000050597
:1097A000AFAF000000A005FF10FF000000000000A8
:1097B0000C3C0404AFFCA0FC3CFCFFCFAAAAAAAE60
:1097C00075555555AAAAAFAAD7C3F7F300000003F1
:1097D00000300500F0FCF0F0000000000000000088
:1097E00000000000FFFFFFFF1F140F0000003C3CC3
:1097F000002F007F0000000201410FFFFFFCFCFF73
:109800003F5F00003CFC00C0043C043C000E000430
:10981000000000000C00A000000000003C00000060
:10982000287D287D000000A000FF10FF0000000040
:10983000000000300404AF0CA00C3C3CFFFFAAAABF
:10984000AAA245555555AAAAAFA25500F5F00000A9
:10985000000300300500F0F0F0F0000200001000FE
:10986000000000C00000FCFFFFFF14140000FFFF19
:10987000FFFF3000300000000000000C0F0F000060
:10988000FE2E000000FF3CAAFFF0CFC3CFC30000B4
:1098900000000000FFFF141004000F0C50001454CF
:1098A0001440FFFFFFFFE800E8000C000C0F000071
:1098B0000000FFFF1FFFFFFF0C000F0AC004FF3472
:1098C000FFFEFFFF00000000FFFFFFFCFFFF00FFA7
:1098D00000000000FFFBFFFF3CAA3FAF00000000BC
:1098E000003000302000000000000000FFFFFF3FBC
:1098F000FFFFBA3010203000000000000000CCCC88
:10990000FEFE00007F007F003CAA00F0CFC3CFEB3B
:10991000000000001C3CFFFF14100400000C50006D
:10992000005400403F7F0F5F3C0000005C005C0083
:1099300000000000FFFF1F1FFFFF0C00000A0004D3
:109940003F340002000000000000FFFFFFFCFFFFAB
:1099500000FF00000000FFFFFFFF3CAA30A0808056
:109960000000000000000000000000200000FFFFD9
:10997000FF3F0805404104C0000504000400030146
:109980002001840190010405040180000401040009
:1099900004018400022002002020020004000800CC
:1099A0000240000084048000004000080090004055
:1099B000000800000041400000400200040240088E
:1099C00000404002000041200204000000C02004CA
:1099D00002010010802190A1000800A011040000E5
:1099E000114000A000859009040121410001880177
:1099F00084010811A0A00020900000A00800000031
:109A00000020A0202020112000A010200402A0206F
:109A10009000082004000200000000800000000008
:109A200001008209020005000400040082000021F8
:109A30000080000000C02020000000000000008026
:109A40000000000000800000000001A000090000EC
:109A50000080214000001008104000882000908005
:109A6000000082009000880411840004008282209B
:109A700004100510890400A0000000000000000090
:109A8000008800A02105000004C000910000000033
:109A900000401000800504C0000080090001802003
:109AA00080C00000008900000000A000000200004B
:109AB00080038900208200000020C010000990016E
:109AC000C001004000088008800200410040000200
:109AD0002040412100212040040804900482848811
:109AE000A0082020040404041001000900C0004163
:109AF0009101881091008010042100410010001095
:109B0000000000100010008420100000000200106F
:109B100000000080000020820200001004040040C9
:109B20000402042000100004001000000510009042
:109B30000011084020000121000000A0052000883D
:109B40000502044000A040100420021000200089FB
:109B50008890830900400004012001218241011105
:109B600011200510059001A003909020048800208A
:109B700000A0041011C00410081008C0208804A020
:109B80000801100804022000004020C0804120008D
:109B9000808221001008848221880000404000005B
:109BA000411103A0208200004005214000400082B6
:109BB0000040008400C020A0001000000010001031
:109BC00000A0004003C0401000A00440020002C0FA
:109BD000021004020209000500848284000282024D
:109BE0000002020209C020A0201020A00902900853
:109BF00020002002040010009041881020029100F3
:109C00000102C0404021118808402082C1410284E5
:109C1000910020210808840805410805820221A03E
:109C200000408402021008110802108440C1008024
:109C30008405408200001010101008000000100879
:109C400010111002101088001121A003C0C12105BD
:109C50004005C12189054110C010081003418490BE
:109C60000390A0821084884140040020000908204D
:109C7000039008028310010590212020090003822F
:109C800000100808038809A002400884040908009D
:109C90009100108283080000080041008801102014
:109CA00084008510000802050810088820028584B9
:109CB00000000800820000001000418290010000B6
:109CC000022009200420800011009100002100A042
:109CD00009C1000000C0000002028241020402012A
:109CE00020081000C00800100940042009A000202E
:109CF00082008810034080014010022108010821E1
:109D000000059041002100031021A18020050002E0
:109D100082000200890340008200400000032040CE
:109D20001088050004008402001010898821012198
:109D30000403000882030403001000000011040261
:109D4000000000C00089009104000010042010846D
:109D50000200044010100009900041100384418368
:109D60000104088021101080A000A00000A10205BD
:109D70000280032010100280024090900088890425
:109D800021A002C002A002002000101103000890D0
:109D90000010000505841000800310022110090244
:109DA000080483C0410400848304098210100884DD
:109DB0000802418840100008100000880002098451
:109DC00020A0000040900304210000A00084118224
:109DD0002184808400100402A1850020000200413B
:109DE0002188002005108200001005882102040847
:109DF00040201084028880080010A0049020C00138
:109E0000040289028500A105114084080020080091
:109E10000000081010400221840310400410A00824
:109E2000080220900210104110020402400010416C
:109E30001002C185100010021040890584004021E5
:109E40000409401100000021002000108409400294
:109E5000A0410002101084C000100840208920108A
:109E600090C000208809001003094010201008212C
:109E7000C1209083042141051010A0000210098028
:109E8000040805400805218410C002041084200243
:109E900010840884104041C01082000240024140FA
:109EA0002108089090210084408400000884908458
:109EB00021A008C1001103840010108220080400B2
:109EC00041840008412000001000028400080410B2
:109ED0002190109002041082800840020288004005
:109EE0000401021104101108048802C102101111AA
:109EF0001002098804C02000021005090008A040D3
:109F000080A0101008C005208821001102800011D7
:109F1000100004008208000300000100A01020854A
:109F20004000000800202084000004008400840019
:109F3000040804000020042004030000C1400900BC
:109F4000000010101000A0800000040900000000B4
:109F5000C00300008805C000000902000089A108B4
:109F6000400804040340048800000120014000412F
:109F700000080240004000080021A100A0888805D8
:109F800002830403A183910002A1000305098480D8
:109F900080800400A0212089111040838505911044
:109FA00008C0A010022102858583854080904185EC
:109FB00020889191A04009021109418810210910BF
:109FC00041900402841080854003000091048020A9
:109FD0008840031000840089C182000511A000C0E0
:109FE00085080891028285898884208891034083AE
:109FF0008304029089C0C18983112021808540405B
:10A0000020410002808580C00040A1054005C0A11C
:10A01000C0080808C0A0031103089008C1A10908DE
:10A02000408200C10290109020038810A0210803F4
:10A0300040A0014188839100218208A0081105A158
:10A04000200801080482908420C121880000910822
:10A05000A00502080140042000100440008800838D
:10A060000011A085002090839111C14100404183DF
:10A070008484039001040889C011C10891C040057F
:10A080002091118900910483080802840200402174
:10A09000100011209111038309208320090340201F
:10A0A000C0000920104011051010022010004020AF
:10A0B0001000031003050900004089C182910420AB
:10A0C000080205030908A002848203109101000020
:10A0D000200082008909108890110284401121001B
:10A0E00002009108110482012088A1841009839044
:10A0F000A1204009888509C0400809108301091082
:10A100000411A0820884400000A00082C0018201E6
:10A1100080A100002100030911880804209088C153
:10A1200041830321A0808284C0834085030088028C
:10A130008882C10205852020C0090288A185C189C5
:10A14000040502C10584C08404808211A004A120FA
:10A150000000000508108240A00000030209C105AC
:10A160008310890420828508A008A10008008303C9
:10A1700082002000888584110380C1C1202020082E
:10A1800089C00008802100200021020302910921DA
:10A19000891100808280A0898083418505024085E5
:10A1A0008809419041210388C0A04088881080849C
:10A1B000410400200884219110A0419089098584E0
:10A1C00083840240219005890808418500820802A5
:10A1D00085820000000909081182848320A00404FC
:10A1E000A1829040028989A0A1A00020038340821F
:10A1F00088090288110584030004910341C10020ED
:10A20000848982A0080005800980080020000021C0
:10A21000002020850010410810054011000308911E
:10A2200083840410210988050085030901C10840C1
:10A230000884A11000C10004A08489020008A100C4
:10A2400090A0888210054004C084C011000900A0BD
:10A250000010408300000088208588108589C12176
:10A2600003A0088482830040A0C1901182210020B5
:10A2700010119083418200A0821084088909A040B7
:10A28000C02110118908A09000100010A140010801
:10A29000A0000008008309891188A00010000410A4
:10A2A000C188084004A1A0880411C0100888852036
:10A2B00088A010009105110105A0090304A0829156
:10A2C00088C0008309A0040008888908050183006C
:10A2D000C12040000310000082A08808C000414057
:10A2E000041002080588110803C18811A010A1906C
:10A2F0004111C12191000802890190A1110040097A
:10A30000082111410504C0A003100302030010003E
:10A310008208008882C1091183A084000000801097
:10A320000289210302A08410001182830090800022
:10A33000A0880404080905081003208990A0088952
:10A340008984840921408480040091091083A1102C
:10A350008808C0918311050000000920892188091F
:10A360000800201102004082A003A0918904858981
:10A37000C000099182102004880003100411A00974
:10A38000218891A1A084C01103808880840090005E
:10A39000880088891183411002C10082000BD0001F
:10A3A00000000041000BD00042000081000BD000F3
:10A3B00042001181000BD00041001182000BD0003F
:10A3C00006004184000BD00000001100000BD000FB
:10A3D00000000000000BD000000000001242400B03
:10A3E000D00000840050000BD00082824100000B9E
:10A3F000D00000000660000BD00000840660000B57
:10A40000D0000A842184000BD00000841100000BCE
:10A41000D00000001182000BD0008100000000FF7E
:10A42000000000FF14BE14BE3F7FFFFF00FF0000CE
:10A430005D5D5DFF3C3F3C3C0CF005000A2D5F2D4F
:10A440000000141455555F7D0030F0507D7D0CCF19
:10A450000103013305FFFFFFBF7FA0000000553C53
:10A460000F00554D00007D557D55000C0C0C0F550F
:10A470003CFF400C7C0C0000FFFF00FF00FF55CFAD
:10A48000CFCF55FCFCFC555555FC04FE05FFFFFEE7
:10A49000FFFF00000000FFFF7FFF000FFFFF000035
:10A4A00000FF000000FF0505AFAF3F7F3F7F00FFCB
:10A4B00000000C0C0CFF3C3C3C3C0C0005000A2D41
:10A4C0005F2D0216021600000000003000504141CE
:10A4D0000CCF010001303D3DFFFF30300000000097
:10A4E000553C0F005555003C555FFF5F000C0C0CB0
:10A4F0000F553C0040007C000008FFDF00FF01FD1D
:10A50000550C0C0C550C0C0C5555550C00FA01FB58
:10A51000FFFFFFFF00000000FFFFFFFF0F0FFFFF27
:10A52000FF00000000FFFFFF3F0A3F0A4105EB0567
:10A53000000000000000E83CFEFEFCFC2800616119
:10A54000FF00ACACFF0AFF0AFFFF3808C238FA0070
:10A55000BFB3BCB0C341C340FFFFF0F0C303C300AF
:10A56000000000F03CAAFFA0FF00FFF0ACAC000030
:10A5700000F0003CF0FFFFC8FF08FF00FF00BF8FA6
:10A58000FFFF3CFF3AFAF3F3F3AA3F30FF00EF2F4F
:10A59000E0208000FFFF00000000000000800000BD
:10A5A0002000FF00000000FFFFFF300A300A41AF2B
:10A5B000EBAF505004000000E800FFFEFFFC280055
:10A5C0002020FF00ACACFF3AFFA000000000FA0022
:10A5D000FA008F838C80C300C340FEFCF0F0C302FE
:10A5E000C302000000F03CAAFF00FF000000ACAC7A
:10A5F0000F000000003CF000FF00FF00FB08FF0020
:10A60000B08000003C003A0A303030AAAFA0FF0012
:10A61000FFFF00000000FFFF00000000000000003E
:10A6200000000000C0C7C0FC30B0410300860CFC35
:10A6300000B80085A8865AFCA0B0000500860CE48E
:10A6400003B0800500860CFCA3B0008000000C94D1
:10A650000308000000860CF0A3B0000500860C7013
:10A66000A0100005000000860C8C03820480008688
:10A670000CFCA0B800A000040CB0A3900080000463
:10A6800000FC03300000088604DC03820010008612
:10A69000009C03800000A08652F0A3B000050000DB
:10A6A000008C030000000000CBC8707000C00028C0
:10A6B00000000A5F0A5F1000100480FF81FFFFBFE7
:10A6C000FABA00FF00FFFFFFFFFF000F000FFFAA15
:10A6D0007D7DD7D73CFF00F0003C000028280C000F
:10A6E0003000030000000000FF00FF000000FFFF3B
:10A6F000000CA00000FF10FFFF00BF80353C3C3C79
:10A7000000000000F1FD417D000000005555553F5F
:10A71000F53CA03C555555CF00200000101010FF0F
:10A720003030A0A000FF3C3C00000B08404000C0BF
:10A730000020020028287D7D000C000800FF01FF9A
:10A74000FFBFFABA02FF2AFFFFF8F8F8080F0D0F53
:10A7500055002828141400C3000000AAAA00AA0863
:10A760000C00300003003C000000BF80FF0000012F
:10A77000FFBF000CA00000FF10FFFF00BF80353CB2
:10A780003C3C00000003010D417D000000035555D5
:10A7900055033C3C3C3C5555550C00200000000046
:10A7A00000FF3030A0A00000000000008F830000F8
:10A7B000000C0F0C2020FFFFFFFFFFBCBCBC0C00F7
:10A7C000050FFFFFAAAA0000053F0000000000FFE0
:10A7D00000FFFAFA7D7D7D7D14D700C30000FFC322
:10A7E000FCFC003CF0000100013C0000AAAAAAAA5F
:10A7F00000FF02FFA0002525500C000FB4B4B4FFE9
:10A80000FF4D4D4DACACACFFFF4D4D4DE8FFFFFF94
:10A8100000FF45EFB2FFB200FFFFFF4D000C00004C
:10A820003F3C3C3CAA00F00000FF555500008C80E6
:10A83000000000000300202014FF1FFFFFBCBCBC71
:10A840000C000500FFFCFFFC000005303C0C300054
:10A8500000FF7FFF50502828414114D7E800E8004E
:10A86000FFC3FCFC003CF000010001000000EA2AEC
:10A87000AAAA00FF00FDA0002020500C0000B4B4E4
:10A88000B400004D4D4DACACAC00004D4D4DE8005A
:10A89000000000FF04AEFFFF00000000004D000CB0
:10A8A00000003F3C3C3CAA00F00000000000040512
:10A8B0000405040500C10410110204000202042072
:10A8C0000420000003010000042000010401022014
:10A8D00004050488002104042111114080080000AF
:10A8E0002100202004A00310042000200400000008
:10A8F0000020802080C180010040009008100808DE
:10A9000008C02100801182210400004111111110A2
:10A9100000A0008400C1000802081108020204021D
:10A920000002040400080241041102A011882190D1
:10A9300000A002A090A088204000900040000100EC
:10A940001000A082200084209000008090208420AD
:10A95000408000A0040090A0A0802020A0800400DF
:10A96000000384000880000010000000901188207F
:10A9700000C000802080202020208411000002419F
:10A98000401001000000102021A000000084840479
:10A9900000410040020288040021108000A10080D4
:10A9A00000A000200080904109C088200100C00064
:10A9B0002000000280020000000000402041001042
:10A9C000200020A00001100080400204000000C10F
:10A9D000080400040011000000040001000520A08C
:10A9E00000040221800108098020808280048009FF
:10A9F00004110000200400040005000400002000F1
:10AA00000004020480084082020800082020100090
:10AA10002020200000000020840040118420040831
:10AA20001082A02004A10000400440054001409095
:10AA300041840004000002100000001000210140C9
:10AA40000011011001000040001020880180002149
:10AA500000040088009000C00010A090082008C0EA
:10AA6000914100A1832004400140209020082090C3
:10AA700020400120000001A100800084A088001176
:10AA80000120048301A14000011041900021211008
:10AA9000001001000108000040100510000811C15D
:10AAA000211100100490010410418990C1C02104BB
:10AAB0009010202140A00800100200000041000476
:10AAC0004008A02008848010088402200384841099
:10AAD000414104004040020205C005C04140114010
:10AAE0000310118302040488820005048902414096
:10AAF000000209A000080000408208100810048429
:10AB0000418302A003C041000010050404914010DD
:10AB10001140090285400520084040050204100349
:10AB20001010A10240411011098884C00540024163
:10AB300011C040040041024002051011C000008411
:10AB4000C000841005912000040910098489A02008
:10AB50000540020409402090C10810080809088334
:10AB600010C182884020411084210409C0050420BE
:10AB700084204010881100410000100210101009BC
:10AB8000091008400110101000102000002085045A
:10AB90004102000490410221108040100102C04196
:10ABA00041888902049004C001081010410900087E
:10ABB00001C0400540859004210800042100008464
:10ABC00010831004C1000500092010000300A1003B
:10ABD0002020110041400991048408839040101006
:10ABE0000000028810C041A0200000048000000482
:10ABF000000002000000200482000000900000001D
:10AC00001085000000058000100420044101200090
:10AC1000050804830001020402212000024005A06F
:10AC20004101000104001008900084201000000081
:10AC30000490908240202091400209020080200070
:10AC40000003200410900420000310800010A010C6
:10AC5000200300C1102104A10010A121842004A11F
:10AC6000A000A008C0009003A003080004C1202198
:10AC700020A0100300000008038320000000200231
:10AC80000003A040820090C02003008800800020C4
:10AC900000088440000800402189014000000008AD
:10ACA0000008000490208410010302401083041067
:10ACB000000501110403020808409091828341823B
:10ACC00003A004040208100100000288000005C06F
:10ACD00005009040408209044010004000C0084038
:10ACE0000800900841C0038221214104418821408D
:10ACF000101000004009208800824100000400007C
:10AD000010202003208205844088102005040010B4
:10AD10000302212005200340008400004185040334
:10AD20000010800041084184210002838841C11144
:10AD3000402009A04140404021C02004100210845E
:10AD40004004A02002090011842084090840000466
:10AD50002020C0110403C011408590041090080405
:10AD60001004C0030202040282098420A010A00083
:10AD70004000C0100810844020030020C00582A0BD
:10AD800000001003092089208810101002C10083E0
:10AD90004009840220821021101004000020A040ED
:10ADA000911088114005040088054005200202C06A
:10ADB00010088308C01000850890A0218802822115
:10ADC0000004021021844100028484C00820050090
:10ADD0004020048890902140201011000508210097
:10ADE000000002102040880308A010094010400015
:10ADF000094041080084204010900304000203022F
:10AE000041A000000588008408C120A004040904B2
:10AE1000100503A041001008100410A005081082BE
:10AE2000A040110402400220001080A1022000086E
:10AE3000C00182090090890040880220048811A185
:10AE4000211040C0010000080010000404008288A6
:10AE500000008841414020410020840082410004DC
:10AE600088088420880440802020004000040010CE
:10AE7000100010891005000200002020C000A0056D
:10AE80000000000200000000400088400100C18076
:10AE90000080C084020000000003840588100000C8
:10AEA0000003028200A090000020C00010084000B3
:10AEB000400302401088C0400204C04121008800C5
:10AEC00000021008882100038009A100000000830F
:10AED00080890800000080030209040000008083CC
:10AEE0000009118000800003108910000000008319
:10AEF00000094000800000838009A080000000035A
:10AF0000050988000000000000030509A00080007A
:10AF10008003C009030080008802001000080408B4
:10AF20004088800980101005C002A102C0210309D9
:10AF30000003A183840200830003000011040000C9
:10AF4000008380800380048020090405030400043A
:10AF5000001104092002000210010001200000007D
:10AF6000208384C140020004A009880520A000407D
:10AF70000011024121A040C0008382C120040000D2
:10AF80000001890103000000000090010901210077
:10AF900084000441A1099008081002000000040187
:10AFA0000000010984A102A001A04000C000C0006F
:10AFB0000100008910C00288880400010800C00058
:10AFC000000000890284001000400420020040209C
:10AFD0002102880541009010910910024100C0042F
:10AFE00009414082410000204101902005000208F3
:10AFF000C14110050500C02011A1A0110500089055
:10B00000830902000400A102C1830000082090000F
:10B010008302C189C0108800C100A101A0201109CC
:10B0200021828201210588820884209183888500FD
:10B03000A003030120418882900311C1A0100200E7
:10B040002040910502000201080021A0002180009B
:10B05000808083100090C1000080038980A1C1001E
:10B06000808083098089C1000080830900C041007D
:10B0700000008309809041000080830980C0C100E6
:10B0800000000309000580212100838900008091D0
:10B0900000002180838900800000A10003098080D6
:10B0A00088408500C104900205804009C0891000D5
:10B0B0000804A0A0841080100300209190838820B1
:10B0C0008004008003A08002892000008302000029
:10B0D000038000890003000008001189000300803C
:10B0E000210008898003000040004109000300009E
:10B0F0004100C009808300000300020900830000B2
:10B1000020001009008300000000080900830000EF
:10B1100000002100000980038000C00000890003B6
:10B12000210011090509808310418004404090C12D
:10B1300080C10083008982A041004100808091800D
:10B140000000218040108003800080002100400327
:10B1500000908408A085A0C100109104C08510A1B2
:10B160000008000201850285A0020588C0A1201107
:10B17000001000820503208300A085904089908301
:10B1800000A0898288C19009004000080185A021A3
:10B19000000088900090009104858200080040859E
:10B1A0000089012000900020021100884009C0841D
:10B1B0001120822000080003858901A084C0088432
:10B1C0008584A02000A0018240892090828888A0E8
:10B1D000012103A00841040090040384C0408200C0
:10B1E000088283889140040004088302100802004A
:10B1F00002C0118891881000081041C08820A0006A
:10B200000220118805020400080291038490A00026
:10B2100008A000001188891088008808A10000108B
:10B2200000000010010000080000010483908491D8
:10B230008411A0400102012000200008112090A0EC
:10B2400084000241908810109000C000A1004020AE
:10B2500084000800034180408000100083880000C3
:10B2600000000480038804000000000003A08000A8
:10B270000900800083C00400800000000302000079
:10B280000000100083A004800000808009020000FC
:10B290008000000000008380040080000000031193
:10B2A00000000000041110400240030920808200C9
:10B2B00040418583890020100480411109008300EA
:10B2C00082008840040800008000000010408300D5
:10B2D0008080890080000082000BD0000000218463
:10B2E000000BD00000601182000BD00000008181B3
:10B2F000000BD00042001182000BD000000021841E
:10B30000000BD0000A000660000BD0000600418848
:10B31000000BD000005000000660000BD0000000C1
:10B320001182000BD00082000A00000BD000000048
:10B330000660000BD00006820660000BD000068479
:10B340000660000BD00000840060000BD0000000FD
:10B350000600000BD0000A003C3C0000FF0000008B
:10B360003C3C0000FF000000FF000000FF00000068
:10B370000F0F0000FF000000FF000000FF000000B2
:10B380003C3C0000FF000000FF000000FF00000048
:10B39000FFFF0000FF0000000000FF000000FF00B2
:10B3A00000003C3C0000FF00000003FF03C3FF90CF
:10B3B0000000FC666666FC660C66000F3C664E4E3E
:10B3C000FF000F0F0F66000000003C3C3C3CFF00FC
:10B3D00000000F0F0000FFFF00003C3C0000FF00DA
:10B3E00000003C3C0000FF000000FF000000FF00E8
:10B3F00000000F0F0000FF000000FF000000FF0032
:10B4000000003C3C0000FF000000FF000000FF00C7
:10B410000000FFFF0000FF0000000000FF00000030
:10B42000FF0000003C3C0000FF000000033C030064
:10B43000FF9000FF0C66666666666666000F3C66F7
:10B44000FF00FF003C3C3C66000000003C3C3C3CF4
:10B45000FF0000000F0F00000000000000000000CF
:10B4600000000000000000000000000000000000DC
:10B4700000000000000000000000000000000000CC
:10B4800000000000000000000000000000000000BC
:10B4900000000000000000000000000000000000AC
:10B4A000000000000000000000000000000000009C
:10B4B000000000000000000000000000000000008C
:10B4C000000000000000000000000000000000007C
:10B4D000000000000000000000000000000000006C
:10B4E00000FF00006666000000FF0000F0F00000B2
:10B4F00000FF0000F0F0000000FF0000F0F000008E
:10B5000000FF0000F0F0000000FF0000F0F000007D
:10B5100000FFFFFF0F0F000000FF000000FF000012
:10B52000000000FF000000FF000000FFFFFFFF0021
:10B53000FF3CF0000000000000FF62FBFFFFFF7215
:10B540003CF0660000000000F636FF3C0F000000F3
:10B550000000F0F000003C3C000066660000F0F0E7
:10B56000000000FF00006666000000FF0000F0F031
:10B57000000000FF0000F0F0000000FF0000F0F00D
:10B58000000000FF0000F0F0000000FF0000F0F0FD
:10B59000000000FFFFFF0F0F000000FF000000FF92
:10B5A0000000000000FF000000FF000000FFFFFFA0
:10B5B000FF00003CF0000000000900FF20B900007F
:10B5C00000723CF06600030000000636003C0000FC
:10B5D00000000000F0F000003C3C00006666000047
:10B5E000F0F0C0C7C0FC30B04903C0C7C0FC33B0E6
:10B5F0004903C0C7C0FC33B04903C0C7C0FC33B067
:10B600004903C0C7C0FC33B04903C0C7C0FC33B056
:10B610004903C0C7C0FC33B04103C0C6C0FC33906F
:10B6200049030000C0C7C0FC33B04903C0C7C0FC19
:10B6300033B0410300860CF0A3B90085008200FC02
:10B640000390040000860CFC038020800886049C84
:10B6500003900480A2C651FCA0B44945A2C7515032
:10B66000A3B44945F7FFFFFF0055AAFF000FFF0FE6
:10B67000FFFFFFFF4303420200FF08FF00000E022E
:10B680003F41000000000000400000C00303000034
:10B6900001834141AA04A004004D00C32A052005EE
:10B6A00055555555000082F2FFFF0AFF0A0A0000B7
:10B6B000FFFFFFFFFFFF00000000FF3FFFFF3CAA6E
:10B6C0003FAF03FF00FF000000000035FF35FAAA7E
:10B6D0003AAA555555CFFCFCFCFE040404FF0000BB
:10B6E000000000000004F3BAFFFF1E1E1E1E55C31B
:10B6F00055C35070D0F04101400000FF08FF00002A
:10B700000E020341000020000000400000000E0275
:10B710000E02000000000A040004004D00002A0090
:10B720002000553555550000FFFF82F23EFF3E3E9A
:10B730000000FFFF55FFFFFF00000000FF3FFFFF7D
:10B740003CAA30A000FC00FF000000000000FFFF4A
:10B75000CAAA0AAA5555550C000000AA04040404FC
:10B76000000000010000000000ACF0003F7FFFFF80
:10B77000FFFFFFBC756134200000000000003F05A2
:10B780003C3CFF0F1F1FFFFF0F000000050C00F0E7
:10B790001C180C08050C050C000A000A0109050D0F
:10B7A000000000001C70FFFF00000000000077BBDD
:10B7B000FFFF2008800200F0AAFA000000003C0F02
:10B7C0000505B300B0002000000000000000FFFFEE
:10B7D000FF5CB2FFFFFF80000000000000000000DF
:10B7E000000CFFFF82003FFFFFFF00AC00003C7D2C
:10B7F000FFFFFFBCFFBCF7E3B6A2000000000000A3
:10B8000030053C38FF0F1F1F1F1F00300030050C94
:10B8100000001410040000000F00000A00000008DF
:10B82000040C000000001C20FFFF000000000000CE
:10B8300077BBFFFF100440013CFCBEFE000000008F
:10B840000F0F0505830080002000000000000000AD
:10B850000000005CB200000080000000000000005A
:10B860000000000CFEFF82003FFFFFFF00A002006F
:10B8700000001100042021412088041002119100D1
:10B880000420092004000000000004200000110032
:10B8900000C000110020200000202000042004042B
:10B8A0000005801004A0021000840420000000089D
:10B8B0000410201002100009042041080410119007
:10B8C00004090210001004100420001100202010B0
:10B8D00011A04108040841200402041000A0C00285
:10B8E000202004842010042004A0202000901000B8
:10B8F000010000000000828020842000A0418820F8
:10B9000004030583A080052102000200038020407B
:10B91000000002090420000001000080030000056F
:10B9200000A000040221000900110000000000C076
:10B93000000000100041010000400000022000084B
:10B940000408004000090080C080008900C0049104
:10B950008411100884000010001000C00000004195
:10B9600041800000004102000021001111C00000D0
:10B970000000002000840021082100100220100493
:10B98000002000900090004109000000001000001D
:10B99000C0108000004000C00890004008008000F7
:10B9A000002100000009404080020002080300025C
:10B9B0000000000200034189800200020000000232
:10B9C00000020000008400200002400810404020D7
:10B9D0001000C040008400044004002140C0400129
:10B9E0000090C00280210010202108049041802096
:10B9F000C10300000288100804400184900801A0DF
:10BA000000A020050041002000C000200010000020
:10BA100000102080202100800000002000C00020B5
:10BA2000202100080010008400C120A0008801C06F
:10BA30000090000000A100C00002028800910010E8
:10BA4000089000900000202190210041211000105A
:10BA50000100001005210010009001A1C08200111A
:10BA6000012000104108200400210184C10840A0E9
:10BA7000200040A000204140118221200802211115
:10BA8000210020011082020203080420400408085B
:10BA9000411109840401114004040008412084027A
:10BAA0000040000820402008110811000520412016
:10BAB00021404108000021000304414020A004402F
:10BAC000040204040440C0020220094109A0408489
:10BAD00002A004040284202100200521202120044A
:10BAE000410441040404A010408404A00008008222
:10BAF00000040000001108001041000000898800C7
:10BB000088A0A010102002088511A005C10500859D
:10BB10009000820482080120820391028221109009
:10BB200005088482104083808980009000200010E6
:10BB3000008590C100000000001000030088004054
:10BB400089054100C10221A020A0012104C00010EC
:10BB50000002840200A0004191840288828400A037
:10BB600091A184A140900082400500080210400489
:10BB700090100090401000401105080420050302B9
:10BB80001084102020210841009110402120001035
:10BB900088201083110010C1028804000240880030
:10BBA00000888204108220010000000120408001F2
:10BBB000A1008000C04000000000040083000400D9
:10BBC000004100A00002008440880201034109C135
:10BBD00020C10805400505002008800040A10001A3
:10BBE00009A004912120800200219021109190034E
:10BBF00000008421A0411101821110A000800920C1
:10BC000090410000820000840020004000000000FD
:10BC10008803048800041021000400200111018021
:10BC2000200904000880000000200008002000888F
:10BC3000020802052021028800000000011104080A
:10BC4000010000400041208320000020014040828C
:10BC50000002000200C000820008C00304200802A5
:10BC600000200408202004850403C08210A00020C6
:10BC700005208441100241820040208400A0001071
:10BC800010C10900A182A08221C0108211C0001041
:10BC900000000200410000024110214008000400A1
:10BCA0000210210041C02084088420C020048200AA
:10BCB000020840410020000021000889000000C067
:10BCC00040A0000004C10000214003040082008461
:10BCD00002C021C0001080C0048489840904084087
:10BCE000000808040804040004200904008240003D
:10BCF00008020900200440884002400403040409AB
:10BD000084008220000002100409841100088209C6
:10BD1000202184108300840000008402901100021E
:10BD20000102850000098204111000000202A00037
:10BD3000040820804084400200000002904000007F
:10BD40000040000208414140400800859000002169
:10BD50000410401040088410020390210200048265
:10BD60008421000210800490000591080040A00882
:10BD70004100C01000080185410041C120804021E0
:10BD800021A00404024080000020200021880040FF
:10BD9000020400041104100411101190094009005C
:10BDA0000984101041C102C00884082003840010D7
:10BDB0000804008410080241208220C08883008487
:10BDC00000000000008400820200004000100040DB
:10BDD000090811C04184408400C0040400041120FB
:10BDE000118500C010048084000411C00020008868
:10BDF0001020048380A00988038304400320038467
:10BE0000090000030000020020219000000004054A
:10BE1000008800A100A1C0A1008000004000000037
:10BE20000809001008210404050000039000000028
:10BE3000200400000000008001C0A00002000210E9
:10BE400000000000000000110000004040900008C9
:10BE5000008300050420104000000008408000A17D
:10BE600020034002C00000804041C04100030005A3
:10BE700000008802012004000808002008002000BB
:10BE80000000200400834009000000808003800936
:10BE900008000000000300099000008000038309EF
:10BEA0004000000080030009110080009085001010
:10BEB000081009C000A18803104105C00083008854
:10BEC0004080000000008003800410000000000398
:10BED00010008008000080830020808000800083A4
:10BEE000218483000080008380809100040080838F
:10BEF00005C00300008011050809838800C1910373
:10BF0000210905112004901100C12002000820051C
:10BF1000101121040004C0030485200400200085C2
:10BF2000100301080002020104012000820040A168
:10BF300008C021900185009009C0010201410883D9
:10BF40008208831000C0000020018201A0000000D0
:10BF500000C10010A0410010081100842008000258
:10BF6000C0830005C1900010000310C002900020A3
:10BF7000208908059182000891A1888503418805E0
:10BF8000910121012000010088200200211003C13D
:10BF9000A090A00009908305404008000904091101
:10BFA00088011001410083C110A0A001890283A172
:10BFB00091A0410284209008118241A0C001848494
:10BFC000C040100110A0A108000090092000A0406E
:10BFD000898408040400C140091088000800110089
:10BFE000059020000400084083000800820004201F
:10BFF0000521200010008904C190400182094005FC
:10C000000841100005840905839100898000A18002
:10C010008389000500002100838980048000A180BD
:10C020008309000980052100038900200005218083
:10C0300083091104200005890403119190088220CE
:10C040008220008000032100030000000041000066
:10C05000A18003C080408000908003C10041800027
:10C06000100003808011800080808300000804009D
:10C070008000832080218000C0008300850411108F
:10C08000A021208988000800214183890000200028
:10C090002089008300001000000900830080A100B7
:10C0A000850980030000100085090003008041001D
:10C0B000050980838580A08840C0C1A000910088C8
:10C0C00003100902800004808283808300000080C6
:10C0D000042100808083000009100080008300009C
:10C0E00000000803000300000004888080030400AF
:10C0F00080008280808300820000A1008083048908
:10C1000000094189C083081002900811118300883A
:10C110000482418510210004C1101005908300089D
:10C1200003821189028300820508111100A1001009
:10C1300000C0014104A18310040802C020839008BC
:10C1400004C100400891028205C0844040050000FF
:10C15000001001C00084C003000040118284C009A7
:10C16000820000000000000190A02082918488914C
:10C170000082C02010041089000282080482880313
:10C180000040048484408941A090002000828921DD
:10C19000858941089000400801880540080040005A
:10C1A00009890940A0002008918805404000908836
:10C1B0008911820882844084C01182919010028289
:10C1C0000341200804010804C089880804401008BD
:10C1D0000000C1A008A008000200419008008800EB
:10C1E00010A0830984102000848803A18888888295
:10C1F000A0C00301880890002020052004088900C1
:10C20000C04082118802110002408203088309A005
:10C21000041083A0840000000000038984008000D3
:10C22000802183C08400000080000380048000001F
:10C23000008003900000008091000403040402C108
:10C240002080A0C104050503918000088000000043
:10C250008080000083000000910000000341050081
:10C26000000000008310008000004000C01180002A
:10C2700000048000834084000000000083838080ED
:10C2800040000080204085A1C121038091911111BF
:10C29000891040111182000BD00000001182000BA8
:10C2A000D00000001242000BD00000000A50000B2A
:10C2B000D00000001182000BD00000481182000B5A
:10C2C000D00011418181000BD00041608200000B41
:10C2D000D000420000000A00000B000042000000F5
:10C2E000000B000000000A00000BD0000000418895
:10C2F000400BD00000840A50000BD00000004188A1
:10C30000000BD00000840A50000BD00000840A50BB
:10C31000000BD0000000000000FF000000FF000044
:10C3200000FF000000FF000000FF000000FF000011
:10C3300000FF000000FF00003C3C000000FF0F3C3D
:10C34000FF550F5FFFFF3DFFFFFF000000C0FFFF35
:10C35000FFFFFFFFFF000000FFFFF0F0FFFFF0F026
:10C36000FFFFFF00FFFFF0F0FFFFC3C3FFFFFF0071
:10C370000000FFFF00000F0F000000FF0000FFFFA4
:10C3800000000F0F00003C3C000000007500300072
:10C39000FFFF33BB553CFF0F000000FF000000FF14
:10C3A000000000FF000000FF000000FF000000FF91
:10C3B000000000FF000000FF00003C3C000000FF08
:10C3C0000F3C00550055FFFF3D3DFFFF0000000002
:10C3D000FFFFFFFFFFFFFF000000FFFFF0F0FFFF88
:10C3E000F0F0FFFFFF00FFFFF0F0FFFFC3C3FFFF10
:10C3F000FF000000FFFF00000F0F000000FF000023
:10C40000000000000F0F00003C3C43C303C3750055
:10C41000300033BB33BB553C000FFF000000FF0072
:10C420000000FF000000FF000000FF000000FF0010
:10C430000000FF000000FF000000FF00000000FF00
:10C44000FFFFFFFFFFFFFFFFFFFF0C080400FFBC23
:10C45000BCBC00FFFFFF00FFFFFF000000FFFFFF6D
:10C4600000FFFFFF0F0FFFFF00FFFFFF00FFFFFFB9
:10C47000FF000000FF000000FFFF0000FFFF0000C2
:10C48000F0F00000FF00000000FFFFFFC3C3D7C2B1
:10C49000FFFFFEFFFFF03A3AF330BEBEFF000000A0
:10C4A000FF000000FF000000FF000000FF00000090
:10C4B000FF000000FF000000FF000000FF00000080
:10C4C00000FFFFFFFDFCFCFCBEBEBCBE0C08040070
:10C4D000FFA0A0A000FFFFFF00FFFFFF000000FF84
:10C4E000FFFF00FFFFFF0F0FFFFF00FFFFFF00FF39
:10C4F000FFFFFF000000FF00000000000000000040
:10C500000000F0F00000FF00000000FFFFFFC3C3C9
:10C51000D782000004000F003A3AF3308282C0C78D
:10C52000C0FC33B04903C0C7C0FC33B04903C0C727
:10C53000C0FC33B04903C0C7C05C33904903C0C7D7
:10C54000C0FC33B04103008600EC03B80000A086B5
:10C55000503CA3B80005A2C6513003B449400000C6
:10C5600002C701E001B4494002C701E000B44940FC
:10C57000A2C301F003B45140C244C1BC33944D4343
:10C58000C2E7C19C33C44943C2C7C19C3384414301
:10C590000086008C038200000002047C03B20010BD
:10C5A0000000000000003FFF0083008300C0400047
:10C5B00000000A3F00155555FFFFBCA07D7F7D7F21
:10C5C000FFFFBCA0141FFFFFFFBCFFA05FFF0C0C10
:10C5D0000000200000000000FF300F30C004C3073F
:10C5E000000002000000FFFFFFFF200880020FFF95
:10C5F000FFFFBE14BF1F00000000FF00BF805457A4
:10C600005555FF40FF000000FFFFF53C3C3C5555F1
:10C610007D4DB2B2FF00555555CFFFCFF0FC000065
:10C620000004F3A2510000003FFF008000800000E2
:10C63000400000000A3000145555FFFF3C007D7F8C
:10C640007F7FBCA0BCA0141F141FBCBCA0A050F0D6
:10C650000C0C000000000D0F0F0FFF00FF00000486
:10C6600003070000000000007FFFFFFF10044001EF
:10C670000FFFFFFFBE14B01000000000FF00BF80DE
:10C6800054575555BF00FF000008FFFDA03C3C3C3F
:10C690005555414DFF00FF005555550CFFFFF0F07B
:10C6A000000000007C547C540000000000ACF0004E
:10C6B0000F0F00C305002A2A00040000FFFFB0B0DE
:10C6C0000C5DFFFF00000000FFFF0020FEFCFAF001
:10C6D000F3F30303FFBCFFA0F3F3F3F34141400086
:10C6E00008FF38FF0000000000000000000C2008D8
:10C6F00010046F696F690030000081240000B2B23D
:10C70000B2FFF1FD417DAAAAAAAAFFFDFFFF3AFFF1
:10C710003A0000FF4D4DEF2FFFFFFFAEFFEF00008F
:10C7200000003D3CFBFF7C54684030703F7F00AC14
:10C730000000000000C30500202020000000FFFFD3
:10C74000F0A00C5DFFFF000000000F0F0000BE3CDA
:10C75000AA00F1F30103FFBCFFA0F1F35153000065
:10C76000000000FF0CFF0000000000000000000CB3
:10C77000800240016F69FFFF00300000000081244B
:10C78000B2B2B200010D417DEA2AAAAA000000025D
:10C79000FFFF000000FF00FFE02000000004004554
:10C7A000000000003C3CFFFF00820402410002A0A8
:10C7B0000000038200000404000004A00400410003
:10C7C0000020000004001190111002000008022057
:10C7D00000C00000008804000082110000900010DA
:10C7E00000000020804021A100000020020000C0C5
:10C7F00004A000A021200020042011C02108210055
:10C8000020C00000000811100200000804C02084AD
:10C81000048220A0111011900420210020C00002E9
:10C82000410820C04090400004A082058800040018
:10C83000000000210000020388000402040204003A
:10C840000220000000080008020200050004900019
:10C8500000110000000000020002000204040400B5
:10C860000210200300050484000400C0000400003E
:10C870000000000000030000000000008811100507
:10C88000C000000002000008200000000021880015
:10C89000000488000041C04100080008001000208A
:10C8A0004009C02100212010002184000000000068
:10C8B000000000000082000000000000008800006E
:10C8C000000000000000008200820008000000005C
:10C8D0000000000000200082000021904120088418
:10C8E0000020000000100000008200880000008886
:10C8F0000090008400204182008800004100000078
:10C9000000C00000009000C000C080C000C0002037
:10C910000000000200900002000240020084008833
:10C920000000000400900008000000C0001090000B
:10C9300000020010400000110021000900049008CE
:10C940000000001000084009000900000000000875
:10C950000041001000100010001100110008000834
:10C960000008001000410041000400040000000025
:10C970000008000800104010001000110011001104
:10C98000001000100011000800210008040004102D
:10C99000000000100008000800091003002000102B
:10C9A0000011001100110020C020C041001000083B
:10C9B000050800401000021005080320030000A035
:10C9C00021004108030040401010098200022002AB
:10C9D00041A0411008021184059000A004840000C9
:10C9E000058410000084100841200900030800821B
:10C9F000000010C011004008059003900584040059
:10CA0000041004900882090003840082402040033F
:10CA1000008800C0098208A000840010058400106E
:10CA200000884108410009100410031000020000B2
:10CA300020C0104108211041C008900084108400DB
:10CA400084030000A04140001010000010410010BD
:10CA5000A1098400824084001008820002030808B3
:10CA60009009404088401020880290030011000087
:10CA7000001000008408841000200021000800102D
:10CA8000881090100009A0090009A010A041A01171
:10CA9000A040A0020005C021844102108411400979
:10CAA0004011000300088410C00840410220C0115A
:10CAB00008088502080411000500000041880000F4
:10CAC00020044100100010901088000009000000B0
:10CAD00000200000000010020040000011000000D3
:10CAE00009A000000010000000C0000008C0209055
:10CAF000100000880000204000400320000020C0FB
:10CB000020104084000000901084058204008008FA
:10CB100002202008A00240824000419021020382AE
:10CB2000108221820020408200400040020011401B
:10CB3000040009000202100988101002824100104E
:10CB400008110000102084002003C00300038200AD
:10CB5000821088410421044100209000002100102F
:10CB6000001000100010000800080008002101114A
:10CB7000820300210011000090050000040240081B
:10CB8000900420049000000590090009000900109D
:10CB90001009400320201100A003841100020000AE
:10CBA00000000002A000C003900990110003840956
:10CBB00000008221000388031020000005002100EE
:10CBC0000088408809204008408840A009A00084CF
:10CBD0000040008441004040008802C00340400003
:10CBE000418240084002009000080008400005080B
:10CBF00000C0C0102008100000004000030000002A
:10CC000009C0118240A0009010880010001000C0E0
:10CC1000008800100810200000840010030200109B
:10CC2000004000A000A0008800400082048210881C
:10CC3000000041020002100800408221C005840269
:10CC400002031000C0108408821010001000C040C1
:10CC5000040284030002900900098840C002000019
:10CC60000009020810200000404040090821080087
:10CC7000A0000221400041094109000000210011EB
:10CC800004004008C0000400A0008809A00340027E
:10CC9000001040214021890001030008002100000C
:10CCA0000003901040008840880304001009100819
:10CCB00000031040402100409002A002041009002F
:10CCC00041822100112000100010000010100010FF
:10CCD00041840002418400A005840200098403A06D
:10CCE0000484110409A000080000210802A00082A9
:10CCF000000203C01084081000004008000021401A
:10CD00002000000800820020000041080088000088
:10CD1000008400840000000109A120000088202078
:10CD200008C0008400880040028800A0400009A0DC
:10CD300000840084408209C0008404000400400292
:10CD40002041A01104020200824100408809000035
:10CD50008240900090109000A000A021104140401F
:10CD60000409880084410405840004008405A009A6
:10CD70008221A0202004850083052020004000009F
:10CD80000003A005902120020004C009040404202F
:10CD90000000000282008803C010C00288098803D6
:10CDA00082000020840002419000040288000220DA
:10CDB00000000000040090008403A000C040202177
:10CDC000800000000000000080000800800080C19A
:10CDD00000000000000300008000000000000000D0
:10CDE00080000000000000008000000000800008BB
:10CDF0008000000000030000000003000088100015
:10CE00000000800000000000000080000000000022
:10CE10008004000080000003000000000300008880
:10CE200002008000000000000000800009000000F7
:10CE300080040000000000030000800000000000EB
:10CE4000000082000000008200008200010010400B
:10CE5000C0A00090080000010000820000000082D5
:10CE6000000082000000008200888200000000A014
:10CE7000900008202000000100000000010010C008
:10CE80000000000082000000008200888200000094
:10CE900000C0040000C0C00000010000000001004C
:10CEA00040C10100820000000082000082000000FA
:10CEB000008810100090880000010000820000002F
:10CEC0000082000000008200009000000000850049
:10CED0000001840041C02100008201000090000098
:10CEE000000000C000000400000000000000C100BD
:10CEF00000011001110041000000000001000000CD
:10CF00000021019000000000820000880000000065
:10CF10008300008940001100400100000000010072
:10CF20000000004101100000C000000000000000EF
:10CF300085000001C00011004100008300000000D6
:10CF4000000000000082000000000000000000005F
:10CF500004000010000002000840008304000000EC
:10CF60000000000000000000800000000000000041
:10CF7000040000408008900004100000000002003F
:10CF8000000000034100000000000000000000005D
:10CF900000000400001000008800101000000008CD
:10CFA0000200000000034180000080030000000533
:10CFB0000000040000108000020010110088110021
:10CFC0000000000000000000000000000000000061
:10CFD000000000000300C1880011000011000000E3
:10CFE0000000000000000000000000000000000041
:10CFF0000000000000804000000208004100000026
:10D0000000000000800000000000000000000000A0
:10D0100000000000000000001000000800001100E7
:10D020000000000000000000000000000000000000
:10D030000000000000000080104000020000080016
:10D0400000000000000000000000000000000000E0
:10D05000000000000000018811090000000000002D
:10D06000000000000000008200000000000000003E
:10D0700000000000000000C00100000101000100EC
:10D08000400000000000A082C0000000000000007E
:10D0900000000000200000000088000000010000E7
:10D0A0000000000000000000888200000000000076
:10D0B00000000000000000000002218800010000C4
:10D0C00001000000000000000082000000000000DD
:10D0D00000010000009001908300000000010100A9
:10D0E0000088000000820000000000000004010031
:10D0F0000083000000880088830000000083011086
:10D1000000000000008200080000C01100000000C4
:10D1100001000085000000A00100C00000000083A5
:10D1200001000000000000820000010010890000E2
:10D1300000000000000000820100890000000001E2
:10D14000000000020000008200000000000000005B
:10D150000000001000000000020021000000000399
:10D1600002000000000000800000000000000080BD
:10D170000400000200000000030020000000008402
:10D1800041800000000000800080080080A00000B6
:10D19000000008000004000000000400100000006F
:10D1A00000820800000000000080000010008010D5
:10D1B00000000000000500000080040021000000C5
:10D1C00000031000000000000080000000000000CC
:10D1D00000000000000012000000000000001242E9
:10D1E0004148000BD0001242000000000000120075
:10D1F000000000000000120000000000000012000B
:10D200008148000BD0001200000000000000124214
:10D2100000000000000000001200000000000000FC
:10D2200012008148000BD000120000000000000036
:10D230001242000000000000120000000000000088
:10D2400012004148000BD000124200000000000014
:10D2500012000000000000000000000000000000BC
:10D2600000000000000000000000000000000000BE
:10D2700000000000000000000000000000000000AE
:10D28000000000000000000000000000000000009E
:10D29000000000000000000000000000000000008E
:10D2A000000000000000000000000000000000007E
:10D2B000000000000000000000000000000000006E
:10D2C000000000000000000000000000000000005E
:10D2D000000000000000000000000000000000004E
:10D2E000000000000000000000000000000000003E
:10D2F000000000000000000000000000000000002E
:10D30000000000000000000000000000000000001D
:10D31000000000000000000000000000000000000D
:10D3200000000000000000000000000000000000FD
:10D3300000000000000000000000000000000000ED
:10D3400000000000000000000000000000000000DD
:10D35000000000000000004000000000000000008D
:10D3600000000000000000000000000000000000BD
:10D37000000000007B75AEDE000000000000000031
:10D38000000000000000000000000000000000009D
:10D39000000000007B750000AEDE00000000000011
:10D3A000000000000000000000000000000000007D
:10D3B0000000000000007B7500400000000000003D
:10D3C000000000000000000000000000000000005D
:10D3D0000000000000007B7500000000000000005D
:10D3E0000000000006000000000000003002000005
:10D3F00000000000400306689667C00200000000BD
:10D400000000408C07000000000000003002000017
:10D41000000000004003E66900009667C0020000BB
:10D4200000000000408C07000000000000003002F7
:10D430000000000000004003E6690000000000005A
:10D4400000000000000006000000000000003002A4
:10D4500000000000000040030668040000082010DF
:10D460000409000000000000000280014000840068
:10D47000002000200200C0020040004100410410D2
:10D480000020202041402020A00100A000C004086E
:10D4900004010020004000204010000000110005A1
:10D4A000042140088402020011A0001080204121C4
:10D4B0008420A01000210011001000110010A1A074
:10D4C000A0C021202005210800040010000480C015
:10D4D00004000400101040080000219005000082A4
:10D4E000000500A0040004020421900040409000C8
:10D4F00002000480908021000384048040A000A0EA
:10D5000000000002018502809180032000000000DD
:10D5100040000104008000A104A0000000C000043D
:10D5200000A08884000040800000001000050880F2
:10D530001090049004A100040040000000040000CA
:10D540000200040890821090001000880000008003
:10D5500020100008A010002100214000A00002843B
:10D5600000000004009000000000050111210001EE
:10D57000002080010811004100008001002100000E
:10D58000000004000040000080000020009008041B
:10D59000000400010001000000118005009000005F
:10D5A000002000000004002000A00000000800206F
:10D5B00000030411000500C10082002100020020C8
:10D5C00090020204001000020002000382040083A3
:10D5D00000820020000000000010802000100000E9
:10D5E000000000100088001000100041002000A082
:10D5F000000200A002020040008204084002004035
:10D600000041001001100090004120000080000047
:10D610000080009100040020000000C04090002025
:10D6200000000000001000900010400800030420DB
:10D63000000000A0010400902010001100040080F0
:10D640000090021041900090001000200004039010
:10D650001004000804C1001000080080049000902D
:10D6600084100008A0088002008404409041110842
:10D6700021040384004003820402400800100021BA
:10D6800004112102000200080488820882090208AD
:10D69000C0080408020802040409040989410208B8
:10D6A0000008000000C18002824004408002C010D7
:10D6B0000240A082880288108403A010000220C0CB
:10D6C0000504039084200201A101008400400000B1
:10D6D00040A000000000A14020A080108010401059
:10D6E00040C00420000003002000C0009089408456
:10D6F0000000008000008280C020C1800103000083
:10D7000000820020002100000000A1210521054029
:10D71000051002000021851001A10120400404C071
:10D720000100000500000020044103084100400002
:10D730004121012121000502058909100908C0C104
:10D7400001110082400804820120080440400010BA
:10D75000000300080021001004410103200220887A
:10D7600000839008209180110400100020011021F6
:10D770000001000900010909040000200400100054
:10D78000020009000000000000000001000000008D
:10D790000801001000010000900082400400000019
:10D7A00000000500A000000084004004000000000C
:10D7B000A0018020090010200200000108011009CA
:10D7C0000000910091A0100000014001000285823C
:10D7D0008988842011028002000408000300A1004F
:10D7E0002001400004010004200801000000012085
:10D7F00001A004200020004000401100008400002F
:10D800000000001010100021040300000040000080
:10D810000011904082000020900040210380010010
:10D82000001082100421040500004109028000114B
:10D830000000022002A1000000800005000200029A
:10D840000002000240020200000200040140020245
:10D85000400204214005908204A000000000002145
:10D860004041C02000000120048021400900054003
:10D870000400419003084101C10003022100000996
:10D88000400040C1C000830009009040030080A018
:10D8900040080084212021C0038480100002401031
:10D8A00021100011098505408000000000100008CB
:10D8B000050041A000900003C1058011A0C0849024
:10D8C0008508A120090000822182854000C000084F
:10D8D000000090200084802190C041400000414021
:10D8E0000800050004A00000080208000000000075
:10D8F0000080000020059080400420028400001079
:10D900000020000800200402400000000280000007
:10D910000400A000004100414000A00302000002FA
:10D920000010400900C01020842104000000902154
:10D9300000000021900400100082208402040900ED
:10D940000440080204820005000800414002000073
:10D9500000111000208040110890040500A1400033
:10D960000005402104020100040001A10100911002
:10D9700089200400834020002001044040008020D2
:10D9800002042010000008A08010050202400408D4
:10D99000000000C0410821118410808480C08004F0
:10D9A00021048988808280A0800405C08005000051
:10D9B0000090C0891185048500020508C14000025D
:10D9C000001002102020102000400020000041899B
:10D9D00082C00000C12109A09082100809020482BF
:10D9E00000034020002110848490200120A004A185
:10D9F0000400208401002088A11101208488C02017
:10DA000040808400002100040000040040C0018028
:10DA10000004C00004081000000241004000400063
:10DA2000400000104041400040054080402040C080
:10DA3000000000054040C002000288A110000480E0
:10DA4000C0809008880885001041820800002000EE
:10DA5000042040022003088204084008002000023D
:10DA6000400500020100020200004002850201217F
:10DA7000851040A10283858911C1008208041182AA
:10DA8000008810082010A0C010C1808390211100D0
:10DA9000C0804108098841884111800303808800C3
:10DAA0000900000300051000008000838880200921
:10DAB00000800000000340000000000083052041BA
:10DAC0002140101100832000418000000003A100CC
:10DAD0000009000000830580008000800003000032
:10DAE00040040400000300000011000000838311C3
:10DAF0001100008089418440820200059002A0400C
:10DB0000C0C000100109004121A090C0400910A030
:10DB1000A010C008C0C100A1A0C100C02009880891
:10DB200021000088C0A108C0008200040083838413
:10DB300090040008000000010000400000002120C7
:10DB400085110891019090830202840440880001AD
:10DB5000A0000000000000830084400400C0040115
:10DB60000000210000000001000000000000008310
:10DB7000108902880004A020C009058804104020F4
:10DB800002844105C10240040911050421C00408B2
:10DB900004A0C090900102104085040540A1889126
:10DBA0002001400409A004000800200091208804FE
:10DBB0009000881083C00000020920002010890016
:10DBC000902003C1021121A108018200822083C09C
:10DBD00004902001020005C00091000001900103A3
:10DBE00004A00084080283000001000100000190ED
:10DBF000C000C000C0008311028910A00521C140EF
:10DC000085824110858802C1090541830880830807
:10DC100040214080400021032005910320C00303E0
:10DC200000408004008003050005802080008308F8
:10DC300000C0000800008384000080400004000051
:10DC40000300A121A090A10883080408001100800E
:10DC5000838380218003000083C000030003080049
:10DC600003C08000000500008305001009200000AB
:10DC7000030200080003000083C105A0A140114178
:10DC8000904003802010108421A010038488000499
:10DC900040108010890000C0800389030590032094
:10DCA00041A09100100041000003008000112100FC
:10DCB0008083000020910300808300001100101178
:10DCC00010008003008991044103008309808004CF
:10DCD00020000083008000C0028080030911210021
:10DCE0000800800380800280210000830011000072
:10DCF0000400000300808084A08080834008A0048A
:10DD0000040202030540900220402003A0C011201D
:10DD100090C121A002080408C00804098210100361
:10DD2000011011044020C120002010891004C08877
:10DD30001140028920C089A08210048300001000D5
:10DD400001000000020100400420201040031040A8
:10DD5000C09008829083080200C1011088910800D9
:10DD60000000010020012008000800A0A083A000FE
:10DD7000000000000001204040C01004908384098E
:10DD8000C02003832020A09184C00400C110A121E1
:10DD90001020020004C0911020890100100284218B
:10DDA00000080400020402A1100290009004830203
:10DDB000024002008811030208C0400090400000A9
:10DDC000010300840000008809012140208902A08D
:10DDD0008220A010100004080904A0080400020218
:10DDE000C10004901000880001000010000000082D
:10DDF00005000420A0002000830290208200020978
:10DE000083031008200882000941092189020421A6
:10DE1000A19041208410858003A1A004411084803A
:10DE2000C0A04011081140008003800000111100C3
:10DE300083808000801184908340000000111100D5
:10DE4000000003030000001111009008020991A0D6
:10DE5000C180800204000000008083A100008908C6
:10DE60000000030000008000110003410080000852
:10DE70000000830080000000110083110480000472
:10DE800080888241000BD00042818241000BD0008B
:10DE900042000A00000B000042001100000B0000CD
:10DEA00000428100000B000012428150000BD000A4
:10DEB00041008181000BD00000000A00000BD0005F
:10DEC000060000000650000BD00041000060000B6F
:10DED000D00041000660000BD00000000660000B7F
:10DEE000D0000A000A00000BD00006000042000B20
:10DEF000D00000000660000BD00000000A00000BFC
:10DF0000D00000002F2C0000FFFF7F6F000030F6D4
:10DF100000F000FF0000003FFFFF19FFC0C3FFFF3C
:10DF2000003C000004082010440088003C3C3C3CBD
:10DF3000FFFF00003C3C00000F0F00003C3C0000D5
:10DF40000F0F000000003C3C00000F0F000000001D
:10DF500000001E1EFF66FF00FF000F0F00000F0FE6
:10DF600000000F0F00003C3C00003C3C0000FFFFA5
:10DF70000000FFFF00003C3C00003C3C0000FF00B4
:10DF800000000F0F000023200000FFFF3F0F0000E4
:10DF9000300600F000FF00000003FFFFFFFFC3C3D7
:10DFA000FFFF00C3000002014080004400883C3CA9
:10DFB0003C3C000000003C3C00000F0F00003C3CDB
:10DFC00000000F0F000000003C3C00000F0F00009D
:10DFD0003F3FFF7F1E1E9900FF00FF000F0F000054
:10DFE0000F0F00000F0F00003C3C00003C3C000005
:10DFF00000000000000000003C3C00003C3C000031
:10E00000FF0000000F0F00000000000000000000F3
:10E010000000000000000000000000000000000000
:10E0200000000000000000000000000000000000F0
:10E0300000000000000000000000000000000000E0
:10E0400000000000000000000000000000000000D0
:10E0500000000000000000000000000000000000C0
:10E0600000000000000000000000000000000000B0
:10E0700000000000000000000000000000000000A0
:10E0800000000000000000000000FCFFFEFF003C5C
:10E090003C3C00069898C404FFFFF0FCF6FE00002C
:10E0A00000040000FF00004100280000412808048F
:10E0B00010200000FFFF0000FFFF000000FF000035
:10E0C000FFFF0000F0F00000FFFF00000000FFFF76
:10E0D000FFFF0000003F003C06F63F3F0000FFFF4F
:10E0E00000003C3C0000F0F00000FFFF0000FFFFDC
:10E0F000000000FF0000F0F00000FFFF0000F0F063
:10E100000000F0F0000000FF0000FFFFFCFCFEFE3E
:10E11000003C343400060808C4040000003C667E5D
:10E12000000000000000FF0041002800412800001E
:10E13000010280400000000000000000000000FF1D
:10E14000000000000000F0F00000000000000000EF
:10E150000000FFFFFFFF003F003C06F630300000EC
:10E16000000000003C3C0000F0F000000000000057
:10E170000000000000FF0000F0F0000000000000C0
:10E18000F0F00000F0F0000000FF00000000A086AA
:10E1900050FCA3B00005A08650FCA3B0008501860A
:10E1A00002E003B5480006C700E003B50900008699
:10E1B00000E003B01000A2C651F4A3B44945A2C7C1
:10E1C000517CA3944945A2C751F0A3B4494500002E
:10E1D000A2C751F4A3B4414000860CFC00B2001069
:10E1E000A240519CA3044945A2C7517CA394494530
:10E1F000A2C751F0A3B44945A2C751FCA0B44945F8
:10E20000A2C7513CA3B44945A2415190A30449453A
:10E210007F7A75707D7D0CCF511028280031303108
:10E220000000282817000000AA3CAAAA000000004D
:10E23000BFBF3F3F03553F5540000000FF7EFF5AE0
:10E240000303FDFF02C3FFC3535300F00F0F5555E7
:10E2500000005555555500000000C0C0FFC000F03B
:10E26000AAFAF0FFAA3C0F0F3C3CD3D35050CC0F7E
:10E270000F0F0C000C000000000000000000000860
:10E28000000EAAAAAAAA000000003C3CF0F01E1E44
:10E29000AAFF2F2A252041410CCF51100000000178
:10E2A0003001F330000017000000AA3CAAAA800049
:10E2B00000003F3F3F3F03553F55000000007E7E7A
:10E2C0005A5A0303A8AA00C3FFC353530FFF00C346
:10E2D000141400005555555500000000EAEAFFEA05
:10E2E0003CFCBEFEF000AA3C00FF5555FFD3FF509A
:10E2F0000F0F0F0F0C0008000000000000000000CE
:10E300000008000EAAAAAAA600000000AAAAFF0000
:10E310001E1E0055FFFFFFF8FFFFFFFFAB03AA0023
:10E3200000133013FF00FF0000000243F03C000028
:10E330001F0010000000000128002800FFBE00BEE2
:10E34000000F828F0C0AF0007D7FFDFFFDFDFF00B6
:10E3500080C31414000000000000FFA0FFE314FFBE
:10E360001414F0F5F3F7AAFFF03C00FF0F0F0000C4
:10E370000000FFFF5703C0C0FF3C0000000000008A
:10E380000000AA2855D700000000000000003C3C17
:10E39000AAAA2D2DAAFFFFF8FFF83C7D3F7FAA0017
:10E3A000AA0000103010FF08FF00000000C3AA0000
:10E3B000000010001000000000010A000AAAFFBEC1
:10E3C00000BE000F000F0C0A00007D7FFDFF808063
:10E3D000000080C34300000000000000A0FFE3FF36
:10E3E000F4FFF4F40F5FCFDFAA00F03C55553C3C3E
:10E3F0000000000057035703C0C0FF3C00000000AE
:10E4000000000000AAEB551400000000000000000E
:10E41000F0F0FF002D2D00550440044004010404D9
:10E4200000000004030004040000040011A08400A4
:10E43000000800004111801020080408004000205E
:10E440000008001004080408000002100210004038
:10E45000000800C0000400200000000400A000200C
:10E46000000480080009041191A111900441840264
:10E47000009000C0001000081110001000100010E3
:10E4800000840008001021C0020841A00408040014
:10E49000008440C040092011C1210085048004206F
:10E4A000048000210090001020C004009100400072
:10E4B0000400000000080440040404040400900068
:10E4C00004800000008000210021000005040121DB
:10E4D0000090000000000080000000C000800400E8
:10E4E000008000802091000400042004000588C002
:10E4F000048000000010000000000000000800413F
:10E500000021C000001000002000010040000000B9
:10E5100040104000412101200104048400008020BB
:10E5200000000200000000010000000000000000E8
:10E5300000000000000000010000000000000001D9
:10E5400000080000000400010004000000000011A9
:10E5500000010001000400100000000000000000A5
:10E56000001100A108010002000800820000000064
:10E570000000000200000002009000000000009077
:10E58000008800100000000100830000001100C09E
:10E5900000200010002100000020100100040010E5
:10E5A000048000000100001100400008001000007D
:10E5B00000210010001000000040001000000010BA
:10E5C00000400409002000A1002000830010000882
:10E5D0000020002000200091000800100021000011
:10E5E00000100004000400040090008200210008D4
:10E5F00000080002000800100009000200210020AD
:10E6000000200040008200080020004000020010AE
:10E61000000500A100A100880010009000040090F7
:10E6200084A0090000409010001100842020040004
:10E630000000059000C000040020049004000004C5
:10E640000000048200A100400490050404C004C13D
:10E6500080832001008205041120040511A011040B
:10E6600000000500090800040300800880018500FF
:10E67000C00804A0090280C100900009000904C07C
:10E6800000C1800800C08021C08400000400002078
:10E6900004010420C010844190840404888500840F
:10E6A0002084210308038491041004201008898326
:10E6B00021080410041000210083208501108540EA
:10E6C00010821008111010408405041004850141C7
:10E6D00002202020000402080883008383840003B2
:10E6E00000A10000000504210085000508000404C5
:10E6F0000809049088000010400200080010002063
:10E700004111002008040020049004100009830037
:10E71000A0841020009009C1041005108480051009
:10E72000C005014111009000100010000001802080
:10E7300090008010200390011001410000000001B2
:10E740000400000010014100410000000000000032
:10E7500000000001000100080300000000040000A8
:10E7600000010500000010821000001000210800C8
:10E77000089004000800840000001100A00040215F
:10E78000040140004101410000004100050040003B
:10E790000000020020000001000000000000200036
:10E7A0008410C009902082002000000000000004B6
:10E7B0000882020420020004040400040000400057
:10E7C00000040041000000040021000500000004D6
:10E7D000000000050004400400004041000890A132
:10E7E000001100200041000000000009001000841A
:10E7F0000105010001411100050000000021020097
:10E8000000A00010000300100021000000400002E2
:10E810000005840910104011001000100041004054
:10E8200001002182402020914120000000101000B2
:10E83000009000200020000010004100000000C0F7
:10E8400000C02120080409000040212000000082AF
:10E8500000012001C110820102882004090500C1C5
:10E860000485804010A10989000009012001802150
:10E8700000210408080108040400000085040010B9
:10E8800000840008080209A00000000100A109C0DE
:10E89000C12041C04140410000A0800100C10020D2
:10E8A000008500088820410040A020882010001129
:10E8B0001011844084A1848840110000004100119F
:10E8C000880088404005C085840504C00090001081
:10E8D0000410040401042021200491080180008414
:10E8E00000040104204084048204000000040104A8
:10E8F000048484848541050201880509001002030F
:10E9000000418200A003C100C01040080020002088
:10E910000008088590000040000320000820002027
:10E9200000800010000305C0004101211090410447
:10E9300010050590024009000000419089A00220C6
:10E9400010A02088000405C021A0C0088084110008
:10E95000002100C12140001000030200000800C097
:10E9600004C090000410004000004010000040204F
:10E970008401048480400040041004004000002012
:10E9800000C0002000840010040240104020091044
:10E9900008880402001000024002020811C0108220
:10E9A00000A0008200100088200409880041002097
:10E9B00000008804000001000000000000002000AA
:10E9C0000000000000001090880500000400040012
:10E9D000000000840004000000000004010000109A
:10E9E00000000000200000410000000000000000C6
:10E9F0004080042000000408000005000100000021
:10EA00000000040000000000008040004080000082
:10EA100000800100000000800000000000000040B5
:10EA2000000000000000008800000080000000409E
:10EA30000003000920000080800308892080000076
:10EA400000830009020000800003000900000000AC
:10EA500000830989090000808303000888050000FD
:10EA6000890300000385058880830903008505412B
:10EA70000000808304A041C02180008840038400FE
:10EA800009054083820811080084C18380902120F9
:10EA90000011008380A0852010890003002111034C
:10EAA00002040080800091800080800390C00800F4
:10EAB0000000A089C009400400402003A10321A058
:10EAC0000090A00340910120000408010001100003
:10EAD00000009011A10540A00002890184011100ED
:10EAE000000008092088201000114089010800401A
:10EAF00000C1000088210104408801C0008388888B
:10EB0000C104012041890910418200C12183080903
:10EB1000010000000083824102890102000190008F
:10EB20002000000100822088402000022083919074
:10EB3000018200900211040009108903A090A00036
:10EB4000A0C009010200820021089109C0901000B4
:10EB5000A182C1090210200009C0858300100104B0
:10EB60000111010190A00804090509919001110803
:10EB70008889858500000201100089880900090044
:10EB8000108820008310008285C0898801910102CD
:10EB90000201890183012089C1888802830408A0B9
:10EBA0008800C1A089822091C001A000839010003C
:10EBB000100002A0C10280900000A180038900041F
:10EBC0000000008003058009000021000389000582
:10EBD00080002100038980820000210083890500D4
:10EBE00041801090030909210080210203090502D8
:10EBF000C18088908389000085028000C0A08303C3
:10EC00009011A1900303839000C1908088800340FD
:10EC10000400850882048311088241000980832052
:10EC20002010030021110321024008088200830202
:10EC300080098000808083020000080080090003B2
:10EC400000800800A109008300002080A1898003C2
:10EC50000000080021090003008083008009800370
:10EC6000030208030940C083090284008908408325
:10EC700003028088099000030000839080A082092D
:10EC80004083058080030905008500028041A0A122
:10EC900040030090808300A102830803892000A123
:10ECA0000083101104034121000300000080A00034
:10ECB0000080000080A00280808300028502400363
:10ECC0004089000882C004C14083000241C0A08581
:10ECD00002A10000000000019001000821022003B1
:10ECE0001003019100200110118300034002410331
:10ECF000050301892010854108890000100988401A
:10ED0000080301090420089020C0888208010241FC
:10ED100003042101000388888291218300900988DF
:10ED20000811A08301080040004010410088A0C0E5
:10ED3000C190A08200908888840402832140A04072
:10ED400004002140038909400200A08285000410CC
:10ED500008004088218941102000C005A1890510C4
:10ED6000400008C001400090000000001188418967
:10ED70000901100891408884A00120080000218921
:10ED8000058810008888828940C18401908203C070
:10ED900041110801A100830284000400C18883405E
:10EDA000890005001004832010A085011100821144
:10EDB0000241C0014004840188820800C00883C168
:10EDC0000000000010808383840080110000830015
:10EDD00000800000098003A08480000000A083C0A0
:10EDE0000480800080000980000040400000039102
:10EDF00004108808000003008800881080000000CC
:10EE000083820420C04083808088A1A00002058006
:10EE1000830384C00541080083800500A108108099
:10EE20008321104082008200838005008210C1008F
:10EE30008088809100020080800880808811000016
:10EE40001182000BD00000001182000BD0004200A4
:10EE50002184000BD00000002184000BD0000000B2
:10EE60001182000BD00041500081000BD000420005
:10EE70000660000BD00000001182000BD0004200A1
:10EE800000000660000BD00000008200000BD000E4
:10EE900000480A00000B000021000000000B0000E9
:10EEA00000000A00000B000042002100000B0000DF
:10EEB00000000A84000BD00000002184000BD00069
:10EEC000420000003C3C000000FF000000FF00008A
:10EED00000FF00003C3C000000FF000000FF0000BD
:10EEE00000FF000000FF000000FF5050FAFA000091
:10EEF0002D2800000AFA00003CAA0000FF0A0000CA
:10EF00003F300000000010BA000000F07D3C7D3C66
:10EF10000FFF00FFC0F3030C7C1081247450812488
:10EF20007C108124CF03300CFF0300CC7C108124A3
:10EF3000FC30030C00000000000000000F0F0F0F5A
:10EF400000000F0F00003C3C000000FF000000FF2D
:10EF5000000000FF00003C3C000000FF000000FF3C
:10EF6000000000FF000000FF000000FF0000AAAA50
:10EF700000002D28000000F000003C000000000A06
:10EF8000000030300000000010BA00000CFC283CEB
:10EF9000283C00F000FF00C3C0307C108124745076
:10EFA00081247C1081240F00C0030300CC007C105E
:10EFB00081243C00C03000000000000000000F0F62
:10EFC0000F0F00000F0FFF000000FF000000FF0008
:10EFD0000000FFFF0000FF000000FF000000FF0036
:10EFE0000000FF000000FF00000000FFFFFF00F036
:10EFF000000000F000008282000082820000003CDD
:10F00000000000F0000000000FAA00005500000002
:10F01000FFFF3CFF0A003F3C221108AEA0500AAFA0
:10F02000221108AE30C00C3F30C00C3F221108AE98
:10F0300033000CFF300CC3F300000000F7FF3E3C30
:10F04000FF000000FFFF0000FF000000FF000000C5
:10F05000FF00000000000000FF000000FF000000B3
:10F06000FF000000FF000000FF00000000FFFFFFA6
:10F07000AAAA00003CF00000B2B20000FF000000AD
:10F08000F03C00003CF00000000000AA00007D28D9
:10F090000000C30000000A00303C221108AE0A053F
:10F0A00000AA221108AE0C03003C0C03003C221104
:10F0B00008AE0033000CC00300C000000000FFFFDA
:10F0C0003C3CFF00000000000000C0C7C0FC33B0A3
:10F0D0004903C0C7C0FC33B04903C0C7C03C33902C
:10F0E0004903C0C7C0FC33B04903C0C7C0FC33B03C
:10F0F0004103C0C6C0FC30B04903C0C7C0FC33B038
:10F100004903C0C7C01C33A049030000C0C7C01CCE
:10F1100033804303A0005090A30800A506C7004019
:10F1200003A04900004100000000490000410080A8
:10F130000300490000C700E003B051000000008C4C
:10F1400003000010C2C6C13C33244943FFFEFEFE4B
:10F150003010301300005110C3FFE7FFFFFF30B243
:10F160007DFFFDFFFFFFFFFF000000002A2A0500D2
:10F170000000000000000000410F00FFDFCFD7C3F8
:10F1800000C1C0C1FF20FF00FFFFF3FF0000F8D85F
:10F19000F0D040007C3CB2B2FFC355550F0FFFFFCB
:10F1A00000000F0F0F0FF0FF3CFF003CE7DBAAF061
:10F1B000FF3CF5F50CFCAA54FFFE02080104EB2805
:10F1C000F3F37D7D0CCFFFFF2830F0F00F4FFFFCF5
:10F1D000FCFC0010001300005110C3FFFFFFFFFFF5
:10F1E00000003CFF3CFFFEFCFAF000000000202085
:10F1F0000500FFFFF7DF00000000410F00005F0F78
:10F2000055000001C0015520FF00FFFFF3FF000083
:10F21000F8D8F0D040007C3CB2B23C003C3C00FF4F
:10F22000FFFE0000AF0FAF0FF0FF3CFF003CDBE73D
:10F23000AAF0003C05050CFC005455FE802040104F
:10F24000EB28303041410CCFFFFF280000010001C6
:10F250008200820008088A8A0182010010031033AC
:10F26000FFFCFFFC0C5DFFFF000000007D030000C1
:10F27000FEBEFC3C31000100000000000000000068
:10F2800020000000FF75FF30F3F3000004C304FF0B
:10F290000000BC9C3C1C00AA00FFAA3CF0FF0F0F22
:10F2A00055557C3C3C3C0F0F0F0FAAAAFF00000FE6
:10F2B000F5F5FCFCAFA00F3C55FF000000003FFF40
:10F2C00000FFAA3CF0FF0F0F00FFF0F0F0FA000083
:10F2D00000019292101000410041008200001000D5
:10F2E0001030FFFEFFFC0C5DFFFF0000000041033B
:10F2F0000000FAAAF000300000000000000000004A
:10F3000000000000000075753030F3F3002804C3DE
:10F3100004FF00003C3C3C3C10AA10FFAA3CF0005B
:10F3200000FF3C3C3C3C3C3C00FF00FF0000FFFF7A
:10F33000000FF5F50C0CAFA00F3C550000000000CD
:10F340003FFF00FFAA3CF00055553C3CF0F4F0FEB6
:10F3500000000000049004A0040004084000000025
:10F36000400011081100000000900000040000900F
:10F370000000000800080008209000C004902084CD
:10F38000040000100488002000900084000000A009
:10F390002108000000000000001004900010000090
:10F3A000000011A000100408002000A02108201077
:10F3B00000000410212000A0000004A00010008420
:10F3C000409004A000A020C0000000A021100090E8
:10F3D0000010040000A0C000000000000000A00514
:10F3E00000000009000000020000000000004000D2
:10F3F000A00000000000001100000010000000103C
:10F4000000100005001000110002000000000000C4
:10F4100020000000000000000000001004080000B0
:10F4200000000000001000000000000000000000CC
:10F43000A00000200000000000209000C01000008C
:10F440000000001000100004400020000000000830
:10F45000000000080011000500000000000000008E
:10F46000000000000000000000000000000000009C
:10F47000000000000010000000000000000000007C
:10F4800000200000000000900000000000000002CA
:10F49000000000000000000000000000000000006C
:10F4A000000000000000000000100000000000004C
:10F4B00000000000000000A000000000009000001C
:10F4C00000000000002000020020000800000010E2
:10F4D000000000000000000000000000001100100B
:10F4E000001000000000900000000010000000105C
:10F4F000001000100010001100100000001000109B
:10F500000821000000000021000800080011001080
:10F51000000800050010001100210000001100107B
:10F520000021000800200021001100080011001136
:10F530000010001100110010000300080011000865
:10F54000001100030003000300110010001000115F
:10F550000011001000090002000900080500041055
:10F5600003004182038209004110050005000510D7
:10F570000900050005A040004100400005100510ED
:10F58000050004C00500000840080010208420C0C9
:10F5900005104184000000820484040000000084FF
:10F5A00009000410038400A0200804C005C0001056
:10F5B00040C0400809A000400008000800100008F2
:10F5C000008400C00000000800A000A0000000C0EF
:10F5D00000A0000800A0002000A000A000108400EF
:10F5E0000021840300000005000004000020004109
:10F5F00010031040000800411005100500411005DF
:10F6000000050003000300028411842184100041DE
:10F6100000100021004100050021840200080000C4
:10F620000241000802210011000800000000000053
:10F6300020210000002100100008000800038800BD
:10F6400090108400840200020003000200040021E4
:10F65000000200100021000500050003000800035F
:10F66000200000000000000000000000200000005A
:10F6700000000200000005000000000009820900EF
:10F68000000000000000099040C0000020000010B1
:10F69000000000880484000000C000004100000059
:10F6A00000000000000040000000000000200000FA
:10F6B00000200000051000000000000009A000006C
:10F6C00000000000000000840000008400001082A0
:10F6D00000001120020002001000400000000000A5
:10F6E00040000000000000000000000800000004CE
:10F6F00000000000000500000000000000000008FD
:10F7000000000000000000000000000000000020D9
:10F7100000090000000000000000000000000000E0
:10F720000000000000000041001100000000001077
:10F730000000000000000008000000000000400081
:10F7400000100000000200000000000000000000A7
:10F7500000000000000000000000000000090000A0
:10F760000000000000004100000000080000000050
:10F770000000001000000000000000000000000079
:10F78000000000840000000000A000C00000000095
:10F7900000820000000000000000001010100000B7
:10F7A00000A0001000000010000000020010101067
:10F7B00000C01000000800C003A04182000000C08B
:10F7C0000000000000820000000000000084000033
:10F7D00000840000000000000000000200C01000D3
:10F7E0000000002000820041C00800210421002008
:10F7F0008403001008210005000084104005000368
:10F800000021842184210009C0020005C0000021DC
:10F81000000500101010900300212008400302088A
:10F82000401140210403000000088410C0000211B0
:10F8300084050205402190058405000500020400AE
:10F8400002050000002100218421A00040100003D7
:10F8500090410008000884410021000300000003DB
:10F8600000000020C0001021000011900040110095
:10F870000400100404822002040000000200094079
:10F8800009001100110000004008100810841088C1
:10F89000000000000402000000100000049000A01E
:10F8A000000011C0001000C000001100008400889A
:10F8B000090009001000000400000090000000088A
:10F8C000030009020384200200020000001000A0CF
:10F8D00020020088000000200020000000080084B2
:10F8E000000240100082201004040000000000000C
:10F8F0000000000002000000000000000000040002
:10F9000000000000000000000000020900000000EC
:10F9100000000000000020000000000000000000C7
:10F9200000410000000040000000000088000400CA
:10F9300000000000000000000008000000000000BF
:10F940000000040000000000000040000000000073
:10F950000000002100000000000000030000000083
:10F960000000000000000000000000000000000097
:10F970000000000000000000000000000000000087
:10F980000000000000000000000000000000000077
:10F990000000000000000000000000000000000067
:10F9A0000000000000000000000000000000000057
:10F9B0000000000000000000000000000000000047
:10F9C0000000000000000000000000000000000037
:10F9D0000000000000000000000000000000000027
:10F9E0000000000000000000000000000000000017
:10F9F0000000000000000000000000000000000007
:10FA000000000000000000000000000000000000F6
:10FA100000000000000000000000000000000000E6
:10FA200000000000000000000000000000000000D6
:10FA300000000000000000000000000000000000C6
:10FA400000000000000000000000000000000000B6
:10FA500000000000000000000000000000000000A6
:10FA60000000000000000000000000000000000096
:10FA70000000000000000000000000000000000086
:10FA80000000000000000000000000000000000076
:10FA900000000000000000000000000000000090D6
:10FAA0000000000000000000000000000000000056
:10FAB00000000000000000000088000000000000BE
:10FAC0000000000000000000000001000000000035
:10FAD00000A0000000000000000000000000000086
:10FAE0000000000000000000000000000000000016
:10FAF0000000000000000000000000000000000006
:10FB000000000000000000000000000000000000F5
:10FB100000000000000000000000110000000000D4
:10FB200000000000000000000000000000000000D5
:10FB30000000000041000000000000000000000084
:10FB40000000000000000000000000004000000075
:10FB500000000000000000000000000000000000A5
:10FB60000000000000000000000000000000000095
:10FB70000000000000000000000000000000000085
:10FB80000000000000000000000000000000000075
:10FB90000000000000000000000000000000000065
:10FBA0000000000000000000000000000000000055
:10FBB0000000000000000000000000000000000045
:10FBC0000000000000000000000000000000000035
:10FBD0000000000000000000000000000000000025
:10FBE0000000000000000000000000000000000015
:10FBF0000000000000000000000000000000000005
:10FC000000000000000000000000000000000000F4
:10FC100000000000000000000000000000000000E4
:10FC200000000000000000000000000000000000D4
:10FC300000000000000000000000000000000000C4
:10FC400000000000000000000000000000000000B4
:10FC500000000000000000000000000000000000A4
:10FC60000000000000000000000000000000000094
:10FC70000000000000000000000000000000000084
:10FC80000000000000000000000000000000000074
:10FC90000000000000000000000000000000000064
:10FCA0000000000000000000000000000000000054
:10FCB0000000000000000000000000000000000044
:10FCC0000000000000000000000000000000000034
:10FCD0000000000000000000000000000000000024
:10FCE0000000000000000000000000000000000014
:10FCF0000000000000000000000000000000000004
:10FD000000000000000000000000000000000000F3
:10FD100000000000000000000000000000000000E3
:10FD200000000000000000000000000000000000D3
:10FD300000000000000000000000000000000000C3
:10FD400000000000000000000000000000000000B3
:10FD500000000000000000000000000000000000A3
:10FD60000000000000000000000000000000000093
:10FD70000000000000000000000000000000000083
:10FD80000000000000000000000000000000000073
:10FD90000000000000000000000000000000000063
:10FDA0000000000000000000000000000000000053
:10FDB0000000000000000000000000000000000043
:10FDC0000000000000000000000000000000000033
:10FDD0000000000000000000000000000000000023
:10FDE0000000000000000000000000000000000013
:10FDF0000000000000000000000000000000000003
:10FE000000000000000000000000000000000000F2
:10FE100000000000000000000000000000000000E2
:10FE200000000000000000000000000000000000D2
:10FE300000000000000000000000000000000000C2
:10FE400000000000000000000000000000000000B2
:10FE500000000000000000000000000000000000A2
:10FE60000000000000000000000000000000000092
:10FE70000000000000000000000000000000000082
:10FE80000000000000000000000000000000000072
:10FE90000000000000000000000000000000000062
:10FEA0000000000000000000000000000000000052
:10FEB0000000000000000000000000000000000042
:10FEC0000000000000000000000000000000000032
:10FED0000000000000000000000000000000000022
:10FEE0000000000000000000000000000000000012
:10FEF0000000000000000000000000000000000002
:10FF000000000000000000000000000000000000F1
:10FF100000000000000000000000000000000000E1
:10FF200000000000000000000000000000000000D1
:10FF300000000000000000000000000000000000C1
:10FF400000000000000000000000000000000000B1
:10FF500000000000000000000000000000000000A1
:10FF60000000000000000000000000000000000091
:10FF70000000000000000000000000000000000081
:10FF80000000000000000000000000000000000071
:10FF90000000000000000000000000000000000061
:10FFA0000000000000000000000000000000000051
:10FFB0000000000000000000000000000000000041
:10FFC0000000000000000000000000000000000031
:10FFD0000000000000000000000000000000000021
:10FFE0000000000000000000000000000000000011
:10FFF0000000000000000000000000000000000001
:020000040002F8
:1000000000000000000000000000000000000000F0
:1000100000000000000000000000000000000000E0
:1000200000000000000000000000000000000000D0
:1000300000000000000000000000000000000000C0
:1000400000000000000000000000000000000000B0
:1000500000000000000000000000000000000000A0
:100060000000000000000000000000000000000090
:100070000000000000000000000000000000000080
:100080000000000000000000000000000000000070
:100090000000000000000000000000000000000060
:1000A0000000000000000000000000000000000050
:1000B0000000000000000000000000000000000040
:1000C0000000000000000000000000000000000030
:1000D0000000000000000000000000000000000020
:1000E0000000000000000000000000000000000010
:1000F0000000000000000000000000000000000000
:1001000000000000000000000000000000000000EF
:1001100000000000000000000000000000000000DF
:1001200000000000000000000000000000000000CF
:10013000000000000020000001000000000000009E
:10014000000000000000000000000000000000208F
:10015000000001000000000000000000000000009E
:10016000000000000000002000000100000000006E
:10017000000000000000000000000000000000007F
:10018000000000000000000000000000000000006F
:10019000000000000000000000000000000000005F
:1001A000000000000000000000000000000000004F
:1001B00000000000004000000000020000000000FD
:1001C00000000000000000000000000000000040EF
:1001D000000000000200000000000000000000001D
:1001E00000000000000000400000000002000000CD
:1001F00000000000000000000000000000000000FF
:1002000000000000000000000000000000000000EE
:1002100000000000000000000000000000000000DE
:1002200000000000000000000000000000000000CE
:1002300000000000000000000000090000000000B5
:1002400000000000000000000000000000000000AE
:100250000000000009000000000000000000000095
:100260000000000000000000000000000900000085
:10027000000000000000000000000000000000007E
:10028000000000000000000000000000000000006E
:10029000FFFFFFFFFFFFFFFFFFFFFFFFFFFFFFFF6E
:1002A000FFFFFFFFFFFFFFFFFFFFFFFFFFFFFFFF5E
:1002B000FFFFFFFFFFFFFFFFFFFFFFFFFFFFFFFF4E
:1002C000FFFFFFFFFFFFFFFFFFFFFFFFFFFFFFFF3E
:1002D000FFFFFFFFFFFFFFFFFFFFFFFFFFFFFFFF2E
:1002E000FFFFFFFFFFFFFFFFFFFFFFFFFFFFFFFF1E
:1002F000FFFFFFFFFFFFFFFFFFFFFFFFFFFFFFFF0E
:10030000FFFFFFFFFFFFFFFFFFFFFFFFFFFFFFFFFD
:10031000FFFFFFFFFFFFFFFFFFFFFFFFFFFFFFFFED
:10032000FFFFFFFFFFFFFFFFFFFFFFFFFFFFFFFFDD
:10033000FFFFFFFFFFFFFFFFFFFFFFFFFFFFFFFFCD
:10034000FFFFFFFFFFFFFFFFFFFFFFFFFFFFFFFFBD
:10035000FFFFFFFFFFFFFFFFFFFFFFFFFFFFFFFFAD
:10036000FFFFFFFFFFFFFFFFFFFFFFFFFFFFFFFF9D
:10037000FFFFFFFFFFFFFFFFFFFFFFFFFFFFFFFF8D
:10038000FFFFFFFFFFFFFFFFFFFFFFFFFFFFFFFF7D
:10039000FFFFFFFF00000000000000000000000061
:1003A000000000000000000000000000000000004D
:1003B000000000000000000000000000000000003D
:1003C000000000000000000000000000000000002D
:1003D00000000000000000000000000040000000DD
:1003E000000000000000000000000000000000000D
:1003F00000000000000000000000000000000000FD
:1004000000000000000000000000000000000000EC
:1004100000000000000000000000000000000000DC
:1004200000000000000000000000000000000000CC
:1004300000000000000000000000000000000000BC
:1004400000000000000000000000000000000000AC
:10045000000000000000000000410000004100001A
:10046000000000000000000000000000000000008C
:10047000000000000000000000000000000000007C
:10048000000000000000000000000000000000006C
:10049000000000000000000000000000000000005C
:1004A000000000000000000000000000000000004C
:1004B000000000000000000000000000000000003C
:1004C000000000000000000000000000000000002C
:1004D000000000000000000000000000000000001C
:1004E000000000000000000000000000000000000C
:1004F00000000000000000000000000000000000FC
:1005000000000000000000000000000000000000EB
:1005100000000000000000000000000000000000DB
:1005200000002500000000000000000000000000A6
:1005300000000000000000000000000000000000BB
:1005400000000000000000000000000000000000AB
:100550000000000400000000000000000000000097
:10056000000000000000000000000000000000008B
:10057000000000000000000000000000000000007B
:10058000000000000000000000000000000000006B
:10059000000000000000000000000000000000005B
:1005A000000000000000000000000000000000004B
:1005B000000000000000000000000000000000003B
:1005C000000000000000000000000000000000002B
:1005D000000000000000000000000000000000001B
:1005E0000000000000000500000000000000000006
:1005F00008000000000000000000000000000000F3
:1006000000000000000000000000000000000000EA
:1006100000000000000000000800000000000000D2
:1006200000000000000000000000000000000000CA
:1006300000000000000000000000000000000000BA
:1006400000000000000000000000000000000000AA
:10065000000000000000000000000000000000009A
:10066000000000000000000000000000000000008A
:10067000000000000000000000000000000000007A
:10068000000000000000000000000000000000006A
:100690000000000000000000000008000000000052
:1006A000000000000000000000000000000000004A
:1006B000000000000000000000000000000000003A
:1006C000000000000000000000000000000000002A
:1006D000000000000000000000000000000000001A
:1006E00000000000000000000000000000000040CA
:1006F0000000000000000000000000880000000072
:1007000000000000000000000000000000000000E9
:100710000000000000000000000000000040008811
:1007200000000000000000000000000000000000C9
:1007300000000000000000100000000000000000A9
:10074000000000410000004100000000000000091E
:100750000010000000200040001000000000000019
:100760000000000000000000000000200000000960
:1007700000000009000000000020004100000021EE
:1007800000000000000000000000004100410009DE
:100790000000000040000000000000000000000019
:1007A0000000000000000000000000000000000049
:1007B0000010000000000000000000000002000027
:1007C0000000000000000000000000000000001019
:1007D00000000000000000004010000000000000C9
:1007E0000000000000000000000000000000000009
:1007F00000000000000000000000000000000002F7
:1008000000020000000000000000000000000000E6
:100810000090000000000000000000000000000048
:1008200000000000000000000000000000000000C8
:1008300000000000000000000000000000000000B8
:1008400000000000000000000000000000000000A8
:100850000000000000000000000000000000000098
:100860000000000000000000000000000000000088
:100870000000000000000000000000000000000078
:100880000000000000000000000000000000000068
:100890000000000000000000000000000000000058
:1008A0000000000000000000001000000010000028
:1008B000008400A000C00000000000000000000054
:1008C0000000000000000000000000000000000028
:1008D0000000000000000000000000000000000018
:1008E0000000000000000000000000A000A00000C8
:1008F00000000000000000A000000000000000C098
:1009000000000000000000000000000000000000E7
:1009100000000000000000000002000010000000C5
:100920000000001000000020000000000000000097
:100930000000000000000041002100000000000055
:100940000000000000050021002100000000000060
:100950000000000000000000000000000000000097
:100960000000000000100800082100000000000046
:100970000000000000000000000000000000A000D7
:100980000000080000008200000000000000A0003D
:10099000000000001000000000000000A0000000A7
:1009A00000100000A0008200000000000000000015
:1009B0000000000000000000000000000000001027
:1009C0000000000000000000000000C00000000067
:1009D0000002000000000000000000000000000015
:1009E0000000000000000000000000000000000007
:1009F00000000000000000040000000000000000F3
:100A000000402000000000000090002000000000D6
:100A100000000000000000000000002000000000B6
:100A20002000040040000000000000000000000062
:100A300000000000000000000000000000000000B6
:100A400000000000000000000000000000000000A6
:100A50000000000000000000000000000000000096
:100A60000000000000000000000000000000000086
:100A70000000000000000000000000000000000076
:100A80000000000000000000000000000000000066
:100A90000000000000000000000000000000000056
:100AA0000000000000000000000000000000000046
:100AB0000000000000000000000000000000000036
:100AC0000000001000000010000000000000000006
:100AD0000000000000840010000000000000000082
:100AE0000000000000000000000000000000000006
:100AF00000000000000000000010008400840000DE
:100B000000000000000000C0000000000000000025
:100B100000000000000000000000000000000000D5
:100B200000000000000000000000000000000000C5
:100B300000000000000000000000000000000000B5
:100B40000010004100100000000000000000000044
:100B50000000000000000000000000000000000095
:100B600000000000A00000000000000000000000E5
:100B7000000000000000004100000000A010001074
:100B800000410000000008000000004100000000DB
:100B90000000A02000000000000000410000000054
:100BA00000000000000000050000A000824100419C
:100BB0008202A041000000000000000000000000D0
:100BC0000000000000000000000000000000000025
:100BD0000000000000000000000000000000000015
:100BE0000000000000000000000000000000000005
:100BF00000000000000000000000000000000000F5
:100C000000000000000000000000000000000000E4
:100C100000000000000000000000000000000000D4
:100C200000000000000000000000000000000000C4
:100C300000000000000000000000000000000000B4
:100C400000000000000000000000000000000000A4
:100C50000000000000000000000000000000000094
:100C60000000000000000000000000000000000084
:100C70000000000000000000000000000000000074
:100C80000000000000000000000000000000000064
:100C90000000000000000000000000000000000054
:100CA0000000000000000000000000000000000044
:100CB0000000000000000000000000000000000034
:100CC0000000000000000000000000000000000024
:100CD0000000000000000000000000000000000014
:100CE0000000000000000000000000000000000004
:100CF00000000000000000000000000000000000F4
:100D000000000000000000000000000000000000E3
:100D100000000000000000000000000000000000D3
:100D200000000000000000000000000000000000C3
:100D300000000000000000000000000000000000B3
:100D400000000000000000000000000000000000A3
:100D50000000000000000000000000000000000093
:100D60000000000000000000000000000000000083
:100D70000000000000000000000000000000000073
:100D80000000000000000000000000000000000063
:100D90000000000000000000000000000000000053
:100DA0000000000000000000000000000000000043
:100DB0000000000000000000000000000000000033
:100DC0000000000000000000000000000000000023
:100DD0000000000000000000000000000000000013
:100DE0000000000000000000000000000000000003
:100DF00000000000000000000000000000000000F3
:100E000000000000000000000000000000000000E2
:100E100000000000000000000000000000000000D2
:100E200000000000000000000000000000000000C2
:100E300000000000000000000000000000000000B2
:100E400000000000000000000000000000000000A2
:100E50000000000000000000000000000000000092
:100E60000000000000000000000000000000000082
:100E70000000000000000000000000000000000072
:100E80000000000000000000000000000000000062
:100E90000000000000000000000000000000000052
:100EA0000000000000000000000000000000000042
:100EB0000000000000000000000000000000000032
:100EC0000000000000000000000000000000000022
:100ED0000000000000000000000000000000000012
:100EE0000000000000000000000000000000000002
:100EF00000000000000000000000000000000000F2
:100F000000000000000000000000000000000000E1
:100F100000000000000000000000000000000000D1
:100F200000000000000000000000000000000000C1
:100F300000000000000000000000000000000000B1
:100F400000000000000000000000000000000000A1
:100F50000000000000000000000000000000000091
:100F60000000000000000000000000000000000081
:100F70000000000000000000000000000000000071
:100F80000000000000000000000000000000000061
:100F90000000000000000000000000000000000051
:100FA0000000000000000000000000000000000041
:100FB0000000000000000000000000000000000031
:100FC0000000000000000000000000000000000021
:100FD0000000000000000000000000000000000011
:100FE0000000000000000000000000000000000001
:100FF00000000000000000000000000000000000F1
:1010000000000000000000000000000000000000E0
:1010100000000000000000000000000000000000D0
:1010200000000000000000000000000000000000C0
:1010300000000000000000000000000000000000B0
:1010400000000000000000000000000000000000A0
:101050000000000000000000000000000000000090
:101060000000000000000000000000000000000080
:101070000000000000000000000000000000000070
:101080000000000000000000000000000000000060
:101090000000000000000000000000000000000050
:1010A0000000000000000000000000000000000040
:1010B0000000000000000000000000000000000030
:1010C0000000000000000000000000000000000020
:1010D0000000000000000000000000000000000010
:1010E0000000000000000000000000000000000000
:1010F00000000000000000000000000000000000F0
:1011000000000000000000000000000000000000DF
:1011100000000000000000000000000000000000CF
:1011200000000000000000000000000000000000BF
:1011300000000000000000000000000000000000AF
:10114000000000000000000000000000000000009F
:10115000000000000000000000000000000000008F
:10116000000000000000000000000000000000007F
:10117000000000000000000000000000000000006F
:10118000000000000000000000000000000000005F
:10119000000000000000000000000000000000004F
:1011A000000000000000000000000000000000003F
:1011B000000000000000000000000000000000002F
:1011C000000000000000000000000000000000001F
:1011D000000000000000000000000000000000000F
:1011E00000000000000000000000000000000000FF
:1011F00000000000000000000000000000000000EF
:1012000000000000000000000000000000000000DE
:1012100000000000000000000000000000000000CE
:1012200000000000000000000000000000000000BE
:1012300000000000000000000000000000000000AE
:10124000000000000000000000000000000000009E
:10125000000000000000000000000000000000008E
:10126000000000000000000000000000000000007E
:10127000000000000000000000000000000000006E
:10128000000000000000000000000000000000005E
:10129000000000000000000000000000000000004E
:1012A000000000000000000000000000000000003E
:1012B000000000000000000000000000000000002E
:1012C000000000000000000000000000000000001E
:1012D000000000000000000000000000000000000E
:1012E00000000000000000000000000000000000FE
:1012F00000000000000000000000000000000000EE
:1013000000000000000000000000000000000000DD
:1013100000000000000000000000000000000000CD
:1013200000000000000000000000000000000000BD
:1013300000000000000000000000000000000000AD
:10134000000000000000000000000000000000009D
:10135000000000000000000000000000000000008D
:10136000000000000000000000000000000000007D
:10137000000000000000000000000000000000006D
:10138000000000000000000000000000000000005D
:10139000000000000000000000000000000000004D
:1013A000000000000000000000000000000000003D
:1013B000000000000000000000000000000000002D
:1013C000000000000000000000000000000000001D
:1013D000000000000000000000000000000000000D
:1013E00000000000000000000000000000000000FD
:1013F00000000000000000000000000000000000ED
:1014000000000000000000000000000000000000DC
:1014100000000000000000000000000000000000CC
:1014200000000000000000000000000000000000BC
:1014300000000000000000000000000000000000AC
:10144000000000000000000000000000000000009C
:10145000000000000000000000000000000000008C
:10146000000000000000000000000000000000007C
:10147000000000000000000000000000000000006C
:10148000000000000000000000000000000000005C
:10149000000000000000000000000000000000004C
:1014A000000000000000000000000000000000003C
:1014B000000000000000000000000000000000002C
:1014C000000000000000000000000000000000001C
:1014D000000000000000000000000000000000000C
:1014E00000000000000000000000000000000300F9
:1014F00000000000000000000900000000000900DA
:10150000080000000000080000002000200000008B
:10151000100000000000110000000400040004009E
:101520000000000003001100110005000200080087
:10153000000008000000000000000400000004009B
:101540000000000000000000000004001100000086
:101550000400000000000000000000000000000087
:10156000000000000000000000000000000000007B
:10157000000000000000000000000000000000006B
:101580000000010000000000010000000100010057
:101590000000000000000000000000C00100010089
:1015A000010000000000000000000000000000003A
:1015B00000000000000000410000000000000000EA
:1015C000000000000000000000000000011000000A
:1015D00000000100000000000000000000210001E8
:1015E000002000200000000000000000002000207B
:1015F0000020002000200000000000000800000083
:1016000000000800000000008400000080000001CD
:101610000020000100008000000084000000800025
:1016200000108010880020202020200020200000B2
:1016300000000000000000010000002000880021E0
:1016400020010041002100050021000100200000D0
:101650002000200020000000000080110000009009
:1016600000100080008000000000002000000080CA
:10167000009000800090008000200010001000000A
:1016800000000000000000210010090000202021BF
:101690000020009000209000200000214110000058
:1016A0002010000020000410019001C101100180F1
:1016B000000004000021000000200010088000103D
:1016C000008483200004008400A000840020009097
:1016D00000000100010001108200001008900010BD
:1016E00000000000009100100084008800C000206D
:1016F00000400002000000000084002000020020E2
:1017000000200020002000200002800000000000D7
:1017100000000000000000000010001000C00000E9
:101720000000800200200000000000020010000401
:1017300000400040000000000000004080030088DE
:10174000080300100010002000840090000000003A
:10175000001100900000001000840084000120406F
:1017600000020000000000100080000000000000E7
:101770000000000000000000000000000080008069
:101780000000008000800080008000100400001035
:101790000000000000000000000000000000000049
:1017A0000000000020000000000000000000020017
:1017B0000000000000000000000002000000200403
:1017C0000000002000000000008000004000000039
:1017D0000000A004401000000000400000000004D1
:1017E00000000000400040018000400040008400F4
:1017F0008400040000000000000000000000000061
:1018000000000000000000000000000004000000D4
:10181000000004000001400808001004C00040005F
:101820002000200000000000C1000000000000C0F7
:10183000000003C0008421002101A0002000080056
:10184000000100000000000010400000001000A097
:101850000000008210000000000004840000918459
:1018600005A0880010400100012040000100010592
:101870004100410001100010C00300038400000576
:101880000000000000000000000000000000010057
:1018900000000000010000200180000000804100E5
:1018A00001000100010000000000200000210000F4
:1018B0001000C00500090010000500040900A10582
:1018C0000005002000100005004100008400A00574
:1018D000C010001000000010100084050921000550
:1018E00002000009091091A1000203000000090094
:1018F0000400004000400040000000C00088034099
:10190000044000000400042004000000040004005F
:101910000000000000004000000000000000040083
:10192000000000000000000400000000002011047E
:101930002004040004002020021004A000840040C1
:101940000010052000040540040841A00300000029
:101950000302008410000385031000C0100205007C
:1019600020C000022002104020840000000000007F
:101970000000010000000000000000000000000066
:1019800000000100000001000180010000000100D2
:101990000100000000000000000000000000000046
:1019A0000000000000000000000000000000000037
:1019B00000000000000001000080000001000000A5
:1019C0000080000000000000001000800000000007
:1019D0000000000000000000000400000000000003
:1019E00000000000000000000100010000000300F2
:1019F000000000001111801080A0C00000A180A094
:101A0000821002A10002040200200002000204026F
:101A100000020002000208020002000200000000B2
:101A200000000000008440840300000000001084D7
:101A300000000000100100000000032010902100B1
:101A400083000800000110A000402004100041C0E5
:101A50000800410000840084210210840310030464
:101A600004840000008420844000A0844001000021
:101A70000000000082000020040504000500C002F0
:101A800040414100C102C080018084808480008088
:101A900001800080008000800185008000800000BF
:101AA000000000000000A000A10082000000000073
:101AB0000041A0004000A004000590410085901066
:101AC00000212021102184040000A041C1910021A7
:101AD0000041004100058405000000408441A02130
:101AE00008850900100008101110091109004002B2
:101AF000000300000000000000030011C00000000F
:101B00000003000090040000000308828880008029
:101B1000008300209100000000030020000000006E
:101B200000050811800900411103000982401010CE
:101B300000008091000900200082008200890002DC
:101B400000090888800840200504021190A00809B7
:101B500021219010828208102102110800820821A0
:101B6000404011080011001008098980C080110050
:101B70000800000100082000000000C19088A1C0FA
:101B80000040000188000300000000019010C01018
:101B900000101011848508000004000100114000AD
:101BA000000000010100200000011101880109006E
:101BB000000000008810008500090040008900C175
:101BC000001000A00083088811A101C0918882093B
:101BD00003100141080208101108014040838409E4
:101BE00000410011900000000400010002821084F6
:101BF000008201400090000090080100C0018810A0
:101C0000C000019188A00810040211009000080093
:101C10000800119010001000830005100010100043
:101C200001040100009001000020000001000000FC
:101C300000A0010100000500A10088020801880041
:101C40001000041005001000820005881085A00017
:101C5000030083080810020111C0910090C0A00089
:101C6000A040898940900140018400090000C00023
:101C70001101100003C000004000000003000040FC
:101C800008800000030800008080008083000000BE
:101C900080000000830080108000400003800080EE
:101CA0008000400003000900081009090910020023
:101CB0001000118003090000020041009100890911
:101CC000110091000400090988080800200088918B
:101CD00008408800418004801010108041021108E3
:101CE00009040900084040081080400010880300E3
:101CF00000110840050083850008108000000803DB
:101D000000000000001100030000081100000003A3
:101D1000000000800082000300C08000000000037B
:101D200000400480000000030500100004000300D0
:101D3000101000840089110300000002008902894C
:101D4000808900890002098480824088000920205F
:101D50000384090900A080401105110300020089D5
:101D600088024040108921400908401009400502BE
:101D7000400800910040A1090090000101100000FE
:101D80002101008800A040000011004000400040F8
:101D9000204100000808901000110011829090006E
:101DA000000500010008000004010400010000001B
:101DB0002100009000C1001189410000008300C093
:101DC000001188080010008501A088C00102008968
:101DD00083890110000488091009084100A084C00B
:101DE00004A00891001009088340040801010001C3
:101DF00000010401A0408801911002A001004000F0
:101E0000010000008941C000000010100100000026
:101E10000000000809400900100010101101000026
:101E200005009000010010000100000000000141C9
:101E30000000000000100011000000000000100071
:101E4000880040000300A1C004100800C00082C048
:101E5000829084000010900104410800409088881E
:101E600010400800C04088408800C00104900188EC
:101E70000011010001000800080504848821030006
:101E80000000080000000310000000000000031123
:101E900000000011008083004000800200008310D9
:101EA000000040000000030000004000000011009E
:101EB0004020001109000080001100100000000007
:101EC00091008400830010000900040089000500CF
:101ED0008002001180040080000300C10010800017
:101EE00002409090C010110011111108400208002A
:101EF00008001104411020000004001000890010A7
:101F00000000000B000000008100000B000000003A
:101F10000000000B000000008100000B000000002A
:101F20008200000B000082000000000B0000000097
:101F30000000000BD00000600000000BD00000008B
:101F400000000000000BD00000000000000BD000DB
:101F500000000000000BD00000828200000BD000C7
:101F600082001100000BD00000002184000BD00083
:101F700000000084000BD00000000000000BD00027
:101F80000000F0F0FFFFC3C3FFFF0000FFFF00FFF2
:101F9000FFFF0000FFFFF0F0FFFF00FFFFFF00FF6B
:101FA000FFFFF0F0FFFFC3C3FFFFF0F0FFFFC3C36D
:101FB000FFFF663C003C00000000000000000F0F27
:101FC0004E4E000000000F3C0000CF0C00FC000C47
:101FD000003F0003000000002F0B6F09000000000D
:101FE000FF07F800FFFF6E0CFF6EFF0CEF8FFF8FF7
:101FF000FF9FFF3FFF64FFE7FFFF9F3F00000000E0
:10200000AA5555AAF0F0FFFFC3C3FFFFFFFFFFFF74
:1020100000FFFFFFFFFFFFFFF0F0FFFF00FFFFFFEC
:1020200000FFFFFFF0F0FFFFC3C3FFFFF0F0FFFF73
:10203000C3C3FFFF663C003C00000000000000003E
:10204000FF004E4E000000000F3C0000CF0C00FCD3
:10205000000C003F0003000000000B0B090900000A
:102060000000F800F8006E0C6E0C6E6E0C0C6F0F1A
:102070007F0FFF00FF30FF64FF24FFFF00300000F0
:10208000000055AAAA550000000000000000000052
:102090000000000000000000000000000000000040
:1020A0000000000000000000000000000000000030
:1020B0000000000000000000000000000000000020
:1020C0000000000000000000000000000000000010
:1020D0000000000000000000000000000000000000
:1020E00000000000000000000000000000000000F0
:1020F00000000000000000000000000000000000E0
:102100000000000000000000FFFF9999FFFF0F0F83
:10211000FFFFFF00FFFF0F0FFFFF0F0FFFFF00008C
:10212000FFFFFF00FFFF0000FFFFFF00FFFFFF00BA
:10213000FFFFFF00000000FF49C97DFD006CFF00AC
:10214000F0F030F306F600FF000030F30000C0FCB2
:10215000000030F3000030003F002400E4F0464669
:10216000467666066636B000FFFF30FF76FF66F6FD
:102170007EFEF3B0FFFF3F38FFFF3CFF3CFFFEF861
:10218000FFFF0000000009096060FFFF9999FFFF51
:102190000F0FFFFFFF00FFFF0F0FFFFF0F0FFFFFEE
:1021A000FFFFFFFFFF00FFFFFFFFFFFFFF00FFFF3D
:1021B000FF00FFFFFF00000000FF09893DBD006C2C
:1021C0000000666630F306F63C3C000030F3000089
:1021D000C0FC000030F3000030003F006666666619
:1021E0004242427E6600663C2000FFFF3030767639
:1021F00000F03CFC30B0FFFF3038FFFF66FF0CFF03
:102200000808FFFF0000000000090060024101E033
:102210000034494002C701800384494002C701E0FD
:1022200000B4494002C701800384494002C70180CD
:1022300003844940024101E000345140A08650F03F
:10224000A0B00085008604F0009200100000008617
:102250000000008000000086000000800000008078
:10226000009000B00000008600100380000000868F
:102270000010038000000086000C03800000008630
:1022800000EC00B00000A0845270A0B000A50000D7
:10229000FF000F0F0000003C3C3C0000EBEB000097
:1022A0000000000000000C0C0C3C0000FFA008081F
:1022B00008080F0F02020000FF000F0F00000000CF
:1022C0000000000000000000000055550041000023
:1022D00000003F30033F000000FC000C0CCF00006A
:1022E000AA00A000FFFFFFFFFCF0FCFA5CFF0CFF60
:1022F000FF3CFF3C3F3F3F3FFFFF343FFCFF2CFFD5
:1023000000000000000000000F0FCF5F2800282809
:102310000000FF000F0F0000002800000000080868
:10232000000000008000000000000000000000002D
:1023300008082828000000000000FF000F0F000020
:102340000000000000000000000000005F5D0F4D75
:10235000000000003F30033F000000FC000C0CCFE9
:1023600000000000A000000F3535FCFCFCFA5CFF0B
:102370003CFFFF0CFFAA5F5F3F0FFFFF34300CFFF5
:102380002CFF0000000000000000FFFFCF5F0000F6
:1023900000280000FF0000FF0000003C0C3CFBFF99
:1023A000FBFF0000000000000000FFFFFFFF14140F
:1023B0001000C300D70000FF00C00000FF000F0F97
:1023C000000000000000000000000000000000000D
:1023D000000000000000F3300CCF00000C0F0C00D8
:1023E00030003F00F00030302A2FFFFFFFFFF08267
:1023F0004D0CFFFFFFFFFF1E4DFF0CFFFCF4FCFF29
:102400004D0CFFFF0000000000000000FFFFFF0F69
:10241000F530F53F0000FF0000FF00000000000065
:10242000AAAFAAAF0000000080000000B0FFB0FF1C
:102430001414100000000000000000000000FF0065
:102440000F0F00000000000000000000000000006E
:102450000000000000000000F3300CCF00000C0F63
:102460000C0030003F0000000000282DFFFFFFFFA0
:10247000F0B24D0FFFFFFF00FF144DFF0FFFFCF404
:10248000FCF04D0FFFFF0000000000000000D7D758
:10249000F0000530053F00000000000000000000D3
:1024A0000000080000000000000000000000000024
:1024B00004000400050000000800000004001110E2
:1024C00000000800110000000000001000000800DB
:1024D0004000200020000000400040C040000000FC
:1024E0000300000000001100110021000000052081
:1024F00011000400000008000400040004040200AD
:1025000000040005000000001000000000000000B2
:1025100000000000000008010000000000000000B2
:1025200000000000000000000000000000000000AB
:102530000000010001000000000001000000010097
:102540000000000002000200000000000000000087
:10255000010001000100010000C0010003000110A2
:1025600088000000000000000000000000000000E3
:10257000008000000000000000000000000000805B
:10258000000000800090000000000000000000003B
:1025900000000200000008000910400100000500D2
:1025A00000002000200020002000000000000000AB
:1025B0000000000000000000024000A000A1000098
:1025C0000001200085108000002000C000000000F5
:1025D00000008400882040100410000000890001E1
:1025E0000089002100050021000100050000000114
:1025F00080010001000400040004000000910001BB
:102600008020000100000000001000118000000088
:102610008000000000000000040000010120000014
:102620000010000001100100010001000000002165
:1026300000000021000000000000018000200010C8
:102640000010002001112021202100800000000046
:1026500000000000210005800190018000000004BE
:1026600004040004008400A0A084000404A000006E
:10267000002010209004008000A000A002100004A0
:102680000004021000040000002000A000840410D8
:102690000000042102200011004191000010000000
:1026A0000002002000A00020000000000000000543
:1026B000000100A100A100850088000480850000C1
:1026C00080118000801000A000A00011091080047B
:1026D0008004000200040040808400858004000023
:1026E0000010002000000010114000100410000035
:1026F00004208000001000A00000021000C008406C
:1027000000020011008480400000009020110400AD
:1027100000400004008480000000800080A00820A9
:102720000005009000000005008300114000080033
:1027300000A0000400040004000400050080024022
:1027400000022010200020210200000002020000F0
:1027500004802080000000800800040008100800A9
:1027600000000000080002008400C0009011090071
:102770000205910040038200402000400900C02073
:1027800091A10421082000100240100000118320B4
:1027900003402000202184024005000002000400C4
:1027A00041000300001100008201000040104110B0
:1027B0000801050003000000000004000001000003
:1027C000020100840085000005850002000300026C
:1027D0000004850080008001800021021001900922
:1027E00010000000028900110001908241002100C8
:1027F00021000000009000000000A0004100000047
:102800000400051121000500000000000300000085
:10281000090804101104040400008540100002900F
:1028200009908083000000200000212000000100AA
:102830000000080290000021000000000141000497
:102840000010010400100010000000200080009023
:1028500000850080200020002004200584800010D6
:102860000240000000008220002082204000000082
:102870000000000000009000000000034100101064
:102880000005010000040000A00000410800000055
:10289000001000110000008001900010048300036C
:1028A0000000000008400010000040000040000050
:1028B000C10020000220910000018301000100C03E
:1028C00000000088C1A100034101000200210004B2
:1028D00040C0100408000040040020020410210041
:1028E0000810008482200000050000002010030072
:1028F000410041000302038200000000001003A019
:1029000000C0210083C000000584409020848840DE
:1029100009100920218241A02110000008840084B0
:1029200011101100C11010A00000000000110010D3
:1029300000000440000501400400002004200020A5
:10294000044100000011204000044010004100A09C
:102950004080004000800000000041214141C11042
:1029600000004005000540820000C0050220022052
:1029700000020008000410000800044000000011DC
:102980000010C020042004400840840988418805C4
:1029900002C1C08000918840880010111021880574
:1029A00000000000400404082020008200100020E5
:1029B0000084410000008220002003A008040204DB
:1029C00041040004000400848440000000A00000D2
:1029D0000020400000C008000003A084801004A074
:1029E00020002120000400400890000000000000AA
:1029F000009000001088080041A00010001003C0E3
:102A000011102088418241C021881082040003886F
:102A1000A184211121202100030810828302218832
:102A200021842184100810902140009000100000A3
:102A3000008000001000000004000080C000008042
:102A40000080008000800080000003800000000003
:102A50000000008501000000000000820500040065
:102A600001000100008000800080011000000000D3
:102A70000000000000000800A0000000A00000000E
:102A80008405000001000000000210058400010020
:102A900000100400C0208480000800101000080905
:102AA00000000008100090000009882000000400C9
:102AB0008008400400090000800085000000020238
:102AC00085898820001011110008052005050008DF
:102AD00080090040000211030940804103080308F7
:102AE0000089002109048080C000110000800000DE
:102AF0000000080011000009088800404011088803
:102B0000C0118905200811C00802092011032008FE
:102B100088080040081110098382C01109A020A074
:102B2000050300041108094021400020032020096A
:102B3000000040019100000000000400200000009F
:102B400001830808038900910000020108010101C6
:102B5000000190014001000101010100100101008C
:102B60000188001100A1009088829008048200C0B2
:102B7000000088908982008200C0020388849090BF
:102B80000010419082C0004000C001010401A0007B
:102B900000018201C001900001000983C1C010033F
:102BA000000290011001A1010001040000000001D9
:102BB0004100002000C0002001010120000101208F
:102BC000010082000804030891C08810A0C0021010
:102BD000C1010100000000A000010000008301917C
:102BE00001011000C088890108010401C000100023
:102BF00082090000A0011000020840C182000220EA
:102C0000C021A0022101C184022008901000080206
:102C1000419185A0081041030440A0010201050272
:102C2000C190820840400900080482010800108910
:102C30008904880108800009009003031080114076
:102C40001000101100008900880810800880118091
:102C5000000005050200020008804009080008097C
:102C600021900309C0001180A121040988080009EE
:102C700080008003000000108821808000900540C3
:102C8000890020A19188200210088980000002405C
:102C9000118090418200830040888311400582109A
:102CA00088808211C084098008054080900311410A
:102CB0008403028911030908080909C004890080F6
:102CC00040802080008000888009030508100308E8
:102CD0000480009100410082004009C080880340C8
:102CE000000209C01183020900000909098491004A
:102CF000808020A0808000008009800020000000EB
:102D0000031000091091101040000410080509403C
:102D10002082008800C111080302100420C0202076
:102D200002080041054010882040022003208088CE
:102D3000851000C103A00408004100840040204029
:102D40004004000200024010000540080000089105
:102D500001C10004008404A00009000101A08883CF
:102D60000188000501020183018800C00109008873
:102D7000084004C083848882000020A082208290C2
:102D8000002001C184C041020089000484C1900870
:102D9000402000040010000900050021002101105E
:102DA000102000C190210221A18303080021010805
:102DB00004A18203001101840211004000010000FF
:102DC0000000000000210000000008200982A0008F
:102DD00091080001008900000102010001000000CB
:102DE0000100018801110000010091084110A000BC
:102DF000C00082418408900004A0000004890408F7
:102E00001000024082880810C00082208220021038
:102E1000C1010804828889900100C04001C00000FF
:102E200000000008830289104101100800C1000958
:102E3000008501088311011009002110048005207C
:102E40000900090000000090004000008900080807
:102E50008005100011204103110510000900080031
:102E6000400040000380049108094000090002046A
:102E70001109000080200000000091000000800384
:102E8000000080001100091103091108030040200F
:102E900088042021C000A0054040100308800810CD
:102EA000091140030200888920919002410000032B
:102EB000008400901080A0402040404041900000DD
:102EC000000BD08000420000000BD0000000818188
:102ED000000BD00000000042000BD0008200120066
:102EE000000BD00000000000000BD0004248008121
:102EF000000BD00011000000000BD00000600000AB
:102F00008200000BD00082001200000BD0000A00EB
:102F10008200000BD00042000081000BD0000000B6
:102F20000082000BD00011000084000BD000810053
:102F30000000000BD00006428100000B000012428E
:102F40003F053FF530303035000000000000000044
:102F50000000FFC3F0FFFCFE00030000FF7DFFFF49
:102F60000030C0F030003F00FCFC14BE417D00FF8B
:102F700000050F0A000000003C3C000000FF0000BC
:102F800000003C3C00003C3C00001F1F1FFF053DB3
:102F9000FFFF00003F00505000F0FF5F4F5FCF0E7B
:102FA000FFFFCFFF0FBFFCFF2CFFFF3F2F3FCB0FDB
:102FB000FFFF3C3C00002008100400008844000093
:102FC0009006300530F5303030350000000000004C
:102FD000000000001400F0FFFCFE000F000FFF00D7
:102FE000FFFF0030C0F030003F000C0C14BE417DEC
:102FF0000F0F00000F0F000014283C3C000000FFE2
:10300000000000003C3C00003C3C0000141414FF95
:10301000053D053D00000300000000000F5F4F5F0D
:103020000C0EFFFF0F3F0FBF0CFF2CFF0F3F2F3F7A
:10303000080FFFFF3C3C0000800240018844000074
:1030400090060000FDC1FDC1AAAA3C3C00000000A2
:1030500000000000FCFFF8FFFF5FFFFFC0C0C0F0F2
:103060007F7FFFFF00003F300000FC0CFF00BE82AE
:10307000FFF0BEBE04100000000000000000FFFFD3
:1030800000003C3C000000003C3C0000F0F0FEBEB4
:10309000FC3CFFBCFFA00E020E020A000A00FFFF6C
:1030A000AA82FF70FFF3FFFF3C5DFFFF343FFFFF8D
:1030B000F0F0FFFF7F033300000022110000200822
:1030C000800220100804BC80BC80AAAA3C3C0000FE
:1030D000000000000001FCFFF8FFFF0F0F0F0000D1
:1030E00000007D7D555500003F300000FC0CF0F0E5
:1030F000BE820F00828214000000008000000000E9
:10310000000000003C3C000000003C3C0000F0F0EF
:10311000FAAAF000BCBCA0A0F0F000000C000C006B
:10312000FFFFAAF0FF70FF30FFFF3C08FFFF3430C5
:10313000FFFF14B4FFFF7C000033000000002211E9
:103140001004400180400201008600E000B38010BE
:10315000A08652F0A0B000850086009C038000008D
:10316000008600FC00B00000008600E003100000B4
:10317000088604F0001200100086001C0080000089
:10318000A8805490A01200150000A8865410A382B5
:103190000015008600100380000000860C100380DC
:1031A0000085008600EC00A00000008600EC00B066
:1031B00000000000008C00000000A8C659F000B01C
:1031C00008000086006003B0080000000000000056
:1031D00000000000000000000000F3FFFFFF3C3C87
:1031E0007F7F000000000000000400000000C3C357
:1031F000C3FF000000003030303F00FC000C0C002A
:10320000FC00AA3CAAAAFF5517170000FFFF7F4148
:10321000CFFF0EFFFFFF303CFC2CFFFFFFFF343FD2
:10322000FCFF2CFF820000415530553F000000009C
:10323000C3FFC3FFFF00AAAAC3FF4D4D000000005B
:1032400000000C7DF8F82828101C00000000000089
:103250008000000000000000800000003030FFFF10
:10326000FFFFFFFF00000000000000000000000062
:10327000FFFFFFC3000000003030303F00FC000CB7
:103280000C00FC00AA3CF0F0005517170000FFFFEF
:103290003E000CFF0EFFFFFF3A3A0C2CFFFFFFFF32
:1032A00034300CFF2CFF000000000030003F000015
:1032B0000000FAFAC3C3F0F03C3C003C4D4D000066
:1032C000000000000C41F8F82828101C0000000045
:1032D000000000000000000000000000000082006C
:1032E0008A00F0FFFDFF0000000000000000000069
:1032F00000000000000000000000000000000000CE
:10330000FC0C0CFC00003C3C3CAA08002000000027
:10331000FDF0FFF34D0CFFFFFCF0FCFA53FFFFFF45
:10332000FCF4FCFF3505FFFF0000000000D32CFF7C
:103330000000000000AA54FEAAFF3CF0FF550F3C1D
:10334000000000004003003C000000001ABA1FBF4C
:10335000000000000000000000000000000000006D
:1033600082008A00F0FFFDFF0000000080000000E6
:10337000000000000000000000000000000000004D
:103380000000FC0C0CFC0000F0F03CAA0000000067
:103390000000FDF0FCF04D0FFFFFFCFCFCFA5000BC
:1033A000FFFFFCF4FCF03555FFFF0000000000D3E8
:1033B00000D300000000BEBEFEFEAA003CF0005597
:1033C0000F3C000000000000003C0000000010B0B6
:1033D00015B5000000000010000000000000000013
:1033E000000000900000000000000000000000A0AD
:1033F0000000000000A000000900000000400000E4
:10340000000000004100050000000040000009101D
:1034100000100000020020008000000800000000F2
:103420000000A100020800000400200000080800BD
:10343000040000000800800080000200000080847A
:10344000000004A1110111008400048800000000A4
:103450000001000400000000000000000000000067
:10346000000000000000000000000000000000005C
:10347000000000000000000002000000000000004A
:10348000000000000000000000000000000000003C
:10349000000000000040010009004000008088009A
:1034A000000000001000000090000000000000007C
:1034B00000000000000082000200080082000000FE
:1034C00008000000000800408400400000000000E8
:1034D0000000080400800008000000000000004018
:1034E00000000000000000000000000000C000001C
:1034F00000000800000000000000090000000000BB
:103500000000009000000000000000080000210002
:103510000000210021000000000000000000000069
:103520000040004000900000000000020000000089
:10353000000000000000000000000000000000008B
:1035400000000000009000000000000000000000EB
:10355000000000200000000000100021000000001A
:103560000000000000000000000000210011000029
:1035700000110000001000000010000000080021F1
:1035800000100000001000110000002100200010B9
:103590000000001084210000000000100020000046
:1035A0000000001000000008000000100080000073
:1035B00000080000000800200008001000110011A1
:1035C0000000001000410010000090100021004099
:1035D000820800210000001100030000000000002C
:1035E000000000100000000000004000001000007B
:1035F0000010000000100000000002000010000099
:103600000000000004000402000000002108000087
:10361000218420820400058209000000800000103F
:10362000C088008400009100211102009100000870
:10363000A11002100084C000C140A0848284A100B7
:103640008282400080A085A080A0838280048000C8
:103650008504040080208200821082C000410000A6
:10366000000000210000C0050000000200008803E7
:103670000000880300000003000000030000881021
:1036800000000000000000214000A04120100011B7
:10369000820500200004000088400008000010118E
:1036A00090020209A00088410202C02000210810F7
:1036B00004830808A1219011404004101000020268
:1036C000202140034041400002100400400210004D
:1036D00040000821881010204020042010400000E5
:1036E00000000000050010001000000000000000B5
:1036F00000000000009000000000000000000088B2
:10370000000000820000008400000084000000002F
:103710000000000000000040034020400040000086
:103720000800020008000000000420102000000033
:10373000200004004000000002C008900290200019
:1037400002000820020010000020000020002100DC
:103750000300040000000282040010821000020036
:10376000000000080008A0080000000000000000A1
:1037700000030000081000000000002100100000FD
:10378000000000000000000000090000000300002D
:1037900000000000000004000000020302000241DB
:1037A00000000204090001210000821108800900C4
:1037B000200000001100A10000000800000001002E
:1037C0000309C0000800850009200000C000890529
:1037D0000811100509000010010000108800000009
:1037E000C0000000008800880010000000000000F9
:1037F00000020000000000000000000000000000C7
:1038000000000000040000000000000000000000B4
:10381000400000A00000048200000000000011022F
:103820000000000009008900218808000001001143
:10383000058200C09000031005100982800141013B
:10384000808200001089040040000402050040410D
:10385000400800C02041408440042040800008848B
:1038600000C005000800080008002005000800034B
:1038700000100410400900000000C0000000880390
:1038800010000020000000000000A0000011000057
:1038900020020009000000020211404084080008D4
:1038A00000208402000000400805041004410202C8
:1038B000040400099008034004110205844010101C
:1038C0004010200282210208C002C0218841C000AD
:1038D00082040208C0100010C021C041C0000820AE
:1038E0008520C0200221000000A00000008200000E
:1038F00000900000004000000000000000000000F8
:1039000000000084000000000082000000000000B1
:103910000000000000000900008203000900008888
:10392000000000000000000021000300080010005B
:10393000040000000340400041000000208800C057
:10394000001000000500001003001000110000101E
:103950000000004020080200000803080408038853
:1039600000840008038400000041000900000200F8
:103970000000000010000811000000000021A0401D
:10398000C040C003880000030000080000000000E1
:103990008200004100000000001000000003004110
:1039A00000090000A00000000000004000000240EC
:1039B0000041000000000080010000000000C00085
:1039C000000000000000080000008200200000113C
:1039D00000000005000300000800C000000488008B
:1039E0008411000800100000A00800000000000082
:1039F00000000000000000000000000000000000C7
:103A000000000000000000000000000000000000B6
:103A100000000000000000000000000000000000A6
:103A20000000000000000000000000000000000096
:103A3000008000008080400080A1412100008000C3
:103A400000030000000003800082040080000000EA
:103A500000000000808008008041104000008000CD
:103A600000030000000003000083030000000000CA
:103A70000000000000000000000000000000000046
:103A80000000000000000000000000000000000036
:103A90000000000000000000000000000000000026
:103AA0000000000000000000000000000000000016
:103AB000000000820088820801A04011010000403F
:103AC00008000001000010C00110C0C10000820009
:103AD0000000008200888210008820210100001070
:103AE0000800000100000088018888C00100001063
:103AF00000000000000000000000000000000000C6
:103B000000000000000000000000000000000000B5
:103B100000000000000000000000000000000000A5
:103B20000000000000000000000000000000000095
:103B30000000880000000000A00483400010000581
:103B4000A000000000000000A10010C000410182A0
:103B50000000880000000000C008838200100010F0
:103B60008200000000020000C1008382000901C041
:103B700000800000000000000000000000000000C5
:103B80000000000000000000000000000000000035
:103B90000000000000000000000000000000000025
:103BA0000000000000000000000000000000000015
:103BB0000000000000000000000000000400008081
:103BC00000404000042000000000020004800003C8
:103BD00041400000000300000000008004800080DD
:103BE00000802000112000800000040040A100415E
:103BF0004100000000000000000000000000000084
:103C000000000000000000000000000000000000B4
:103C100000000000000000000000000000000000A4
:103C20000000000000000000000000000000000094
:103C30000000000000000000000000000000000084
:103C40004005080000110000000000000000000016
:103C500080808000000005000000000000000000DF
:103C600040030300004000000000000000000000CE
:103C70000080800000000000000000000000000044
:103C80000000000000000000000000000000000034
:103C90000000000000000000000000000000000024
:103CA0000000000000000000000000000000000014
:103CB0000000000000000000000000000000000004
:103CC0000004820800000000000000000000000066
:103CD000008808A082000000000000000000000032
:103CE0000088040800000000000000000000000040
:103CF0000084A0A0040000000000000000000000FC
:103D000000000000000000000000000000000000B3
:103D100000000000000000000000000000000000A3
:103D20000000000000000000000000000000000093
:103D300000000000000000000088010000400000BA
:103D400040020100912004A0008300000000000058
:103D5000C00000100003088300880100004000003C
:103D600004820108A182108300830000004000004B
:103D7000C0080010000002C00000000000000000A9
:103D80000000000000000000000000000000000033
:103D90000000000000000000000000000000000023
:103DA0000000000000000000000000000000000013
:103DB00000000000000000000000000004000040BF
:103DC000000080000200088500050090000000004F
:103DD00000000000000011C10021000004000040AC
:103DE000000000800280080980C1009000000000EF
:103DF000000080000080051100830000000000002A
:103E000000000000000000000000000000000000B2
:103E100000000000000000000000000000000000A2
:103E20000000000000000000000000000000000092
:103E30000000000000000000000000000000000082
:103E40000000000000000000000012008148000B8C
:103E5000D00012000000000000001242000000002C
:103E60000000120000000000000012608148000BFA
:103E7000D000120000000000000012480000000006
:103E80000000000000000000000000000000000032
:103E90000000000000000000000000000000000022
:103EA0000000000000000000000000000000000012
:103EB0000000000000000000000000000000000002
:103EC00000000000000000000000000000000000F2
:103ED00000000000000000000000000000000000E2
:103EE00000000000000000000000000000000000D2
:103EF00000000000000000000000000000000000C2
:103F000000000000000000000000000000000000B1
:103F100000000000000000000000000000000000A1
:103F20000000000000000000000000000000000091
:103F30000000000000000000000000000000000081
:103F40000000000000000000000000000000000071
:103F50000000000000000000000000000000000061
:103F60000000000000000000000000000000000051
:103F70000000000000000000000000000000000041
:103F80000000000000000000000000000000000031
:103F90000000000000000000000000000000000021
:103FA0000000000000000000000000000000000011
:103FB0000000000000000000000000000000000001
:103FC0000000AEDE00000000000000000000000065
:103FD00000000000000000000000000000000000E1
:103FE0007B75AEDE00000000000000000000000055
:103FF00000000000000000000000000000000000C1
:104000007B750000000000000000000000000000C0
:1040100000000000000000000000000000000000A0
:104020000000000000000000000000000000000090
:104030000000000000000000000000000000000080
:1040400000000000167BC202000000000000408C4F
:104050000700000000000000300200000000000027
:104060004043DE68167BC002000000000000408C68
:104070000700000000000000300200000000000007
:104080004003DE680800801004C0024004002000E5
:1040900020002000000000A000000000000004102C
:1040A0000800040004000000040000000400840074
:1040B0000400110040A0800000A01120801000002A
:1040C0008000040000004110211021402100210344
:1040D0008400040180044101A0000000820200006D
:1040E0000400040800000000200004400400040054
:1040F00004040490030088C011000008040020009C
:104100002011A010000200000880000001800000C3
:10411000000000000000000000000000000000009F
:104120000080020004000000000000000000090000
:10413000080008000000010040000040008040002E
:1041400090000200040000C0000000000080000099
:1041500000A008000020208000024103000003802E
:104160000000010001000000000001008280020048
:104170008200008000000000050482000000A00012
:104180000140A120410000800000800000000040AC
:104190000002000200020004000000010000000014
:1041A00040000009C000A0A0000000820000000044
:1041B000000000000000C10080008000800080A09E
:1041C0001010200000000008000000A00000040102
:1041D0000000802000010008802080000000000016
:1041E000020411000000000080008000000080C078
:1041F00080208000000004040004001088040811DE
:10420000801080C0000100C10000000020000000FC
:104210000080908000830083008000000004000084
:104220000010011000020300030000000041000024
:1042300000410400000000000800201020002010B1
:104240002021C01000080000000000000000A003B2
:10425000A040A0030880201000C120A14020000041
:10426000002101800810000000000420202100210E
:10427000200020804010A00000C1008000030980C1
:104280000188088040100002042000100000000097
:104290004140214000040000000080004000000078
:1042A000008300040010009005C00284000000108C
:1042B00000100040200180102011801000850005B2
:1042C00084900084000200C180A0A01000000011B2
:1042D000200182414040001000208920201109085F
:1042E0002010110220002110204010881011090018
:1042F00004C00410000009A000A0110305901040A4
:10430000054000004008000120101100004100009D
:104310000000000000000080000000000400010018
:104320000000000400800000000000008909000077
:104330000000000002800104200001202000002075
:104340000020400000008200000420004111000015
:104350008488830203C08500100804881088C190F7
:1043600000418580008805038421850001008502C5
:1043700000004005400308030002000000A0A00068
:1043800000050005000884808820A0000003A0200C
:10439000000080A0809000008000090489040202CF
:1043A00080098000000000000000100808001001D3
:1043B0004000C0004000101008000400030004008A
:1043C000000000C000000002000000000001022008
:1043D00000001003020082008200020105000800B4
:1043E0001004000020004100404021002000021085
:1043F00000100000100000001100000100842100E6
:1044000008000020A120004105200000800004C019
:104410001008000020002021C00002000485028056
:104420000980400240081010100000000005002123
:104430000002111103000105002001000500000821
:104440001110000900030008008800001009102066
:1044500011800000118800052100040000100000F8
:104460000021008500100000820001A1C005081095
:10447000820520000005100510001000C004100087
:10448000C0002005008004A020C0C08800004000BB
:1044900004090100030021000588031000820400C4
:1044A00010000008804040014002008500004000EC
:1044B000000000C00084000200104000000200C0A4
:1044C00008A000004108030041850001002180840C
:1044D000408408C0000090A00010C084048885A01B
:1044E0002000A1880210004040404100A14003008C
:1044F0000300002010081000000000001084058355
:104500008000030000C10940000000C004000984CD
:1045100040904102001000008400820084000000EE
:104520000100000000000400002000000020000046
:104530000010000000000000000200000100000068
:1045400000080100000000000000002004040084B6
:104550004000010301410000411100414100000001
:1045600040000100081008C0400001050010048947
:10457000000088110091A003A000000000000010BE
:10458000002004100840402040000041000001408D
:1045900000110000000900410201A0108084824047
:1045A00000000005000400008010000004900800D6
:1045B0000004000400040008A0082084A082A000D9
:1045C000002041844120410900044104008400008E
:1045D00041109084000041000000101040A0A14153
:1045E000A1A004C1828405008521100809004105AD
:1045F000020000004100080000100984008410043B
:1046000041A01000400005000240000421080211F2
:104610000001210010840284040100042000200015
:10462000208500040040A000100020088200010046
:104630009000008000800080C0050320012003035B
:104640000310A000000000000004008000800000B3
:10465000C000000004002000000500000000011060
:1046600002C020002102200000002084008082007F
:104670000084100000108800000004000200C00048
:10468000000000041000010088000080908000807D
:1046900000040404004000000100824083089009E7
:1046A00088410904A00300400002414080800000CE
:1046B00000001000C00384100302080800800011ED
:1046C0000280008000080209804102001183090372
:1046D0000041400300000500100200000000050337
:1046E0000909800803210388C00941400910820399
:1046F00004090011411000030004000540090040B6
:10470000000980200040000080009108000088908F
:1047100011114111088820030010821003100901B3
:104720000301030100008941008920820001028801
:10473000008400400100090102008800010108888E
:1047400000004110008400010009020100000989F5
:104750000190004188A000000900880000000000CE
:10476000010100019001000191839184A18400C0A6
:10477000910101010001010104010001000100009B
:1047800000010001080100010000100020000000ED
:104790008882891005820005100184002001010033
:1047A000000000040001010082008802208901004D
:1047B0001000020188004001080085020900C100C4
:1047C000000008008800848500A0000000A0000010
:1047D0000101A1848891410190A009C0C0208810E6
:1047E000000009004040C1A083019108C188888869
:1047F00083C101A001020190010189008200A00291
:10480000A1004100410040A0410008040408020446
:104810000201A1010200A01083904004A0880405B9
:10482000040009000400050209000900118088C085
:104830000300800080108000000304001000A10429
:104840008304000080208000808811000200110095
:10485000400010020800839103090088200980802D
:10486000008400000200058084C1830911040991BD
:10487000890089890500410011C103091000410028
:104880004000100002002000020089008000088221
:1048900080008040110208050800C0830900030061
:1048A0008384020009090084008940841010008874
:1048B00080400903008000801100808011850089FC
:1048C00008C1058380900080210000801000201026
:1048D00010090008030800034009118300000500C7
:1048E00010400000000003204004008911830311E0
:1048F00000891190C08302410088200911830008BB
:104900000011411005880082004009020005800066
:10491000100041900080A1A00090909082830882B6
:104920000491038805030088002000410582008966
:1049300000C1A0908841901000C008400888000283
:1049400000040110008382210020112090200140EA
:1049500001010101A001000400A000410189102013
:104960000008008990820000018801A1008501896A
:10497000019082C08310898300C0004001C1A183DF
:1049800000A1001000A141880011001101000000E9
:1049900040000088008504200990840990A1888344
:1049A0000011000900A105410110010900000000EB
:1049B00089002140A000C1888800881008001000EC
:1049C00001910110000101A0080089901000004031
:1049D000010209000000004083888811A1010088BD
:1049E0008241900282001040000001080005000092
:1049F00000208241880088000282010801830000B3
:104A00000000C000888302011000010100000100C5
:104A100000020000004000000089829188048200AA
:104A200088400100010400010140090041C1090959
:104A300002000300A01189402000000080208000B7
:104A40008000034002884008400000008800000801
:104A5000000002000400050021000380839102038E
:104A60002000800800800000008000000303031184
:104A700004404180891180000940048003004111F5
:104A8000021102000000801000210000090802004D
:104A900020001080001100800000001180C080C143
:104AA0000011008003091021082005008100000B7F
:104AB000D00042000000000BD00000000000000BFE
:104AC000D00000488100000BD00000000000000B67
:104AD000D00042000000000BD00000000000000BDE
:104AE000D00000820000000BD00000000000000099
:104AF000000BD00082000088000BD0001160810004
:104B0000000BD00000000000000BD00000000000EF
:104B1000000BD00000000000000BD00000000000DF
:104B2000000BD00000000000000BD0000060BFFFB1
:104B30002000FF00FF003F30F6F6FF663C0F00004C
:104B400000000000FFFF66FF0F3C0F0F66660000CD
:104B5000FF0000003C3C00003C0F00000F0FFF0F67
:104B60007E7EFF0F7E7E0000FFFF0000FF00000042
:104B7000000000000F0F1E1ECFCFFFFF24241818C7
:104B800000000000CF0C9F9F00000000FC0CFC0CFC
:104B900000FC000C003F00300000FFFF0000FF00A1
:104BA00000000000FF662D2DCFCFE7246C6CFF0FB7
:104BB000FFFF0000F704FF003F30060600663C0FD1
:104BC000000000000000000066000F3C3C3CFF00BD
:104BD0000000FF0000003C3C00003C0F0000FF0014
:104BE000000F4242F0004242000000000000FF00BF
:104BF000000080002000FF001E1E00000000202496
:104C00001F1800200008CF0C060600000000FFFF60
:104C1000000000FC000C003F00300000000000001D
:104C2000FF000000000099002D2D0C0CE7246C6C97
:104C3000F000000000000000000000000000000084
:104C40000000000000000000000000000000000064
:104C50000000000000000000000000000000000054
:104C60000000000000000000000000000000000044
:104C70000000000000000000000000000000000034
:104C80000000000000000000000000000000000024
:104C90000000000000000000000000000000000014
:104CA0000000000000000000000000000000000004
:104CB0000000000020FB00FF0000FFFF90F6BDBDDC
:104CC000666600FF0000000066660000427EFCFC95
:104CD0006666F0F000FF0000FFFF0000F0FF00003C
:104CE0000CFC00007E7EF0FF3636FF3CF0F000004A
:104CF000F0F000000000F6F63CFF00FF0CFCF0E4D2
:104D0000F0F0303CF3FF3C3C303F66FFFCFC0024FD
:104D1000003090D2FFFF303F00003000F300F0F091
:104D20000000F0F000000606303C000CF00C90F69D
:104D30007E7EFFBFFFBF00FF00FF0020DFFF90F679
:104D400024243C3CF0F00000000066660000427E37
:104D5000C0C03C3C00FF00FF000000000000000F4E
:104D600000000CFC00004242F0003636003CF0F03F
:104D70000000F0F000000000060600C366660CFCB0
:104D8000666666663000F3C36666303F6600C0C084
:104D9000002400300042FFFF303F00003000F300ED
:104DA000F0F00000F0F000000606000C600C600C53
:104DB00090F61818FFBFC383008600F00330000090
:104DC0000886049000820010A0865010A082001572
:104DD000088604F003320010A8865490A0A20015A3
:104DE000000000E00030000008860410008200107F
:104DF000A88654F0A0B20015000005860470009249
:104E000000100000708C00090000058604700392F9
:104E100000100086043000800000008600E0009052
:104E20000000A88654F0A0B20015A0805090A019F0
:104E30000005088604F000B200800000000008EBC6
:104E40001C1CFC0C3C3C00F30CFF00003F300C0031
:104E5000FC000000000000F38282FFF00F0002005F
:104E600000000000FF003C3C00000000AFA00C0070
:104E7000FC00BEBEFA500C000CF000000000000068
:104E80000C00FC00F0F0B2B2C3FF0A5F00000000AB
:104E9000FCFC000C00003F300C00FC000000000097
:104EA0000C0C0C0C0000000000000000AFA0EBEBAD
:104EB0005F5F3CFF000000009966669900000000FB
:104EC00000000000FC0C3C3C00F30CFF00003F30F5
:104ED0000C00FC000000000000018282FF00FF00C7
:104EE000020000000000FF003C3C00000000AFA0FA
:104EF0000C00FC001414FA50050005F0000000003E
:104F000000000C00FC00FF00B2B2003C0A5F000091
:104F10000000FCFC000C00003F300C00FC00000016
:104F200000000C0C0C0C0000000000050A0FAFA0E4
:104F30002828505000C300000000669999660000C0
:104F4000000000000000FFF000F0383D383D0F0F7A
:104F50000F000CFC0000000000003F7FFFFFF3F398
:104F6000303000FF05F50000FF00555500000F032D
:104F70000C0005F5000000000000343400C3000000
:104F80000000000005FF3D3CFFF0BEBED7D705F591
:104F900000000000000000000000000030003F00A2
:104FA0000000000000403C7C00000000AF28AF7D06
:104FB000FA50FFC3400000000000000099666699A7
:104FC0000000000000000000F0F0F0F0383D383D37
:104FD000000F00000CFC0000000000003C7DFFFF03
:104FE000FFFF000000FF05F50000FF005555000021
:104FF0000F030C0005F5000000000000040400C3CE
:1050000000000000000000FF3C3C00F0828214140D
:1050100005F5000000000000000000000000300066
:105020003F000000000000503C7C0000000005280C
:10503000057DFA503C000000004000000000669929
:10504000996600000200001000000000000021002E
:1050500011000400800000000200000004000000B5
:1050600004201000000010000300030000004000B6
:105070000200910090008000A1000000A0C002404A
:1050800004000000840004200489040191008001D0
:10509000001021900400840302000401000000219C
:1050A00000000200040084000201020004A00000CD
:1050B00011A00400000804044004041000208041F2
:1050C0008000000400000100040000000000000057
:1050D00000000000000004000200010000000000C9
:1050E00000000000000000000100000000000000BF
:1050F000000001002000210020002000000021000D
:10510000C180011000C009000180012000400200A0
:10511000040404100000000040A00000082000006B
:10512000000200000400000004000108000000006C
:10513000000000000000008008800982000008C113
:10514000202020000880A000C0C0001040200000E7
:105150000400000000208020110091008004210044
:10516000000000000300000000200001000000011A
:105170000002000000000088004000018410800050
:10518000009080A080010000004000000088000026
:1051900040004020402100000000400000000000CE
:1051A00000000000002000A000000010001000011E
:1051B000001080100020001000000000000000001F
:1051C0000002801080000521411021110000019093
:1051D000022090000021048040A1002010200480C3
:1051E00004008400000000000002004000080021CC
:1051F0000020009004000000040090A10020404125
:1052000040100000022004200000001100100011D6
:10521000000000000010001090400011014100004B
:10522000001000030020040000100410040200001D
:10523000041000A140880090001000080000022126
:105240000009008920202021008400000000801037
:1052500000080082000000010002000200100000AF
:10526000008400A000000008000040040084000842
:1052700000C00000000500400005000000104000D4
:10528000001040C0000480098420000000020020BB
:10529000009000840202000080040202000000006E
:1052A00005008004A08204820485001040000000F4
:1052B000104000820004008221850010020004C01A
:1052C000000000A0A0032001200420040021000011
:1052D000020000050000000000400004C00020059E
:1052E0009000C0000010000000210004C000001168
:1052F0000000002104030020000300A00010004073
:1053000000008810000300A00208059000008441FE
:1053100000C18200001091C100000890C1108210ED
:105320000000002108C10510011083040000830063
:1053300008058380881000050804C010008008114B
:105340000810C0080821418403049190A18490842E
:105350001040C00190008000418291840301200030
:105360002000400040900302020000C00000400006
:105370001040410041022100410000840010020061
:10538000020000A0840221000000218540000000EE
:105390004120882010014102020011000540000058
:1053A0000000080000101184050041A010840210C4
:1053B000004000210200C104100303058383080399
:1053C0001000104041820000C182800020C0A04037
:1053D00040050010214020004000000002000004B1
:1053E0000900010001100900008001000000841084
:1053F00001020880000800000003000010100800EF
:1054000001410000000041800811881000080000E0
:10541000008000900480002000210810002020005F
:10542000000000000000000000000000000000007C
:105430000100000000A00100028001A000A04004C3
:1054400000A0000900001000100920002040010009
:1054500021004100020041004120094000000000FD
:105460000020000040A010201000000408000040B0
:10547000028202200510000000400300000002200C
:1054800002000000000210C004880021000403C0D4
:105490002084000000200520202000021085A001AB
:1054A000200190840000C102410008100410200176
:1054B0000508A00100000000100005001000000019
:1054C0002100410400000400004008202010208238
:1054D000A00320400000C1008400088000050010E7
:1054E000040304000040010308800003040020209E
:1054F000008540029021000000032085000000008C
:1055000001820100000000000121010288100080DA
:105510000000010200001000008801000003C040EC
:105520002104C0100410000040800000001000059D
:105530000004C00520200041C010000000008805C4
:105540008410001104058420010000C1C121210044
:10555000212005041180008800000840022000106E
:105560001190090000000200100002852010008840
:1055700010400010001000104140101000844188BD
:1055800021400584908500400000040800001108B7
:105590001008054000040000200020000400204105
:1055A000000100A104840002090003C0028200007F
:1055B0004110030002100800008241211000008405
:1055C00010004100850080000284000200020002F9
:1055D00000042004410102040800000000000080D3
:1055E00000000000820000000000000088080900A0
:1055F00000000000000000050002008083000000A1
:10560000000000000000200400800000018300056D
:10561000000500000080108000000100C1000111A1
:1056200001C0002000040300C000000000000100D1
:1056300000000000100910000000000000A00000A1
:1056400000000100000040102000001000000000D9
:1056500000000089098000040080000000001100A3
:1056600000008020004000400009910389411002A1
:105670001004412088C000C0008088800080830022
:1056800000000900000004000800080300022009CF
:105690000920C002880202080941000000118905A2
:1056A0000341004191854004900209800000000000
:1056B0000200000000008000C00000001100800017
:1056C00009000000110300090011110485080004FD
:1056D000A0204141111189020541090910049004DB
:1056E000000400040800000100010000900109000E
:1056F0000901010100888311201100848808908429
:10570000A18200000400A0000800010000A1C0A0C8
:10571000010200032001C10011010001000000008E
:10572000110000A1000809820985A10000100000F5
:105730000000400000000000100004000000000015
:10574000400000000000010100011001002085015F
:1057500088014101000001011100900101010500D3
:10576000848488080000C1004105409103010104C0
:10577000018401A10101820991C1098909C00800C0
:1057800084008800019040208500412085000401AC
:1057900004018888C0908800100008208300000061
:1057A0008200C000C088830920A0400000C004011E
:1057B00002000100C000C10501102000401041009E
:1057C000A100A0000500900000200104019001014B
:1057D000910091C0C00020009110888888A003002B
:1057E000A0008010008000100200C04190400340E3
:1057F000108004000511030900A0404140C0088248
:1058000089009100850009088080080005808300D8
:10581000000800108000004040008900110089212C
:105820000000004005000580898588000300028093
:10583000910805004100000003091000A01021009C
:1058400010101105090005008500098041801141F3
:1058500003091041080005008000A0800280008537
:10586000090911008000C08800000020004002806B
:10587000888003082003002091834140004082007B
:10588000C0000083008888908083004020020010C0
:10589000009111088080088480114084008204C037
:1058A00008830000000980410009008302022011E2
:1058B0000089030300000000058000000080200034
:1058C0000480000000090004002080030209101178
:1058D0002009110341C1004105A0C0852020048298
:1058E0004189210388080240050800A0000000014A
:1058F00001A089400105018800C021410001889173
:105900000908899000840004208584050010001097
:1059100000C12004904008C010048891019000212B
:105920000020918900000088888800910010A04024
:1059300001411085A1410082000201040004040419
:105940000184008404900010001000C14005019003
:1059500001000001910100400085010589050183D6
:105960000020008505C14084C04082000208010279
:10597000001101010190018801050001000084026D
:105980000304A000C00020000282020002200009DF
:1059900000000001000884A1C020820002880011DC
:1059A0000089000100C0000008038910A000C1C0E8
:1059B0000000000000000040829020008400C00829
:1059C00000200004000000048203C0208200A00226
:1059D0000188080300010008839082A0A1000088CC
:1059E00001110102008801C08085008000000000D4
:1059F000400809C020082000038004911103090019
:105A0000840020C14109C100800080008000800026
:105A10000090000000020089808800000000000063
:105A20000003004000210080000005038480414104
:105A300004800020001000020000800000048002AA
:105A40000080002000A00009000080C0809100417B
:105A50000000030041110502418083090000400558
:105A6000090009094080118021000088000BD00046
:105A7000000011000009D00000000000000BD00061
:105A800041820000000B000021000000000BD0004C
:105A900000840000000BD08000004100000BD0000B
:105AA00000008181000BD000820000001200000B7A
:105AB000D00011000042000BD00000500081000B0C
:105AC000D00000000000000BD00000000000000B20
:105AD000D00000000000000BD00000000000000B10
:105AE000D00000000081000BD0000000FFFF00008C
:105AF00000FF000005AFBEBE303030300F0F0CCFBE
:105B0000000000001414BEBE4040404000000000F1
:105B1000FAFF0008000000001000BFFF00000000B6
:105B200000C355C300000000080828280000303FCB
:105B300000000CFC0000000000007878282800001D
:105B40000000000000000000000000000000000055
:105B50000000005400A8100080005F5F3CFF0C0CA8
:105B600000000B0B0B1F000400FB04080C000000DE
:105B7000000000FF000005AF1414303030305555E0
:105B80000CCF004000100A5F0A5F40404040000018
:105B90000000FAFF0008000000000000FFFF000006
:105BA000000000C300C3000000000800280000003F
:105BB000303F00000CFC000000000000785028FF7F
:105BC00000000000000000000000000000000000D5
:105BD00000000000005400A800000000505000C366
:105BE00000000C0C0303033F000000FF0404000C42
:105BF0000000FFFF00003C3C0FAC00AC3A0AFFFF86
:105C0000FFC3FA0A3CFF3A3A0FFA0F0AFAF00A0009
:105C100000000000F3FF3000000000000F00FFFF55
:105C200000003000000000000000FFFF005100F302
:105C3000000000FC00C00F000F000F005F5528A0FF
:105C400000A0000000007C7C3C3C000000005050A4
:105C50001A1000000000FFF8FF283F303C3CFCFC1D
:105C6000FFAAF0E80028F3F3F3F3D800F0000000F7
:105C700030300000000000003C3C0FAC00AC3000B5
:105C8000FFFF3C00FA0A3C003A3A00FA000A0A0018
:105C90000A0000000000F3FF3000000000000F00C9
:105CA00000000C000000000000000080FFDF5151E8
:105CB000F3F3000000FC00C00F0F0000000055557A
:105CC000280000000000000050500000000000000C
:105CD00000001A1000000000F8F828283F30AAAA97
:105CE000C0C000AAAAAAAAAAF3F0F3F0000000001C
:105CF00000003030A886547CA09200150086007009
:105D000003930008088604F000B90010008600E044
:105D100000830000008600D000A90000008600E09B
:105D200000B00010A0865A70A3800005008600EC29
:105D30000392000000000086000003A0000000861F
:105D400000EC00B20080008200AC009000A0A086B1
:105D500050F0A0B000850086003000B900000500BA
:105D600004F000320010058600B0009000000086AC
:105D700000FC00B2000000C00000BC00BC0000003D
:105D8000000000FFFF00000000007D7FFFFFFFFF1D
:105D9000FFFFFFF0FFFF00000000FFFFFFFF00001C
:105DA000000000000000FDFFFFFF5FFF7DFF00001F
:105DB000000000043C3800007D3CF5A0FFFBFFFF25
:105DC0000000000003F301F1C0003F00FFFFDFFF10
:105DD00000000000AEAE00FF040038000434303094
:105DE0000000FF003C3C0000A000A0A0141414140C
:105DF0000000000000BE003C00C00000BC0000002D
:105E00000000000000FFFF00000000003C3FFFFF1B
:105E1000FFFFBFFF0000000F00C000007FFFFFFF7B
:105E20000000000080000000FFFFFFFF5FFF55FF44
:105E30000000000000003C3C00005500F5A0FFFF02
:105E4000FFFF0000000000F001F10000FF00FFFF75
:105E5000DFFF00000000A4A400FF040038000434A9
:105E600000000000FF003C3C0000A000A0A00010CB
:105E700010100000000000AF000F00000000F3FF52
:105E8000F3FF00000000000000040000000000001C
:105E90000000FFFFFFFF3C3C303FFFF0F0F004F755
:105EA00004F7000000000000002000000000003C9B
:105EB000003C000000000000000000003D3D3D3DB2
:105EC000141F3C3F00FFFFFF58585D5D00000000BD
:105ED000002800000000000055550F0F00000000D2
:105EE0001F0FFFFF00003C3C555500000000000064
:105EF00001F1FFFF0000000001C3ABEB0001000057
:105F0000FDFDFDFD0000000000000000000000009D
:105F100000000000FFFFFFBF3C3C303F00F0F0F00E
:105F200004F704F70000000000000000000000017A
:105F300000EB04EF000000000008000C00003D3DF5
:105F40003D3D141F00033CFFC30008080D0D000079
:105F500000000028000000000000000000FF00001A
:105F600000000F0FFFFF00003C3C555500000000F3
:105F700000000101FFFF0000000000000000000021
:105F80000010210000000400202040004000040018
:105F90002000000004002000000004004000001069
:105FA000004004C0210004A004000200040000001E
:105FB0000088020002000408000040000400000005
:105FC0004100000000002000001004001100030048
:105FD000080000000400050004000000000000109C
:105FE00011080000020000000000040004002090DE
:105FF00020A0411020002000040820000308080809
:106000000000000000000800000000020200000084
:106010000000000000000000000000000000000080
:10602000000000000000000000000002000000006E
:10603000000000000000000000000000020020201E
:10604000000000000011000000000000080404002F
:106050000000000000000000080000000000C00474
:10606000040000000002000000000000000000002A
:106070000002004182030000000000000002002036
:1060800090000000008200820088000000000000F4
:1060900021200000000000000040002002C000009D
:1060A00003A00500001000A0000000000000200078
:1060B0000000030000000000118400000000000048
:1060C0000900000000880500020000C00000000078
:1060D00000C0000000000004008400000000000078
:1060E000001000C000900090000000900008000028
:1060F00000082100000000000010000000900000D7
:10610000410003000400A00300000011400040080B
:10611000A04102088203001000009041000000210D
:1061200000000220002008100000000040110021A3
:106130000000000804000409A01000104000000046
:106140000000004000000040A02100100008824034
:10615000000000400400840000000010000800005F
:106160000021000090000000000800100441001110
:1061700000009000022182100000022100100400A3
:10618000820088100008000004840000000000C0A5
:1061900010880000000000000090110000A0000026
:1061A0000900002000C0000000840090040800885E
:1061B00000400000000800A0008800840004008265
:1061C00005100400050800000440000000900000D5
:1061D000000000000088210000000090000800007E
:1061E0000000000008900000108800400800000037
:1061F000059000C01100000009000500090003001F
:106200000800040000100984004082000000002102
:1062100020100004000900050021841000109000E7
:106220000041000900001021020002400240000964
:1062300088008241884000050200000302030040FC
:1062400000400021000500020000000000020000E4
:1062500000000009000082058441A0100000A00099
:10626000A000C0000821A0002020000000000800BD
:10627000840000000000000000000000A0050041B4
:10628000A000844184000000840008100010000277
:106290000500004000000000000000C000840084F1
:1062A00021C0008400A00082401000820000000095
:1062B00041002110004000000000008800000000A4
:1062C0000400000000001000400000000004000472
:1062D00000040000200000400000412005000004F0
:1062E0000004000420840090051000040000000059
:1062F0000008000800C000A008C010A000000300B3
:10630000102021000800200002A0114040002000C1
:1063100040000011A0008820A005C0410220081103
:10632000880000410200002000210040A000001170
:1063300000000400900800021000000400000000AB
:1063400000001000200000000008A00000008809E4
:10635000000000049000000002090000841000000A
:106360002005000020100011200390000400000010
:106370000000900000212000000088000000820042
:10638000000000001000001000090200C020000002
:10639000001000400000000000001082000000001B
:1063A0000000002000820000000000900084000037
:1063B00000001010001000000000000000000008A5
:1063C000000000000000000000000082000000004B
:1063D00000000000008421100020000000000000E8
:1063E0000000000000A00000000000000000080005
:1063F000000000000000001041001010110000001B
:1064000000C00082000000A0000040100000000258
:1064100000040409000008410000C00084211000AD
:10642000020040080000000500000400A040844075
:1064300000000040000204000211000000000400FF
:10644000080310118400082190000011A0034002ED
:106450000000000300211021C0090020000084007A
:10646000A021000000000000000000000000100853
:106470008400901002020021080900110000002190
:10648000A0118809000200000400000084000840F8
:10649000C0210000001021000000000008100020B2
:1064A0000210000000000040110000880000000001
:1064B00000100000001000820084000000000900AD
:1064C0000000000004000000110000C000002100D6
:1064D00000200000000000100500100010000090D7
:1064E00000880000000000000800101000000000FC
:1064F000001004002000001003C000000000040091
:1065000000840010080008880040082000000000F7
:106510000000051000400021002110050041000886
:1065200000000408C0008210000084100203000074
:10653000080384000003A009000000080008A0412F
:106540000010C0000005080000000441C000400920
:1065500088000241000000400041000000000000EF
:10656000000088000400004000000000040000411A
:1065700000000021040800000000000300000000EB
:106580000411841090001020000000000000880416
:106590000008C00200080000000000000000000029
:1065A00000000000000000000000000000000000EB
:1065B00000000000000000000000000000000000DB
:1065C00000000000000000000000000000000000CB
:1065D00000000000000000000000000000000000BB
:1065E00000000000000000000000000000000000AB
:1065F000000000000000000000000000000000009B
:10660000000000000000000000000000000000008A
:10661000000000000000000000000000000000007A
:10662000000000000000000000000000000000006A
:10663000000000000000000000000000000000005A
:10664000000000000000000000000000000000004A
:10665000000000000000000000000000000000003A
:10666000000000000000000000000000000000002A
:10667000000000000000000000000000000000001A
:10668000000000000000000000000000000000000A
:1066900000000000000000000000000000000000FA
:1066A00000000000000000000000000000000000EA
:1066B00000000000000000000000000000000000DA
:1066C00000000000000000000000000000000000CA
:1066D00000000000000000000000000000000000BA
:1066E00000000000000000000000000000000000AA
:1066F000000000000000000000000000000000009A
:106700000000000000000000000000000000000089
:106710000000000000000000000000000000000079
:106720000000000000000000000000000000000069
:106730000000000000000000000000000000000059
:106740000000000000000000000000000000000049
:106750000000000000000000000000000000000039
:106760000000000000000000000000000000000029
:106770000000000000000000000000000000000019
:106780000000000000000000000000000000000009
:1067900000000000000000000000000000000000F9
:1067A00000000000000000000000000000000000E9
:1067B00000000000000000000000000000000000D9
:1067C00000000000000000000000000000000000C9
:1067D00000000000000000000000000000000000B9
:1067E00000000000000000000000000000000000A9
:1067F0000000000000000000000000000000000099
:106800000000000000000000000000000000000088
:106810000000000000000000000000000000000078
:106820000000000000000000000000000000000068
:106830000000000000000000000000000000000058
:106840000000000000000000000000000000000048
:106850000000000000000000000000000000000038
:106860000000000000000000000000000000000028
:106870000000000000000000000000000000000018
:106880000000000000000000000000000000000008
:1068900000000000000000000000000000000000F8
:1068A00000000000000000000000000000000000E8
:1068B00000000000000000000000000000000000D8
:1068C00000000000000000000000000000000000C8
:1068D00000000000000000000000000000000000B8
:1068E00000000000000000000000000000000000A8
:1068F0000000000000000000000000000000000098
:106900000000000000000000000000000000000087
:106910000000000000000000000000000000000077
:106920000000000000000000000000000000000067
:106930000000000000000000000000000000000057
:106940000000000000000000000000000000000047
:106950000000000000000000000000000000000037
:106960000000000000000000000000000000000027
:106970000000000000000000000000000000000017
:106980000000000000000000000000000000000007
:1069900000000000000000000000000000000000F7
:1069A00000000000000000000000000000000000E7
:1069B00000000000000000000000000000000000D7
:1069C00000000000000000000000000000000000C7
:1069D00000000000000000000000000000000000B7
:1069E00000000000000000000000000000000000A7
:1069F0000000000000000000000000000000000097
:106A00000000000000000000000000000000000086
:106A10000000000000000000000000000000000076
:106A20000000000000000000000000000000000066
:106A30000000000000000000000000000000000056
:106A40000000000000000000000000000000000046
:106A50000000000000000000000000000000000036
:106A60000000000000000000000000000000000026
:106A70000000000000000000000000000000000016
:106A80000000000000000000000000000000000006
:106A900000000000000000000000000000000000F6
:106AA00000000000000000000000000000000000E6
:106AB00000000000000000000000000000000000D6
:106AC00000000000000000000000000000000000C6
:106AD00000000000000000000000000000000000B6
:106AE00000000000000000000000000000000000A6
:106AF0000000000000000000000000000000000096
:106B00000000000000000000000000000000000085
:106B10000000000000000000000000000000000075
:106B20000000000000000000000000000000000065
:106B30000000000000000000000000000000000055
:106B40000000000000000000000000000000000045
:106B50000000000000000000000000000000000035
:106B60000000000000000000000000000000000025
:106B70000000000000000000000000000000000015
:106B80000000000000000000000000000000000005
:106B900000000000000000000000000000000000F5
:106BA000000000000000000000000000000009A03C
:106BB00004000401000004000200040002001100AF
:106BC00000000400110000402000000083200002AB
:106BD0000440048800002000000004202005040078
:106BE0008088100004018000000040901000000028
:106BF00020008420840000080801110104400310D3
:106C00000010000000008420110190080408821187
:106C10000000410008000800080084C020041100A2
:106C200080010800080100000800020000000000C8
:106C30000400000082200400004104000000000065
:106C400000000400000000000000000000002080A0
:106C5000008000000000000090000010000001848F
:106C600000000800010000040441000000000000D2
:106C700000C00040118010000880002000200000AB
:106C800004000080080000000480002004000110BF
:106C90000220020002000200020000000800008042
:106CA0000008081082008440000001000004000079
:106CB000000021A0204100400088000003000000E7
:106CC000000120882000910103A000200000002086
:106CD000022004C0082010080004028400208888D4
:106CE00003A000080000008200200000000041A076
:106CF0000200000000C000A0004002002000202090
:106D0000004020200088004000200000000000001B
:106D1000000080A000200000002020C000041020FF
:106D20000300000000000040000000C020A020A0E0
:106D30000004000500030120008090100210A00351
:106D400082200402210900000204902000000008B3
:106D50004021011000080008019020C0902100008F
:106D60000208021000000020024000000200002083
:106D70000010010200000003042090900000012098
:106D8000011000080120002100080420001000006C
:106D9000000000212000900000210040010300A11C
:106DA0000010002100100000000000100040A100B1
:106DB0000100009000C088080200000002A08010BE
:106DC00000040941801008200040008400888000F1
:106DD00000100440041004C1028400110003008468
:106DE000214021A000000008081000080484004091
:106DF00004000204800200000021041000409010F2
:106E0000001000000210050800000004808500A0AA
:106E100008904190082041C00004200020C080104C
:106E2000000800C10410004008000990001000088C
:106E300008C004C010408000040200008800000068
:106E4000041000800008100000000000A0101000D6
:106E50002000880000800104104091100040004094
:106E60009000001000050000000001040208090065
:106E70000000000001802041000002020103000028
:106E80004103089000000900020400000000020411
:106E900000000000000000000000000000000000F2
:106EA000082184008804020088200100C000080036
:106EB000020001108200008802002000200020044F
:106EC00020A00511800008014100100200002100EF
:106ED0008484410089010200080520A000C0200030
:106EE00020A02010100400000000108480A010409A
:106EF00041000000090005080090000084A080897E
:106F00008000002020C008842000080110A1000497
:106F10000008050041A0218941A0108208009005C9
:106F20001000080110A10590020000A108840304CC
:106F3000052020000821114011210400211020000B
:106F400020902121020804000802840088C100105A
:106F5000840005050041024089001110081100005D
:106F6000840985201005821000001009021008090C
:106F70000285000088091000080010000000400091
:106F8000042010002000000084032000840400047A
:106F9000828088080021A0088204C0110800A02176
:106FA00008C0820591108210C01020098410004092
:106FB0000489C04010110110108084401011118408
:106FC00000104100C08205C0040002100040000211
:106FD0002008000000840840100420C02021008404
:106FE00008404120412080880000080080101110D6
:106FF000000002400200418400000405A18400005A
:10700000040000020390404110400000A1008002F3
:107010000090000009000004000000002100400072
:1070200080100210008809C000000484100210883B
:10703000048200000300210010400008100002003C
:1070400000000800000004000000040084000000AC
:10705000008002000802000001009085010000A0ED
:107060000010000000800005040000080105200059
:1070700000008200002100000000000000842000C9
:1070800000000000008000000102840000000400F5
:107090000400000000000008008000000000000064
:1070A0000010080001000000A00000080910000006
:1070B0000800880000000010000000000000000030
:1070C0000108200011C008101009411000000490B0
:1070D0000410008480002184000008048001101046
:1070E000881141C000000300212040841100088461
:1070F00000840210008409200484408200084004B7
:10710000400000000400A02100004108001021C040
:10711000000420040000008209900000000402A086
:1071200090000210900404A080058885009005A1BD
:1071300020050005200420C0A1100004C1884100E2
:10714000008800890021C04082110840000000052D
:107150000110A100844120038841842105400240A0
:107160000820089020408241400408088305C0217F
:107170000000C02000410841001000100000C000C5
:1071800000008200000000000408002100A1A0050A
:10719000000082858403082108400410040000C117
:1071A00000002041200804C1824004900504C02052
:1071B0000420042004A000C008042000C0800803AC
:1071C0008804000000048003092082090004880369
:1071D0008904001120C180038241020200080021BD
:1071E0008802112141000380A1800000C00021809D
:1071F0000200000041000500800082000400080039
:1072000080004080080000001103210909031002DA
:107210000003800905000000000380090900000048
:107220000003000921000000808380890400000021
:107230000003800910000000000300091000000096
:107240000003000940000000400108011100000097
:1072500003011109408900110801100021004000BC
:107260000000A101000001000188202040900800DA
:10727000018200C002C001900000900020000000C8
:10728000A102C0004108010000000201040040000A
:107290000100000104019000000000010201400013
:1072A000000000010001A100000088839009918284
:1072B0009084000190010300900090012001900053
:1072C00000000001040188000000100288004090C6
:1072D00020004100832041100100820040098840C5
:1072E00010012001C18802A183C088002100908480
:1072F000C10190001100A0001001A1004000A000F9
:107300001000880089008200A000000011008500A4
:10731000890085400440C000C00283014000A000F5
:10732000A000830000400000008801008400C0012C
:107330008800830304C18300882083020200C10007
:1073400082888301A001A000A0048309808000003E
:10735000000000419002080090834000110000C12D
:10736000028200400002880020209082110002006A
:107370000280C0092000C1000500C10910000300FF
:107380000000800011004000210004410000112194
:107390001000410083800080800000008305100001
:1073A0000000800083110000000000000321112173
:1073B000800580008311800321008080838380000A
:1073C000A1000000830511020000800083850000F9
:1073D0002000030080004009801180881140C18096
:1073E000000003904103084100A005A0090300002C
:1073F000800800020083000500080308000800045C
:10740000001120888089002000100005008800807D
:1074100000200041002011030000028021098003A8
:107420000000008000090003008040000089800304
:107430000080008091898083000000802189808302
:10744000000000000009000300000000080900839C
:1074500002A0008800400290010810A0A011212184
:10746000100200400103C08901900040010985C05D
:10747000A00002200090108900000001000000011F
:10748000000200A000A08882000100050008001191
:107490000080008900110009A10500C0011000054D
:1074A00040210002004000C1009100020084002140
:1074B00002910010820841A18883008200C000036D
:1074C00088830002000400890021000000C001C17F
:1074D000004100900020000000400900102102003F
:1074E0002020018300C00000004082400283400150
:1074F0008988029020889001C000004100010000AE
:1075000000A000000082000000040008000000004D
:107510000090008040012001C00040100110009048
:10752000000100000188012000000040014000200F
:10753000000000018389A1A0A000A0408389C1A010
:107540002000C082018901A0000000901189110271
:107550000800101000030080000000000308A14094
:10756000A109400010C041840500210080000308EB
:10757000852089808000808000218000002000021A
:1075800000210000000400000000000000110000C5
:107590000003000000808040800900110000098085
:1075A00000000040000003A0040000000080030071
:1075B00009800011004183910480000000808391C4
:1075C000040080000080039104000000000083C0DC
:1075D0000400000000800081000BD00000000000CB
:1075E000000BD00000000081000BD00082888100D9
:1075F000000BD00000000081000BD00011000081C2
:10760000000BD00000000000000BD0000000008143
:10761000000BD000000000000041000BD000000073
:107620000081000BD00000000042000BD0000000E1
:107630000042000BD00000000042000BD000000010
:107640000042000BD0000A824188000BD0000000ED
:107650000084000BD00000000000000000000000CB
:1076600000000000FFFF67036F7E6F180000FF003F
:107670004E0C4E0CFC0C0C0C00000000F9F906003E
:1076800000000000300F000600000000F03006008F
:10769000000000007E666060000000000000001036
:1076A0000800FFFF0000FF000000FF000000FF00D7
:1076B0000000FF000000FF000000FF000000FF00CE
:1076C0000000FF000000FF000000FF000000FF00BE
:1076D0000000FF000000FF000000000000000000AC
:1076E00000000001001067036703097E091800000D
:1076F000FF0066006600FF00000000000000FFFFC2
:10770000060000000000300000060000000000300D
:107710000600000000007E666666000000000000B3
:1077200000000000FFFF0000FF000000FF0000005D
:10773000FF000000FF000000FF000000FF0000004D
:10774000FF000000FF000000FF000000FF0000003D
:10775000FF000000FF000000FF000000801000009C
:107760000000000000000000000000000000000019
:107770000000000000000000000000000000000009
:1077800000000000000000000000000000000000F9
:1077900000000000000000000000000000000000E9
:1077A00000000000000000000000000000000000D9
:1077B00000000000000000000000000000000000C9
:1077C00000000000000000000000000000000000B9
:1077D00000000000000000000000000000000000A9
:1077E00000000000000006F600FF0C04CC043C3C46
:1077F0000F0600240024009066F60060FF6F000072
:1078000000000000C3F000000000F0C0F6C6000059
:107810000000C0C0C0C00000000000000000000068
:107820003F3C404070700000000000FF0000FFFF80
:10783000000000FF00003C3C000000FF0000FFFFD4
:10784000000000FF00003C3C000000FF0000F0F0E2
:10785000000000FF0000F0F0000000FF00003C3CD2
:10786000000000000000000006F63C3C0004C004DC
:107870003C3C00060024002400F000F000600060A2
:1078800000000000000000F00000000090809080E8
:1078900000000000C0C0C0C00000000000003C307C
:1078A00000003F3C4040707000F0000000FF00000E
:1078B0000000000000FF00003C3C000000FF000052
:1078C0000000000000FF00003C3C000000FF000042
:1078D000F0F0000000FF0000F0F0000000FF0000EA
:1078E0003C3CA08600FCA0B000050586049000800A
:1078F0000000A08620F4409300000086007003B0D2
:1079000000000086008C00890000008400CC00B8D4
:107910000000008600F000100000008600CC00B0DF
:1079200000000000008604AC00B900A0C0C6C0FC86
:1079300030B04903C0C7C0FC30904903C0C7C0FC89
:1079400030B04903C045C0DC30004903C043C0BC6F
:1079500030004903C047C0FC33B04903C047C0FCF6
:1079600030B0490300000000050030F0E828F000C6
:1079700000FF0CCF00000000000F282D00003C0C81
:1079800003000300FC3C0C3C000FFF0F0000000054
:107990000000000000000000AFAF0CCF00000000AE
:1079A0005F00FFFF0000FFFFF7F50000143F00003D
:1079B00000001400140F00000000DFFFD7FF0000DC
:1079C00000000D0F0DAF04000100BEBE0CFCAAAA02
:1079D000AFA0D7D70F55000000006699996600C385
:1079E00082C0F0F5FFFF0000000005003000E8282D
:1079F000F00000000C0C000000003C3C3C3C28085F
:107A000000001400143CFC3C0C3C0000FFFF000094
:107A10000000000000000000000005050CCF000081
:107A200000005000FFFF000028AA20A0000014035F
:107A3000000000000000000F000000001030143CA7
:107A4000000000000D0F0DAF0000000014140CFC2E
:107A50003C3CAFA014140F550000000099666699D5
:107A6000000082C00055FFFF000000000000000081
:107A7000F028F028141E141E00000000101A0A0A34
:107A800000000000C0FF1400AFFFA0003C3C3C0F12
:107A9000F0003C00434300C0000000003FFF7FFFB8
:107AA000FFFFF0F05555555F0000000000005DFF3E
:107AB000FFFF00000000C3CF003C0000000008589A
:107AC000F7A70000000000000000FCFCFFAAF5F58D
:107AD00014D700000000FCFC14BE000000003F03AF
:107AE0007D7D00000000757D0C0000000000FFFFA0
:107AF000E3C328282828000F000F00000000101AF8
:107B0000000000000000C0FF1400AFFFA0003C3CDC
:107B10003C0FF0003C00404000C0000000003CFF73
:107B20007DFFFFFFF0F01414141F000000000000A0
:107B30000CFFFFFF00000000C3CF003C000000006E
:107B40000858FFFF0000000000000000C0C000AAAD
:107B5000050514D7000000000C0C14BE0000000046
:107B6000033F7D7D0000000045410C0008008200BD
:107B7000040008001100910011208520030004007A
:107B800003001100200000202000402082208000FF
:107B90000000A000000400000400212008C0110023
:107BA000042002000400030004000400000004009C
:107BB0000800080011002100880021400420020074
:107BC0000410040040000000090008000000040048
:107BD0000000020002008400000084000300050091
:107BE00004040000910011000200090003000000DD
:107BF000200000000000000020008480020000003F
:107C00000000000000000100000405000100200049
:107C1000080004004004008000040400000000008C
:107C2000002091400000000000000000000000C0A3
:107C3000000000002000000000002000048085807B
:107C4000000000000400A0000000000084002000EC
:107C50000200020084000200040000000400000092
:107C6000000000004000200084410000A00020002F
:107C700000008000802000202000C0A02003048895
:107C800004880300A0C00001A00484A08000830039
:107C90000400040008208400000000C004008004E8
:107CA00000002110000000040500000010A00000EA
:107CB000000000C00000002000008000000109203A
:107CC000000805880000100000000004000102A068
:107CD00000A00000000000110088000000C0008922
:107CE000022000200001000000200000000000C071
:107CF000000000212000209104C10500030001A024
:107D0000A0000100200805210004049021002002A9
:107D100040020121011101900900904100410340FE
:107D20001090A0100000822104A000090020020091
:107D300000400000001000100010000040418204CC
:107D4000824100210009A041030002200000004000
:107D50000100002000100010000282050021002018
:107D60000040900000410002004000000840000078
:107D700082008210008200100020008540C00002B6
:107D800080008010041000900011200200900085F7
:107D90000084401040C1C000A0A000854001000444
:107DA00000040000081000400400800800400000AB
:107DB000000000840000000409C000200090004082
:107DC00020C0008200898010000880002000801000
:107DD00000000002801020201000000800000000B9
:107DE000800000040010008280840084008300C0B2
:107DF000000400000020001088002009040400098D
:107E000000000400400000030000000411410000D5
:107E100000040041110001102102410010048404FB
:107E2000A09000801000A100822001090400000041
:107E300008000040A0000000C0028409C020100318
:107E400000820100000200200402C00002000100C4
:107E5000400000000000040000000000900000004E
:107E6000000004002000101000004010400000043A
:107E7000000008000000000380C020840200A00968
:107E8000000000008810210500900090100088403C
:107E9000204005100020C12020010501048803C0F6
:107EA0000010100800118584088200880400020276
:107EB00002C04110059021C0000011A020842008BC
:107EC00000881182004005844101089004820890D6
:107ED00008C02100100002004100080000001084CA
:107EE0001000A10008200000090008842108418238
:107EF000100005A0104010C021202009900090091A
:107F0000109008081041200500820810004100412F
:107F1000210083028200848020800020A0100900BC
:107F2000000800000083900202000110020411000A
:107F3000A0C188024021A0050000008084058220A5
:107F4000404000000000080000030004010083041A
:107F5000A11011080003004110401009C1410005A3
:107F6000902000000208C0114000C0000000888579
:107F70000010840800009021000900004088800063
:107F80004085000021040408054103880084412045
:107F900020880810082000912104A00080100810FB
:107FA000410041A080C000004002000440010004E4
:107FB000000000200002000009020010000004027E
:107FC0000488009011882110008811C005000882E3
:107FD000081000410440030840834090408204029E
:107FE0000800C182020000832001001003A10010DC
:107FF00008000200C0040982410020000282100033
:1080000010000004081100100000082004081000EF
:108010000021010889408841A00400802021080037
:10802000000084000000100000020100048900101C
:108030000000900908090020C003000000000000B3
:1080400004000208004100210000000900080000AF
:108050000100851000C001210021851001080140A8
:10806000C1000103400000030020002000000020A8
:1080700000A10011004008000005000402000000FB
:108080000400008804100040000040100400008438
:108090000082020841008084002020C0414000414D
:1080A0001000028883001010048900008002000480
:1080B000100820C004840010200002C000C041004D
:1080C0000000092008821120050000A0410088005E
:1080D00008200808111002000504200220000300F7
:1080E000201120880300030000A008001090000069
:1080F00021401020002000200020098803C008042F
:10810000419002040220A00000080000012111118A
:1081100000418204850882000400A0008820000439
:10812000200400031000080000A18208A00940807C
:10813000000208101021090090008421840502210A
:10814000820000000204824000000210820400103D
:108150001010108011008841010540801100890035
:1081600008000104A000000000000440000000001E
:10817000000020850080008282801084A0000041E1
:1081800082200200000004000200000080000000C5
:1081900080000000418085008580108020832009B8
:1081A000118009891103200900410505800502108D
:1081B0002020001040210408801041080000000029
:1081C00000000000000000000000000000000802A5
:1081D000A189020210A182808000A00040801103CA
:1081E00089202102204120C090A0880811C0402091
:1081F00088C04108030280858020858900910000A5
:10820000000000008000A000030003000000400008
:1082100084008800000001028520A0C0010408033A
:1082200009A1C00201112101000108000004080099
:108230008401C10090001001000102010100000052
:10824000000000000000000000000000000000002E
:10825000034120850110010289829088408201102B
:10826000A101830002010001218391414108011114
:108270000189091102C100218882908540200040B7
:108280000000000090001000050185000902A0C058
:108290008800820008888403410084002020820135
:1082A000040082880403C1050090C1040089010113
:1082B0004000A0110401C100200083024189820016
:1082C00000000000000000000000000000000000AE
:1082D000000003009188C004418402112000201096
:1082E00082901000C0021001110504008203C189B0
:1082F000829104200591C02102014000880189007B
:1083000083900000000000000000884090048580F9
:10831000118400210040008080108200A100418073
:1083200041118003008380A189892100418041118E
:108330000309900020C089118802850004910885F6
:10834000910200000000000000000000000000009A
:1083500000000000020809858380890000888200EF
:1083600082008080210489808811032091050541C5
:108370008289828340802003859008038041101108
:1083800090008380000000000000000000402010EA
:1083900005000090110000800380008000908003A1
:1083A000C14180412189004121899111030340028B
:1083B00009C11103000000804100088003900011F2
:1083C0001111C0C10000000000000000000000000A
:1083D00000000000000003200021899185A0008595
:1083E00000C091A080852020008209A0918303C154
:1083F00000838311A0839005200383A0844109801A
:1084000080009180C0800000000000000000100289
:1084100001A000C00003A020004000400040002157
:10842000402002C04020010590A12005212101002B
:108430000001010421010490002000080004012033
:10844000000000008489000000000000000000001F
:10845000000000000000000000A1049082A08840FD
:10846000009082C1858588820003004101A021839C
:10847000830584C09121898283024010111021C09C
:108480008240028891A08982000000000000000064
:1084900082010021A001000210012090880020022A
:1084A00082018282A00120830301A1000300030452
:1084B00001880911000000000140000101010002D3
:1084C00001A00088010100880000000100000000F8
:1084D000000000000000000000008805A00103006B
:1084E0000488820188088800022005880321038906
:1084F0001190824189001100100800020001010062
:10850000001082A1888420009082000000200008D2
:1085100000018004008800080080001000000011A5
:10852000118080400083802080888902410089007A
:1085300091800380849105050341030820211002E6
:1085400041000200111141021180000000080000EA
:1085500000000000000000000000000000A0050472
:1085600040050080801080C10003808003918491C9
:1085700040A00800C1118905A005A0004188410460
:1085800020030280801180418003008000000000F1
:10859000008000410A88000BD00000000660000B3C
:1085A000D00000000000000BD00011480082000B3A
:1085B000D00000001100000BD00041000041000B72
:1085C000D00000001200000B90002100000000000D
:1085D00000000000000000000000000000002184F6
:1085E000000BD00000600060000BD0000000000015
:1085F000000BD0000A000000000B00002142000028
:10860000000B000012420042000BD000005000009E
:1086100000000000000000000000000030303C3C82
:108620000000000000000000000035353C35040467
:10863000FBFBF700FF007D7D0FFF3C3C0F3CBCBC0B
:108640000A0A00000000FD7D7D7D0005003F00005E
:10865000000000000000000000000000000000001A
:10866000FF0FFF0FF0F0FCFC000000003DFFFFFFDC
:108670007D7D0FFF00FF033F0000000000000400AD
:1086800000004000000000000000000000000000AA
:10869000000000000000000000000000000030307A
:1086A0003C3C0000000000000000000030303C3086
:1086B0000000FFBF00FF00FF414100F055550F3C97
:1086C000545440E0000000007D7D7D7D00050030B9
:1086D000000000000000000000000000000000009A
:1086E0000000000F000FFAF0FEFC0000000005FF84
:1086F000FFFF414100F05555033F0010000000000E
:1087000000000000000000800000000000000000E9
:108710000000000000000000000000000000000059
:1087200000000000FFFF0000FFFF0000000078F0E5
:108730007878C33C96AA0000FFFFFFF0BEBE3CF075
:108740003C3C00540004F0302020FFFFFFFF78AADB
:108750000000000000000000000000000000000019
:1087600000000000A8A8FFA8EB6B8000000000003C
:108770005FF55FF5FCFCFFAA3C3C3CAA0000000052
:1087800000000000000000000010000002020202D1
:108790000050A000000000000000000000000000E9
:1087A00008000000000000000000000000000000C1
:1087B00050F05050FF00AAAA0000FFFF0F00828275
:1087C0003CF0AAAA00540004C0002020FFF8FF28B3
:1087D0007800000000000000000000000000000021
:1087E0000000000000000808FF086B6B000000009C
:1087F0000000000000000C0C00AAF0F03CAA0000F1
:1088000000010000400040000000000000000F0CCC
:108810000300000000000000000000000000A0862F
:1088200050FCA3C00405A886547CA3A000150086B4
:1088300000D0008000000086048400800000080052
:1088400004F003320010A88650ECA0A0000500063A
:108850000CE00380000500000000000000000000A4
:1088600000000000000000000086706C0398040007
:108870000080009C00100000088604F000920010A8
:108880000600008000000800008600E000B0100034
:108890000000009C000000100000000110600000BB
:1088A00055555A5A99666699303C2800FFFFF3FFE8
:1088B000C3F3FF0C5D5D5DFFFFFFBA3005FF3DFFB9
:1088C0000000FF0000FF0000000000005F7FFFFFCE
:1088D000000000003C3C0000000000000000000020
:1088E000000000000000000000007020A0A00CFFAD
:1088F0000CAA7D283F3FD7D70F55F030C0000CFCA5
:10890000F5F5F5A0F3F3FF5517170000000000F58B
:108910000C007D283F3FAFAF0CCF000000000000EF
:108920000000AAAA5A5A6699996630002800FFFFEB
:10893000FFFFC3F3FF0C0C0C0CFFBA30BA30050577
:108940003D3D0000FF0000FF0000000000000F3F61
:10895000FFFF000000003C3C0000000000000000A1
:108960000000000000000000000000007020000077
:1089700000FF00AA7D28303014140F55202020203D
:108980000CFC0505F5A0303000551717000000005D
:1089900000050C007D28303005050CCF00000000DC
:1089A00000000000000000009966669900000000C9
:1089B000FCF80C08FFBCFFA005FF3DFFFEFAFCF031
:1089C0003C3F7D7F00003C3C0F0F0000000000009A
:1089D0000F3F5F7F0000000028F800D0000000007B
:1089E0000000000000000000000000000000FFFE8A
:1089F000FFFCAAA0BEB43C3C3CAA00000000000062
:108A00000000FFFFFFFFAAF0EBEBFF551717550023
:108A100078780434C0C0EB28AFAFAFAF0CCF000004
:108A20000000000000000000000066999966000048
:108A300000000C080C08BCBCA0A005053D3DBEAA6A
:108A40003C00000F555F00003C3C0F0F0000000091
:108A50000000003C557D0000000028F800D0000018
:108A60000000000000000000000000000000000006
:108A7000FFBEFF3CAAAABEBEF0F03CAA000800045C
:108A800000000000555F7D7FAAF0282800551717C9
:108A90000000000004340000EB28A0A005050CCF66
:108AA00000000000000000000000000000000000C6
:108AB00000000000000000000000000000000000B6
:108AC00000000000000000000000000000000000A6
:108AD0000000000000000000000000000000000096
:108AE0000000000000000000000000000000000086
:108AF0000000000000000000000000000000000076
:108B00000000000000000000000000000000000065
:108B10000000000000000000000000000000000055
:108B20000000000000000000000004000400C1007C
:108B300004002000020004000400022082000582DC
:108B400080001100020080100201090100010404EC
:108B500021200920000108201120040020402000CD
:108B6000A00490008220A008800000000001801076
:108B700003001104A0000889904080408400A004F4
:108B8000040184001005840821018088820004000B
:108B9000918805000409000100A0000100210201E4
:108BA00000200201040104050089210102000100E6
:108BB000040001000000000003009140C009020011
:108BC00000002000024101000200044000040804EB
:108BD00002890200040000048280000001000100FC
:108BE00001000580050004000400040000C0080224
:108BF00002000000008004000120058002820400C1
:108C000004002020040000A0040000200400020052
:108C100009000800000000200420000000200820B7
:108C2000082000000820022010A0002000204000A2
:108C300000411190409091008000800011008091CF
:108C40008000020000000900040008C021010004A7
:108C500004000088410880000320000880C0020052
:108C600080088000A0058000200000008200000035
:108C70000008804009000020000000020010910060
:108C80000010082103000510000800040000200067
:108C9000A0402010800404400008802010400008FC
:108CA00002880809100000110040411000100091D6
:108CB000000000C00200000020030441024104083B
:108CC0000420041040002010400903000010202060
:108CD0000021010000002003042182A0900004096B
:108CE000002104210410218402100510001021200D
:108CF00000000000029000100010001002900041DF
:108D000040000020044000210420022000A0901018
:108D10008300218901090490049000100210009042
:108D20000800011004040000900400C000000010BE
:108D3000004000C0088200C0080805100040100371
:108D4000008400A12004800491880010000000C06D
:108D500000100040001000102010201000108002B1
:108D6000840000028003A002A101001000000002A4
:108D7000000800001110C0400210009002410008DD
:108D800000A0044005212002000500A00040004092
:108D9000000002020001008400A080040084004062
:108DA00004020000200800A08400208400090004C0
:108DB0000521000084080000000084041000848065
:108DC0000820001084048808200804200000840083
:108DD00000108208848882000000018090009003C7
:108DE00004000400000320042004200400020040CA
:108DF00000080000000002110280100500031004AA
:108E0000008020000141A004910000044000408047
:108E100000A10000092002108803000002A1000048
:108E2000202101000003110900020303090082044C
:108E30008400100404002004054082880020020001
:108E400040041004204002902002908884108488FE
:108E500041C0058904891088118200820000110137
:108E6000080088008882100005821082A0400084DB
:108E7000209000A01000000010A0024080C0100848
:108E800008041184108221400008038203080009AD
:108E9000031041C0088508100200042021009091B1
:108EA00008040004080403040008028410049084E9
:108EB00008A0034000A00090908040852000880812
:108EC00008001080C0880880C11011110409030037
:108ED0002100201090044104882100002000C010CF
:108EE00004049021021002218210001004052111B7
:108EF00082410100040982400000C041C188040889
:108F000008800085042100111083040002208820BD
:108F100010040409880504040041A141A180C00493
:108F2000024004858288A08004A1C005C0000280A0
:108F30000240101008C0C0004021411040054040D0
:108F40004110C0000920418420A0208405841085A0
:108F5000001004C00902040441C000C0022000A0A7
:108F600004A04110051000041084410220020502F3
:108F70000811088803040801058400000484808522
:108F80000484410404A00302030282C04120410280
:108F90000202C18810A0090011200920021004005B
:108FA00004880320004009000000000202A0418460
:108FB00005211002008400104000410290081004B6
:108FC00084800008040800900000010201040000F1
:108FD0008240840801080008010500030000C080E9
:108FE000000800000000104000A102000008410835
:108FF00040404004000000800004400000000040A9
:1090000002408900000900110400008003080003E9
:1090100084000100200088030004000400400021B7
:10902000030001000008A02000000020000400044C
:10903000080000200800001100000800000084045F
:1090400005A01000204004000940000004000208B0
:1090500041100900218420401004100402004184C2
:1090600009840084100008C0090110C000C041201C
:1090700010900388A09020820208A1082008000018
:109080002184028410040900040289020500000002
:1090900041C00802099008C000C000400383094095
:1090A0000382412010900004034008C021C0030542
:1090B00003880490089041400808008205000301DD
:1090C0000380A000A00021C0914100212003850061
:1090D000A0000200C010081010C000838808880893
:1090E000A0001020000082218803004090048441E9
:1090F0000841A02090080202101100000203880518
:1091000000000410C0210203C041040002404009D5
:1091100090000041100010090000C01182001040B2
:10912000820000000488080008A100090000100067
:109130000804840401200005A008C00382009000F8
:109140008404000341098200008000834089840078
:10915000000000038009C10000000003C009900066
:109160000000800380090400000000038009100053
:109170000000840440110921891021202121098443
:1091800009090000A000804000400000A00380000A
:10919000001188108003000910000000000311096D
:1091A0004100000080838009200000000083C08906
:1091B000040000000003000988800000000300098B
:1091C0000200000088090241094000C0401109C1A5
:1091D0000282004000110889028800884089094104
:1091E0000282000220C140A1A088008888010401F9
:1091F000C000000005011000200111010191A191A2
:109200004011010300004100900108011000A1017C
:109210001000900109001001880120001000400991
:10922000A009A10490000283C00901880040400900
:10923000102190A000029005028905A000A0041151
:1092400084C190C0000204042100080221010841E9
:109250000400A01041C1081011000010C121C0116C
:109260009100900883114000410004000585901191
:10927000110040824105109009018240C101910214
:109280009182412111000000090490C088A0820150
:10929000894009024120C0894005020082880905F1
:1092A000A00311001090A1C108018300C090838425
:1092B0000291C000024009C11020080002200900EC
:1092C000A020110004200505800041000080030952
:1092D00080100300008083C08083C1000080038968
:1092E00000A04100000003098000C1400000038984
:1092F00000C0C10080000389C0002020058009094A
:1093000020000980C121892100000280C02182093A
:10931000890310C008008204110500A100000000AC
:10932000830500A1410000000389800221000000A4
:1093300083841120800000808385008000000080ED
:10934000830200914100808003890000858000092C
:10935000000300002080800980030080900009093C
:1093600080830080840082090083008000000589DA
:1093700000030000218010098083020010910989F8
:109380004010C1200304020988080000034000A027
:1093900003C084A1400420041089219000000380B0
:1093A000000900830000A100000980830000020082
:1093B00041898003000082000809800380002000AA
:1093C0000409800300000200A08900030040081087
:1093D000821104090020C0A04089828900108904FC
:1093E0009003822100048288100510030008C01039
:1093F00003A1A005000400100101820901A00102DF
:10940000018541851111C089A089028800000101F0
:1094100000C100118882010801820040A18200C0C1
:10942000011000092005000810080805201100C0DF
:10943000088282A140A1008208A084C182894040A4
:10944000A040A089A009000801900885884109036F
:1094500000A00900C088852188A0C000C008C10004
:10946000040208000420910190A0900020A08388AD
:109470008308400000A00389894088008804000315
:1094800000880088008200C10140000901C000007E
:1094900088038800020001880983888502C009C00A
:1094A00091000840A001C08209880320400282A0E8
:1094B000854110409000C0C08589C1202000080867
:1094C000018901900002000805881120A0100410F5
:1094D00003880000400000028388000010000000A4
:1094E000030400808500008003020000000091005A
:1094F000838404808000000003A00480000000003A
:10950000000300030008008402822110108921005A
:1095100000001091034004402080838241C0050474
:10952000900009088000004000800389040080004A
:10953000008083058900800000008388040000000B
:109540000080038204000091008003898400008071
:1095500000800642000BD00000008181000BD0008B
:1095600000412184000BD00000418241000BD0005B
:1095700041001182000BD00000002184000BD000BC
:1095800000828100000BD00041480041000BD00058
:109590000A0000008182000BD0200A420081000BEB
:1095A000D00011000042000BD00042820082000B6C
:1095B000D00000001142000BD00000000082000B20
:1095C000D00000500082000BD00000000050000BC3
:1095D000D00000000F0F0000FF0000000F0F000080
:1095E000FF0000000F0F0000FF0000003C3C0000E7
:1095F000FF000000FF000000FF000000FF0000006F
:10960000FF00000000000000FF99FF99FFFFFF3EF0
:10961000009900800000F6F606068504810020000F
:10962000F0F030306060FFFF0000FF000000FF003E
:109630000000FF000000FF000000FF000000FF002E
:109640000000FF000000FF000000FF000000FF001E
:109650000000FF0000000F0F0000FF0000000F0FD0
:109660000000FF0000000F0F0000FF0000003C3C66
:109670000000FF000000FF000000FF000000FF00EE
:109680000000FF00000000000000FF999FF9FFFFAD
:10969000FF069900800000003F303F3085048100C4
:1096A0000002F0F3F0000000FFFF0000FF000000E8
:1096B000FF000000FF000000FF000000FF000000AE
:1096C000FF000000FF000000FF000000FF0000009E
:1096D000FF000000FF00000000000000000000008C
:1096E000000000000000000000000000000000007A
:1096F000000000000000000000000000000000006A
:109700000000000000000000000000000000000059
:109710000000000000000000000000000000000049
:109720000000000000000000000000000000000039
:109730000000000000000000000000000000000029
:109740000000000000000000000000000000000019
:1097500000000000000000000000000000FF00000A
:10976000F0F0000000FF0000F0F0000000FF00003B
:10977000F0F0000000FF0000F0F0000000FF00002B
:10978000F0F0000000FFFFFF0F0FFFFF66660F0FF6
:10979000FFFF47004600670000000000F900F900E5
:1097A000000900090404383804244464000000FF60
:1097B0000000FFFF000000FF0000F0F0000000FFCD
:1097C0000000F0F0000000FF00003C3C000000FF43
:1097D0000000FFFF000000FF0000F0F0000000FFAD
:1097E0000000F0F0000000FF0000F0F0000000FFBB
:1097F0000000F0F0000000FF0000F0F0000000FFAB
:109800000000F0F0000000FFFFFF0F0FFFFF656694
:109810008F0F7FFF30002000E7060000000060008F
:10982000600008080E0E00003C3C00204060000074
:1098300000FF00000000000000FF0000F0F000004A
:1098400000FF0000F0F0000000FF00003C3C0000C2
:1098500000FF00000000000000FF0000F0F0C0C7A3
:10986000C0FC31B04903C0C7C0FC33B04903C0C716
:10987000C0FC33B04903C0C7C0FC33B04903C0C308
:10988000C0BC33B04903C0C7C0FC33B0410300863D
:1098900000F003B00000008600F400B000000000FB
:1098A000000600E40103000505860AF400B000800C
:1098B000C0C6C0FC30B04903C0C7C0FC30B04903CB
:1098C000C0C7C03C31A04903C0C7C0FC30B0490389
:1098D000C0C7C0FC30B04903C0C7C0FC30B04903AA
:1098E0000303000002000002FFFFFF5D1403143FAA
:1098F000030003000000073700FA3000300030F0AA
:109900000F000F0F690F0F0F0B300B007C7C7C7C5E
:10991000000000000555055500000000F050300023
:1099200000000000000F000000F000C000C00300B5
:109930003CFFFFFFFFBC0C000C3C3C000000088219
:109940001C82163C3E3C00004000FEFE54540504C0
:10995000050E0000000000008080551050101E1EF3
:109960001E1E0303000080000080FFFFFF0C0000AC
:1099700000002C2C202000000434000A30000005D8
:1099800000050F00000069690F0F083008003C3C1B
:10999000FCFC0000000004540555000000000050CD
:1099A000300000000000000F00FF000F00EB002857
:1099B00000003CFFFFFFFFA0001400142828C0C0D7
:1099C00008001C003C3C3C3C0000000055005500D9
:1099D0000004000E0000000001020102051000104A
:1099E0000055AAFF00FA30000A0ACBCBCBCBFFCB45
:1099F0000000FFFF003FA00000000000BCA0FFFF30
:109A000035F000004141FF413DC7FFFF000000006D
:109A1000FFFFFFFF000000003FFF7FFF00000AFC88
:109A200003C3404000000000000038380438000044
:109A30000000F0008000000000007F7F7FFF000F2B
:109A400000050500F5000020FFFF3F3F0004FFFF79
:109A5000FFFF1FFFFFFF202020201FFFFFFF03034A
:109A600003003FFF7FFF000A30000AFFCBFF0A0A16
:109A7000FF0A1555FFFF0030A00020202A2ABCA0B5
:109A8000BCA0350000004F4FFF4F38C2000000005F
:109A900000000F3F5F7F000000003CFF7DFF0000E3
:109AA0000A0C00C040400000000000000404003C1C
:109AB0000000000000000000000000007D7D7DFF30
:109AC000000A00000C000C000000FFFB3F3F0000FC
:109AD000FFFFBCA01F1FFFFF333003001FFF1FFF4E
:109AE000000300003F3F7F7F0001090005010200E5
:109AF0000408040102000204020008A0040011A0EE
:109B00000400402002002020820021008200850401
:109B100002008020A0000020000404040000024194
:109B2000020011C08804200500000401002000206C
:109B3000052004A102408240000180A084008241EF
:109B400091000440210009C08200844008001100F7
:109B500005C00300030000040340030804000400E0
:109B6000020082008220040102C1202000000020A7
:109B700001409000010400000180050091000800F0
:109B8000000900000080C0000080200000032000C9
:109B9000048000002000030000000080028000001C
:109BA000000400000800028082A000C02020008085
:109BB0000480208000200080048300200400040032
:109BC00003A004002080840000402100088082005F
:109BD0000000000000008200048000808200A000DD
:109BE000A000000005000400042002200000000086
:109BF000000000A000000040000100000010024131
:109C0000000004002188000000880040004000C0DF
:109C1000049000C084009000100080C0110000017A
:109C20000000000080A0000000A08000000000A054
:109C3000110000102004008800000000000000C097
:109C40000004209120400490804000040020888877
:109C50000041002000000000800000C0081000400B
:109C600084C102200940050011A000010040A003AA
:109C7000202082419010022002800404040300038B
:109C8000019000000110C00004000010020000A1BB
:109C90009020C120000811100510001004100010C1
:109CA0000020A0000010020000200010042000008E
:109CB0000020082100200190A00900101010901031
:109CC000001000A001400590034020C0209000102B
:109CD0002021000420102010044104100010002056
:109CE00000900510839000900000A00004100091E7
:109CF0000000111009000888801040C00482042070
:109D0000058420400840000480A0202000040004B6
:109D1000001000A000840002204080400002A00447
:109D200008844002201000020409100200040020F0
:109D3000000000080204000420A0004000C084408D
:109D4000118400C00940210800092140008404401A
:109D500004C0031002202084100320900004A0A05F
:109D6000A01021A0419004A0000002A00000040265
:109D7000098400041004C010004008034008C10218
:109D800091108240419002090084200009008280E5
:109D9000C0804021C004A0020021028020000008F1
:109DA00004111000000511210010C08401008288F8
:109DB00010000000C0009089A00011202010002099
:109DC0002000900300050080C010044040050400FE
:109DD000034009202009010288210040090300C036
:109DE00004000500A00540110120A04011208800BA
:109DF00008000208210184848408100582101100E3
:109E0000204002020004020002040800414020C079
:109E100010000200040290840204020020002000CE
:109E2000202008080840104000A08040008410C096
:109E3000080410A0000003A0000209002000002078
:109E400002820440009008A005908284050400A0CE
:109E5000040409A011A02140200008412108A18488
:109E60001000090002A0002000090504212021059E
:109E700010C00500090082042100210302A0058012
:109E80001000A041000402902100A08802040800F4
:109E9000881000110400A1000408034011112100E2
:109EA0001000408800830005830500000404102092
:109EB0001103000341080000080090210004030082
:109EC0000008A01111040008A00090050300048000
:109ED0008400C108C00500088810001088201021E7
:109EE0000405C0400000080008890004888820801C
:109EF00082C000088200100882084120000000C0D3
:109F00000302400000A002880084082041200304CE
:109F10000900050805001010080441A00310098479
:109F20009000080108021040212041880002099099
:109F300080882083000800C0000020840004008482
:109F400020044084092120000901418440000800C8
:109F50000440094004002108044011100284400418
:109F60000088028408058908030091900888000091
:109F700021200940088841000002050002800021DC
:109F800020000005001000050405880402200203DB
:109F900040039021001100418808000308000000E0
:109FA0008400200400401011200000082000000858
:109FB000000002008440888900090000001010821F
:109FC000844005A0900084A08820822020032020C7
:109FD000A0048200021110110040050300210411A9
:109FE00082118800910000400220C000042000007F
:109FF000020004A1A00940110004901000C005A1B6
:10A0000003000400200005A00510040121888984B4
:10A01000204021000488030002844084094041104C
:10A02000108841104110039041822005409021107A
:10A03000410041022011041110820810000000901C
:10A0400088C009000540000484C041848840888499
:10A050000482000002C0009103C010410284000885
:10A0600008C011040304038809000220408420C1B1
:10A07000024004841004418841C1A1A0850210104F
:10A0800002400000041121000040C0118820880017
:10A0900002400091882000044000904088000000A9
:10A0A000A0048800A000900584031000A0C0000058
:10A0B0000041000010000004A004001188400000CE
:10A0C00000090203900202A08880204190112080A4
:10A0D000200500108400842110040800082010408E
:10A0E0000000840000C10080A0408421C0C108009D
:10A0F000010400A18400C0918800A0042002200473
:10A1000000030489400000800083808921800000D2
:10A110000083A189080000008003900941800000AD
:10A1200000030909820000808903C00820C105C11D
:10A130001110C19090400485A003C0100220038834
:10A1400000008005090991110309000380094000FE
:10A1500000008083C00902000080000380090080A5
:10A160000080008391890480800000839009200092
:10A170000000800309890880000000832089050011
:10A180000080A0C14111A0880008004102112102F5
:10A19000000490118209009000A010C1218591084F
:10A1A000004084A1A1894190001088001084891189
:10A1B000000800831003C1A0A0208390A0890004A0
:10A1C00000C000008400A101200100010001400145
:10A1D0002100000010210511900400C004C11009E5
:10A1E000401000402011100900C0102040A102C101
:10A1F000910400C020A14021410800C00283858550
:10A20000A02004C0100402004108C1110011000088
:10A2100000400103880108001140C191A00188009D
:10A220000340A191880984001020090991A0080524
:10A23000C104048841004000C104118221009088BB
:10A2400020A0100400004021C10409400508084076
:10A250004000A120418300C08800822009080840F6
:10A2600004008302210910008200212083C1049090
:10A270008800A11041A11041A0000320A1C102202B
:10A2800020008940918980A08040A10083090010AE
:10A29000000000000340004000002100830900028C
:10A2A00000002100030900408010000003894041A4
:10A2B000210885900221200003210580408302416E
:10A2C0000911C11002A10000058484900585098848
:10A2D0000041000021800389000309000080038001
:10A2E00080A08000218003098002000021808389F2
:10A2F000001100002100030900C0000021000389B3
:10A30000808300002180030900000580808980830C
:10A3100000000480808900030000000040898083E1
:10A320000000808008890003000003000909800301
:10A330008391A1022140201082A000102088C00932
:10A340000940000509210891000002002100208039
:10A3500005850000408000090003008041008089DD
:10A3600080030000200008890083800080800009AD
:10A37000000300002180840980030000820003099B
:10A38000808300802100A109800300C0042004858F
:10A39000820900880204200908A10088C020A011B9
:10A3A0000283002040080985002100828584200363
:10A3B000828921C00940C0081105200808A008852D
:10A3C0008590100400028885A0880000A120000468
:10A3D000008420C040040008000190A1000404880B
:10A3E000088502030000C104C185840502C0040879
:10A3F000A00900A10004880882850821022003C06A
:10A4000088834083A004201084C12001C18889A0D2
:10A410000200A008098841A088000202838811A0D8
:10A42000880008404184080282000211031184A0C0
:10A43000C0A11020080041040400C110888484A039
:10A44000A001400321209003C000414000000810FB
:10A4500010038388A11003914090000010401184E4
:10A4600041208200400009890982100040A009882B
:10A4700041400802208883890982C000102005110C
:10A48000C010830010824189039002000440839130
:10A49000040000000080038084200000008003830B
:10A4A00084000000008003820080110080C183C00E
:10A4B00000800021A0C12010100303410883008800
:10A4C00000848008008810A005A100119180000080
:10A4D000C188838310208480090880000000808068
:10A4E000838040000000000003888400000080009A
:10A4F000838284008000000003C18480000080000B
:10A50000034000800400008083828400000080807B
:10A510001242000BD00000411242000BD00000009C
:10A520001188000BD00021002184000BD000000016
:10A530001242000BD00041820A50000BD0000600EE
:10A540000A00000BD00000488182000BD0004100BF
:10A5500000000042000BD00041008181000BD000C0
:10A5600000600042000BD00000001242000BD0003F
:10A5700000001182000BD00000001182000BD000FF
:10A5800082881182000BD00000410050000BD000E7
:10A590000000000000FF000000FF000000FF0000BE
:10A5A00000FF000000FF000000FF00000F0F000090
:10A5B00000FF00003C3C000000FF3F7FFFFF5F7F8B
:10A5C000FFFF00000000005555553C3C3C3C3FFF60
:10A5D0007FFF0000FFFFFFFF0000FFFF0000FFFF05
:10A5E000000000FF000000FF000000FF000000FF6F
:10A5F000000000FF000000FF000000FF000000FF5F
:10A60000000000FF00000F0F000000FF000000FF2F
:10A61000000000FF000000FF000000FF000000FF3E
:10A62000000000FF000000FF000000FF00000F0F0F
:10A63000000000FF00003C3C000000FF3F7F3F7F28
:10A640000F3FFFFF00000000001555153CFF7D7D0A
:10A650000FFF5FFF00007FFFFFFFFFFFFFFF000016
:10A66000FFFF000000FF000000FF000000FF0000EF
:10A6700000FF000000FF000000FF000000FF0000DE
:10A6800000FF000000FF00000F0F000000FF0000AF
:10A6900000FF000000FFFF000000FF000000FF00BF
:10A6A0000000AAAA0000FF000000FF000000FF0059
:10A6B0000000FF000000FF0000000000FFFF0F305F
:10A6C0000A003C283C2800000AFCFFFFFF2800028B
:10A6D0000000FCFC0C0C0000FF0000BEFFFF00416E
:10A6E000FF000000FF000000FF000000F0F000008D
:10A6F000FF000000FF000000FF000000FF0000005E
:10A70000FF000000FF000000FF000000FF0000004D
:10A71000FF000000FF000000FF000000FF0000003D
:10A72000FF000000AAAA0000FF000000FF000000D8
:10A73000FF000000FF000000FF000000FFFFFFFF20
:10A7400000300A003C28342000000A0CFFFFFFA064
:10A7500000000000AFA0AFA000003CF33CBEFBFB3C
:10A760000041FF000000FF000000FF000000F0F0CB
:10A770000000FF000000FF000000FF000000FF00DD
:10A780000000FF000000FF000000FF000000FF00CD
:10A790000000FF000000FF000000C0C7C0FC33B095
:10A7A0004903C047C0FC33B04903C0C7C07C3190E7
:10A7B0004903C0C7C0BC33904903C0C7C0FC33B015
:10A7C0004103A08650FCA3B00005A08650B0A39022
:10A7D0000005A086527CA19000050000018600ECD7
:10A7E00000B00000C0C6C0FC33B04903C0C7C0FC05
:10A7F00030B04903C0C7C0FC33B04903C0C7C07CF8
:10A8000033A04903C0C7C0FC33B04903C0C7C0FC74
:10A8100033B04903C0C7C0FC30B04903140055A091
:10A8200000FF7F7FA8A8A0000000FFFF00300030DD
:10A830000004FBFBFFFFFFFFFFFFFFFF0028303C92
:10A840003030101300000CFA00500CF0FFFFFF3CFA
:10A85000BEFFFFFFC000823C0004FFFB00000CFABB
:10A86000000000555555FFFF00000A0AFFFFFF00DA
:10A87000F00000001C3CC0C02828FFFFFFFF303064
:10A880003C000505000004045505283C0202000FA9
:10A890000C0A00000000D0D0F0F00000000014000E
:10A8A00000A0000000000808A0001C3CFFFF0030D2
:10A8B000102000007979FFFFFB38173FFFFF0028C9
:10A8C00030000000101300000C0A00500C00FFFFC5
:10A8D000FCFC3E7FFFFFC00082000000FFDF0000A5
:10A8E0000C0A000000551515FFFFAA3C2828FFFFA1
:10A8F000BE00F0000000800000003C00FF00F0F00F
:10A9000028280000000F3030040450000014020218
:10A9100000000C0A5000000CF1B0F1B0022A022A2B
:10A920000EC002C03FFF7FFFFFFEFEFE5555000038
:10A9300000AF0030500050F0FFFFC3C20000FFFF27
:10A9400040C340411FFFFFFFAFAEAFAE003050F03D
:10A95000FFFF28285CFFFFFF00000000000A000A3C
:10A960000000000000005DFFFFFF000000000C5031
:10A970000F00FFFEFFFC0FFFFFFFC11480143F7F9D
:10A98000FFFF830C800CFFDF20200B0B3000012821
:10A990002928FFFFFFBC3F7FFFFFC300C3C30000A8
:10A9A000C3C30E0002003CFF7DFFFFBEBEBE555577
:10A9B000000000A00030000C000CFFFF00000D0F95
:10A9C000FFFF408240001FFF1FFFABAAABAA003071
:10A9D0005000FFFFF82800FFFFFF0300C300080836
:10A9E00058580000000000000CFFFFFF00000000AE
:10A9F0000C500000FFBEFF3C0FFFFFFFC1008000B6
:10AA00000F5FFFFF83008000FFDF000008083000B9
:10AA100001002900FFBCFFBC0F5FFFFFC300808067
:10AA20005000D3C30408C00403042040844004A0A1
:10AA30001190A110001004400000408404010400A3
:10AA40002010041100042101020000010400112063
:10AA50000000040002000001040184040904410410
:10AA600010040420000080212020022140019104D4
:10AA70000304822121118240030011008204890015
:10AA800004089000820004A0084008110821081062
:10AA90008008020004088400A000200000001100CB
:10AAA000044009100340030004C004809000040027
:10AAB0002100000004000040010090000300840415
:10AAC00090008205A004048000040100820420009C
:10AAD0002080900000000100000401040480088030
:10AAE00088800080008000C020209000002002208C
:10AAF0000280008003408804038500210800048050
:10AB0000040010001100050001400840089008A052
:10AB10000800200020000080040921059000022088
:10AB200000000280C0000000000000208000809033
:10AB3000000100018010000180A000028820840034
:10AB400004040511000100204100000840A100009C
:10AB5000022021000001040180200040008200004A
:10AB60000000000040000001000000004110004013
:10AB700020000002000882400000024100040000A2
:10AB8000800800A0001080089004A021808380111C
:10AB900040088004A008000800C000080001000070
:10ABA000021000032020002004040440C010041000
:10ABB0000210000400040400900402020410049037
:10ABC00005080221A020020440A0900004210004F6
:10ABD000A010018000100204410404210488002117
:10ABE0000200040000110008000400008208004078
:10ABF000002000100421000503A0002101C000A1D5
:10AC000000210220000000201088419005A00420AF
:10AC1000089091900208050204009010A020A02046
:10AC200000000121004001C00480109000C000100D
:10AC30000002050000010004000309C040400210AA
:10AC400010000000044020C0A18309000810210466
:10AC500008020402001000210800400220820410B3
:10AC60000010000000044108040002A000002010B1
:10AC700010401110880004080082A0411040910586
:10AC8000828403C1020080A08300A108410984835B
:10AC900084210805840110041110001021841091F2
:10ACA0002111001141820408201000C004840041D9
:10ACB00004000802A00208200011822008020040BF
:10ACC0000100000200408505910304400840000097
:10ACD000841084204103C000108404100410C1417A
:10ACE0008805080908040040020504020441000028
:10ACF000A000848200102002211140020340008243
:10AD000002C00210100400000410040004A18220FC
:10AD1000052005A02190092021A182008240200465
:10AD200010201004202084008400C00808050121A0
:10AD300002020220A00084001104022041402001F0
:10AD40000401C0002000100082908804050805203E
:10AD5000050400C0119020C00800829000A0C1C06E
:10AD600021400440808420004104000000040000D1
:10AD7000000000C0040021040200020402200200BE
:10AD800020201009202085080408910302880582EC
:10AD90002088842180218811908490829001032052
:10ADA000022010082000412004C0212103022101BB
:10ADB0004108911104800421211084804190A0C099
:10ADC0009040032004001008C02004050200102059
:10ADD000A004A080200520038208901102000041F9
:10ADE00002050010010804208208900910040800E0
:10ADF00020100040840591408810850988851182C3
:10AE0000A1111002002004880400091140820020D2
:10AE10000221100005A004A003900408044005408E
:10AE2000A0820989C00001090008200400842005CF
:10AE300010040000808440840040C0C04100100025
:10AE400005024002008409108810A008028409A0AD
:10AE5000020411C000840220118410020304400087
:10AE6000400308400800210803A04091004008A0CA
:10AE70000084204000002000800002042000081010
:10AE8000210088410920094103400202100002000C
:10AE9000214141051120A004040420012088400123
:10AEA00010002004050241880203410490A00082A2
:10AEB0000082022109C02000000540022009000292
:10AEC0000200100240004008002020412082212082
:10AED000A00900100203000241201000002190A0F0
:10AEE000002184204040000808419040842020092F
:10AEF0008820820540020000044020029082411117
:10AF0000C02000100440A0A120A090054000000037
:10AF1000000802A00008080204040109101021051D
:10AF2000090490028804200884208920004104023A
:10AF3000040090114120004104840010118203A0FC
:10AF400002000840080410A041000000C084022054
:10AF500004C0041004008208200203020410000050
:10AF6000C0000582401120200010050841828000A9
:10AF70000284858202881184000000000584080094
:10AF80002008202020A00584008800100088098265
:10AF900021909000080090090000A020100888115E
:10AFA00008100484058480820404880408C01041C9
:10AFB0000320102000C041821140A0000410820331
:10AFC00004412000C011008804000009A0411000C5
:10AFD000410000050108082105090011C0080020F2
:10AFE000C04120109000102000808400002100410A
:10AFF0000210090902101110C0020000020908081D
:10B000001004040404850011900004048241A0008F
:10B010000200001002030804048804400588201080
:10B020000990408401000003200021800200840573
:10B03000C08820840041A020020820800003858968
:10B04000A100008000030009080000002140412108
:10B05000891004408003A1098500000000038009D5
:10B0600005000000800384898980008000034189F5
:10B070008480000080038409218000800000000398
:10B080008889900080000003008910000000008380
:10B090000509110000008811A01011410808C085A1
:10B0A0004090004141830808C00341880910109076
:10B0B0002009020310210083050909800080C003D4
:10B0C0000321218200C04001080141008800088559
:10B0D0004020204000C082C10285200200080001FB
:10B0E00020010000000088418311400400C00011CD
:10B0F00020112004000220119083A01000080000FD
:10B100000021C1210340820208910811900800A08B
:10B1100040030011201000000390088540910109B0
:10B1200083820140108291200488A110100200C186
:10B130000209851190100002A00304C120400010F4
:10B140000840200002108304C0080501C02003034A
:10B15000A0118488C0A10920C0080500C0100311F7
:10B1600040018300100209110810890040040309FE
:10B17000C090090020A091C1880109000804C141C4
:10B1800000000420020010202182000541001082EE
:10B19000A10588211100082021C1C02002018521BC
:10B1A000A1048811911141904000082085020921D5
:10B1B000C0408811888810118208C011410104C064
:10B1C00041C100908000008003C100204108008040
:10B1D0000389A0830810084190900084C1008080FA
:10B1E0000309004041000000038900844100000081
:10B1F00083890020C100000003890003C100800092
:10B2000083090000809100000000031100214141EA
:10B210008000038900A0C10080808389098205081D
:10B22000888404848803020805021008108521110F
:10B2300020A085110083008300A100A100834104A8
:10B2400000808309008010004189008300002100F4
:10B25000080980832090A01041C0A00500808800CC
:10B2600008090003000000000989008300808400B1
:10B27000058900830000210085890083008080808B
:10B280000309808300000000850005098003808099
:10B2900009800089808300002080038900034184A5
:10B2A00088080090C010200402849104039140405B
:10B2B000210888098840211020888085208480000A
:10B2C000020003098083A0101182A00510A10020B4
:10B2D0000008000982050104090820840388004051
:10B2E000208211911041008800900021A089904097
:10B2F00008828311044100100882034120210004C8
:10B3000040C020C1408300000082820809A1402182
:10B3100082088420882108A10008001000852003ED
:10B320000104104100841020910120409000C18848
:10B3300009C188088502201100C0C04008101041D2
:10B3400040A001A0C0A18209098803082084C09000
:10B35000090082109000A0910903041109001182D4
:10B36000C10920104000100805C0C08490008482EC
:10B3700041A0C0A004001020898909A00400C010C9
:10B38000C18903A0100002C00000858989A02001A6
:10B390009088C14088A0C08404008589A140C090E5
:10B3A0001082912010C09101040182214111C1003D
:10B3B0008802880584109000020410204084080050
:10B3C000040891201090040020A0838484800091C0
:10B3D000000083110000000010081040112102033A
:10B3E000C1800910800080008080834180000000BF
:10B3F0001080032000008000898003C0040000004A
:10B40000008003828400000000000000839004009C
:10B41000800400000300000000801000838204808C
:10B42000000080804141050941080210C121A08926
:10B4300020098300052005050410C100211021000A
:10B440000000A08009110000800080000660000B51
:10B45000D00000001182000BD00000501242000BFF
:10B46000D0000A418181000BD00006002184000B2E
:10B47000D00000600660000BD00042001242000BBA
:10B48000D00000000082000BD0400A000000004203
:10B49000000BD00041601242000BD0000600118268
:10B4A000000BD00000488100000B900000000081DC
:10B4B000000BD00021601242000BD000000012509F
:10B4C000000BD00041008181000BD0000650FF002E
:10B4D0000000FF0000003C3C0000FF000000CFCF58
:10B4E000E724C0430043FFFF0000FF0000003C3C96
:10B4F0000000FF0000003C3C0000FF000000FF00D7
:10B500000000FF000000FF000000FF00000000003E
:10B51000FF000000FF0000003C3C0000FF000000B6
:10B52000FF000000FF00000060E1FFFF66996699E0
:10B530003F3F0303FF7FFF6F7E001800624222023D
:10B540009918FF3C62422202FFFF0000FF0000004A
:10B55000FF000000FF0000003C3C0000FF00000076
:10B560000C0CE724C0400040FFFF0000FF0000007B
:10B570003C3C0000FF0000003C3C0000FF000000DD
:10B58000FF000000FF000000FF000000FF000000BF
:10B590000000FF000000FF0000003C3C0000FF0036
:10B5A0000000FF000000FF00000060E1FFFF66995F
:10B5B000A699E724E724FF3FFF0F0600060060403E
:10B5C00020006624000060402000FFFF0000FF0014
:10B5D000000000000000000000000000000000006B
:10B5E000000000000000000000000000000000005B
:10B5F000000000000000000000000000000000004B
:10B60000000000000000000000000000000000003A
:10B61000000000000000000000000000000000002A
:10B62000000000000000000000000000000000001A
:10B63000000000000000000000000000000000000A
:10B6400000000000000000000000000000000000FA
:10B6500000000000000000FF0000FFFF000000FFEE
:10B66000FFFF0F0F43734F7F60106070000000FFFB
:10B670000000F0F0000000FF0000F0F0000000FF0C
:10B680000000F0F0000000FF0000F0F0000000FFFC
:10B690000000F0F00000000000FF0000FFFF0000CD
:10B6A00000FF0000F0F0000000FFFFFF0F0FFFFFA2
:10B6B000FFFF3C000000F324F3E764FD66FF6060D9
:10B6C0000000660018903CC33CC30000000000006E
:10B6D00000FF0000F0F0000000FF0000000000008C
:10B6E00000FFFFFF0F0F40704C7C00100070000047
:10B6F00000FF0000F0F0000000FF0000F0F000008C
:10B7000000FF0000F0F0000000FF0000F0F000007B
:10B7100000FF0000F0F00000000000FF000000004B
:10B72000000000FF0000F0F0000000FFFFFF0F0F1F
:10B730008D810C00F0006600302430E7000000002E
:10B740000000303F0000189000FE00FF00000000E5
:10B75000000000FF0000F0F0C0C7C0FC33B0490398
:10B76000C0C7C0FC33B0410300860CE4A3B00005A1
:10B77000C0C6C0FC33B04903C0C7C07C3390490386
:10B78000C0C7C0FC33B04903C0C7C0FC33B04903D5
:10B79000C0C7C0FC30104D030000C0C7C0FC30B0B3
:10B7A0004903C0C7C0FC33B04903C0C7C0FC33B0B5
:10B7B000410300860CE003B80005A0840C9CA09017
:10B7C0000005A08650FCA3B80005008670F403B005
:10B7D0000000C0C6C0FC33B049032C302C000CFF65
:10B7E000FFFF0FAC000030003000FC0C00000C3CF0
:10B7F0000C3CAF00A000F5300000FFFEFFFACC804B
:10B80000FCCC0000ECE00F2FFFFF00FCA0005F5F0E
:10B810007F7FFFFFFFBC0A5F7D7D0000AAA8AAA86A
:10B820001E1EBEBEFFFFFFFF1FFFFFFFFFFFFFBA91
:10B8300000104050FA0030008282D7D769FF808024
:10B84000FFFFF0F0FFFFFFF8707300000A0A0F001F
:10B8500014140000A8A80808C1C100C020302000AE
:10B8600014FFFFFF00AC0000500050F000000A0A77
:10B8700004340C3C000C000C05300000FFBEFFAA95
:10B880000C80FCCC00002C2000000000000CA0006C
:10B890005F7F5F7FFFFFBCBC0A5F28280000AAAA69
:10B8A000000000AA00AAFEFCBE3C1FFF1FFFFFBA5B
:10B8B000FFBA001040500A003000FA50FA5069FFF9
:10B8C0008080FFFFF0F0FFFFF8F8404300000C0C11
:10B8D0000000000005AFA000A000010100C0FFFFB4
:10B8E000FEBE08282828000000002808690800007B
:10B8F0000AFCFFFFFFFFB4B4AA004102412A000086
:10B9000000003C000C41003AF0000D0F0D0F00004C
:10B91000A0A000555555C20230303DFFFFFF00008A
:10B92000FFFFFFFF7D7FFFFF3C20142000F00000A1
:10B930000000F0002CAE2CAE000000ACF000F0FFD8
:10B94000AA00FC001C3C3C3CFFFFFFFF0C1400C3A2
:10B9500000000000000F0000000000007DFF7FFFDE
:10B96000FFFFFC3C002828280000000000084108D8
:10B9700000000A0C141FFFFF000000000002002A54
:10B980000000000000000C41003A000000000F0F12
:10B990001414AA0000155515C202000005FFFFFF90
:10B9A0000000FEFCFAF03C3FFFFF2820002000F0E2
:10B9B00000000000F00004862CAE000000ACC300C4
:10B9C000C3FFA900030008282828FFF8F8F80C1482
:10B9D00000003AF03A0000003C5500003CF07D7D4C
:10B9E0007F7F04008221200091A0210404040290A2
:10B9F000840020000408020004002010040020112C
:10BA000021008082800021C004009000040000001A
:10BA10008441050011100410042020008420A1207E
:10BA2000902000002005000284400408910020209E
:10BA30000900212020208020844010C0A0000401A3
:10BA40004000200020208208200002202000110059
:10BA5000000121088200022020110440200104007E
:10BA600005000410010002A00409040020A12080A8
:10BA700021000400040041000500000040002000F7
:10BA80009020020004000400000082000400010075
:10BA9000902102A0840082400041008000002080AC
:10BAA000200021A000C083A000090480010008023A
:10BAB000910002002000018020800280010020000F
:10BAC00008040000A0049180218001002180000969
:10BAD000A0022004A00005000080A04082C1002038
:10BAE000C0030200A0000004009000850010009038
:10BAF00000000010800000200020001000A02104A1
:10BB000021200000000180000000000000020090E1
:10BB100080840000000000000001000400A000007C
:10BB200000000000000000000000001000000008FD
:10BB30000000801010C000000020800182030083FC
:10BB400000000041000004008403800100040000A4
:10BB50001101002100200205209082822091000026
:10BB600020000040000800000080A0000220041017
:10BB70000000000000000410008304808203100015
:10BB8000909002800000204002210400C00040107C
:10BB900000040211C00800110000200400880010F9
:10BBA0000010000000110000000000000000002153
:10BBB00004080000100000210008001102200320EA
:10BBC00000200011000200200511418210080880A9
:10BBD0000210824000C0009101C001210320032017
:10BBE0000020014100900000000000202008840097
:10BBF0000410040000A000080284020804848902E2
:10BC000084100410A0822084048900A0838485000D
:10BC1000841089C005904010000041041190040078
:10BC2000080800002140884008020000051020A0FC
:10BC30000008200808A010000211028800889084E3
:10BC40002009001004080401028209014040900804
:10BC50001020202000A08508401004A0A1C01110D1
:10BC6000210309C18284024004081101008084205C
:10BC70000300011000080800A04008110341C0099A
:10BC80000441032011100503010585042040200410
:10BC9000201021050200C00010024010008008039F
:10BCA00008020008100900402010004100000210A6
:10BCB0000941A01185118308110301081104041022
:10BCC000210891408200C0890920410000208400A1
:10BCD000119011821182C000200000110104042083
:10BCE000A004A02008200200A00809408420101011
:10BCF00021000384A0000440C1C0040202084001E6
:10BD00002000020020A0081041008983A10021002A
:10BD1000020010880200080909048841A089021065
:10BD20001040410021912010080440000000000054
:10BD3000000802C020000800200002088584A0003E
:10BD4000100804C08241028504828290002040884D
:10BD50002002800408000501000009A0021008006C
:10BD6000040809011000A0110040090400A10041CD
:10BD7000080810001021201141800400114001002A
:10BD8000A00408100000C000A010A0000240200283
:10BD900002008500081101000004000002040404F0
:10BDA00000210000840000040900000008001000C9
:10BDB0000000020001080000C00001000180201105
:10BDC000030300C0001121C0010401002100008014
:10BDD00001000180108000088408000000040000B9
:10BDE0001010104082400041200400210080000417
:10BDF0000084090041A04100208410100010008937
:10BE0000A1C085408004000803848584804104002B
:10BE10001009050508004182000010C0100005004F
:10BE20008000030800C111000988410882021084C3
:10BE3000401000000288900010040210081140A178
:10BE400008008001910000842110100010821184EC
:10BE5000030820000088A00490A000A0040220A0F5
:10BE60002120C102021000014100020090904120F7
:10BE700010C1080840000208000301210209000265
:10BE80000004201104200291081000020221084041
:10BE9000111140200084040000000820840290005A
:10BEA00090090221880504209041840090211020EF
:10BEB00004000005004001100500018001210284FA
:10BEC0000008200540042008101000212004201044
:10BED00040101008A00900400400111000201010AC
:10BEE000100410400211C02190402040880404102A
:10BEF000C0A10820A003008400A02101008241000D
:10BF000040C004204140C182118441040404100057
:10BF100040002100C182100204A0040200010908AF
:10BF200083A0C082094020200084208403844082B2
:10BF30004110008410200000111004A04000008473
:10BF400010000590408408104020208404008840A0
:10BF5000208241882085A00802000490418483202B
:10BF60008204001085100021000482822120418477
:10BF7000022004C141000008200000040004002049
:10BF8000040000000089200220000000408401809D
:10BF9000C000004100090204C00041000103000488
:10BFA000020020000400C00011008202A000000076
:10BFB0000000040000200004000000000021010037
:10BFC0000000201000080002000000000000000037
:10BFD000200001000009020403000008010800001D
:10BFE000200804800000020040C000002000000083
:10BFF0000000004020200008020900030909888091
:10C00000000080830509200000008083000905806E
:10C01000000000838089400000000083C189038004
:10C02000000000038009088080000083210980004F
:10C030000000098485A040080540000091094121C5
:10C040008983081120200908C1409180081020210F
:10C050000220000505880384821009A003402010F7
:10C0600011800991800320090980000080830089E4
:10C0700003000080000300091000000004032109F0
:10C08000210800881009050903080008041184A18B
:10C090002002009000030203214000200011021141
:10C0A00090084002000308052140200420A10091CF
:10C0B000C082024000A02002A00202040000100280
:10C0C000A085820401100041119010C0C0084001F9
:10C0D0004001A10000002008900883040003C0086C
:10C0E000A0C0C00200402041000940040020040913
:10C0F00084C14008000490054005210400C00405E7
:10C100001084A0104109C01140000590C141844035
:10C11000040089A009030010A000A01009C0882015
:10C1200002001008C1A00290A000059085890801B6
:10C1300088009121092102A041000484C009000067
:10C1400040100420C0030284081140002004821023
:10C15000011110C0094091411120081109A0C0002F
:10C160008490850408A002114082C0000890A1912B
:10C17000A0080200108841000282C000A10403410F
:10C18000892080008080830500908000A1008309C1
:10C19000008880402100830908C1000000808300DE
:10C1A00011858000000003008009800021008309C0
:10C1B0008002000021848389851102118980C18356
:10C1C000000020C0400882898920C1839121898094
:10C1D00084A14108830885910841A0800320850837
:10C1E00003219109082009102083008380000000AA
:10C1F000030500008000000083218085000021806D
:10C200008389000003808089008380800200088980
:10C21000000300804100888980030080A10080091C
:10C2200000830000038084890003000008802189C6
:10C230000003000000000389008340A180888388F8
:10C2400040A0000083C0200588C0418580A08003F5
:10C2500002C000C00520410411022082088441214F
:10C26000210202908085030221C1000500800200A6
:10C270000309808300001180008980830000118001
:10C2800085098003C088850810058403820411088D
:10C29000C111904100081082830940A100200420B0
:10C2A000404108830020C120048520910004400201
:10C2B000C01108410000A00000850041090220A132
:10C2C000A01009A10000210540C040032005200363
:10C2D00010041002080504100003000805A0411016
:10C2E0000088108890402008409010848804C0087E
:10C2F000018882A1200900A0C004A00510090082C5
:10C30000A002091110038502204002A088A0C18963
:10C310004190040002202109104008009020098863
:10C3200009409000020003918840820040C11189B9
:10C33000A1100800040003850410820088908885FD
:10C340008410C084900200001000102103880310A4
:10C35000C0858410C001849009A002A008848900CF
:10C360008582041009008840840189C08801C008C2
:10C3700041411040040020C009880940000590A0F8
:10C380004188C1080800C0028385800080000080C9
:10C390000388040080008021032180000000090040
:10C3A00003800400000080000302000009008003F5
:10C3B000838284800000000083A080800000002031
:10C3C00000900084009000800000410288C09083AB
:10C3D000A180009100040008800090009008C090A7
:10C3E0002000C09090A010050400910305040804EB
:10C3F000208089A080000010000083858400004018
:10C40000008083890400800000001242000BD000ED
:10C4100041001182000BD00006008181000BD0008A
:10C4200000601242000BD00000001242000BD0004E
:10C4300082881242000BD00000002184000BD00043
:10C4400000001242000BD000006000001242000BFE
:10C45000D00006814150000BD00021001242000B99
:10C46000D00000008181000BD00041810BD0000B77
:10C47000D00041501182000BD00041001242000B4D
:10C48000D00000001182000BD00082000000FFFFEE
:10C49000000000FF000000FF000000FF00003C3C27
:10C4A000000000FF000000FF000000FF00000F0F71
:10C4B000000000FF000000FF000000FF00005555D5
:10C4C000000000FF000000003F7FFFFF00000000B1
:10C4D000303F3F7FFFFF00000000100313032828B8
:10C4E0000243C240FE7C0528AF283DFFFFFF7F7F4F
:10C4F0007FFF210303030000FFFF000000FF000097
:10C5000000FF000000FF000000FF000000FF00002F
:10C510000000000000FF000000FF000000FF00001E
:10C520003C3C000000FF000000FF000000FF000096
:10C530000F0F000000FF000000FF000000FF0000E0
:10C540005555000000FF000000000F5FFFFF0000D6
:10C55000000005050F5FFFFF000000001000130042
:10C5600000000243C240FE7C0000000005FFFFFF08
:10C570005F5F5FFF000000000000FFFF000000FFA2
:10C58000000000FF000000FF000000FF000000FFAF
:10C59000FF0000003C3C0000FF000000FF00000026
:10C5A000FF000000FF000000FF0000003C3C000016
:10C5B000FF0000003C3C0000FF000000FF00000006
:10C5C000FF00000000FFFFFF00000000BE14BE14CB
:10C5D00000008C8C80800505000000000F00FFFF2C
:10C5E000FEBEA8A8A0002061A2E30F00AC00FFAA35
:10C5F00000003C000000FFBEF0F0FF000000FFFF65
:10C600000000FF000000FFFF0000FF000000FF002F
:10C610000000FF0000003C3C0000FF000000FF00A5
:10C620000000FF000000FF000000FF0000003C3C95
:10C630000000FF0000003C3C0000FF000000FF0085
:10C640000000FF00000000FFFFFFECE02C20F5F5EC
:10C65000A0A000000C000C000E040E0400000F004F
:10C66000FFFFFC3C0808A0003475B6F70000AC00E2
:10C67000FDA800003C00000000000000FF000000DA
:10C6800000000000FF00000000000000FF000000AC
:10C69000FF000000C0C7C0FC33B04903C0C7C0FCE6
:10C6A00033B04903C0C7C0FC33B04903C0C7C0FCA6
:10C6B00033B04903C0C7C0FC33B04903C0C7C0FC96
:10C6C00033B04903C0C7C0BC33904103A08650BCFF
:10C6D000A39000050000A18650FCA3B00005A006B1
:10C6E000527CA1B00005A08650FCA3B00005A08636
:10C6F00052FCA3B00085A08650FCA3B80005C0C6BC
:10C70000C0FC33B04903C0C7C0FC33B04903C0C745
:10C71000C0FC33B04903FF00F0000055003C551445
:10C72000001400F00530C082003C4300730000EBB1
:10C73000300000000000FFFFFFFF143C143CFFFF2F
:10C74000FFBA00001000FFFFFFFF00FFFFFFFFFF29
:10C75000FFFF3D3DFFFF000000000000030103C19B
:10C76000FFAA5500000000000C0FA0003FFF7FFF54
:10C77000C303C00000000055000040418A9ECBDF8B
:10C78000C382101055556959C300000000340037AA
:10C7900000000A0A00BEAABEBF00B0000000000FE1
:10C7A00000A000A000000530C08200004000700022
:10C7B000002830003500F000FFBCBCBC042C143C49
:10C7C000FFFFFF3000000000FDBCF5A000FFFFFFF1
:10C7D000FFFFFF543DFF3DFF00007A702A2000015B
:10C7E00000C178787878080AAAAA0C00A0003F3F18
:10C7F0007F7FC303C0000A0A141400000000081C55
:10C80000495D4100101055556959C30000000004EE
:10C8100000073F300000001EAA1EFFFFFEFC3DFF88
:10C82000FFFF00CB00C808AAAAAA202033303F7F10
:10C83000FFFFC308C00800000F00000A0F0C5F7F55
:10C84000FFFFD500C100C0F0FFFFFFFFFF08FFFFA3
:10C85000FFFFAAAAAAAA17FFFFFF0000FFFFFFF829
:10C86000088A8282FFFFFEFAFFBF54140000000016
:10C87000F0000000FFFCC3C000000000E3E3C3C3FE
:10C88000A4AEF4FE00000000FFF5FFF5FFFEFEFE83
:10C890000030033300000AFC3F7FFFFFFFFFFAF088
:10C8A00005FFFFFF000B0008000000002020030030
:10C8B0000F5FFFFF0308000800000F00000A000CD4
:10C8C000557DFFFF940080000030FFFFFFFFFF0851
:10C8D0007D7F000FAAAA002000FFFFFF0000FFFFDE
:10C8E000F8F8088A0000FFFFFCF01414141400008C
:10C8F0000000F00000003CFC00C00CFC5050FFA009
:10C90000FF00040E545EC303C000F7F75757FFBE85
:10C91000BEBE0101010100000A0C3C7DFFFF211099
:10C9200011A0040820A0028800A011A00409119001
:10C930000408211020100082410003100010200084
:10C940002100208804102000410004000410202051
:10C9500004000420212000A005A0200802100000EF
:10C9600021880300219020000400049003821020FD
:10C9700011204120092000C000101184202003084C
:10C980000500042005200008049000100000098420
:10C990000200020002002100030011101100200417
:10C9A0000000004140000209A000040020004002F5
:10C9B000101000204020000002000000020482004D
:10C9C00004412000C0008220A000200902000000D5
:10C9D00000001009820882008800000002000003A5
:10C9E000008000000000000090100000C00900005E
:10C9F000A0000000000000200400900000090420B6
:10CA0000C0008402840000000200000304009000C3
:10CA10000002C00202000002000000210403020024
:10CA2000C00400C00000000000000004000000007E
:10CA3000000000000010000000000008000000825C
:10CA4000008200A0000200000002002000000000A0
:10CA50000000400000000000000000100011002055
:10CA6000000000000008000000000090000000002E
:10CA700000000000000800880082000200000000A2
:10CA800000A0009000A0008200100000000000A0A4
:10CA9000100000000008000000000000410000003D
:10CAA000000000000420A010A00000009010A000D2
:10CAB0000000001000200010001000100000001006
:10CAC00000022010020800030000002100110000F5
:10CAD00000000021000900080810002000800082EA
:10CAE00000880010000000200008000000089021CD
:10CAF00090100008880800080002000800100000DC
:10CB000004100000000900090000001000210010BE
:10CB1000A011C0000000001082028803001000086D
:10CB200000038200900005080084090000000590C1
:10CB300008A01100008805C040A040820810210014
:10CB400041A0418409104082000040000900050214
:10CB500009000002000009C00508000200400300AF
:10CB600009101101400400000008009003000000BB
:10CB700000902108408200A00502401040080408EF
:10CB800004A0110009080200110002100300410076
:10CB90004040208809880908080208200800058804
:10CBA000041000200300210000050202A000021072
:10CBB000C002000082400011104082029002C003B7
:10CBC000880502000203C02104104002A0000403F3
:10CBD00010029011C01188000200042188218821D0
:10CBE00084411041104000800000002184020211A5
:10CBF000080590030003102110008208404008211E
:10CC0000900282058221040310090820002084027A
:10CC10001003C005C0020202100308050802081034
:10CC2000041182008210002188202002412020006F
:10CC300003881102212010C021000000050403C058
:10CC40001100000003000310090202001084000814
:10CC50000900031002002000088204000000008880
:10CC600040001101050041080000000004082000F8
:10CC7000000210000510210011000900200005200D
:10CC8000100021004120090021900000080002202E
:10CC900000A0200005080300058203002082200078
:10CCA000200403824100028800821040C002000874
:10CCB0000000400090008403001120402003004148
:10CCC0002008000000001000841102000011002163
:10CCD00082082009101188218200002010100020F5
:10CCE00000104002000800030005000200000010D0
:10CCF00000000405A021020000210005000000083A
:10CD00001021881000400000A00800419005040890
:10CD1000400388204020A009000820020040402154
:10CD2000C008200404048820400810098200002064
:10CD3000050010821000000041000800410010A012
:10CD400000A01000100010900890000008C003C060
:10CD50004100100205200000411021C000400800E1
:10CD60004010001041880000419000004008000081
:10CD70000040000000400002008841C005000000A3
:10CD8000004003000900000000000800000041020C
:10CD900010000020100000004020050010000000DE
:10CDA000030003000500050040000502002000020A
:10CDB000A021081100028811100800084000900509
:10CDC0000005041102104000002100001021840918
:10CDD0000020400284050441044108020421C041AE
:10CDE000042140008440101008080821842140825A
:10CDF0000000100588218410842000088410C003DE
:10CE000088028841400240084020400890090808F4
:10CE100084028220C0410800404000090800081038
:10CE2000A010084108001041A0058421880584084D
:10CE300000031100100000000000048241000020E7
:10CE400008A00300419041000988002002C01100A1
:10CE5000110004880510418241400800408404000C
:10CE600000040910208402C0209000904008A1080E
:10CE700020840000200010841002000004A0111083
:10CE80000000000210100084000241A0000008848D
:10CE90000220000241020484410000000000000062
:10CEA00020A009001090100020020000028800005D
:10CEB00021000000002002000021000200000241C9
:10CEC0000040880902030208000084004009400075
:10CED000200290000011000800410421A0218800D8
:10CEE00000108841000508000410400200200000E6
:10CEF000200082410000000000419041020020001B
:10CF00000000000090200400C00802000400840417
:10CF100004009004000004098409902040020421C8
:10CF20000011A0112020000000050000C0412003D6
:10CF300020418804900500000300004100800000AB
:10CF4000100000000000000000000080000003004E
:10CF5000830000000000800000000000000080004E
:10CF6000000000800020000000000003000000001E
:10CF7000030080C109000000000000000000000064
:10CF800000000000000000000000000000000000A1
:10CF90000000000000000000000000000000000091
:10CFA0000000000000000000000000000000000081
:10CFB000000000000000000000000100A0010008C7
:10CFC00000000100000000000000000000820000DE
:10CFD0000100C1000000000082000000008200C0CB
:10CFE00082000000000410010002020000010000A5
:10CFF0000000010020C00000000000000000000050
:10D000000000000000000000000000000000000020
:10D010000000000000000000000000000000000010
:10D020000000000000000000000000000000000000
:10D0300000000000000000000000000000000000F0
:10D04000C10200000000000000C00000000000005D
:10D0500000000102000000C1010100008200004048
:10D0600000000000A10000010800C1000400000051
:10D07000000000000000000101A00000000000000E
:10D0800000000000000000000000000000000000A0
:10D090000000000000000000000000000000000090
:10D0A0000000000000000000000000000000000080
:10D0B0000000000000000000000000000000000070
:10D0C000000041800000000000000280000000001D
:10D0D0000000000002410009000341400000000080
:10D0E000008000000000040000208000200089046F
:10D0F00000000000020000000003410000000000EA
:10D10000000000000000000000000000000000001F
:10D11000000000000000000000000000000000000F
:10D1200000000000000000000000000000000000FF
:10D1300000000000000000000000000000000000EF
:10D140000000400041050000000003000000000056
:10D1500000000000000000A000000020000000000F
:10D1600000004100000000000000008010000004EA
:10D1700000000000800000000000800000000000AF
:10D18000000000000000000000000000000000009F
:10D19000000000000000000000000000000000008F
:10D1A000000000000000000000000000000000007F
:10D1B000000000000000000000000000000000006F
:10D1C00000000000000001C0C000000001000000DD
:10D1D0000000000000000000000900000001000045
:10D1E00000000000000000000000000000400100FE
:10D1F000000000000000080000000000C0820000E5
:10D20000000000000000000000000000000000001E
:10D21000000000000000000000000000000000000E
:10D2200000000000000000000000000000000000FE
:10D2300000000000000000000000000000000000EE
:10D24000000000000108024084910100000100007C
:10D250000000000000000000000001C1010100000A
:10D260000000000001000040000000C00100C000FC
:10D2700000000083010000000000008200C00000E8
:10D280000203000000000000000000000000000099
:10D29000000000000000000000000000000000008E
:10D2A000000000000000000000000000000000007E
:10D2B000000000000000000000000000000000006E
:10D2C00000000000000002800000002002000003B7
:10D2D000000000000000000000000000080320041F
:10D2E000000000000000020000C100000000040077
:10D2F0000400000000C041000000000000800000A9
:10D30000020000C00000000000000000000000005B
:10D31000000000000000000000000000000000000D
:10D3200000000000000000000000000000000000FD
:10D3300000000000000000000000000000000000ED
:10D340000000000000000000000000001200214862
:10D35000000BD0001242000000000000000000009E
:10D360000000000012420000000000001200000057
:10D370000000000012008148000BD00012000000E5
:10D380000000000012420000000000000000000049
:10D39000000000000000000000000000000000008D
:10D3A000000000000000000000000000000000007D
:10D3B000000000000000000000000000000000006D
:10D3C000000000000000000000000000000000005D
:10D3D000000000000000000000000000000000004D
:10D3E000000000000000000000000000000000003D
:10D3F000000000000000000000000000000000002D
:10D40000000000000000000000000000000000001C
:10D41000000000000000000000000000000000000C
:10D4200000000000000000000000000000000000FC
:10D4300000000000000000000000000000000000EC
:10D4400000000000000000000000000000000000DC
:10D4500000000000000000000000000000000000CC
:10D4600000000000000000000000000000000000BC
:10D4700000000000000000000000000000000000AC
:10D48000000000000000000000000000000000009C
:10D49000000000000000000000000000000000008C
:10D4A000000000000000000000000000000000007C
:10D4B000000000000000000000000000000000006C
:10D4C000000000000000000000000000AEDE0000D0
:10D4D000000000000000000000000000000000004C
:10D4E000000000000000000000000200AEDE0000AE
:10D4F000000000000000000000000000000000002C
:10D50000000000000000000000007B75000000002B
:10D51000000000000000000000000000000000000B
:10D5200000000000000000000000000000000000FB
:10D5300000000000000000000000000000000000EB
:10D540000000000000000000000000000000066075
:10D55000C002000000000000408C0100000000003C
:10D5600000000000000000000000000000008667CE
:10D57000C002000000000000408C07000000000016
:10D58000000030020000000000004003E6610000DF
:10D59000000000000000000000000000000000008B
:10D5A000000000000000000000000000000000007B
:10D5B000000000000000000000000000000000006B
:10D5C000000000000000000000000000000000005B
:10D5D0000401020104910401210084082090A0109C
:10D5E0000200400004000400400004080000200184
:10D5F0000400200020088420110190004021040034
:10D600000400910082001041009184C1A0C021015A
:10D61000000000000400004000010400411000A0D0
:10D6200004A10401090004009100112020C084001D
:10D630008991200880018400A1000302030803826D
:10D6400080100000A00004900410101002082100B7
:10D65000A0030104050409040040200004000000A8
:10D660000200004120412000C010A0000100040081
:10D67000000401110403040002A040080300A004F8
:10D6800020110004040002000584A02004200400EE
:10D69000A00400C00000000000A090200000044191
:10D6A0000000002000400000C002200000410041B6
:10D6B000044102200140202021202000000000031E
:10D6C00082000400A0000400890000002000000087
:10D6D000000411840000800000010000000400101C
:10D6E00000000000000000A00001200880000000F1
:10D6F00080002000000400008004000800000000FA
:10D700000000000000000400000080020000000093
:10D7100000000000000080000010800000040000F5
:10D7200000000000000080000000000200410091A5
:10D7300004040004002080C0000000080000002055
:10D7400000848008000400000000000000000020A9
:10D750000000809084C10400040004409008009000
:10D76000000000000400A0100000000401020410EA
:10D7700000100410910004A10000048200000010B9
:10D780000210000000100011000000410488002178
:10D790000010004100100000040000000410009080
:10D7A000001000100011004120000000000000A047
:10D7B000000405C1A080009002200010001100109C
:10D7C00004900010041000800411000000100002FA
:10D7D00000C1C000041021044110088404A0040109
:10D7E00009100000100004209084210403838002AB
:10D7F000110800100082808480200020049000C066
:10D8000020010000808280820440000800A0009077
:10D810008085411020840900000011044104048423
:10D82000111003850584108491A0411082000940E5
:10D8300090100041048404414110410011118210F4
:10D8400011200304A1900008080003001110218595
:10D85000910204108200104088840010A000011082
:10D860000904002100050000018002008280C04000
:10D8700002000010000002000400208000808500EB
:10D88000C0081120A00004050403010000211000BD
:10D890000010020484000108104000000080848011
:10D8A0001100840000400000001002000000210070
:10D8B00082800400002000080020001088008240C0
:10D8C0000500A00000800400000090410841000015
:10D8D00088202000C10005000488200820000400E2
:10D8E0004100200002042040020408000904100145
:10D8F000092002001004910004000040020082048C
:10D9000002000004A0002000900308820000020032
:10D910000400040010000090410004000000080012
:10D92000040000001000410402208404A10104004E
:10D9300010902000200004040220000010090000C4
:10D940000400000021000404104004000200200430
:10D9500005084004410004012100020020000010DD
:10D960000100002100090080008501A1000500A13F
:10D97000902000902000048002000003009001002D
:10D98000058000020280200000000208020340041B
:10D99000A0050100050000100000A0050100000026
:10D9A000A0002121000000080080058803800404F5
:10D9B0000008000001100002019001000003900423
:10D9C000000220088421C0410380908301080211D5
:10D9D0000490100010840000044000020210C110E6
:10D9E00011000908000800900482000104A041848D
:10D9F000410180000010C1C00010004141050384B6
:10DA000008840500400004908300050120820391F2
:10DA100000900020002000000020C040000088028C
:10DA2000000021104000410105008500038400C072
:10DA30004102000041C0044000C00084834041080E
:10DA40000982000010000000099041828400808457
:10DA50001000058420004008030810001011081071
:10DA6000A1030005100002050003010884048500DD
:10DA700000000020020000212000C000000400C0BF
:10DA800084050000000000000508040500200810BF
:10DA9000000408000000C0910008000020888408ED
:10DAA0000200000000000020000400110405000234
:10DAB00000004003000000008808000090000400FF
:10DAC0000021000000000000000090000400210080
:10DAD00020080003000201000000000000000020F8
:10DAE000000002200008080405A020A0100000206B
:10DAF00004840004100441C009A0C100092041C0F1
:10DB00000384100000C008000310080404A01004DF
:10DB10004002009000842000209011042184041011
:10DB20000284020400001008049000820501918222
:10DB3000802004200040000000A004C0038203C035
:10DB400008908400040011000282419021A021412C
:10DB50004190040820881120218411042104050229
:10DB60000382028400A0880090000000C1412020B0
:10DB700000040021848500914002902104000000EF
:10DB8000880000409005000000000000841008207C
:10DB900090828200000302000000884100050020FE
:10DBA0002009010002800000044100028408404076
:10DBB0000403200000000000000004210000000019
:10DBC0000402004002101009042182008804900021
:10DBD0000240000000004000002040080840C00053
:10DBE000A0080009C040C0000003C10921000000D6
:10DBF00080030809110000000083C009A100008013
:10DC000000032009020000000083908921000080A9
:10DC1000A08309831002C1A08240080908054002C0
:10DC2000008300892100000000008003800921009A
:10DC3000000000030009C18000000083008940004B
:10DC4000008000839189410000800083A009038047
:10DC500080800003210941808000800302891080B8
:10DC60008000A005A141884185C100010801910003
:10DC700000000203859140020008080911890990FB
:10DC80000004A001890121000000A01111039040AF
:10DC90000010042041100205218482911090A09070
:10DCA0009111002108C19110000200008801840137
:10DCB000210000000021880904200000A0418821E3
:10DCC00000A0002000110209410808040005030516
:10DCD00090C0841090A190899140844020910811B7
:10DCE0000140C0A040080340058208034021100104
:10DCF000C02011830440210090C0410310A088007F
:10DD0000020441C120911000A090030820918500D9
:10DD1000042009C1884020039009A0000808A1023E
:10DD20000510822002902100021041A0000091C045
:10DD3000840090100382028921002010A1050401B3
:10DD40000500400021892005910090108509A0A0C0
:10DD50009100A0884105A010090004A0032108003B
:10DD6000A10004008589051004100510101080C062
:10DD70008008808083408010411000808389800368
:10DD80000000800003C080030000800003400020EA
:10DD9000410080008389000080C000200008A1109D
:10DDA00085858589110400212108808003410000B8
:10DDB000202000000080838480034100808003894C
:10DDC000804041000000030980C041000000038939
:10DDD0008011410000008389802041008000830978
:10DDE0008011C1008000830908090985054121804F
:10DDF000000020000009000300802000C00980030B
:10DE00000000C100000900830000200020090083F9
:10DE10000080880080890003080308A0080008200B
:10DE200040A020C0C002412100800400100900036E
:10DE30000000008020000809000300002000C00945
:10DE400000830000000083890083008020002009F7
:10DE500000038000850088890003000020000089FD
:10DE6000000300000000808900032183211188A1A4
:10DE7000A1200088008800A10889008440820583D1
:10DE8000208900020288C0890405000400080109F5
:10DE9000900500024004088508111040032011403D
:10DEA000850489058803C009092108028388202187
:10DEB0004001000000100090010540910020C0C00A
:10DEC000110988A10082C020100508050084840281
:10DED00008A190A18220100208A1A04100408588DD
:10DEE000208590090088C020A0099041402003A00F
:10DEF000084041030388A1040800C0102140881095
:10DF00009000404011001004A000104089100482CD
:10DF100082000240034140020282032084C00802C2
:10DF200010C00290838420A0080811020910044048
:10DF3000040040100000918805829000A0A0418953
:10DF4000034040200410910484C020008810090977
:10DF500090820800C084038841C040000210034141
:10DF60008410020088A085889182A0008421050089
:10DF70000504C10220828382041100000080031086
:10DF8000800000001000830080800011900003A03A
:10DF90008000001110000340000080009000A0A04D
:10DFA0008500A100A000418088004100048089C054
:10DFB000800000008080000003C08400000000009A
:10DFC00003820400008000800391008000004080F4
:10DFD0000302008000001000839104000000808094
:10DFE000838300800000900083910480000000C0C3
:10DFF00010101080208010911242000BD000000001
:10E000008241000BD00000001142000BD000000044
:10E010008241000BD00041008181000BD000000044
:10E020008181000BD00000001100000BD0204100C6
:10E030001242000BD000000000000A50000BD0007C
:10E0400000601242000BD00042001142000BD000D1
:10E0500000000A50000BD00082002184000BD00089
:10E0600041001182000BD00006001182000BD0008D
:10E0700082002184000BD0000060FF000000FF0040
:10E0800000003C3C0000FF0000003C3C0000FF00A2
:10E0900000003C3C0000FF0000003C3C0000FF0092
:10E0A000000024240C0C00008989E7E72424FF7F6A
:10E0B000FF7EFFFF0000FF0000000000FF000000E7
:10E0C000FF000000FF000000FF0000003C3C0000DB
:10E0D000FF0000003C3C0000FF000000FF000000CB
:10E0E000FF0000003C3C0000FF000000FF000000BB
:10E0F000FF000000DFC79D850FFE0F0EFF00000030
:10E10000FF0000003C3C0000FF0000003C3C000021
:10E11000FF0000003C3C0000FF0000003C3C000011
:10E12000FF0000003C00000000000808CF0CCF0CEE
:10E13000FF6FFF66FFFF0000FF0000000000FF0010
:10E140000000FF000000FF000000FF0000003C3C5A
:10E150000000FF0000003C3C0000FF000000FF004A
:10E160000000FF0000003C3C0000FF000000FF003A
:10E170000000FF0000005E461C0400FE000E0000D0
:10E18000000000000000000000000000000000008F
:10E19000000000000000000000000000000000007F
:10E1A000000000000000000000000000000000006F
:10E1B000000000000000000000000000000000005F
:10E1C000000000000000000000000000000000004F
:10E1D000000000000000000000000000000000003F
:10E1E000000000000000000000000000000000002F
:10E1F000000000000000000000000000000000001F
:10E20000000000FF00006666000000FF0000F0F064
:10E21000000000FF0000FFFF000000FF0000FFFF04
:10E22000000000FFFFFF0F0F00243C300000000043
:10E230004C7C4F7F3F3FFF3C000000FF0000F0F0B0
:10E240000000000000FF00003C3C000000FF000058
:10E25000F0F0000000FF0000F0F0000000FF000000
:10E26000F0F0000000FF0000F0F0000000FF0000F0
:10E27000F0F0000000FFFFFF0F0F000FF0FF00C0E5
:10E2800003C3000000FF00006666000000FF0000FE
:10E29000F0F0000000FF00000000000000FF0000A0
:10E2A0000000000000FFFFFF0F0F002400300000FF
:10E2B0000000407043733F3FFF3C000000FF000040
:10E2C000F0F00000000000FF00003C3C000000FFF8
:10E2D0000000F0F0000000FF0000F0F0000000FF80
:10E2E0000000F0F0000000FF0000F0F0000000FF70
:10E2F0000000F0F0000000FFFFFF0F0F363636364B
:10E3000000C003C3C0C7C0FC33B04903C0C7C0FCD2
:10E3100033B04903C0C7C0FC31B04903C0C7C0FC1B
:10E3200033B04903C0C7C0FC33B04103A08650FCE2
:10E33000A3B0000500860CE003B00005C0C6C0FC19
:10E3400033B049030000C0C7C0FC33B04903C0C7A5
:10E35000C0FC33B04903C0C7C07C31904903C0C77B
:10E36000C0FC33B04903C0C7C0FC33B04903C0C7C9
:10E37000C0FC33B04903C0C7C03C33A04103008692
:10E380000CFC03B000058A0A82020CCC04043C3069
:10E3900020203F7FFFFFC382C0000050F0500A0AD8
:10E3A000F00000000000FFFFFFF8000055FF3C3FB9
:10E3B000FCFF000000C3FFFFFFBC3F7FFFFF3838BA
:10E3C000101000000000000080803C30FFFFFFFFC5
:10E3D00000007A700404030F0F0000000000000822
:10E3E000C30320207F7F7FFF0000FCC0C0EBFFFF46
:10E3F000F0000000D700D000FFFFFFFF4545FFFF02
:10E400000C00A0F0143C03008808800000C0040445
:10E410000C0020203F7F3F7F0082C0000030003092
:10E420000C0C00000530F530FFFFF8F8000015BFB8
:10E430003C3FFCFF0C140C14FFFFFFA03C7DFFFFD2
:10E44000280028000A280A28000080800C0014FFF9
:10E450001FFF00002A200404000C3A3A00000000CC
:10E460000000C00020203F3F3FFF82820000FCEB05
:10E47000FFFFA00CA00CD700D700BFBEBEBE044556
:10E48000FFFF0C00A000140003000000000008586B
:10E490000A0A00D500C1050405547A002A001000BC
:10E4A000B000000000008204960403038380FFFF95
:10E4B000FFFFFFFFFEFC0003003F00FCA0002D005B
:10E4C0000000F0003C003030505000000000000020
:10E4D000044104550000550550000C0F000AFC00D3
:10E4E000141400000A0A0000001700174100410040
:10E4F000080808085050282855555FFFFFACF0ACBD
:10E500007FFFFFFFFFFEFFFC103010330000000014
:10E51000085800000094008000040054700020009F
:10E520001000B0000000000000041404000083800C
:10E53000141FFFFFFEFCFEFC41004100000CA00088
:10E540002D000000AA0000000000000F00000000E5
:10E550000000040004140000500050000C00000AE9
:10E560000C00050500552A202A200000003CC1C1EE
:10E57000808000144155550000005D7D5D7D0FAC2D
:10E5800000AC5555FFFFFFFAFFF010001003041117
:10E5900020110204210184010201A04084A084080A
:10E5A0000340208520010320114084010404001051
:10E5B00000110210110084000300840002042010E6
:10E5C00000A00410042000101140002000010000F1
:10E5D0000010000100110010000091000010044024
:10E5E00084A080A1040084402000820880212004AF
:10E5F000A005A005A005A00500000401A14121205F
:10E600001100914091418420040100111140040146
:10E61000000400040180200404042120048004007C
:10E620002041008801200140208004800440C080F7
:10E630008200A040010000000200040002000580EA
:10E640000000000000009090002100800084002065
:10E6500000C0000000400420001000000400400042
:10E660000091040004209000048000002100208418
:10E67000018521842184218421840000002002C09E
:10E6800000900400048520A002800040C0409080DB
:10E690000020002002100000000000000000000028
:10E6A00000000000004000000000000000A000008A
:10E6B000000000000000000000000000400000001A
:10E6C000000000040000000000000004000000043E
:10E6D000000000000000001000000010000000001A
:10E6E0000000000080000000001100000000000099
:10E6F00000008001C0050001800500050010000138
:10E700000001000000000000000000000000000008
:10E710000000000000900110000000100010000038
:10E7200000100000002100900010001000100002F6
:10E730000003004100100010001000100008000845
:10E740000008000300A100210010001000A100112A
:10E7500000800010000000100010001000100010D9
:10E7600000000010000802210000004000210011FC
:10E77000001000210204218400042084008400038E
:10E780000004004000000011000000100010001103
:10E790000002000004000010041000100490048225
:10E7A0002010000400A000100000108200000009EA
:10E7B00020018440001000100410001002000384A7
:10E7C00000C00401211003080800040000000084B8
:10E7D0004185001000A00000001004110508800110
:10E7E00002A00040048400A0001000090500000001
:10E7F000031100840282A004A005A005A0058004E6
:10E8000000200340824000C0008400000284000019
:10E810008008008504100282001001100000011021
:10E820000000830084A18410A000000000050008FF
:10E830000004A120210000000000111010101100A0
:10E84000000090030104904004110111211184087B
:10E85000C0100020841010030000000801200010E8
:10E860000220A10010000100000000030040000889
:10E870000010002010210111218221842184218493
:10E8800002800085908005901021C040C000C1002A
:10E89000840304051020C10001210901000041008A
:10E8A00004011100040000008000A0009000A000FE
:10E8B00010010200200100002100900000018401ED
:10E8C000052004000401000084000000090141014A
:10E8D0000901890010011000410100000001000140
:10E8E00009004083102082101001412040010209DC
:10E8F000800000001100850005004001A04020219B
:10E90000200091000001001082010001410141013D
:10E910004101000021010001000140010040000010
:10E92000000000200041C100000820410400200038
:10E9300004110004850200200041000004100004BE
:10E9400005040080010001040041210000000004D2
:10E95000000400040400000400000004000000049F
:10E960000004200000040080210000040080000456
:10E9700000040200000300002000C000000405881D
:10E9800001C0010020000004820405048404022068
:10E990000004104000020020000420040004C11004
:10E9A0000008041084820082410000A002000410CC
:10E9B00000A00002041010000010000084004110AC
:10E9C00010200300041005C0C1000500000000086D
:10E9D00000C0002000A00410000002000900000098
:10E9E00000C1418811041000008304C0030000C06E
:10E9F0000008090000050501050000C020C080A036
:10EA0000A011A0A184050301001005A080C003008F
:10EA1000C1204120C1C1040000000520048800017C
:10EA20000410001001210210000800000005010878
:10EA300001100410000585040000002100400504B9
:10EA40000010A090C003011100100200001000216E
:10EA50001003104000C09010110900100140001078
:10EA6000000000200008C0C0880000200000A008AE
:10EA700000400005000500A00020C0400041210525
:10EA80000402210421042184000400030000021177
:10EA90000000208088900440A005902188A1C140FA
:10EAA00088208400041010101000410000004190E4
:10EAB00009000900A08540840002040800400020ED
:10EAC00002844004001040100301850200840010FD
:10EAD00041024108004002840010058400840402C1
:10EAE00000C000009108000220041108800000000E
:10EAF0004010040440840284028400040040890021
:10EB000004820004800403040090C0C000010402D9
:10EB100041000290C1A04188410004040204200089
:10EB20000200112020000200000000000000100080
:10EB30000000000000000440000000000100000090
:10EB400000000100C080000000000004200002005E
:10EB50000000000400000080000000000010000021
:10EB60000100000000002000000000000000200064
:10EB700000000000018000000000014100800080D2
:10EB80000404000000000482008000000400002053
:10EB90000141000001000200000000000080008030
:10EBA00000000004000000830009090000000003C9
:10EBB000A009830000000003808911000000000309
:10EBC0004109900000800003020991000000808349
:10EBD000808940000080000300090000000000035D
:10EBE00080090300000000000003C00990000080BD
:10EBF00000030089020000000003000941008000BA
:10EC000000800289030000800083808940800080AA
:10EC1000000380092100000080030309A080008018
:10EC20008003208909000000001104094120002010
:10EC3000400120012000000090C1040320900088C2
:10EC4000004190A105C0004000010001200000002B
:10EC500002050811108200048801840100000000F0
:10EC6000000182014000000000000041C0412188F5
:10EC70000004A0C1080341A00002004108C1904067
:10EC80004040408800032082000400112005200439
:10EC900000100001400120000000200501031102C6
:10ECA00000C040C1A103C0A000C00810400021085E
:10ECB00011052083900088C0C10208102000A11017
:10ECC000054102900200C11083C19010400091885C
:10ECD000C19190202000A09003408801C0002188AD
:10ECE000C105021190002188858300000009000100
:10ECF000001001C1201140004110210540104000CA
:10ED000041104121A0109000C12003C14010020019
:10ED1000A1201109C09000000510C141C0100800D9
:10ED200005100309A011C0001190C14180C000006E
:10ED30002180830980A000000000030000408000C3
:10ED40002180030980118000A1800309008900034C
:10ED50002100830900820000800083400010000031
:10ED6000A100030980900000A10083890000000435
:10ED70000040008003C080900000210003890085CE
:10ED800000002180030980840000210003890085A0
:10ED900000002180838900020000A1800309008512
:10EDA0008000A100038900880000A1008309000001
:10EDB00009008009800300801100000900830080A1
:10EDC0000800858900030080040008090083008092
:10EDD0000880008900030080088008090003800083
:10EDE000008000098083008008800809000300007B
:10EDF00000808880098900030000A1808509000344
:10EE00000000048083090003008088808809008353
:10EE10000000A000888900830000080005090003A5
:10EE200000004180050900830000088005890083F7
:10EE30000040A02040A18289000200A000890403B4
:10EE40000084C082210308918804918890211003D6
:10EE500000400020000508030008000285C140A111
:10EE600040A000C00091888300400002019140054D
:10EE70000000002002048803900300821140110367
:10EE800004A10090404010A108910020821004A12C
:10EE90000803000802A009852005008200C00105C2
:10EEA00008030082A0040321900300C088400403EB
:10EEB000A00503038884040020881189030420002E
:10EEC0000288418941028400200209114008A00003
:10EED00008404189019010002010058991400800E8
:10EEE000408203894190200040880588414090007D
:10EEF00040100000A1848421400002004188910854
:10EF0000900004C08988210802008840A0210208DE
:10EF100040002088058805880800904003000240D2
:10EF200008004000418821102000400883882140CB
:10EF30002000020883030000800009008388840009
:10EF40000011000003A004000000000009838000FD
:10EF50000000008083A004008000008083C00400C3
:10EF60000011808083830400000080800389840076
:10EF7000000080800000038000408000090583A01D
:10EF80000400000000000380840000000000001066
:10EF900080800000000083C0840000000080090021
:10EFA00080008000000083800480800080800385D2
:10EFB0008400800080808241000BD0000A601182B2
:10EFC000000BD00041001182000BD0000000218412
:10EFD000000BD00006008241000BD000000021840D
:10EFE000000BD00000604188000BD000420021845B
:10EFF000000BD0000A5000002184000BD00000005C
:10F000000660000BD00000002184000BD00000003F
:10F010008184000BD00042002141000BD000000091
:10F020001242000BD00000001182000BD00006003D
:10F030001182000BD000000000003C3C000000FFEB
:10F04000000000FF000000FF000000FF000000FFC4
:10F050000000FFFF000000FF000000FF000000FFB5
:10F06000000000FF000000FF000000FF000000FFA4
:10F07000000000FF000000FF000000003C3C00001A
:10F0800000FF000000FF000000FF000000FF000084
:10F0900000FF00000000000000FF000000FF000073
:10F0A00000FF0000FFFF000000FF000000FF000065
:10F0B00000FF000000FF000000FF00003C3C0000DB
:10F0C00000FF000000FF000000FF000000FF000044
:10F0D00000FF0000FFFF000000FF000000FF000035
:10F0E00000FF000000FF000000FF000000FF000024
:10F0F00000FF000000FF000000FF000000003C3C9B
:10F10000000000FF000000FF000000FF000000FF03
:10F11000000000FF00000000000000FF000000FFF2
:10F12000000000FF0000FFFF000000FF000000FFE4
:10F13000000000FF000000FF000000FFFF000000D3
:10F14000FF000000FF000000FFFF0000FF000000C4
:10F1500000FFFFFFFF000000FF000000FF000000B5
:10F16000FF000000FF000000FFFF0000FF000000A4
:10F17000FF000000FF000000FF0000000000FF0093
:10F180000000AAAA0000FF000000FF000000FF002E
:10F19000000000FFFFFFFF00FF00FF000000FF0076
:10F1A000000000FFFFFFFF000000FF000000FF0065
:10F1B0000000FF000000FF000000FF000000FF0053
:10F1C0000000FF000000FF00000000000000FF0042
:10F1D000000000FFFFFFFF000000FF000000FF0035
:10F1E0000000FF000000FF00000000000000FF0022
:10F1F0000000FF000000FF000000FF000000000012
:10F20000FF000000AAAA0000FF000000FF000000AD
:10F21000FF00000000FFFFFFFF00FF00FF000000F5
:10F22000FF00000000FFFFFFFF000000FF000000E4
:10F23000FF000000FF000000FF000000FF000000D2
:10F24000C0C7C0FC33B04903C0C7C0FC33B04903DA
:10F25000C0C7C0FC33B04103C0C6C0FC33B04903D3
:10F26000C0C7C0FC33B04903C0C7C0FC33B04903BA
:10F27000C0C7C07C33804903C0C7C0FC33B049035A
:10F280000000C0C7C0FC33B04903C0C7C0FC33B0E6
:10F290004903C0C7C0FC33B041030086C0FC33B093
:10F2A0004903C0C7C0FC33B44103C0C6C0FC33B07F
:10F2B0004903C0C7C0FC33B04903C0C7C0FC33B06A
:10F2C000490330283C0010100333FFFFFFFF0C0000
:10F2D00014C3080000000F5FFFFF2C302C0020201B
:10F2E00020200000C2C200028082FFFEFFBE3F7FDE
:10F2F000FFFF08AA080A00FF0CFC5505500000009B
:10F30000F0000000FFFFFFA05FFF7FFF05540054E7
:10F310003CFF3FFF080808087F7F7FFFFFFFFFFFDC
:10F3200000100000E83C000000007F7FFFFEFFFAB5
:10F33000FFFFFFFFC3030808000001000082F30085
:10F34000414100003028000010100030FFBAFF30AB
:10F350000C001400000000040F3FFFFF20302000CD
:10F360000050A0F00000020200028082FFFAFFAA13
:10F370003C7DFFFF08A0080000000C0C202020208E
:10F38000050C050C0000FFFFFF300FFF3FFF0504D9
:10F3900000043DFF3DFF5A0A50007D7D7DFFFFBC0C
:10F3A000BCBC00100000E8000000000000FFFFFCF3
:10F3B000FFF0141FFFFFC0000808000001000082DA
:10F3C0003000033F00002C202C2010A0B0A0000033
:10F3D00000000C000C00FFFFFFFF08282828000099
:10F3E000B4B400070C07000000003F7FFFFF0000DF
:10F3F0000C0F3F7FFFFF0000000082D482800000DE
:10F4000000003DFFFFFF0000F0F0F00000000000F2
:10F410003F00000A15BF55FF00000100200000005A
:10F42000C341820000000000BA001A005DFFFFFF28
:10F43000000000000000003C00C000C00F330F1BA4
:10F4400080803C0CC1C100C0303000001000B00012
:10F4500000000000050005F0FEFABEAA00282828DA
:10F460000000AA0000040C04000000003C7DFFFF27
:10F4700000000C000F5FFFFF00000000AAF0AAA030
:10F48000000000003D3DFFFF0000B0F0B0000000B4
:10F4900000003000000A0000000000000000200012
:10F4A00000002020202010B01ABAB00010000CFF7D
:10F4B000FFFF000000000000003C82C382000F3309
:10F4C0000F1B80803000010100C004000400040014
:10F4D00004902000200004002000200021002000D3
:10F4E000110021002100210020000400040004007C
:10F4F00004842000040020000000000000900400AC
:10F50000002000002000008400000000040004002F
:10F510000400040004081100040000902010000002
:10F520000420000000000490211040880400040022
:10F5300004000400009011000000000000084000DA
:10F5400004080000200004002000000090210000BA
:10F5500000000000000000000000000090002000FB
:10F56000000020004000040004009005200000116D
:10F5700090000000000000000000040004000020D3
:10F58000000000000000000000000000000000007B
:10F590000000000020000000C02100000021000049
:10F5A0000000002000110008C0100008C000404109
:10F5B0000011A000000000210411200040022000E2
:10F5C0000002A00000050000000090000000000004
:10F5D000000000000000000000000000000000002B
:10F5E000000000000000000000000000000000001B
:10F5F00000000010000000000000000000000000FB
:10F6000000000000000000000000000000000000FA
:10F6100000000000000000000000000000000000EA
:10F6200000000000000000000000000000000000DA
:10F6300000000000000000002100000000000008A1
:10F6400000000000000000000000000000000000BA
:10F650000000002000000010000000210000000059
:10F660000010001100000010001100020000000056
:10F6700000200000001100100021001100110011F5
:10F68000001000080000001000110003000000003E
:10F69000000000000021002000080000000000051C
:10F6A00000000020000300020020001000080000FD
:10F6B0000000000000000000001000000000000832
:10F6C00000000010A0210000000800100010002120
:10F6D000001000000000051000000510410041105E
:10F6E000008205A00010008200080500051005003A
:10F6F00000000500000000000008050040000500B3
:10F700001000058410000300050041104182030031
:10F710001082000000C00000050000000082000808
:10F7200000080000000000A000080000000000C069
:10F73000410000100582000000820000050000006A
:10F7400000820000058200000000008405C0200047
:10F750000500030000030021C0218221C021100008
:10F760000003082110008400000082081041842159
:10F77000000000210005C0100003822100000005E8
:10F7800000008405000020210010C00800000005D2
:10F7900000210000000084000021C00502210200B9
:10F7A0000221001000008420002100000010002130
:10F7B0000010000000210020001084100005C0206F
:10F7C000000000040800C0000003840000030041A2
:10F7D0008400821084000300200000002000090043
:10F7E00010000000100009081000110000000400C3
:10F7F000410000000400008800000000090009002A
:10F80000410000200900000000002000000000006E
:10F8100010000000000000000000000000000000D8
:10F820000000100040200000000000002000000048
:10F830000900410000000000080000000900090064
:10F84000410011001000020000000500000202004B
:10F850000000030010001100000000000000000084
:10F860000000000000000000000000000000000098
:10F870000000000000000000000000000000000088
:10F880000000000000000000000000000000000078
:10F890000000000000000000000000000000000068
:10F8A0000000000000000000000000000000000058
:10F8B0000000000000000000000000000000000048
:10F8C0000000000500000000000000000000000033
:10F8D000000000000000000000000000000800829E
:10F8E00000101000000000000000000000000000F8
:10F8F0000000410000000000410000000000000086
:10F900000010000000000010400000000000000097
:10F9100010000000000000000000000000000000D7
:10F920000000000000000000000000A00000000037
:10F9300000000000000000000000000000C0000007
:10F940000000000000080500000000A010000000FA
:10F9500041004100000000000010100084108405E8
:10F96000001088080000000200218421000300002C
:10F970000008000500100003000300000021000043
:10F9800000030241100000001010C02100210010EF
:10F9900084210003842100000000000300000021F6
:10F9A00084000003001000210000002084080008EB
:10F9B00000100005000300034000000500080021BE
:10F9C0008841C010002110210000902100088221F0
:10F9D0000005401000410005C021C021C0080940B9
:10F9E000000000840984040004100020001004902A
:10F9F00041002020004004C0000000001000020070
:10FA000000200300052011400000020020202000FB
:10FA1000000000000040108411101084000000005D
:10FA20000040000000080900102000820000009043
:10FA30000084004000000088040000101100000055
:10FA400020840200000000820402200011000082D5
:10FA500004020400048209100202000002000000F7
:10FA60000000000000002000000000000000000076
:10FA70000000000000000000000000000000000086
:10FA80000000000000000000000000000000000076
:10FA90000000000000000000000000000000000066
:10FAA0000000000000000000000000000000000056
:10FAB0000000000000000000000000000000000046
:10FAC0000000000090000000000000000020000086
:10FAD0000000000000000000000000000000000026
:10FAE0000000000000000000000000000000000016
:10FAF0000000000000000000000000000000000006
:10FB000000000000000000000000000000000000F5
:10FB100000000000000000000000000000000000E5
:10FB200000000000000000000000000000000000D5
:10FB300000000000000000000000000000000000C5
:10FB400000000000000000000000000000000000B5
:10FB500000000000000000000000000000000000A5
:10FB60000000000000000000000000000000000095
:10FB70000000000000000000000000000000000085
:10FB80000000000000000000000000000000000075
:10FB90000000000000000000000000000000000065
:10FBA0000000000000000000000000000000000055
:10FBB0000000000000000000000000000000000045
:10FBC0000000000000000000000000000000000035
:10FBD0000000000000000000000000000000000025
:10FBE0000000000000000000000000000000000015
:10FBF0000000000000000000000000000000000005
:10FC000000000000000000000000000000000000F4
:10FC100000000000000000000000000000000000E4
:10FC200000000000000000000000000000000000D4
:10FC300000000000000000000000000000000000C4
:10FC400000000000000000000000000000000000B4
:10FC500000000000000000000000000000000000A4
:10FC60000000000000000000000000000000000094
:10FC70000000000000000000000000000000000084
:10FC80000000000000000000000000000000000074
:10FC90000000000000000000000000000000000064
:10FCA0000000000000000000000000000000000054
:10FCB0000000000000000000000000000000000044
:10FCC0000000000000000000000000000000000034
:10FCD0000000000000000000000000000000000024
:10FCE0000000000000000000000000000000000014
:10FCF0000000000000000000000000000000000004
:10FD000000000000000000000000000000000000F3
:10FD100000000000000000000000000000000000E3
:10FD200000000000000000000000000000000000D3
:10FD300000000000000000000000000000000000C3
:10FD400000000000000000000000000000000000B3
:10FD500000000000000000000000000000000000A3
:10FD60000000000000000000000000000000000093
:10FD70000000000000000000000000000000000083
:10FD80000000000000000000000000000000000073
:10FD90000000000000000000000000000000000063
:10FDA0000000000000000000000000000000000053
:10FDB0000000000000000000000000000000000043
:10FDC0000000000000000000000000000000000033
:10FDD0000000000000000000000000000000000023
:10FDE0000000000000000000000000000000000013
:10FDF0000000000000000000000000000000000003
:10FE000000000000000000000000000000000000F2
:10FE100000000000000000000000000000000000E2
:10FE200000000000000000000000000000000000D2
:10FE300000000000000000000000000000000000C2
:10FE400000000000000000000000000000000000B2
:10FE500000000000000000000000000000000000A2
:10FE60000000000000000000000000000000000092
:10FE70000000000000000000000000000000000082
:10FE80000000000000000000000000000000000072
:10FE90000000000000000000000000000000000062
:10FEA0000000000000000000000000000000000052
:10FEB0000000000000000000000000000000000042
:10FEC0000000000000000000000000000000000032
:10FED0000000000000000000000000000000000022
:10FEE0000000000000000000000000000000000012
:10FEF0000000000000000000000000000000000002
:10FF000000000000000000000000000000000000F1
:10FF100000000000000000000000000000000000E1
:10FF200000000000000000000000000000000000D1
:10FF300000000000000000000000000000000000C1
:10FF400000000000000000000000000000000000B1
:10FF500000000000000000000000000000000000A1
:10FF60000000000000000000000000000000000091
:10FF70000000000000000000000000000000000081
:10FF80000000000000000000000000000000000071
:10FF90000000000000000000000000000000000061
:10FFA0000000000000000000000000000000000051
:10FFB0000000000000000000000000000000000041
:10FFC0000000000000000000000000000000000031
:10FFD0000000000000000000000000000000000021
:10FFE0000000000000000000000000000000000011
:10FFF0000000000000000000000000000000000001
:020000040003F7
:1000000000000000000000000000000000000000F0
:1000100000000000000000000000000000000000E0
:1000200000000000000000000000000000000000D0
:1000300000000000000000000000000000000000C0
:1000400000000000000000000000000000000000B0
:1000500000000000000000000000000000000000A0
:100060000000000000000000000000000000000090
:100070000000000000000000000000000000000080
:100080000000000000000000000000000000000070
:100090000000000000000000000000000000000060
:1000A0000000000000000000000000000000000050
:1000B0000000000000000000000000000000000040
:1000C0000000000000000000000000000000000030
:1000D0000000000000000000000000000000000020
:1000E0000000000000000000000000000000000010
:1000F0000000000000000000000000000000000000
:1001000000000000000000000000000000000000EF
:1001100000000000000000000000000000000000DF
:1001200000000000000000000000000000000000CF
:1001300000000000000000000000000000000000BF
:1001400000000000000000000000000000000000AF
:10015000000000000000000000000000000000009F
:10016000000000000000000000000000000000008F
:10017000000000000000000000000000000000007F
:10018000000000000000000000000000000000006F
:10019000000000000000000000000000000000005F
:1001A000000000000000000000000000000000004F
:1001B000000000000000000000000000000000003F
:1001C000000000000000000000000000000000002F
:1001D000000000000000000000000000000000001F
:1001E000000000000000000000000000000000000F
:1001F00000000000000000000000000000000000FF
:1002000000000000000000000000000000000000EE
:1002100000000000000000000000000000000000DE
:1002200000000000000000000000000000000000CE
:1002300000000000000000000000000000000000BE
:1002400000000000000000000000000000000000AE
:10025000000000000000000000000000000000009E
:10026000000000000000000000000000000000008E
:10027000000000000000000000000000000000007E
:10028000000000000000000000000000000000006E
:10029000000000000000000000000000000000005E
:1002A000000000000000000000000000000000004E
:1002B000000000000000000000000000000000003E
:1002C000000000000000000000000000000000002E
:1002D000000000000000000000000000000000001E
:1002E000000000000000000000000000000000000E
:1002F00000000000000000000000000000000000FE
:1003000000000000000000000000000000000000ED
:1003100000000000000000000000000000000000DD
:1003200000000000000000000000000000000000CD
:1003300000000000000000000000000000000000BD
:1003400000000000000000000000000000000000AD
:10035000000000000000000000000000000000009D
:10036000000000000000000000000000000000008D
:10037000000000000000000000000000000000007D
:10038000000000000000000000000000000000006D
:10039000000000000000000000000000000000005D
:1003A000000000000000000000000000000000004D
:1003B000000000000000000000000000000000003D
:1003C000000000000000000000000000000000002D
:1003D000000000000000000000000000000000001D
:1003E000000000000000000000000000000000000D
:1003F00000000000000000000000000000000000FD
:10040000000000000000FFFFFFFFFFFFFFFFFFFFF6
:10041000FFFFFFFFFFFFFFFFFFFFFFFFFFFFFFFFEC
:10042000FFFFFFFFFFFFFFFFFFFFFFFFFFFFFFFFDC
:10043000FFFFFFFFFFFFFFFFFFFFFFFFFFFFFFFFCC
:10044000FFFFFFFFFFFFFFFFFFFFFFFFFFFFFFFFBC
:10045000FFFFFFFFFFFFFFFFFFFFFFFFFFFFFFFFAC
:10046000FFFFFFFFFFFFFFFFFFFFFFFFFFFFFFFF9C
:10047000FFFFFFFFFFFFFFFFFFFFFFFFFFFFFFFF8C
:10048000FFFFFFFFFFFFFFFFFFFFFFFFFFFFFFFF7C
:10049000FFFFFFFFFFFFFFFFFFFFFFFFFFFFFFFF6C
:1004A000FFFFFFFFFFFFFFFFFFFFFFFFFFFFFFFF5C
:1004B000FFFFFFFFFFFFFFFFFFFFFFFFFFFFFFFF4C
:1004C000FFFFFFFFFFFFFFFFFFFFFFFFFFFFFFFF3C
:1004D000FFFFFFFFFFFFFFFFFFFFFFFFFFFFFFFF2C
:1004E000FFFFFFFFFFFFFFFFFFFFFFFFFFFFFFFF1C
:1004F000FFFFFFFFFFFFFFFFFFFFFFFFFFFFFFFF0C
:10050000FFFFFFFFFFFFFFFFFFFF000000000000F5
:1005100000000000000000000000000000000000DB
:1005200000000000000000000000000000000000CB
:1005300000000000000000000000000000000000BB
:1005400000000000000000000000000008000000A3
:100550000000000200000000000000000000000099
:10056000000000000000000000000000000000008B
:10057000000000000000000000000000000000007B
:10058000000000000000000000000000000000006B
:10059000000000000000000000000000000000005B
:1005A000000000000000000000000000000000004B
:1005B000000000000000000000000000000000003B
:1005C00000000000000000000000000000000041EA
:1005D00000000041000000000000000000000000DA
:1005E000000000000000000000000000000000000B
:1005F00000000000000000000000000000000000FB
:1006000000000000000000000000000000000000EA
:1006100000000000000000000000000000000000DA
:1006200000000000000000000000000000000000CA
:1006300000000000000000000000000000000000BA
:1006400000000000000000000000000000000000AA
:10065000000000000000000000000000000000009A
:10066000000000000000000000000000000000008A
:10067000000000000000000000000000000000007A
:10068000000000000000000000000000000000006A
:10069000000000000000000000000000000000005A
:1006A000000000000000000000000000000000004A
:1006B000000000000000000000000000000000003A
:1006C000000000000000000000000000000000002A
:1006D0000000000000000000810000000000000099
:1006E000000000000000000000000000000000000A
:1006F00000000000000000000000000000000000FA
:1007000000000000000000000000000000000000E9
:1007100000000000000000000000000000000000D9
:1007200000000000000000000000000000000000C9
:1007300000000000000000000000000000000000B9
:1007400000000000000000000000000000000000A9
:100750000000000000000000000000000000000099
:100760000000000000000000000000000000000089
:100770000000000000000000000000000000000079
:100780000000000000000000000000000000000069
:100790000000000000000000000000000000000059
:1007A0000000000000000000000000000000000049
:1007B0000000100000000000000000000000000029
:1007C0000000000000000000000000000000000029
:1007D0000000000000000000000000000000000019
:1007E0000000000000000000000000000000000009
:1007F00000000000000000000000000000000000F9
:1008000000000000000000000000000000000000E8
:1008100000000000000000000000000000000000D8
:1008200000000000000000000000000000000000C8
:1008300000000000000000000000000000000000B8
:1008400000000000000000000000000000000000A8
:100850000000000000000000000000000000000098
:100860000000000000000000000000000000000088
:100870000000000000000000000000000000000078
:100880000000000000000000000000000000000068
:100890000000000000000000000000000000000058
:1008A0000000000000000000000000000000000048
:1008B0000000000000000000000000000000000038
:1008C0000000000000000000000000000000000028
:1008D0000000000000000000000000000000000018
:1008E0000200000000000000000000000000000006
:1008F00000000000000000000000000000000000F8
:1009000000000000000000200000000000000000C7
:100910000000000000000041000000000000000096
:1009200000000000000000000000000000000000C7
:1009300000000000000000000000000000000000B7
:1009400000000000000000000000000000000000A7
:100950000000000000000000000200000000000095
:100960000000000000000000001000000000000077
:100970000000000000000000000000000000000077
:1009800000000000000000000084000000000000E3
:1009900000000000000000000084000000000000D3
:1009A0000000000000000000000000000000000047
:1009B0000000000000000000000000000000000037
:1009C0000000000000000000000000000000000027
:1009D0000000000000000000000000000000000017
:1009E0000000000000000000000000000000000007
:1009F00000000000000000000000000000000000F7
:100A000000000000000000000000000000000000E6
:100A100000000000000000000000000000000000D6
:100A200000000000000000000000000000000000C6
:100A300000000000000000000000000000000000B6
:100A400000000000000000000000000000000000A6
:100A5000000000000000000000C0000000000000D6
:100A60000000000000000000000000000000000086
:100A700000000000000000000000000000840000F2
:100A80000000000000000000000000000000000066
:100A90000000000000000000000000000000000056
:100AA0000000000000000000000000000000000046
:100AB0000000000000000000000000000000000036
:100AC0000000000000000000000000000000000026
:100AD0000000080000000000000000000005000009
:100AE0000000000000000000000000000000000006
:100AF00000000000000000000000000000000000F6
:100B000000000000000000000000000000000000E5
:100B100000000000000000000000000000000005D0
:100B200000000000000000000000000000000000C5
:100B300000000000000000000000000000000000B5
:100B400000000000000000000000000000000002A3
:100B50000090000000000000000000000000000005
:100B60000000000000200000000000000000000065
:100B70000000000000000000000000000000000075
:100B80000000000000000000000000000000000065
:100B90000000000000000000001000000000000045
:100BA0000000000000000000000000000000000045
:100BB0000000000000000000000000000000000035
:100BC0000000000000000000000000000000000025
:100BD0000000000000000000000000000000000015
:100BE00000000000000000090000000000000000FC
:100BF00000000000000000000000000000000000F5
:100C000000000000000000000000000000000000E4
:100C100000000000000000000000000000000000D4
:100C200000000000000000000000000000000000C4
:100C300000000000000000000000000000000000B4
:100C400000000000000000000000000000000000A4
:100C50000000000000000000000000000000000094
:100C60000000000000000000000000000000000084
:100C70000000000000000000000000000000000074
:100C80000000000000000000000000000000000064
:100C90000000000000000000000000000000000054
:100CA0000000000000000000000000000000000044
:100CB0000000000000000000000000000000000034
:100CC0000000000000000000004100200000004182
:100CD0000000000000000005000000000800000007
:100CE00000000000080008000000000000000000F4
:100CF00000110000000000000400000000000000DF
:100D000000000000000000100000000000000000D3
:100D10000000000000000000004100000000000092
:100D200000000000000000000000000000000000C3
:100D300000000000000000000000000000000000B3
:100D400000000000000000000000000000000000A3
:100D50000000000000000000000000000000000093
:100D60000000000000000000000000000000000083
:100D70000000000000000000000000000000000073
:100D80000000000000000000000000000000000063
:100D90000000000000000000000000000000000053
:100DA0000000000000000000000000000000000043
:100DB0000000000000000000000000000000000033
:100DC0000000000000000000000000000000000023
:100DD0000000000000000000000000000000000013
:100DE0000000000000000000000000000000000003
:100DF00000000000000000000000000000000000F3
:100E000000000000000000000000000000000000E2
:100E100000000000000000000000000000000000D2
:100E200000000000000000000000000000000000C2
:100E300000000000000000000000000000000000B2
:100E400000000000000000000000000000000000A2
:100E50000000000000000000000000000000000092
:100E60000000000000000000000000000000000082
:100E70000000000000000000000000000000000072
:100E80000000000000000000000000000000000062
:100E90000000000000000000000000000000000052
:100EA0000000000000000000000000000000000042
:100EB0000000000000000000000000000000000032
:100EC0000000000000000000000000000000000022
:100ED0000000000000000000000000000000000012
:100EE0000000000000000000000000000000000002
:100EF00000000000000000000000000000000000F2
:100F000000000000000000000000000000000000E1
:100F100000000000000000000000000000000000D1
:100F200000000000000000000000000000000000C1
:100F300000000000000000000000000000000000B1
:100F400000000000000000000000000000000000A1
:100F50000000000000000000000000000000000091
:100F60000000000000000000000000000000000081
:100F70000000000000000000000000000000000071
:100F80000000000000000000000000000000000061
:100F90000000000000000000000000000000000051
:100FA0000000000000000000000000000000000041
:100FB0000000000000000000000000000000000031
:100FC0000000000000000000000000000000000021
:100FD0000000000000000000000000000000000011
:100FE0000000000000000000000000000000000001
:100FF00000000000000000000000000000000000F1
:1010000000000000000000000000000000000000E0
:1010100000000000000000000000000000000000D0
:1010200000000000000000000000000000000000C0
:1010300000000000000000000000000000000000B0
:1010400000000000000000000000000000000000A0
:101050000000000000000000000000000000000090
:101060000000000000000000000000000000000080
:101070000000000000000000000000000000000070
:101080000000000000000000000000000000000060
:101090000000000000000000000000000000000050
:1010A0000000000000000000000000000000000040
:1010B0000000000000000000000000000000000030
:1010C0000000000000000000000000000000000020
:1010D0000000000000000000000000000000000010
:1010E0000000000000000000000000000000000000
:1010F00000000000000000000000000000000000F0
:1011000000000000000000000000000000000000DF
:1011100000000000000000000000000000000000CF
:1011200000000000000000000000000000000000BF
:1011300000000000000000000000000000000000AF
:10114000000000000000000000000000000000009F
:10115000000000000000000000000000000000008F
:10116000000000000000000000000000000000007F
:10117000000000000000000000000000000000006F
:10118000000000000000000000000000000000005F
:10119000000000000000000000000000000000004F
:1011A000000000000000000000000000000000003F
:1011B000000000000000000000000000000000002F
:1011C000000000000000000000000000000000001F
:1011D000000000000000000000000000000000000F
:1011E00000000000000000000000000000000000FF
:1011F00000000000000000000000000000000000EF
:1012000000000000000000000000000000000000DE
:1012100000000000000000000000000000000000CE
:1012200000000000000000000000000000000000BE
:1012300000000000000000000000000000000000AE
:10124000000000000000000000000000000000009E
:10125000000000000000000000000000000000008E
:10126000000000000000000000000000000000007E
:10127000000000000000000000000000000000006E
:10128000000000000000000000000000000000005E
:10129000000000000000000000000000000000004E
:1012A000000000000000000000000000000000003E
:1012B000000000000000000000000000000000002E
:1012C000000000000000000000000000000000001E
:1012D000000000000000000000000000000000000E
:1012E00000000000000000000000000000000000FE
:1012F00000000000000000000000000000000000EE
:1013000000000000000000000000000000000000DD
:1013100000000000000000000000000000000000CD
:1013200000000000000000000000000000000000BD
:1013300000000000000000000000000000000000AD
:10134000000000000000000000000000000000009D
:10135000000000000000000000000000000000008D
:10136000000000000000000000000000000000007D
:10137000000000000000000000000000000000006D
:10138000000000000000000000000000000000005D
:10139000000000000000000000000000000000004D
:1013A000000000000000000000000000000000003D
:1013B000000000000000000000000000000000002D
:1013C000000000000000000000000000000000001D
:1013D000000000000000000000000000000000000D
:1013E00000000000000000000000000000000000FD
:1013F00000000000000000000000000000000000ED
:1014000000000000000000000000000000000000DC
:1014100000000000000000000000000000000000CC
:1014200000000000000000000000000000000000BC
:1014300000000000000000000000000000000000AC
:10144000000000000000000000000000000000009C
:10145000000000000000000000000000000000008C
:10146000000000000000000000000000000000007C
:10147000000000000000000000000000000000006C
:10148000000000000000000000000000000000005C
:10149000000000000000000000000000000000004C
:1014A000000000000000000000000000000000003C
:1014B000000000000000000000000000000000002C
:1014C000000000000000000000000000000000001C
:1014D000000000000000000000000000000000000C
:1014E00000000000000000000000000000000000FC
:1014F00000000000000000000000000000000000EC
:1015000000000000000000000000000000000000DB
:1015100000000000000000000000000000000000CB
:1015200000000000000000000000000000000000BB
:1015300000000000000000000000000000000000AB
:10154000000000000000000000000000000000009B
:10155000000000000000000000000000000000008B
:10156000000000000000000000000000000000007B
:10157000000000000000000000000000000000006B
:10158000000000000000000000000000000000005B
:10159000000000000000000000000000000000004B
:1015A000000000000000000000000000000000003B
:1015B000000000000000000000000000000000002B
:1015C000000000000000000000000000000000001B
:1015D000000000000000000000000000000000000B
:1015E00000000000000000000000000000000000FB
:1015F00000000000000000000000000000000000EB
:1016000000000000000000000000000000000000DA
:1016100000000000000000000000000000000000CA
:1016200000000000000000000000000000000000BA
:1016300000000000000000000000000000000000AA
:101640000000000000000000000000000000040096
:10165000000000000000000000000000000000008A
:101660000000000000000000000000000000040076
:10167000000000000000000000000000000000006A
:101680000000000000000000030000002000000037
:10169000000000000000000000000000000020002A
:1016A0000000020000000000000000000000000038
:1016B000000000000000000000000000000000002A
:1016C000000000000000000000000000000000001A
:1016D0000100000000000000000000000000000009
:1016E00000000000000000000000000000000000FA
:1016F00000000000000000000000000000000000EA
:1017000000000000000000000000000000000100D8
:1017100000C0000000000000000000000000000009
:1017200001000000000000000000000000000000B8
:1017300000000000000000000000000000000000A9
:101740000000000000000000000000000000000099
:101750000000800000000000000000000000000009
:10176000020000008000A0008400800085000400CA
:101770000400000000000004000004000400040055
:101780008500200080001100000000010000000022
:1017900002000000800080000500800000000000C2
:1017A00008C0000020000004000400048000800045
:1017B00080000800080008000800880000042000DD
:1017C000C0008000040000000000000000000000D5
:1017D00000000010080000000000000000000000F1
:1017E00000000100000008000500210004000400C2
:1017F0000100010000000000008000000141010024
:10180000010004000121200000000000000400008D
:10181000000001100000020004000000040000416C
:10182000004100000000910000800080008008005E
:1018300008000800051001000100010005000080FB
:10184000010005100400010000000000000000007D
:101850000010001000100000000000000000000058
:101860000000000000000000000000000000000078
:1018700000000000001000004000000000C0001048
:101880000010008800080088008800C000C00088A0
:10189000000400040004000000C000040040000236
:1018A00000200000004004000000000000A0000034
:1018B0000040001000000084000000900090000034
:1018C000000000000088004000000010000200102E
:1018D0000084004000840040000000000000000080
:1018E00000000000000000000000000000000000F8
:1018F00000000000000000000000010000000000E7
:101900000000000000000080000000000000000057
:1019100000000080008000800000000000800000C7
:1019200000800080000000000100000000000000B6
:1019300000000000000000000000000000000000A7
:101940000000000000000000000000000000000097
:101950000000000000000000000000000000000087
:101960000000000000000000000000000000000077
:101970000000840180008000800080001000A00032
:1019800040000000000000000000000541002100B0
:10199000000204040004040104000000100005001B
:1019A00000200000040004000400040004000400FF
:1019B000040004008020002000200020000004001B
:1019C0000400210005008000000000A0801000112C
:1019D0000010802080008002800080000000000055
:1019E00000000000000000000000000000000000F7
:1019F00000000000212020002000040504009100C8
:101A000005008500002184000000840000848841D6
:101A100000050080018000800104010000C000007A
:101A2000820000800000010001000100010085002B
:101A3000850085000100208000A1008000A1001029
:101A4000011001050000000040000000000040807F
:101A500010A00080408504000485040004000000FC
:101A60000000000000000000000000000000400036
:101A70000400090009000010040000000000090033
:101A800000C020040000008920C0020420C01140D2
:101A900004200982218440A0034021040290000018
:101AA00080C0044005004020410000044120410462
:101AB00000000084404000A00090100400000000DE
:101AC00000C0000000400088400000000900044001
:101AD00000404000400000A02088000004000000FA
:101AE00000000000000000000000000000000000F6
:101AF00000000000000000000000010000000000E5
:101B00000000000000800000000401000000000050
:101B10000000010000000000000000000080000044
:101B2000000008000100000000000000000000802C
:101B300000000000000001000000000000000000A4
:101B40000000000000000000000000000000000095
:101B50000000000001000100000000000000000083
:101B60000000000000000000000000100000000065
:101B700000840000000000000000000000010401DB
:101B8000A0000000048400A104C14110008480C0B2
:101B900021840484048404C0040000C0040003C041
:101BA0002100000000C00000000000002000208490
:101BB000201000004000C00000844000200000C051
:101BC0000010008404C000840000008400000000B5
:101BD000000000010000000000850010002000004F
:101BE0000000008400000000000000000000000071
:101BF0000000000000100041000000000000002074
:101C000001200505A0000100840401040041002119
:101C10002000000483000100010001000005010014
:101C2000880000000000000000000000000001002B
:101C30000100010000050100054100000100010054
:101C40000000A000A009010000000000000000004A
:101C50000000000010020000000000200080008052
:101C600082410000000000000000000010000000A1
:101C700000000000000000000000000000004084A0
:101C8000C0100091410888830210080009101080DC
:101C900000048240408090038800400508801010B6
:101CA00089090541080800000283808840054080BA
:101CB000008900890540084080008400000909006F
:101CC00000008911004140C0004089080041090816
:101CD000800340000009000000830000110000881C
:101CE000800300000889000000000000000091004F
:101CF00000000000000000000000000000000000E4
:101D00000089080108080109038941419188018976
:101D100089881010A18200088805088411C100C0BC
:101D200001010401400101010000010390919001B3
:101D300001900008000900C101408888839000409C
:101D400000C00000C100400100100001C1010801F5
:101D500000009001840040010000008302C02004C4
:101D6000000890C184004111004000000000000004
:101D700000000000000000000000000010008800CB
:101D80000100080182410189080190014100898810
:101D9000C1410900854088000809050089828991B0
:101DA000208201A000C000A1010100000900C100C3
:101DB000890883918801834010C009004000100108
:101DC00088100800010201C0000201C100020108E0
:101DD000010200C1100088009100C100090010003C
:101DE0001000838200011000089011000000000024
:101DF000000000000000000000000000090080005A
:101E000080000900C040110921C0C0090010410034
:101E100005808309100840008800918810040200A2
:101E2000A108118210000880000809400000C009C4
:101E3000C000C000A08808030200910089000011C2
:101E400080028000001010000800110009890900BC
:101E500008802100088980000009080083009004A0
:101E60008000800083800002880080808300000062
:101E70000000000000000000000000000000000062
:101E80000090008980804002801009881090000432
:101E90000011838940901089008000808585401062
:101EA0000011C091851000882082090409000000FB
:101EB00000C00082081085A01108004080090008B9
:101EC00000800080880080000820020409092008A2
:101ED00000080202090808088000000000218003B1
:101EE00000800080804000830000000080A180030B
:101EF00000000000000000000000000000000000E2
:101F00000000000800A188820011081183090189DE
:101F100000080808A0A088880102880882A0890912
:101F20000004080808A08908000901110108A01090
:101F30000040000900C00088898300C10085089125
:101F40000889101000C08308889001010001010178
:101F50000301A001000183000200028800400091FB
:101F6000884100108808A003028300000808C00907
:101F70008809009000000000000000000000000040
:101F80000000000000000000000011100983C101E2
:101F9000C11040118889C000888809088804900110
:101FA000118809C109058800C10401100040010120
:101FB00000000000820190028800C004058810889B
:101FC00091014040020108100400900001890001C5
:101FD0000100000001890100000000000040000431
:101FE0000000004083000800080008021141098831
:101FF000C000089000000000000000000000000089
:10200000000000000000000000000000090990909E
:102010000808108000080084801100009089C0101A
:1020200000408500A00304041109200009800484F5
:1020300008080000000080110008000900000900E5
:102040009180102140000040008000111100080222
:10205000112004004000088204000811090000005B
:1020600008000000000083048000800091008303CA
:102070008900800000808181000000000BD00000FA
:1020800000000000000082410009904000000600AE
:102090000009D00042000082000B900000000041C7
:1020A000000B900000000084000B9000066000818F
:1020B000000B9000000000000084000B9000000066
:1020C0000000000BD00081000000000BD00006884B
:1020D0000000000BD00000000000000BD00000004A
:1020E0008100000BD00000000000000B0000006029
:1020F0008100000B000081000000000000000000D3
:10210000000000000000000000000000F00FF00FD1
:10211000FFFF00003CBC3C3C000000007FBF7EBDD8
:102120000000FFC3999918189919001066E46627F2
:1021300099999099091809180000000000000F0FE4
:1021400004DFFFFFFF3FFFFFFF3F00003C3C0000BC
:10215000FFFFFFFFFF3FFFFFFFFFFFFFFF3FFFFF0F
:10216000FF3F00FF00FF00FFFFFFC3C3FFFF00FFB3
:10217000FFFF00FFFFFF00FFFFFF0208208100803C
:102180000000000000000000000000000000F00F50
:10219000F00FFFEF00203C2C3C3C000000003F3FD4
:1021A0003C3C00003C00000018181919101066F0A3
:1021B000660F090000001818181800000000000041
:1021C0000F0FDF043FFF3F3F3F3FFF3F00003C3C1E
:1021D00000000000FFFF3C3F3F3FFF0FFFFFFC3CC4
:1021E000FFFF3C3F00FF00FF00FFFFFFC3C3FFFFF7
:1021F00000FFFFFF00FFFFFF00FFFFFF00000210D6
:102200000840000000000000000000000000000086
:1022100000000000000000000000000000000000BE
:1022200000000000000000000000000000000000AE
:10223000000000000000000000000000000000009E
:10224000000000000000000000000000000000008E
:10225000000000000000000000000000000000007E
:10226000000000000000000000000000000000006E
:10227000000000000000000000000000000000005E
:10228000000000000000000000000000000000004E
:1022900000003C3CC3C30000FFFF00FF00FF5A5A90
:1022A00066996666F0FF00000000FFFFFFFF000078
:1022B000000083E300FFD0F400008080C2C2000071
:1022C0006600F00083E300FFFCFFFFFFFCFFFFFF61
:1022D000F0F00000FFFF0000FFFFFFFFFCFEFFFE2D
:1022E000E6FFFEFFFFFFFFFFFFFF0F0FFFFFFF00F7
:1022F000FFFFC3C3FFFFC3C3FFFF0F0FFFFF0F0F9E
:1023000000000000000000000000000000000000CD
:10231000000000003C3CC3C34000FDFF10F700FF7D
:102320005A5A66996666F00060F960F9FFFFBFFFD0
:102330006666F0F01C7C00FFD0F40000C0C0C0C096
:1023400000006600F0001C7C00FFFCFFFCFCFCFCB5
:10235000FFFCF0F0000000000000FC7EFC7EFCFEB4
:10236000FFFEE6FFFEFFF0FFFCFCFFFF0F0FFFFF8D
:10237000FF00FFFFC3C3FFFFC3C3FFFF0F0FFFFF3C
:102380000F0F0000909000000000000000100000FF
:1023900000000086006C01000000008600900380B1
:1023A000000000860A8CA08000100086009C00803F
:1023B00000000086049C00800000008600FC00B045
:1023C00000000000000204BC0000000000860000C5
:1023D00000800000A8865410A0820015000000E0D4
:1023E00000300000000000E000300000A2C651F004
:1023F00003844940024101800004494002C7018032
:1024000003844940000000000000000000000000BC
:10241000000000000000000000000FF00C0A0A0A93
:1024200000000000F0F2F0F00800FDFFFF00FF00E8
:1024300004FE00FF3C3C3CB400FF00FF0000000035
:102440000A0ACBCB0000BE14FF0FFF551717FFFE83
:10245000FCFE5FFF3FFFFFFEFCFE3FFFFFFF0000B3
:10246000FFFFFFFF00000000FFFFFFFF0000000074
:1024700000003C3C3C00FC0CFAFA0CCFD7D7BEFF66
:10248000BAFFFFFFFFFF0001000000008000000016
:102490000000000000000000000000000FF00C0A27
:1024A0000A0A0F030F3FF070F0F00000FFFFF72063
:1024B000FF0000FF00FF3C3C3C3C00EF10FF000031
:1024C00000000AFFCBFF0000BE14F00000551717F4
:1024D000FFFEFCFE5FFF3FFFFFFEFCFE3F3CFFFFF9
:1024E00000000000000000000000000000000000EC
:1024F0000000000000000C00FC0C0A0A0CCF1414B1
:10250000BEFFBAFFFF00FF5F0000000000000000F8
:102510000000000000000002000000000FF00FF0BB
:102520005454040400000000FFFF00000800FFFFF7
:10253000BFFF800004F700FFFF00FF0000DF20FF67
:1025400000000000000000000000000000C3F5F5DE
:1025500014D7FFFCFFFF7F5F7FFFFFFCFFFF3FFF04
:10256000FFFF00003C3CFFFF00000000FFFFFFFFFB
:102570000000000000000C080D08FCFCEB28505F78
:10258000FCFC0C0C0000FF55FFFF000000000000E9
:1025900000000000000000000000000000000FF03C
:1025A0000FF0141414143C3C2D2DFDFF0800000006
:1025B000F7FFFFFF000000FF00FFBF10FF0000FF5C
:1025C00000FF00000000000000000000000000C349
:1025D000050514D7FFFCFCFC7F5F7FFFFFFCFFF0CD
:1025E0003FFF3F3F00003C3C0000000000000000B7
:1025F00000000000000000000C080D08C0C0EB281F
:10260000505F0C0C3C3C2020FF55FF5F0000000099
:1026100000000000000000000000000000000000BA
:10262000000000000000000009000000000084001D
:10263000800000000400400084408000030000008F
:10264000080090000200100000A00200000011002D
:102650000000110000000200020002000210000051
:10266000000000000000080008000000000000005A
:102670000000000000000400000000000000000056
:10268000000000000000000000000020000000002A
:10269000000000000000000000000000000000003A
:1026A000000000000000000000000000000000002A
:1026B000090002000000010001004180200000002C
:1026C000000001000900010001000000010000C03D
:1026D00000000000000000000000000000000000FA
:1026E00000000000000000000100010000000000E8
:1026F00000000000000000000100000000000000D9
:102700000000000000000000000000000080000049
:1027100000000000000000000000000000000000B9
:102720000000080000000000000020002000200041
:102730002000000000000000400000000000000039
:102740008000800089009008002080008000000048
:10275000000020000000A000800020000400C00055
:102760002000040011000400041004880400880004
:1027700084000000002000008000000004008000B1
:102780000000000080A00000000000018001800027
:1027900088110000000000000000000000000000A0
:1027A000000000000100000000000000090001001E
:1027B000090001000000000000000100000000000E
:1027C0000000040004000400059000804010102167
:1027D00000100000010000000500040001000000DE
:1027E000110009000120000001100141001000103B
:1027F000050004100021000000002000000001215D
:102800000400002100000821002000200420041002
:10281000040005900000000000000000000000001F
:102820000000000000000000000000000088002000
:10283000000000000082000180080000000200008B
:1028400000008000001080030008800800040000E1
:102850000002000000000088050000C10000000028
:102860000000002000100002001080008000000422
:1028700000A0000280C0008500840020002080109D
:1028800080A000840000004000C000030010000190
:10289000002000A100200000000000000000000057
:1028A00000000000000000000000000000000441E3
:1028B00000000000000000004010108240000241B3
:1028C00000208200041188102082A08010800090D7
:1028D00000410004000500000220C021002000008B
:1028E0000000001100200421000500050810080563
:1028F00000000002000220000020000020000080F4
:1029000008000840822000090000000200200002A8
:1029100000040080000400800000000000000000AF
:1029200000000000000000000000080080A004007B
:102930000404040404000004000020002000A0009F
:102940002000200040004000A000850020822008D8
:10295000000011008000800100000002081000004B
:1029600041048000022080C180001000002003008C
:102970004100820282020202800200008084000084
:102980000000000000822100080000C100C100001A
:10299000008820202011201180010000000000008C
:1029A0000000000000000000000000000100200006
:1029B0000100018001800100008000000100012170
:1029C00003000100010001000100090008000100EE
:1029D0000191000000002005202000C0008011802F
:1029E0000000088004000080040204000000008051
:1029F0000000000004800480008008800000400087
:102A0000A0000005100010000000010000040004F8
:102A10008200000001800184019004040000000095
:102A20000000000000000000000000000000200086
:102A300000000000038404900004210400820502C9
:102A400000400203204020000000020204C04100B8
:102A500000C041A100000204040400020000401074
:102A60001000200020880084004000840200020141
:102A7000A188902010210004418400C000100310A0
:102A80000820081108A000000000004103A08000F9
:102A900080000005840300101082038820100000CD
:102AA0000000000000000000000000000000200006
:102AB00001200041881004118810048088900000D3
:102AC000C00000050108030901000203910288000B
:102AD000080040204008402100911120C000000063
:102AE00001000100090003001021C005100540008D
:102AF0000004201120100004002100110002000039
:102B0000102101001120C041400000000410040009
:102B10000811040420900410848004210000C1A145
:102B200000000000000000000000000000000000A5
:102B300000010000000000010088A00480100000D7
:102B4000028202100208C10002000482828200A0F8
:102B500003104100411003C0000004400000008445
:102B6000000020101000002080000404081000095C
:102B70000804089008C0000020100085001183821E
:102B8000000008400021000008000088000000A0AC
:102B900000830400021000040004008402100010EE
:102BA0000000000000000000000000000000000025
:102BB0000000000400000000000400000980201054
:102BC00000000000008000800200000001002000E2
:102BD00000000000000000000010000001000000E4
:102BE00000000000010001050080040001800000D9
:102BF00008820080010085100000840000040004A9
:102C00002000000001000082000001000800000018
:102C100010001020010000000080008000000080F3
:102C200000800000000000000000000000004000E4
:102C300000000000001080040808000011908009C6
:102C40002180101003800080820011000000050028
:102C5000000000000000000000001100C01000840F
:102C60002009110900009110001100100908082026
:102C70008040008511094040040980400808008018
:102C80002000890000000000000000000000200873
:102C90008908004108100804080900401090000548
:102CA0000090000341100000000000000000000040
:102CB000000000000000400110014001000000037E
:102CC000888991020000C010000811C00040000077
:102CD0000000900000000000000840000000110803
:102CE0001005010200020000910100001001910096
:102CF0001089C08500A100910000000902000000B9
:102D00000082A008200400880200000840000000A3
:102D10000101C101080190000900000182000010BA
:102D20000000000902000001000000000000000097
:102D300000000000000000C00100008400900000BE
:102D40009001021005018900090011001090410056
:102D500008A0200002A002010010000001100000E5
:102D6000008200000104000100000000108441897D
:102D700001008300038889A1410841900104019169
:102D800001008800C001040082C1011001009110FF
:102D90000100010201C0010200C1019001081109F6
:102DA0000000008811A00082010000000000000067
:102DB00000000800400000000080100040000000FB
:102DC0000800101091808821090440000804C00008
:102DD00090098000004180008041090009414000C5
:102DE0000841028002210200114000000000800022
:102DF000101009004011A100858540080400104012
:102E000041210908001100088000804140000400B1
:102E100020800300400008002100108921001000DC
:102E2000C110040041008800008010000000000074
:102E30000000000000000000000000000008008406
:102E4000400408A011C000080009088080A000020A
:102E500040C00083028020021100800000000400B6
:102E60002009800520888840042020C00000090235
:102E700000050990108302914009400483880802EC
:102E8000204009C040409100808002400080000046
:102E9000040002000000000802020910A000080857
:102EA000200810C00404080811100083001000005E
:102EB00000000000000000000000000000000021F1
:102EC0000002008301829002888900830182A010A1
:102ED000089009A040820402018800404004A040FC
:102EE00001000100820105C182A1118309110000C6
:102EF000C109004101090183010201048540918952
:102F0000A10100000110210102A0C008098804826B
:102F10000088010000000800000100018300830018
:102F20000000000100104000000100010008040141
:102F30000000000000000000000000080000C000C9
:102F4000009001820000000003880190100002013F
:102F500084400088040000C1009000A000000188A7
:102F600000100811000200080088000000000000A6
:102F700000400140010101000100030089104101EE
:102F800000C000880111880000008220091088001C
:102F900010A00010080000000000018901000000DE
:102FA0000000010001098800000001900189000073
:102FB0001100000000000000000000000000000000
:102FC000800000001000040320009080040990009D
:102FD0008009800500088005004100400082000053
:102FE0002000000000900009008000000009000996
:102FF0000000000009000505090002008300A00987
:1030000021030980408004034040080080050880B7
:10301000001180000000000000040000088204008D
:103020001008090009000282404009000800101041
:103030000303900000000000000000000000000BEF
:10304000D0000BD0418800099000000082410009A7
:103050009000000041810009D00000000081000BB9
:10306000D00000000000000BD000004182410009A8
:103070009000420000008188000BD0000000004258
:10308000000BD00000600000000BD0001100000019
:10309000000BD00000000084000B90000000000036
:1030A000000BD00000500000000BD0000000008199
:1030B000000BD000004100000000000000000000F4
:1030C000000000000000000000000F003C00505F06
:1030D000000020702070000000007CFC3D3F3C3C64
:1030E00000000F0F000000000000FF0000000000C3
:1030F00000000FCF00C3000000040051000A0009C7
:10310000001B0051FFFBAAAA00FF207F3C3C3C3C77
:1031100000FF000000FF00000000000000000000B1
:103120003FFFFFFFFFFFFFFF0000FFFF5555555515
:103130000000F3F33C3C3C000000000000000000F5
:103140000008000028802800033F033F0F003C00D8
:103150005555000030303030000000007C7C3D3D93
:103160003C3C00000F0F00000000000000000000C9
:10317000000000005FDF55D700000000005500058B
:10318000000C001B0004FFFFAAAA00FF00FF3C3C4C
:103190002D3C00FF000000FF0000000000000000C8
:1031A00000003CFCFFFF3F7D3F7D0400F7FF5555CD
:1031B00055170000003000000C0000000000000067
:1031C0000000104000100800020800AA00F00F0FD5
:1031D0000C0C0000BE8200BA008A00000000000053
:1031E00000000000FFFF0000AAAA00000000FFBCD2
:1031F000FF3CC3F3EBFBDFCF5F0F00004FFFFFFF90
:1032000000AAAAAA2000000018003000FF02FF0058
:10321000FFFF00000000FFFF0000FFFF00000000B4
:1032200000000000FFFFFFE8FFFFFFFFFF00FF00BF
:103230003C783C3CCFCF0C00000030300000000058
:1032400000000000000000000000000000AA00F0E4
:10325000030300000000AAAA00BA008A00000000D0
:1032600000040000000000000000AAAA0000000006
:10327000FF3CFF3C00F0AAFAD7C3550000005FFFF7
:10328000FFFF00AAAAAA0000000030003000FD00E5
:10329000FF00FBFF10000000000000000000000025
:1032A0000000300000F0FFFFFFE8FCFCFFF0FF80B3
:1032B0007F003C3C3C3C000000001010303000001F
:1032C0000000000000000000000000000000008678
:1032D00000FC031000000086009C03800000A08614
:1032E00050BCA3B00005A88654FCA0B20015A000F5
:1032F00050F0A0300085A086506CA3B0008500007F
:10330000008600E40302000008860204008000003A
:10331000000000F000300000A8005490A00200154A
:10332000000000EC003000A0000000E000300000D1
:10333000000000F000300000000000FC0030000041
:10334000000000000000000000000009590000001B
:10335000000000000000503014145050FF00407076
:103360000F0F00001F0F5F1F000000000000000C87
:103370000000FF003C3C000000000000C3EBF3FB3A
:1033800000000000000000F03030FFFFFFFFFFFFF3
:10339000FFFF0000F0F000FF00003F3FFA0A55FF7A
:1033A0000F3C0000FF003C3C00000000FFFFFFFF5F
:1033B00000000000F0F000FF000000003C3C00FFB7
:1033C0000000000000000000000000000020B0002D
:1033D000B10000000000F0F050301414505000FF15
:1033E00040700F0F00001F0F5F1F00000000000063
:1033F000000C0000FF003C3C00000000000000AAA0
:10340000F0FA00000000000000F03030FFFFAFA035
:103410003C3FFF3F0000F0F000FF00003030FA0AB0
:1034200055000F3C0000FF003C3C00000000000085
:10343000000000000000F0F000FF000000003C3C35
:1034400000FF00000000000000000000000000007D
:103450000000000000000000000000005050550077
:103460000003C0C3BF013F0300810024000000002F
:10347000408010200000FF005555000050507C7C1B
:10348000000000000000000000000F000F00FFFC23
:10349000FFFF3FFF7F7F0000FF003C3C0000FCFC83
:1034A000BE82417D3F3F0000FF0000FF00000000A2
:1034B000FFFFFFFF000000003C3C00FF0000000099
:1034C000FF000F0F000000000000000000000002DD
:1034D000C0124803400000000000000000005050EF
:1034E00055000003C0C3FE40FCC081002400000062
:1034F0000000010204080000FF0055550000FF50C5
:10350000FF7C000000000000000000000F000F0022
:10351000FFFCFCFC3FFF7F7F0000FF003C3C000005
:10352000C0C0BE82417D03030000FF0000FF000019
:10353000000000000000000000003C3C00FF000014
:103540000000FF000F0F000000000000000000005E
:10355000000000000000000020000000000000004B
:10356000000000000000001000002000000010001B
:103570001000000000000000020000000200000037
:1035800021002100000000000000030002000200F2
:103590000082040000000000000004000500041088
:1035A000000000000000000000000000000000001B
:1035B00000002000200020000000000000000000AB
:1035C000009000000000200000000000000000004B
:1035D00000000000000000000000000000000000EB
:1035E00000000000000000000000000000000000DB
:1035F00000000000000000000000000000000000CB
:103600000000000000000000000000400000040076
:1036100000000000000000000000000000000000AA
:10362000000000000000000000000000000000009A
:10363000000000000000000000000000000000008A
:10364000000000000000000000000000000000007A
:10365000000000000000000000000000000000006A
:10366000000000000000000000000000000000005A
:10367000200000002000000000000000000000000A
:103680000800000000000000000020000000000012
:1036900000004100000000000000000000002000C9
:1036A00020000000200010000000000000002100A9
:1036B00000000000210000000000000000000000E9
:1036C00000000000000000000000000000000000FA
:1036D00000000000000000000000000000000000EA
:1036E00000000000000000000000000000000000DA
:1036F00000000000000000000000000000000400C6
:1037000000000041004000000000004100200000D7
:1037100000000000000002000000000000000000A7
:103720000200000000100000000000000020000067
:103730000000002000000000000000050000000064
:103740000000001000200000001000110010001107
:103750000000000000000000000000000000000069
:103760000000000040000000000011000400000004
:1037700000000920000000000300400203000000D8
:103780000300030009000000090000000000080019
:1037900000000200000000000900210000000000FD
:1037A000000000002000200002000000000000884F
:1037B0000088000000000000000000000040000041
:1037C00000C0000000000010000000C00000000069
:1037D0000000000000000000000000008800000061
:1037E0008841000000040000040000008411001063
:1037F0000010C0200021000020028200000282117F
:1038000000008802000040000003000400040010D3
:10381000002000000000902004000009001140007A
:103820000004004100000010881088000010000013
:103830009040080500210010A005000004030003CB
:103840000000A009000000100002884190208221A1
:103850000204020000000000000000000000000060
:10386000000000001100008400C000C00000000043
:103870000000000000000000000020000004090417
:103880000000000000000000008200000020002076
:1038900000000000000000002100080021000000DE
:1038A000000005C0000000000300098800000000BF
:1038B0000000410003000800100010C008001100C3
:1038C00000000090210400000000000000000084BF
:1038D00004000001000100000000000000000000E2
:1038E00000000000000000000000000000000000D8
:1038F000000500000000A000000082110000000090
:10390000000000000000000900000010040000009A
:103910000000002100000040000020080200020812
:1039200000000800000082000000C021000000002C
:1039300000009005000000002000000000000000D2
:1039400000000011000000411040000010000000C5
:10395000C0000000084084040000000000000000D7
:103960000000000000000000000000000004400013
:10397000000000020002020000000200000021001E
:103980000000020040200000004000000010000085
:1039900000000000000000000000099008002188DD
:1039A00010000300051003000000030000A000C089
:1039B0004100050000200000000010000000410050
:1039C0000000000005400000000000001000098217
:1039D0000000800180018011000100000000000053
:1039E00000000000000000000000000000000008CF
:1039F00000102000880500030011842000218402AB
:103A00000021040200000400040340408200202141
:103A100088090009C009880920110000202004112C
:103A20000003000002202020000584000011A000F7
:103A30000010842110211010001000100000000060
:103A40000009000000000000000000000008020360
:103A500000084008101008022020C00800000000E4
:103A60000000000000000000000000000000110045
:103A7000000000000900000002000000000000003B
:103A800000000000000000C0000000400000000036
:103A9000001000000000000000080000000000000E
:103AA000210009082100100003100000110021006E
:103AB00000000000000000000084030000830010EC
:103AC00041000500210010840340000000000000B8
:103AD0000000002020000000000000002000000086
:103AE00000000000000000000000000000000000D6
:103AF0000000001000000000880582009010000007
:103B00000000000008410000A00000210241040064
:103B100000000800C000000000410000004100005B
:103B20000000001090000000000002008400A0408F
:103B3000004000100200C040002004119020040446
:103B400020000040000000000800000000210408E0
:103B5000002004000000040000000000A00000009D
:103B60000000000000000000000000000000000055
:103B70000000000000000000000000000000000045
:103B80000000000000000000000000000000000035
:103B90000000000000000000000000000000000025
:103BA000000080000000000000008000090000808C
:103BB0008020008000000003000080000000000062
:103BC0000000800000000000000080000000008075
:103BD00000090000000000030000800009008004CC
:103BE00009000000000000000000000000000000CC
:103BF00000000000000000000000000000000000C5
:103C000000000000000000000000000000000000B4
:103C100000000000000000000000000000000000A4
:103C2000000000008200000000820000820000000E
:103C3000000810411004A0000001000082000000F4
:103C40000082000082000000008200C082000000AC
:103C500000A002000002020000010000820000003B
:103C6000C083000000000000000000000000000011
:103C70000000000000000000000000000000000044
:103C80000000000000000000000000000000000034
:103C90000000000000000000000000000000000024
:103CA0000000000000000000900000000000000084
:103CB00085000000C000A100840100820000000017
:103CC000000000000008000090000000000000005C
:103CD00005000000A0018300C100000400000100F5
:103CE000000000010188000000000000000000004A
:103CF00000000000000000000000000000000000C4
:103D000000000000000000000000000000000000B3
:103D100000000000000000000000000000000000A3
:103D20000000000000000000000000000000000093
:103D30000000040000110000020009400082090098
:103D400000000000000000800000000000000000F3
:103D500000000400000400404000A04100000002F8
:103D60004000000000031000000000000000000000
:103D70000000000000000000000000000000000043
:103D80000000000000000000000000000000000033
:103D90000000000000000000000000000000000023
:103DA0000000000000000000000000000000000013
:103DB000000000000000410003C0001000000000EF
:103DC00000000000000000000000000000000000F3
:103DD00000000000000000000500000400000000DA
:103DE0000000000000008000000000000000000053
:103DF00000000000000000000000000000000000C3
:103E000000000000000000000000000000000000B2
:103E100000000000000000000000000000000000A2
:103E20000000000000000000000000000000000092
:103E30000000000000000000011001090000000067
:103E400000000000000000000082000000000000F0
:103E500000000000000000000082000000000000E0
:103E600000000000000000000882000000000000C8
:103E70000000000000000000000000000000000042
:103E80000000000000000000000000000000000032
:103E90000000000000000000000000000000000022
:103EA0000000000000000000000000000000000012
:103EB00000000001000000040182830000000001F6
:103EC000000000C0000000820000000000000000B0
:103ED0000100000200000004000041000000008317
:103EE00000000000000000820010000088C00000F8
:103EF00000000000000000000000000000000000C2
:103F000000000000000000000000000000000000B1
:103F100000000000000000000000000000000000A1
:103F20000000000000000000000000000000000091
:103F30000000000000080000008002802000000057
:103F400000030500000000000080000000000000E9
:103F5000000010000083000000800200A0000000AC
:103F600000A00200000000000080008041000089E5
:103F70000000000000000000000000000000000041
:103F80000000000000000000000000000000000031
:103F90000000000000000000000000000000000021
:103FA0000000000000000000000000000000000011
:103FB00000000000000000001200000000000000EF
:103FC000128841480009D0001242000000000000A1
:103FD00012000000000000001200000000000000BD
:103FE000120081480009D00012000000000000000B
:103FF000124200000000000000000000000000006D
:1040000000000000000000000000000000000000B0
:1040100000000000000000000000000000000000A0
:104020000000000000000000000000000000000090
:104030000000000000000000000000000000000080
:104040000000000000000000000000000000000070
:104050000000000000000000000000000000000060
:104060000000000000000000000000000000000050
:104070000000000000000000000000000000000040
:104080000000000000000000000000000000000030
:104090000000000000000000000000000000000020
:1040A0000000000000000000000000000000000010
:1040B0000000000000000000000000000000000000
:1040C00000000000000000000000000000000000F0
:1040D00000000000000000000000000000000000E0
:1040E00000000000000000000000000000000000D0
:1040F00000000000000000000000000000000000C0
:1041000000000000000000000000000000000000AF
:10411000000000000000000000000000000000009F
:10412000000000000000000000000000000000008F
:10413000000000000000000000400000000000003F
:10414000000000000000000000000000000000006F
:104150000000000000007B75AEDE000000000000E3
:10416000000000000000000000000000000000004F
:104170000000000000007B7500000000000000004F
:10418000000000000000000000000000000000002F
:10419000000000000000000000000000000000001F
:1041A000000000000000000000000000000000000F
:1041B00000000000000000000000000000000000FF
:1041C00000000000000006000000000000003002B7
:1041D000000000000000400306608667C002000087
:1041E00000000000408C07000000000000003002CA
:1041F0000000000000004003E66100000000000035
:1042000000000000000000000000000000000000AE
:1042100008004100200000004100080000000400E8
:104220000400110003000400030000A00002820249
:1042300080020802040091000440000000004102D6
:1042400000020002000000001140044000000000D5
:10425000040080002000000004200400008800000A
:10426000200000001100002020402000000000205D
:10427000030008A000000800000008000000000083
:10428000000000000000000000000000000000002E
:104290000000010000000100000000000000880094
:1042A000010001000000000001000000000000808B
:1042B00040802080058091000800900000C0000030
:1042C000008000800080000000000080008000006E
:1042D00000000000040005000000010001000000D3
:1042E00000000100000000000000000000000000CD
:1042F0000080000001000000000000000800000035
:10430000000000000000000000000000000080002D
:104310008400000080000000000000008000800099
:104320000000800080000300000000888000000082
:104330000000000000000000000008010000000074
:10434000C102800100104110000000002000002088
:1043500020020000201000108410A010A002000015
:1043600000000000000080000000001000100000AD
:104370000404A0002010000004820020001000109F
:10438000000000000000000000000000000000002D
:1043900010001100000010000000000000004000AC
:1043A0004000000040002000000000210000040048
:1043B00000000000000000000000000001020000FA
:1043C00000002080200420802080000000000100E8
:1043D000008001808200010000000900050008C083
:1043E000000000000000000020000000004000006D
:1043F00000000180091001A100100010C010008011
:10440000008000000000000000000000000000002C
:104410000000000000002000000004000000110067
:10442000098400880508000000400984008440A039
:1044300000840402040204894040880284020005CA
:10444000840200008402400209012008098580845A
:10445000210004C008400002118840020802100236
:10446000000200020402048240C00900000000842F
:1044700000002008009000A0008209000000001049
:1044800000008000000000000000000000000000AC
:10449000000000000000000000000000900000008C
:1044A000001088000000908500000000000000005F
:1044B00000000009018001850104010005890980CF
:1044C000C00209800000408001800002C000A002FC
:1044D0000410000001000100008000000080008046
:1044E00000808880C0800100110084099000A00035
:1044F0000000C000000800000002400000000000B2
:104500000080000004000000000000000000000027
:1045100000000000000000028000200020000400D5
:104520000400040004008408840000080003040060
:104530004100410841012000050409001001040068
:104540001000840004000000050541010301000083
:104550000005100141014121000400040089000010
:10456000200141001000900000000000208804009D
:104570000020412100001021000000200400200143
:104580000401000020000000000000000000000006
:104590000000000000000000008020000100010079
:1045A000050901008900010021C11100C080C082FD
:1045B000010084008880000801008291000004202E
:1045C000850084002100010000C0102020209002FE
:1045D0000008108220040002008200850090000282
:1045E0002000010400000000080584058408010083
:1045F0000100008000820041008400000020C10012
:1046000000040810882082208200000000000000C2
:104610000000040009000400020000000000000087
:1046200000000040008421A00440200409840020F0
:10463000090241820002090009880001000000000F
:1046400003C0A101808221052182000000C00085F5
:1046500080040985418400850084008400000005F1
:10466000040300050000000000C000000400210257
:10467000A120210000040840080408000800204090
:104680001000040084058400800120000000000068
:104690000000000000000010000000050000000005
:1046A000000000000421000500050000018000104A
:1046B00000800080000800000000000500020000EB
:1046C0000009000404100800882084000000900005
:1046D000001004A10002C0088402C040A0008400B1
:1046E0000010C190001000001000900000000000B9
:1046F000000004008400008001001180010001001E
:1047000001000004C1034104210020020300000055
:104710000000000000000000000000000000000198
:10472000000000000000218404C0008200A020845A
:104730002000210440081100040400048004C1008A
:10474000C190000204854104A10508100204000084
:10475000418504900584052190A0040290028801FF
:1047600004020408000402002001080021004100A6
:10477000000000400084000008020404090500084D
:10478000000000000084000000844020040040A0DD
:104790000000000000000000000000000000000019
:1047A0000004004100008241004101410000A000DE
:1047B00001000100828001008811010000802000BA
:1047C0004000400504800502008040A000001080E9
:1047D00000000010002110001082040000A10484D9
:1047E00040200180050000000000010401000000DD
:1047F0002004000500410000000001830080C0A0EB
:10480000C0000400002000000000100001001100A2
:104810001100000000000000000000000000000087
:104820000000084080414008800803830080218503
:104830000800838304090408098884C1100408203F
:1048400040410083000004000000008300020000DB
:1048500000000000008305A0080000000003000025
:1048600009000000000300808000004000832180D8
:104870000382000090000000910000000000000092
:104880000000008000000091800810100403400424
:1048900000004109000000000000000000000000CE
:1048A000000000000001820191010200012140A0EE
:1048B00021110190918909884188001002880184A2
:1048C0000041019100890008019000400083408868
:1048D00090000040000000830005410000400001FE
:1048E00088000000000000010002020000010083B7
:1048F000A00208100088894008080882002088006B
:104900000000900000040000000208010101000105
:1049100001089000010000000000000000000000FD
:104920000000000000004000108820209084040057
:1049300040000804910288000803089088918310C1
:104940000800A0884101A0008201848821890840D4
:10495000900088008301000000010400410083C032
:1049600004824000402089000002040000A00100F1
:1049700088009000C000832088004000880011104B
:104980000011C00100040000050201C001A00101E6
:10499000001001C000A001000000000000000000A5
:1049A000000000000000000011004000089100918C
:1049B00083080900088010A1001100828080004156
:1049C00020C00900C18020100000001000800310EA
:1049D00080000003000083100000001080094000E8
:1049E0008380808085048080030000008041000077
:1049F0000300000500038000838008110900800087
:104A0000890000C0000400000010C08041000811AF
:104A100010094180400000800320000000000000D9
:104A20000000000000000000000004111010001140
:104A300004100390000520830510112000110021AF
:104A40008083098500851009910411000011080078
:104A5000000380000000030200830000804000800B
:104A600002000083048040202080000300800200B8
:104A700040050003800000C1800000830011000891
:104A800090090085800004114000000003202008E8
:104A90000009C041400020020000000300000000A7
:104AA0000000000000000000000000000190012153
:104AB00000880890000308088210419100898490C2
:104AC00088899089000200C108408890908884C03D
:104AD0000082888910409090000000830000A08927
:104AE00090040888008310020185010410A11002BF
:104AF00000000000A00182C0400420880083004024
:104B0000824110110088400000C1010004000191A1
:104B100001010001210101880000000020010000C6
:104B20000000000000000000000000000000820102
:104B300000108500100802022083A001908209095C
:104B400088C0880011108804880520019002A0A068
:104B50008800A00040888390910088001001000028
:104B6000834140000100408800A000200100004077
:104B70000108A02000000000832184108800038227
:104B800040108821100190C0000200840000000045
:104B9000010005100000010001089000000000085D
:104BA0000000000000000000000000000000000005
:104BB00084104000C000C000808380038008008013
:104BC000030885000800C0800000804000020080CB
:104BD0000000800085110000830040000002800872
:104BE00000008308000040000000000200001000E8
:104BF0000080030040040000000083A00080000249
:104C0000A0800008809080100080008000000009D3
:104C10000000090088910000100003800400410298
:104C20000000000000000000000000000000000084
:104C30000000416000099020210041880009900097
:104C400082410060000B902042000084000B902005
:104C500000000060000B900000008141000B9000FC
:104C6000000000008181000BD0000000824140095B
:104C7000D00012000081000BD00000000000000BEB
:104C8000D00042500081000BD00000000041000B1A
:104C9000D00000000000000BD00006000081000BD7
:104CA0009000000000000000000000000000000074
:104CB00000000000AA5555AA55AAAA5500000000F8
:104CC0000F0F87C3CCCCCC3333CC969600000000BA
:104CD000AA5555AA0F0F0F0F0F0F0000FF0000007D
:104CE000FF00000000000F0F00003C3C00000F0F11
:104CF0000F0F0F0F0000FF000000FF0000003C3C02
:104D000000000F0F000000000000FF047F00000003
:104D1000000000000F0FFFFFFF7EFFFFFFFFFF00FF
:104D20000F0F66660F0F000000000000000000007B
:104D300000000000000055AAAA5555AAAA55000077
:104D400000000F0F1E3C3333CC33CC3369690000B5
:104D5000000055AAAA550F0F0F0F0F0F0000FF00FC
:104D60000000FF00000000000F0F00003C3C0000AE
:104D70000F0F0F0F0F0F0000FF000000FF000000DB
:104D80003C3C00000F0F000000000000FF047F000B
:104D90000000000000000F0F7EFF7E7EFFFFFC0C76
:104DA0000000000000000000000000000000000003
:104DB00000000000000000000000000000000000F3
:104DC00000000000000000000000000000000000E3
:104DD00000000000000000000000000000000000D3
:104DE00000000000000000000000000000000000C3
:104DF00000000000000000000000000000000000B3
:104E000000000000000000000000000000000000A2
:104E10000000000000000000000000000000000092
:104E20000000000000000000000000000000000082
:104E30000000000000000000000055AAAA55CC3375
:104E4000CC3300000000C3E1F0F033CCC3C300005A
:104E5000000055AAAA5555AAAA550000FFFF000058
:104E6000FFFF000000FF0000FFFF0000000000FF48
:104E7000FFFFFF000000FFFF0000F0F000003C3CDF
:104E8000000066660000F0F0FFFF00000000000078
:104E90002020FFFF00000000FFFF0000FEFFFEFFDC
:104EA000F67EFFFF00FF3C3CF0F0303000000000D9
:104EB000000000000000000000000000AA5555AAF4
:104EC000CC33CC336666F0F03C78F0F0CC333C3C2D
:104ED00000000000AA5555AAAA5555AA00000000D6
:104EE00000000000000000FF0000000000000000C3
:104EF00000FFFFFFFF00000000000000F0F00000D6
:104F00003C3C000066660000F0F0FFFFFFFF000081
:104F100000000000FEFE00000000000000003EFF58
:104F20003EFFF67EFFFF0000000000003030000072
:104F30000000000000000000000000000000009AD7
:104F400000BC03B820000086049C03800000059E7E
:104F50005A9C008920050086001C00802000A2C603
:104F6000510CA0844945A241518CA304494500003D
:104F7000A241518CA3044140A2E6517CA1F44D40D2
:104F8000A24151FCA0344940A2415190000441404B
:104F90000086008400800000A00050F4A0320015BC
:104FA000000000E000300000080004EC00320010B7
:104FB00000000000000000000000000000000000F1
:104FC000C0C0C3C335C555550000FE40C3C14141F3
:104FD000FF08FF000400EFFFFEFEFFFC3F7DFFFF28
:104FE000FFFFFFFC5FFF7DFF00F0003C3030F0F082
:104FF000000000000000606050A000000000008180
:1050000000240000FF003C3C0000FAFAFC0C3C5578
:10501000FF0FFF00FD080002FF7F0000AAAA0F0F8C
:1050200000000000FF003C3C00000000FF003C3C92
:105030000000000000000000000000000000000070
:105040000000C0C000003CC355550000FCC000017A
:105050004141F700FF000000FFFFFEFEFFFC3F7D27
:10506000FFFFFFFF3F3C5FFF7DFF00F0003C303063
:105070000000000055AA9696606050A00000000055
:10508000810024000000FF003C3C00000A0AFC0CE8
:105090003C55000FFF00FF000000FFFF0000AAAA20
:1050A0000F0F00000000FF003C3C00000000FF006C
:1050B0003C3C000000000000000000000000000078
:1050C0000000000000000000C3870F0F0000000078
:1050D00000000000FFFF0000383D3C3CFFFFFFFCEC
:1050E0007DFF5FFFFFBFFEBE3EFF7FFF5500141434
:1050F000303000F0000000C3005550A0A0A0000018
:105100000000400110040000FF000F0F0000E8E85D
:10511000FF3CCFCF417DF0F0F0F010DF00FF00004A
:105120003C3C0F0F00000000FF003C3C0000000072
:10513000FF005555000000000000000000000000C6
:10514000000000000000000000003C2D0F0FFFBC1D
:1051500043000F1E3C3CF7FF20003C3C3C3CFF3F23
:10516000FF3C7DFF5FFFFFBFFEBE3EFF7FFF5500A0
:105170001414303000F00000003C00AA50A0505041
:1051800000000000800220080000FF000F0F000058
:10519000E8E8C3000C0C417DF0F078F000FF00FF60
:1051A00000003C3C0F0F00000000FF003C3C0000F2
:1051B0000000FF0055550000000000000000000046
:1051C000000000000000000000000000000080005F
:1051D000000000000000000088000421880808008A
:1051E00000000004002080000400A000800480046F
:1051F000411041A0000000A0000020081110040090
:1052000000000400000008008805200000000000E5
:10521000000091A000001100400040000400400088
:10522000400000000400004004008400822084004C
:105230000401110011000000020000000000000045
:10524000000000000000000000000000000000005E
:10525000200000000000000000000500010405809F
:105260000100000000800090100001000500048093
:1052700004800000820000000000004004800080E4
:10528000000000000100000900002184050000006A
:1052900000002000200000030000000000000100CA
:1052A00000000000000001004080010008000480B0
:1052B00005000120000000000000040000000000C4
:1052C00000000000000000000000000000020000DC
:1052D000C000C000000100000008000080000000C5
:1052E000000300104000002100A1000000000000A9
:1052F00040000000000080000000000000000000EE
:10530000090000000000880000008000000080000C
:10531000800080000000000009C000000500882017
:10532000040004C084008000049080000901809083
:1053300080008041800140A00000000000080000C3
:105340000000080000000000000000004000008095
:1053500000000200020000020000008000001000B7
:10536000000000820080000040A0402000000000FB
:10537000000000000000000020000000000000000D
:1053800000000000000000004100A0000421000017
:105390000800200020000000002100000000900014
:1053A00009800100030009100400A100041004405A
:1053B0000800040004200420010000000000008018
:1053C00000000000000000000000000000000000DD
:1053D0008000000000008000000000008001040048
:1053E0008021A010C0218021002040210021202107
:1053F000800280A08000800000100000009000006B
:105400000000880220028402800040A0C002400008
:105410000310100010A08009020000A08084A0C02A
:1054200080200020800080C0800200C000020000B8
:10543000002000104182002000200000842108820A
:1054400085A00000000000000000000088000000AF
:1054500040210400001188004002000000050420E3
:1054600001050890098541820490008501A000A0F3
:1054700001200405040504050400000500000021C6
:1054800000210000098005802180041000000880B0
:10549000C00300000000000002C000000040200027
:1054A00020002080C00020102000200300410000C8
:1054B00010000080C080A010C0800080000005A007
:1054C00000000400100000000000000000000010B8
:1054D00000100000800880418400800040040040EB
:1054E000C02100408021802180018082084000414D
:1054F000004000410002040000C000000804044015
:10550000110440830000000003000002001041006D
:10551000C00083108401029000100000A08210855A
:1055200010000000830020100510908502842102E5
:10553000200321C0208808014183048304048300E0
:1055400085210083412100000000000000000000D0
:10555000000000000000028040A005004000018023
:10556000008002A00080088208A0081004000080CB
:10557000048800800082000001000000000000801C
:1055800001000080001000C000091000820000002F
:1055900090000500080009041000008000002000B1
:1055A0000010080000000400000000850810000042
:1055B000108001040000010001100020910401800E
:1055C00040004082C02000A0000000000000000059
:1055D000000040000000040000001000042004004F
:1055E000108402400420C082831003114111041171
:1055F0008001840041208000040005890901000128
:10560000410000842000204000000801000040828A
:1056100090000900040000004100088480C080025E
:105620000000004000000005080000030090094051
:10563000410200200504000800A0209020C00420A2
:1056400020C021400420002003840000000000004E
:105650000000002100210000000000030105018579
:1056600001058903218001802005048584A0C09064
:1056700001A004200500000504030000000440040C
:105680004004904000210011050000008504000046
:10569000000520210000C0000041000001000800BA
:1056A000100000000005C00000C00040100484038A
:1056B000880000210000008084C100000108412111
:1056C00001850041100001801080000000000000F2
:1056D000000000000000000000000000000480083E
:1056E0000400002040A0C041409140A188118411D5
:1056F000881008A180000400800140200000804044
:1057000002010000412000840082000000000088A7
:10571000008800400002000000A0089000900002F5
:1057200008C0001000111100058200000000418433
:10573000101011A000A0001003A0008400A0081009
:1057400004C0041004A00808002004204121000027
:1057500000000000000000000000000000000080C9
:1057600010850105008001411084820840081188DD
:105770000984058083200400000010048480000058
:1057800020000020000000000000000000000000D9
:1057900000000000000000800000880000020000FF
:1057A0000000010000000020000000210000022194
:1057B0001000000200000000000000000000C00017
:1057C000414101000141C14104008880898000A05D
:1057D00000000000000000000000000000000000C9
:1057E0000803210488C0081080118210400811416C
:1057F00000000000008020000003800400A020843E
:1058000010038004838508088000A00004000000C5
:1058100000000000001010000000110000048010C3
:1058200000089100800040004000084080092108E5
:1058300008080308118980200841000480094005F8
:10584000104003080810800408054040024004117D
:105850000004000000000000000000000000000044
:10586000000091C14009C11000890801C101040173
:10587000000100000000C0100100020302A1108915
:1058800001041090C0854004018904008200A0003A
:1058900000000000100000004100000000000000B7
:1058A0002001001091001000000000000100020122
:1058B00001000101010100092000000100000801B0
:1058C000890101000100010110000100A00089010F
:1058D00000000000000000000000000000000000C8
:1058E0000000000091000310C1848402C191418234
:1058F000408911890008000810080000400190004C
:105900002008C14110000500042088890800840097
:10591000408241850000880000844000820100042C
:10592000008201080101400000008288820110000D
:105930008820020083010990010800080100A1905D
:1059400003000208090090018990888983C0020041
:105950008209028905C1000000000000000000006B
:1059600000000000000002099080100521801182D3
:105970008480038990110080008500800000A14090
:105980002100028003888510880085800908A10015
:105990002120058083C10000000000410000800339
:1059A000410900C008A00303030041022100914007
:1059B0008800200085118940A0000800111109000D
:1059C000080009009100890008082000A0108980C3
:1059D000400908844190838300000000000000001B
:1059E00000000000000000000002008521080808F7
:1059F00040880040008300830041080041200003EC
:105A00004080A004A185891108400084418540851B
:105A10000000210040000080000080000010028093
:105A2000008040400484411010088091001020A1A3
:105A3000808320A0004140901088110208030910C3
:105A40009010410804402190828303020020090342
:105A5000C0900020201141A0A0880000000000009C
:105A6000000000000000000000000090840304011A
:105A700089880011008900020011A00000000011B7
:105A80008801014088C0411091C1018984C19004FE
:105A9000A108C090004001200040000040200040CC
:105AA00001020082010001080001C101109100857E
:105AB000010984830090008901859189000101C05A
:105AC0000101110100030182000482210189000902
:105AD000010089890003010201A18904000000007E
:105AE000000000000000000000000000884082204C
:105AF000A101880083408505A10188C001108400B0
:105B00000000000084A14010820088880889048277
:105B100082918208820100908400088400000104C0
:105B2000001001000020001000000000010800210A
:105B3000000100010040010901A1010101820100F1
:105B400008A00000010000100000000000C0910348
:105B50000985A0018389030803A1A100C088000072
:105B6000000000000000000000000000000009002C
:105B7000098890098800C004080804030400030091
:105B80001100090009000003800000008080000867
:105B900080040008008080410080800000800000B8
:105BA000038008804010000020004000030010C067
:105BB000001100210003000009024141080808808B
:105BC0000900830308081000008500040008000095
:105BD00089112010A010108910022140A010098006
:105BE00000000000000000000000000000000000B5
:105BF00082414009900000008241000990004288E3
:105C000000840009900000004188400990000600CF
:105C100041880009900000004188000990008141FE
:105C200000001200000BD00000501200000B90008A
:105C300042424188000BD00000608100000BD00080
:105C400000411200000BD00041001242000BD000B6
:105C500000484100000BD00042008100000B000012
:105C600000420000000000000000000000000000F2
:105C70000000996666999966669999666699CC332B
:105C80003333000F00C0C3C3FF0000000000F00F5B
:105C90000FF0000000001030B030000000000000E5
:105CA00000000000FFFF0FF00F0F00000CCF0CCF23
:105CB000030003140000000000F00FFF0010FFDFDE
:105CC000555555550100FFFF2C7C3C3C0000000061
:105CD000C3C300030002FF7F343E3C3C0F35FF3559
:105CE0000041004D00000000000000000000000026
:105CF00000000000669999666699996666999966AA
:105D000033CC33330F0FC0C03C3C00FF0000000019
:105D10000FF0F00F000000000030F0300000000035
:105D200000000000000000000FF00F0F00004141D4
:105D30007D7D030003140000000010F00FEF000051
:105D4000FFFF5555515D0000FEFF3C3C3C3C000010
:105D50000000FFFF00000000FFFF3C3C3C3C003522
:105D6000F0350041004D0000000000000000000080
:105D7000000000000000CCCC99669966669933CC8F
:105D8000CC33996666990000000000000000669917
:105D90009999CCCC0FF0000000000A0A0A0C000010
:105DA0000000C33CCCCC00000000FF000000FFFF5F
:105DB000FD0DFD0DFF003C3C0000000000550055AE
:105DC000FD80FF00FFFF0000FF04FF00FEFF040056
:105DD000D700D70000080008AAAAAAAAFFFF00005F
:105DE000AA780078BEBE000E00000000000000008F
:105DF0000000000000000000CCCC9966669999660E
:105E0000CC3333CC66999966000000000000000096
:105E100099666666CCCC0FF0ABAFA8A00A0C0A0C52
:105E200000000000C33CCCCC00000000FF000000DC
:105E30000000F808F808FF003C3C00000000005497
:105E40000055FF00FF00FFDF2000FB00FF00FFFF09
:105E50000000D700FF20FFFF0008AAAA3AAAFF7F90
:105E60008000AA780078BEBE000400000000000098
:105E70000000000000000000000000AE0A9C03C803
:105E8000A480009E00FC03C98400050050EC00398A
:105E9000000000B60A9CA3C0A4A50086009C038055
:105EA0000000A08250ACA3B000A50000A80654F0EA
:105EB000A3020015000000E003338010A006506C20
:105EC000A39200050006007003900000000000F09F
:105ED00003300000008600EC03B90000000600B0AB
:105EE0000380000000860020038300A00000000063
:105EF00000000000000000000000000099666699A4
:105F00009999666600FF9966669999660000FF0098
:105F100000FF000099666699CC3333CC0C0D0C0859
:105F200041030303C0C0C3C33DC7FFFF000000001F
:105F30000000606030C00000AAAA0F0F000000003F
:105F4000000028280828000000002020FF00000092
:105F5000FF000F0F000000000000200810049C004C
:105F60003C000C0C0000143C443C40AB00AA000078
:105F70000000000000000000000000000000669922
:105F8000996666669999FF00669999666699000018
:105F9000FF0000FF00006699996633CCCC330C0FEC
:105FA0000C0041034103C0C0000038C200000000E3
:105FB00000000000606030C00000AAAA0F0F0000BF
:105FC0000000000000000000000000003030FF0072
:105FD0000000FF000F0F00000000000080024001E1
:105FE000000000000C0C0000143C143C00FF00FFFB
:105FF00000000000000000000000000000000000A1
:106000009966669933CCCC33000000009966669996
:106010000000F0F000FF00009966669999666699A5
:10602000555501050000000000000000F0D4555552
:106030000000000000005500690000003C3C555580
:10604000000000000000BEFFFF5500000000FAF055
:106050000F0F0000FF003C3C0000000000000000AB
:106060008124000000000C080408000000000F0359
:106070000F00000000000000000000000000000011
:1060800000006699996633CCCC3300000000669915
:1060900099660000F0F000FF000066999966669925
:1060A0009966545000003C0F2D0F000000000F17A0
:1060B00055550000000000005500690000003C3C00
:1060C00055550000000000003CFFFFFF00000000ED
:1060D0003C3CFFFF0000FF003C3C000000000000D3
:1060E00081240000000000000004040800000000FB
:1060F0000F420F0000000000000000000000000040
:10610000000000000000000000000000000000008F
:10611000400000000000000000000000000000003F
:10612000000000000000000000000000000000C0AF
:106130000400000000000300000000000000000058
:1061400021000000410008000000000000000000E5
:1061500000000000210011000000002002000200E9
:10616000400002200400118800100000020000001E
:106170000088210004000000000000000000000072
:1061800000000000002000000000000000000000EF
:106190000000000000000000000088000000000077
:1061A000000084000000000000000000000000006B
:1061B00000000002200000000000000000000000BD
:1061C000400000000000000000000000000000008F
:1061D00000090000000000000000000200000000B4
:1061E000100000000000000000000010000000008F
:1061F0000000000000000800000000000000000097
:10620000000000000000000000004000000000004E
:10621000000000000000000000000000000000007E
:10622000000000000000000000000000000000006E
:10623000000000000000000000000000000040001E
:10624000000841000000400000004100410021C062
:1062500021000000000009000000000020000000F4
:10626000000000000000210000000000000000000D
:10627000000000C000A000000000000000000000BE
:10628000000000000000000000000000000000000E
:1062900000000000000000000000400000000000BE
:1062A00000004000000000000000000000000000AE
:1062B00000000000000000000000000000000000DE
:1062C0000000000002080021000000002000A000E3
:1062D000C00000000000000000000000904100002D
:1062E0000000000000000010000002108210821068
:1062F000000020000021001000000000000000004D
:106300000000000000000000000004000000110078
:106310000900000004000000000000000000000070
:10632000000000A0000000000000050000000000C8
:10633000000000000000000000000000000000005D
:106340000000000000000000210000000000050027
:106350001184000000000000000800080000000098
:1063600004C000C0020000000000001005C00000D2
:1063700000C0000000000000008200004002000099
:106380000000000000000000000088000000000085
:1063900004008803000084110003000300210000B2
:1063A00084000000C00000000009C00000000000E0
:1063B0008800020000080003000000000000000048
:1063C00082080400002100030004002100000000F6
:1063D00000410000880500000000000000000005EA
:1063E0000240001002000004000810118221000089
:1063F000900000058421A003A000A005A000A0003B
:10640000000000000000000000000000000000008C
:106410000000000000001100000000000900000062
:1064200000000000000000900010001000000000BC
:10643000000000000000000200000000000000005A
:10644000000004020000000800000002000000003C
:106450000000114000000000000002000010108445
:106460000000080800822100000000000808000069
:10647000218400C00082000000000000039000C0E2
:1064800003100000000000000000000000000000F9
:106490000000040040009000000002000202900290
:1064A00000020411880302112003000002410220AF
:1064B0002011000400000004900000000000000013
:1064C000000000000010000000000003A0084008C9
:1064D0000200A00208104041000000020009000371
:1064E0000009000010000040040900002003000023
:1064F0002008000810218409880088008409080801
:106500000000880000000000000000000000000003
:106510000000000000000000040000000000210056
:10652000210000000000000000000000000000004A
:106530000000000000880000000000000000400093
:10654000000000000000000000000000000000004B
:10655000000000000000000000000000000000102B
:10656000000000000004000000C00000020000085D
:106570000088000000000900000041820010008235
:1065800000000900000800000000000000000000FA
:1065900000030000000088218821002188050021D7
:1065A00000030008841104008800040988110021F8
:1065B0008400000088210000840002080000000020
:1065C00000000000080800000009000000080000AA
:1065D00020009010000090000003402000110840AF
:1065E0000000000000410020A021A0100020A00019
:1065F000C0000005C02000000000002100000021B4
:1066000090000000000208090000000000000000E7
:106610000000000000000000090000000000110060
:10662000008209880008000000881100110009207C
:1066300000000900000000880008000000000004BD
:10664000000000000000000000000000000000004A
:106650000000090000000008000000000004000025
:1066600000000000000040000000000000000000EA
:10667000091000C020000900000002000000008294
:106680000008000800A0008240C0000000000000D8
:1066900000000000000000000000000000000000FA
:1066A00000008809820302039040820482040400EF
:1066B00000000200880084110200880004404000AD
:1066C0004003000000000000000000000000000582
:1066D0000000000800000005A0059010C002001096
:1066E000400420000002A0028800402100000005B4
:1066F000840802000408040300030421900004003D
:10670000000000098800C0000008C002000000006E
:106710000000000000000000000000000000000079
:106720000000000000000000000000000000000069
:106730000000000000000000000000000000000059
:106740000000000000000000000000000000000049
:106750000000000000000000000000000000000039
:106760000000000000000000000000000000000029
:106770000000000000000000000000000000000019
:106780000000000000000000000000000000000009
:1067900000000000000000000000000000000000F9
:1067A00000000000000000000000000000000000E9
:1067B00000000000000000000000000000000000D9
:1067C00000000000000000000000000000000000C9
:1067D00000000000000000000000000000000000B9
:1067E00000000000000000000000000000000000A9
:1067F0000000000000000000000000000000000099
:106800000000000000000000000000000000000088
:106810000000000000000000000000000000000078
:106820000000000000000000000000000000000068
:106830000000000000000000000000000000000058
:106840000000000000000000000000000000000048
:106850000000000000000000000000000000000038
:106860000000000000000000000000000000000028
:106870000000000000000000000000000000000018
:106880000000000000000000000000000000000008
:1068900000000000000000000000000000000000F8
:1068A00000000000000000000000000000000000E8
:1068B00000000000000000000000000000000000D8
:1068C00000000000000000000000000000000000C8
:1068D00000000000000000000000000000000000B8
:1068E00000000000000000000000000000000000A8
:1068F0000000000000000000000000000000000098
:106900000000000000000000000000000000000087
:106910000000000000000000000000000000000077
:106920000000000000000000000000000000000067
:106930000000000000000000000000000000000057
:106940000000000000000000000000000000000047
:106950000000000000000000000000000000000037
:106960000000000000000000000000000000000027
:106970000000000000000000000000000000000017
:106980000000000000000000000000000000000007
:1069900000000000000000000000000000000000F7
:1069A00000000000000000000000000000000000E7
:1069B00000000000000000000000000000000000D7
:1069C00000000000000000000000000000000000C7
:1069D00000000000000000000000000000000000B7
:1069E00000000000000000000000000000000000A7
:1069F0000000000000000000000000000000000097
:106A00000000000000000000000000000000000086
:106A10000000000000000000000000000000000076
:106A20000000000000000000000000000000000066
:106A30000000000000000000000000000000000056
:106A40000000000000000000000000000000000046
:106A50000000000000000000000000000000000036
:106A60000000000000000000000000000000000026
:106A70000000000000000000000000000000000016
:106A80000000000000000000000000000000000006
:106A900000000000000000000000000000000000F6
:106AA00000000000000000000000000000000000E6
:106AB00000000000000000000000000000000000D6
:106AC00000000000000000000000000000000000C6
:106AD00000000000000000000000000000000000B6
:106AE00000000000000000000000000000000000A6
:106AF0000000000000000000000000000000000096
:106B00000000000000000000000000000000000085
:106B10000000000000000000000000000000000075
:106B20000000000000000000000000000000000065
:106B30000000000000000000000000000000000055
:106B40000000000000000000000000000000000045
:106B50000000000000000000000000000000000035
:106B60000000000000000000000000000000000025
:106B70000000000000000000000000000000000015
:106B80000000000000000000000000000000000005
:106B900000000000000000000000000000000000F5
:106BA00000000000000000000000000000000000E5
:106BB00000000000000000000000000000000000D5
:106BC00000000000000000000000000000000000C5
:106BD00000000000000000000000000000000000B5
:106BE00000000000000000000000000000000000A5
:106BF0000000000000000000000000000000000095
:106C00000000000000000000000000000000000084
:106C10000000000000000000000000000000000074
:106C20000000000000000000000000000000000064
:106C30000000000000000000000000000000000054
:106C40000000000000000000000000000000000044
:106C50000000000000000000000000000000000034
:106C60000000000000000000000000000000000024
:106C70000000000000000000000000000000000014
:106C80000000000000000000000000000000000004
:106C900000000000000000000000000000000000F4
:106CA00000000000000000000000000000000000E4
:106CB00000000000000000000000000000000000D4
:106CC00000000000000000000000000000000000C4
:106CD00000000000000000000000000000000000B4
:106CE00000000000000000000000000000000000A4
:106CF0000000000000000000000000000000000094
:106D00000000000000000000000000000000000083
:106D10000000000000000000000000000000000073
:106D20000000000000000000000000000000000063
:106D3000000000000000000100000001824000008F
:106D4000002000000000000000000090880000000B
:106D500000401100000008110300030104010001BC
:106D600003010501000000A000C009A000004000D0
:106D7000850010000400400103A102000220202031
:106D80001020100004004000200020C00400020079
:106D90000500A00002000840050041001108800025
:106DA00002040501200000000000000000000000B7
:106DB00000000000000000000010002100402080C2
:106DC000000000800000000000000021000008001A
:106DD0000000008000000000008800000020000487
:106DE00000040804000400C00000000000000000CF
:106DF00001402000014084000004000484000000E1
:106E0000000001000100000001000200000001007C
:106E1000080000000500050020000000200082009E
:106E200020000080000400000000000000000000BE
:106E30000000000000000000000000000000000052
:106E40000000000000000000000000004000000002
:106E50000000000000000000000000000000000131
:106E60000000000000000000000000000000000022
:106E7000090080000000042104200400000000003C
:106E800000000402800080008000000000820040BA
:106E900000050000828200008000000002000082E5
:106EA0000008000000A080A0900800000000000082
:106EB00000000000000000000000000000000000D2
:106EC00000000000000000000000000000000000C2
:106ED00000000000000000000000000000000000B2
:106EE000000400000000000000000000000000009E
:106EF00000000000040000000108018011000400EF
:106F00000000000001210410040004000000000043
:106F1000028000A0000820000000200802100000ED
:106F2000000020089000001010210910000000004F
:106F300000000000000000000000000000008000D1
:106F4000800100000040000100000001008804886A
:106F5000042004000000008941402100110000C00D
:106F60000008000400000000000000400000A00035
:106F700020002000A0000020092010001140008205
:106F80000040009020000000000000840011000874
:106F9000401000C00010001040820010A11080407E
:106FA0008000801080000000000400040800000041
:106FB00000000000000000000000000000000000D1
:106FC00004000402000000A10004000000200000F2
:106FD0000100010001050000002000800000000009
:106FE0000000008000802000000000000000000081
:106FF0000900210521000900001000000100000027
:1070000000002000000001002000200008100840BF
:10701000000001000000200090101000000004009B
:10702000200004000400040000000000080000002C
:107030000000000000000000000004000400000048
:1070400084008404A0000400000000000508200162
:10705000080004000000840000000000000100841B
:1070600000A0000000C000000320002004208420B5
:10707000000004008400840004002021402180914D
:10708000A010081088000400082000C000001010A4
:10709000200000A00500108488202082000008C085
:1070A0004104050003000500208510008001000454
:1070B000410000000000000000000000000000008F
:1070C0000000040040800500010000008421000849
:1070D0000002012000050041090500008821004050
:1070E0000000000000000000C00004800090058047
:1070F000058300C0090009000900010011822190E8
:107100004010418984800420010011800005001096
:107110000010A100002100008400048011208221C1
:107120008200902102050021A02100040205042014
:10713000A01002000000400000000000030000005A
:1071400004000000840002001184200000210200DD
:10715000031002000901080004101182000004203D
:107160000040000100882100008809000010200272
:107170000004008200000000000000200020004009
:1071800004080000001020A0410008092084218488
:10719000000821A021A0000000404120412000095A
:1071A0008010410200000400048210001040000022
:1071B00003A0000090000000000000000000000597
:1071C0000000000800001100002100080108004034
:1071D00001080080010000200111A18000110000C1
:1071E000A18000800020C00000040000000000001A
:1071F000010000800000000020000000008000006E
:1072000090000000200000000200000001040010B7
:1072100000000000000000000000000000000080EE
:107220000020040000050000000001000000200014
:107230000000000000092000000000000000000025
:1072400000000000000000000001040020002000F9
:1072500002000020028405000420048420402082D3
:107260004001890089401100000400A04002000094
:10727000001000200000004000000000000000009E
:107280000000080280C0009000C0411082C041840C
:1072900041001020030420820300401009000082F6
:1072A0004083021011821088000000111009880824
:1072B000411020881020002000200008000000005D
:1072C00000000000000000000000000401000000B9
:1072D000011000000080010000000100010000001A
:1072E000C0050010040002900000004184210080CD
:1072F0000000000000040004000200000041000340
:107300000002001000A10800C000C00000400802F8
:10731000104040400000000000000000C0040000D9
:1073200088080020A0210000040000001020C004F4
:107330002041040500041104104100210000000058
:10734000000000000000000000000000000010002D
:1073500008000000C0830220100405A005020041BF
:10736000004002202105C0A009204189832000059A
:107370002103111008800011082000A10000C0C0E6
:10738000894008401088830308890002400390A0C8
:107390000509028808A1400380200509A0402000BB
:1073A00080080821082100030911091021410391D7
:1073B000008921A105100000000040000400000029
:1073C0000000000000000000000000000000880035
:1073D00084009100000021830288A1820002000045
:1073E0000004900100010090834100910104080114
:1073F0008400000000010188004010010008000026
:107400008882918491880121910100094001000046
:107410001182880921020104010004004000890052
:107420000000A000000000009000010082010001A7
:10743000018890C1032100914000A00002000000DB
:10744000000000000000000000000000000000003C
:10745000001000000010010188012000020002C09D
:107460000188010502200000400100110000828215
:1074700001000108018301018200890000880809D8
:1074800000008901024088418390010200840105C7
:10749000010121008220040883C01104410003C0BF
:1074A000020103000240C000C10100A000C0004072
:1074B0000100040190908801059040000800A1009F
:1074C000A084000000000000000000000000000098
:1074D00000000900080940000341081004410300AE
:1074E000A180200011410302030041080441211042
:1074F00084800200418021A003030008410011891B
:10750000A10900000210C000112189C01100030070
:10751000411103091021200088888980908088000B
:10752000A100880920000020000903030000038057
:10753000118009058903200091218904C000884138
:10754000100008850000000000000000000000009E
:1075500000000000000004804000008084C080899A
:1075600080A000C04121030500200521208400A146
:1075700000C1A08821050011008905C110110091EA
:107580000820C0A10080030200C08908908808205C
:1075900005200021110310208088039103A102A07F
:1075A000100200A002880021000810A1902105030C
:1075B0002011001000A10302009089908590808521
:1075C0000004411000400000000000000000000026
:1075D000000000000000C04000100108088204857F
:1075E00004202004001183C101000000C0008308B2
:1075F000C088C0842188008800A000040082004068
:1076000008C0080989080080012184C0918289820C
:10761000088800000000050101400210900201836B
:10762000004100A000858808000400910102028842
:10763000008801400009A01100219021A1A1048926
:10764000C04000C100C120C00000000000000000D8
:1076500000000000000000000100008200000000A7
:107660000384840040C09003000201000100100068
:1076700084088908C001C0880000000000010100E2
:1076800001218801090108400080839188092000B8
:10769000851001880105000111008389912002886D
:1076A000028800400000000100000091010000007D
:1076B00000A0008800840189010091019103A0408D
:1076C000C19082090488844100A0000000000000ED
:1076D00000000000000000000000030020882011CE
:1076E000200083884009800900884100042020117F
:1076F0001000A0800484A021410002004100410349
:10770000200909029140A020210000808911C010A9
:1077100083401080038004910303C000908204A082
:1077200091918900000000400008000009404104D8
:107730002100210003801105109041000903201051
:107740008585100080080005802100800000000071
:107750000000000000000000000000000000000920
:107760009000420082424009D00000000000000961
:1077700000008200120000090000066012000009EB
:10778000900000428100000BD000000000000000CB
:10779000000BD00041001200000BD000428200001C
:1077A000000BD00000418181000BD000000081005F
:1077B000000B908000420000000BD0000000000091
:1077C000000BD00011001100000BD00000000000E1
:1077D0000000000000000000000000000000F00FAA
:1077E00033330000000000FF00008001100800009B
:1077F000412800001122000041280011002204004D
:10780000000005A000007FFF7F3FFFFFFF6C00002E
:10781000FFFF00003C3C3C3C0F0F4E4E0000800040
:10782000BF20FF00FFFF0004000000000000000078
:107830007F734F4324002D06FFFFFF3FFFFFFF3FF5
:10784000FFBF40003C3C3C3C000000000000003F0B
:107850000000000000000000000000000000000028
:10786000F00F33330000000000FF0000400220044E
:1078700041280000112200004128000011002200D0
:1078800000000000000005A07FFF7F3FFFFFFF6CAE
:107890000000FFBF0002BC2C3C3CFF004E4E0080AD
:1078A0000000FF00FF00FFFB0000000000000000E0
:1078B00000807C704C4000000906FFFF0F3FFFFC7A
:1078C000FF3CFFFF00003C3C3E3800000000000091
:1078D0000030000000000000000000000000000078
:1078E0000000000000000000000000000000000098
:1078F0000000000000000000000000000000000088
:107900000000000000000001044000000000000032
:107910000000000000000000000000000000000067
:107920000000000000000000000000000000000057
:107930000000000000000000000000000000000047
:107940000000000000000000000000000000000037
:107950000000000000000000000000000000000027
:107960000000000000000000FFFFF0F0FFFFCC006F
:1079700014008200448800004400880004080201CA
:10798000100880014128000000000000FEFFFEFFFB
:10799000FFFFFFFF00007FFFFFFF0001FEFF3C3CF9
:1079A000303F66F0F3F300FF107F0000FFFF0000A0
:1079B000000060FF0066020E020E66663C3CFCFFA3
:1079C000FFFFFFFFFFFF007F80FF0000FFFF0000C1
:1079D00000000C400C43000000000000000000000C
:1079E00000000000000000000000FFFFF1F0FFFFBA
:1079F00000CC00140082000044880044008820105D
:107A00004080200440020000412800000000FEFCED
:107A1000FEFCF066FFFF0000100000000000FFFF0A
:107A20006666303F66F0303000FF00FF0020FFEF59
:107A30000000100020BF0066020E020E66663C3C8D
:107A4000FCF0FFFFF0F6FFF600FF00FF0004FBFF75
:107A500000000000004000430000000000000000A3
:107A60000000000000000000A58650F0A0B04865AE
:107A7000A0C759AC03C00C00000000E000300800B3
:107A800000860020039000000186006003100000C3
:107A900000860080038000000000000000900000CD
:107AA0000000088004F0033900100000009000007E
:107AB0000000008600EC03B0000000860060039325
:107AC0000010008600E000B00000008600900080FA
:107AD0000000A08250B0A3B000050000000000002C
:107AE000000000000000000000000000000035352C
:107AF000F0FF996666999966669900003C3C3C3CAB
:107B00000000FFFF1434000CFF5D000000000100C6
:107B100002000E040E043C2D00000000F5A0F3F35B
:107B2000BEBE0F3C00003C3C3C3C0000AFA0FCFC57
:107B30000F3C55FF0000000002000800000000009C
:107B40003D3FF5FF000000004103FFFF3E3C343C99
:107B50000400EFFF00F000FF3F7FFCFD000000008D
:107B60000000000000000000000000000000000015
:107B70003535000F669999666699996600003C3C18
:107B80003C3C0000FFFF34340000FF5500000000C3
:107B9000000000000C0C0C0C3C2D00000000F5A0B7
:107BA000303014140F3C00003C3C3C3C0000AFA0C3
:107BB0000C0C0F3C5500000000008000200000006D
:107BC00000003D3F050F000000004103FFFF3C3C6B
:107BD0003C3C0000FFFF00F000000302C0800000FA
:107BE0000000000000000000000000000000000095
:107BF00000000000000096965AA59966669900005C
:107C0000FF0000FF0000000000002828D7D7000078
:107C1000000000000000C38241001E1E00000000A2
:107C20007D283F3FFF0F2D2D0000FF0000000000CA
:107C3000FF0FACAC55553C3C0000000033FFFFFF8C
:107C4000000000000FAF00AA0000000000000000CC
:107C5000FFFF000004FE00FF00000000027F80FD27
:107C60000000000000000000000000000000000014
:107C700000000000000000009696A55A66999966DB
:107C80000000FF0000FF0000004000002828D7D7B8
:107C90000000000000000000C300C3000F0F000040
:107CA00000007D283030000F2D2D0000FF00000067
:107CB0000000F000ACAC0F0F00FF0000000033FF2D
:107CC000FFFF000000003FBF3CBE000000000000BE
:107CD0000000F7FF200000FF00FF00000000033F4E
:107CE000C0FC0000000000000000000000000000D8
:107CF000000000004001040000000000000000003F
:107D000005050000000000000000400040004000A9
:107D1000C000000000002000020100000000400040
:107D200000000000020009000900000000202000FF
:107D300011000400210002010200020103004000C2
:107D40008200080004100000020011000400080076
:107D500004000400C0000200094183080001800003
:107D600090099101000000000000000000000000E8
:107D700000000000000000200100000000000000E2
:107D80000000008800000000000000000100010069
:107D9000010005000000000001000020200000009C
:107DA0000010004000C0900000000010880000009B
:107DB00001000000010088000120090005200200E8
:107DC0000200041002000080000000000800010012
:107DD000030301218800200001000004208000022C
:107DE00020001188200800000000000000000000B2
:107DF0000000000000000000000000000000000083
:107E00000000000000000000000000000000000072
:107E100000000000000000008000000000000000E2
:107E200000C0000000000000000000000000000092
:107E3000C000C020A0002020400120008001C00020
:107E40008820C0040800802080029100C000200229
:107E5000C0000400030008048000001003080400B0
:107E60000400080008018820000000000000000055
:107E70000000000000000000000000000000000002
:107E800000000000000000000000080000000000EA
:107E90000000000000000021000040000000000081
:107EA00000000000000000000000000000200000B2
:107EB0000000210005800500038000200310202021
:107EC0004100418005809110088008804000211009
:107ED000018009000400A011018040219010008859
:107EE0000110912101009108051000000000000020
:107EF0000000000000000000000000000000000082
:107F000000000000000000000004800280028002E7
:107F1000800200000000A00080000090000003002C
:107F2000000000C00000000000C0000000200002AF
:107F300000100084000000000000000400C00000E9
:107F400010100010000009000088000008000084E4
:107F5000020084200000000000C004000000201087
:107F600000900020001100849008800800000000AC
:107F70000000000000008800000000000400C011A4
:107F800088000000002084418409000904A10480C5
:107F90000480048000002000200020000000000079
:107FA0000800002100000000000000210000000087
:107FB00000418208840900000803001000A102109B
:107FC00000001000081004100021A0000000410073
:107FD0000000014005850003000810108400000027
:107FE00001808410089000040000118040410000CE
:107FF00011000000000000000000000000108000E0
:108000000000000521000400000000000000000145
:108010000000800000002000200000C000002000C0
:10802000001000048084410041000800210000008D
:10803000020205000200110208A002A04002000294
:10804000800440820805200184008210880280009C
:10805000A002200241040441C100800005A00400E8
:1080600010832100C100001040101020900010016A
:108070000000000000000000000000000000000000
:108080004000000000A0000001000000000000000F
:10809000000400002000002001000100000000009A
:1080A00000000000008020050021A0000000004129
:1080B00000C00409004190200800880000008900E9
:1080C00000804080011010820104210040804100A6
:1080D00020002090C0838421010408000409C0000E
:1080E000010000024003020084100182908005100C
:1080F000041002000900000000004000040000001D
:108100000388000000000404040004200020000094
:10811000000400038000C0012000000008000000EF
:108120000400200000101102000000000000009078
:1081300002200000000000000002008210C01000B9
:10814000100021000000000002820010000020004A
:10815000200440100000090000000010400800004A
:1081600009400400002004100800100004880800E2
:10817000800000040000000000000000000000007B
:10818000000000000400900001A0A1058903A000E8
:10819000A0110000A0A0400041200121840008009F
:1081A00082008500841010001010840900009011D6
:1081B000081010000000000300000005000020204F
:1081C0000002900040000021400200020005000073
:1081D000C00010800400A000100000000000000596
:1081E000020000052100000000080008C000100285
:1081F000000020000000000000000000000000005F
:108200000000000000000000110404000000022033
:1082100000820282008220880083800203004102E3
:10822000009000000440000080000084000800006E
:1082300008000000034000000088210000000284C4
:108240004100C10082019000218280102100218420
:108250000204000040840041000000A11085048257
:108260000400C18210C10200002010209003090800
:1082700008000300108220820000000000000000BF
:108280000000000000000000000900A10100002122
:108290000080000000000000010500042080A00014
:1082A000000000000000010900004000080000413B
:1082B000900082009000900500000005000908036E
:1082C000A000022004090402040000112010400054
:1082D0000041400382004002002004092004000401
:1082E00089008321080910200000000400411008C3
:1082F0000000000000000200A000000000000000DC
:108300000000000000000000000005050909090048
:1083100041100080108040000080800009040000AF
:1083200000001103000902100303080000004000D0
:1083300000000000000000000000008000000000BD
:10834000000000000000080802000000800080001B
:108350002040110000000000000000000000210487
:108360004100800083030921800240210000C100F8
:10837000400000002000000080000380000000009A
:108380000000000000000000000000001141014159
:1083900001400104008890C001A000C090000101CC
:1083A000200000000301C001010100000100820063
:1083B00001000000000000000000000000000000BC
:1083C00000000000000000008900400000002000C4
:1083D0000200010100001000000440000000C00085
:1083E000900101000200A1010100A00100000000B5
:1083F000900020000000000000002000001001009C
:108400000100000800820000000000000084C08914
:10841000108489899191910190008988C0C10010D0
:108420000000001000010000008201030101820031
:108430004100C088010000000000000000000000B2
:10844000000000000000000040000801020010C011
:10845000A003A000040202C000A0088400A0000144
:108460000800040002008200001000A000110101B9
:1084700008018801900090C100C00000890401013A
:1084800002000800000000000000001000000000D2
:1084900040029000C0A1084009024100A080A083D2
:1084A00000800041008000031100408021910309F9
:1084B0000000880020800300000000000000000091
:1084C0000000000000000000000000098020000003
:1084D0000082114000028000001002008021000094
:1084E000001000008009800080100300008000114F
:1084F000030820200520050041410500052120003A
:10850000201000000000000000000000000000003B
:10851000000000849120201005830000008080006E
:10852000008000000311200000002182402109107A
:108530009103008000A00380808000000000000004
:10854000000000000000000000000000008000911A
:1085500004000000008041000880808000001000BE
:1085600021100000004000800480800009110821D3
:108570000000910380820000410080C08003101140
:108580000390004000000000000000000000000018
:10859000000000000003C18882004189001090C0E3
:1085A000A0A02088A00001010100820000050100B8
:1085B000010103C10004000200A0882000000000A7
:1085C0000000000000000000002000000000041077
:1085D00000C0001088A01002004000400240880047
:1085E00000000090A000A02100C00084888801083D
:1085F000010100000501044000400082108240009B
:10860000000100110800000000000000C000000090
:1086100000900000C0008590880090012004C001F7
:108620009089C001208800000090000001000188AE
:108630000111010101000040004000010020000084
:1086400000000000000000400000000000000000EA
:108650000490029010008888C02008820200A09038
:108660000020081000000000000901830000000045
:108670000100089100010108024108C010000282B7
:108680000008008508010000000000000000000054
:10869000000000000000800088000904104009006C
:1086A00000400083802100800000000000021100D3
:1086B0000380049110101000000000000002000070
:1086C00000000000000000000000000000000000AA
:1086D0000000000500081100000000050080910066
:1086E00000000000008000000000001108C0000031
:1086F00000030300401111091080804080830003B3
:10870000808000000020800300000000000BD000EB
:108710000BD0000000006000000021420009D001E1
:108720000000004200099000428100000009900012
:10873000415041000009D000210021410009D00032
:108740000000000000000000000000000000000029
:10875000000000008181000BD000000011810009A1
:10876000D00042008181000BD00000008181000B0D
:10877000D00042000A00210BD08141000000000B14
:10878000D00000601200000BD0000060000000006C
:108790000000000000000000000000001F1F1FFF7D
:1087A0004555FFFF00000000000000003C3C0000B9
:1087B0000F0F00003C3C0CFC0F0F3C0F00000000B2
:1087C0005050505000000000000000000000000069
:1087D0000000000000000F0F00000F0F00000F0F3F
:1087E0000000FFFF0000FFFF000000FF000000FF8F
:1087F00000003C3C00000F0F55553F3FF5F50000D1
:1088000000003C3CC3C30000000000000000000862
:1088100000002880280000080000000028000F0F3A
:108820000FFF45553CFF00000000000000003C3CED
:1088300000000F0F000055550CFC55553C0F000073
:1088400000005050505000000000000000000000E8
:1088500000000000000000000F0F00000F0F0000DC
:108860000F0F0000000000000000000000FF0000EB
:1088700000FF00003C3C00003C3C00FF3F3F050582
:10888000000000003C3CC3C30000000000010809D8
:108890001040001008000208104000040000000012
:1088A0008282FF820001000000000000F80000004A
:1088B0000000FF000000FFFFFFF0BEBEF0F0B2B20C
:1088C0000000000000FF00F00000000000000000B9
:1088D000000000000000000000000000FF00000099
:1088E000AAAA0000F0F000003C3C000000000000DC
:1088F0003C3C0000FF000000AAAAAFA0FCFCEBEB90
:108900003C3C0000000000000000000000002000CF
:108910000000000000000000000000000000000057
:1089200000008282FF820000000800000000F8F8CA
:1089300000000000FF00000000000F008282FF0026
:10894000B2B200000000000000F0000000000000D3
:108950000000000000000000000000000000FF0018
:108960000000AAAA0000F0F000003C3C000000005B
:1089700000003C3C0000FF000000AAAAAFA00C0CC5
:10898000EBEB000000000000000000010000000010
:1089900000000000000000000000000000000000D7
:1089A000000000000086002C038220800086000C5E
:1089B00000800000A88654F0A0B20015088604705C
:1089C000039200100086007C03800010000000006D
:1089D0000000000000000000000000000000A88669
:1089E00054BCA3820015A886547CA3B20015A8002D
:1089F00050FCA3320015A806547CA3920015081A57
:108A000004F00332A010A08650F0A0180005A000CA
:108A100052F0A33800850000000959000000000052
:108A2000000818000000000000200B0B0F0F00AA28
:108A300000B2000000000000000000000000000084
:108A400000003C3C1414000000000FFF2FEF00005A
:108A50000000000000000000000000000000000016
:108A600000FE000220002AAA000000000000000012
:108A70000000FF0000FF0000000000000F8D0F004D
:108A80000000FF003C3C0000C0C30028FF0F4D4D1C
:108A90000000F0F000FF000000000020B000B10076
:108AA000000000000000B100000000300B0B0F0FB1
:108AB0000000003010141F1400000000000000002F
:108AC000000000003C3C00000000000000FF20EF20
:108AD0000000000000000000000000000000000096
:108AE000000000FA000A280028AA00000001800007
:108AF00000000000FF0000FF0000000000000F0F5A
:108B00000F000000FF003C3C0000C0000028000FE8
:108B10004D4D0000F0F000FF0000000000000000DC
:108B200000000000000000000000FFFFFFFE10FF3B
:108B3000FF1015051000000050500000000000005C
:108B400000000000000000000000000000003E34B3
:108B50003E340000000000000000000000000000A3
:108B600000000000000000001F00FF0000000000E7
:108B7000000000000000FF000F0F000000000000D8
:108B8000CFCF003C00000000555500000000000061
:108B9000140003C300003C3C00FF00000002C012B0
:108BA000480340000002C01200000000FFFFFFBEAB
:108BB00010FFFF101400140000304070000000008F
:108BC00000000000000000000000000000000000A5
:108BD0003E343E34000000000000000000000000B1
:108BE000000000000000000000000B00000000007A
:108BF0000000800000000000FF000F0F00000000D8
:108C000000000F0C003C0000000055550000000063
:108C100000001400030000003C3C00FF00000000C6
:108C20000000000000000000000000000000000044
:108C30000000000000000000000000000000000034
:108C40000000000000000000000000000000000024
:108C50000000000000000000000000000000000014
:108C60000000000000000000000000000000000004
:108C700000000000000000000000000000000000F4
:108C800000000000000000000000000000000000E4
:108C900000000000000000000000000000000000D4
:108CA0000000000000000000800000000000000044
:108CB00000100000000000000001000000000000A3
:108CC0000000000000000000040020002000080058
:108CD00089000000100003000200000000000000F6
:108CE00000008000C00084008400400000C1A0009B
:108CF000040004008200830082002100830182C0FE
:108D00000400030020001100000409042104910064
:108D100041000000040004010000821003008440B0
:108D2000110000000000000000000800000000002A
:108D300000000080000000000000001000000000A3
:108D40000000000000000000000001000100010020
:108D500000002000000001000000080000090000E1
:108D6000000000C020002100410041000000002060
:108D700005000300000005004000410082000804D7
:108D800003000100A0000400020000800080908029
:108D90000400880002000200022010000400040009
:108DA0000280200080000000800000000000000021
:108DB0000000000000000000000000000000200093
:108DC0000000000000000000000000000000800023
:108DD0008000800000000000110000000000000082
:108DE00010000800000080000000000200001008D1
:108DF0004100200241022103200280410009A0100D
:108E0000080088408000C000882000010502A10001
:108E10001100000882A0090021008009081000004C
:108E2000008402110010040000000800000000008F
:108E300000000000000000000000000040000000F2
:108E40000100000000000000000000000000000021
:108E500020000400040000000000000000000000EA
:108E60000000020000000000080040000080001028
:108E700000000441898300A0008211C00882000222
:108E80000400912003902010200020A04020A0206A
:108E90002021200000410211002000000420880051
:108EA0009009200001400491000000000000000033
:108EB00000000000000000008421880284000001FE
:108EC0008000040000000000000400000000208476
:108ED00003000500050000000000801000400002B3
:108EE000004004100240888400000040001100028D
:108EF000002040014084408420A0820000008410B3
:108F00000041008800081184002000C000A08000FB
:108F10000820041004080084808200040204000079
:108F2000801000C00041044000020000000000006A
:108F30000000000000418800A0001102058005002B
:108F40000010080001000000880000800000000000
:108F50000100000000000000000000004000008050
:108F60002000000021000180200000000200840297
:108F7000020090000920010909201000400440115E
:108F8000210000A084000005080900210000004025
:108F900020080088011009001005040000890088DD
:108FA00082042005000282A0918088030000000056
:108FB000080000000000000000000000008804001D
:108FC0000000040000008001000080040000110087
:108FD0008200000084000484000084100920100036
:108FE0000010001002882110100003000000000192
:108FF000C021081008031041A08900C00204808825
:1090000008029088024008A00404040591820884A4
:1090100008021040100410C0200008A010041040E6
:109020000500020021C010C0000004100340000031
:10903000000001000000000000000003000000002C
:109040000000840001000200200400002080820053
:10905000840041008400210001000000210000A0E4
:10906000850040100000052084A00510000000804D
:109070008402208284109082C0020302100091902A
:10908000200500C12009A1859011A18003C00821FD
:109090000000A00904219091C010211120409002ED
:1090A00000218810A0000008A021C0000210088044
:1090B00000000000000000000000040000000200AA
:1090C0008085080100018200020020008220020247
:1090D00000004100000000022100000004400400E4
:1090E0001010840105402040A1C021820091880811
:1090F000000000004100008420888002100141002F
:109100008010000000840240028400822000800061
:10911000410005004082000005C0000002840010EC
:109120004082080004844082211089C0000040026F
:109130000000000000050000000000000021000009
:1091400000000410A104001010000003010004003E
:10915000A003002100000021C00000000000011059
:10916000010001002020000901000400000000208F
:1091700004210000000000000000010040890202FC
:109180000011400400110000008001209000012126
:10919000020300008800000500000000000001102C
:1091A0000020001001088800000008022040000094
:1091B00004000004000000000000000000000000A7
:1091C0000200000000000020000000000201A001D9
:1091D0000020A004000009A091028000C088841033
:1091E0000441040005104000201004044100040460
:1091F00010080221000041C011C020030584841022
:10920000100080102102041100A00008020210C00A
:10921000418804C1409009C041A00000002005829F
:1092200005A0A1840004038491C00504100140C07E
:1092300005A1C190840400000000000000000000AF
:1092400000000100000082410080900200210340E4
:1092500021040000218084000021028002102000EF
:1092600021410104000004038300830001A1C02008
:10927000C0850100C0400000C000A011838284218D
:109280002005882040000483894088080000118060
:10929000002100028210A00520218440880940009E
:1092A0008803000202008888A010024020899004F0
:1092B00082030804200021900000000000008000CC
:1092C0000900000000000300028589080405400829
:1092D0000880091180050980402000201121000824
:1092E000088080890221098808C0108900881140FF
:1092F00084898441000802C1000000030000C0000E
:109300000000000380809000000000830290008035
:109310000000800000050000000080031109040027
:109320000000000309419141000000030009000012
:10933000000000038009020000000000000000009F
:1093400082000000000000000100018391880003FA
:1093500000000808098410C101C00501A001000136
:1093600000008988C01141014008010801A10809D5
:10937000400005A0C0892082A011000090010000DB
:109380000200040000A1A010029000000083000869
:10939000904000002000000020100000200101018A
:1093A00000009000C001850102010000020184015B
:1093B000000090000041C0050020004000000000B7
:1093C0000000000000000000000000000800020291
:1093D000C005839188008300A10882C11000C0826B
:1093E0008310C0018301C0C000890908100010204B
:1093F0000420C00190A02001C104400000008801A9
:109400008201908883410091000000400108C02043
:109410001004020203C090088400091041010800F2
:109420008900A0C0890310210900C120090400019E
:10943000C00088888341A010050040A091900900D9
:1094400040000000000000000000000000001100CB
:10945000C0801121839108040900900091851100BA
:10946000000005881020080388800090090900008A
:1094700000020080004102000040C1800421000081
:10948000000200210080834000400004058003C1E9
:1094900000840008008003A100000500218003096A
:1094A00080404100119103098090A1002180830236
:1094B00000038000800083050000A10000000388F5
:1094C000000000000000000000000000000000009C
:1094D0000088804190918383008800829091C041F0
:1094E00000A0000900C0092003908000408940A02E
:1094F0002188844004C02140801105A121888088F2
:1095000000009100001109000083050020050400FF
:10951000000300800300048200030000200500090E
:109520004003000041110089C1830080030209410A
:109530000083008000000009000300001000000903
:109540008083000000000000000000000000000018
:1095500000000002020191088383008500A108A099
:1095600009C100110040008400A10111C00008A140
:10957000208885C108A0011021098800C020A020F2
:1095800004820040820000000090008904880102EB
:10959000A040400390A0A184000890A100C000005A
:1095A00000010901008401C00085898300100009C1
:1095B00001C0881100080002000340030002C088B7
:1095C00040890811000000000000000000040000B5
:1095D0000000000083910300A10041018409A085DF
:1095E000080108080100010400010108894189837C
:1095F00008080011102008911188A18201090108B2
:10960000000101900000901188409000888885003A
:10961000C0200400A001A1C108881000C0020041C0
:109620000000101000A0C1880110900420A0118932
:1096300011208800C020A11184020801200883891C
:1096400011A0840040A011000000000000000000F4
:1096500000000000000088918410110440108088F0
:109660008021000280000310409110031180090343
:10967000C14188890090838591C188840880020354
:10968000108004104000000080118080081180804C
:109690008300000080001108030200008010800099
:1096A000000300000080000083910480000080809F
:1096B00003888400020080800991008080108080EF
:1096C00083858400800080000048000B900009D052
:1096D00081000009000000900084000990000088CB
:1096E0000042000BD000000000000000D00000602D
:1096F0008181000BD00021008188000BD000004840
:109700000081000BD000820000001181000BD0000E
:109710000A000042000BD00000000042000BD00005
:1097200011008142000BD00082001142000BD000DA
:1097300000000042000BD00000004142000BD000AE
:1097400021001242000BD0000000000000000000C9
:1097500000000000000000000000002000000020C9
:10976000002400000000FFFF03FF3F3F00003C001B
:109770003E0600000000000000000000000300F0B2
:109780006C00C303C0004488000000000F0F0F0FDF
:109790000F0F00003C3C00000F0F0000FFFF000017
:1097A000FF000000000000000F0000006600000045
:1097B0000F0000000F0000000F000000FFFF00007E
:1097C000FF000000FF000000FF00000000088C11F7
:1097D00028800000183020000080000000000000F9
:1097E00000000000000000009BFF9BFF663FFF00A1
:1097F0003C003E066F6660667E183C3C0000000040
:1098000000006C00C303C0000000448800000F0F7C
:109810000F0F0F0F00003C3C00000F0F0000000076
:109820000000FF000000000000000F0000006600C4
:1098300000000F0000000F0000000F000000FFFFFD
:109840000000FF000000FF000000FF00000000001B
:1098500000100800020800000000080000000000DE
:1098600000000000000000000000000000000000F8
:1098700000000000000000000000000000000000E8
:1098800000000000000000000000000000000000D8
:1098900000000000000000000000000000000000C8
:1098A00000000000000000000000000000000000B8
:1098B00000000000000000000000000000000000A8
:1098C0000000000000000000000000000000000098
:1098D0000000000000000000000000000000000088
:1098E0003076F0F63C66F0FF60FF60FF66667666F5
:1098F000000C666E187E7E7E020E020E00000000D6
:10990000BC90BC9099999999C0C000C3FF003C00DD
:1099100000000000FFFF0000FFFF0000FFFF00004D
:1099200000FF000000FFFFFF00000066006600006F
:1099300000F000000066000000F0000000F00000F1
:1099400000F0000000FF0000FFFF000000FF00002B
:10995000F0F0000000000000000000000000000027
:1099600000003076F0F63C66F00060FF60FF66664F
:109970003666000C666E00FFFFFF06060606D0D0B6
:10998000F4F4BC90FFFF66666666C0C000C30000CA
:109990003C0000000000000000000000000000008B
:1099A000000000FF000000FFFFFFFFFF00660066F1
:1099B000000000F000000066000000F0000000F071
:1099C000000000F0000000FF00000000000000FFA9
:1099D0000000F0F000008081610400000000101021
:1099E000800800000000000C000900A0000600AC88
:1099F00000A000000586027000B000000086009CF8
:109A000003800000A086509CA3900085008600FC87
:109A100000B000000000A24651BCA1844945A2C785
:109A200051FCA0B44945A2C751E440B46140008054
:109A3000C0E433304903C0C7C02433104903C0C752
:109A4000C0E430B04303C046C07C31A04903C0C36A
:109A5000C07C33B0490300001021B00000000008B2
:109A6000000C00000000FF3C3CF014D77D7D0C286A
:109A700000280C0C0CFC00000000454500000F0500
:109A80000A000000000000FC000C0003C3030000FB
:109A90000000FF000FF00000DF20FF000055550020
:109AA000000010401F1F1FFF0EC002C00000000C6E
:109AB0000000F0F03C3C0000202020205555303FB5
:109AC0000F3FAFBF00502A2A14921410F3F0F0FC9D
:109AD0003030CFFF00050C0F000100000000000037
:109AE0000000000000008000003C3CF014D7414121
:109AF0000C000000000000F00000000014145500ED
:109B00000F0F00003C283C7D00FC000C0003C30349
:109B10000000000000FF0FF00000000000000055F2
:109B20005500000004012F2F2FFF0E00020000003F
:109B3000000C0000F0F03C3C0000202000005555D7
:109B4000303F003CAABE0050202000920010FFF0E1
:109B5000FFF03030003000050C000882C0124803CE
:109B600040000000000048034110FFAAFA500CFC1E
:109B70003F3F0000000000FF555500000000FFFFC0
:109B8000FFFFC3824100505030300A0A0F00C0AFBF
:109B9000C0A082FFF2FF00FF00FF000000000000F5
:109BA0003C280C18FFF0FFFF000000000FF055AA42
:109BB000880000880000F0F000FF0CFF00000000AB
:109BC00000000000000000005050000000000000F5
:109BD00055FF550F5DFF0CFFF0F0F0F000000000A6
:109BE0000000000000000000000000005500FA50D6
:109BF0000CFC30300000C0000CCF00000000000062
:109C00007FFFFFFFC300C300505050500A0A0F00EF
:109C1000CFAFCFA08282F2F200FF08FF0000000069
:109C2000000000140C0CFFFFFFF0000000000FF01C
:109C300055AA440000440000F0F000FF0EFF0000B1
:109C400000000000020000000000000F0C0C0000EB
:109C500000005500550F5D5D0C0CF0F070F0000039
:109C600000000000000000000000000020000000D4
:109C700000000800000400000000040000000200D2
:109C80000000000000000300090011000400210092
:109C90000000840003000000A0001100C0000000CC
:109CA00020008300200285000200800003000401E0
:109CB0000300024040200400020441040204210188
:109CC00021200420002020010800200011020404AB
:109CD000020080000400008841000400040002002B
:109CE0000000000000000000000000000000010073
:109CF000000000000000008000008400010000005F
:109D000000000000080084000000840090000100B2
:109D10000200000020008400020003000000050093
:109D200000C0010020008580204104032000840041
:109D30000840000000800480000000800480008053
:109D400000040080008082808220020082000000E7
:109D50000080000004000100A00088000000844092
:109D600000000000000000000000000000000000F3
:109D70000000000000000000000000002000A00023
:109D8000A004000000000000002000008000A100EE
:109D90000200000000000000110000000040000070
:109DA000000000000010000000200020C00010A0F3
:109DB000C100C190100008054110100220000400ED
:109DC0002182100185044101A00421A080008004AB
:109DD000C0A02110202020002120002011A1410836
:109DE0009011800000000000000000000000000052
:109DF0000000000000004000000000000000010022
:109E000005004180000090000000908000000400E8
:109E100002000100002100200000A01088000000C6
:109E20000200000000000480202100800280042144
:109E3000000020000200400001C0004100A100001D
:109E40002100000000200291000402A00420040070
:109E500004000400202104808200029104102020CC
:109E600090000440200808008000000080000000EE
:109E7000C000000000002011030000048200002048
:109E8000020005881100000000010001002100000F
:109E90008000000000008084000200008021008219
:109EA00000110000A000000040104010008400A03D
:109EB00000400290800382104100841120829100B2
:109EC0000202009011100284008200C00000031002
:109ED000208404902010004100200502000803089F
:109EE00000A1008411200082010010000000200069
:109EF00000000200400040004104000000804010CB
:109F000020200000001100212004000400020008AD
:109F10000000202084041000201182000010102076
:109F200000058290002004030000091009030810B6
:109F30008210081110000420210008002084010074
:109F40000400A00540058400841000000003900573
:109F50001021110001048500C0A010801011002004
:109F60000000080440004080A00000000000000045
:109F700000000000000000018000001004008000CC
:109F800004000090008904048005020000410000E4
:109F900002408010000004010000000020000400C6
:109FA000030000A0110010400020000021A1028445
:109FB000000100832009020410820291C121800265
:109FC0004003C04000100500108810891020A00830
:109FD00008900890208241400200008441048901D9
:109FE000204004211001112020C085200000000025
:109FF00000000000000000000020080000009100A8
:10A0000008000141000000040180048202050240B2
:10A010000000020004030000092090000005212038
:10A020000000000090410200100300800080040244
:10A0300001000002040201020080840000400202CC
:10A040004020A0820210C021820920030020C0000D
:10A050000200000002002010000011210005008015
:10A06000022008A1C104822020C1C0050291000085
:10A0700000010000040000840000030184200404A7
:10A080000000020400048900A0042005A0020000D2
:10A0900040000002040520000404410040040000C8
:10A0A000028205A090090382808220000400000043
:10A0B000400000A0030004820001800000040004AE
:10A0C00000C00800042021C011C0000000C0082109
:10A0D00010820410080000400310090040C009006D
:10A0E0001010048441042100000021200800058292
:10A0F000000000080000890000020000002011009C
:10A100000080020001A000901041218041C041C1A7
:10A11000020000104011899001050008C0400900AC
:10A120008420830340101188002008080000841058
:10A1300000000000C0402010001020200200820516
:10A1400088091000C120001100118420A000020520
:10A1500004A00010000300039080881000218840B4
:10A160000005200300118480020000090880A0205F
:10A170004009000000000000000000C000C004848E
:10A180000020001100112004000509020004210430
:10A1900020000088090003000321090000002000BE
:10A1A000000009820384000010080900001021C08B
:10A1B0008008000000108200090003A0C0049190F4
:10A1C000090282402000114109820500200041A0BF
:10A1D00003904104208220401008000120102084B8
:10A1E000112020080220418810C00884110082013B
:10A1F00083840482000000000000000000000000D2
:10A200000100008000200020058090A000800080D8
:10A2100000C0890000000210900002A0000084002D
:10A2200003090200C0408210000003910005008075
:10A23000900008050000900341034021000340897D
:10A2400040210082418889000484020908030040FB
:10A2500000410002C000A1004005001090049121BF
:10A260000100880488059041081000400011040096
:10A27000204020001103000000004000000000000A
:10A2800088004100000090838802C140090000035B
:10A290001140002109408805884120214105000323
:10A2A0008008C00205081105004000084100200395
:10A2B0001120A00510000000000300002000050090
:10A2C00080030000080000910003C1002184008089
:10A2D000000311092000000000830009A080008015
:10A2E000000308092000000000038909080000009D
:10A2F0000003050911000000000088009000000024
:10A300000000850041000000888383851101014021
:10A3100000010101000101010801C100010101006A
:10A320000001100121000001400000014001000077
:10A330009001A101C0010100000000011000110006
:10A340000000202100029102008404A19040010835
:10A35000000490012001000000002011A0912110B4
:10A3600008109001C001090000008801410190001F
:10A37000000008018401400000000000900011006E
:10A3800083008201840088889082050103C020A098
:10A3900008891000C08805C10301A10005C0C140A3
:10A3A000C01040C04000A008A0000801C100110278
:10A3B0000840A00101000200830000000801100015
:10A3C0000408838402882001020085024001208560
:10A3D0008890C19120000200030021C1A02010003C
:10A3E00089900303A0820400214091010411100010
:10A3F000A08285080403A00041C0C18300000800BA
:10A400008800890000028000008000A10803C1804C
:10A41000090985098500848021A1900911418400E2
:10A42000211005C1000080000000000009408200EA
:10A43000A18020A108200800A0009000000080203A
:10A4400000090580830380841108000083900008C0
:10A4500080200000839100208000210003890005F6
:10A4600080002100830980808000218003098040D2
:10A4700080008000838880A00000A1800309000084
:10A480000000008000800000000000800080400983
:10A4900000059189A180024000020940C0030040EC
:10A4A0000009058211A010801002208288900040CF
:10A4B00000000080050500880020000505880000D8
:10A4C000848000802100000380008000C091000390
:10A4D0000000800404000083008000804189008324
:10A4E00000000880118900830080080000090083B3
:10A4F00000000380040980038000028003098003B8
:10A5000000900090008400880008008800100088F7
:10A510000105829185859188019100010101110158
:10A520000001008201050889014001A10084114158
:10A5300000C1000000844101000900C00041018207
:10A540000000040800100182028908C004A0A14094
:10A5500008A120101000A110908382020004008541
:10A5600000890002C00402412021A00801A000C10E
:10A570002011A0880110018582A11088011000839C
:10A58000824100400000000000908290880090000E
:10A5900090889100890985898910010000100001C7
:10A5A0000182821011C00401884001200040000097
:10A5B0000082024184901101914082914041040146
:10A5C0000000000040890840400004880900202065
:10A5D0000820A008834020008400C00805000282F3
:10A5E000200088A091118202830088A0010000024F
:10A5F000010000088321100502009010094120404D
:10A60000A0080802000000100020000080080000E0
:10A61000000000800909850589A1918002111105BA
:10A62000044011809088C0C1080889800800020099
:10A630000300038085831011882105008083800436
:10A6400080080000000080400280800080000341FC
:10A650000080098080008341800080040000890818
:10A660008080000080000382008004000000030955
:10A6700000800400008003C089C080000080034087
:10A680000080050000008100000B90000000814266
:10A69000000BD00000600050000BD0004200000012
:10A6A000000BD04000504100000BD0000000818121
:10A6B000000BD00000601182000BD0000600118258
:10A6C000000BD0000A0000000A88000BD004000034
:10A6D0001182000BD00000001281000BD00000009E
:10A6E0001182000BD00042000082000BD00000005D
:10A6F0001182000BD00041008181000BD00041602D
:10A700001242000BD00000500000000000000000CA
:10A7100000000000000000000A0082828002800227
:10A7200003FF02FF00FF30300F3C0F3CC0C0EB289E
:10A730000F003C000F00FF0003003F004141C3C376
:10A740000000000000FF00FF000000FF00FF00000D
:10A75000FFFF00000F0F000000FF0000FFFF0000E0
:10A760000F0F0000FFFF000000FF00000F0F0000B0
:10A7700000FF00000F0F000000FF000000FF0000BE
:10A7800000FF00000F0F000000FF000000000000AD
:10A79000000000000000000000000000AAAAA00ABB
:10A7A000A00A0FFF0FFF00000C0C0055FF55FCFC2A
:10A7B000EB280F003C000F00000003003F00414168
:10A7C0000000000000005A5A427E000000FF00FF17
:10A7D0000000000000000F0F000000FF000000005C
:10A7E00000000F0F0000FFFF000000FF00000F0F30
:10A7F000000000FF00000F0F000000FF000000FF3E
:10A80000000000FF00000F0F000000FF000000002C
:10A81000F5FA55AA00000000000000000FFFFFFF3E
:10A82000000400E49A00CC00006941690A003A3053
:10A83000FCFEF0FA0F0AC3C30000000000FA00504B
:10A84000FFFFFFFF00F000AAAAAA20EF0000FFFF11
:10A850000000FF0000003C3C0000F0F00000F0F0C1
:10A8600000000000FFFFFF000000FF000000FF00ED
:10A870000000FF000000FF000000FF000000FF00DC
:10A880000000AAAA0000FF000000FF000000000076
:10A89000000055AA55AA0000000000000000FFFFBC
:10A8A000FFFA00F400F4AA003C0000E941690A0044
:10A8B0003A30FCFCF0F0000A3C3C0000000000FADA
:10A8C0000050EFFFFFFF00F000AAAAAAEF2000004F
:10A8D00000000000FF0000003C3C0000F0F0000021
:10A8E000F0F00000FFFFFFFFFF000000FF0000008E
:10A8F000FF000000FF000000FF000000FF0000005C
:10A90000FF000000AAAA0000FF000000FF000000F6
:10A91000008600E003900000008600EC0380000544
:10A9200000840A9C009000000086047000790000FA
:10A93000018600700398000000860AFC03B0000046
:10A94000008600FC03900000008604FC03900000D9
:10A950000000A24651FCA3C44D45A2C751DCA3A4EC
:10A960004945A2DB5164A3346140C0C6C03C33906A
:10A970004903C0C7C0FC30B04903C0C7C0FC33B0F6
:10A980004903C0C7C0FC33B04903C0C7C0FC33B0E3
:10A9900049030000000000800000FFFFFFFFC3C26A
:10A9A0000000D020F000000400FB000000003C3C50
:10A9B00000003838C2C200FF5FFF00000000000046
:10A9C00000002010804000C300C30FF055AAFFFF15
:10A9D000000000002211000099666699000F30A067
:10A9E0005555555DFFE000F4FF7DAAFF0000800093
:10A9F00000FBFFEB000FAC0055F500F0000000007D
:10AA0000FCF0FEFA82C300300C100C1CBE300000BB
:10AA10003DFFFFFF0000000000F3F300FFFCFAFA27
:10AA2000FFFF0000F000F000000000FF0000000049
:10AA30003C3C0000003800C200FF0FFF0000000097
:10AA40002CFF82820804020100C300C30FF055AA44
:10AA5000F8F4AAAA00000000221166999966000085
:10AA600030A05555555DFFF000F07D7DFFFF0000E3
:10AA7000000000FFFFFF0000AC007DFD3CFC00007B
:10AA800000003C00BEAA820000300010001C823092
:10AA900000003D3DFFFF000000005F5F005500002B
:10AAA000000060606060C33C96AAE00FEF0F0000FA
:10AAB00000005D08550000000000FFFFFFFF0000E0
:10AAC000000000005010000000007D7FD7DF000074
:10AAD0000000FF00C3C30000000000009966A55AF3
:10AAE0000F000E023D00FF007A002A00A0A0A0A0E7
:10AAF0000000000000FF14F78080CC0C0050005FC5
:10AB0000000000003FFF7FFF000000003DFFFFFF4F
:10AB10000000000055D700C3000000005F5F005533
:10AB2000000000006969696000000000000F000F6C
:10AB3000000000000000000000000000B2B2B230CF
:10AB4000000000000000501000000000282082805B
:10AB50000000000000FF3C3C00000000000066997F
:10AB60005AA50E020E023800000070002000A0A0BE
:10AB700020A000000000000014348080C000000C01
:10AB8000000C000000003F3F7F7F000000003D3DC3
:10AB9000FFFF000000005FDF0FCF0000000000009B
:10ABA0000000080000000000000020000400000079
:10ABB0000000040004000400040000000000000085
:10ABC0002000A0002000800080A004000400840079
:10ABD0000405100004010400000100004000C00052
:10ABE00003000008040108002001200111010000F9
:10ABF0008411800004000400040011A08310800070
:10AC0000A00100018400201004001101802084A014
:10AC1000040184100400040083408400000000004C
:10AC20000000000000000000000000000000010023
:10AC30000000000001000100010001000000000010
:10AC4000000000032100010020001000010301406A
:10AC50000500A184030000020200080400C00102F4
:10AC6000054000000000900201400208012020047D
:10AC70009000020420020140020005008200200032
:10AC8000200020201004040004000100042020897A
:10AC9000210083042100900005210410040000001D
:10ACA00000000000000000000000000000000000A4
:10ACB0000000800080000000000000000000000094
:10ACC00000000000000080000000804080000000C4
:10ACD0000000000000000000000000000000000074
:10ACE0000001000000000000000008200500110025
:10ACF0000800000000000020201080002000020852
:10AD00008020000010A01000210080008008414039
:10AD1000002008080000A000C101001000A00000F1
:10AD20000000000000000000000000000000000023
:10AD300000000000200004000000000000000000EF
:10AD40000000000040000000040000000480040037
:10AD5000A00004000000000000000000000020002F
:10AD600000000004A000A000C000002101804010ED
:10AD70004000C0000403A041908041030400A000F3
:10AD8000A11004C10010A000900002102041200872
:10AD900000800491000004100200040400009000F0
:10ADA000A0100000000000000000000000000000F3
:10ADB00011000000900084008202200000000300C7
:10ADC00020000882050000041084004100020010E9
:10ADD000800120C1030000C0000480848000208422
:10ADE000001000000800090888A000828410A082DA
:10ADF0008511A00008009000081010C0A1A00088D4
:10AE000003049100058200020084001000210984DF
:10AE10000083041000840284001000020510200248
:10AE200005000000000000000000000004210000F8
:10AE30000000000000090900020003830000001167
:10AE40000000A1009000000000800104000200004A
:10AE50000009204000200011080800A14000100057
:10AE600003080021000082002000200800050900DE
:10AE7000081004100404A00520000010004120095F
:10AE80000041088808090041080000100000002067
:10AE90002008004041000010C1028408A000820385
:10AEA0001120080500030000000000000000000061
:10AEB0000000000000000800040000000000000086
:10AEC0000000000021041100000011820020100089
:10AED0008000890004001000000011000000100034
:10AEE00008000004100000004100040100011011DE
:10AEF000082041208310C02003202008218890A131
:10AF00000840051041A088401040044002000200A3
:10AF1000200480001008031003058000411005087C
:10AF20000410A001909141410000000000000000C9
:10AF3000000000000000000001000100000000000F
:10AF400000210000000000A09021C04100110080FD
:10AF5000020004000400C1000000A0000000840002
:10AF6000C0000000000500210000000000040002F5
:10AF70000082099100C10488090010110000042119
:10AF80000420110004C004000589880021900505F3
:10AF90000503A08002022021200088C004080009C7
:10AFA00000000104022020404004000000000000D6
:10AFB0000000000002000000090000010400A004DD
:10AFC000200004C000A0000020A100021100000029
:10AFD00085A000200010210500044100090005049F
:10AFE00020050010092000000020000004100910B6
:10AFF00000002000008310419000080104100000B0
:10B0000002100884410004100008080041040900EF
:10B0100008C004204000418321A0000805000384EB
:10B0200021C04000030008A0090203C00000000086
:10B030000003000500000000000000210410910042
:10B040000280002000410003881101402089000493
:10B05000002010050010008000088800000000108B
:10B06000009105A00000000000008880000084001E
:10B0700088000009090000200020090890100085C0
:10B080008800821020040000C0800008880000832F
:10B090001010100000C104040020002184030002ED
:10B0A000901004100400401140410005000200000F
:10B0B000000000000000000000000000000004206C
:10B0C0000001A0008041000003000040A100111019
:10B0D00000020300214100C002020500C1C10400BA
:10B0E00010004110000505080404000000080000DD
:10B0F0000090090004844084410000820008C100DF
:10B1000040A0028400C0840805C08304090900042B
:10B110000488050000200390410005894182200039
:10B1200041A005840210089020A000000900050439
:10B13000000000000000000000000000000000000F
:10B14000000000202000200400000000000020205B
:10B15000C009008000000008000300800000020811
:10B16000C000010084030084000000000011000002
:10B1700000000008000800000403000800050000AB
:10B180000441841101009000051100052009901070
:10B1900084A082000410888090030209022082416A
:10B1A00001118404200220000000012000409000D2
:10B1B0000484000000000000000000000000000007
:10B1C0000000880384050340090800000000040013
:10B1D000000003000000C000030000004100000068
:10B1E00002008010032008820320000400030210E4
:10B1F000200800008803801003041100008800105C
:10B20000889041210003000910000000000380091C
:10B2100000000000000300092000000000030309F3
:10B2200009000000000300890000008000030509F8
:10B23000C10000000000000000000000000000004D
:10B240000000000091010300000001010000040063
:10B25000400000000000880010000100000088008D
:10B26000400000000421408541C001410000A000D1
:10B270000001000100000401020190010000C082F1
:10B280000021020500000001200101000000000172
:10B2900002094000000000010201910000000001CD
:10B2A000C1012000000008918803204090200091F7
:10B2B000C01120900090000000000000000000007D
:10B2C00000000000000021019000C0008310001069
:10B2D000000000A00100100008000800C1000410D8
:10B2E0000400C11009000300210083824121C10034
:10B2F00004C0A008C10000004000038402090584C6
:10B300000082C0022020830100019100040083A17B
:10B310000810010000100101041121004002410346
:10B3200020A141000420C105021085001010C109B0
:10B330008820890008C08905000000000000000086
:10B3400000000000000000004040910011008980D2
:10B35000408040000580090805004000050003000A
:10B36000C180C121A08010218205410021808383FA
:10B370001000A08040110308000088009000808425
:10B3800083802185A1881183A040001041008000A6
:10B39000830900804100000003098008410000008B
:10B3A0000389804041008080830980C14100008082
:10B3B00003890009210000800385000000000000CF
:10B3C00000000000000000000000098800080010D4
:10B3D000808300004080000000800005000008839A
:10B3E000000300C10800102000901182000283A118
:10B3F00085032100004000A0028300802088000017
:10B400004188110310218020200290830080008059
:10B4100000090083008040000309008300000480CD
:10B42000408900030000050000090083008020001F
:10B4300009898003008021001009008300000000BA
:10B4400000000000000000000000000000030021D8
:10B450000090828300A0004000A008020004008841
:10B4600001840089404000C001A1A08300050809B3
:10B470002105824100C000C00084208900800002B4
:10B4800000A000A040210120A02100010383C002F0
:10B4900000C0002120210010000000C108830040EE
:10B4A000001000210441009000900091904100089C
:10B4B0008400108582030002838820910409000023
:10B4C000000000000000000000000000000010402C
:10B4D00010830400C02000200001000000000002D2
:10B4E0000083000000C00021002000000040200375
:10B4F000900010414041000001400101008800809F
:10B500008311830384010020834121010401000091
:10B51000412008104000020001C008840000010022
:10B52000832184A020002082410410A09000882064
:10B53000912002A0400002049103C0A08300408239
:10B5400000000000000000000000000000000000FB
:10B550008000808900040000000000080004000052
:10B56000009000040003000000200005000200809D
:10B5700000830000808300200310088010210980D0
:10B58000008083831008800803038882104191049F
:10B5900020000905000000008000030000000000FA
:10B5A0001000030341000000008003098000000038
:10B5B00010800383800000009005038500000400D4
:10B5C00000800000000000000000000000000000FB
:10B5D00000008181000BD00041508100000BD000A1
:10B5E00000001250000BD00000508181000BD000F1
:10B5F00000008100000BD02082420088000BD000A8
:10B60000000000004181000BD00021001188000BD8
:10B61000D0000A008181000BD00000002184000BC3
:10B62000D00000001242000BD00006418181000BC7
:10B63000D00042002184000BD00000418241000B69
:10B64000D0000082000000000000000000000000A8
:10B6500000000000000000000099FF7700000000DB
:10B660000000000000000000C3C3FFFF0000000056
:10B670000000FF0000000000000000000030F600A5
:10B6800000F0F0F00000005A00C3814200C3F6FC55
:10B69000F60CFF0F0C0CFFFF0000FF0000003C3C0D
:10B6A0000000FF000000FF000000FF0000003C3C25
:10B6B0000000FF0000003C3C0000FF0000000F0FF6
:10B6C0000000FF000000000000000000000000007B
:10B6D000000000000000000000000066FF330000D2
:10B6E00000000000000000000000FF7EFF7E000060
:10B6F0000000C3C3FFC300000000000000000030D2
:10B700000600F00000000000005A003C8142C30027
:10B7100006FC060C0F0F0C0CFFFF0000FF000000E2
:10B720003C3C0000FF000000FF000000FF000000A4
:10B730003C3C0000FF0000003C3C0000FF0000001B
:10B740000F0F0000FF0000000000000000000000DC
:10B7500000000000000000000000000000000000E9
:10B7600000000000000000000000000000000000D9
:10B7700000000000000000000000000000218440E4
:10B7800000000000000000000000000000000000B9
:10B7900000000000000000000000000000000000A9
:10B7A0000000000000000000000000000000000099
:10B7B0000000000000000000000000000000000089
:10B7C0000000000000000000000000000000000079
:10B7D00000000000000000000000F0F0CCCCDFFF13
:10B7E00000000000000060602C2C00000000004001
:10B7F000C300000000000900090981818181000067
:10B800000000002C00EC0F00CC0000000F0099009D
:10B810000A0A0909FFF03C6600200060000000FFF2
:10B820000000F0F0000000FF0000F0F0000000FF5A
:10B830000000F0F0000000FF0000F0F0000000FF4A
:10B840000000F0F0000000FF0000F0F00000000039
:10B85000000000000000000000000000F0CCF0CC70
:10B86000FFFF00000000000060606F2C000000007F
:10B8700000404200000000000800080881F18181BA
:10B8800000000300002000E0F000CC000000F00009
:10B8900066000A0A060600F03C6600000060000030
:10B8A00000FF0000F0F0000000FF0000F0F00000DA
:10B8B00000FF0000F0F0000000FF0000F0F00000CA
:10B8C00000FF0000F0F0000000FF0000F0F00000BA
:10B8D00000000000000000000000000000000086E2
:10B8E0000A3C03B90000008600E003B000000086B7
:10B8F00000FC03990410A08650FCA3B800850086C4
:10B900000080038000000086007C00920010000090
:10B91000088204BC03B2001000000C84030900007C
:10B92000C0C6C07C33904903C041C0FC33304903DA
:10B93000C0C7C0FC33B04903C0C7C0FC33B0490323
:10B94000C0C7C0FC33B04903C0C7C0FC33B0490313
:10B9500000000000000000000000000000000000E7
:10B960000000000000000000000000000000008057
:10B970000000000099666699000000003F3F00004B
:10B9800055015541C2C300C3000000000000FFFF85
:10B99000000000F000FFAA8E0F0F00AA00F0303068
:10B9A0005050000CA0F0002000000000FF0000FF3D
:10B9B000C3C3C000C32831310003F8C8000000C170
:10B9C00030C1AF0030003C3C3C3CB0B030000034F3
:10B9D0000C34000000000000000000000000000027
:10B9E00000003C9C3C3C8000820000000000000005
:10B9F00000000000000066999966000000003F000A
:10BA00003F0054001400000100C300000000008A41
:10BA100075FF000000F00000554D0F0F00AA00F068
:10BA200030305050000CA000000000000000FF006B
:10BA300000FF3C3CC0000028010100033808000062
:10BA400000013001A000300000FFFFFF80803000C7
:10BA500000040C04000000000000000000000000D2
:10BA6000000000000000000004040A0200000000C2
:10BA700000000000000000009966669900000000C8
:10BA80000000002000F100F320007F000000000013
:10BA9000FF3F55550000000000001CBCBC1C00F01E
:10BAA00000AAFF000F0000000000FF00F0F00000FF
:10BAB000FF003C3C0000000000000C0050F00000C3
:10BAC00000000C0C101CFA00000C000F0C05838306
:10BAD0000C00FFFFFFFF000000000000000000005E
:10BAE0000000000000000000000004040A02000042
:10BAF0000000000000000000000066999966000048
:10BB000000000000B02000B0003028007D000000E0
:10BB100000000000555500000000000014BEBE14D7
:10BB200000F000AA00000F000000000000FF0F0F4F
:10BB30000000FF003C3C0000000000000C00500032
:10BB4000000000000000101C0A00000C00000C05A2
:10BB500080800C00555F7D7F000000000000000029
:10BB600008000000000000008000400020002000CD
:10BB700000020020800400200200000020002000BD
:10BB800004010009800004018410A1889140000094
:10BB9000880000000800410100002100800800002A
:10BBA000000004000400910004C0410002000400F1
:10BBB000200004000400040520002100840004008B
:10BBC000A10082048200040191000200040002210D
:10BBD000402004000220020041010000000000009B
:10BBE0000000010000000000000020000100010032
:10BBF00001000080008004808205900000000100A8
:10BC00000100020400042000010421002000208023
:10BC10000400050000000100004000C00400040012
:10BC200000002002050001000200C0000000000921
:10BC3000A000A00003020102012002009000030006
:10BC400003090400048005008420020000000000B5
:10BC5000008841802000C10020000020000000007A
:10BC600000000000000000000000000000000000D4
:10BC700000000000000000000000000000000000C4
:10BC80000000000080008000801000000000000024
:10BC9000000080008000A0000800000000000000FC
:10BCA000000000010501000000000000C1002000AC
:10BCB0000801820000000200100041A00000000006
:10BCC00000008008000004A00001000440202000C3
:10BCD0000088000080000010040040008002000086
:10BCE0000000000000000000000000000000000054
:10BCF0000000000000000000000000000000000044
:10BD00009000000000000400040004000000000097
:10BD10000400A00004000800081101110000000048
:10BD20000000000000040004400000004010040077
:10BD3000410821102108000801004000400820218E
:10BD400004000000021000000500000400880480C8
:10BD50009000880000000411400090004011021083
:10BD600000000000020000000000000000000000D1
:10BD70000800030000008400000008010900000022
:10BD80000200090009C00900402008000302004029
:10BD9000800104000541204040040984800504100E
:10BDA00000000002050005900800000008100200D5
:10BDB0000900008411000800884021002082200032
:10BDC0004010000300010000000400840000008314
:10BDD0008004098400910000200084100001040206
:10BDE000054000000000000000000000000000000E
:10BDF0008808010082008400050802000104000098
:10BE00000220900000008410001000209008000024
:10BE100000800410012100C001800080000802C0E1
:10BE200001000000000000080010010820030000CD
:10BE3000842100020802000300002085820085039F
:10BE400001108441820440048200C0A1000500006A
:10BE500008200485100000201000411121008420DA
:10BE6000110508000000000000000000000000A014
:10BE7000000000000800200309900082000000007C
:10BE8000040004008000A0000800040000880000F6
:10BE9000000000C0004080048520000400008020D5
:10BEA00085040040000003010409030010000002A3
:10BEB00040002090008420882020090040000202D9
:10BEC00008102088020004044090020221004082F1
:10BED0001082410008000200890040001000041098
:10BEE0000404030020010000000000000000000026
:10BEF00000000000000001000188000000000000B8
:10BF000000000000000020002000000000000000F1
:10BF100000000000202100080400028588100000B5
:10BF20000880040000000080000404040021840054
:10BF300020000400000310001000010200000000B7
:10BF400020110180100001200100C000000000004D
:10BF5000C000200000008800002004050020200010
:10BF6000C11041009000000400000000000000002B
:10BF70000400000088000000880000010000830128
:10BF800000000010000000004140002041880440F3
:10BF9000000000C00040050000C0000000080200D2
:10BFA0000000080100C00582000000C000C02100A0
:10BFB0000900400404000400008200A00300000007
:10BFC00040A0900002820000040102080400000466
:10BFD00005C000840502050240C00000008404A0E2
:10BFE00004000082040004041002000000000000AD
:10BFF00000000100000003000008084000020011DA
:10C000000408000000000005004040A1008000007E
:10C0100009850000000008850021000000100010C4
:10C020000103000000200010000800000003400889
:10C030009000400000800000050800020040002140
:10C040000000000020004120A000010401000021A8
:10C0500000C108089021C008000500008800040005
:10C06000A11008080000000808C1900000000000AE
:10C0700000000000000000000200000000000008B6
:10C080000000000000000400041004840000000010
:10C09000008404C082840088209000002084410035
:10C0A000108284098000020403000404000084005C
:10C0B00000A0100800A0A1040004000480042000D7
:10C0C00021404120411083840082008202880900BF
:10C0D0000200040002020208820240000211021063
:10C0E00003400382048411C00288412080000000C4
:10C0F000000000000000000000000100000000003F
:10C10000009100000000000000000000000000009E
:10C1100000000000000020000000000000000100FE
:10C1200000000000030420000080000001800000E7
:10C13000200000000000080020000080008208822B
:10C140000100108000000000200200000000000834
:10C15000002100204000051000090400020900042D
:10C1600001000000200000000010820000002003F9
:10C17000000000000000000011000000000083002B
:10C180008000800003000000202005210008081026
:10C19000000300890900008000030009110000006D
:10C1A00080030409410000008003000900000080B2
:10C1B0000000000391094100000080030009820093
:10C1C000000000039109410000008003040982007F
:10C1D0000080008321098880000000832089088076
:10C1E000000080900208838900C100030989118042
:10C1F000000000000000000000000000000000003F
:10C200008300200008000000000000000100000181
:10C2100001010001A021900800049001C0019000DC
:10C2200000000201840121000000200100019000B3
:10C230000010000040010201210000002001400127
:10C24000210000004001030101000000024189219A
:10C25000402000C090218421C00200C010110003C2
:10C2600020C000C08211048540080005889101119A
:10C27000C0040002000000000000000000000000F8
:10C2800000000000200002001000830100010000F7
:10C290008920822008000800A100A12108200800B0
:10C2A0000304030140080400C01083000288040056
:10C2B000011083010000020002000500C185A010EA
:10C2C000900009108501200090009100830508105E
:10C2D000080009101183A0100200894021010410F8
:10C2E0009000200491888300040009A021204008C8
:10C2F0001000A0829110000000000000000000006B
:10C3000000000000000091008520850083082102C4
:10C310004000C1808080800000002100038980806F
:10C32000800021000309910000000080830080004C
:10C33000000021808309000080008000A100838923
:10C3400000800000A1808309801100002100038982
:10C3500080A180402180830900838040210003095F
:10C360008080090000000300400420110580A09097
:10C37000800000008000039000000000000000002A
:10C38000000000000000000080800080408080806D
:10C3900003084091000580830080808088890083A5
:10C3A00000004080000900830000038040890003F2
:10C3B00000801000008900830000008000000089D8
:10C3C00000830080030000890003000000000009D2
:10C3D00000830000030005090083000004800809B1
:10C3E00080030000058085090003038580030002A7
:10C3F00002C10000030000890003000000000000EB
:10C4000000000000000000000000822000C0008446
:10C410008488000101C100C0888300020220A08539
:10C42000A0210090004000C1400900A00104008547
:10C430009003A00801A000219083000000020020CA
:10C440000003002100020088000390C100A0000248
:10C4500000C10083A08202C0A1110883008888085F
:10C46000210908C100820410118904A101080408EF
:10C470000010002000088508A085100500000000BD
:10C4800000000000000000000000000000000001AB
:10C490000000009010112082820088888501A0820F
:10C4A000000088080100001000000088014100829F
:10C4B00001000040010000880000002000408301CE
:10C4C000028284000020010100C0000002419100AE
:10C4D00010A08900202041008804200020908301C2
:10C4E000080210002008852108C0900002200508DD
:10C4F00009011001080485A002408400C04000002A
:10C500000000000000001100000000000000000515
:10C51000001100110000801100A10020008089039B
:10C52000000000000000031100800000090003204B
:10C5300000000400008003000000000009800000EB
:10C54000831000808000098003080000000009417A
:10C550000341808004000080030200800000090085
:10C56000030380008500800083A0A100000080807C
:10C570002009200811209100890500040000000016
:10C58000000000000000000012480009900009901F
:10C590000082000BD000420000000009D0004200E1
:10C5A0000042000BD00082001182000BD00000007E
:10C5B0008181000BD00082001182000BD0000000AE
:10C5C00000001182000BD00082000660000BD0003A
:10C5D00000000A82000BD00000000A50000BD000BF
:10C5E00000008241000BD0000A008182000BD000C5
:10C5F00000008142000BD00082001242000BD000EC
:10C6000041000000000000000000000000000000E9
:10C6100000000000000000000000000000000FAF5C
:10C6200014140000FFFF000000FF00003C3C00006D
:10C6300000FF00000F0F000000FF00003C3C000066
:10C6400000FF000000003C3C000000FF00003C3CFC
:10C65000000000FF00000F0F000000FF00003C3C46
:10C66000000000FF00000F0F000000FF000000FFAF
:10C67000000000FFFFCFF3C33FFFFFFF0000FFFFFD
:10C68000000000FF00000000000000001838AC119E
:10C69000008000000000000000000000000000001A
:10C6A0000F0514140000FFFF000000FF00003C3CD9
:10C6B000000000FF00000F0F000000FF00003C3CE6
:10C6C000000000FF000000003C3C000000FF0000F4
:10C6D0003C3C000000FF00000F0F000000FF0000C6
:10C6E0003C3C000000FF00000F0F000000FF0000B6
:10C6F00000FF000000FFFFCFF3C33FFFFFFF00007C
:10C70000FFFF000000FF000000000000000000002C
:10C7100000100800000000000000F0000AAA3C0021
:10C720000000AA00AA00FF000000FF000000FF00B8
:10C730000000FF000000FF0000003C3C0000FF0084
:10C740000000FF0000000000FF000000FF000000EC
:10C75000FF000000FF000000FF000000FF000000DD
:10C76000FF000000FF000000FF000000FF000000CD
:10C77000FF0000000F0FFFFF0303F3F33C203C001A
:10C78000FF000000AAAA0000000000000000000056
:10C79000000000000000000000000000F00006960D
:10C7A000F0F0000030303030FF000000FF000000EB
:10C7B000FF000000FF000000FF0000003C3C000004
:10C7C000FF000000FF0000000000FF000000FF006D
:10C7D0000000FF000000FF000000FF000000FF005D
:10C7E0000000FF000000FF000000FF000000FF004D
:10C7F0000000FF0000000F0FFFFF505F505F3C0084
:10C800003C00FF000000AAAA000000000000000099
:10C8100000000000000000000000A006506CA09086
:10C8200004150006007000020080C0C6C0BC309035
:10C830004903C0C7C0FC33B04903C0C7C0FC33B014
:10C840004903C045C0FC333049030000C0C3C0BC2D
:10C8500033B04903C0C3C0FC33B04903C0C7C07C78
:10C8600033304903C0C7C0FC33304903C0C7C0FCE4
:10C8700033B04903C0C7C0FC31B0410300860CA4EB
:10C8800003800000C0C6C0FC33B0490300000000B4
:10C890000000000000009090A00C000000000000CC
:10C8A0003C00FC004141EBEB00FFF0F03C003C00A1
:10C8B0003DFF3CFF0000000000C3434300000000B8
:10C8C00000550096000000003C3CF00F000000F016
:10C8D00000FFCF0C8F0D00003C3C01010D0D000C42
:10C8E000AF0041FD555583830C005555FF003A00BC
:10C8F00000003F7FFFFFFFFFF3303C3D3CBF0000E7
:10C90000AAAC00000000FCF0FCF00FAF3FBF00003D
:10C910000000000000000008100D000000000000F2
:10C9200000003E00FE000A5F0A5F00FFF0F0FFFF1C
:10C9300000003D3D3C3C0000000000C300C300007F
:10C94000000000500090000000003C3CF00F000090
:10C9500000F000000CCF0D8F00003C3C000C000CE0
:10C96000000CA00041FDFFFF80800C005555C0C0A9
:10C970003A0000000F5FFFFFFFFF00003C3D3CBF9F
:10C980000000ACAC553C5C3CFFFFFCF00FAF3FBF80
:10C990000000000000000000000100000000800016
:10C9A00000000000551500C000000000AAAA55AA0A
:10C9B000F028F02800C3AAF000000000F000C3AA8D
:10C9C000000000007D707D7D00003C3C0F0F9696BE
:10C9D000000000000000FC0CBC1C000000001FFF59
:10C9E000FFFF00000000003F5000000AF030000090
:10C9F0000F352A2A202005000CF000FF00BC0000A3
:10CA00002AAAA0300000D0D0D050FFFFBEBEBEFF8B
:10CA1000FFFF00000000000000000882C012480371
:10CA2000411000000000551400C3000000005555DF
:10CA300000FFF000F000FFC3AAF000000000F0FFCC
:10CA4000C3AA000000007D7D7D7D00003C3C0F0FEF
:10CA500096960000000000000CFC1CBC00000000CA
:10CA60001F1FFFFF0000000000305000000A0030D0
:10CA700000000035A000A00005000C000000000030
:10CA800000002A2AA030000010101050FFF0FFF024
:10CA90001E5F5F5F0000000000000000000000005B
:10CAA0000000000000000000000002000000400044
:10CAB00000000000000000004100200021002100D3
:10CAC0000000000000000000200004002000219071
:10CAD000410020000000200000000400410041004F
:10CAE000410041002000210021000400200021001D
:10CAF00004000000000004000300200011004100B9
:10CB000021001100400021000420202020100200FC
:10CB100003004010210000000000000000000000A1
:10CB20000000000000008400000000000000000081
:10CB3000000000000000000000008800000002006B
:10CB4000020002020000020002000202840220022F
:10CB500000000200020000000200000002000200CB
:10CB6000020002000202C0090009820990000000D0
:10CB7000C0000000000000000000000000000400F1
:10CB80000000900020000000820000000409000066
:10CB900020002000200002410000000000000000F2
:10CBA0000000000000000000000000000000000085
:10CBB0000000000000000000000000000000000075
:10CBC0000000000000000000000000000000000065
:10CBD0000000000000000000000000000000000055
:10CBE0000000000000000000000041004000008242
:10CBF00000000000000040001000000000000000E5
:10CC0000000000000000000000000090000800107C
:10CC100041000000000000100020000000000000A3
:10CC20000000000000000000000000000000000004
:10CC300000000000000000000000000000000000F4
:10CC400000000000000000000000000000000000E4
:10CC500000000011040000000000000000000000BF
:10CC6000A000002000008800000000000000080371
:10CC70000000000000000000000000004010000064
:10CC80000000000000412000000000100021A01062
:10CC90000000900000009010C0080010000000008C
:10CCA000000000000000090000000000000000007B
:10CCB00000004000040000000000000040000900E7
:10CCC000000005000000408400000000000000108B
:10CCD00000000000000010840200000000000000BE
:10CCE00000000000000000000090000000100000A4
:10CCF00000001100000000000000090000004100D9
:10CD000000100000000000100240000000880540F4
:10CD100002004010111005000320110004C00000A3
:10CD20000000000000000000000000000000000003
:10CD30000000000090000010000000000000000053
:10CD40000000A00000100003C00500030003000065
:10CD50008200000000090000000004000000000044
:10CD60009000000000000000000010000000000023
:10CD7000A010000508000041000588000000080020
:10CD800000008402820082418202820808080005B5
:10CD9000820000088800820088408405901000030B
:10CDA0000000000000000000000000000000000083
:10CDB00000000000008800000000400000080000A3
:10CDC00000000000000000000000000000000082E1
:10CDD00000000000009000000000100000020002AF
:10CDE000000021000004020010001110400000C0EB
:10CDF00002880502201020001082008804A003A0F1
:10CE000004000208200810002000100210821020E8
:10CE100020004102410000100200092002C0080069
:10CE200041000000000000000000000000000000C1
:10CE300000000000000000000000000000020008E8
:10CE400000000000000500000003000000050000D5
:10CE50000000000000004011000000000041200020
:10CE600000050000000002218800000040000221AF
:10CE70008800A00000110020000002004000C00552
:10CE80000408840582049008902100214009880943
:10CE900010419041200040100400000210031000D7
:10CEA000001100050000000000000000000000006C
:10CEB0000000000000000000000000000000000072
:10CEC0000000000200000000000000000000000060
:10CED00009000000000000000000000000000088C1
:10CEE0000000000000000010000000000000000032
:10CEF000000000000000000000A000000900050084
:10CF00002100101009000000410041000020050030
:10CF100005000020000000000084411000004100D6
:10CF200000000000000000000000000000000011F0
:10CF300000030000004004000000000200020000A6
:10CF40000020001100000000044088020409A02114
:10CF500000098403A02000000000004084020009B2
:10CF6000000800038400000000210800000384087A
:10CF700000218800004084089021000000088400FF
:10CF8000402100000002C010882140008811840563
:10CF900088038820000308401010400200408410DD
:10CFA00000090000080284020000000000000000E8
:10CFB0000000000000000000000000000000000071
:10CFC000000000000000040000000000200000003D
:10CFD000000000000000090000880000000021009F
:10CFE0000000000000000900000000000000000038
:10CFF0000900100800A000000900410800200000FE
:10D00000410010C011100004090004840390008442
:10D01000000004900000002010200400090000001F
:10D020001008110041004100040000000000000051
:10D0300000000000000000000000004100000000AF
:10D0400000000000000500000000000000000000DB
:10D050000400000300000000000000000000004188
:10D06000020000001000020000400000000000006C
:10D070000000A0000000C000400000028803001073
:10D0800000210020C000400020001004840940203E
:10D0900088404002000440050008C0210003000849
:10D0A000001000030005000900030000000000005C
:10D0B0000000000000000000000000000000000070
:10D0C0000000000000000000000000000000000060
:10D0D0000000000000000000000000000000000050
:10D0E0000000000000000000000000000000000040
:10D0F0000000000000000000000000000000000030
:10D10000000000000000000000000000000000001F
:10D11000000000000000000000000000000000000F
:10D1200000000000000000000000000000000000FF
:10D1300000000000000000000000000000000000EF
:10D1400000000000000000000000000000000000DF
:10D1500000000000000000000000000000000000CF
:10D1600000000000000000000000000000000000BF
:10D1700000000000000000000000000000000000AF
:10D18000000000000000000000000000000000009F
:10D19000000000000000000000000000000000008F
:10D1A000000000000000000000000000000000007F
:10D1B000000000000000000000000000000000006F
:10D1C000000000000000000000000000000000005F
:10D1D000000000000000000000000000000000004F
:10D1E000000000000000000000000000000000003F
:10D1F000000000000000000000000000000000002F
:10D20000000000000000000000000000000000001E
:10D21000000000000000000000000000000000000E
:10D2200000000000000000000000000000000000FE
:10D2300000000000000000000000000000000000EE
:10D2400000000000000000000000000000000000DE
:10D2500000000000000000000000000000000000CE
:10D2600000000000000000000000000000000000BE
:10D2700000000000000000000000000000000000AE
:10D28000000000000000000000000000000000009E
:10D29000000000000000000000000000000000008E
:10D2A000000000000000000000000000000000007E
:10D2B000000000000000000000000000000000006E
:10D2C000000000000000000000000000000000005E
:10D2D000000000000000000000000000000000004E
:10D2E000000000000000000000000000000000003E
:10D2F000000000000000000000000000000000002E
:10D30000000000000000000000000000000000001D
:10D31000000000000000000000000000000000000D
:10D3200000000000000000000000000000000000FD
:10D3300000000000000000000000000000000000ED
:10D3400000000000000000000000000000000000DD
:10D3500000000000000000000000000000000000CD
:10D3600000000000000000000000000000000000BD
:10D3700000000000000000000000000000000000AD
:10D38000000000000000000000000000000000009D
:10D39000000000000000000000000000000000008D
:10D3A000000000000000000000000000000000007D
:10D3B000000000000000000000000000000000006D
:10D3C000000000000000000000000000000000005D
:10D3D000000000000000000000000000000000004D
:10D3E000000000000000000000000000000000003D
:10D3F000000000000000000000000000000000002D
:10D40000000000000000000000000000000000001C
:10D41000000000000000000000000000000000000C
:10D4200000000000000000000000000000000000FC
:10D4300000000000000000000000000000000000EC
:10D4400000000000000000000000000000000000DC
:10D4500000000000000000000000000000000000CC
:10D4600000000000000000000000000000000000BC
:10D4700000000000000000000000000000000000AC
:10D48000000000000000000000000000000000009C
:10D49000000000000000000000000000000000008C
:10D4A000000000000000000000000000000000007C
:10D4B000000000000000000000000000000000006C
:10D4C000000000000000000000000000000000005C
:10D4D000000000000000000000000000000000004C
:10D4E000000000000000000000000000000000003C
:10D4F000000000000000000000000000000000002C
:10D50000000000000000000000000000000000001B
:10D51000000000000000000000000000000000000B
:10D5200000000000000000000000000000000000FB
:10D5300000000000000000000000000000000000EB
:10D5400000000000000000000000000000000000DB
:10D5500000000000000000000000000000000000CB
:10D5600000000000000000000000000000000000BB
:10D5700000000000000000000000000000000000AB
:10D58000000000000000000000000000000000009B
:10D59000000000000000000000000000000000008B
:10D5A000000000000000000000000000000000007B
:10D5B000000000000000000000000000000000006B
:10D5C000000000000000000000000000000000005B
:10D5D000000000000000000000000000000000004B
:10D5E000000000000000000000000000000000003B
:10D5F000000000000000000000000000000000002B
:10D60000000000000000000000000000000000001A
:10D61000000000000000000000000000000000000A
:10D6200000000000000000000000000000000000FA
:10D6300000000000000000000000000000000000EA
:10D6400000000000000000000000000000000000DA
:10D6500000000000000000000000000000000000CA
:10D6600000000000000000000000000000000000BA
:10D6700000000000000000000000000000000000AA
:10D68000000000000000000000000000000000009A
:10D69000000000000000000000000000000000008A
:10D6A000000000000000000000000000000000007A
:10D6B000000000000000000000000000000000006A
:10D6C000000000000000000000000000000000005A
:10D6D000000000000000000000000000000000004A
:10D6E000000000000000000000000000000000003A
:10D6F000000000000000000000000000000000002A
:10D700000000000000000000000000000000000019
:10D710000000000000000000000000000000000009
:10D7200000000000000000000000000000000000F9
:10D7300000000000000000000000000000000000E9
:10D740000000000000008000000000000000040055
:10D7500000000000080080000001800080018000BF
:10D760008000800000012001200120002000040032
:10D770008000000000A10000200041008040A000C7
:10D780008400004104000000800000018400842126
:10D7900091008000C1018001001004008008840411
:10D7A000000000009000A0108220200004108401DE
:10D7B000041011018804840104A002000400110077
:10D7C000020080100411A00008000000000000000A
:10D7D00001000000000001002000000420002020C3
:10D7E0002000200004000020014001200100010071
:10D7F0000000201000100020000000000000048045
:10D80000200021210084010000C020000404200029
:10D8100004840400200020102010000001000400F7
:10D820002180040000000500020004000000050043
:10D830004140000000040580030421000300A10012
:10D840000000000004000040040000000000000090
:10D8500000000000000000000000000000000000C8
:10D860000000000000008000000000000010000028
:10D87000000000000000000000A080008000800088
:10D880008000000000000000000100000000000116
:10D890000000000000100011002100200000000026
:10D8A0000000000000000000000080050000008271
:10D8B00080000000A02000000000000203008000A3
:10D8C000000000000001000400000004000000004F
:10D8D0000000000000000000000000000000000048
:10D8E0000000000000000000040000000000000034
:10D8F00000000000000000000000000020002000E8
:10D90000200020102000C00020410840000004003A
:10D91000004000000000008040A000A00080000047
:10D92000040000000020000000004008048890006F
:10D9300090000200040005800200040000000021A5
:10D940000400000804102040C090000804C100003A
:10D9500000000200000000000000000000000000C5
:10D960000000000000C00400040080082000040043
:10D970000000000080000000040000838000000020
:10D980000084020000A080840082000080840000E7
:10D9900000000082008480008020801004080010B5
:10D9A000001080001008001000000082200040825B
:10D9B0000040000800000400110000820200000284
:10D9C0000084004120000540001102008011020087
:10D9D0000000000001000000000000000000000046
:10D9E00000000000000000110100000020000110F4
:10D9F000900000000000040000050011002020003D
:10DA000000000000010000000400000000100400FD
:10DA10000000000000410000040020800880010098
:10DA200000800000040001900000000010000100D0
:10DA30000100000000000000010082000000010061
:10DA400000000010100401000088400401000404DC
:10DA500001000000000000000000000000000000C5
:10DA60000000000000000000000000044000400032
:10DA700040010805080004000000200400004000E8
:10DA800010000400040004004000040000008300B3
:10DA900000000040410004002000200020892040B8
:10DAA00000000400048802008001400000200400FF
:10DAB00000000002A0002100A000100100001120C1
:10DAC0004000040811014000410104004000000032
:10DAD000040004000000000000000000000000201E
:10DAE00000000000000004000000000000800000B2
:10DAF00000000004019001410100000005850000C4
:10DB0000000300050100C100C10000000100000584
:10DB10000400C00500800000004100000000041067
:10DB200000008208820005210100020800402080D8
:10DB300001022000100002000002020001040200A5
:10DB40000480000501000804000840409121000005
:10DB500040009100C1000000000000000000000033
:10DB600000000000000000000000040009000400A4
:10DB700004000410040000A00840004100400040E0
:10DB8000892041114100000000C000000500058807
:10DB90008088410085000000050000884100C10028
:10DBA00000A0000004010088400085004100C00181
:10DBB0004100080000000040000004000000400296
:10DBC00000080403081000400000090085108800C8
:10DBD0008408040000000084000000000000000031
:10DBE0000000004000000000000000009000000065
:10DBF00000000000000001100000012100200000D2
:10DC00000000048000048800000000000000000004
:10DC1000C000040000002000000000000000000020
:10DC200004000000000500100000000002000000D9
:10DC30002140001000020010000800030100004015
:10DC400000090000004000800000000800000403FC
:10DC5000200005008400000000000000000000001B
:10DC60000000000000200000000000001100000083
:10DC700000100400008240004000000000A00000EE
:10DC800080C00020411000824020040000A000005D
:10DC90004000918400A0040004840000050041C0FD
:10DCA00000904100400009004000000040101100B9
:10DCB00010024102C008801083000000210000C053
:10DCC00000400002098400040384200002C041884F
:10DCD0000804008800C04041401000880000000097
:10DCE0000000000000000000000000000000000331
:10DCF000042004200100002190000000000000002A
:10DD0000000004210020001000100080C02100004D
:10DD10000000A0212000200020410005000000009C
:10DD2000202000400000100340000021400000407F
:10DD30000002000000000200020002000000400992
:10DD40000000900282100008000020000021400026
:10DD50000041000000000400C0200000004111004C
:10DD600000000000030000000000000000000003AD
:10DD70000909410000000083908921800080000390
:10DD80000089050000000003800904000000000372
:10DD9000000940000000800300094100000000006D
:10DDA00000030009200000008083000941000000FA
:10DDB0009121100800204141200300081008104163
:10DDC0004091A18809214110000390098200008040
:10DDD0000003C109030000008083080902800000DD
:10DDE00000000000000001000000000000009000A2
:10DDF00000012001210000000009831141080010EA
:10DE000090A1201190A000A00001080120000000B6
:10DE10000001A00141000000020184014000000057
:10DE200000004001C001010000000483C08502C061
:10DE300000C04100010120010001C008840921083F
:10DE40000090A102040920880120880103014100FB
:10DE50000010880108014000000040210921914084
:10DE60000082000000000000000000000000000030
:10DE7000004008000000090809010800840010881B
:10DE800011C1C0018300880883C140014100020420
:10DE900009210810C100C020890100020100009082
:10DEA0002101000000000100000001010400A100A8
:10DEB000C0088311911021101140030004100902C1
:10DEC00008041000411101100111010204100300A7
:10DED000C004910302C10900C08211412011210038
:10DEE000401011C1000000000000000040000000D0
:10DEF0000000000080000000A100830900098000EC
:10DF0000800083910003410000008309000241006A
:10DF10008000838980804100000003090080410067
:10DF20000000830900000000410000000309800593
:10DF300041000000838911C084C08541890083A10C
:10DF400010084005880911900588200203410088C7
:10DF5000C10080000389001041008000838980C0D7
:10DF60004100808083890000000000000000000064
:10DF7000000000000900008000800089808300000C
:10DF80000000080900038080808080090083000071
:10DF900000000089000300001180008900830080D8
:10DFA0001180000980030000000000000009000348
:10DFB000008080008009008304412041000905039E
:10DFC0000309A02021202002419111C0419105099F
:10DFD0000000040000890003000040802009008345
:10DFE00000000300008900030000000000000000A2
:10DFF0000000000000000000001000C00085208923
:10E00000008882A0848908899090C0A00489C08378
:10E0100000080008000900C100C000200005202100
:10E0200000040004000310A10040008800C000C1EB
:10E0300000A1000408C008C1008300000010000017
:10E0400020050108050882C111080004080289049E
:10E05000044000A000900009049100200002010982
:10E06000200300A09008880990050000000000002F
:10E070000000000800000000000001000090000007
:10E0800000008300C0210200902091009040100009
:10E090000888092108408800C0020188014000006A
:10E0A0000008010800200000000000000188012095
:10E0B0000000400083891120C000A00301030090EC
:10E0C000114000A008A10820A00008C01040419005
:10E0D000108910A02101400490000220A189911014
:10E0E0009000C002418903C0A00008100000000099
:10E0F0000000000000000000000000000900000017
:10E100000000000083118040800010098308000097
:10E1100080001000038380000000100003910400C1
:10E1200000000080030000000000090000000380E0
:10E1300004000000000083A08400000000102021E3
:10E140002141C19008800940088905040880A10088
:10E1500090A091900380891080800000800003C00F
:10E160000480000000800390040000000080120082
:10E170000009000000900081000000000B000088F2
:10E18000000BD00000004160000BD0008200116045
:10E19000400BD04006008142400BD000820000427C
:10E1A000000BD00000008142000BD00000000000F6
:10E1B0008282000BD00000000088000BD00000001D
:10E1C0000681000BD00000008241000BD00005004A
:10E1D0008181000BD00000008241000BD0000000C4
:10E1E0002184000BD00000000660000BD00000006E
:10E1F000000000000000000000000000000000001F
:10E20000FFFF0000FF0000003C3C0000FF0000009A
:10E210003C3C0000FF0000003C3C0000FF00000010
:10E22000FF000000FF0000003C3C0000FF00000079
:10E230000000FF000000FF000000FF000000FF00E2
:10E240000000EFE3ECE0FFFF60633F7E037EFFFF33
:10E25000FFFF6F6F60600F040C04FFFF0000FF0002
:10E260000000FF000000FF000000FF000000FF00B2
:10E27000000018302000008000000008008100002D
:10E280002840FFFF0000FF0000003C3C0000FF00B2
:10E2900000003C3C0000FF0000003C3C0000FF0090
:10E2A0000000FF000000FF0000003C3C0000FF00F9
:10E2B00000000000FF000000FF000000FF00000061
:10E2C000FF0000002F232C20F0F06F6F3F4203422D
:10E2D0007F7E3F3CFC0CFC0C03040004FFFF0000AD
:10E2E000FF000000FF000000FF000000FF00000032
:10E2F000FF00000000000000080000000000061001
:10E30000000000000000000000000000000000000D
:10E3100000000000000000000000000000000000FD
:10E3200000000000000000000000000000000000ED
:10E3300000000000000000000000000000000000DD
:10E3400000000000000000000000000000000000CD
:10E3500000000000000000000000000000000000BD
:10E3600000000000000000000000000000000000AD
:10E37000000000000000000000000000000000009D
:10E38000000000000000000000FF000000FF00008F
:10E3900000FF00006666000000FF0000F0F00000D3
:10E3A00000FF0000F0F0000000FF0000F0F00000AF
:10E3B00000FF0000F0F00000000000FF0000F0F09F
:10E3C000000000FFFFFF0F0FFC42FC7E0000FF007B
:10E3D00030F63FF600F03060FF663CF06666FF0006
:10E3E000000000FF0000F0F0000000FF0000F0F06F
:10E3F000000000FF0000F0F000000000000000003E
:10E400000000000000000000000000FF000000FF0E
:10E41000000000FF00006666000000FF0000F0F052
:10E42000000000FF0000F0F0000000FF0000F0F02E
:10E43000000000FF0000F0F00000000000FF0000FE
:10E44000F0F0000000FFFFFF0F0FC042C07E1C1C59
:10E45000FF0030063F060000306000663CF0666654
:10E460000303000000FF0000F0F0000000FF0000C8
:10E47000F0F0000000FF0000F0F000001010800835
:10E4800000000000808809000000C0C6C0FC309079
:10E490004903C0E7C0DC33C04D03C0C7C0BC334034
:10E4A0004D03C0C7C0BC33C04D03C0C7C0FC30B0B3
:10E4B0004903C0C7C0FC31B049030000C0C7C07CDD
:10E4C00033904903C041C09C3000410300860CECEE
:10E4D00003B2000000860CE4A3B0000500860CEC3B
:10E4E000A3B80015C0C4C0FC33B04903C0C7C0FC0A
:10E4F00033B04903C0C7C0FC33B049030008000C67
:10E5000000000000000000200000014000000000AA
:10E5100082007DFF999999666699996699666699D0
:10E52000A5A5CC33996666999966669900000000A6
:10E5300000000004000000000B0003000000C3C343
:10E54000C3C30000000043434300F0C050405A5A88
:10E550005A5A0F0FF0F0E8000000101030335454F6
:10E560000A000D000F00FFFFFEFC000C00F5454403
:10E5700005040505040E41004100500050F0000064
:10E5800000000000800000014000000002000000C8
:10E590000000F2F0FDFF66666699996666996699D5
:10E5A00099665A5A33CC66999966669999660000BD
:10E5B0000000000000000000000003000E0000004A
:10E5C000C3C3C3C3007C7C7C0000430000005040F8
:10E5D0005A5A5A5A0F0FF0F0E800000010100003CA
:10E5E00004040A0005000F00FFFFFAF0000C00050C
:10E5F000414001000000040EA2A22020000C000CEB
:10E60000000000004803411040000000000000002E
:10E61000000000003CFFFFFF9966669999666699C5
:10E6200004073437A55AC33C000000009966669978
:10E630000000000003FA030A00000000FFFF0000D2
:10E6400000000000000000000000030F020A41006B
:10E65000030000000000003C0C1400F00CA00500BA
:10E660000F30BC8C00006969696900003C3C0055B2
:10E6700005140000000000050D0DC0C03808003C66
:10E680004103000000000000000000000000000046
:10E690000000000000003CFFFFFF66999966669944
:10E6A0009966C4C7F4F75AA53CC3000000006699F8
:10E6B000996600000000F3FAF30A00000000FFFF73
:10E6C0000000000000000000000000000000020A3E
:10E6D00055000F000000000000000C1400000CA00A
:10E6E00005000030B08000006969696900003C3CA9
:10E6F00000000514000000000005080800003808AC
:10E700000000410300000000000080010000000044
:10E710000000000020004001200120018000800056
:10E7200080008400800080018010801080008000C4
:10E730008001802080008001802080008020A00057
:10E7400080018000000000010001A1000004000120
:10E7500040010201020141000000000100212100EE
:10E760000200A100C000020000000400211004000B
:10E77000040080049100211091100200C00091401B
:10E78000A000820004000000000000000210000051
:10E790000000000000000100011001200120200005
:10E7A0002000200021212000202020002005200022
:10E7B0002000202020A120000204208020002080B2
:10E7C00005000404200000C00004000420000080B4
:10E7D000000400040104410400000000000400845F
:10E7E000000401000400040001000000000000001B
:10E7F0004104000004800200000002000100040047
:10E800000480020005210500000000000000000057
:10E8100000000000000000000000000000000000F8
:10E8200000000000000000000000000000000000E8
:10E8300000000000000000000000000000000000D8
:10E8400000000001000000000000000000000001C6
:10E8500000010000000000000000000000000000B7
:10E8600000000000000000000000000000000000A8
:10E870000000000000000000800000000000000018
:10E880000000000000000000000000000000000088
:10E890000000000000000000000000000000000078
:10E8A0000000000000000000000000000000000068
:10E8B0000000000000000000000000410000000017
:10E8C0000000001000200000000000000000000018
:10E8D00000400040000000000000000000000000B8
:10E8E0000000000000100000000000000000000018
:10E8F00000020000001100000010040000000000F1
:10E900000000000000020021000090000000000054
:10E9100000000000000000000000000004000001F2
:10E9200000000000000000000400000000000000E3
:10E93000801000100000004000C1802010200084E2
:10E9400000A00540000000A004000020000000001E
:10E95000008400A000000000000000000000200073
:10E9600020820200000080848084000000000000FB
:10E97000800080088000A01020831008208400847C
:10E9800008100010021000100000041000C0000069
:10E990000000000000000000000000000000012155
:10E9A0000004000000000000001101000005000547
:10E9B000001102050005004000A10020088500C1EB
:10E9C0000041000000000000000001000080000085
:10E9D0000040000000100000C0000000000088009F
:10E9E0000100011185008400040004000000C02122
:10E9F00084102010200820100502012000110103BE
:10EA0000000801000000A1100005104103090000EA
:10EA100000000000000000000000000000000000F6
:10EA2000000080000020000004000200000004003C
:10EA300000000000050000000000000000010000D0
:10EA400000001000100190010905090000000000FD
:10EA5000000004000400800004004100410009009F
:10EA60000900C100410020004100851000000000A5
:10EA70000200800002090300000002008040020042
:10EA800010002000050005010000900004001000A7
:10EA90000200000000000000000000000000000074
:10EAA00000000000200000800000010001000000C4
:10EAB0000100000000000000000000000005002030
:10EAC0000005000000000020201000A00000000051
:10EAD000000000000100010004000100000000002F
:10EAE000000000000800000000000000021000000C
:10EAF00040004100040001200000000001000480EB
:10EB0000004000000000000000040000204101005F
:10EB100000000100000000000000000000000000F4
:10EB200000000000800188018004800000000000D7
:10EB3000000000000810040000A080C00000410197
:10EB400080214111100000400500840080208020B9
:10EB50000020039000000082800000000000800080
:10EB60008000050100010500000009C080000004CC
:10EB700000100804040009C10000098500400000DD
:10EB800000000040000800A020A0004000A0008479
:10EB9000002000C020100000000300000000000062
:10EBA0000000040000000404051004800403002198
:10EBB0008810004088210180010000050405C01173
:10EBC000C04004A00090000000A10005050004A1C1
:10EBD000088000A11000000000000400000884006C
:10EBE0000410040000200020002102210005022161
:10EBF0009091C000A0C0892104044010842000909E
:10EC0000000404000040040084400005004100416D
:10EC10000008040000400110000000000000000097
:10EC200000000000000000000010000000000000D4
:10EC30000010004004200000801000A0008200208E
:10EC4000800002880488038482C005A0042000821A
:10EC500000000020002009000000802000841140F6
:10EC600080008900200040100400404000820084A1
:10EC7000040084020405C1000082800809040040E9
:10EC8000C010840003C00282400090040203048488
:10EC900000010082A010820000820000000000003D
:10ECA0000000000000000000000000000000000064
:10ECB00000000000000001000000208000000000B3
:10ECC0000080200001000100000020000000000082
:10ECD0000000000000800080000000002080000094
:10ECE0000000040020000000000000000000000000
:10ECF00000000000040000040400000020000000E8
:10ED000000800400200000000000000020800004BB
:10ED1000000000040000200020001000000000009F
:10ED20000000000000000000000000008888850945
:10ED300002A1090300038009088000000003000904
:10ED40000000000000030009020000008003808929
:10ED5000C000008000839109408000800000000313
:10ED60000009000000000003830905000000000303
:10ED70000009410000000003000908800000008332
:10ED8000038905000080000310898900000000034A
:10ED9000000984000000008308890800008000004A
:10EDA0000000000000000000000000000000898357
:10EDB00090859103010000910489911000400001A9
:10EDC000000120000000C00108019100000040C1C6
:10EDD000C0C121020004A00311C1A18800200000CD
:10EDE00000010001200000000001030120000000DC
:10EDF0000001A0018800000088910491412000A03A
:10EE00000403C0210890000888412105200800C0A3
:10EE100000010001100000002021910921A000C084
:10EE200000000000000000000100000000000000E1
:10EE30008801908889010383080084002100030170
:10EE400008002000010083919001840011028921B3
:10EE500040018400A0A0090188014008892011C157
:10EE6000000004022000C110850102202000412082
:10EE7000C101200010000300830104C0040090823F
:10EE800005C140024000410411054090A000C1109E
:10EE900041A1400140004110A1034040A0000510E5
:10EEA000110500000000000000001000000000003C
:10EEB000000080098580A141838900008000210035
:10EEC0008309004000002100830900088000A18020
:10EED00003890002800000008311800880802100E7
:10EEE00083890000808080002100830980800000E9
:10EEF0002180830900000000A10083098082800036
:10EF00000000830980210000210083898000000027
:10EF1000A180030900020000218003898004000011
:10EF20002180838900000000000000000000000034
:10EF30000000000002820085A1C0C1C100000000E5
:10EF400080090003008000800089000300000000A9
:10EF50000809808300008000880900030000808089
:10EF60008089008300000000110008098003000070
:10EF70000400000900030080210003898083000051
:10EF800010008089800300000200828900030000D5
:10EF90009080418900830080000002898083008086
:10EFA000880080090003000000000000000000004D
:10EFB000000000000000010300C00402898300205B
:10EFC0000040A0418891009000C000058821009079
:10EFD000009000C18803008202A0048900A1000003
:10EFE00088884021008300000000000200034003E5
:10EFF0000020010800918883009000820085104164
:10F0000000002008088582890040A040824102411A
:10F0100000880820908510110020000000A10483C2
:10F020000004200402910805000000000000000018
:10F030000000000000000000110089919000C088CD
:10F04000050000080000904003010040900040408F
:10F050008300C040020090C0830020409000200840
:10F060001100A090100088880000010800400000F6
:10F070000000014100900000000201890120000011
:10F0800000880991841020010040410140102000B7
:10F0900002020300028288008808899188A020006B
:10F0A000C0080311840288004082000000000000B4
:10F0B0000000000000000000000089039091A121E1
:10F0C0004080890800000000000083080000000064
:10F0D00009008308800080000900830300000011FC
:10F0E000090083000000800080800000030400000D
:10F0F00000000900031000000000098003820400E2
:10F1000000000080090800808021000003020080C8
:10F110000000098083118000000009000302000044
:10F120008000090083A00000000091800000000022
:10F130000000000000000000000000000041000B83
:10F14000D00000841241000BD00000001241400B9F
:10F15000D00000004184800BD00000001141000B62
:10F16000D00000001188400BD040000000008184D6
:10F17000000BD00000000041000BD000420006410F
:10F18000000BD00000000660000BD000008211428E
:10F19000000BD00000881182000BD000000000811D
:10F1A000000BD00000001182000BD000008800008E
:10F1B000000000000000000000000000000000C28D
:10F1C000FA385100A2000000FFFF000000FF00001D
:10F1D0003C3C000000FF00003C3C000000FF000041
:10F1E0003C3C000000FF0000FFFF000000FF0000AB
:10F1F00000003C3C000000FF00003C3C000000FF21
:10F20000000000FF000000FF0000FFFF000000FF03
:10F2100000003C3C000000FF00003C3C000000FF00
:10F2200000003C3C000000FF00003C3C000000FFF0
:10F2300000000000000000000000000000000000CE
:10F240000000FAFA510051000000FFFF000000FF2B
:10F2500000003C3C000000FF00003C3C000000FFC0
:10F2600000003C3C000000FF00000000000000FF28
:10F27000000000003C3C000000FF00003C3C00009F
:10F2800000FF000000FF000000FF0000FFFF000083
:10F2900000FF00003C3C000000FF00003C3C000080
:10F2A00000FF00003C3C000000FF00003C3C000070
:10F2B00000FF00000000000000000000000000004F
:10F2C00000004380C300050A0505FF000000FF00A1
:10F2D0000000FF000000FF000000FF000000FF0032
:10F2E0000000FF000000FFFF0000FF000000FF0023
:10F2F00000000000FF000000FF000000FF00000011
:10F30000FF000000FF00000000FFFFFFFF00000003
:10F31000FFFF0000FF000000FF000000FF000000F2
:10F32000FF000000FF000000FF000000FF000000E1
:10F33000FF000000000000000000000000000000CE
:10F34000000000005FA0FF0055AA5555FF00000017
:10F35000FF000000FF000000FF000000FF000000B1
:10F36000FF000000FF00000000000000FF000000A0
:10F37000FF0000000000FF000000FF000000FF0091
:10F380000000FF000000FF00000000FFFFFFFF0083
:10F39000000000000000FF000000FF000000FF0070
:10F3A0000000FF000000FF000000FF000000FF0061
:10F3B0000000FF000000000000000000000000004E
:10F3C0000000000000000086008C00000010C0E675
:10F3D000C0DC33C04D03C0C7C0BC33904D03C0C3B5
:10F3E000C0FC33C04D03C0E7C0DC33C04D03C0E7F1
:10F3F000C09C33404D030000C0C7C0FC31B049037E
:10F40000C0C7C0FC30B04903C0C7C07C33B04103A3
:10F41000C0C6C0FC33B04903C0C7C0FC31B049030B
:10F42000C0C7C0FC33B04903C0C7C0FC309049031B
:10F43000C0C7C0FC33B049030000009000000000CA
:10F440000000000001000000FF0FFF0FD7550C0F58
:10F45000C3C33C3C996666996666999933CCCC33B4
:10F460000FF06699996666990FF0996699666699A4
:10F4700099666699A5A5F00F000000000000FFFF47
:10F48000FFF000000000140300C3000000003E3C39
:10F490000000000A000F0FAFFFFF00000CAFC0C359
:10F4A0004040000000000D0D0F0FACF00000AAFF5F
:10F4B0003CFFBCB08C80000000AA000000000000EF
:10F4C00000000000002000000000FF0FBF4FEBAA6B
:10F4D00024A5C3C33C3C669999669999666633CC6A
:10F4E000CC330FF09966669999660FF09966669924
:10F4F0009966669999665A5A0FF00000000000005C
:10F50000FFFFFFF0000000001403000000000000F7
:10F5100014141414000A00000FAF0FAF00000CA069
:10F520000003404000F0003C000F000FAC00000062
:10F53000AAFF3CFF000000000514051400000000B5
:10F5400000000000000000000000020000FFFFFFBC
:10F55000807F807F33CCCC339966669900000000B1
:10F560009999F0F00000000099666699996666998D
:10F570009966669999666699669999660000000091
:10F580000000000C0000000000000F0050300000E0
:10F59000000071410FFFFCA0000055FFFFFF0000BD
:10F5A0000000000F0C050A0A30303F7FFFFF00000B
:10F5B000000001300D303838030000002AAA400056
:10F5C00000000000000200000000000000000FFF2B
:10F5D000F0F0FFFF807FCC3333CC66999966000052
:10F5E000000066660F0F0000000066999966669934
:10F5F0009966669999666699996666999966000012
:10F60000000000000000000000000000000050307A
:10F610000000000055550FFF0CA0000015BFBFBF34
:10F62000FEFC000000000C050F0000003F7F3F7F44
:10F630000000000001000D0008080300000028AAD7
:10F6400000000000000000000000000000000000BA
:10F650000000000000000000000021000000000089
:10F66000000000000000000000000000000000009A
:10F67000000000000000000000004000400000000A
:10F6800000002000200020002001410000000000B8
:10F690004000200000000000000000000400000006
:10F6A00000080400040004000410110041082000B8
:10F6B00020002010210000A00010200020102000B9
:10F6C00002A0000000000000000000000000000098
:10F6D000000000000000000000000000000000002A
:10F6E000000000000000000000000000000000001A
:10F6F000000000000000000000000000000000000A
:10F700000000004000000000000000100000200089
:10F710000000000040000000000000000000200089
:10F7200004000000A0002000A000A0004000000095
:10F730000000000000002000000020000000000089
:10F740000000900000000000000000000000000029
:10F7500000000000000000000000000000000000A9
:10F760000000000000000000000000000000000099
:10F770000000000000000000000000000000000089
:10F780000000000000000000000000000000000079
:10F790000000000000000000000000000000000069
:10F7A0000000000000000000000000000000000059
:10F7B0000000000000000002000000000000001037
:10F7C0000000000000000000000000000000000039
:10F7D0000000000000000000000000000000000029
:10F7E0000000000000000000000000000000000019
:10F7F0000000000000000000000000000000000009
:10F8000000080000000000000000000000000000F0
:10F8100000000010200000000000000000100000A8
:10F8200000100000000000000000000000000000C8
:10F830000000001000000000000000000021000097
:10F840000021000000000000000000000000000097
:10F8500000000000000000000000000000000000A8
:10F86000000000000000000005000000008400000F
:10F87000050000000000008205820000001000006A
:10F880000000000000000000000000000000000078
:10F890000000000000000000000000000000200048
:10F8A00041A00000000000004100410000000900EC
:10F8B00003001000000000000000000000000084B1
:10F8C00000100082000000000000000000000000A6
:10F8D0000000000000000000000000000008000020
:10F8E0000000000000000000000500050003000308
:10F8F00000030000000000000000000300000010F2
:10F9000000000010100000080008000000000000C7
:10F91000000000000021000000210000000020087D
:10F920002000000002000000C000000000200010C5
:10F930000005002100000041C000100082034002C9
:10F940008205C0410008C00000210803000000003B
:10F9500000000000000000000000000000000000A7
:10F960000000000000000000000000000000000097
:10F970000000000000000000000000000000000087
:10F980000000000000000000000000000000000077
:10F99000000000904000200004000200200004004D
:10F9A0000002400000000400090040880000000040
:10F9B0000000000005000200410005A04000108882
:10F9C0000000200000000500400009900000000039
:10F9D0000000000000000000000000000000000027
:10F9E0000000000000000000000000000000000017
:10F9F0000000000000000000000000000000000007
:10FA000000000000000000000000000000000000F6
:10FA100000000000000000000000000000000000E6
:10FA200000000000000000000000000000000000D6
:10FA300000000000000000000000000000000000C6
:10FA400000000000000000000000000000000000B6
:10FA500000000000000000000000000000000000A6
:10FA60000000000000000000000000000000000096
:10FA70000000000000000000000000000000000086
:10FA80000000000000000000000000000000000076
:10FA90000000000000000000000000000000000066
:10FAA0000000000000000000000041000000000015
:10FAB000000005000000000000000000050000003C
:10FAC000030000A00000000000004100100000C082
:10FAD0000000000000000000000000000000000026
:10FAE00000000000002000050000000000100021C0
:10FAF00000080000000000050000000000100003E6
:10FB0000840000000000841084210208000800081E
:10FB10008408000000000000002100000000000038
:10FB20000021840800210000001084000008C003A8
:10FB30000021200400000000C0030005C0050221D0
:10FB40000003840800000000002184212021000817
:10FB5000C00584210000000000000000000000003B
:10FB60000000000000000000000000000400000091
:10FB700000000000040000000084090004000000F0
:10FB80002000090000000000000009000000000043
:10FB9000000000400000000000000000090000001C
:10FBA00000000040090000820000001000004040FA
:10FBB000400000000920000005000282090000004A
:10FBC000000000000920200000100088090009C082
:10FBD0000900200200C0000000000000000000003A
:10FBE0000000000000000000000000000000000015
:10FBF0000000000000000000000000000000000005
:10FC000000000000000000000000000000000000F4
:10FC100000000000000000000000000000000000E4
:10FC200000000000000000000000000000000000D4
:10FC3000000000000000000000000000880000003C
:10FC400000000000000000000000000000000000B4
:10FC500000000000000000000000000000000000A4
:10FC60000000000000000000000000000000000094
:10FC70000000000000000000000000000000000084
:10FC80000000000000000000000000000000000074
:10FC90000000000000000000000000000000000064
:10FCA0000000000000000000000000000000000054
:10FCB0000000000000000000000000000000000044
:10FCC0000000000000000000000000000000000034
:10FCD0000000000000000000000000000000000024
:10FCE0000000000000000000000000000000000014
:10FCF0000000000000000000000000000000000004
:10FD000000000000000000000000000000000000F3
:10FD100000000000000000000000000000000000E3
:10FD200000000000000000000000000000000000D3
:10FD300000000000000000000000000000000000C3
:10FD400000000000000000000000000000000000B3
:10FD500000000000000000000000000000000000A3
:10FD60000000000000000000000000000000000093
:10FD70000000000000000000000000000000000083
:10FD80000000000000000000000000000000000073
:10FD90000000000000000000000000000000000063
:10FDA0000000000000000000000000000000000053
:10FDB0000000000000000000000000000000000043
:10FDC0000000000000000000000000000000000033
:10FDD0000000000000000000000000000000000023
:10FDE0000000000000000000000000000000000013
:10FDF0000000000000000000000000000000000003
:10FE000000000000000000000000000000000000F2
:10FE100000000000000000000000000000000000E2
:10FE20000000000000000000400000000000000092
:10FE300000000000000000000000000000000000C2
:10FE400000000000000000000000000000000000B2
:10FE500000000000000000000000000000000000A2
:10FE60000000000000000000000000000000000092
:10FE70000000000000000000000000000000000082
:10FE80000000000000000000000000000000000072
:10FE90000000000000000000000000000000000062
:10FEA0000000000000000000000000000000000052
:10FEB0000000000000000000000000000000000042
:10FEC0000000000000000000000000000000000032
:10FED0000000000000000000000000000000000022
:10FEE0000000000000000000000000000000000012
:10FEF0000000000000000000000000000000000002
:10FF000000000000000000000000000000000000F1
:10FF100000000000000000000000000000000000E1
:10FF200000000000000000000000000000000000D1
:10FF300000000000000000000000000000000000C1
:10FF400000000000000000000000000000000000B1
:10FF500000000000000000000000000000000000A1
:10FF60000000000000000000000000000000000091
:10FF70000000000000000000000000000000000081
:10FF80000000000000000000000000000000000071
:10FF90000000000000000000000000000000000061
:10FFA0000000000000400000000000000000009081
:10FFB0000000000000000000000000000000000041
:10FFC0000000000000000000000000000000000031
:10FFD0000000000000000000000000000000000021
:10FFE0000000000000000000000000000000000011
:10FFF0000000000000000000000000000000000001
:020000040004F6
:1000000000000000000000000000000000000000F0
:1000100000000000000000000000000000000000E0
:1000200000000000000000000000000000000000D0
:1000300000000000000000000000000000000000C0
:1000400000000000000000000000000000000000B0
:1000500000000000000000000000000000000000A0
:100060000000000000000000000000000000000090
:100070000000000000000000000000000000000080
:100080000000000000000000000000000000000070
:100090000000000000000000000000000000000060
:1000A0000000000000000000000000000000000050
:1000B000000081000000000000D0000000000000EF
:1000C0000000000000000000000000000000000030
:1000D0000000000000000000000000000000000020
:1000E0000000000000000000000000000000000010
:1000F0000000000000000000000000000000000000
:1001000000000000000000000000000000000000EF
:1001100000000000000000000000000000000000DF
:1001200000000000000000000000000000000000CF
:1001300000000000000000000000000000000000BF
:1001400000000000000000000000000000000000AF
:10015000000000000000000000000000000000009F
:10016000000000000000000000000000000000008F
:10017000000000000000000000000000000000007F
:10018000000000000000000000000000000000006F
:10019000000000000000000000000000000000005F
:1001A000000000000000000000000000000000004F
:1001B00000000000000000000000E88001000000D6
:1001C000000000000000000000000000000000002F
:1001D000000000000000000000000000000000001F
:1001E000000000000000000000000000000000000F
:1001F00000000000000000000000000000000000FF
:1002000000000000000000000000000000000000EE
:1002100000000000000000000000000000000000DE
:1002200000000000000000000000000000000000CE
:10023000400000000000000000000000000000007E
:1002400000000000000000000000000000000000AE
:10025000000000000000000000000000000000009E
:10026000000000000000000000000000000000008E
:10027000000000000000000000000000000000007E
:10028000000000000000000000000000000000006E
:10029000000000000000000000000000000000005E
:1002A000000000000000000000000000000000004E
:1002B0000000000000000000000000000000082016
:1002C000000000000000000000000000000000002E
:1002D000000000000000000000000000000000001E
:1002E000000000000000000000000000000000000E
:1002F00000000000000000000000000000000000FE
:1003000000000000000000000000000000000000ED
:1003100000000000000000000000000000000000DD
:1003200000000000000000000000000000000000CD
:1003300000000000000000000000000000000000BD
:1003400000000000000000000000000000000000AD
:10035000000000000000000000000000000000009D
:10036000000000000000000000000000000000008D
:10037000000000000000000000000000000000007D
:10038000000000000000000000000000000000006D
:10039000000000000000000000000000000000005D
:1003A000000000000000000000000000000000004D
:1003B000000000000000000000000000000000003D
:1003C000000000000000000000000000000000002D
:1003D000000000000000000000000000000000001D
:1003E000000000000000000000000000000000000D
:1003F00000000000000000000000000000000000FD
:1004000000000000000000000000000000000000EC
:1004100000000000000000000000000000000000DC
:1004200000000000000000000000000000000000CC
:1004300000000000000000000000000000000000BC
:10044000000000200000000000000000000000008C
:10045000000000000000000000000000000000009C
:10046000000000000000000000000000000000008C
:10047000000000000000000000000000000000007C
:10048000000000000000000000000000000000006C
:10049000000000000000000000000000000000005C
:1004A000000000000000000000000000000000004C
:1004B000000000000000000000000000000000003C
:1004C000000000000000000000000000000000002C
:1004D000000000000000000000000000000000001C
:1004E000000000000000000000000000000000000C
:1004F00000000000000000000000000000000000FC
:1005000000000000000000000000000000000000EB
:1005100000000000000000000000000000000000DB
:1005200000000000000000000000000000000000CB
:10053000000000000000000000000000000000803B
:1005400000000000000000010100000000000000A9
:10055000000000000000000000000000000000009B
:10056000000000000000000000000000000000008B
:10057000000000000000000000000000FFFFFFFF7F
:10058000FFFFFFFFFFFFFFFFFFFFFFFFFFFFFFFF7B
:10059000FFFFFFFFFFFFFFFFFFFFFFFFFFFFFFFF6B
:1005A000FFFFFFFFFFFFFFFFFFFFFFFFFFFFFFFF5B
:1005B000FFFFFFFFFFFFFFFFFFFFFFFFFFFFFFFF4B
:1005C000FFFFFFFFFFFFFFFFFFFFFFFFFFFFFFFF3B
:1005D000FFFFFFFFFFFFFFFFFFFFFFFFFFFFFFFF2B
:1005E000FFFFFFFFFFFFFFFFFFFFFFFFFFFFFFFF1B
:1005F000FFFFFFFFFFFFFFFFFFFFFFFFFFFFFFFF0B
:10060000FFFFFFFFFFFFFFFFFFFFFFFFFFFFFFFFFA
:10061000FFFFFFFFFFFFFFFFFFFFFFFFFFFFFFFFEA
:10062000FFFFFFFFFFFFFFFFFFFFFFFFFFFFFFFFDA
:10063000FFFFFFFFFFFFFFFFFFFFFFFFFFFFFFFFCA
:10064000FFFFFFFFFFFFFFFFFFFFFFFFFFFFFFFFBA
:10065000FFFFFFFFFFFFFFFFFFFFFFFFFFFFFFFFAA
:10066000FFFFFFFFFFFFFFFFFFFFFFFFFFFFFFFF9A
:10067000FFFFFFFFFFFFFFFFFFFFFFFFFFFFFFFF8A
:10068000000000000000000000000000000000006A
:10069000000000000000000000000000000000005A
:1006A000000000000000000000000000000000004A
:1006B000000000000000000000000000000000003A
:1006C000000000000000000000000000000000002A
:1006D000000000000000000000000000000000001A
:1006E000000000000000000000000000000000000A
:1006F00000000000000000000000000000000000FA
:1007000000000000000000000000000000000000E9
:1007100000000000000000000000000000000000D9
:1007200000000000000000000000000000000000C9
:1007300000000000000000000000000000000000B9
:1007400000000000000000000000000000000000A9
:100750000000000000000000000000000000000099
:100760000000000000000000000000000000000089
:100770000000000000000000000000000000000079
:100780000000000000000000000000000000000069
:100790000000000000000000000000000000000059
:1007A0000000000000000000000000000000000049
:1007B0000000000000000000000000000000000039
:1007C0000000000000000000000000000000000029
:1007D0000000000000000000000000000000000019
:1007E0000000000000000000000000000000000009
:1007F00000000000000000000000000000000000F9
:1008000000000000000000000000000000000000E8
:1008100000000000000000000000000000000000D8
:1008200000000000000000000000000000000000C8
:1008300000000000000000000000000000000000B8
:1008400000000000000000000000000000000000A8
:100850000000000000000000000000000000000098
:100860000000000000000000000000000000000088
:100870000000000000000000000000000000000078
:100880000000000000000000000000000000000068
:100890000000000000000000000000000000000058
:1008A0000000000000000000000000000000000048
:1008B0000000000000000000000000000000000038
:1008C0000000000000000000000000000000000028
:1008D0000000000000000000000000000000000018
:1008E0000000000000000000000000000000000008
:1008F00000000000000000000000000000000000F8
:1009000000000000000000000000000000000000E7
:1009100000000000000000000000000000000000D7
:1009200000000000000000000000000000000000C7
:1009300000000000000000000000000000000000B7
:1009400000000000000000000000000000000000A7
:100950000000000000000000000000000000000097
:100960000000000000000000000000000000000087
:100970000000000000000000000000000000000077
:100980000000000000000000000000000000000067
:100990000000000000000000000000000000000057
:1009A0000000000000000000000000000000000047
:1009B0000000000000000000000000000000000037
:1009C0000000000000000000000000000000000027
:1009D0000000000000000000000000000000000017
:1009E0000000000000000000000000000000000007
:1009F00000000000000000000000000000000000F7
:100A000000000000000000000000000000000000E6
:100A100000000000000000000000000000000000D6
:100A200000000000000000000000000000000000C6
:100A300000000000000000000000000000000000B6
:100A400000000000000000000000000000000000A6
:100A50000000000000000000000000000000000096
:100A60000000000000000000000000000000000086
:100A70000000000000000000000000000000000076
:100A80000000000000000000000000000000000066
:100A90000000000000000000000000000000000056
:100AA0000000000000000000000000000000000046
:100AB0000000000000000000000000000000000036
:100AC0000000000000000000000000000000000026
:100AD0000000000000000000000000000000000016
:100AE0000000000000000000000000000000000006
:100AF00000000000000000000000000000000000F6
:100B000000000000000000000000000000000000E5
:100B100000000000000000000000000000000000D5
:100B200000000000000000000000000000000000C5
:100B300000000000000000000000000000000000B5
:100B400000000000000000000000000000000000A5
:100B50000000000000000000000000000000000095
:100B60000000000000000000000000000000000085
:100B70000000000000000000000000000000000075
:100B80000000000000000000000000000000000065
:100B90000000000000000000000000000000000055
:100BA0000000000000000000000000000000000045
:100BB0000000000000000000000000000000000035
:100BC0000000000000000000000000000000000025
:100BD0000000000000000000000000000000000015
:100BE0000000000000000000000000000000000005
:100BF00000000000000000000000000000000000F5
:100C000000000000000000000000000000000000E4
:100C100000000000000000000000000000000000D4
:100C200000000000000000000000000000000000C4
:100C300000000000000000000000000000000000B4
:100C400000000000000000000000000000000000A4
:100C50000000000000000000000000000000000094
:100C60000000000000000000000000000000000084
:100C70000000000000000000000000000000000074
:100C80000000000000000000000000000000000064
:100C90000000000000000000000000000000000054
:100CA0000000000000000000000000000000000044
:100CB0000000000000000000000000000000000034
:100CC0000000000000000000000000000000000024
:100CD0000000000000000000000000000000000014
:100CE0000000000000000000000000000000000004
:100CF00000000000000000000000000000000000F4
:100D000000000000000000000000000000000000E3
:100D100000000000000000000000000000000000D3
:100D200000000000000000000000000000000000C3
:100D300000000000000000000000000000000000B3
:100D400000000000000000000000000000000000A3
:100D50000000000000000000000000000000000093
:100D60000000000000000000000000000000000083
:100D70000000000000000000000000000000000073
:100D80000000000000000000000000000000000063
:100D90000000000000000000000000000000000053
:100DA0000000000000000000000000000000000043
:100DB0000000000000000000000000000000000033
:100DC0000000000000000000000000000000000023
:100DD0000000000000000000000000000000000013
:100DE0000000000000000000000000000000000003
:100DF00000000000000000000000000000000000F3
:100E000000000000000000000000000000000000E2
:100E100000000000000000000000000000000000D2
:100E200000000000000000000000000000000000C2
:100E300000000000000000000000000000000000B2
:100E400000000000000000000000000000000000A2
:100E50000000000000000000000000000000000092
:100E60000000000000000000000000000000000082
:100E70000000000000000000000000000000000072
:100E80000000000000000000000000000000000062
:100E90000000000000000000000000000000000052
:100EA0000000000000000000000000000000000042
:100EB0000000000000000000000000000000000032
:100EC0000000000000000000000000000000000022
:100ED0000000000000000000000000000000000012
:100EE0000000000000000000000000000000000002
:100EF00000000000000000000000000000000000F2
:100F000000000000000000000000000000000000E1
:100F100000000000000000000000000000000000D1
:100F200000000000000000000000000000000000C1
:100F300000000000000000000000000000000000B1
:100F400000000000000000000000000000000000A1
:100F50000000000000000000000000000000000091
:100F60000000000000000000000000000000000081
:100F70000000000000000000000000000000000071
:100F80000000000000000000000000000000000061
:100F90000000000000000000000000000000000051
:100FA0000000000000000000000000000000000041
:100FB0000000000000000000000000000000000031
:100FC0000000000000000000000000000000000021
:100FD0000000000000000000000000000000000011
:100FE0000000000000000000000000000000000001
:100FF00000000000000000000000000000000000F1
:1010000000000000000000000000000000000000E0
:1010100000000000000000000000000000000000D0
:1010200000000000000000000000000000000000C0
:1010300000000000000000000000000000000000B0
:1010400000000000000000000000000000000000A0
:101050000000000000000000000000000000000090
:101060000000000000000000000000000000000080
:101070000000000000000000000000000000000070
:101080000000000000000000000000000000000060
:101090000000000000000000000000000000000050
:1010A0000000000000000000000000000000000040
:1010B0000000000000000000000000000000000030
:1010C0000000000000000000000000000000000020
:1010D0000000000000000000000000000000000010
:1010E0000000000000000000000000000000000000
:1010F00000000000000000000000000000000000F0
:1011000000000000000000000000000000000000DF
:1011100000000000000000000000000000000000CF
:1011200000000000000000000000000000000000BF
:1011300000000000000000000000000000000000AF
:10114000000000000000000000000000000000009F
:10115000000000000000000000000000000000008F
:10116000000000000000000000000000000000007F
:10117000000000000000000000000000000000006F
:10118000000000000000000000000000000000005F
:10119000000000000000000000000000000000004F
:1011A000000000000000000000000000000000003F
:1011B000000000000000000000000000000000002F
:1011C000000000000000000000000000000000001F
:1011D000000000000000000000000000000000000F
:1011E00000000000000000000000000000000000FF
:1011F00000000000000000000000000000000000EF
:1012000000000000000000000000000000000000DE
:1012100000000000000000000000000000000000CE
:1012200000000000000000000000000000000000BE
:1012300000000000000000000000000000000000AE
:10124000000000000000000000000000000000009E
:10125000000000000000000000000000000000008E
:10126000000000000000000000000000000000007E
:10127000000000000000000000000000000000006E
:10128000000000000000000000000000000000005E
:10129000000000000000000000000000000000004E
:1012A000000000000000000000000000000000003E
:1012B000000000000000000000000000000000002E
:1012C000000000000000000000000000000000001E
:1012D000000000000000000000000000000000000E
:1012E00000000000000000000000000000000000FE
:1012F00000000000000000000000000000000000EE
:1013000000000000000000000000000000000000DD
:1013100000000000000000000000000000000000CD
:1013200000000000000000000000000000000000BD
:1013300000000000000000000000000000000000AD
:10134000000000000000000000000000000000009D
:10135000000000000000000000000000000000008D
:10136000000000000000000000000000000000007D
:10137000000000000000000000000000000000006D
:10138000000000000000000000000000000000005D
:10139000000000000000000000000000000000004D
:1013A000000000000000000000000000000000003D
:1013B000000000000000000000000000000000002D
:1013C000000000000000000000000000000000001D
:1013D000000000000000000000000000000000000D
:1013E00000000000000000000000000000000000FD
:1013F00000000000000000000000000000000000ED
:1014000000000000000000000000000000000000DC
:1014100000000000000000000000000000000000CC
:1014200000000000000000000000000000000000BC
:1014300000000000000000000000000000000000AC
:10144000000000000000000000000000000000009C
:10145000000000000000000000000000000000008C
:10146000000000000000000000000000000000007C
:10147000000000000000000000000000000000006C
:10148000000000000000000000000000000000005C
:10149000000000000000000000000000000000004C
:1014A000000000000000000000000000000000003C
:1014B000000000000000000000000000000000002C
:1014C000000000000000000000000000000000001C
:1014D000000000000000000000000000000000000C
:1014E00000000000000000000000000000000000FC
:1014F00000000000000000000000000000000000EC
:1015000000000000000000000000000000000000DB
:1015100000000000000000000000000000000000CB
:1015200000000000000000000000000000000000BB
:1015300000000000000000000000000000000000AB
:10154000000000000000000000000000000000009B
:10155000000000000000000000000000000000008B
:10156000000000000000000000000000000000007B
:10157000000000000000000000000000000000006B
:10158000000000000000000000000000000000005B
:10159000000000000000000000000000000000004B
:1015A000000000000000000000000000000000003B
:1015B000000000000000000000000000000000002B
:1015C000000000000000000000000000000000001B
:1015D000000000000000000000000000000000000B
:1015E00000000000000000000000000000000000FB
:1015F00000000000000000000000000000000000EB
:1016000000000000000000000000000000000000DA
:1016100000000000000000000000000000000000CA
:1016200000000000000000000000000000000000BA
:1016300000000000000000000000000000000000AA
:10164000000000000000000000000000000000009A
:10165000000000000000000000000000000000008A
:10166000000000000000000000000000000000007A
:10167000000000000000000000000000000000006A
:10168000000000000000000000000000000000005A
:10169000000000000000000000000000000000004A
:1016A000000000000000000000000000000000003A
:1016B000000000000000000000000000000000002A
:1016C000000000000000000000000000000000001A
:1016D000000000000000000000000000000000000A
:1016E00000000000000000000000000000000000FA
:1016F00000000000000000000000000000000000EA
:1017000000000000000000000000000000000000D9
:1017100000000000000000000000000000000000C9
:1017200000000000000000000000000000000000B9
:1017300000000000000000000000000000000000A9
:101740000000000000000000000000000000000099
:101750000000000000000000000000000000000089
:101760000000000000000000000000000000000079
:101770000000000000000000000000000000000069
:101780000000000000000000000000000000000059
:101790000000000000000000000000000000000049
:1017A0000000000000000000000000000000000039
:1017B0000000000000000000000000000000000029
:1017C0000000000000000000000000000000000019
:1017D0000000000000000000000000000000000009
:1017E00000000000000000000000000000000000F9
:1017F00000000000000000000000000000000000E9
:1018000000000000000000000000000000000000D8
:1018100000000000000000000000000000000000C8
:1018200000000000000000000000000000000000B8
:1018300000000000000000000000000000000000A8
:101840000000000000000000000000000000000098
:101850000000000000000000000000000000000088
:101860000000000000000000000000000000000078
:101870000000000000000000000000000000000068
:101880000000000000000000000000000000000058
:101890000000000000000000000000000000000048
:1018A0000000000000000000000000000000000038
:1018B0000000000000000000000000000000000028
:1018C0000000000000000000000000000000000018
:1018D0000000000000000000000000000000000008
:1018E00000000000000000000000000000000000F8
:1018F00000000000000000000000000000000000E8
:1019000000000000000000000000000000000000D7
:1019100000000000000000000000000000000000C7
:1019200000000000000000000000000000000000B7
:1019300000000000000000000000000000000000A7
:101940000000000000000000000000000000000097
:101950000000000000000000000000000000000087
:101960000000000000000000000000000000000077
:101970000000000000000000000000000000000067
:101980000000000000000000000000000000000057
:101990000000000000000000000000000000000047
:1019A0000000000000000000000000000000000037
:1019B0000000000000000000000000000000000027
:1019C0000000000000000000000000000000000017
:1019D0000000000000000000000000000000000007
:1019E00000000000000000000000000000000000F7
:1019F00000000000000000000000000000000000E7
:101A000000000000000000000000000000000000D6
:101A100000000000000000000000000000000000C6
:101A200000000000000000000000000000000000B6
:101A300000000000000000000000000000000000A6
:101A40000000000000000000000000000000000096
:101A50000000000000000000000000000000000086
:101A60000000000000000000000000000000000076
:101A70000000000000000000000000000000000066
:101A80000000000000000000000000000000000056
:101A90000000000000000000000000000000000046
:101AA0000000000000000000000000000000000036
:101AB0000000000000000000000000000000000026
:101AC0000000000000000000000000000000000016
:101AD0000000000000000000000000000000000006
:101AE00000000000000000000000000000000000F6
:101AF00000000000000000000000000000000000E6
:101B000000000000000000000000000000000000D5
:101B100000000000000000000000000000000000C5
:101B200000000000000000000000000000000000B5
:101B300000000000000000000000000000000000A5
:101B40000000000000000000000000000000000095
:101B50000000000000000000000000000000000085
:101B60000000000000000000000000000000000075
:101B70000000000000000000000000000000000065
:101B80000000000000000000000000000000000055
:101B90000000000000000000000000000000000045
:101BA0000000000000000000000000000000000035
:101BB0000000000000000000000000000000000025
:101BC0000000000000000000000000000000000015
:101BD0000000000000000000000000000000000005
:101BE00000000000000000000000000000000000F5
:101BF00000000000000000000000000000000000E5
:101C000000000000000000000000000000000000D4
:101C100000000000000000000000000000000000C4
:101C200000000000000000000000000000000000B4
:101C300000000000000000000000000000000000A4
:101C40000000000000000000000000000000000094
:101C50000000000000000000000000000000000084
:101C60000000000000000000000000000000000074
:101C70000000000000000000000000000000000064
:101C80000000000000000000000000000000000054
:101C90000000000000000000000000000000000044
:101CA0000000000000000000000000000000000034
:101CB0000000000000000000000000000000000024
:101CC0000000000000000000000000000000000014
:101CD0000000000000000000000000000000000004
:101CE00000000000000000000000000000000000F4
:101CF00000000000000000000000000000000000E4
:101D000000000000000000000000000000000000D3
:101D100000000000000000000000000000000000C3
:101D200000000000000000000000000000000000B3
:101D300000000000000000000000000000000000A3
:101D40000000000000000000000000000000000093
:101D50000000000000000000000000000000000083
:101D60000000000000000000000000000000000073
:101D70000000000000000000000000000000000063
:101D80000000000000000000000000000000000053
:101D90000000000000000000000000000000000043
:101DA0000000000000000000000000000000000033
:101DB0000000000000000000000000000000000023
:101DC0000000000000000000000000000000000013
:101DD0000000000000000000000000000000000003
:101DE00000000000000000000000000000000000F3
:101DF00000000000000000000000000000000000E3
:101E000000000000000000000000000000000000D2
:101E100000000000000000000000000000000000C2
:101E200000000000000000000000000000000000B2
:101E300000000000000000000000000000000000A2
:101E40000000000000000000000000000000000092
:101E50000000000000000000000000000000000082
:101E60000000000000000000000000000000000072
:101E70000000000000000000000000000000000062
:101E80000000000000000000000000000000000052
:101E90000000000000000000000000000000000042
:101EA0000000000000000000000000000000000032
:101EB0000000000000000000000000000000000022
:101EC0000000000000000000000000000000000012
:101ED0000000000000000000000000000000000002
:101EE00000000000000000000000000000000000F2
:101EF00000000000000000000000000000000000E2
:101F000000000000000000000000000000000000D1
:101F100000000000000000000000000000000000C1
:101F200000000000000000000000000000000000B1
:101F300000000000000000000000000000000000A1
:101F40000000000000000000000000000000000091
:101F50000000000000000000000000000000000081
:101F60000000000000000000000000000000000071
:101F70000000000000000000000000000000000061
:101F80000000000000000000000000000000000051
:101F90000000000000000000000000000000000041
:101FA0000000000000000000000000000000000031
:101FB0000000000000000000000000000000000021
:101FC0000000000000000000000000000000000011
:101FD0000000000000000000000000000000000001
:101FE00000000000000000000000000000000000F1
:101FF00000000000000000000000000000000000E1
:1020000000000000000000000000000000000000D0
:1020100000000000000000000000000000000000C0
:1020200000000000000000000000000000000000B0
:1020300000000000000000000000000000000000A0
:102040000000000000000000000000000000000090
:102050000000000000000000000000000000000080
:102060000000000000000000000000000000000070
:102070000000000000000000000000000000000060
:102080000000000000000000000000000000000050
:102090000000000000000000000000000000000040
:1020A0000000000000000000000000000000000030
:1020B0000000000000000000000000000000000020
:1020C0000000000000000000000000000000000010
:1020D0000000000000000000000000000000000000
:1020E00000000000000000000000000000000000F0
:1020F00000000000000000000000000000000000E0
:1021000000000000000000000000000000000000CF
:1021100000000000000000000000000000000000BF
:1021200000000000000000000000000000000000AF
:10213000000000000000000000000000000000009F
:10214000000000000000000000000000000000008F
:10215000000000000000000000000000000000007F
:10216000000000000000000000000000000000006F
:10217000000000000000000000000000000000005F
:10218000000000000000000000000000000000004F
:10219000000000000000000000000000000000003F
:1021A000000000000000000000000000000000002F
:1021B000000000000000000000000000000000001F
:1021C000000000000000000000000000000000000F
:1021D00000000000000000000000000000000000FF
:1021E00000000000000000000000000000000000EF
:1021F00000000000000000000000000000000000DF
:1022000000000000000000000000000000000000CE
:1022100000000000000000000000000000000000BE
:1022200000000000000000000000000000000000AE
:10223000000000000000000000000000000000009E
:10224000000000000000000000000000000000008E
:10225000000000000000000000000000000000007E
:10226000000000000000000000000000000000006E
:10227000000000000000000000000000000000005E
:10228000000000000000000000000000000000004E
:10229000000000000000000000000000000000003E
:1022A000000000000000000000000000000000002E
:1022B000000000000000000000000000000000001E
:1022C000000000000000000000000000000000000E
:1022D00000000000000000000000000000000000FE
:1022E00000000000000000000000000000000000EE
:1022F00000000000000000000000000000000000DE
:1023000000000000000000000000000000000000CD
:1023100000000000000000000000000000000000BD
:1023200000000000000000000000000000000000AD
:10233000000000000000000000000000000000009D
:10234000000000000000000000000000000000008D
:10235000000000000000000000000000000000007D
:10236000000000000000000000000000000000006D
:10237000000000000000000000000000000000005D
:10238000000000000000000000000000000000004D
:10239000000000000000000000000000000000003D
:1023A000000000000000000000000000000000002D
:1023B000000000000000000000000000000000001D
:1023C000000000000000000000000000000000000D
:1023D00000000000000000000000000000000000FD
:1023E00000000000000000000000000000000000ED
:1023F00000000000000000000000000000000000DD
:1024000000000000000000000000000000000000CC
:1024100000000000000000000000000000000000BC
:1024200000000000000000000000000000000000AC
:10243000000000000000000000000000000000009C
:10244000000000000000000000000000000000008C
:10245000000000000000000000000000000000007C
:10246000000000000000000000000000000000006C
:10247000000000000000000000000000000000005C
:10248000000000000000000000000000000000004C
:10249000000000000000000000000000000000003C
:1024A000000000000000000000000000000000002C
:1024B000000000000000000000000000000000001C
:1024C000000000000000000000000000000000000C
:1024D00000000000000000000000000000000000FC
:1024E00000000000000000000000000000000000EC
:1024F00000000000000000000000000000000000DC
:1025000000000000000000000000000000000000CB
:1025100000000000000000000000000000000000BB
:1025200000000000000000000000000000000000AB
:10253000000000000000000000000000000000009B
:10254000000000000000000000000000000000008B
:10255000000000000000000000000000000000007B
:10256000000000000000000000000000000000006B
:10257000000000000000000000000000000000005B
:10258000000000000000000000000000000000004B
:10259000000000000000000000000000000000003B
:1025A000000000000000000000000000000000002B
:1025B000000000000000000000000000000000001B
:1025C000000000000000000000000000000000000B
:1025D00000000000000000000000000000000000FB
:1025E00000000000000000000000000000000000EB
:1025F00000000000000000000000000000000000DB
:1026000000000000000000000000000000000000CA
:1026100000000000000000000000000000000000BA
:1026200000000000000000000000000000000000AA
:10263000000000000000000000000000000000009A
:10264000000000000000000000000000000000008A
:10265000000000000000000000000000000000007A
:10266000000000000000000000000000000000006A
:10267000000000000000000000000000000000005A
:10268000000000000000000000000000000000004A
:10269000000000000000000000000000000000003A
:1026A000000000000000000000000000000000002A
:1026B000000000000000000000000000000000001A
:1026C000000000000000000000000000000000000A
:1026D00000000000000000000000000000000000FA
:1026E00000000000000000000000000000000000EA
:1026F00000000000000000000000000000000000DA
:1027000000000000000000000000000000000000C9
:1027100000000000000000000000000000000000B9
:1027200000000000000000000000000000000000A9
:102730000000000000000000000000000000000099
:102740000000000000000000000000000000000089
:102750000000000000000000000000000000000079
:102760000000000000000000000000000000000069
:102770000000000000000000000000000000000059
:102780000000000000000000000000000000000049
:102790000000000000000000000000000000000039
:1027A0000000000000000000000000000000000029
:1027B0000000000000000000000000000000000019
:1027C0000000000000000000000000000000000009
:1027D00000000000000000000000000000000000F9
:1027E00000000000000000000000000000000000E9
:1027F00000000000000000000000000000000000D9
:1028000000000000000000000000000000000000C8
:1028100000000000000000000000000000000000B8
:1028200000000000000000000000000000000000A8
:102830000000000000000000000000000000000098
:102840000000000000000000000000000000000088
:102850000000000000000000000000000000000078
:102860000000000000000000000000000000000068
:102870000000000000000000000000000000000058
:102880000000000000000000000000000000000048
:102890000000000000000000000000000000000038
:1028A0000000000000000000000000000000000028
:1028B0000000000000000000000000000000000018
:1028C0000000000000000000000000000000000008
:1028D00000000000000000000000000000000000F8
:1028E00000000000000000000000000000000000E8
:1028F00000000000000000000000000000000000D8
:1029000000000000000000000000000000000000C7
:1029100000000000000000000000000000000000B7
:1029200000000000000000000000000000000000A7
:102930000000000000000000000000000000000097
:102940000000000000000000000000000000000087
:102950000000000000000000000000000000000077
:102960000000000000000000000000000000000067
:102970000000000000000000000000000000000057
:102980000000000000000000000000000000000047
:102990000000000000000000000000000000000037
:1029A0000000000000000000000000000000000027
:1029B0000000000000000000000000000000000017
:1029C0000000000000000000000000000000000007
:1029D00000000000000000000000000000000000F7
:1029E00000000000000000000000000000000000E7
:1029F00000000000000000000000000000000000D7
:102A000000000000000000000000000000000000C6
:102A100000000000000000000000000000000000B6
:102A200000000000000000000000000000000000A6
:102A30000000000000000000000000000000000096
:102A40000000000000000000000000000000000086
:102A50000000000000000000000000000000000076
:102A60000000000000000000000000000000000066
:102A70000000000000000000000000000000000056
:102A80000000000000000000000000000000000046
:102A90000000000000000000000000000000000036
:102AA0000000000000000000000000000000000026
:102AB0000000000000000000000000000000000016
:102AC0000000000000000000000000000000000006
:102AD00000000000000000000000000000000000F6
:102AE00000000000000000000000000000000000E6
:102AF00000000000000000000000000000000000D6
:102B000000000000000000000000000000000000C5
:102B100000000000000000000000000000000000B5
:102B200000000000000000000000000000000000A5
:102B30000000000000000000000000000000000095
:102B40000000000000000000000000000000000085
:102B50000000000000000000000000000000000075
:102B60000000000000000000000000000000000065
:102B70000000000000000000000000000000000055
:102B80000000000000000000000000000000000045
:102B90000000000000000000000000000000000035
:102BA0000000000000000000000000000000000025
:102BB0000000000000000000000000000000000015
:102BC0000000000000000000000000000000000005
:102BD00000000000000000000000000000000000F5
:102BE00000000000000000000000000000000000E5
:102BF00000000000000000000000000000000000D5
:102C000000000000000000000000000000000000C4
:102C100000000000000000000000000000000000B4
:102C200000000000000000000000000000000000A4
:102C30000000000000000000000000000000000094
:102C40000000000000000000000000000000000084
:102C50000000000000000000000000000000000074
:102C60000000000000000000000000000000000064
:102C70000000000000000000000000000000000054
:102C80000000000000000000000000000000000044
:102C90000000000000000000000000000000000034
:102CA0000000000000000000000000000000000024
:102CB0000000000000000000000000000000000014
:102CC0000000000000000000000000000000000004
:102CD00000000000000000000000000000000000F4
:102CE00000000000000000000000000000000000E4
:102CF00000000000000000000000000000000000D4
:102D000000000000000000000000000000000000C3
:102D100000000000000000000000000000000000B3
:102D200000000000000000000000000000000000A3
:102D30000000000000000000000000000000000093
:102D40000000000000000000000000000000000083
:102D50000000000000000000000000000000000073
:102D60000000000000000000000000000000000063
:102D70000000000000000000000000000000000053
:102D80000000000000000000000000000000000043
:102D90000000000000000000000000000000000033
:102DA0000000000000000000000000000000000023
:102DB0000000000000000000000000000000000013
:102DC0000000000000000000000000000000000003
:102DD00000000000000000000000000000000000F3
:102DE00000000000000000000000000000000000E3
:102DF00000000000000000000000000000000000D3
:102E000000000000000000000000000000000000C2
:102E100000000000000000000000000000000000B2
:102E200000000000000000000000000000000000A2
:102E30000000000000000000000000000000000092
:102E40000000000000000000000000000000000082
:102E50000000000000000000000000000000000072
:102E60000000000000000000000000000000000062
:102E70000000000000000000000000000000000052
:102E80000000000000000000000000000000000042
:102E90000000000000000000000000000000000032
:102EA0000000000000000000000000000000000022
:102EB0000000000000000000000000000000000012
:102EC0000000000000000000000000000000000002
:102ED00000000000000000000000000000000000F2
:102EE00000000000000000000000000000000000E2
:102EF00000000000000000000000000000000000D2
:102F000000000000000000000000000000000000C1
:102F100000000000000000000000000000000000B1
:102F200000000000000000000000000000000000A1
:102F30000000000000000000000000000000000091
:102F40000000000000000000000000000000000081
:102F50000000000000000000000000000000000071
:102F60000000000000000000000000000000000061
:102F70000000000000000000000000000000000051
:102F80000000000000000000000000000000000041
:102F90000000000000000000000000000000000031
:102FA0000000000000000000000000000000000021
:102FB0000000000000000000000000000000000011
:102FC0000000000000000000000000000000000001
:102FD00000000000000000000000000000000000F1
:102FE00000000000000000000000000000000000E1
:102FF00000000000000000000000000000000000D1
:1030000000000000000000000000000000000000C0
:1030100000000000000000000000000000000000B0
:1030200000000000000000000000000000000000A0
:103030000000000000000000000000000000000090
:103040000000000000000000000000000000000080
:103050000000000000000000000000000000000070
:103060000000000000000000000000000000000060
:103070000000000000000000000000000000000050
:103080000000000000000000000000000000000040
:103090000000000000000000000000000000000030
:1030A0000000000000000000000000000000000020
:1030B0000000000000000000000000000000000010
:1030C0000000000000000000000000000000000000
:1030D00000000000000000000000000000000000F0
:1030E00000000000000000000000000000000000E0
:1030F00000000000000000000000000000000000D0
:1031000000000000000000000000000000000000BF
:1031100000000000000000000000000000000000AF
:10312000000000000000000000000000000000009F
:10313000000000000000000000000000000000008F
:10314000000000000000000000000000000000007F
:10315000000000000000000000000000000000006F
:10316000000000000000000000000000000000005F
:10317000000000000000000000000000000000004F
:10318000000000000000000000000000000000003F
:10319000000000000000000000000000000000002F
:1031A000000000000000000000000000000000001F
:1031B000000000000000000000000000000000000F
:1031C00000000000000000000000000000000000FF
:1031D00000000000000000000000000000000000EF
:1031E00000000000000000000000000000000000DF
:1031F00000000000000000000000000000000000CF
:1032000000000000000000000000000000000000BE
:1032100000000000000000000000000000000000AE
:10322000000000000000000000000000000000009E
:10323000000000000000000000000000000000008E
:10324000000000000000000000000000000000007E
:10325000000000000000000000000000000000006E
:10326000000000000000000000000000000000005E
:10327000000000000000000000000000000000004E
:10328000000000000000000000000000000000003E
:10329000000000000000000000000000000000002E
:1032A000000000000000000000000000000000001E
:1032B000000000000000000000000000000000000E
:1032C00000000000000000000000000000000000FE
:1032D00000000000000000000000000000000000EE
:1032E00000000000000000000000000000000000DE
:1032F00000000000000000000000000000000000CE
:1033000000000000000000000000000000000000BD
:1033100000000000000000000000000000000000AD
:10332000000000000000000000000000000000009D
:10333000000000000000000000000000000000008D
:10334000000000000000000000000000000000007D
:10335000000000000000000000000000000000006D
:10336000000000000000000000000000000000005D
:10337000000000000000000000000000000000004D
:10338000000000000000000000000000000000003D
:10339000000000000000000000000000000000002D
:1033A000000000000000000000000000000000001D
:1033B000000000000000000000000000000000000D
:1033C00000000000000000000000000000000000FD
:1033D00000000000000000000000000000000000ED
:1033E00000000000000000000000000000000000DD
:1033F00000000000000000000000000000000000CD
:1034000000000000000000000000000000000000BC
:1034100000000000000000000000000000000000AC
:10342000000000000000000000000000000000009C
:10343000000000000000000000000000000000008C
:10344000000000000000000000000000000000007C
:10345000000000000000000000000000000000006C
:10346000000000000000000000000000000000005C
:10347000000000000000000000000000000000004C
:10348000000000000000000000000000000000003C
:10349000000000000000000000000000000000002C
:1034A000000000000000000000000000000000001C
:1034B000000000000000000000000000000000000C
:1034C00000000000000000000000000000000000FC
:1034D00000000000000000000000000000000000EC
:1034E00000000000000000000000000000000000DC
:1034F00000000000000000000000000000000000CC
:1035000000000000000000000000000000000000BB
:1035100000000000000000000000000000000000AB
:10352000000000000000000000000000000000009B
:10353000000000000000000000000000000000008B
:10354000000000000000000000000000000000007B
:10355000000000000000000000000000000000006B
:10356000000000000000000000000000000000005B
:10357000000000000000000000000000000000004B
:10358000000000000000000000000000000000003B
:10359000000000000000000000000000000000002B
:1035A000000000000000000000000000000000001B
:1035B000000000000000000000000000000000000B
:1035C00000000000000000000000000000000000FB
:1035D00000000000000000000000000000000000EB
:1035E00000000000000000000000000000000000DB
:1035F00000000000000000000000000000000000CB
:1036000000000000000000000000000000000000BA
:1036100000000000000000000000000000000000AA
:10362000000000000000000000000000000000009A
:10363000000000000000000000000000000000008A
:10364000000000000000000000000000000000007A
:10365000000000000000000000000000000000006A
:10366000000000000000000000000000000000005A
:10367000000000000000000000000000000000004A
:10368000000000000000000000000000000000003A
:10369000000000000000000000000000000000002A
:1036A000000000000000000000000000000000001A
:1036B000000000000000000000000000000000000A
:1036C00000000000000000000000000000000000FA
:1036D00000000000000000000000000000000000EA
:1036E00000000000000000000000000000000000DA
:1036F00000000000000000000000000000000000CA
:1037000000000000000000000000000000000000B9
:1037100000000000000000000000000000000000A9
:103720000000000000000000000000000000000099
:103730000000000000000000000000000000000089
:103740000000000000000000000000000000000079
:103750000000000000000000000000000000000069
:103760000000000000000000000000000000000059
:103770000000000000000000000000000000000049
:103780000000000000000000000000000000000039
:103790000000000000000000000000000000000029
:1037A0000000000000000000000000000000000019
:1037B0000000000000000000000000000000000009
:1037C00000000000000000000000000000000000F9
:1037D00000000000000000000000000000000000E9
:1037E00000000000000000000000000000000000D9
:1037F00000000000000000000000000000000000C9
:1038000000000000000000000000000000000000B8
:1038100000000000000000000000000000000000A8
:103820000000000000000000000000000000000098
:103830000000000000000000000000000000000088
:103840000000000000000000000000000000000078
:103850000000000000000000000000000000000068
:103860000000000000000000000000000000000058
:103870000000000000000000000000000000000048
:103880000000000000000000000000000000000038
:103890000000000000000000000000000000000028
:1038A0000000000000000000000000000000000018
:1038B0000000000000000000000000000000000008
:1038C00000000000000000000000000000000000F8
:1038D00000000000000000000000000000000000E8
:1038E00000000000000000000000000000000000D8
:1038F00000000000000000000000000000000000C8
:1039000000000000000000000000000000000000B7
:1039100000000000000000000000000000000000A7
:103920000000000000000000000000000000000097
:103930000000000000000000000000000000000087
:103940000000000000000000000000000000000077
:103950000000000000000000000000000000000067
:103960000000000000000000000000000000000057
:103970000000000000000000000000000000000047
:103980000000000000000000000000000000000037
:103990000000000000000000000000000000000027
:1039A0000000000000000000000000000000000017
:1039B0000000000000000000000000000000000007
:1039C00000000000000000000000000000000000F7
:1039D00000000000000000000000000000000000E7
:1039E00000000000000000000000000000000000D7
:1039F00000000000000000000000000000000000C7
:103A000000000000000000000000000000000000B6
:103A100000000000000000000000000000000000A6
:103A20000000000000000000000000000000000096
:103A30000000000000000000000000000000000086
:103A40000000000000000000000000000000000076
:103A50000000000000000000000000000000000066
:103A60000000000000000000000000000000000056
:103A70000000000000000000000000000000000046
:103A80000000000000000000000000000000000036
:103A90000000000000000000000000000000000026
:103AA0000000000000000000000000000000000016
:103AB0000000000000000000000000000000000006
:103AC00000000000000000000000000000000000F6
:103AD00000000000000000000000000000000000E6
:103AE00000000000000000000000000000000000D6
:103AF00000000000000000000000000000000000C6
:103B000000000000000000000000000000000000B5
:103B100000000000000000000000000000000000A5
:103B20000000000000000000000000000000000095
:103B30000000000000000000000000000000000085
:103B40000000000000000000000000000000000075
:103B50000000000000000000000000000000000065
:103B60000000000000000000000000000000000055
:103B70000000000000000000000000000000000045
:103B80000000000000000000000000000000000035
:103B90000000000000000000000000000000000025
:103BA0000000000000000000000000000000000015
:103BB0000000000000000000000000000000000005
:103BC00000000000000000000000000000000000F5
:103BD00000000000000000000000000000000000E5
:103BE00000000000000000000000000000000000D5
:103BF00000000000000000000000000000000000C5
:103C000000000000000000000000000000000000B4
:103C100000000000000000000000000000000000A4
:103C20000000000000000000000000000000000094
:103C30000000000000000000000000000000000084
:103C40000000000000000000000000000000000074
:103C50000000000000000000000000000000000064
:103C60000000000000000000000000000000000054
:103C70000000000000000000000000000000000044
:103C80000000000000000000000000000000000034
:103C90000000000000000000000000000000000024
:103CA0000000000000000000000000000000000014
:103CB0000000000000000000000000000000000004
:103CC00000000000000000000000000000000000F4
:103CD00000000000000000000000000000000000E4
:103CE00000000000000000000000000000000000D4
:103CF00000000000000000000000000000000000C4
:103D000000000000000000000000000000000000B3
:103D100000000000000000000000000000000000A3
:103D20000000000000000000000000000000000093
:103D30000000000000000000000000000000000083
:103D40000000000000000000000000000000000073
:103D50000000000000000000000000000000000063
:103D60000000000000000000000000000000000053
:103D70000000000000000000000000000000000043
:103D80000000000000000000000000000000000033
:103D90000000000000000000000000000000000023
:103DA0000000000000000000000000000000000013
:103DB0000000000000000000000000000000000003
:103DC00000000000000000000000000000000000F3
:103DD00000000000000000000000000000000000E3
:103DE00000000000000000000000000000000000D3
:103DF00000000000000000000000000000000000C3
:103E000000000000000000000000000000000000B2
:103E100000000000000000000000000000000000A2
:103E20000000000000000000000000000000000092
:103E30000000000000000000000000000000000082
:103E40000000000000000000000000000000000072
:103E50000000000000000000000000000000000062
:103E60000000000000000000000000000000000052
:103E70000000000000000000000000000000000042
:103E80000000000000000000000000000000000032
:103E90000000000000000000000000000000000022
:103EA0000000000000000000000000000000000012
:103EB0000000000000000000000000000000000002
:103EC00000000000000000000000000000000000F2
:103ED00000000000000000000000000000000000E2
:103EE00000000000000000000000000000000000D2
:103EF00000000000000000000000000000000000C2
:103F000000000000000000000000000000000000B1
:103F100000000000000000000000000000000000A1
:103F20000000000000000000000000000000000091
:103F30000000000000000000000000000000000081
:103F40000000000000000000000000000000000071
:103F50000000000000000000000000000000000061
:103F60000000000000000000000000000000000051
:103F70000000000000000000000000000000000041
:103F80000000000000000000000000000000000031
:103F90000000000000000000000000000000000021
:103FA0000000000000000000000000000000000011
:103FB0000000000000000000000000000000000001
:103FC00000000000000000000000000000000000F1
:103FD00000000000000000000000000000000000E1
:103FE00000000000000000000000000000000000D1
:103FF00000000000000000000000000000000000C1
:1040000000000000000000000000000000000000B0
:1040100000000000000000000000000000000000A0
:104020000000000000000000000000000000000090
:104030000000000000000000000000000000000080
:104040000000000000000000000000000000000070
:104050000000000000000000000000000000000060
:104060000000000000000000000000000000000050
:104070000000000000000000000000000000000040
:104080000000000000000000000000000000000030
:104090000000000000000000000000000000000020
:1040A0000000000000000000000000000000000010
:1040B0000000000000000000000000000000000000
:1040C00000000000000000000000000000000000F0
:1040D00000000000000000000000000000000000E0
:1040E00000000000000000000000000000000000D0
:1040F00000000000000000000000000000000000C0
:1041000000000000000000000000000000000000AF
:10411000000000000000000000000000000000009F
:10412000000000000000000000000000000000008F
:10413000000000000000000000000000000000007F
:10414000000000000000000000000000000000006F
:10415000000000000000000000000000000000005F
:10416000000000000000000000000000000000004F
:10417000000000000000000000000000000000003F
:10418000000000000000000000000000000000002F
:10419000000000000000000000000000000000001F
:1041A000000000000000000000000000000000000F
:1041B00000000000000000000000000000000000FF
:1041C00000000000000000000000000000000000EF
:1041D00000000000000000000000000000000000DF
:1041E00000000000000000000000000000000000CF
:1041F00000000000000000000000000000000000BF
:1042000000000000000000000000000000000000AE
:10421000000000000000000000000000000000009E
:10422000000000000000000000000000000000008E
:10423000000000000000000000000000000000007E
:10424000000000000000000000000000000000006E
:10425000000000000000000000000000000000005E
:10426000000000000000000000000000000000004E
:10427000000000000000000000000000000000003E
:10428000000000000000000000000000000000002E
:10429000000000000000000000000000000000001E
:1042A000000000000000000000000000000000000E
:1042B00000000000000000000000000000000000FE
:1042C00000000000000000000000000000000000EE
:1042D00000000000000000000000000000000000DE
:1042E00000000000000000000000000000000000CE
:1042F00000000000000000000000000000000000BE
:1043000000000000000000000000000000000000AD
:10431000000000000000000000000000000000009D
:10432000000000000000000000000000000000008D
:10433000000000000000000000000000000000007D
:10434000000000000000000000000000000000006D
:10435000000000000000000000000000000000005D
:10436000000000000000000000000000000000004D
:10437000000000000000000000000000000000003D
:10438000000000000000000000000000000000002D
:10439000000000000000000000000000000000001D
:1043A000000000000000000000000000000000000D
:1043B00000000000000000000000000000000000FD
:1043C00000000000000000000000000000000000ED
:1043D00000000000000000000000000000000000DD
:1043E00000000000000000000000000000000000CD
:1043F00000000000000000000000000000000000BD
:1044000000000000000000000000000000000000AC
:10441000000000000000000000000000000000009C
:10442000000000000000000000000000000000008C
:10443000000000000000000000000000000000007C
:10444000000000000000000000000000000000006C
:10445000000000000000000000000000000000005C
:10446000000000000000000000000000000000004C
:10447000000000000000000000000000000000003C
:10448000000000000000000000000000000000002C
:10449000000000000000000000000000000000001C
:1044A000000000000000000000000000000000000C
:1044B00000000000000000000000000000000000FC
:1044C00000000000000000000000000000000000EC
:1044D00000000000000000000000000000000000DC
:1044E00000000000000000000000000000000000CC
:1044F00000000000000000000000000000000000BC
:1045000000000000000000000000000000000000AB
:10451000000000000000000000000000000000009B
:10452000000000000000000000000000000000008B
:10453000000000000000000000000000000000007B
:10454000000000000000000000000000000000006B
:10455000000000000000000000000000000000005B
:10456000000000000000000000000000000000004B
:10457000000000000000000000000000000000003B
:10458000000000000000000000000000000000002B
:10459000000000000000000000000000000000001B
:1045A000000000000000000000000000000000000B
:1045B00000000000000000000000000000000000FB
:1045C00000000000000000000000000000000000EB
:1045D00000000000000000000000000000000000DB
:1045E00000000000000000000000000000000000CB
:1045F00000000000000000000000000000000000BB
:1046000000000000000000000000000000000000AA
:10461000000000000000000000000000000000009A
:10462000000000000000000000000000000000008A
:10463000000000000000000000000000000000007A
:10464000000000000000000000000000000000006A
:10465000000000000000000000000000000000005A
:10466000000000000000000000000000000000004A
:10467000000000000000000000000000000000003A
:10468000000000000000000000000000000000002A
:10469000000000000000000000000000000000001A
:1046A000000000000000000000000000000000000A
:1046B00000000000000000000000000000000000FA
:1046C00000000000000000000000000000000000EA
:1046D00000000000000000000000000000000000DA
:1046E00000000000000000000000000000000000CA
:1046F00000000000000000000000000000000000BA
:1047000000000000000000000000000000000000A9
:104710000000000000000000000000000000000099
:104720000000000000000000000000000000000089
:104730000000000000000000000000000000000079
:104740000000000000000000000000000000000069
:104750000000000000000000000000000000000059
:104760000000000000000000000000000000000049
:104770000000000000000000000000000000000039
:104780000000000000000000000000000000000029
:104790000000000000000000000000000000000019
:1047A0000000000000000000000000000000000009
:1047B00000000000000000000000000000000000F9
:1047C00000000000000000000000000000000000E9
:1047D00000000000000000000000000000000000D9
:1047E00000000000000000000000000000000000C9
:1047F00000000000000000000000000000000000B9
:1048000000000000000000000000000000000000A8
:104810000000000000000000000000000000000098
:104820000000000000000000000000000000000088
:104830000000000000000000000000000000000078
:104840000000000000000000000000000000000068
:104850000000000000000000000000000000000058
:104860000000000000000000000000000000000048
:104870000000000000000000000000000000000038
:104880000000000000000000000000000000000028
:104890000000000000000000000000000000000018
:1048A0000000000000000000000000000000000008
:1048B00000000000000000000000000000000000F8
:1048C00000000000000000000000000000000000E8
:1048D00000000000000000000000000000000000D8
:1048E00000000000000000000000000000000000C8
:1048F00000000000000000000000000000000000B8
:1049000000000000000000000000000000000000A7
:104910000000000000000000000000000000000097
:104920000000000000000000000000000000000087
:104930000000000000000000000000000000000077
:104940000000000000000000000000000000000067
:104950000000000000000000000000000000000057
:104960000000000000000000000000000000000047
:104970000000000000000000000000000000000037
:104980000000000000000000000000000000000027
:104990000000000000000000000000000000000017
:1049A0000000000000000000000000000000000007
:1049B00000000000000000000000000000000000F7
:1049C00000000000000000000000000000000000E7
:1049D00000000000000000000000000000000000D7
:1049E00000000000000000000000000000000000C7
:1049F00000000000000000000000000000000000B7
:104A000000000000000000000000000000000000A6
:104A10000000000000000000000000000000000096
:104A20000000000000000000000000000000000086
:104A30000000000000000000000000000000000076
:104A40000000000000000000000000000000000066
:104A50000000000000000000000000000000000056
:104A60000000000000000000000000000000000046
:104A70000000000000000000000000000000000036
:104A80000000000000000000000000000000000026
:104A90000000000000000000000000000000000016
:104AA0000000000000000000000000000000000006
:104AB00000000000000000000000000000000000F6
:104AC00000000000000000000000000000000000E6
:104AD00000000000000000000000000000000000D6
:104AE00000000000000000000000000000000000C6
:104AF00000000000000000000000000000000000B6
:104B000000000000000000000000000000000000A5
:104B10000000000000000000000000000000000095
:104B20000000000000000000000000000000000085
:104B30000000000000000000000000000000000075
:104B40000000000000000000000000000000000065
:104B50000000000000000000000000000000000055
:104B60000000000000000000000000000000000045
:104B70000000000000000000000000000000000035
:104B80000000000000000000000000000000000025
:104B90000000000000000000000000000000000015
:104BA0000000000000000000000000000000000005
:104BB00000000000000000000000000000000000F5
:104BC00000000000000000000000000000000000E5
:104BD00000000000000000000000000000000000D5
:104BE00000000000000000000000000000000000C5
:104BF00000000000000000000000000000000000B5
:104C000000000000000000000000000000000000A4
:104C10000000000000000000000000000000000094
:104C20000000000000000000000000000000000084
:104C30000000000000000000000000000000000074
:104C40000000000000000000000000000000000064
:104C50000000000000000000000000000000000054
:104C60000000000000000000000000000000000044
:104C70000000000000000000000000000000000034
:104C80000000000000000000000000000000000024
:104C90000000000000000000000000000000000014
:104CA0000000000000000000000000000000000004
:104CB00000000000000000000000000000000000F4
:104CC00000000000000000000000000000000000E4
:104CD00000000000000000000000000000000000D4
:104CE00000000000000000000000000000000000C4
:104CF00000000000000000000000000000000000B4
:104D000000000000000000000000000000000000A3
:104D10000000000000000000000000000000000093
:104D20000000000000000000000000000000000083
:104D30000000000000000000000000000000000073
:104D40000000000000000000000000000000000063
:104D50000000000000000000000000000000000053
:104D60000000000000000000000000000000000043
:104D70000000000000000000000000000000000033
:104D80000000000000000000000000000000000023
:104D90000000000000000000000000000000000013
:104DA0000000000000000000000000000000000003
:104DB00000000000000000000000000000000000F3
:104DC00000000000000000000000000000000000E3
:104DD00000000000000000000000000000000000D3
:104DE00000000000000000000000000000000000C3
:104DF00000000000000000000000000000000000B3
:104E000000000000000000000000000000000000A2
:104E10000000000000000000000000000000000092
:104E20000000000000000000000000000000000082
:104E30000000000000000000000000000000000072
:104E40000000000000000000000000000000000062
:104E50000000000000000000000000000000000052
:104E60000000000000000000000000000000000042
:104E70000000000000000000000000000000000032
:104E80000000000000000000000000000000000022
:104E90000000000000000000000000000000000012
:104EA0000000000000000000000000000000000002
:104EB00000000000000000000000000000000000F2
:104EC00000000000000000000000000000000000E2
:104ED00000000000000000000000000000000000D2
:104EE00000000000000000000000000000000000C2
:104EF00000000000000000000000000000000000B2
:104F000000000000000000000000000000000000A1
:104F10000000000000000000000000000000000091
:104F20000000000000000000000000000000000081
:104F30000000000000000000000000000000000071
:104F40000000000000000000000000000000000061
:104F50000000000000000000000000000000000051
:104F60000000000000000000000000000000000041
:104F70000000000000000000000000000000000031
:104F80000000000000000000000000000000000021
:104F90000000000000000000000000000000000011
:104FA0000000000000000000000000000000000001
:104FB00000000000000000000000000000000000F1
:104FC00000000000000000000000000000000000E1
:104FD00000000000000000000000000000000000D1
:104FE00000000000000000000000000000000000C1
:104FF00000000000000000000000000000000000B1
:1050000000000000000000000000000000000000A0
:105010000000000000000000000000000000000090
:105020000000000000000000000000000000000080
:105030000000000000000000000000000000000070
:105040000000000000000000000000000000000060
:105050000000000000000000000000000000000050
:105060000000000000000000000000000000000040
:105070000000000000000000000000000000000030
:105080000000000000000000000000000000000020
:105090000000000000000000000000000000000010
:1050A0000000000000000000000000000000000000
:1050B00000000000000000000000000000000000F0
:1050C00000000000000000000000000000000000E0
:1050D00000000000000000000000000000000000D0
:1050E00000000000000000000000000000000000C0
:1050F00000000000000000000000000000000000B0
:10510000000000000000000000000000000000009F
:10511000000000000000000000000000000000008F
:10512000000000000000000000000000000000007F
:10513000000000000000000000000000000000006F
:10514000000000000000000000000000000000005F
:10515000000000000000000000000000000000004F
:10516000000000000000000000000000000000003F
:10517000000000000000000000000000000000002F
:10518000000000000000000000000000000000001F
:10519000000000000000000000000000000000000F
:1051A00000000000000000000000000000000000FF
:1051B00000000000000000000000000000000000EF
:1051C00000000000000000000000000000000000DF
:1051D00000000000000000000000000000000000CF
:1051E00000000000000000000000000000000000BF
:1051F00000000000000000000000000000000000AF
:10520000000000000000000000000000000000009E
:10521000000000000000000000000000000000008E
:10522000000000000000000000000000000000007E
:10523000000000000000000000000000000000006E
:10524000000000000000000000000000000000005E
:10525000000000000000000000000000000000004E
:10526000000000000000000000000000000000003E
:10527000000000000000000000000000000000002E
:10528000000000000000000000000000000000001E
:10529000000000000000000000000000000000000E
:1052A00000000000000000000000000000000000FE
:1052B00000000000000000000000000000000000EE
:1052C00000000000000000000000000000000000DE
:1052D00000000000000000000000000000000000CE
:1052E00000000000000000000000000000000000BE
:1052F00000000000000000000000000000000000AE
:10530000000000000000000000000000000000009D
:10531000000000000000000000000000000000008D
:10532000000000000000000000000000000000007D
:10533000000000000000000000000000000000006D
:10534000000000000000000000000000000000005D
:10535000000000000000000000000000000000004D
:10536000000000000000000000000000000000003D
:10537000000000000000000000000000000000002D
:10538000000000000000000000000000000000001D
:10539000000000000000000000000000000000000D
:1053A00000000000000000000000000000000000FD
:1053B00000000000000000000000000000000000ED
:1053C00000000000000000000000000000000000DD
:1053D00000000000000000000000000000000000CD
:1053E00000000000000000000000000000000000BD
:1053F00000000000000000000000000000000000AD
:10540000000000000000000000000000000000009C
:10541000000000000000000000000000000000008C
:10542000000000000000000000000000000000007C
:10543000000000000000000000000000000000006C
:10544000000000000000000000000000000000005C
:10545000000000000000000000000000000000004C
:10546000000000000000000000000000000000003C
:10547000000000000000000000000000000000002C
:10548000000000000000000000000000000000001C
:10549000000000000000000000000000000000000C
:1054A00000000000000000000000000000000000FC
:1054B00000000000000000000000000000000000EC
:1054C00000000000000000000000000000000000DC
:1054D00000000000000000000000000000000000CC
:1054E00000000000000000000000000000000000BC
:1054F00000000000000000000000000000000000AC
:10550000000000000000000000000000000000009B
:10551000000000000000000000000000000000008B
:10552000000000000000000000000000000000007B
:10553000000000000000000000000000000000006B
:10554000000000000000000000000000000000005B
:10555000000000000000000000000000000000004B
:10556000000000000000000000000000000000003B
:10557000000000000000000000000000000000002B
:10558000000000000000000000000000000000001B
:10559000000000000000000000000000000000000B
:1055A00000000000000000000000000000000000FB
:1055B00000000000000000000000000000000000EB
:1055C00000000000000000000000000000000000DB
:1055D00000000000000000000000000000000000CB
:1055E00000000000000000000000000000000000BB
:1055F00000000000000000000000000000000000AB
:10560000000000000000000000000000000000009A
:10561000000000000000000000000000000000008A
:10562000000000000000000000000000000000007A
:10563000000000000000000000000000000000006A
:10564000000000000000000000000000000000005A
:10565000000000000000000000000000000000004A
:10566000000000000000000000000000000000003A
:10567000000000000000000000000000000000002A
:10568000000000000000000000000000000000001A
:10569000000000000000000000000000000000000A
:1056A00000000000000000000000000000000000FA
:1056B00000000000000000000000000000000000EA
:1056C00000000000000000000000000000000000DA
:1056D00000000000000000000000000000000000CA
:1056E00000000000000000000000000000000000BA
:1056F00000000000000000000000000000000000AA
:105700000000000000000000000000000000000099
:105710000000000000000000000000000000000089
:105720000000000000000000000000000000000079
:105730000000000000000000000000000000000069
:105740000000000000000000000000000000000059
:105750000000000000000000000000000000000049
:105760000000000000000000000000000000000039
:105770000000000000000000000000000000000029
:105780000000000000000000000000000000000019
:105790000000000000000000000000000000000009
:1057A00000000000000000000000000000000000F9
:1057B00000000000000000000000000000000000E9
:1057C00000000000000000000000000000000000D9
:1057D00000000000000000000000000000000000C9
:1057E00000000000000000000000000000000000B9
:1057F00000000000000000000000000000000000A9
:105800000000000000000000000000000000000098
:105810000000000000000000000000000000000088
:105820000000000000000000000000000000000078
:105830000000000000000000000000000000000068
:105840000000000000000000000000000000000058
:105850000000000000000000000000000000000048
:105860000000000000000000000000000000000038
:105870000000000000000000000000000000000028
:105880000000000000000000000000000000000018
:105890000000000000000000000000000000000008
:1058A00000000000000000000000000000000000F8
:1058B00000000000000000000000000000000000E8
:1058C00000000000000000000000000000000000D8
:1058D00000000000000000000000000000000000C8
:1058E00000000000000000000000000000000000B8
:1058F00000000000000000000000000000000000A8
:105900000000000000000000000000000000000097
:105910000000000000000000000000000000000087
:105920000000000000000000000000000000000077
:105930000000000000000000000000000000000067
:105940000000000000000000000000000000000057
:105950000000000000000000000000000000000047
:105960000000000000000000000000000000000037
:105970000000000000000000000000000000000027
:105980000000000000000000000000000000000017
:105990000000000000000000000000000000000007
:1059A00000000000000000000000000000000000F7
:1059B00000000000000000000000000000000000E7
:1059C00000000000000000000000000000000000D7
:1059D00000000000000000000000000000000000C7
:1059E00000000000000000000000000000000000B7
:1059F00000000000000000000000000000000000A7
:105A00000000000000000000000000000000000096
:105A10000000000000000000000000000000000086
:105A20000000000000000000000000000000000076
:105A30000000000000000000000000000000000066
:105A40000000000000000000000000000000000056
:105A50000000000000000000000000000000000046
:105A60000000000000000000000000000000000036
:105A70000000000000000000000000000000000026
:105A80000000000000000000000000000000000016
:105A90000000000000000000000000000000000006
:105AA00000000000000000000000000000000000F6
:105AB00000000000000000000000000000000000E6
:105AC00000000000000000000000000000000000D6
:105AD00000000000000000000000000000000000C6
:105AE00000000000000000000000000000000000B6
:105AF00000000000000000000000000000000000A6
:105B00000000000000000000000000000000000095
:105B10000000000000000000000000000000000085
:105B20000000000000000000000000000000000075
:105B30000000000000000000000000000000000065
:105B40000000000000000000000000000000000055
:105B50000000000000000000000000000000000045
:105B60000000000000000000000000000000000035
:105B70000000000000000000000000000000000025
:105B80000000000000000000000000000000000015
:105B90000000000000000000000000000000000005
:105BA00000000000000000000000000000000000F5
:105BB00000000000000000000000000000000000E5
:105BC00000000000000000000000000000000000D5
:105BD00000000000000000000000000000000000C5
:105BE00000000000000000000000000000000000B5
:105BF00000000000000000000000000000000000A5
:105C00000000000000000000000000000000000094
:105C10000000000000000000000000000000000084
:105C20000000000000000000000000000000000074
:105C30000000000000000000000000000000000064
:105C40000000000000000000000000000000000054
:105C50000000000000000000000000000000000044
:105C60000000000000000000000000000000000034
:105C70000000000000000000000000000000000024
:105C80000000000000000000000000000000000014
:105C90000000000000000000000000000000000004
:105CA00000000000000000000000000000000000F4
:105CB00000000000000000000000000000000000E4
:105CC00000000000000000000000000000000000D4
:105CD00000000000000000000000000000000000C4
:105CE00000000000000000000000000000000000B4
:105CF00000000000000000000000000000000000A4
:105D00000000000000000000000000000000000093
:105D10000000000000000000000000000000000083
:105D20000000000000000000000000000000000073
:105D30000000000000000000000000000000000063
:105D40000000000000000000000000000000000053
:105D50000000000000000000000000000000000043
:105D60000000000000000000000000000000000033
:105D70000000000000000000000000000000000023
:105D80000000000000000000000000000000000013
:105D90000000000000000000000000000000000003
:105DA00000000000000000000000000000000000F3
:105DB00000000000000000000000000000000000E3
:105DC00000000000000000000000000000000000D3
:105DD00000000000000000000000000000000000C3
:105DE00000000000000000000000000000000000B3
:105DF00000000000000000000000000000000000A3
:105E00000000000000000000000000000000000092
:105E10000000000000000000000000000000000082
:105E20000000000000000000000000000000000072
:105E30000000000000000000000000000000000062
:105E40000000000000000000000000000000000052
:105E50000000000000000000000000000000000042
:105E60000000000000000000000000000000000032
:105E70000000000000000000000000000000000022
:105E80000000000000000000000000000000000012
:105E90000000000000000000000000000000000002
:105EA00000000000000000000000000000000000F2
:105EB00000000000000000000000000000000000E2
:105EC00000000000000000000000000000000000D2
:105ED00000000000000000000000000000000000C2
:105EE00000000000000000000000000000000000B2
:105EF00000000000000000000000000000000000A2
:105F00000000000000000000000000000000000091
:105F10000000000000000000000000000000000081
:105F20000000000000000000000000000000000071
:105F30000000000000000000000000000000000061
:105F40000000000000000000000000000000000051
:105F50000000000000000000000000000000000041
:105F60000000000000000000000000000000000031
:105F70000000000000000000000000000000000021
:105F80000000000000000000000000000000000011
:105F90000000000000000000000000000000000001
:105FA00000000000000000000000000000000000F1
:105FB00000000000000000000000000000000000E1
:105FC00000000000000000000000000000000000D1
:105FD00000000000000000000000000000000000C1
:105FE00000000000000000000000000000000000B1
:105FF00000000000000000000000000000000000A1
:106000000000000000000000000000000000000090
:106010000000000000000000000000000000000080
:106020000000000000000000000000000000000070
:106030000000000000000000000000000000000060
:106040000000000000000000000000000000000050
:106050000000000000000000000000000000000040
:106060000000000000000000000000000000000030
:106070000000000000000000000000000000000020
:106080000000000000000000000000000000000010
:106090000000000000000000000000000000000000
:1060A00000000000000000000000000000000000F0
:1060B00000000000000000000000000000000000E0
:1060C00000000000000000000000000000000000D0
:1060D00000000000000000000000000000000000C0
:1060E00000000000000000000000000000000000B0
:1060F00000000000000000000000000000000000A0
:10610000000000000000000000000000000000008F
:10611000000000000000000000000000000000007F
:10612000000000000000000000000000000000006F
:10613000000000000000000000000000000000005F
:10614000000000000000000000000000000000004F
:10615000000000000000000000000000000000003F
:10616000000000000000000000000000000000002F
:10617000000000000000000000000000000000001F
:10618000000000000000000000000000000000000F
:1061900000000000000000000000000000000000FF
:1061A00000000000000000000000000000000000EF
:1061B00000000000000000000000000000000000DF
:1061C00000000000000000000000000000000000CF
:1061D00000000000000000000000000000000000BF
:1061E00000000000000000000000000000000000AF
:1061F000000000000000000000000000000000009F
:10620000000000000000000000000000000000008E
:10621000000000000000000000000000000000007E
:10622000000000000000000000000000000000006E
:10623000000000000000000000000000000000005E
:10624000000000000000000000000000000000004E
:10625000000000000000000000000000000000003E
:10626000000000000000000000000000000000002E
:10627000000000000000000000000000000000001E
:10628000000000000000000000000000000000000E
:1062900000000000000000000000000000000000FE
:1062A00000000000000000000000000000000000EE
:1062B00000000000000000000000000000000000DE
:1062C00000000000000000000000000000000000CE
:1062D00000000000000000000000000000000000BE
:1062E00000000000000000000000000000000000AE
:1062F000000000000000000000000000000000009E
:10630000000000000000000000000000000000008D
:10631000000000000000000000000000000000007D
:10632000000000000000000000000000000000006D
:10633000000000000000000000000000000000005D
:10634000000000000000000000000000000000004D
:10635000000000000000000000000000000000003D
:10636000000000000000000000000000000000002D
:10637000000000000000000000000000000000001D
:10638000000000000000000000000000000000000D
:1063900000000000000000000000000000000000FD
:1063A00000000000000000000000000000000000ED
:1063B00000000000000000000000000000000000DD
:1063C00000000000000000000000000000000000CD
:1063D00000000000000000000000000000000000BD
:1063E00000000000000000000000000000000000AD
:1063F000000000000000000000000000000000009D
:10640000000000000000000000000000000000008C
:10641000000000000000000000000000000000007C
:10642000000000000000000000000000000000006C
:10643000000000000000000000000000000000005C
:10644000000000000000000000000000000000004C
:10645000000000000000000000000000000000003C
:10646000000000000000000000000000000000002C
:10647000000000000000000000000000000000001C
:10648000000000000000000000000000000000000C
:1064900000000000000000000000000000000000FC
:1064A00000000000000000000000000000000000EC
:1064B00000000000000000000000000000000000DC
:1064C00000000000000000000000000000000000CC
:1064D00000000000000000000000000000000000BC
:1064E00000000000000000000000000000000000AC
:1064F000000000000000000000000000000000009C
:10650000000000000000000000000000000000008B
:10651000000000000000000000000000000000007B
:10652000000000000000000000000000000000006B
:10653000000000000000000000000000000000005B
:10654000000000000000000000000000000000004B
:10655000000000000000000000000000000000003B
:10656000000000000000000000000000000000002B
:10657000000000000000000000000000000000001B
:10658000000000000000000000000000000000000B
:1065900000000000000000000000000000000000FB
:1065A00000000000000000000000000000000000EB
:1065B00000000000000000000000000000000000DB
:1065C00000000000000000000000000000000000CB
:1065D00000000000000000000000000000000000BB
:1065E00000000000000000000000000000000000AB
:1065F000000000000000000000000000000000009B
:10660000000000000000000000000000000000008A
:10661000000000000000000000000000000000007A
:10662000000000000000000000000000000000006A
:10663000000000000000000000000000000000005A
:10664000000000000000000000000000000000004A
:10665000000000000000000000000000000000003A
:10666000000000000000000000000000000000002A
:10667000000000000000000000000000000000001A
:10668000000000000000000000000000000000000A
:1066900000000000000000000000000000000000FA
:1066A00000000000000000000000000000000000EA
:1066B00000000000000000000000000000000000DA
:1066C00000000000000000000000000000000000CA
:1066D00000000000000000000000000000000000BA
:1066E00000000000000000000000000000000000AA
:1066F000000000000000000000000000000000009A
:106700000000000000000000000000000000000089
:106710000000000000000000000000000000000079
:106720000000000000000000000000000000000069
:106730000000000000000000000000000000000059
:106740000000000000000000000000000000000049
:106750000000000000000000000000000000000039
:106760000000000000000000000000000000000029
:106770000000000000000000000000000000000019
:106780000000000000000000000000000000000009
:1067900000000000000000000000000000000000F9
:1067A00000000000000000000000000000000000E9
:1067B00000000000000000000000000000000000D9
:1067C00000000000000000000000000000000000C9
:1067D00000000000000000000000000000000000B9
:1067E00000000000000000000000000000000000A9
:1067F0000000000000000000000000000000000099
:106800000000000000000000000000000000000088
:106810000000000000000000000000000000000078
:106820000000000000000000000000000000000068
:106830000000000000000000000000000000000058
:106840000000000000000000000000000000000048
:106850000000000000000000000000000000000038
:106860000000000000000000000000000000000028
:106870000000000000000000000000000000000018
:106880000000000000000000000000000000000008
:1068900000000000000000000000000000000000F8
:1068A00000000000000000000000000000000000E8
:1068B00000000000000000000000000000000000D8
:1068C00000000000000000000000000000000000C8
:1068D00000000000000000000000000000000000B8
:1068E00000000000000000000000000000000000A8
:1068F0000000000000000000000000000000000098
:106900000000000000000000000000000000000087
:106910000000000000000000000000000000000077
:106920000000000000000000000000000000000067
:106930000000000000000000000000000000000057
:106940000000000000000000000000000000000047
:106950000000000000000000000000000000000037
:106960000000000000000000000000000000000027
:106970000000000000000000000000000000000017
:106980000000000000000000000000000000000007
:1069900000000000000000000000000000000000F7
:1069A00000000000000000000000000000000000E7
:1069B00000000000000000000000000000000000D7
:1069C00000000000000000000000000000000000C7
:1069D00000000000000000000000000000000000B7
:1069E00000000000000000000000000000000000A7
:1069F0000000000000000000000000000000000097
:106A00000000000000000000000000000000000086
:106A10000000000000000000000000000000000076
:106A20000000000000000000000000000000000066
:106A30000000000000000000000000000000000056
:106A40000000000000000000000000000000000046
:106A50000000000000000000000000000000000036
:106A60000000000000000000000000000000000026
:106A70000000000000000000000000000000000016
:106A80000000000000000000000000000000000006
:106A900000000000000000000000000000000000F6
:106AA00000000000000000000000000000000000E6
:106AB00000000000000000000000000000000000D6
:106AC00000000000000000000000000000000000C6
:106AD00000000000000000000000000000000000B6
:106AE00000000000000000000000000000000000A6
:106AF0000000000000000000000000000000000096
:106B00000000000000000000000000000000000085
:106B10000000000000000000000000000000000075
:106B20000000000000000000000000000000000065
:106B30000000000000000000000000000000000055
:106B40000000000000000000000000000000000045
:106B50000000000000000000000000000000000035
:106B60000000000000000000000000000000000025
:106B70000000000000000000000000000000000015
:106B80000000000000000000000000000000000005
:106B900000000000000000000000000000000000F5
:106BA00000000000000000000000000000000000E5
:106BB00000000000000000000000000000000000D5
:106BC00000000000000000000000000000000000C5
:106BD00000000000000000000000000000000000B5
:106BE00000000000000000000000000000000000A5
:106BF0000000000000000000000000000000000095
:106C00000000000000000000000000000000000084
:106C10000000000000000000000000000000000074
:106C20000000000000000000000000000000000064
:106C30000000000000000000000000000000000054
:106C40000000000000000000000000000000000044
:106C50000000000000000000000000000000000034
:106C60000000000000000000000000000000000024
:106C70000000000000000000000000000000000014
:106C80000000000000000000000000000000000004
:106C900000000000000000000000000000000000F4
:106CA00000000000000000000000000000000000E4
:106CB00000000000000000000000000000000000D4
:106CC00000000000000000000000000000000000C4
:106CD00000000000000000000000000000000000B4
:106CE00000000000000000000000000000000000A4
:106CF0000000000000000000000000000000000094
:106D00000000000000000000000000000000000083
:106D10000000000000000000000000000000000073
:106D20000000000000000000000000000000000063
:106D30000000000000000000000000000000000053
:106D40000000000000000000000000000000000043
:106D50000000000000000000000000000000000033
:106D60000000000000000000000000000000000023
:106D70000000000000000000000000000000000013
:106D80000000000000000000000000000000000003
:106D900000000000000000000000000000000000F3
:106DA00000000000000000000000000000000000E3
:106DB00000000000000000000000000000000000D3
:106DC00000000000000000000000000000000000C3
:106DD00000000000000000000000000000000000B3
:106DE00000000000000000000000000000000000A3
:106DF0000000000000000000000000000000000093
:106E00000000000000000000000000000000000082
:106E10000000000000000000000000000000000072
:106E20000000000000000000000000000000000062
:106E30000000000000000000000000000000000052
:106E40000000000000000000000000000000000042
:106E50000000000000000000000000000000000032
:106E60000000000000000000000000000000000022
:106E70000000000000000000000000000000000012
:106E80000000000000000000000000000000000002
:106E900000000000000000000000000000000000F2
:106EA00000000000000000000000000000000000E2
:106EB00000000000000000000000000000000000D2
:106EC00000000000000000000000000000000000C2
:106ED00000000000000000000000000000000000B2
:106EE00000000000000000000000000000000000A2
:106EF0000000000000000000000000000000000092
:106F00000000000000000000000000000000000081
:106F10000000000000000000000000000000000071
:106F20000000000000000000000000000000000061
:106F30000000000000000000000000000000000051
:106F40000000000000000000000000000000000041
:106F50000000000000000000000000000000000031
:106F60000000000000000000000000000000000021
:106F70000000000000000000000000000000000011
:106F80000000000000000000000000000000000001
:106F900000000000000000000000000000000000F1
:106FA00000000000000000000000000000000000E1
:106FB00000000000000000000000000000000000D1
:106FC00000000000000000000000000000000000C1
:106FD00000000000000000000000000000000000B1
:106FE00000000000000000000000000000000000A1
:106FF0000000000000000000000000000000000091
:107000000000000000000000000000000000000080
:107010000000000000000000000000000000000070
:107020000000000000000000000000000000000060
:107030000000000000000000000000000000000050
:107040000000000000000000000000000000000040
:107050000000000000000000000000000000000030
:107060000000000000000000000000000000000020
:107070000000000000000000000000000000000010
:107080000000000000000000000000000000000000
:1070900000000000000000000000000000000000F0
:1070A00000000000000000000000000000000000E0
:1070B00000000000000000000000000000000000D0
:1070C00000000000000000000000000000000000C0
:1070D00000000000000000000000000000000000B0
:1070E00000000000000000000000000000000000A0
:1070F0000000000000000000000000000000000090
:10710000000000000000000000000000000000007F
:10711000000000000000000000000000000000006F
:10712000000000000000000000000000000000005F
:10713000000000000000000000000000000000004F
:10714000000000000000000000000000000000003F
:10715000000000000000000000000000000000002F
:10716000000000000000000000000000000000001F
:10717000000000000000000000000000000000000F
:1071800000000000000000000000000000000000FF
:1071900000000000000000000000000000000000EF
:1071A00000000000000000000000000000000000DF
:1071B00000000000000000000000000000000000CF
:1071C00000000000000000000000000000000000BF
:1071D00000000000000000000000000000000000AF
:1071E000000000000000000000000000000000009F
:1071F000000000000000000000000000000000008F
:10720000000000000000000000000000000000007E
:10721000000000000000000000000000000000006E
:10722000000000000000000000000000000000005E
:10723000000000000000000000000000000000004E
:10724000000000000000000000000000000000003E
:10725000000000000000000000000000000000002E
:10726000000000000000000000000000000000001E
:10727000000000000000000000000000000000000E
:1072800000000000000000000000000000000000FE
:1072900000000000000000000000000000000000EE
:1072A00000000000000000000000000000000000DE
:1072B00000000000000000000000000000000000CE
:1072C00000000000000000000000000000000000BE
:1072D00000000000000000000000000000000000AE
:1072E000000000000000000000000000000000009E
:1072F000000000000000000000000000000000008E
:10730000000000000000000000000000000000007D
:10731000000000000000000000000000000000006D
:10732000000000000000000000000000000000005D
:10733000000000000000000000000000000000004D
:10734000000000000000000000000000000000003D
:10735000000000000000000000000000000000002D
:10736000000000000000000000000000000000001D
:10737000000000000000000000000000000000000D
:1073800000000000000000000000000000000000FD
:1073900000000000000000000000000000000000ED
:1073A00000000000000000000000000000000000DD
:1073B00000000000000000000000000000000000CD
:1073C00000000000000000000000000000000000BD
:1073D00000000000000000000000000000000000AD
:1073E000000000000000000000000000000000009D
:1073F000000000000000000000000000000000008D
:10740000000000000000000000000000000000007C
:10741000000000000000000000000000000000006C
:10742000000000000000000000000000000000005C
:10743000000000000000000000000000000000004C
:10744000000000000000000000000000000000003C
:10745000000000000000000000000000000000002C
:10746000000000000000000000000000000000001C
:10747000000000000000000000000000000000000C
:1074800000000000000000000000000000000000FC
:1074900000000000000000000000000000000000EC
:1074A00000000000000000000000000000000000DC
:1074B00000000000000000000000000000000000CC
:1074C00000000000000000000000000000000000BC
:1074D00000000000000000000000000000000000AC
:1074E000000000000000000000000000000000009C
:1074F000000000000000000000000000000000008C
:10750000000000000000000000000000000000007B
:10751000000000000000000000000000000000006B
:10752000000000000000000000000000000000005B
:10753000000000000000000000000000000000004B
:10754000000000000000000000000000000000003B
:10755000000000000000000000000000000000002B
:10756000000000000000000000000000000000001B
:10757000000000000000000000000000000000000B
:1075800000000000000000000000000000000000FB
:1075900000000000000000000000000000000000EB
:1075A00000000000000000000000000000000000DB
:1075B00000000000000000000000000000000000CB
:1075C00000000000000000000000000000000000BB
:1075D00000000000000000000000000000000000AB
:1075E000000000000000000000000000000000009B
:1075F000000000000000000000000000000000008B
:10760000000000000000000000000000000000007A
:10761000000000000000000000000000000000006A
:10762000000000000000000000000000000000005A
:10763000000000000000000000000000000000004A
:10764000000000000000000000000000000000003A
:10765000000000000000000000000000000000002A
:10766000000000000000000000000000000000001A
:10767000000000000000000000000000000000000A
:1076800000000000000000000000000000000000FA
:1076900000000000000000000000000000000000EA
:1076A00000000000000000000000000000000000DA
:1076B00000000000000000000000000000000000CA
:1076C00000000000000000000000000000000000BA
:1076D00000000000000000000000000000000000AA
:1076E000000000000000000000000000000000009A
:1076F000000000000000000000000000000000008A
:107700000000000000000000000000000000000079
:107710000000000000000000000000000000000069
:107720000000000000000000000000000000000059
:107730000000000000000000000000000000000049
:107740000000000000000000000000000000000039
:107750000000000000000000000000000000000029
:107760000000000000000000000000000000000019
:107770000000000000000000000000000000000009
:1077800000000000000000000000000000000000F9
:1077900000000000000000000000000000000000E9
:1077A00000000000000000000000000000000000D9
:1077B00000000000000000000000000000000000C9
:1077C00000000000000000000000000000000000B9
:1077D00000000000000000000000000000000000A9
:1077E0000000000000000000000000000000000099
:1077F0000000000000000000000000000000000089
:107800000000000000000000000000000000000078
:107810000000000000000000000000000000000068
:107820000000000000000000000000000000000058
:107830000000000000000000000000000000000048
:107840000000000000000000000000000000000038
:107850000000000000000000000000000000000028
:107860000000000000000000000000000000000018
:107870000000000000000000000000000000000008
:1078800000000000000000000000000000000000F8
:1078900000000000000000000000000000000000E8
:1078A00000000000000000000000000000000000D8
:1078B00000000000000000000000000000000000C8
:1078C00000000000000000000000000000000000B8
:1078D00000000000000000000000000000000000A8
:1078E0000000000000000000000000000000000098
:1078F0000000000000000000000000000000000088
:107900000000000000000000000000000000000077
:107910000000000000000000000000000000000067
:107920000000000000000000000000000000000057
:107930000000000000000000000000000000000047
:107940000000000000000000000000000000000037
:107950000000000000000000000000000000000027
:107960000000000000000000000000000000000017
:107970000000000000000000000000000000000007
:1079800000000000000000000000000000000000F7
:1079900000000000000000000000000000000000E7
:1079A00000000000000000000000000000000000D7
:1079B00000000000000000000000000000000000C7
:1079C00000000000000000000000000000000000B7
:1079D00000000000000000000000000000000000A7
:1079E0000000000000000000000000000000000097
:1079F0000000000000000000000000000000000087
:107A00000000000000000000000000000000000076
:107A10000000000000000000000000000000000066
:107A20000000000000000000000000000000000056
:107A30000000000000000000000000000000000046
:107A40000000000000000000000000000000000036
:107A50000000000000000000000000000000000026
:107A60000000000000000000000000000000000016
:107A70000000000000000000000000000000000006
:107A800000000000000000000000000000000000F6
:107A900000000000000000000000000000000000E6
:107AA00000000000000000000000000000000000D6
:107AB00000000000000000000000000000000000C6
:107AC00000000000000000000000000000000000B6
:107AD00000000000000000000000000000000000A6
:107AE0000000000000000000000000000000000096
:107AF0000000000000000000000000000000000086
:107B00000000000000000000000000000000000075
:107B10000000000000000000000000000000000065
:107B20000000000000000000000000000000000055
:107B30000000000000000000000000000000000045
:107B40000000000000000000000000000000000035
:107B50000000000000000000000000000000000025
:107B60000000000000000000000000000000000015
:107B70000000000000000000000000000000000005
:107B800000000000000000000000000000000000F5
:107B900000000000000000000000000000000000E5
:107BA00000000000000000000000000000000000D5
:107BB00000000000000000000000000000000000C5
:107BC00000000000000000000000000000000000B5
:107BD00000000000000000000000000000000000A5
:107BE0000000000000000000000000000000000095
:107BF0000000000000000000000000000000000085
:107C00000000000000000000000000000000000074
:107C10000000000000000000000000000000000064
:107C20000000000000000000000000000000000054
:107C30000000000000000000000000000000000044
:107C40000000000000000000000000000000000034
:107C50000000000000000000000000000000000024
:107C60000000000000000000000000000000000014
:107C70000000000000000000000000000000000004
:107C800000000000000000000000000000000000F4
:107C900000000000000000000000000000000000E4
:107CA00000000000000000000000000000000000D4
:107CB00000000000000000000000000000000000C4
:107CC00000000000000000000000000000000000B4
:107CD00000000000000000000000000000000000A4
:107CE0000000000000000000000000000000000094
:107CF0000000000000000000000000000000000084
:107D00000000000000000000000000000000000073
:107D10000000000000000000000000000000000063
:107D20000000000000000000000000000000000053
:107D30000000000000000000000000000000000043
:107D40000000000000000000000000000000000033
:107D50000000000000000000000000000000000023
:107D60000000000000000000000000000000000013
:107D70000000000000000000000000000000000003
:107D800000000000000000000000000000000000F3
:107D900000000000000000000000000000000000E3
:107DA00000000000000000000000000000000000D3
:107DB00000000000000000000000000000000000C3
:107DC00000000000000000000000000000000000B3
:107DD00000000000000000000000000000000000A3
:107DE0000000000000000000000000000000000093
:107DF0000000000000000000000000000000000083
:107E00000000000000000000000000000000000072
:107E10000000000000000000000000000000000062
:107E20000000000000000000000000000000000052
:107E30000000000000000000000000000000000042
:107E40000000000000000000000000000000000032
:107E50000000000000000000000000000000000022
:107E60000000000000000000000000000000000012
:107E70000000000000000000000000000000000002
:107E800000000000000000000000000000000000F2
:107E900000000000000000000000000000000000E2
:107EA00000000000000000000000000000000000D2
:107EB00000000000000000000000000000000000C2
:107EC00000000000000000000000000000000000B2
:107ED00000000000000000000000000000000000A2
:107EE0000000000000000000000000000000000092
:107EF0000000000000000000000000000000000082
:107F00000000000000000000000000000000000071
:107F10000000000000000000000000000000000061
:107F20000000000000000000000000000000000051
:107F30000000000000000000000000000000000041
:107F40000000000000000000000000000000000031
:107F50000000000000000000000000000000000021
:107F60000000000000000000000000000000000011
:107F70000000000000000000000000000000000001
:107F800000000000000000000000000000000000F1
:107F900000000000000000000000000000000000E1
:107FA00000000000000000000000000000000000D1
:107FB00000000000000000000000000000000000C1
:107FC00000000000000000000000000000000000B1
:107FD00000000000000000000000000000000000A1
:107FE0000000000000000000000000000000000091
:107FF0000000000000000000000000000000000081
:108000000000000000000000000000000000000070
:108010000000000000000000000000000000000060
:108020000000000000000000000000000000000050
:108030000000000000000000000000000000000040
:108040000000000000000000000000000000000030
:108050000000000000000000000000000000000020
:108060000000000000000000000000000000000010
:108070000000000000000000000000000000000000
:1080800000000000000000000000000000000000F0
:1080900000000000000000000000000000000000E0
:1080A00000000000000000000000000000000000D0
:1080B00000000000000000000000000000000000C0
:1080C00000000000000000000000000000000000B0
:1080D00000000000000000000000000000000000A0
:1080E0000000000000000000000000000000000090
:1080F0000000000000000000000000000000000080
:10810000000000000000000000000000000000006F
:10811000000000000000000000000000000000005F
:10812000000000000000000000000000000000004F
:10813000000000000000000000000000000000003F
:10814000000000000000000000000000000000002F
:10815000000000000000000000000000000000001F
:10816000000000000000000000000000000000000F
:1081700000000000000000000000000000000000FF
:1081800000000000000000000000000000000000EF
:1081900000000000000000000000000000000000DF
:1081A00000000000000000000000000000000000CF
:1081B00000000000000000000000000000000000BF
:1081C00000000000000000000000000000000000AF
:1081D000000000000000000000000000000000009F
:1081E000000000000000000000000000000000008F
:1081F000000000000000000000000000000000007F
:10820000000000000000000000000000000000006E
:10821000000000000000000000000000000000005E
:10822000000000000000000000000000000000004E
:10823000000000000000000000000000000000003E
:10824000000000000000000000000000000000002E
:10825000000000000000000000000000000000001E
:10826000000000000000000000000000000000000E
:1082700000000000000000000000000000000000FE
:1082800000000000000000000000000000000000EE
:1082900000000000000000000000000000000000DE
:1082A00000000000000000000000000000000000CE
:1082B00000000000000000000000000000000000BE
:1082C00000000000000000000000000000000000AE
:1082D000000000000000000000000000000000009E
:1082E000000000000000000000000000000000008E
:1082F000000000000000000000000000000000007E
:10830000000000000000000000000000000000006D
:10831000000000000000000000000000000000005D
:10832000000000000000000000000000000000004D
:10833000000000000000000000000000000000003D
:10834000000000000000000000000000000000002D
:10835000000000000000000000000000000000001D
:10836000000000000000000000000000000000000D
:1083700000000000000000000000000000000000FD
:1083800000000000000000000000000000000000ED
:1083900000000000000000000000000000000000DD
:1083A00000000000000000000000000000000000CD
:1083B00000000000000000000000000000000000BD
:1083C00000000000000000000000000000000000AD
:1083D000000000000000000000000000000000009D
:1083E000000000000000000000000000000000008D
:1083F000000000000000000000000000000000007D
:10840000000000000000000000000000000000006C
:10841000000000000000000000000000000000005C
:10842000000000000000000000000000000000004C
:10843000000000000000000000000000000000003C
:10844000000000000000000000000000000000002C
:10845000000000000000000000000000000000001C
:10846000000000000000000000000000000000000C
:1084700000000000000000000000000000000000FC
:1084800000000000000000000000000000000000EC
:1084900000000000000000000000000000000000DC
:1084A00000000000000000000000000000000000CC
:1084B00000000000000000000000000000000000BC
:1084C00000000000000000000000000000000000AC
:1084D000000000000000000000000000000000009C
:1084E000000000000000000000000000000000008C
:1084F000000000000000000000000000000000007C
:10850000000000000000000000000000000000006B
:10851000000000000000000000000000000000005B
:10852000000000000000000000000000000000004B
:10853000000000000000000000000000000000003B
:10854000000000000000000000000000000000002B
:10855000000000000000000000000000000000001B
:10856000000000000000000000000000000000000B
:1085700000000000000000000000000000000000FB
:1085800000000000000000000000000000000000EB
:1085900000000000000000000000000000000000DB
:1085A00000000000000000000000000000000000CB
:1085B00000000000000000000000000000000000BB
:1085C00000000000000000000000000000000000AB
:1085D000000000000000000000000000000000009B
:1085E000000000000000000000000000000000008B
:1085F000000000000000000000000000000000007B
:10860000000000000000000000000000000000006A
:10861000000000000000000000000000000000005A
:10862000000000000000000000000000000000004A
:10863000000000000000000000000000000000003A
:10864000000000000000000000000000000000002A
:10865000000000000000000000000000000000001A
:10866000000000000000000000000000000000000A
:1086700000000000000000000000000000000000FA
:1086800000000000000000000000000000000000EA
:1086900000000000000000000000000000000000DA
:1086A00000000000000000000000000000000000CA
:1086B00000000000000000000000000000000000BA
:1086C00000000000000000000000000000000000AA
:1086D000000000000000000000000000000000009A
:1086E000000000000000000000000000000000008A
:1086F000000000000000000000000000000000007A
:108700000000000000000000000000000000000069
:108710000000000000000000000000000000000059
:108720000000000000000000000000000000000049
:108730000000000000000000000000000000000039
:108740000000000000000000000000000000000029
:108750000000000000000000000000000000000019
:108760000000000000000000000000000000000009
:1087700000000000000000000000000000000000F9
:1087800000000000000000000000000000000000E9
:1087900000000000000000000000000000000000D9
:1087A00000000000000000000000000000000000C9
:1087B00000000000000000000000000000000000B9
:1087C00000000000000000000000000000000000A9
:1087D0000000000000000000000000000000000099
:1087E0000000000000000000000000000000000089
:1087F0000000000000000000000000000000000079
:108800000000000000000000000000000000000068
:108810000000000000000000000000000000000058
:108820000000000000000000000000000000000048
:108830000000000000000000000000000000000038
:108840000000000000000000000000000000000028
:108850000000000000000000000000000000000018
:108860000000000000000000000000000000000008
:1088700000000000000000000000000000000000F8
:1088800000000000000000000000000000000000E8
:1088900000000000000000000000000000000000D8
:1088A00000000000000000000000000000000000C8
:1088B00000000000000000000000000000000000B8
:1088C00000000000000000000000000000000000A8
:1088D0000000000000000000000000000000000098
:1088E0000000000000000000000000000000000088
:1088F0000000000000000000000000000000000078
:108900000000000000000000000000000000000067
:108910000000000000000000000000000000000057
:108920000000000000000000000000000000000047
:108930000000000000000000000000000000000037
:108940000000000000000000000000000000000027
:108950000000000000000000000000000000000017
:108960000000000000000000000000000000000007
:1089700000000000000000000000000000000000F7
:1089800000000000000000000000000000000000E7
:1089900000000000000000000000000000000000D7
:1089A00000000000000000000000000000000000C7
:1089B00000000000000000000000000000000000B7
:1089C00000000000000000000000000000000000A7
:1089D0000000000000000000000000000000000097
:1089E0000000000000000000000000000000000087
:1089F0000000000000000000000000000000000077
:108A00000000000000000000000000000000000066
:108A10000000000000000000000000000000000056
:108A20000000000000000000000000000000000046
:108A30000000000000000000000000000000000036
:108A40000000000000000000000000000000000026
:108A50000000000000000000000000000000000016
:108A60000000000000000000000000000000000006
:108A700000000000000000000000000000000000F6
:108A800000000000000000000000000000000000E6
:108A900000000000000000000000000000000000D6
:108AA00000000000000000000000000000000000C6
:108AB00000000000000000000000000000000000B6
:108AC00000000000000000000000000000000000A6
:108AD0000000000000000000000000000000000096
:108AE0000000000000000000000000000000000086
:108AF0000000000000000000000000000000000076
:108B00000000000000000000000000000000000065
:108B10000000000000000000000000000000000055
:108B20000000000000000000000000000000000045
:108B30000000000000000000000000000000000035
:108B40000000000000000000000000000000000025
:108B50000000000000000000000000000000000015
:108B60000000000000000000000000000000000005
:108B700000000000000000000000000000000000F5
:108B800000000000000000000000000000000000E5
:108B900000000000000000000000000000000000D5
:108BA00000000000000000000000000000000000C5
:108BB00000000000000000000000000000000000B5
:108BC00000000000000000000000000000000000A5
:108BD0000000000000000000000000000000000095
:108BE0000000000000000000000000000000000085
:108BF0000000000000000000000000000000000075
:108C00000000000000000000000000000000000064
:108C10000000000000000000000000000000000054
:108C20000000000000000000000000000000000044
:108C30000000000000000000000000000000000034
:108C40000000000000000000000000000000000024
:108C50000000000000000000000000000000000014
:108C60000000000000000000000000000000000004
:108C700000000000000000000000000000000000F4
:108C800000000000000000000000000000000000E4
:108C900000000000000000000000000000000000D4
:108CA00000000000000000000000000000000000C4
:108CB00000000000000000000000000000000000B4
:108CC00000000000000000000000000000000000A4
:108CD0000000000000000000000000000000000094
:108CE0000000000000000000000000000000000084
:108CF0000000000000000000000000000000000074
:108D00000000000000000000000000000000000063
:108D10000000000000000000000000000000000053
:108D20000000000000000000000000000000000043
:108D30000000000000000000000000000000000033
:108D40000000000000000000000000000000000023
:108D50000000000000000000000000000000000013
:108D60000000000000000000000000000000000003
:108D700000000000000000000000000000000000F3
:108D800000000000000000000000000000000000E3
:108D900000000000000000000000000000000000D3
:108DA00000000000000000000000000000000000C3
:108DB00000000000000000000000000000000000B3
:108DC00000000000000000000000000000000000A3
:108DD0000000000000000000000000000000000093
:108DE0000000000000000000000000000000000083
:108DF0000000000000000000000000000000000073
:108E00000000000000000000000000000000000062
:108E10000000000000000000000000000000000052
:108E20000000000000000000000000000000000042
:108E30000000000000000000000000000000000032
:108E40000000000000000000000000000000000022
:108E50000000000000000000000000000000000012
:108E60000000000000000000000000000000000002
:108E700000000000000000000000000000000000F2
:108E800000000000000000000000000000000000E2
:108E900000000000000000000000000000000000D2
:108EA00000000000000000000000000000000000C2
:108EB00000000000000000000000000000000000B2
:108EC00000000000000000000000000000000000A2
:108ED0000000000000000000000000000000000092
:108EE0000000000000000000000000000000000082
:108EF0000000000000000000000000000000000072
:108F00000000000000000000000000000000000061
:108F10000000000000000000000000000000000051
:108F20000000000000000000000000000000000041
:108F30000000000000000000000000000000000031
:108F40000000000000000000000000000000000021
:108F50000000000000000000000000000000000011
:108F60000000000000000000000000000000000001
:108F700000000000000000000000000000000000F1
:108F800000000000000000000000000000000000E1
:108F900000000000000000000000000000000000D1
:108FA00000000000000000000000000000000000C1
:108FB00000000000000000000000000000000000B1
:108FC00000000000000000000000000000000000A1
:108FD0000000000000000000000000000000000091
:108FE0000000000000000000000000000000000081
:108FF0000000000000000000000000000000000071
:109000000000000000000000000000000000000060
:109010000000000000000000000000000000000050
:109020000000000000000000000000000000000040
:109030000000000000000000000000000000000030
:109040000000000000000000000000000000000020
:109050000000000000000000000000000000000010
:109060000000000000000000000000000000000000
:1090700000000000000000000000000000000000F0
:1090800000000000000000000000000000000000E0
:1090900000000000000000000000000000000000D0
:1090A00000000000000000000000000000000000C0
:1090B00000000000000000000000000000000000B0
:1090C00000000000000000000000000000000000A0
:1090D0000000000000000000000000000000000090
:1090E0000000000000000000000000000000000080
:1090F0000000000000000000000000000000000070
:10910000000000000000000000000000000000005F
:10911000000000000000000000000000000000004F
:10912000000000000000000000000000000000003F
:10913000000000000000000000000000000000002F
:10914000000000000000000000000000000000001F
:10915000000000000000000000000000000000000F
:1091600000000000000000000000000000000000FF
:1091700000000000000000000000000000000000EF
:1091800000000000000000000000000000000000DF
:1091900000000000000000000000000000000000CF
:1091A00000000000000000000000000000000000BF
:1091B00000000000000000000000000000000000AF
:1091C000000000000000000000000000000000009F
:1091D000000000000000000000000000000000008F
:1091E000000000000000000000000000000000007F
:1091F000000000000000000000000000000000006F
:10920000000000000000000000000000000000005E
:10921000000000000000000000000000000000004E
:10922000000000000000000000000000000000003E
:10923000000000000000000000000000000000002E
:10924000000000000000000000000000000000001E
:10925000000000000000000000000000000000000E
:1092600000000000000000000000000000000000FE
:1092700000000000000000000000000000000000EE
:1092800000000000000000000000000000000000DE
:1092900000000000000000000000000000000000CE
:1092A00000000000000000000000000000000000BE
:1092B00000000000000000000000000000000000AE
:1092C000000000000000000000000000000000009E
:1092D000000000000000000000000000000000008E
:1092E000000000000000000000000000000000007E
:1092F000000000000000000000000000000000006E
:10930000000000000000000000000000000000005D
:10931000000000000000000000000000000000004D
:10932000000000000000000000000000000000003D
:10933000000000000000000000000000000000002D
:10934000000000000000000000000000000000001D
:10935000000000000000000000000000000000000D
:1093600000000000000000000000000000000000FD
:1093700000000000000000000000000000000000ED
:1093800000000000000000000000000000000000DD
:1093900000000000000000000000000000000000CD
:1093A00000000000000000000000000000000000BD
:1093B00000000000000000000000000000000000AD
:1093C000000000000000000000000000000000009D
:1093D000000000000000000000000000000000008D
:1093E000000000000000000000000000000000007D
:1093F000000000000000000000000000000000006D
:10940000000000000000000000000000000000005C
:10941000000000000000000000000000000000004C
:10942000000000000000000000000000000000003C
:10943000000000000000000000000000000000002C
:10944000000000000000000000000000000000001C
:10945000000000000000000000000000000000000C
:1094600000000000000000000000000000000000FC
:1094700000000000000000000000000000000000EC
:1094800000000000000000000000000000000000DC
:1094900000000000000000000000000000000000CC
:1094A00000000000000000000000000000000000BC
:1094B00000000000000000000000000000000000AC
:1094C000000000000000000000000000000000009C
:1094D000000000000000000000000000000000008C
:1094E000000000000000000000000000000000007C
:1094F000000000000000000000000000000000006C
:10950000000000000000000000000000000000005B
:10951000000000000000000000000000000000004B
:10952000000000000000000000000000000000003B
:10953000000000000000000000000000000000002B
:10954000000000000000000000000000000000001B
:10955000000000000000000000000000000000000B
:1095600000000000000000000000000000000000FB
:1095700000000000000000000000000000000000EB
:1095800000000000000000000000000000000000DB
:1095900000000000000000000000000000000000CB
:1095A00000000000000000000000000000000000BB
:1095B00000000000000000000000000000000000AB
:1095C000000000000000000000000000000000009B
:1095D000000000000000000000000000000000008B
:1095E000000000000000000000000000000000007B
:1095F000000000000000000000000000000000006B
:10960000000000000000000000000000000000005A
:10961000000000000000000000000000000000004A
:10962000000000000000000000000000000000003A
:10963000000000000000000000000000000000002A
:10964000000000000000000000000000000000001A
:10965000000000000000000000000000000000000A
:1096600000000000000000000000000000000000FA
:1096700000000000000000000000000000000000EA
:1096800000000000000000000000000000000000DA
:1096900000000000000000000000000000000000CA
:1096A00000000000000000000000000000000000BA
:1096B00000000000000000000000000000000000AA
:1096C000000000000000000000000000000000009A
:1096D000000000000000000000000000000000008A
:1096E000000000000000000000000000000000007A
:1096F000000000000000000000000000000000006A
:109700000000000000000000000000000000000059
:109710000000000000000000000000000000000049
:109720000000000000000000000000000000000039
:109730000000000000000000000000000000000029
:109740000000000000000000000000000000000019
:109750000000000000000000000000000000000009
:1097600000000000000000000000000000000000F9
:1097700000000000000000000000000000000000E9
:1097800000000000000000000000000000000000D9
:1097900000000000000000000000000000000000C9
:1097A00000000000000000000000000000000000B9
:1097B00000000000000000000000000000000000A9
:1097C0000000000000000000000000000000000099
:1097D0000000000000000000000000000000000089
:1097E0000000000000000000000000000000000079
:1097F0000000000000000000000000000000000069
:109800000000000000000000000000000000000058
:109810000000000000000000000000000000000048
:109820000000000000000000000000000000000038
:109830000000000000000000000000000000000028
:109840000000000000000000000000000000000018
:109850000000000000000000000000000000000008
:1098600000000000000000000000000000000000F8
:1098700000000000000000000000000000000000E8
:1098800000000000000000000000000000000000D8
:1098900000000000000000000000000000000000C8
:1098A00000000000000000000000000000000000B8
:1098B00000000000000000000000000000000000A8
:1098C0000000000000000000000000000000000098
:1098D0000000000000000000000000000000000088
:1098E0000000000000000000000000000000000078
:1098F0000000000000000000000000000000000068
:109900000000000000000000000000000000000057
:109910000000000000000000000000000000000047
:109920000000000000000000000000000000000037
:109930000000000000000000000000000000000027
:109940000000000000000000000000000000000017
:109950000000000000000000000000000000000007
:1099600000000000000000000000000000000000F7
:1099700000000000000000000000000000000000E7
:1099800000000000000000000000000000000000D7
:1099900000000000000000000000000000000000C7
:1099A00000000000000000000000000000000000B7
:1099B00000000000000000000000000000000000A7
:1099C0000000000000000000000000000000000097
:1099D0000000000000000000000000000000000087
:1099E0000000000000000000000000000000000077
:1099F0000000000000000000000000000000000067
:109A00000000000000000000000000000000000056
:109A10000000000000000000000000000000000046
:109A20000000000000000000000000000000000036
:109A30000000000000000000000000000000000026
:109A40000000000000000000000000000000000016
:109A50000000000000000000000000000000000006
:109A600000000000000000000000000000000000F6
:109A700000000000000000000000000000000000E6
:109A800000000000000000000000000000000000D6
:109A900000000000000000000000000000000000C6
:109AA00000000000000000000000000000000000B6
:109AB00000000000000000000000000000000000A6
:109AC0000000000000000000000000000000000096
:109AD0000000000000000000000000000000000086
:109AE0000000000000000000000000000000000076
:109AF0000000000000000000000000000000000066
:109B00000000000000000000000000000000000055
:109B10000000000000000000000000000000000045
:109B20000000000000000000000000000000000035
:109B30000000000000000000000000000000000025
:109B40000000000000000000000000000000000015
:109B50000000000000000000000000000000000005
:109B600000000000000000000000000000000000F5
:109B700000000000000000000000000000000000E5
:109B800000000000000000000000000000000000D5
:109B900000000000000000000000000000000000C5
:109BA00000000000000000000000000000000000B5
:109BB00000000000000000000000000000000000A5
:109BC0000000000000000000000000000000000095
:109BD0000000000000000000000000000000000085
:109BE0000000000000000000000000000000000075
:109BF0000000000000000000000000000000000065
:109C00000000000000000000000000000000000054
:109C10000000000000000000000000000000000044
:109C20000000000000000000000000000000000034
:109C30000000000000000000000000000000000024
:109C40000000000000000000000000000000000014
:109C50000000000000000000000000000000000004
:109C600000000000000000000000000000000000F4
:109C700000000000000000000000000000000000E4
:109C800000000000000000000000000000000000D4
:109C900000000000000000000000000000000000C4
:109CA00000000000000000000000000000000000B4
:109CB00000000000000000000000000000000000A4
:109CC0000000000000000000000000000000000094
:109CD0000000000000000000000000000000000084
:109CE0000000000000000000000000000000000074
:109CF0000000000000000000000000000000000064
:109D00000000000000000000000000000000000053
:109D10000000000000000000000000000000000043
:109D20000000000000000000000000000000000033
:109D30000000000000000000000000000000000023
:109D40000000000000000000000000000000000013
:109D50000000000000000000000000000000000003
:109D600000000000000000000000000000000000F3
:109D700000000000000000000000000000000000E3
:109D800000000000000000000000000000000000D3
:109D900000000000000000000000000000000000C3
:109DA00000000000000000000000000000000000B3
:109DB00000000000000000000000000000000000A3
:109DC0000000000000000000000000000000000093
:109DD0000000000000000000000000000000000083
:109DE0000000000000000000000000000000000073
:109DF0000000000000000000000000000000000063
:109E00000000000000000000000000000000000052
:109E10000000000000000000000000000000000042
:109E20000000000000000000000000000000000032
:109E30000000000000000000000000000000000022
:109E40000000000000000000000000000000000012
:109E50000000000000000000000000000000000002
:109E600000000000000000000000000000000000F2
:109E700000000000000000000000000000000000E2
:109E800000000000000000000000000000000000D2
:109E900000000000000000000000000000000000C2
:109EA00000000000000000000000000000000000B2
:109EB00000000000000000000000000000000000A2
:109EC0000000000000000000000000000000000092
:109ED0000000000000000000000000000000000082
:109EE0000000000000000000000000000000000072
:109EF0000000000000000000000000000000000062
:109F00000000000000000000000000000000000051
:109F10000000000000000000000000000000000041
:109F20000000000000000000000000000000000031
:109F30000000000000000000000000000000000021
:109F40000000000000000000000000000000000011
:109F50000000000000000000000000000000000001
:109F600000000000000000000000000000000000F1
:109F700000000000000000000000000000000000E1
:109F800000000000000000000000000000000000D1
:109F900000000000000000000000000000000000C1
:109FA00000000000000000000000000000000000B1
:109FB00000000000000000000000000000000000A1
:109FC0000000000000000000000000000000000091
:109FD0000000000000000000000000000000000081
:109FE0000000000000000000000000000000000071
:109FF0000000000000000000000000000000000061
:10A000000000000000000000000000000000000050
:10A010000000000000000000000000000000000040
:10A020000000000000000000000000000000000030
:10A030000000000000000000000000000000000020
:10A040000000000000000000000000000000000010
:10A050000000000000000000000000000000000000
:10A0600000000000000000000000000000000000F0
:10A0700000000000000000000000000000000000E0
:10A0800000000000000000000000000000000000D0
:10A0900000000000000000000000000000000000C0
:10A0A00000000000000000000000000000000000B0
:10A0B00000000000000000000000000000000000A0
:10A0C0000000000000000000000000000000000090
:10A0D0000000000000000000000000000000000080
:10A0E0000000000000000000000000000000000070
:10A0F0000000000000000000000000000000000060
:10A10000000000000000000000000000000000004F
:10A11000000000000000000000000000000000003F
:10A12000000000000000000000000000000000002F
:10A13000000000000000000000000000000000001F
:10A14000000000000000000000000000000000000F
:10A1500000000000000000000000000000000000FF
:10A1600000000000000000000000000000000000EF
:10A1700000000000000000000000000000000000DF
:10A1800000000000000000000000000000000000CF
:10A1900000000000000000000000000000000000BF
:10A1A00000000000000000000000000000000000AF
:10A1B000000000000000000000000000000000009F
:10A1C000000000000000000000000000000000008F
:10A1D000000000000000000000000000000000007F
:10A1E000000000000000000000000000000000006F
:10A1F000000000000000000000000000000000005F
:10A20000000000000000000000000000000000004E
:10A21000000000000000000000000000000000003E
:10A22000000000000000000000000000000000002E
:10A23000000000000000000000000000000000001E
:10A24000000000000000000000000000000000000E
:10A2500000000000000000000000000000000000FE
:10A2600000000000000000000000000000000000EE
:10A2700000000000000000000000000000000000DE
:10A2800000000000000000000000000000000000CE
:10A2900000000000000000000000000000000000BE
:10A2A00000000000000000000000000000000000AE
:10A2B000000000000000000000000000000000009E
:10A2C000000000000000000000000000000000008E
:10A2D000000000000000000000000000000000007E
:10A2E000000000000000000000000000000000006E
:10A2F000000000000000000000000000000000005E
:10A30000000000000000000000000000000000004D
:10A31000000000000000000000000000000000003D
:10A32000000000000000000000000000000000002D
:10A33000000000000000000000000000000000001D
:10A34000000000000000000000000000000000000D
:10A3500000000000000000000000000000000000FD
:10A3600000000000000000000000000000000000ED
:10A3700000000000000000000000000000000000DD
:10A3800000000000000000000000000000000000CD
:10A3900000000000000000000000000000000000BD
:10A3A00000000000000000000000000000000000AD
:10A3B000000000000000000000000000000000009D
:10A3C000000000000000000000000000000000008D
:10A3D000000000000000000000000000000000007D
:10A3E000000000000000000000000000000000006D
:10A3F000000000000000000000000000000000005D
:10A40000000000000000000000000000000000004C
:10A41000000000000000000000000000000000003C
:10A42000000000000000000000000000000000002C
:10A43000000000000000000000000000000000001C
:10A44000000000000000000000000000000000000C
:10A4500000000000000000000000000000000000FC
:10A4600000000000000000000000000000000000EC
:10A4700000000000000000000000000000000000DC
:10A4800000000000000000000000000000000000CC
:10A4900000000000000000000000000000000000BC
:10A4A00000000000000000000000000000000000AC
:10A4B000000000000000000000000000000000009C
:10A4C000000000000000000000000000000000008C
:10A4D000000000000000000000000000000000007C
:10A4E000000000000000000000000000000000006C
:10A4F000000000000000000000000000000000005C
:10A50000000000000000000000000000000000004B
:10A51000000000000000000000000000000000003B
:10A52000000000000000000000000000000000002B
:10A53000000000000000000000000000000000001B
:10A54000000000000000000000000000000000000B
:10A5500000000000000000000000000000000000FB
:10A5600000000000000000000000000000000000EB
:10A5700000000000000000000000000000000000DB
:10A5800000000000000000000000000000000000CB
:10A5900000000000000000000000000000000000BB
:10A5A00000000000000000000000000000000000AB
:10A5B000000000000000000000000000000000009B
:10A5C000000000000000000000000000000000008B
:10A5D000000000000000000000000000000000007B
:10A5E000000000000000000000000000000000006B
:10A5F000000000000000000000000000000000005B
:10A60000000000000000000000000000000000004A
:10A61000000000000000000000000000000000003A
:10A62000000000000000000000000000000000002A
:10A63000000000000000000000000000000000001A
:10A64000000000000000000000000000000000000A
:10A6500000000000000000000000000000000000FA
:10A6600000000000000000000000000000000000EA
:10A6700000000000000000000000000000000000DA
:10A6800000000000000000000000000000000000CA
:10A6900000000000000000000000000000000000BA
:10A6A00000000000000000000000000000000000AA
:10A6B000000000000000000000000000000000009A
:10A6C000000000000000000000000000000000008A
:10A6D000000000000000000000000000000000007A
:10A6E000000000000000000000000000000000006A
:10A6F000000000000000000000000000000000005A
:10A700000000000000000000000000000000000049
:10A710000000000000000000000000000000000039
:10A720000000000000000000000000000000000029
:10A730000000000000000000000000000000000019
:10A740000000000000000000000000000000000009
:10A7500000000000000000000000000000000000F9
:10A7600000000000000000000000000000000000E9
:10A7700000000000000000000000000000000000D9
:10A7800000000000000000000000000000000000C9
:10A7900000000000000000000000000000000000B9
:10A7A00000000000000000000000000000000000A9
:10A7B0000000000000000000000000000000000099
:10A7C0000000000000000000000000000000000089
:10A7D0000000000000000000000000000000000079
:10A7E0000000000000000000000000000000000069
:10A7F0000000000000000000000000000000000059
:10A800000000000000000000000000000000000048
:10A810000000000000000000000000000000000038
:10A820000000000000000000000000000000000028
:10A830000000000000000000000000000000000018
:10A840000000000000000000000000000000000008
:10A8500000000000000000000000000000000000F8
:10A8600000000000000000000000000000000000E8
:10A8700000000000000000000000000000000000D8
:10A8800000000000000000000000000000000000C8
:10A8900000000000000000000000000000000000B8
:10A8A00000000000000000000000000000000000A8
:10A8B0000000000000000000000000000000000098
:10A8C0000000000000000000000000000000000088
:10A8D0000000000000000000000000000000000078
:10A8E0000000000000000000000000000000000068
:10A8F0000000000000000000000000000000000058
:10A900000000000000000000000000000000000047
:10A910000000000000000000000000000000000037
:10A920000000000000000000000000000000000027
:10A930000000000000000000000000000000000017
:10A940000000000000000000000000000000000007
:10A9500000000000000000000000000000000000F7
:10A9600000000000000000000000000000000000E7
:10A9700000000000000000000000000000000000D7
:10A9800000000000000000000000000000000000C7
:10A9900000000000000000000000000000000000B7
:10A9A00000000000000000000000000000000000A7
:10A9B0000000000000000000000000000000000097
:10A9C0000000000000000000000000000000000087
:10A9D0000000000000000000000000000000000077
:10A9E0000000000000000000000000000000000067
:10A9F0000000000000000000000000000000000057
:10AA00000000000000000000000000000000000046
:10AA10000000000000000000000000000000000036
:10AA20000000000000000000000000000000000026
:10AA30000000000000000000000000000000000016
:10AA40000000000000000000000000000000000006
:10AA500000000000000000000000000000000000F6
:10AA600000000000000000000000000000000000E6
:10AA700000000000000000000000000000000000D6
:10AA800000000000000000000000000000000000C6
:10AA900000000000000000000000000000000000B6
:10AAA00000000000000000000000000000000000A6
:10AAB0000000000000000000000000000000000096
:10AAC0000000000000000000000000000000000086
:10AAD0000000000000000000000000000000000076
:10AAE0000000000000000000000000000000000066
:10AAF0000000000000000000000000000000000056
:10AB00000000000000000000000000000000000045
:10AB10000000000000000000000000000000000035
:10AB20000000000000000000000000000000000025
:10AB30000000000000000000000000000000000015
:10AB40000000000000000000000000000000000005
:10AB500000000000000000000000000000000000F5
:10AB600000000000000000000000000000000000E5
:10AB700000000000000000000000000000000000D5
:10AB800000000000000000000000000000000000C5
:10AB900000000000000000000000000000000000B5
:10ABA00000000000000000000000000000000000A5
:10ABB0000000000000000000000000000000000095
:10ABC0000000000000000000000000000000000085
:10ABD0000000000000000000000000000000000075
:10ABE0000000000000000000000000000000000065
:10ABF0000000000000000000000000000000000055
:10AC00000000000000000000000000000000000044
:10AC10000000000000000000000000000000000034
:10AC20000000000000000000000000000000000024
:10AC30000000000000000000000000000000000014
:10AC40000000000000000000000000000000000004
:10AC500000000000000000000000000000000000F4
:10AC600000000000000000000000000000000000E4
:10AC700000000000000000000000000000000000D4
:10AC800000000000000000000000000000000000C4
:10AC900000000000000000000000000000000000B4
:10ACA00000000000000000000000000000000000A4
:10ACB0000000000000000000000000000000000094
:10ACC0000000000000000000000000000000000084
:10ACD0000000000000000000000000000000000074
:10ACE0000000000000000000000000000000000064
:10ACF0000000000000000000000000000000000054
:10AD00000000000000000000000000000000000043
:10AD10000000000000000000000000000000000033
:10AD20000000000000000000000000000000000023
:10AD30000000000000000000000000000000000013
:10AD40000000000000000000000000000000000003
:10AD500000000000000000000000000000000000F3
:10AD600000000000000000000000000000000000E3
:10AD700000000000000000000000000000000000D3
:10AD800000000000000000000000000000000000C3
:10AD900000000000000000000000000000000000B3
:10ADA00000000000000000000000000000000000A3
:10ADB0000000000000000000000000000000000093
:10ADC0000000000000000000000000000000000083
:10ADD0000000000000000000000000000000000073
:10ADE0000000000000000000000000000000000063
:10ADF0000000000000000000000000000000000053
:10AE00000000000000000000000000000000000042
:10AE10000000000000000000000000000000000032
:10AE20000000000000000000000000000000000022
:10AE30000000000000000000000000000000000012
:10AE40000000000000000000000000000000000002
:10AE500000000000000000000000000000000000F2
:10AE600000000000000000000000000000000000E2
:10AE700000000000000000000000000000000000D2
:10AE800000000000000000000000000000000000C2
:10AE900000000000000000000000000000000000B2
:10AEA00000000000000000000000000000000000A2
:10AEB0000000000000000000000000000000000092
:10AEC0000000000000000000000000000000000082
:10AED0000000000000000000000000000000000072
:10AEE0000000000000000000000000000000000062
:10AEF0000000000000000000000000000000000052
:10AF00000000000000000000000000000000000041
:10AF10000000000000000000000000000000000031
:10AF20000000000000000000000000000000000021
:10AF30000000000000000000000000000000000011
:10AF40000000000000000000000000000000000001
:10AF500000000000000000000000000000000000F1
:10AF600000000000000000000000000000000000E1
:10AF700000000000000000000000000000000000D1
:10AF800000000000000000000000000000000000C1
:10AF900000000000000000000000000000000000B1
:10AFA00000000000000000000000000000000000A1
:10AFB0000000000000000000000000000000000091
:10AFC0000000000000000000000000000000000081
:10AFD0000000000000000000000000000000000071
:10AFE0000000000000000000000000000000000061
:10AFF0000000000000000000000000000000000051
:10B000000000000000000000000000000000000040
:10B010000000000000000000000000000000000030
:10B020000000000000000000000000000000000020
:10B030000000000000000000000000000000000010
:10B040000000000000000000000000000000000000
:10B0500000000000000000000000000000000000F0
:10B0600000000000000000000000000000000000E0
:10B0700000000000000000000000000000000000D0
:10B0800000000000000000000000000000000000C0
:10B0900000000000000000000000000000000000B0
:10B0A00000000000000000000000000000000000A0
:10B0B0000000000000000000000000000000000090
:10B0C0000000000000000000000000000000000080
:10B0D0000000000000000000000000000000000070
:10B0E0000000000000000000000000000000000060
:10B0F0000000000000000000000000000000000050
:10B10000000000000000000000000000000000003F
:10B11000000000000000000000000000000000002F
:10B12000000000000000000000000000000000001F
:10B13000000000000000000000000000000000000F
:10B1400000000000000000000000000000000000FF
:10B1500000000000000000000000000000000000EF
:10B1600000000000000000000000000000000000DF
:10B1700000000000000000000000000000000000CF
:10B1800000000000000000000000000000000000BF
:10B1900000000000000000000000000000000000AF
:10B1A000000000000000000000000000000000009F
:10B1B000000000000000000000000000000000008F
:10B1C000000000000000000000000000000000007F
:10B1D000000000000000000000000000000000006F
:10B1E000000000000000000000000000000000005F
:10B1F000000000000000000000000000000000004F
:10B20000000000000000000000000000000000003E
:10B21000000000000000000000000000000000002E
:10B22000000000000000000000000000000000001E
:10B23000000000000000000000000000000000000E
:10B2400000000000000000000000000000000000FE
:10B2500000000000000000000000000000000000EE
:10B2600000000000000000000000000000000000DE
:10B2700000000000000000000000000000000000CE
:10B2800000000000000000000000000000000000BE
:10B2900000000000000000000000000000000000AE
:10B2A000000000000000000000000000000000009E
:10B2B000000000000000000000000000000000008E
:10B2C000000000000000000000000000000000007E
:10B2D000000000000000000000000000000000006E
:10B2E000000000000000000000000000000000005E
:10B2F000000000000000000000000000000000004E
:10B30000000000000000000000000000000000003D
:10B31000000000000000000000000000000000002D
:10B32000000000000000000000000000000000001D
:10B33000000000000000000000000000000000000D
:10B3400000000000000000000000000000000000FD
:10B3500000000000000000000000000000000000ED
:10B3600000000000000000000000000000000000DD
:10B3700000000000000000000000000000000000CD
:10B3800000000000000000000000000000000000BD
:10B3900000000000000000000000000000000000AD
:10B3A000000000000000000000000000000000009D
:10B3B000000000000000000000000000000000008D
:10B3C000000000000000000000000000000000007D
:10B3D000000000000000000000000000000000006D
:10B3E000000000000000000000000000000000005D
:10B3F000000000000000000000000000000000004D
:10B40000000000000000000000000000000000003C
:10B41000000000000000000000000000000000002C
:10B42000000000000000000000000000000000001C
:10B43000000000000000000000000000000000000C
:10B4400000000000000000000000000000000000FC
:10B4500000000000000000000000000000000000EC
:10B4600000000000000000000000000000000000DC
:10B4700000000000000000000000000000000000CC
:10B4800000000000000000000000000000000000BC
:10B4900000000000000000000000000000000000AC
:10B4A000000000000000000000000000000000009C
:10B4B000000000000000000000000000000000008C
:10B4C000000000000000000000000000000000007C
:10B4D000000000000000000000000000000000006C
:10B4E000000000000000000000000000000000005C
:10B4F000000000000000000000000000000000004C
:10B50000000000000000000000000000000000003B
:10B51000000000000000000000000000000000002B
:10B52000000000000000000000000000000000001B
:10B53000000000000000000000000000000000000B
:10B5400000000000000000000000000000000000FB
:10B5500000000000000000000000000000000000EB
:10B5600000000000000000000000000000000000DB
:10B5700000000000000000000000000000000000CB
:10B5800000000000000000000000000000000000BB
:10B5900000000000000000000000000000000000AB
:10B5A000000000000000000000000000000000009B
:10B5B000000000000000000000000000000000008B
:10B5C000000000000000000000000000000000007B
:10B5D000000000000000000000000000000000006B
:10B5E000000000000000000000000000000000005B
:10B5F000000000000000000000000000000000004B
:10B60000000000000000000000000000000000003A
:10B61000000000000000000000000000000000002A
:10B62000000000000000000000000000000000001A
:10B63000000000000000000000000000000000000A
:10B6400000000000000000000000000000000000FA
:10B6500000000000000000000000000000000000EA
:10B6600000000000000000000000000000000000DA
:10B6700000000000000000000000000000000000CA
:10B6800000000000000000000000000000000000BA
:10B6900000000000000000000000000000000000AA
:10B6A000000000000000000000000000000000009A
:10B6B000000000000000000000000000000000008A
:10B6C000000000000000000000000000000000007A
:10B6D000000000000000000000000000000000006A
:10B6E000000000000000000000000000000000005A
:10B6F000000000000000000000000000000000004A
:10B700000000000000000000000000000000000039
:10B710000000000000000000000000000000000029
:10B720000000000000000000000000000000000019
:10B730000000000000000000000000000000000009
:10B7400000000000000000000000000000000000F9
:10B7500000000000000000000000000000000000E9
:10B7600000000000000000000000000000000000D9
:10B7700000000000000000000000000000000000C9
:10B7800000000000000000000000000000000000B9
:10B7900000000000000000000000000000000000A9
:10B7A0000000000000000000000000000000000099
:10B7B0000000000000000000000000000000000089
:10B7C0000000000000000000000000000000000079
:10B7D0000000000000000000000000000000000069
:10B7E0000000000000000000000000000000000059
:10B7F0000000000000000000000000000000000049
:10B800000000000000000000000000000000000038
:10B810000000000000000000000000000000000028
:10B820000000000000000000000000000000000018
:10B830000000000000000000000000000000000008
:10B8400000000000000000000000000000000000F8
:10B8500000000000000000000000000000000000E8
:10B8600000000000000000000000000000000000D8
:10B8700000000000000000000000000000000000C8
:10B8800000000000000000000000000000000000B8
:10B8900000000000000000000000000000000000A8
:10B8A0000000000000000000000000000000000098
:10B8B0000000000000000000000000000000000088
:10B8C0000000000000000000000000000000000078
:10B8D0000000000000000000000000000000000068
:10B8E0000000000000000000000000000000000058
:10B8F0000000000000000000000000000000000048
:10B900000000000000000000000000000000000037
:10B910000000000000000000000000000000000027
:10B920000000000000000000000000000000000017
:10B930000000000000000000000000000000000007
:10B9400000000000000000000000000000000000F7
:10B9500000000000000000000000000000000000E7
:10B9600000000000000000000000000000000000D7
:10B9700000000000000000000000000000000000C7
:10B9800000000000000000000000000000000000B7
:10B9900000000000000000000000000000000000A7
:10B9A0000000000000000000000000000000000097
:10B9B0000000000000000000000000000000000087
:10B9C0000000000000000000000000000000000077
:10B9D0000000000000000000000000000000000067
:10B9E0000000000000000000000000000000000057
:10B9F0000000000000000000000000000000000047
:10BA00000000000000000000000000000000000036
:10BA10000000000000000000000000000000000026
:10BA20000000000000000000000000000000000016
:10BA30000000000000000000000000000000000006
:10BA400000000000000000000000000000000000F6
:10BA500000000000000000000000000000000000E6
:10BA600000000000000000000000000000000000D6
:10BA700000000000000000000000000000000000C6
:10BA800000000000000000000000000000000000B6
:10BA900000000000000000000000000000000000A6
:10BAA0000000000000000000000000000000000096
:10BAB0000000000000000000000000000000000086
:10BAC0000000000000000000000000000000000076
:10BAD0000000000000000000000000000000000066
:10BAE0000000000000000000000000000000000056
:10BAF0000000000000000000000000000000000046
:10BB00000000000000000000000000000000000035
:10BB10000000000000000000000000000000000025
:10BB20000000000000000000000000000000000015
:10BB30000000000000000000000000000000000005
:10BB400000000000000000000000000000000000F5
:10BB500000000000000000000000000000000000E5
:10BB600000000000000000000000000000000000D5
:10BB700000000000000000000000000000000000C5
:10BB800000000000000000000000000000000000B5
:10BB900000000000000000000000000000000000A5
:10BBA0000000000000000000000000000000000095
:10BBB0000000000000000000000000000000000085
:10BBC0000000000000000000000000000000000075
:10BBD0000000000000000000000000000000000065
:10BBE0000000000000000000000000000000000055
:10BBF0000000000000000000000000000000000045
:10BC00000000000000000000000000000000000034
:10BC10000000000000000000000000000000000024
:10BC20000000000000000000000000000000000014
:10BC30000000000000000000000000000000000004
:10BC400000000000000000000000000000000000F4
:10BC500000000000000000000000000000000000E4
:10BC600000000000000000000000000000000000D4
:10BC700000000000000000000000000000000000C4
:10BC800000000000000000000000000000000000B4
:10BC900000000000000000000000000000000000A4
:10BCA0000000000000000000000000000000000094
:10BCB0000000000000000000000000000000000084
:10BCC0000000000000000000000000000000000074
:10BCD0000000000000000000000000000000000064
:10BCE0000000000000000000000000000000000054
:10BCF0000000000000000000000000000000000044
:10BD00000000000000000000000000000000000033
:10BD10000000000000000000000000000000000023
:10BD20000000000000000000000000000000000013
:10BD30000000000000000000000000000000000003
:10BD400000000000000000000000000000000000F3
:10BD500000000000000000000000000000000000E3
:10BD600000000000000000000000000000000000D3
:10BD700000000000000000000000000000000000C3
:10BD800000000000000000000000000000000000B3
:10BD900000000000000000000000000000000000A3
:10BDA0000000000000000000000000000000000093
:10BDB0000000000000000000000000000000000083
:10BDC0000000000000000000000000000000000073
:10BDD0000000000000000000000000000000000063
:10BDE0000000000000000000000000000000000053
:10BDF0000000000000000000000000000000000043
:10BE00000000000000000000000000000000000032
:10BE10000000000000000000000000000000000022
:10BE20000000000000000000000000000000000012
:10BE30000000000000000000000000000000000002
:10BE400000000000000000000000000000000000F2
:10BE500000000000000000000000000000000000E2
:10BE600000000000000000000000000000000000D2
:10BE700000000000000000000000000000000000C2
:10BE800000000000000000000000000000000000B2
:10BE900000000000000000000000000000000000A2
:10BEA0000000000000000000000000000000000092
:10BEB0000000000000000000000000000000000082
:10BEC0000000000000000000000000000000000072
:10BED0000000000000000000000000000000000062
:10BEE0000000000000000000000000000000000052
:10BEF0000000000000000000000000000000000042
:10BF00000000000000000000000000000000000031
:10BF10000000000000000000000000000000000021
:10BF20000000000000000000000000000000000011
:10BF30000000000000000000000000000000000001
:10BF400000000000000000000000000000000000F1
:10BF500000000000000000000000000000000000E1
:10BF600000000000000000000000000000000000D1
:10BF700000000000000000000000000000000000C1
:10BF800000000000000000000000000000000000B1
:10BF900000000000000000000000000000000000A1
:10BFA0000000000000000000000000000000000091
:10BFB0000000000000000000000000000000000081
:10BFC0000000000000000000000000000000000071
:10BFD0000000000000000000000000000000000061
:10BFE0000000000000000000000000000000000051
:10BFF0000000000000000000000000000000000041
:10C000000000000000000000000000000000000030
:10C010000000000000000000000000000000000020
:10C020000000000000000000000000000000000010
:10C030000000000000000000000000000000000000
:10C0400000000000000000000000000000000000F0
:10C0500000000000000000000000000000000000E0
:10C0600000000000000000000000000000000000D0
:10C0700000000000000000000000000000000000C0
:10C0800000000000000000000000000000000000B0
:10C0900000000000000000000000000000000000A0
:10C0A0000000000000000000000000000000000090
:10C0B0000000000000000000000000000000000080
:10C0C0000000000000000000000000000000000070
:10C0D0000000000000000000000000000000000060
:10C0E0000000000000000000000000000000000050
:10C0F0000000000000000000000000000000000040
:10C10000000000000000000000000000000000002F
:10C11000000000000000000000000000000000001F
:10C12000000000000000000000000000000000000F
:10C1300000000000000000000000000000000000FF
:10C1400000000000000000000000000000000000EF
:10C1500000000000000000000000000000000000DF
:10C1600000000000000000000000000000000000CF
:10C1700000000000000000000000000000000000BF
:10C1800000000000000000000000000000000000AF
:10C19000000000000000000000000000000000009F
:10C1A000000000000000000000000000000000008F
:10C1B000000000000000000000000000000000007F
:10C1C000000000000000000000000000000000006F
:10C1D000000000000000000000000000000000005F
:10C1E000000000000000000000000000000000004F
:10C1F000000000000000000000000000000000003F
:10C20000000000000000000000000000000000002E
:10C21000000000000000000000000000000000001E
:10C22000000000000000000000000000000000000E
:10C2300000000000000000000000000000000000FE
:10C2400000000000000000000000000000000000EE
:10C2500000000000000000000000000000000000DE
:10C2600000000000000000000000000000000000CE
:10C2700000000000000000000000000000000000BE
:10C2800000000000000000000000000000000000AE
:10C29000000000000000000000000000000000009E
:10C2A000000000000000000000000000000000008E
:10C2B000000000000000000000000000000000007E
:10C2C000000000000000000000000000000000006E
:10C2D000000000000000000000000000000000005E
:10C2E000000000000000000000000000000000004E
:10C2F000000000000000000000000000000000003E
:10C30000000000000000000000000000000000002D
:10C31000000000000000000000000000000000001D
:10C32000000000000000000000000000000000000D
:10C3300000000000000000000000000000000000FD
:10C3400000000000000000000000000000000000ED
:10C3500000000000000000000000000000000000DD
:10C3600000000000000000000000000000000000CD
:10C3700000000000000000000000000000000000BD
:10C3800000000000000000000000000000000000AD
:10C39000000000000000000000000000000000009D
:10C3A000000000000000000000000000000000008D
:10C3B000000000000000000000000000000000007D
:10C3C000000000000000000000000000000000006D
:10C3D000000000000000000000000000000000005D
:10C3E000000000000000000000000000000000004D
:10C3F000000000000000000000000000000000003D
:10C40000000000000000000000000000000000002C
:10C41000000000000000000000000000000000001C
:10C42000000000000000000000000000000000000C
:10C4300000000000000000000000000000000000FC
:10C4400000000000000000000000000000000000EC
:10C4500000000000000000000000000000000000DC
:10C4600000000000000000000000000000000000CC
:10C4700000000000000000000000000000000000BC
:10C4800000000000000000000000000000000000AC
:10C49000000000000000000000000000000000009C
:10C4A000000000000000000000000000000000008C
:10C4B000000000000000000000000000000000007C
:10C4C000000000000000000000000000000000006C
:10C4D000000000000000000000000000000000005C
:10C4E000000000000000000000000000000000004C
:10C4F000000000000000000000000000000000003C
:10C50000000000000000000000000000000000002B
:10C51000000000000000000000000000000000001B
:10C52000000000000000000000000000000000000B
:10C5300000000000000000000000000000000000FB
:10C5400000000000000000000000000000000000EB
:10C5500000000000000000000000000000000000DB
:10C5600000000000000000000000000000000000CB
:10C5700000000000000000000000000000000000BB
:10C5800000000000000000000000000000000000AB
:10C59000000000000000000000000000000000009B
:10C5A000000000000000000000000000000000008B
:10C5B000000000000000000000000000000000007B
:10C5C000000000000000000000000000000000006B
:10C5D000000000000000000000000000000000005B
:10C5E000000000000000000000000000000000004B
:10C5F000000000000000000000000000000000003B
:10C60000000000000000000000000000000000002A
:10C61000000000000000000000000000000000001A
:10C62000000000000000000000000000000000000A
:10C6300000000000000000000000000000000000FA
:10C6400000000000000000000000000000000000EA
:10C6500000000000000000000000000000000000DA
:10C6600000000000000000000000000000000000CA
:10C6700000000000000000000000000000000000BA
:10C6800000000000000000000000000000000000AA
:10C69000000000000000000000000000000000009A
:10C6A000000000000000000000000000000000008A
:10C6B000000000000000000000000000000000007A
:10C6C000000000000000000000000000000000006A
:10C6D000000000000000000000000000000000005A
:10C6E000000000000000000000000000000000004A
:10C6F000000000000000000000000000000000003A
:10C700000000000000000000000000000000000029
:10C710000000000000000000000000000000000019
:10C720000000000000000000000000000000000009
:10C7300000000000000000000000000000000000F9
:10C7400000000000000000000000000000000000E9
:10C7500000000000000000000000000000000000D9
:10C7600000000000000000000000000000000000C9
:10C7700000000000000000000000000000000000B9
:10C7800000000000000000000000000000000000A9
:10C790000000000000000000000000000000000099
:10C7A0000000000000000000000000000000000089
:10C7B0000000000000000000000000000000000079
:10C7C0000000000000000000000000000000000069
:10C7D0000000000000000000000000000000000059
:10C7E0000000000000000000000000000000000049
:10C7F0000000000000000000000000000000000039
:10C800000000000000000000000000000000000028
:10C810000000000000000000000000000000000018
:10C820000000000000000000000000000000000008
:10C8300000000000000000000000000000000000F8
:10C8400000000000000000000000000000000000E8
:10C8500000000000000000000000000000000000D8
:10C8600000000000000000000000000000000000C8
:10C8700000000000000000000000000000000000B8
:10C8800000000000000000000000000000000000A8
:10C890000000000000000000000000000000000098
:10C8A0000000000000000000000000000000000088
:10C8B0000000000000000000000000000000000078
:10C8C0000000000000000000000000000000000068
:10C8D0000000000000000000000000000000000058
:10C8E0000000000000000000000000000000000048
:10C8F0000000000000000000000000000000000038
:10C900000000000000000000000000000000000027
:10C910000000000000000000000000000000000017
:10C920000000000000000000000000000000000007
:10C9300000000000000000000000000000000000F7
:10C9400000000000000000000000000000000000E7
:10C9500000000000000000000000000000000000D7
:10C9600000000000000000000000000000000000C7
:10C9700000000000000000000000000000000000B7
:10C9800000000000000000000000000000000000A7
:10C990000000000000000000000000000000000097
:10C9A0000000000000000000000000000000000087
:10C9B0000000000000000000000000000000000077
:10C9C0000000000000000000000000000000000067
:10C9D0000000000000000000000000000000000057
:10C9E0000000000000000000000000000000000047
:10C9F0000000000000000000000000000000000037
:10CA00000000000000000000000000000000000026
:10CA10000000000000000000000000000000000016
:10CA20000000000000000000000000000000000006
:10CA300000000000000000000000000000000000F6
:10CA400000000000000000000000000000000000E6
:10CA500000000000000000000000000000000000D6
:10CA600000000000000000000000000000000000C6
:10CA700000000000000000000000000000000000B6
:10CA800000000000000000000000000000000000A6
:10CA90000000000000000000000000000000000096
:10CAA0000000000000000000000000000000000086
:10CAB0000000000000000000000000000000000076
:10CAC0000000000000000000000000000000000066
:10CAD0000000000000000000000000000000000056
:10CAE0000000000000000000000000000000000046
:10CAF0000000000000000000000000000000000036
:10CB00000000000000000000000000000000000025
:10CB10000000000000000000000000000000000015
:10CB20000000000000000000000000000000000005
:10CB300000000000000000000000000000000000F5
:10CB400000000000000000000000000000000000E5
:10CB500000000000000000000000000000000000D5
:10CB600000000000000000000000000000000000C5
:10CB700000000000000000000000000000000000B5
:10CB800000000000000000000000000000000000A5
:10CB90000000000000000000000000000000000095
:10CBA0000000000000000000000000000000000085
:10CBB0000000000000000000000000000000000075
:10CBC0000000000000000000000000000000000065
:10CBD0000000000000000000000000000000000055
:10CBE0000000000000000000000000000000000045
:10CBF0000000000000000000000000000000000035
:10CC00000000000000000000000000000000000024
:10CC10000000000000000000000000000000000014
:10CC20000000000000000000000000000000000004
:10CC300000000000000000000000000000000000F4
:10CC400000000000000000000000000000000000E4
:10CC500000000000000000000000000000000000D4
:10CC600000000000000000000000000000000000C4
:10CC700000000000000000000000000000000000B4
:10CC800000000000000000000000000000000000A4
:10CC90000000000000000000000000000000000094
:10CCA0000000000000000000000000000000000084
:10CCB0000000000000000000000000000000000074
:10CCC0000000000000000000000000000000000064
:10CCD0000000000000000000000000000000000054
:10CCE0000000000000000000000000000000000044
:10CCF0000000000000000000000000000000000034
:10CD00000000000000000000000000000000000023
:10CD10000000000000000000000000000000000013
:10CD20000000000000000000000000000000000003
:10CD300000000000000000000000000000000000F3
:10CD400000000000000000000000000000000000E3
:10CD500000000000000000000000000000000000D3
:10CD600000000000000000000000000000000000C3
:10CD700000000000000000000000000000000000B3
:10CD800000000000000000000000000000000000A3
:10CD90000000000000000000000000000000000093
:10CDA0000000000000000000000000000000000083
:10CDB0000000000000000000000000000000000073
:10CDC0000000000000000000000000000000000063
:10CDD0000000000000000000000000000000000053
:10CDE0000000000000000000000000000000000043
:10CDF0000000000000000000000000000000000033
:10CE00000000000000000000000000000000000022
:10CE10000000000000000000000000000000000012
:10CE20000000000000000000000000000000000002
:10CE300000000000000000000000000000000000F2
:10CE400000000000000000000000000000000000E2
:10CE500000000000000000000000000000000000D2
:10CE600000000000000000000000000000000000C2
:10CE700000000000000000000000000000000000B2
:10CE800000000000000000000000000000000000A2
:10CE90000000000000000000000000000000000092
:10CEA0000000000000000000000000000000000082
:10CEB0000000000000000000000000000000000072
:10CEC0000000000000000000000000000000000062
:10CED0000000000000000000000000000000000052
:10CEE0000000000000000000000000000000000042
:10CEF0000000000000000000000000000000000032
:10CF00000000000000000000000000000000000021
:10CF10000000000000000000000000000000000011
:10CF20000000000000000000000000000000000001
:10CF300000000000000000000000000000000000F1
:10CF400000000000000000000000000000000000E1
:10CF500000000000000000000000000000000000D1
:10CF600000000000000000000000000000000000C1
:10CF700000000000000000000000000000000000B1
:10CF800000000000000000000000000000000000A1
:10CF90000000000000000000000000000000000091
:10CFA0000000000000000000000000000000000081
:10CFB0000000000000000000000000000000000071
:10CFC0000000000000000000000000000000000061
:10CFD0000000000000000000000000000000000051
:10CFE0000000000000000000000000000000000041
:10CFF0000000000000000000000000000000000031
:10D000000000000000000000000000000000000020
:10D010000000000000000000000000000000000010
:10D020000000000000000000000000000000000000
:10D0300000000000000000000000000000000000F0
:10D0400000000000000000000000000000000000E0
:10D0500000000000000000000000000000000000D0
:10D0600000000000000000000000000000000000C0
:10D0700000000000000000000000000000000000B0
:10D0800000000000000000000000000000000000A0
:10D090000000000000000000000000000000000090
:10D0A0000000000000000000000000000000000080
:10D0B0000000000000000000000000000000000070
:10D0C0000000000000000000000000000000000060
:10D0D0000000000000000000000000000000000050
:10D0E0000000000000000000000000000000000040
:10D0F0000000000000000000000000000000000030
:10D10000000000000000000000000000000000001F
:10D11000000000000000000000000000000000000F
:10D1200000000000000000000000000000000000FF
:10D1300000000000000000000000000000000000EF
:10D1400000000000000000000000000000000000DF
:10D1500000000000000000000000000000000000CF
:10D1600000000000000000000000000000000000BF
:10D1700000000000000000000000000000000000AF
:10D18000000000000000000000000000000000009F
:10D19000000000000000000000000000000000008F
:10D1A000000000000000000000000000000000007F
:10D1B000000000000000000000000000000000006F
:10D1C000000000000000000000000000000000005F
:10D1D000000000000000000000000000000000004F
:10D1E000000000000000000000000000000000003F
:10D1F000000000000000000000000000000000002F
:10D20000000000000000000000000000000000001E
:10D21000000000000000000000000000000000000E
:10D2200000000000000000000000000000000000FE
:10D2300000000000000000000000000000000000EE
:10D2400000000000000000000000000000000000DE
:10D2500000000000000000000000000000000000CE
:10D2600000000000000000000000000000000000BE
:10D2700000000000000000000000000000000000AE
:10D28000000000000000000000000000000000009E
:10D29000000000000000000000000000000000008E
:10D2A000000000000000000000000000000000007E
:10D2B000000000000000000000000000000000006E
:10D2C000000000000000000000000000000000005E
:10D2D000000000000000000000000000000000004E
:10D2E000000000000000000000000000000000003E
:10D2F000000000000000000000000000000000002E
:10D30000000000000000000000000000000000001D
:10D31000000000000000000000000000000000000D
:10D3200000000000000000000000000000000000FD
:10D3300000000000000000000000000000000000ED
:10D3400000000000000000000000000000000000DD
:10D3500000000000000000000000000000000000CD
:10D3600000000000000000000000000000000000BD
:10D3700000000000000000000000000000000000AD
:10D38000000000000000000000000000000000009D
:10D39000000000000000000000000000000000008D
:10D3A000000000000000000000000000000000007D
:10D3B000000000000000000000000000000000006D
:10D3C000000000000000000000000000000000005D
:10D3D000000000000000000000000000000000004D
:10D3E000000000000000000000000000000000003D
:10D3F000000000000000000000000000000000002D
:10D40000000000000000000000000000000000001C
:10D41000000000000000000000000000000000000C
:10D4200000000000000000000000000000000000FC
:10D4300000000000000000000000000000000000EC
:10D4400000000000000000000000000000000000DC
:10D4500000000000000000000000000000000000CC
:10D4600000000000000000000000000000000000BC
:10D4700000000000000000000000000000000000AC
:10D48000000000000000000000000000000000009C
:10D49000000000000000000000000000000000008C
:10D4A000000000000000000000000000000000007C
:10D4B000000000000000000000000000000000006C
:10D4C000000000000000000000000000000000005C
:10D4D000000000000000000000000000000000004C
:10D4E000000000000000000000000000000000003C
:10D4F000000000000000000000000000000000002C
:10D50000000000000000000000000000000000001B
:10D51000000000000000000000000000000000000B
:10D5200000000000000000000000000000000000FB
:10D5300000000000000000000000000000000000EB
:10D5400000000000000000000000000000000000DB
:10D5500000000000000000000000000000000000CB
:10D5600000000000000000000000000000000000BB
:10D5700000000000000000000000000000000000AB
:10D58000000000000000000000000000000000009B
:10D59000000000000000000000000000000000008B
:10D5A000000000000000000000000000000000007B
:10D5B000000000000000000000000000000000006B
:10D5C000000000000000000000000000000000005B
:10D5D000000000000000000000000000000000004B
:10D5E000000000000000000000000000000000003B
:10D5F000000000000000000000000000000000002B
:10D60000000000000000000000000000000000001A
:10D61000000000000000000000000000000000000A
:10D6200000000000000000000000000000000000FA
:10D6300000000000000000000000000000000000EA
:10D6400000000000000000000000000000000000DA
:10D6500000000000000000000000000000000000CA
:10D6600000000000000000000000000000000000BA
:10D6700000000000000000000000000000000000AA
:10D68000000000000000000000000000000000009A
:10D69000000000000000000000000000000000008A
:10D6A000000000000000000000000000000000007A
:10D6B000000000000000000000000000000000006A
:10D6C000000000000000000000000000000000005A
:10D6D000000000000000000000000000000000004A
:10D6E000000000000000000000000000000000003A
:10D6F000000000000000000000000000000000002A
:10D700000000000000000000000000000000000019
:10D710000000000000000000000000000000000009
:10D7200000000000000000000000000000000000F9
:10D7300000000000000000000000000000000000E9
:10D7400000000000000000000000000000000000D9
:10D7500000000000000000000000000000000000C9
:10D7600000000000000000000000000000000000B9
:10D7700000000000000000000000000000000000A9
:10D780000000000000000000000000000000000099
:10D790000000000000000000000000000000000089
:10D7A0000000000000000000000000000000000079
:10D7B0000000000000000000000000000000000069
:10D7C0000000000000000000000000000000000059
:10D7D0000000000000000000000000000000000049
:10D7E0000000000000000000000000000000000039
:10D7F0000000000000000000000000000000000029
:10D800000000000000000000000000000000000018
:10D810000000000000000000000000000000000008
:10D8200000000000000000000000000000000000F8
:10D8300000000000000000000000000000000000E8
:10D8400000000000000000000000000000000000D8
:10D8500000000000000000000000000000000000C8
:10D8600000000000000000000000000000000000B8
:10D8700000000000000000000000000000000000A8
:10D880000000000000000000000000000000000098
:10D890000000000000000000000000000000000088
:10D8A0000000000000000000000000000000000078
:10D8B0000000000000000000000000000000000068
:10D8C0000000000000000000000000000000000058
:10D8D0000000000000000000000000000000000048
:10D8E0000000000000000000000000000000000038
:10D8F0000000000000000000000000000000000028
:10D900000000000000000000000000000000000017
:10D910000000000000000000000000000000000007
:10D9200000000000000000000000000000000000F7
:10D9300000000000000000000000000000000000E7
:10D9400000000000000000000000000000000000D7
:10D9500000000000000000000000000000000000C7
:10D9600000000000000000000000000000000000B7
:10D9700000000000000000000000000000000000A7
:10D980000000000000000000000000000000000097
:10D990000000000000000000000000000000000087
:10D9A0000000000000000000000000000000000077
:10D9B0000000000000000000000000000000000067
:10D9C0000000000000000000000000000000000057
:10D9D0000000000000000000000000000000000047
:10D9E0000000000000000000000000000000000037
:10D9F0000000000000000000000000000000000027
:10DA00000000000000000000000000000000000016
:10DA10000000000000000000000000000000000006
:10DA200000000000000000000000000000000000F6
:10DA300000000000000000000000000000000000E6
:10DA400000000000000000000000000000000000D6
:10DA500000000000000000000000000000000000C6
:10DA600000000000000000000000000000000000B6
:10DA700000000000000000000000000000000000A6
:10DA80000000000000000000000000000000000096
:10DA90000000000000000000000000000000000086
:10DAA0000000000000000000000000000000000076
:10DAB0000000000000000000000000000000000066
:10DAC0000000000000000000000000000000000056
:10DAD0000000000000000000000000000000000046
:10DAE0000000000000000000000000000000000036
:10DAF0000000000000000000000000000000000026
:10DB00000000000000000000000000000000000015
:10DB10000000000000000000000000000000000005
:10DB200000000000000000000000000000000000F5
:10DB300000000000000000000000000000000000E5
:10DB400000000000000000000000000000000000D5
:10DB500000000000000000000000000000000000C5
:10DB600000000000000000000000000000000000B5
:10DB700000000000000000000000000000000000A5
:10DB80000000000000000000000000000000000095
:10DB90000000000000000000000000000000000085
:10DBA0000000000000000000000000000000000075
:10DBB0000000000000000000000000000000000065
:10DBC0000000000000000000000000000000000055
:10DBD0000000000000000000000000000000000045
:10DBE0000000000000000000000000000000000035
:10DBF0000000000000000000000000000000000025
:10DC00000000000000000000000000000000000014
:10DC10000000000000000000000000000000000004
:10DC200000000000000000000000000000000000F4
:10DC300000000000000000000000000000000000E4
:10DC400000000000000000000000000000000000D4
:10DC500000000000000000000000000000000000C4
:10DC600000000000000000000000000000000000B4
:10DC700000000000000000000000000000000000A4
:10DC80000000000000000000000000000000000094
:10DC90000000000000000000000000000000000084
:10DCA0000000000000000000000000000000000074
:10DCB0000000000000000000000000000000000064
:10DCC0000000000000000000000000000000000054
:10DCD0000000000000000000000000000000000044
:10DCE0000000000000000000000000000000000034
:10DCF0000000000000000000000000000000000024
:10DD00000000000000000000000000000000000013
:10DD10000000000000000000000000000000000003
:10DD200000000000000000000000000000000000F3
:10DD300000000000000000000000000000000000E3
:10DD400000000000000000000000000000000000D3
:10DD500000000000000000000000000000000000C3
:10DD600000000000000000000000000000000000B3
:10DD700000000000000000000000000000000000A3
:10DD80000000000000000000000000000000000093
:10DD90000000000000000000000000000000000083
:10DDA0000000000000000000000000000000000073
:10DDB0000000000000000000000000000000000063
:10DDC0000000000000000000000000000000000053
:10DDD0000000000000000000000000000000000043
:10DDE0000000000000000000000000000000000033
:10DDF0000000000000000000000000000000000023
:10DE00000000000000000000000000000000000012
:10DE10000000000000000000000000000000000002
:10DE200000000000000000000000000000000000F2
:10DE300000000000000000000000000000000000E2
:10DE400000000000000000000000000000000000D2
:10DE500000000000000000000000000000000000C2
:10DE600000000000000000000000000000000000B2
:10DE700000000000000000000000000000000000A2
:10DE80000000000000000000000000000000000092
:10DE90000000000000000000000000000000000082
:10DEA0000000000000000000000000000000000072
:10DEB0000000000000000000000000000000000062
:10DEC0000000000000000000000000000000000052
:10DED0000000000000000000000000000000000042
:10DEE0000000000000000000000000000000000032
:10DEF0000000000000000000000000000000000022
:10DF00000000000000000000000000000000000011
:10DF10000000000000000000000000000000000001
:10DF200000000000000000000000000000000000F1
:10DF300000000000000000000000000000000000E1
:10DF400000000000000000000000000000000000D1
:10DF500000000000000000000000000000000000C1
:10DF600000000000000000000000000000000000B1
:10DF700000000000000000000000000000000000A1
:10DF80000000000000000000000000000000000091
:10DF90000000000000000000000000000000000081
:10DFA0000000000000000000000000000000000071
:10DFB0000000000000000000000000000000000061
:10DFC0000000000000000000000000000000000051
:10DFD0000000000000000000000000000000000041
:10DFE0000000000000000000000000000000000031
:10DFF0000000000000000000000000000000000021
:10E000000000000000000000000000000000000010
:10E010000000000000000000000000000000000000
:10E0200000000000000000000000000000000000F0
:10E0300000000000000000000000000000000000E0
:10E0400000000000000000000000000000000000D0
:10E0500000000000000000000000000000000000C0
:10E0600000000000000000000000000000000000B0
:10E0700000000000000000000000000000000000A0
:10E080000000000000000000000000000000000090
:10E090000000000000000000000000000000000080
:10E0A0000000000000000000000000000000000070
:10E0B0000000000000000000000000000000000060
:10E0C0000000000000000000000000000000000050
:10E0D0000000000000000000000000000000000040
:10E0E0000000000000000000000000000000000030
:10E0F0000000000000000000000000000000000020
:10E10000000000000000000000000000000000000F
:10E1100000000000000000000000000000000000FF
:10E1200000000000000000000000000000000000EF
:10E1300000000000000000000000000000000000DF
:10E1400000000000000000000000000000000000CF
:10E1500000000000000000000000000000000000BF
:10E1600000000000000000000000000000000000AF
:10E17000000000000000000000000000000000009F
:10E18000000000000000000000000000000000008F
:10E19000000000000000000000000000000000007F
:10E1A000000000000000000000000000000000006F
:10E1B000000000000000000000000000000000005F
:10E1C000000000000000000000000000000000004F
:10E1D000000000000000000000000000000000003F
:10E1E000000000000000000000000000000000002F
:10E1F000000000000000000000000000000000001F
:10E20000000000000000000000000000000000000E
:10E2100000000000000000000000000000000000FE
:10E2200000000000000000000000000000000000EE
:10E2300000000000000000000000000000000000DE
:10E2400000000000000000000000000000000000CE
:10E2500000000000000000000000000000000000BE
:10E2600000000000000000000000000000000000AE
:10E27000000000000000000000000000000000009E
:10E28000000000000000000000000000000000008E
:10E29000000000000000000000000000000000007E
:10E2A000000000000000000000000000000000006E
:10E2B000000000000000000000000000000000005E
:10E2C000000000000000000000000000000000004E
:10E2D000000000000000000000000000000000003E
:10E2E000000000000000000000000000000000002E
:10E2F000000000000000000000000000000000001E
:10E30000000000000000000000000000000000000D
:10E3100000000000000000000000000000000000FD
:10E3200000000000000000000000000000000000ED
:10E3300000000000000000000000000000000000DD
:10E3400000000000000000000000000000000000CD
:10E3500000000000000000000000000000000000BD
:10E3600000000000000000000000000000000000AD
:10E37000000000000000000000000000000000009D
:10E38000000000000000000000000000000000008D
:10E39000000000000000000000000000000000007D
:10E3A000000000000000000000000000000000006D
:10E3B000000000000000000000000000000000005D
:10E3C000000000000000000000000000000000004D
:10E3D000000000000000000000000000000000003D
:10E3E000000000000000000000000000000000002D
:10E3F000000000000000000000000000000000001D
:10E40000000000000000000000000000000000000C
:10E4100000000000000000000000000000000000FC
:10E4200000000000000000000000000000000000EC
:10E4300000000000000000000000000000000000DC
:10E4400000000000000000000000000000000000CC
:10E4500000000000000000000000000000000000BC
:10E4600000000000000000000000000000000000AC
:10E47000000000000000000000000000000000009C
:10E48000000000000000000000000000000000008C
:10E49000000000000000000000000000000000007C
:10E4A000000000000000000000000000000000006C
:10E4B000000000000000000000000000000000005C
:10E4C000000000000000000000000000000000004C
:10E4D000000000000000000000000000000000003C
:10E4E000000000000000000000000000000000002C
:10E4F000000000000000000000000000000000001C
:10E50000000000000000000000000000000000000B
:10E5100000000000000000000000000000000000FB
:10E5200000000000000000000000000000000000EB
:10E5300000000000000000000000000000000000DB
:10E5400000000000000000000000000000000000CB
:10E5500000000000000000000000000000000000BB
:10E5600000000000000000000000000000000000AB
:10E57000000000000000000000000000000000009B
:10E58000000000000000000000000000000000008B
:10E59000000000000000000000000000000000007B
:10E5A000000000000000000000000000000000006B
:10E5B000000000000000000000000000000000005B
:10E5C000000000000000000000000000000000004B
:10E5D000000000000000000000000000000000003B
:10E5E000000000000000000000000000000000002B
:10E5F000000000000000000000000000000000001B
:10E60000000000000000000000000000000000000A
:10E6100000000000000000000000000000000000FA
:10E6200000000000000000000000000000000000EA
:10E6300000000000000000000000000000000000DA
:10E6400000000000000000000000000000000000CA
:10E6500000000000000000000000000000000000BA
:10E6600000000000000000000000000000000000AA
:10E67000000000000000000000000000000000009A
:10E68000000000000000000000000000000000008A
:10E69000000000000000000000000000000000007A
:10E6A000000000000000000000000000000000006A
:10E6B000000000000000000000000000000000005A
:10E6C000000000000000000000000000000000004A
:10E6D000000000000000000000000000000000003A
:10E6E000000000000000000000000000000000002A
:10E6F000000000000000000000000000000000001A
:10E700000000000000000000000000000000000009
:10E7100000000000000000000000000000000000F9
:10E7200000000000000000000000000000000000E9
:10E7300000000000000000000000000000000000D9
:10E7400000000000000000000000000000000000C9
:10E7500000000000000000000000000000000000B9
:10E7600000000000000000000000000000000000A9
:10E770000000000000000000000000000000000099
:10E780000000000000000000000000000000000089
:10E790000000000000000000000000000000000079
:10E7A0000000000000000000000000000000000069
:10E7B0000000000000000000000000000000000059
:10E7C0000000000000000000000000000000000049
:10E7D0000000000000000000000000000000000039
:10E7E0000000000000000000000000000000000029
:10E7F0000000000000000000000000000000000019
:10E800000000000000000000000000000000000008
:10E8100000000000000000000000000000000000F8
:10E8200000000000000000000000000000000000E8
:10E8300000000000000000000000000000000000D8
:10E8400000000000000000000000000000000000C8
:10E8500000000000000000000000000000000000B8
:10E8600000000000000000000000000000000000A8
:10E870000000000000000000000000000000000098
:10E880000000000000000000000000000000000088
:10E890000000000000000000000000000000000078
:10E8A0000000000000000000000000000000000068
:10E8B0000000000000000000000000000000000058
:10E8C0000000000000000000000000000000000048
:10E8D0000000000000000000000000000000000038
:10E8E0000000000000000000000000000000000028
:10E8F0000000000000000000000000000000000018
:10E900000000000000000000000000000000000007
:10E9100000000000000000000000000000000000F7
:10E9200000000000000000000000000000000000E7
:10E9300000000000000000000000000000000000D7
:10E9400000000000000000000000000000000000C7
:10E9500000000000000000000000000000000000B7
:10E9600000000000000000000000000000000000A7
:10E970000000000000000000000000000000000097
:10E980000000000000000000000000000000000087
:10E990000000000000000000000000000000000077
:10E9A0000000000000000000000000000000000067
:10E9B0000000000000000000000000000000000057
:10E9C0000000000000000000000000000000000047
:10E9D0000000000000000000000000000000000037
:10E9E0000000000000000000000000000000000027
:10E9F0000000000000000000000000000000000017
:10EA00000000000000000000000000000000000006
:10EA100000000000000000000000000000000000F6
:10EA200000000000000000000000000000000000E6
:10EA300000000000000000000000000000000000D6
:10EA400000000000000000000000000000000000C6
:10EA500000000000000000000000000000000000B6
:10EA600000000000000000000000000000000000A6
:10EA70000000000000000000000000000000000096
:10EA80000000000000000000000000000000000086
:10EA90000000000000000000000000000000000076
:10EAA0000000000000000000000000000000000066
:10EAB0000000000000000000000000000000000056
:10EAC0000000000000000000000000000000000046
:10EAD0000000000000000000000000000000000036
:10EAE0000000000000000000000000000000000026
:10EAF0000000000000000000000000000000000016
:10EB00000000000000000000000000000000000005
:10EB100000000000000000000000000000000000F5
:10EB200000000000000000000000000000000000E5
:10EB300000000000000000000000000000000000D5
:10EB400000000000000000000000000000000000C5
:10EB500000000000000000000000000000000000B5
:10EB600000000000000000000000000000000000A5
:10EB70000000000000000000000000000000000095
:10EB80000000000000000000000000000000000085
:10EB90000000000000000000000000000000000075
:10EBA0000000000000000000000000000000000065
:10EBB0000000000000000000000000000000000055
:10EBC0000000000000000000000000000000000045
:10EBD0000000000000000000000000000000000035
:10EBE0000000000000000000000000000000000025
:10EBF0000000000000000000000000000000000015
:10EC00000000000000000000000000000000000004
:10EC100000000000000000000000000000000000F4
:10EC200000000000000000000000000000000000E4
:10EC300000000000000000000000000000000000D4
:10EC400000000000000000000000000000000000C4
:10EC500000000000000000000000000000000000B4
:10EC600000000000000000000000000000000000A4
:10EC70000000000000000000000000000000000094
:10EC80000000000000000000000000000000000084
:10EC90000000000000000000000000000000000074
:10ECA0000000000000000000000000000000000064
:10ECB0000000000000000000000000000000000054
:10ECC0000000000000000000000000000000000044
:10ECD0000000000000000000000000000000000034
:10ECE0000000000000000000000000000000000024
:10ECF0000000000000000000000000000000000014
:10ED00000000000000000000000000000000000003
:10ED100000000000000000000000000000000000F3
:10ED200000000000000000000000000000000000E3
:10ED300000000000000000000000000000000000D3
:10ED400000000000000000000000000000000000C3
:10ED500000000000000000000000000000000000B3
:10ED600000000000000000000000000000000000A3
:10ED70000000000000000000000000000000000093
:10ED80000000000000000000000000000000000083
:10ED90000000000000000000000000000000000073
:10EDA0000000000000000000000000000000000063
:10EDB0000000000000000000000000000000000053
:10EDC0000000000000000000000000000000000043
:10EDD0000000000000000000000000000000000033
:10EDE0000000000000000000000000000000000023
:10EDF0000000000000000000000000000000000013
:10EE00000000000000000000000000000000000002
:10EE100000000000000000000000000000000000F2
:10EE200000000000000000000000000000000000E2
:10EE300000000000000000000000000000000000D2
:10EE400000000000000000000000000000000000C2
:10EE500000000000000000000000000000000000B2
:10EE600000000000000000000000000000000000A2
:10EE70000000000000000000000000000000000092
:10EE80000000000000000000000000000000000082
:10EE90000000000000000000000000000000000072
:10EEA0000000000000000000000000000000000062
:10EEB0000000000000000000000000000000000052
:10EEC0000000000000000000000000000000000042
:10EED0000000000000000000000000000000000032
:10EEE0000000000000000000000000000000000022
:10EEF0000000000000000000000000000000000012
:10EF00000000000000000000000000000000000001
:10EF100000000000000000000000000000000000F1
:10EF200000000000000000000000000000000000E1
:10EF300000000000000000000000000000000000D1
:10EF400000000000000000000000000000000000C1
:10EF500000000000000000000000000000000000B1
:10EF600000000000000000000000000000000000A1
:10EF70000000000000000000000000000000000091
:10EF80000000000000000000000000000000000081
:10EF90000000000000000000000000000000000071
:10EFA0000000000000000000000000000000000061
:10EFB0000000000000000000000000000000000051
:10EFC0000000000000000000000000000000000041
:10EFD0000000000000000000000000000000000031
:10EFE0000000000000000000000000000000000021
:10EFF0000000000000000000000000000000000011
:10F000000000000000000000000000000000000000
:10F0100000000000000000000000000000000000F0
:10F0200000000000000000000000000000000000E0
:10F0300000000000000000000000000000000000D0
:10F0400000000000000000000000000000000000C0
:10F0500000000000000000000000000000000000B0
:10F0600000000000000000000000000000000000A0
:10F070000000000000000000000000000000000090
:10F080000000000000000000000000000000000080
:10F090000000000000000000000000000000000070
:10F0A0000000000000000000000000000000000060
:10F0B0000000000000000000000000000000000050
:10F0C0000000000000000000000000000000000040
:10F0D0000000000000000000000000000000000030
:10F0E0000000000000000000000000000000000020
:10F0F0000000000000000000000000000000000010
:10F1000000000000000000000000000000000000FF
:10F1100000000000000000000000000000000000EF
:10F1200000000000000000000000000000000000DF
:10F1300000000000000000000000000000000000CF
:10F1400000000000000000000000000000000000BF
:10F1500000000000000000000000000000000000AF
:10F16000000000000000000000000000000000009F
:10F17000000000000000000000000000000000008F
:10F18000000000000000000000000000000000007F
:10F19000000000000000000000000000000000006F
:10F1A000000000000000000000000000000000005F
:10F1B000000000000000000000000000000000004F
:10F1C000000000000000000000000000000000003F
:10F1D000000000000000000000000000000000002F
:10F1E000000000000000000000000000000000001F
:10F1F000000000000000000000000000000000000F
:10F2000000000000000000000000000000000000FE
:10F2100000000000000000000000000000000000EE
:10F2200000000000000000000000000000000000DE
:10F2300000000000000000000000000000000000CE
:10F2400000000000000000000000000000000000BE
:10F2500000000000000000000000000000000000AE
:10F26000000000000000000000000000000000009E
:10F27000000000000000000000000000000000008E
:10F28000000000000000000000000000000000007E
:10F29000000000000000000000000000000000006E
:10F2A000000000000000000000000000000000005E
:10F2B000000000000000000000000000000000004E
:10F2C000000000000000000000000000000000003E
:10F2D000000000000000000000000000000000002E
:10F2E000000000000000000000000000000000001E
:10F2F000000000000000000000000000000000000E
:10F3000000000000000000000000000000000000FD
:10F3100000000000000000000000000000000000ED
:10F3200000000000000000000000000000000000DD
:10F3300000000000000000000000000000000000CD
:10F3400000000000000000000000000000000000BD
:10F3500000000000000000000000000000000000AD
:10F36000000000000000000000000000000000009D
:10F37000000000000000000000000000000000008D
:10F38000000000000000000000000000000000007D
:10F39000000000000000000000000000000000006D
:10F3A000000000000000000000000000000000005D
:10F3B000000000000000000000000000000000004D
:10F3C000000000000000000000000000000000003D
:10F3D000000000000000000000000000000000002D
:10F3E000000000000000000000000000000000001D
:10F3F000000000000000000000000000000000000D
:10F4000000000000000000000000000000000000FC
:10F4100000000000000000000000000000000000EC
:10F4200000000000000000000000000000000000DC
:10F4300000000000000000000000000000000000CC
:10F4400000000000000000000000000000000000BC
:10F4500000000000000000000000000000000000AC
:10F46000000000000000000000000000000000009C
:10F47000000000000000000000000000000000008C
:10F48000000000000000000000000000000000007C
:10F49000000000000000000000000000000000006C
:10F4A000000000000000000000000000000000005C
:10F4B000000000000000000000000000000000004C
:10F4C000000000000000000000000000000000003C
:10F4D000000000000000000000000000000000002C
:10F4E000000000000000000000000000000000001C
:10F4F000000000000000000000000000000000000C
:10F5000000000000000000000000000000000000FB
:10F5100000000000000000000000000000000000EB
:10F5200000000000000000000000000000000000DB
:10F5300000000000000000000000000000000000CB
:10F5400000000000000000000000000000000000BB
:10F5500000000000000000000000000000000000AB
:10F56000000000000000000000000000000000009B
:10F57000000000000000000000000000000000008B
:10F58000000000000000000000000000000000007B
:10F59000000000000000000000000000000000006B
:10F5A000000000000000000000000000000000005B
:10F5B000000000000000000000000000000000004B
:10F5C000000000000000000000000000000000003B
:10F5D000000000000000000000000000000000002B
:10F5E000000000000000000000000000000000001B
:10F5F000000000000000000000000000000000000B
:10F6000000000000000000000000000000000000FA
:10F6100000000000000000000000000000000000EA
:10F6200000000000000000000000000000000000DA
:10F6300000000000000000000000000000000000CA
:10F6400000000000000000000000000000000000BA
:10F6500000000000000000000000000000000000AA
:10F66000000000000000000000000000000000009A
:10F67000000000000000000000000000000000008A
:10F68000000000000000000000000000000000007A
:10F69000000000000000000000000000000000006A
:10F6A000000000000000000000000000000000005A
:10F6B000000000000000000000000000000000004A
:10F6C000000000000000000000000000000000003A
:10F6D000000000000000000000000000000000002A
:10F6E000000000000000000000000000000000001A
:10F6F000000000000000000000000000000000000A
:10F7000000000000000000000000000000000000F9
:10F7100000000000000000000000000000000000E9
:10F7200000000000000000000000000000000000D9
:10F7300000000000000000000000000000000000C9
:10F7400000000000000000000000000000000000B9
:10F7500000000000000000000000000000000000A9
:10F760000000000000000000000000000000000099
:10F770000000000000000000000000000000000089
:10F780000000000000000000000000000000000079
:10F790000000000000000000000000000000000069
:10F7A0000000000000000000000000000000000059
:10F7B0000000000000000000000000000000000049
:10F7C0000000000000000000000000000000000039
:10F7D0000000000000000000000000000000000029
:10F7E0000000000000000000000000000000000019
:10F7F0000000000000000000000000000000000009
:10F8000000000000000000000000000000000000F8
:10F8100000000000000000000000000000000000E8
:10F8200000000000000000000000000000000000D8
:10F8300000000000000000000000000000000000C8
:10F8400000000000000000000000000000000000B8
:10F8500000000000000000000000000000000000A8
:10F860000000000000000000000000000000000098
:10F870000000000000000000000000000000000088
:10F880000000000000000000000000000000000078
:10F890000000000000000000000000000000000068
:10F8A0000000000000000000000000000000000058
:10F8B0000000000000000000000000000000000048
:10F8C0000000000000000000000000000000000038
:10F8D0000000000000000000000000000000000028
:10F8E0000000000000000000000000000000000018
:10F8F0000000000000000000000000000000000008
:10F9000000000000000000000000000000000000F7
:10F9100000000000000000000000000000000000E7
:10F9200000000000000000000000000000000000D7
:10F9300000000000000000000000000000000000C7
:10F9400000000000000000000000000000000000B7
:10F9500000000000000000000000000000000000A7
:10F960000000000000000000000000000000000097
:10F970000000000000000000000000000000000087
:10F980000000000000000000000000000000000077
:10F990000000000000000000000000000000000067
:10F9A0000000000000000000000000000000000057
:10F9B0000000000000000000000000000000000047
:10F9C0000000000000000000000000000000000037
:10F9D0000000000000000000000000000000000027
:10F9E0000000000000000000000000000000000017
:10F9F0000000000000000000000000000000000007
:10FA000000000000000000000000000000000000F6
:10FA100000000000000000000000000000000000E6
:10FA200000000000000000000000000000000000D6
:10FA300000000000000000000000000000000000C6
:10FA400000000000000000000000000000000000B6
:10FA500000000000000000000000000000000000A6
:10FA60000000000000000000000000000000000096
:10FA70000000000000000000000000000000000086
:10FA80000000000000000000000000000000000076
:10FA90000000000000000000000000000000000066
:10FAA0000000000000000000000000000000000056
:10FAB0000000000000000000000000000000000046
:10FAC0000000000000000000000000000000000036
:10FAD0000000000000000000000000000000000026
:10FAE0000000000000000000000000000000000016
:10FAF0000000000000000000000000000000000006
:10FB000000000000000000000000000000000000F5
:10FB100000000000000000000000000000000000E5
:10FB200000000000000000000000000000000000D5
:10FB300000000000000000000000000000000000C5
:10FB400000000000000000000000000000000000B5
:10FB500000000000000000000000000000000000A5
:10FB60000000000000000000000000000000000095
:10FB70000000000000000000000000000000000085
:10FB80000000000000000000000000000000000075
:10FB90000000000000000000000000000000000065
:10FBA0000000000000000000000000000000000055
:10FBB0000000000000000000000000000000000045
:10FBC0000000000000000000000000000000000035
:10FBD0000000000000000000000000000000000025
:10FBE0000000000000000000000000000000000015
:10FBF0000000000000000000000000000000000005
:10FC000000000000000000000000000000000000F4
:10FC100000000000000000000000000000000000E4
:10FC200000000000000000000000000000000000D4
:10FC300000000000000000000000000000000000C4
:10FC400000000000000000000000000000000000B4
:10FC500000000000000000000000000000000000A4
:10FC60000000000000000000000000000000000094
:10FC70000000000000000000000000000000000084
:10FC80000000000000000000000000000000000074
:10FC90000000000000000000000000000000000064
:10FCA0000000000000000000000000000000000054
:10FCB0000000000000000000000000000000000044
:10FCC0000000000000000000000000000000000034
:10FCD0000000000000000000000000000000000024
:10FCE0000000000000000000000000000000000014
:10FCF0000000000000000000000000000000000004
:10FD000000000000000000000000000000000000F3
:10FD100000000000000000000000000000000000E3
:10FD200000000000000000000000000000000000D3
:10FD300000000000000000000000000000000000C3
:10FD400000000000000000000000000000000000B3
:10FD500000000000000000000000000000000000A3
:10FD60000000000000000000000000000000000093
:10FD70000000000000000000000000000000000083
:10FD80000000000000000000000000000000000073
:10FD90000000000000000000000000000000000063
:10FDA0000000000000000000000000000000000053
:10FDB0000000000000000000000000000000000043
:10FDC0000000000000000000000000000000000033
:10FDD0000000000000000000000000000000000023
:10FDE0000000000000000000000000000000000013
:10FDF0000000000000000000000000000000000003
:10FE000000000000000000000000000000000000F2
:10FE100000000000000000000000000000000000E2
:10FE200000000000000000000000000000000000D2
:10FE300000000000000000000000000000000000C2
:10FE400000000000000000000000000000000000B2
:10FE500000000000000000000000000000000000A2
:10FE60000000000000000000000000000000000092
:10FE70000000000000000000000000000000000082
:10FE80000000000000000000000000000000000072
:10FE90000000000000000000000000000000000062
:10FEA0000000000000000000000000000000000052
:10FEB0000000000000000000000000000000000042
:10FEC0000000000000000000000000000000000032
:10FED0000000000000000000000000000000000022
:10FEE0000000000000000000000000000000000012
:10FEF0000000000000000000000000000000000002
:10FF000000000000000000000000000000000000F1
:10FF100000000000000000000000000000000000E1
:10FF200000000000000000000000000000000000D1
:10FF300000000000000000000000000000000000C1
:10FF400000000000000000000000000000000000B1
:10FF500000000000000000000000000000000000A1
:10FF60000000000000000000000000000000000091
:10FF70000000000000000000000000000000000081
:10FF80000000000000000000000000000000000071
:10FF90000000000000000000000000000000000061
:10FFA0000000000000000000000000000000000051
:10FFB0000000000000000000000000000000000041
:10FFC0000000000000000000000000000000000031
:10FFD0000000000000000000000000000000000021
:10FFE0000000000000000000000000000000000011
:10FFF0000000000000000000000000000000000001
:020000040005F5
:1000000000000000000000000000000000000000F0
:1000100000000000000000000000000000000000E0
:1000200000000000000000000000000000000000D0
:1000300000000000000000000000000000000000C0
:1000400000000000000000000000000000000000B0
:1000500000000000000000000000000000000000A0
:100060000000000000000000000000000000000090
:100070000000000000000000000000000000000080
:100080000000000000000000000000000000000070
:100090000000000000000000000000000000000060
:1000A0000000000000000000000000000000000050
:1000B0000000000000000000000000000000000040
:1000C0000000000000000000000000000000000030
:1000D0000000000000000000000000000000000020
:1000E0000000000000000000000000000000000010
:1000F0000000000000000000000000000000000000
:1001000000000000000000000000000000000000EF
:1001100000000000000000000000000000000000DF
:1001200000000000000000000000000000000000CF
:1001300000000000000000000000000000000000BF
:1001400000000000000000000000000000000000AF
:10015000000000000000000000000000000000009F
:10016000000000000000000000000000000000008F
:10017000000000000000000000000000000000007F
:10018000000000000000000000000000000000006F
:10019000000000000000000000000000000000005F
:1001A000000000000000000000000000000000004F
:1001B000000000000000000000000000000000003F
:1001C000000000000000000000000000000000002F
:1001D000000000000000000000000000000000001F
:1001E000000000000000000000000000000000000F
:1001F00000000000000000000000000000000000FF
:1002000000000000000000000000000000000000EE
:1002100000000000000000000000000000000000DE
:1002200000000000000000000000000000000000CE
:1002300000000000000000000000000000000000BE
:1002400000000000000000000000000000000000AE
:10025000000000000000000000000000000000009E
:10026000000000000000000000000000000000008E
:10027000000000000000000000000000000000007E
:10028000000000000000000000000000000000006E
:10029000000000000000000000000000000000005E
:1002A000000000000000000000000000000000004E
:1002B000000000000000000000000000000000003E
:1002C000000000000000000000000000000000002E
:1002D000000000000000000000000000000000001E
:1002E000000000000000000000000000000000000E
:1002F00000000000000000000000000000000000FE
:1003000000000000000000000000000000000000ED
:1003100000000000000000000000000000000000DD
:1003200000000000000000000000000000000000CD
:1003300000000000000000000000000000000000BD
:1003400000000000000000000000000000000000AD
:10035000000000000000000000000000000000009D
:10036000000000000000000000000000000000008D
:10037000000000000000000000000000000000007D
:10038000000000000000000000000000000000006D
:10039000000000000000000000000000000000005D
:1003A000000000000000000000000000000000004D
:1003B000000000000000000000000000000000003D
:1003C000000000000000000000000000000000002D
:1003D000000000000000000000000000000000001D
:1003E000000000000000000000000000000000000D
:1003F00000000000000000000000000000000000FD
:1004000000000000000000000000000000000000EC
:1004100000000000000000000000000000000000DC
:1004200000000000000000000000000000000000CC
:1004300000000000000000000000000000000000BC
:1004400000000000000000000000000000000000AC
:10045000000000000000000000000000000000009C
:10046000000000000000000000000000000000008C
:10047000000000000000000000000000000000007C
:10048000000000000000000000000000000000006C
:10049000000000000000000000000000000000005C
:1004A000000000000000000000000000000000004C
:1004B000000000000000000000000000000000003C
:1004C000000000000000000000000000000000002C
:1004D000000000000000000000000000000000001C
:1004E000000000000000000000000000000000000C
:1004F00000000000000000000000000000000000FC
:1005000000000000000000000000000000000000EB
:1005100000000000000000000000000000000000DB
:1005200000000000000000000000000000000000CB
:1005300000000000000000000000000000000000BB
:1005400000000000000000000000000000000000AB
:10055000000000000000000000000000000000009B
:10056000000000000000000000000000000000008B
:10057000000000000000000000000000000000007B
:10058000000000000000000000000000000000006B
:10059000000000000000000000000000000000005B
:1005A000000000000000000000000000000000004B
:1005B000000000000000000000000000000000003B
:1005C000000000000000000000000000000000002B
:1005D000000000000000000000000000000000001B
:1005E000000000000000000000000000000000000B
:1005F00000000000000000000000000000000000FB
:1006000000000000000000000000000000000000EA
:1006100000000000000000000000000000000000DA
:1006200000000000000000000000000000000000CA
:1006300000000000000000000000000000000000BA
:1006400000000000000000000000000000000000AA
:10065000000000000000000000000000000000009A
:10066000000000000000000000000000000000008A
:10067000000000000000000000000000000000007A
:10068000000000000000000000000000000000006A
:10069000000000000000000000000000000000005A
:1006A000000000000000000000000000000000004A
:1006B000000000000000000000000000000000003A
:1006C000000000000000000000000000000000002A
:1006D000000000000000000000000000000000001A
:1006E000000000000000000000000000000000000A
:1006F00000000000000000000000000000000000FA
:1007000000000000000000000000000000000000E9
:1007100000000000000000000000000000000000D9
:1007200000000000000000000000000000000000C9
:1007300000000000000000000000000000000000B9
:1007400000000000000000000000000000000000A9
:100750000000000000000000000000000000000099
:100760000000000000000000000000000000000089
:100770000000000000000000000000000000000079
:100780000000000000000000000000000000000069
:100790000000000000000000000000000000000059
:1007A0000000000000000000000000000000000049
:1007B0000000000000000000000000000000000039
:1007C0000000000000000000000000000000000029
:1007D0000000000000000000000000000000000019
:1007E0000000000000000000000000000000000009
:1007F00000000000000000000000000000000000F9
:1008000000000000000000000000000000000000E8
:1008100000000000000000000000000000000000D8
:1008200000000000000000000000000000000000C8
:1008300000000000000000000000000000000000B8
:1008400000000000000000000000000000000000A8
:100850000000000000000000000000000000000098
:100860000000000000000000000000000000000088
:100870000000000000000000000000000000000078
:100880000000000000000000000000000000000068
:100890000000000000000000000000000000000058
:1008A0000000000000000000000000000000000048
:1008B0000000000000000000000000000000000038
:1008C0000000000000000000000000000000000028
:1008D0000000000000000000000000000000000018
:1008E0000000000000000000000000000000000008
:1008F00000000000000000000000000000000000F8
:1009000000000000000000000000000000000000E7
:1009100000000000000000000000000000000000D7
:1009200000000000000000000000000000000000C7
:1009300000000000000000000000000000000000B7
:1009400000000000000000000000000000000000A7
:100950000000000000000000000000000000000097
:100960000000000000000000000000000000000087
:100970000000000000000000000000000000000077
:100980000000000000000000000000000000000067
:100990000000000000000000000000000000000057
:1009A0000000000000000000000000000000000047
:1009B0000000000000000000000000000000000037
:1009C0000000000000000000000000000000000027
:1009D0000000000000000000000000000000000017
:1009E0000000000000000000000000000000000007
:1009F00000000000000000000000000000000000F7
:100A000000000000000000000000000000000000E6
:100A100000000000000000000000000000000000D6
:100A200000000000000000000000000000000000C6
:100A300000000000000000000000000000000000B6
:100A400000000000000000000000000000000000A6
:100A50000000000000000000000000000000000096
:100A60000000000000000000000000000000000086
:100A70000000000000000000000000000000000076
:100A80000000000000000000000000000000000066
:100A90000000000000000000000000000000000056
:100AA0000000000000000000000000000000000046
:100AB0000000000000000000000000000000000036
:100AC0000000000000000000000000000000000026
:100AD0000000000000000000000000000000000016
:100AE0000000000000000000000000000000000006
:100AF00000000000000000000000000000000000F6
:100B000000000000000000000000000000000000E5
:100B100000000000000000000000000000000000D5
:100B200000000000000000000000000000000000C5
:100B300000000000000000000000000000000000B5
:100B400000000000000000000000000000000000A5
:100B50000000000000000000000000000000000095
:100B60000000000000000000000000000000000085
:100B70000000000000000000000000000000000075
:100B80000000000000000000000000000000000065
:100B90000000000000000000000000000000000055
:100BA0000000000000000000000000000000000045
:100BB0000000000000000000000000000000000035
:100BC0000000000000000000000000000000000025
:100BD0000000000000000000000000000000000015
:100BE0000000000000000000000000000000000005
:100BF00000000000000000000000000000000000F5
:100C000000000000000000000000000000000000E4
:100C100000000000000000000000000000000000D4
:100C200000000000000000000000000000000000C4
:100C300000000000000000000000000000000000B4
:100C400000000000000000000000000000000000A4
:100C50000000000000000000000000000000000094
:100C60000000000000000000000000000000000084
:100C70000000000000000000000000000000000074
:100C80000000000000000000000000000000000064
:100C90000000000000000000000000000000000054
:100CA0000000000000000000000000000000000044
:100CB0000000000000000000000000000000000034
:100CC0000000000000000000000000000000000024
:100CD0000000000000000000000000000000000014
:100CE0000000000000000000000000000000000004
:100CF00000000000000000000000000000000000F4
:100D000000000000000000000000000000000000E3
:100D100000000000000000000000000000000000D3
:100D200000000000000000000000000000000000C3
:100D300000000000000000000000000000000000B3
:100D400000000000000000000000000000000000A3
:100D50000000000000000000000000000000000093
:100D60000000000000000000000000000000000083
:100D70000000000000000000000000000000000073
:100D80000000000000000000000000000000000063
:100D90000000000000000000000000000000000053
:100DA0000000000000000000000000000000000043
:100DB0000000000000000000000000000000000033
:100DC0000000000000000000000000000000000023
:100DD0000000000000000000000000000000000013
:100DE0000000000000000000000000000000000003
:100DF00000000000000000000000000000000000F3
:100E000000000000000000000000000000000000E2
:100E100000000000000000000000000000000000D2
:100E200000000000000000000000000000000000C2
:100E300000000000000000000000000000000000B2
:100E400000000000000000000000000000000000A2
:100E50000000000000000000000000000000000092
:100E60000000000000000000000000000000000082
:100E70000000000000000000000000000000000072
:100E80000000000000000000000000000000000062
:100E90000000000000000000000000000000000052
:100EA0000000000000000000000000000000000042
:100EB0000000000000000000000000000000000032
:100EC0000000000000000000000000000000000022
:100ED0000000000000000000000000000000000012
:100EE0000000000000000000000000000000000002
:100EF00000000000000000000000000000000000F2
:100F000000000000000000000000000000000000E1
:100F100000000000000000000000000000000000D1
:100F200000000000000000000000000000000000C1
:100F300000000000000000000000000000000000B1
:100F400000000000000000000000000000000000A1
:100F50000000000000000000000000000000000091
:100F60000000000000000000000000000000000081
:100F70000000000000000000000000000000000071
:100F80000000000000000000000000000000000061
:100F90000000000000000000000000000000000051
:100FA0000000000000000000000000000000000041
:100FB0000000000000000000000000000000000031
:100FC0000000000000000000000000000000000021
:100FD0000000000000000000000000000000000011
:100FE0000000000000000000000000000000000001
:100FF00000000000000000000000000000000000F1
:1010000000000000000000000000000000000000E0
:1010100000000000000000000000000000000000D0
:1010200000000000000000000000000000000000C0
:1010300000000000000000000000000000000000B0
:1010400000000000000000000000000000000000A0
:101050000000000000000000000000000000000090
:101060000000000000000000000000000000000080
:101070000000000000000000000000000000000070
:101080000000000000000000000000000000000060
:101090000000000000000000000000000000000050
:1010A0000000000000000000000000000000000040
:1010B0000000000000000000000000000000000030
:1010C0000000000000000000000000000000000020
:1010D0000000000000000000000000000000000010
:1010E0000000000000000000000000000000000000
:1010F00000000000000000000000000000000000F0
:1011000000000000000000000000000000000000DF
:1011100000000000000000000000000000000000CF
:1011200000000000000000000000000000000000BF
:1011300000000000000000000000000000000000AF
:10114000000000000000000000000000000000009F
:10115000000000000000000000000000000000008F
:10116000000000000000000000000000000000007F
:10117000000000000000000000000000000000006F
:10118000000000000000000000000000000000005F
:10119000000000000000000000000000000000004F
:1011A000000000000000000000000000000000003F
:1011B000000000000000000000000000000000002F
:1011C000000000000000000000000000000000001F
:1011D000000000000000000000000000000000000F
:1011E00000000000000000000000000000000000FF
:1011F00000000000000000000000000000000000EF
:1012000000000000000000000000000000000000DE
:1012100000000000000000000000000000000000CE
:1012200000000000000000000000000000000000BE
:1012300000000000000000000000000000000000AE
:10124000000000000000000000000000000000009E
:10125000000000000000000000000000000000008E
:10126000000000000000000000000000000000007E
:10127000000000000000000000000000000000006E
:10128000000000000000000000000000000000005E
:10129000000000000000000000000000000000004E
:1012A000000000000000000000000000000000003E
:1012B000000000000000000000000000000000002E
:1012C000000000000000000000000000000000001E
:1012D000000000000000000000000000000000000E
:1012E00000000000000000000000000000000000FE
:1012F00000000000000000000000000000000000EE
:1013000000000000000000000000000000000000DD
:1013100000000000000000000000000000000000CD
:1013200000000000000000000000000000000000BD
:1013300000000000000000000000000000000000AD
:10134000000000000000000000000000000000009D
:10135000000000000000000000000000000000008D
:10136000000000000000000000000000000000007D
:10137000000000000000000000000000000000006D
:10138000000000000000000000000000000000005D
:10139000000000000000000000000000000000004D
:1013A000000000000000000000000000000000003D
:1013B000000000000000000000000000000000002D
:1013C000000000000000000000000000000000001D
:1013D000000000000000000000000000000000000D
:1013E00000000000000000000000000000000000FD
:1013F00000000000000000000000000000000000ED
:1014000000000000000000000000000000000000DC
:1014100000000000000000000000000000000000CC
:1014200000000000000000000000000000000000BC
:1014300000000000000000000000000000000000AC
:10144000000000000000000000000000000000009C
:10145000000000000000000000000000000000008C
:10146000000000000000000000000000000000007C
:10147000000000000000000000000000000000006C
:10148000000000000000000000000000000000005C
:10149000000000000000000000000000000000004C
:1014A000000000000000000000000000000000003C
:1014B000000000000000000000000000000000002C
:1014C000000000000000000000000000000000001C
:1014D000000000000000000000000000000000000C
:1014E00000000000000000000000000000000000FC
:1014F00000000000000000000000000000000000EC
:1015000000000000000000000000000000000000DB
:1015100000000000000000000000000000000000CB
:1015200000000000000000000000000000000000BB
:1015300000000000000000000000000000000000AB
:10154000000000000000000000000000000000009B
:10155000000000000000000000000000000000008B
:10156000000000000000000000000000000000007B
:10157000000000000000000000000000000000006B
:10158000000000000000000000000000000000005B
:10159000000000000000000000000000000000004B
:1015A000000000000000000000000000000000003B
:1015B000000000000000000000000000000000002B
:1015C000000000000000000000000000000000001B
:1015D000000000000000000000000000000000000B
:1015E00000000000000000000000000000000000FB
:1015F00000000000000000000000000000000000EB
:1016000000000000000000000000000000000000DA
:1016100000000000000000000000000000000000CA
:1016200000000000000000000000000000000000BA
:1016300000000000000000000000000000000000AA
:10164000000000000000000000000000000000009A
:10165000000000000000000000000000000000008A
:10166000000000000000000000000000000000007A
:10167000000000000000000000000000000000006A
:10168000000000000000000000000000000000005A
:10169000000000000000000000000000000000004A
:1016A000000000000000000000000000000000003A
:1016B000000000000000000000000000000000002A
:1016C000000000000000000000000000000000001A
:1016D000000000000000000000000000000000000A
:1016E00000000000000000000000000000000000FA
:1016F00000000000000000000000000000000000EA
:1017000000000000000000000000000000000000D9
:1017100000000000000000000000000000000000C9
:1017200000000000000000000000000000000000B9
:1017300000000000000000000000000000000000A9
:101740000000000000000000000000000000000099
:101750000000000000000000000000000000000089
:101760000000000000000000000000000000000079
:101770000000000000000000000000000000000069
:101780000000000000000000000000000000000059
:101790000000000000000000000000000000000049
:1017A0000000000000000000000000000000000039
:1017B0000000000000000000000000000000000029
:1017C0000000000000000000000000000000000019
:1017D0000000000000000000000000000000000009
:1017E00000000000000000000000000000000000F9
:1017F00000000000000000000000000000000000E9
:1018000000000000000000000000000000000000D8
:1018100000000000000000000000000000000000C8
:1018200000000000000000000000000000000000B8
:1018300000000000000000000000000000000000A8
:101840000000000000000000000000000000000098
:101850000000000000000000000000000000000088
:101860000000000000000000000000000000000078
:101870000000000000000000000000000000000068
:101880000000000000000000000000000000000058
:101890000000000000000000000000000000000048
:1018A0000000000000000000000000000000000038
:1018B0000000000000000000000000000000000028
:1018C0000000000000000000000000000000000018
:1018D0000000000000000000000000000000000008
:1018E00000000000000000000000000000000000F8
:1018F00000000000000000000000000000000000E8
:1019000000000000000000000000000000000000D7
:1019100000000000000000000000000000000000C7
:1019200000000000000000000000000000000000B7
:1019300000000000000000000000000000000000A7
:101940000000000000000000000000000000000097
:101950000000000000000000000000000000000087
:101960000000000000000000000000000000000077
:101970000000000000000000000000000000000067
:101980000000000000000000000000000000000057
:101990000000000000000000000000000000000047
:1019A0000000000000000000000000000000000037
:1019B0000000000000000000000000000000000027
:1019C0000000000000000000000000000000000017
:1019D0000000000000000000000000000000000007
:1019E00000000000000000000000000000000000F7
:1019F00000000000000000000000000000000000E7
:101A000000000000000000000000000000000000D6
:101A100000000000000000000000000000000000C6
:101A200000000000000000000000000000000000B6
:101A300000000000000000000000000000000000A6
:101A40000000000000000000000000000000000096
:101A50000000000000000000000000000000000086
:101A60000000000000000000000000000000000076
:101A70000000000000000000000000000000000066
:101A80000000000000000000000000000000000056
:101A90000000000000000000000000000000000046
:101AA0000000000000000000000000000000000036
:101AB0000000000000000000000000000000000026
:101AC0000000000000000000000000000000000016
:101AD0000000000000000000000000000000000006
:101AE00000000000000000000000000000000000F6
:101AF00000000000000000000000000000000000E6
:101B000000000000000000000000000000000000D5
:101B100000000000000000000000000000000000C5
:101B200000000000000000000000000000000000B5
:101B300000000000000000000000000000000000A5
:101B40000000000000000000000000000000000095
:101B50000000000000000000000000000000000085
:101B60000000000000000000000000000000000075
:101B70000000000000000000000000000000000065
:101B80000000000000000000000000000000000055
:101B90000000000000000000000000000000000045
:101BA0000000000000000000000000000000000035
:101BB0000000000000000000000000000000000025
:101BC0000000000000000000000000000000000015
:101BD0000000000000000000000000000000000005
:101BE00000000000000000000000000000000000F5
:101BF00000000000000000000000000000000000E5
:101C000000000000000000000000000000000000D4
:101C100000000000000000000000000000000000C4
:101C200000000000000000000000000000000000B4
:101C300000000000000000000000000000000000A4
:101C40000000000000000000000000000000000094
:101C50000000000000000000000000000000000084
:101C60000000000000000000000000000000000074
:101C70000000000000000000000000000000000064
:101C80000000000000000000000000000000000054
:101C90000000000000000000000000000000000044
:101CA0000000000000000000000000000000000034
:101CB0000000000000000000000000000000000024
:101CC0000000000000000000000000000000000014
:101CD0000000000000000000000000000000000004
:101CE00000000000000000000000000000000000F4
:101CF00000000000000000000000000000000000E4
:101D000000000000000000000000000000000000D3
:101D100000000000000000000000000000000000C3
:101D200000000000000000000000000000000000B3
:101D300000000000000000000000000000000000A3
:101D40000000000000000000000000000000000093
:101D50000000000000000000000000000000000083
:101D60000000000000000000000000000000000073
:101D70000000000000000000000000000000000063
:101D80000000000000000000000000000000000053
:101D90000000000000000000000000000000000043
:101DA0000000000000000000000000000000000033
:101DB0000000000000000000000000000000000023
:101DC0000000000000000000000000000000000013
:101DD0000000000000000000000000000000000003
:101DE00000000000000000000000000000000000F3
:101DF00000000000000000000000000000000000E3
:101E000000000000000000000000000000000000D2
:101E100000000000000000000000000000000000C2
:101E200000000000000000000000000000000000B2
:101E300000000000000000000000000000000000A2
:101E40000000000000000000000000000000000092
:101E50000000000000000000000000000000000082
:101E60000000000000000000000000000000000072
:101E70000000000000000000000000000000000062
:101E80000000000000000000000000000000000052
:101E90000000000000000000000000000000000042
:101EA0000000000000000000000000000000000032
:101EB0000000000000000000000000000000000022
:101EC0000000000000000000000000000000000012
:101ED0000000000000000000000000000000000002
:101EE00000000000000000000000000000000000F2
:101EF00000000000000000000000000000000000E2
:101F000000000000000000000000000000000000D1
:101F100000000000000000000000000000000000C1
:101F200000000000000000000000000000000000B1
:101F300000000000000000000000000000000000A1
:101F40000000000000000000000000000000000091
:101F50000000000000000000000000000000000081
:101F60000000000000000000000000000000000071
:101F70000000000000000000000000000000000061
:101F80000000000000000000000000000000000051
:101F90000000000000000000000000000000000041
:101FA0000000000000000000000000000000000031
:101FB0000000000000000000000000000000000021
:101FC0000000000000000000000000000000000011
:101FD0000000000000000000000000000000000001
:101FE00000000000000000000000000000000000F1
:101FF00000000000000000000000000000000000E1
:1020000000000000000000000000000000000000D0
:1020100000000000000000000000000000000000C0
:1020200000000000000000000000000000000000B0
:1020300000000000000000000000000000000000A0
:102040000000000000000000000000000000000090
:102050000000000000000000000000000000000080
:102060000000000000000000000000000000000070
:102070000000000000000000000000000000000060
:102080000000000000000000000000000000000050
:102090000000000000000000000000000000000040
:1020A0000000000000000000000000000000000030
:1020B0000000000000000000000000000000000020
:1020C0000000000000000000000000000000000010
:1020D0000000000000000000000000000000000000
:1020E00000000000000000000000000000000000F0
:1020F00000000000000000000000000000000000E0
:1021000000000000000000000000000000000000CF
:1021100000000000000000000000000000000000BF
:1021200000000000000000000000000000000000AF
:10213000000000000000000000000000000000009F
:10214000000000000000000000000000000000008F
:10215000000000000000000000000000000000007F
:10216000000000000000000000000000000000006F
:10217000000000000000000000000000000000005F
:10218000000000000000000000000000000000004F
:10219000000000000000000000000000000000003F
:1021A000000000000000000000000000000000002F
:1021B000000000000000000000000000000000001F
:1021C000000000000000000000000000000000000F
:1021D00000000000000000000000000000000000FF
:1021E00000000000000000000000000000000000EF
:1021F00000000000000000000000000000000000DF
:1022000000000000000000000000000000000000CE
:1022100000000000000000000000000000000000BE
:1022200000000000000000000000000000000000AE
:10223000000000000000000000000000000000009E
:10224000000000000000000000000000000000008E
:10225000000000000000000000000000000000007E
:10226000000000000000000000000000000000006E
:10227000000000000000000000000000000000005E
:10228000000000000000000000000000000000004E
:10229000000000000000000000000000000000003E
:1022A000000000000000000000000000000000002E
:1022B000000000000000000000000000000000001E
:1022C000000000000000000000000000000000000E
:1022D00000000000000000000000000000000000FE
:1022E00000000000000000000000000000000000EE
:1022F00000000000000000000000000000000000DE
:1023000000000000000000000000000000000000CD
:1023100000000000000000000000000000000000BD
:1023200000000000000000000000000000000000AD
:10233000000000000000000000000000000000009D
:10234000000000000000000000000000000000008D
:10235000000000000000000000000000000000007D
:10236000000000000000000000000000000000006D
:10237000000000000000000000000000000000005D
:10238000000000000000000000000000000000004D
:10239000000000000000000000000000000000003D
:1023A000000000000000000000000000000000002D
:1023B000000000000000000000000000000000001D
:1023C000000000000000000000000000000000000D
:1023D00000000000000000000000000000000000FD
:1023E00000000000000000000000000000000000ED
:1023F00000000000000000000000000000000000DD
:1024000000000000000000000000000000000000CC
:1024100000000000000000000000000000000000BC
:1024200000000000000000000000000000000000AC
:10243000000000000000000000000000000000009C
:10244000000000000000000000000000000000008C
:10245000000000000000000000000000000000007C
:10246000000000000000000000000000000000006C
:10247000000000000000000000000000000000005C
:10248000000000000000000000000000000000004C
:10249000000000000000000000000000000000003C
:1024A000000000000000000000000000000000002C
:1024B000000000000000000000000000000000001C
:1024C000000000000000000000000000000000000C
:1024D00000000000000000000000000000000000FC
:1024E00000000000000000000000000000000000EC
:1024F00000000000000000000000000000000000DC
:1025000000000000000000000000000000000000CB
:1025100000000000000000000000000000000000BB
:1025200000000000000000000000000000000000AB
:10253000000000000000000000000000000000009B
:10254000000000000000000000000000000000008B
:10255000000000000000000000000000000000007B
:10256000000000000000000000000000000000006B
:10257000000000000000000000000000000000005B
:10258000000000000000000000000000000000004B
:10259000000000000000000000000000000000003B
:1025A000000000000000000000000000000000002B
:1025B000000000000000000000000000000000001B
:1025C000000000000000000000000000000000000B
:1025D00000000000000000000000000000000000FB
:1025E00000000000000000000000000000000000EB
:1025F00000000000000000000000000000000000DB
:1026000000000000000000000000000000000000CA
:1026100000000000000000000000000000000000BA
:1026200000000000000000000000000000000000AA
:10263000000000000000000000000000000000009A
:10264000000000000000000000000000000000008A
:10265000000000000000000000000000000000007A
:10266000000000000000000000000000000000006A
:10267000000000000000000000000000000000005A
:10268000000000000000000000000000000000004A
:10269000000000000000000000000000000000003A
:1026A000000000000000000000000000000000002A
:1026B000000000000000000000000000000000001A
:1026C000000000000000000000000000000000000A
:1026D00000000000000000000000000000000000FA
:1026E00000000000000000000000000000000000EA
:1026F00000000000000000000000000000000000DA
:1027000000000000000000000000000000000000C9
:1027100000000000000000000000000000000000B9
:1027200000000000000000000000000000000000A9
:102730000000000000000000000000000000000099
:102740000000000000000000000000000000000089
:102750000000000000000000000000000000000079
:102760000000000000000000000000000000000069
:102770000000000000000000000000000000000059
:102780000000000000000000000000000000000049
:102790000000000000000000000000000000000039
:1027A0000000000000000000000000000000000029
:1027B0000000000000000000000000000000000019
:1027C0000000000000000000000000000000000009
:1027D00000000000000000000000000000000000F9
:1027E00000000000000000000000000000000000E9
:1027F00000000000000000000000000000000000D9
:1028000000000000000000000000000000000000C8
:1028100000000000000000000000000000000000B8
:1028200000000000000000000000000000000000A8
:102830000000000000000000000000000000000098
:102840000000000000000000000000000000000088
:102850000000000000000000000000000000000078
:102860000000000000000000000000000000000068
:102870000000000000000000000000000000000058
:102880000000000000000000000000000000000048
:102890000000000000000000000000000000000038
:1028A0000000000000000000000000000000000028
:1028B0000000000000000000000000000000000018
:1028C0000000000000000000000000000000000008
:1028D00000000000000000000000000000000000F8
:1028E00000000000000000000000000000000000E8
:1028F00000000000000000000000000000000000D8
:1029000000000000000000000000000000000000C7
:1029100000000000000000000000000000000000B7
:1029200000000000000000000000000000000000A7
:102930000000000000000000000000000000000097
:102940000000000000000000000000000000000087
:102950000000000000000000000000000000000077
:102960000000000000000000000000000000000067
:102970000000000000000000000000000000000057
:102980000000000000000000000000000000000047
:102990000000000000000000000000000000000037
:1029A0000000000000000000000000000000000027
:1029B0000000000000000000000000000000000017
:1029C0000000000000000000000000000000000007
:1029D00000000000000000000000000000000000F7
:1029E00000000000000000000000000000000000E7
:1029F00000000000000000000000000000000000D7
:102A000000000000000000000000000000000000C6
:102A100000000000000000000000000000000000B6
:102A200000000000000000000000000000000000A6
:102A30000000000000000000000000000000000096
:102A40000000000000000000000000000000000086
:102A50000000000000000000000000000000000076
:102A60000000000000000000000000000000000066
:102A70000000000000000000000000000000000056
:102A80000000000000000000000000000000000046
:102A90000000000000000000000000000000000036
:102AA0000000000000000000000000000000000026
:102AB0000000000000000000000000000000000016
:102AC0000000000000000000000000000000000006
:102AD00000000000000000000000000000000000F6
:102AE00000000000000000000000000000000000E6
:102AF00000000000000000000000000000000000D6
:102B000000000000000000000000000000000000C5
:102B100000000000000000000000000000000000B5
:102B200000000000000000000000000000000000A5
:102B30000000000000000000000000000000000095
:102B40000000000000000000000000000000000085
:102B50000000000000000000000000000000000075
:102B60000000000000000000000000000000000065
:102B70000000000000000000000000000000000055
:102B80000000000000000000000000000000000045
:102B9000E0800000002400D00000000000000000E1
:102BA0000000000000000000000000000000000025
:102BB00000000002011000410000000000000000C1
:102BC0000000000000000000000000000000000005
:102BD00000000000000000000000000000000000F5
:102BE00000000000000000000000000000000000E5
:102BF00000000000000000000000000000000000D5
:102C000000000000000000000000000000000000C4
:102C100000000000000000000000000000000000B4
:102C200000000000000000000000000000000000A4
:102C30000000000000000000000000000000000094
:102C40000000000000000000000000000000000084
:102C50000000000000000000000000000000000074
:102C60000000000000000000000000000000000064
:102C70000000000000000000000000000000000054
:102C80000000000000000000000000000000000044
:102C9000E0800000002400D0E0800000002400D08C
:102CA000E0800000002400D0E0800000002400D07C
:102CB0000000000000000000000000000000000014
:102CC0000000000000000000000000000000000004
:102CD00000000000000000000000000000000000F4
:102CE00000000000000000000000000000000000E4
:102CF00000000000000000000000000000000000D4
:102D0000E0800000002400D0E0800000002400D01B
:102D1000E0800000002400D0E0800000002400D00B
:102D200000000000000000000000000000000000A3
:102D30000000000000000000000000000000000093
:102D40000000000000000000000000000000000083
:102D50000000000000000000000000000000000073
:102D60000000000000000000000000000000000063
:102D70000000000000000000000000000000000053
:102D80000000000000000000000000000000000043
:102D90000000000000000000000000000000000033
:102DA0000000000000000000000000000000000023
:102DB0000000000000000000000000000000000013
:102DC0000000000000000000000000000000000003
:102DD00000000000000000000000000000000000F3
:102DE00000000000000000000000000000000000E3
:102DF00000000000000000000000000000000000D3
:102E000000000000000000000000000000000000C2
:102E100000000000000000000000000000000000B2
:102E200000000000000000000000000000000000A2
:102E30000000000000000000000000000000000092
:102E40000000000000000000000000000000000082
:102E50000000000000000000000000000000000072
:102E60000000000000000000000000000000000062
:102E70000000000000000000000000000000000052
:102E8000E0800000002400D0E0800000002400D09A
:102E9000E0800000002400D00000000000000000DE
:102EA0000000000000000000000000000000000022
:102EB00001800000006C007001800000006C007058
:102EC0000000000000000000000000000000000002
:102ED00000000000000000000000000000000000F2
:102EE00000000000000000000000000000000000E2
:102EF00000000000000000000000000000000000D2
:102F000000000000000000000000000000000000C1
:102F100000000000000000000000000000000000B1
:102F200001800000006C007001800000006C0070E7
:102F3000000000000000000001800000006C007034
:102F40000000000000000000000000000000000081
:102F50000000000000000000000000000000000071
:102F6000000000000004000000000000000000005D
:102F700001800000006C0070E0800000002400D0A0
:102F8000E0800000002400D0E0800000002400D099
:102F90000000000000000000000000000000000031
:102FA0000000000000000000000000000000000021
:102FB0000000000000000000000000000000000011
:102FC000E0800000002400D0E0800000002400D059
:102FD000E0800000002400D0E0800000002400D049
:102FE0000180000000880060E1800000008800602F
:102FF000E0800000002400D0E0800000002400D029
:103000000180000000880060000000000000000057
:1030100000000000000000000000000000000000B0
:1030200000000000000000000000000000000000A0
:103030000000000000000000000000000000000090
:103040000000000000000000000000000000000080
:103050000000000000000000E0800000002400D01C
:1030600001800000008800600000000000000000F7
:103070000000000000000000000000000000000050
:103080000000000000000000000000000000000040
:103090000000000000000000000000000000000030
:1030A0000000000000000000000000000000000020
:1030B0000000000000000000000000000000000010
:1030C0000000000000000000000000000000000000
:1030D00000000000000000000000000000000000F0
:1030E00000000000000000000000000000000000E0
:1030F00000000000000000000000000000000000D0
:1031000000000000000000000000000000000000BF
:1031100000000000000000000000000000000000AF
:10312000000000000000000000000000000000009F
:10313000000000000000000000000000000000008F
:10314000000000000000000000000000000000007F
:10315000018000000088006001800000008800609D
:10316000018000000088006001800000008800608D
:10317000018000000088006001800000008800607D
:10318000000000000000000000000000000000003F
:10319000000000000000000000000000000000002F
:1031A000000000000000000000000000000000001F
:1031B000000000000000000000000000000000000F
:1031C00000000000000000000000000000000000FF
:1031D00000000000000000000000000000000000EF
:1031E00000000000000000000000000000000000DF
:1031F00001800000008800600180000000880060FD
:1032000000000024FE7E040004000400040004000A
:10321000040004000400040004000400040004008E
:10322000040004000400040004000400040004007E
:103230000400040004000C44802000E80C85008099
:103240000A0600000041AE9E0000000000000000E1
:10325000000000000000000000000000000000006E
:10326000000000000000000000000000000000005E
:10327000000000000000000000000000000000004E
:10328000000000000000000000000000000000003E
:10329000000000000000000000000000000000002E
:1032A000000000000000000000000000000000001E
:1032B000000000000000000000000000000000000E
:1032C0000000000000000000FFFFFFFFFFFFFFFF06
:1032D000FFFFFFFFFFFFFFFFFFFFFFFFFFFFFFFFFE
:1032E000FFFFFFFFFFFFFFFFFFFFFFFFFFFFFFFFEE
:1032F000FFFFFFFFFFFFFFFFFFFFFFFFFFFFFFFFDE
:10330000FFFFFFFFFFFFFFFFFFFFFFFFFFFFFFFFCD
:10331000FFFFFFFFFFFFFFFFFFFFFFFFFFFFFFFFBD
:10332000FFFFFFFFFFFFFFFFFFFFFFFFFFFFFFFFAD
:10333000FFFFFFFFFFFFFFFFFFFFFFFFFFFFFFFF9D
:10334000FFFFFFFFFFFFFFFFFFFF0060CFC70C4441
:10335000807000E80A060000004100000000000044
:10336000000000000000000000000000000000005D
:1033700000000000000000007975AEDE00000000D3
:10338000000000000000000000000000000000003D
:1033900000000000000000007B750000AEDE0000B1
:1033A000000000000000000000000000000000001D
:1033B000000000000000000000007B75000000001D
:1033C00000000000000000000000000000000000FD
:1033D000000000000000000000007975FFFFFFFF03
:1033E000FFFFFFFFFFFFFFFFFFFFFFFFFFFFFFFFED
:1033F000FFFFFFFFFFFFFFFFFFFFFFFFFFFFFFFFDD
:10340000FFFFFFFFFFFFFFFFFFFFFFFFFFFFFFFFCC
:10341000FFFFFFFFFFFFFFFFFFFFFFFFFFFFFFFFBC
:10342000FFFFFFFFFFFFFFFFFFFFFFFFFFFFFFFFAC
:10343000FFFFFFFFFFFFFFFFFFFFFFFFFFFFFFFF9C
:10344000FFFFFFFFFFFFFFFFFFFFFFFFFFFFFFFF8C
:10345000FFFFFFFFFFFFFFFFFFFFFFFFFFFF00304A
:103460003B6E0C44407000E80A0600000041AE9E2E
:10347000000000000000000000000000000000004C
:103480000000000000000000000000000000AEDEB0
:10349000000000000000000000000000000000002C
:1034A0000000000000000000000000007B7500002C
:1034B000000000000000000000000000000000000C
:1034C00000000000000000000000000000000000FC
:1034D00000000000000000000000000000000000EC
:1034E00000000000000000000000000000000000DC
:1034F000FFFFFFFFFFFFFFFFFFFFFFFFFFFFFFFFDC
:10350000FFFFFFFFFFFFFFFFFFFFFFFFFFFFFFFFCB
:10351000FFFFFFFFFFFFFFFFFFFFFFFFFFFFFFFFBB
:10352000FFFFFFFFFFFFFFFFFFFFFFFFFFFFFFFFAB
:10353000FFFFFFFFFFFFFFFFFFFFFFFFFFFFFFFF9B
:10354000FFFFFFFFFFFFFFFFFFFFFFFFFFFFFFFF8B
:10355000FFFFFFFFFFFFFFFFFFFFFFFFFFFFFFFF7B
:10356000FFFFFFFFFFFFFFFFFFFFFFFFFFFFFFFF6B
:10357000FFFF00085C890C44C02000E80A06000038
:1035800000410000000000000000000000000000FA
:10359000000000000000000000000000000000002B
:1035A000000000000000000000000000000000001B
:1035B000000000000000000000000000000000000B
:1035C00000000000000000000000000000000000FB
:1035D00000000000000000000000000000000000EB
:1035E00000007975AEDE0000000000000000000061
:1035F00000000000000000000000000000000000CB
:1036000000007B75FFFFFFFFFFFFFFFFFFFFFFFFD6
:10361000FFFFFFFFFFFFFFFFFFFFFFFFFFFFFFFFBA
:10362000FFFFFFFFFFFFFFFFFFFFFFFFFFFFFFFFAA
:10363000FFFFFFFFFFFFFFFFFFFFFFFFFFFFFFFF9A
:10364000FFFFFFFFFFFFFFFFFFFFFFFFFFFFFFFF8A
:10365000FFFFFFFFFFFFFFFFFFFFFFFFFFFFFFFF7A
:10366000FFFFFFFFFFFFFFFFFFFFFFFFFFFFFFFF6A
:10367000FFFFFFFFFFFFFFFFFFFFFFFFFFFFFFFF5A
:10368000FFFFFFFFFFFF00789B3E0C8500500C857D
:1036900000C004000400040004000C8500500C85E8
:1036A00000A00C8700FF0C8300810C4000BC806BE5
:1036B0000C8500B0040004000400040004000400B1
:1036C00004000400040004000400040004000400DA
:00000001FF
