:020000040000FA
:10000000FFFFFFFFFFFFFFFFFFFFFFFFFFFFFFFF00
:100010005599AA660C8500E004008C85C0018C828D
:10002000BC108C8690778C43200008C90C8700F3A5
:100030000C83008104000400040004000400040098
:100040000400040004000400040004000400040090
:10005000040004000400CC813C138C8110812C84AA
:1000600000004C8000F88C87FFFFCC8400A0CC827D
:100070000020CC8080004C8600004C8100004C8524
:1000800000004C8300004C870000CC85D847CC434F
:1000900000000000040004000C44000000000C8577
:1000A00000800A06004019B50000000000000000B2
:1000B0000000000000000000000000000000000040
:1000C0000000000000000000000000000000000030
:1000D0000000000000000000000000000000000020
:1000E0000000000000000000000000000000000010
:1000F0000000000000000000000000000000000000
:1001000000000000000000000000000000000000EF
:1001100000000000000000000000000000000000DF
:1001200000000000000000000000000000000000CF
:1001300000000000000000000000000000000000BF
:1001400000000000000000000000000000000000AF
:10015000000000000000000000000000000000009F
:10016000000000000000000000000000004000004F
:10017000004100000000000000000000000000003E
:10018000000000000000000000000000000000006F
:10019000000000000000000000000000000000005F
:1001A000000000000000000000000000000000004F
:1001B000000000000000000000000000000000003F
:1001C000000000000000000000000000000000002F
:1001D000000000000000000000000000000000001F
:1001E000000000000000000000000000000000000F
:1001F00000000020000000000000000000000000DF
:1002000000000000000000000000000000000000EE
:1002100000000000000000000000000000000000DE
:1002200000000000000000000000000000000000CE
:100230000000000000002500000000000000000099
:1002400000000000000000000000000000000000AE
:10025000000000000000000000000000000000009E
:10026000000000000000000000000000000000008E
:10027000000000000000000000000000000000007E
:10028000000000000000000000000000000000006E
:10029000000000000000000000000000000000005E
:1002A000000000000000000000000000000000004E
:1002B000000000000000000000000000000000003E
:1002C000000000000000000000000000000000002E
:1002D000000000000000000000000000000000001E
:1002E000000000000000000000000000000000000E
:1002F00000000000000000000000000000000000FE
:1003000000000000000000000000000000000000ED
:1003100000000000000000000000000000000000DD
:1003200000000000000000000000000000000000CD
:1003300000000000000000000000000000000000BD
:1003400000000000000000000000000000000000AD
:10035000000000000000000000000000000000009D
:10036000000000000000000000000000000000008D
:10037000000000000000000000000000000000007D
:10038000000000000000000000000000000000006D
:10039000000000000000000000000000000000005D
:1003A000000000000000000000000000000000004D
:1003B000000000000000000000000000000000003D
:1003C000000000000000000000000000000000002D
:1003D000000000000000000000000000000000001D
:1003E000000000000000000000000000000000000D
:1003F00000000000000000000000000000000000FD
:1004000000000000000000000000000000000000EC
:1004100000000000000000000000000002100000CA
:100420000000000008400000000000000000000084
:1004300000000000000000000000000000000000BC
:10044000004100000000000000000000000000006B
:10045000000000000000000000000000000000009C
:10046000000000000000000000000000000000008C
:10047000000000000000000000000000000000007C
:10048000000000000000000000000000000000006C
:1004900000000000000000000000000000000180DB
:1004A00000000000000001800000000000000000CB
:1004B000000000000000000000000000000000003C
:1004C000000000000000000000000000000000002C
:1004D00000000000000000000000000000002000FC
:1004E000000000000000000000000000000000000C
:1004F00000000000000000000000000000000000FC
:1005000000000000000000000000000000000000EB
:1005100000000000000000000000000000000000DB
:1005200000000000000000000000000000000000CB
:1005300000000000000000000000000000000000BB
:1005400000000000000000000000000000000000AB
:10055000000000000000100000000000000000008B
:10056000000000000000000000000000000000008B
:10057000000000000000000000000000000000007B
:10058000000000000000000000000000000000006B
:10059000000000000000000000000000000000005B
:1005A000000000000000000000000000000000004B
:1005B000000000000000000000000000000000003B
:1005C000000000000000000000000000000000002B
:1005D000000000000000000000000000000000001B
:1005E000000000000000000000000000000000000B
:1005F00000000000000000000000000000000000FB
:1006000000000000000000000000000000000000EA
:1006100000000000000000000000000000000000DA
:1006200000000000000000000000000000000000CA
:1006300000000000000000000000000000000000BA
:1006400008000800000000000000A00000000000FA
:10065000000000000000000000001000000000008A
:10066000000000000000000000000000000000008A
:10067000000000000000000000000000000000007A
:10068000000000000000000000000000000000006A
:10069000000000000000000000000000000000005A
:1006A000000000000000000000000000000000004A
:1006B000000000000000000000000000000000003A
:1006C00000000000000040000000000000000000EA
:1006D000000000000000000000000000100000000A
:1006E0000000000000040000000000000000000006
:1006F00000000000000000000000000000000000FA
:1007000000000000000000000000000000000000E9
:1007100000000000000000000000000000000000D9
:1007200000000000000000000000000000000000C9
:1007300000000000000000000000000000000000B9
:1007400000000000000000000000000000000000A9
:100750000000000000000000000000000000000099
:100760000000000000000000000000000000000089
:100770000000000000000000000000000000000079
:100780000000000000000000000000000000000069
:100790000000000000000000000000000000000059
:1007A0000000000000000000000000000000000049
:1007B0000000000000000000000000000000000039
:1007C0000000000000000000000000000000000029
:1007D0000000000000000000000000000000000019
:1007E0000000000000000000000000000000000009
:1007F00000000000000000000000000000000000F9
:1008000000000000000000000000000000000000E8
:1008100000000000000000000000000000000000D8
:1008200000000000000000000000000000000000C8
:1008300000000000000000000000000000000000B8
:1008400000000000000000000000000000000000A8
:100850000000820000000000000000000000000016
:100860000000000000410000820000400000000085
:100870000000000000000000000000000000000078
:100880000000000000000000000000000000000068
:100890000000000000000000000000000000000058
:1008A000000000000000A0000000000000000000A8
:1008B0000000000000000000000000000000000038
:1008C0000000000000000000000000000000000028
:1008D0000000000000000000000000000000000018
:1008E0000000000000000000000000000000000008
:1008F00000000000000000000000000000000000F8
:1009000000000000000000000000000000000000E7
:1009100000000000000000000000000000000000D7
:1009200000000000000000000000000000000000C7
:1009300000000000000000000000000000000000B7
:1009400000000000000000000000000000000000A7
:100950000000000000000000000000000000000097
:100960000000000000000000000000000000000087
:100970000000000000000000000000000000000077
:100980000000000000000000000000000000000067
:100990000000000000000000000000000000000057
:1009A0000000000000000000000000000000000047
:1009B0000000000000000000000000000000000037
:1009C0000000000000000000000000000000000027
:1009D0000000000000000000000000000000000017
:1009E0000000000000000000000000000000000007
:1009F00000000000000000000000000000000000F7
:100A000000000000000000000000000000000000E6
:100A100000000000000000000000000000000000D6
:100A200000000000000000000000000000000000C6
:100A300000000000000000000000000000000000B6
:100A400000000000000000000000000000000000A6
:100A50000000000000000000000000000000000096
:100A60000000000000000000000000000000000086
:100A70000000000000000000000000000000000076
:100A80000000000000000000000000000000000066
:100A90000000000000000000000000000000000056
:100AA0000000000000000000000000000000000046
:100AB0000000000000000000000000000000000036
:100AC0000000000000000000000000000000000026
:100AD0000000000000000000000000000000000016
:100AE0000000000000000000000000000000000006
:100AF00000000000000000000000000000000000F6
:100B000000000000000000000000000000000000E5
:100B100000000000000000000000000000000000D5
:100B200000000000000000000000000000000000C5
:100B300000000000000000000000000000000000B5
:100B400000000000000000000000000000000000A5
:100B50000000000000000000000000000000000095
:100B60000000000000000000000000000000000085
:100B70000000000000000000000000000000000075
:100B80000000000000000000000000000000000065
:100B90000000000000000000000000000000000055
:100BA0000000000000000000000000000000000045
:100BB0000000000000000000000000000000000035
:100BC0000000000000000000000000000000000025
:100BD0000000000000000000000000000000000015
:100BE0000000000000000000000000000000000005
:100BF00000000000000000000000000000000000F5
:100C000000000000000000000000000000000000E4
:100C100000000000000000000000000000000000D4
:100C200000000000000000000000000000000000C4
:100C300000000000000000000000000000000000B4
:100C400000000000000000000000000000000000A4
:100C50000000000000000000000000000000000094
:100C60000000000000000000000000000000000084
:100C70000000000000000000000000000000000074
:100C80000000000000000000000000000000000064
:100C90000000000000000000000000000000000054
:100CA0000000000000000000000000000000000044
:100CB0000000000000000000000000000000000034
:100CC0000000000000000000000000000000000024
:100CD0000000000000000000000000000000000014
:100CE0000000000000000000000000000000000004
:100CF00000000000000000000000000000000000F4
:100D000000000000000000000000000000000000E3
:100D100000000000000000000000000000000000D3
:100D200000000000000000000000000000000000C3
:100D300000000000000000000000000000000000B3
:100D400000000000000000000000000000000000A3
:100D50000000000000000000000000000000000093
:100D60000000000000000000000000000000000083
:100D70000000000000000000000000000000000073
:100D80000000000000000000000000000000000063
:100D90000000000000000000000000000000000053
:100DA0000000000000000000000000000000000043
:100DB0000000000000000000000000000000000033
:100DC0000000000000000000000000000000000023
:100DD0000000000000000000000000000000000013
:100DE0000000000000000000000000000000000003
:100DF00000000000000000000000000000000000F3
:100E000000000000000000000000000000000000E2
:100E100000000000000000000000000000000000D2
:100E200000000000000000000000000000000000C2
:100E300000000000000000000000000000000000B2
:100E400000000000000000000000000000000000A2
:100E50000000000000000000000000000000000092
:100E60000000000000000000000000000000000082
:100E70000000000000000000000000000000000072
:100E80000000000000000000000000000000000062
:100E90000000000000000000000000000000000052
:100EA0000000000000000000000000000000000042
:100EB0000000000000000000000000000000000032
:100EC000400000000000000240000000000000029E
:100ED00000000000000000000000000000008C0086
:100EE0000000000000000000000000000000000002
:100EF00000000000000000000000000000000000F2
:100F000000000000000000000000000000000000E1
:100F100000000000000000000000000000000000D1
:100F200000000000000000000000000000000000C1
:100F300000000000000000000000000000000000B1
:100F400000000000000000000000000000000000A1
:100F50000000000000000000000000000000000091
:100F60000000000000000000000000000000000081
:100F70000000000000000000000000000000000071
:100F80000000000000000000000000000000000061
:100F90000000000000000000000000000000000051
:100FA0000000000000000000000000000000000041
:100FB0000000000000000000000000000000000031
:100FC0000000000000000000000000000000000021
:100FD0000000000000000000000000000000000011
:100FE0000000000000000000000000000000000001
:100FF00000000000000000000000000000000000F1
:1010000000000000000000000000000000000000E0
:1010100000000000000000000000000000000000D0
:1010200000000000000000000000000000000000C0
:1010300000000000000000000000000000000000B0
:1010400000000000000000000000000000000000A0
:101050000000000000000000000000000000000090
:101060000000000000000000000000000000000080
:101070000000000000000000000000000000000070
:101080000000000000000000000000000000000060
:101090000000000000000000000000000000000050
:1010A0000000000000000000000000000000000040
:1010B0000000000000000000000000000000000030
:1010C0000000000000000000000000000000000020
:1010D0000000000000000000000000000000000010
:1010E0000000000000000000000000000000000000
:1010F00000000000000000000000000000000000F0
:1011000000000000000000000000000000000000DF
:1011100000000000000000000000000000000000CF
:1011200000000000000000000000000000000000BF
:1011300000000000000000000000000000000000AF
:10114000000000000000000000000000000000009F
:10115000000000000000000000000000000000008F
:10116000000000000000000000000000000000007F
:10117000000000000000000000000000000000006F
:10118000000000000000000000000000000000005F
:10119000000000000000000000000000000000004F
:1011A000000000000000000000000000000000003F
:1011B000000000000000000000000000000000002F
:1011C000000000000000000000000000000000908F
:1011D000000000000000009000000000000000007F
:1011E00000000000000000000000000000000000FF
:1011F00004000000000000000000000000000000EB
:1012000000000000000000000000000000000000DE
:1012100004000000000000000000000000000000CA
:1012200000000000000000000000000000000000BE
:1012300000000400000000000000000000000000AA
:10124000000000000000000000000000000000009E
:10125000000000000000000000000000000000008E
:10126000000000000000000000000000000000007E
:10127000000000000000000000000000000000006E
:10128000000000000000000000000000000000005E
:10129000000000000000000000000000000000004E
:1012A000000000000000000000000000000000C07E
:1012B000000000000000000000000000000000002E
:1012C000000000000000000000000000000000001E
:1012D000000000000000000000000000000000000E
:1012E00000000000000000000000000000000000FE
:1012F00000000000000000020002000200020000E6
:1013000000020001000100040000000100000001D3
:101310004000200220014005000000000000000005
:1013200000010001000100010000000000000000B9
:1013300000000000000000000000000000000000AD
:10134000000000000000000000008000000000001D
:10135000000000040000200100040001000400005F
:101360000005000000000000000000000000000078
:10137000000000000000001000900080008000804D
:10138000000000800020000200800000002000001B
:10139000002001000180012001A0000000000000E9
:1013A00000000020002000200020000000000000BD
:1013B000000000000000000000000000000000002D
:1013C00000000000000000000000000020000000FD
:1013D0000000000000800000010400800004008084
:1013E0000000008400000000000000000000000079
:1013F00000000000008400850000002000C0000004
:1014000000C000A0000400040084002000000000D0
:101410000000000000000000009000000000000438
:1014200000000000000000000000000000000000BC
:1014300000000000000000000000000000000000AC
:10144000000000000000000000000000800000001C
:101450000000000400000000000000000000000088
:10146000000000000000000000000000000000007C
:1014700000000000000000000020C000008000000C
:10148000000000000000008000A1000000800000BB
:10149000000000000000000000000000000000004C
:1014A000000000000000000000000000000000003C
:1014B000000000000000000000000000000000002C
:1014C000000000000000000000000000000002001A
:1014D000000000000080000000000000000000008C
:1014E00000000000000000000000000000000000FC
:1014F0000000000000000000000141849001410054
:1015000000000300050021A10000000210050000FA
:1015100000000000000000000000000010000000BB
:1015200000000000000000000000000000000000BB
:10153000000000000000000000000000000010009B
:1015400000000000000000840010000200004100C4
:1015500000008004800483048404000480010004EB
:1015600080010001000100010004000000000000F3
:101570000000000000000000000000020000402009
:1015800000000000880000000002000000800084CD
:10159000001000000000000000000000000000003B
:1015A000000000000000000000000000000000003B
:1015B000000000000000000000000000000000002B
:1015C000000000000000000000000000008000009B
:1015D000000000000880048008800980008020044A
:1015E000008020400004000400040080000000008F
:1015F00000000000000000000000000041000000AA
:101600000800000041000000050008002000000262
:101610000300000400000000108805000000000026
:10162000000000000000002000000000000000009A
:10163000000000000000000000200000000020006A
:10164000000000000000200000000000000000007A
:10165000020041002000080000000400000000001B
:10166000004010000000000000000000000000002A
:10167000000000000000000000000000000000006A
:10168000000000000000000000000000000000005A
:10169000008000000080000000000000000000004A
:1016A000000000000000000000000000000000003A
:1016B000000000000000000000000000000000002A
:1016C000000000000000000000000000000000001A
:1016D0000000000000000000010000000100000008
:1016E00000000000000000000000000000000000FA
:1016F00000000000000000000000000000000000EA
:10170000002080001000000000A010A041A00300F5
:1017100000100010001010021100008400004100B1
:1017200000000000100000000000000000000000A9
:1017300000000000000000000000000000000000A9
:101740000000000000000000000000000000000099
:1017500008000000000000008000840084010801EF
:1017600088000001000000000000800080000001EF
:101770000001000000000000000000000000000068
:101780000000008040001000000500000000840000
:10179000000000000000C000088000000000C00041
:1017A0008200000000001000000000000000840023
:1017B000000000000000C000000000000000000069
:1017C00000000000000000001010000000100000E9
:1017D0000000820000000000C000020005000910A7
:1017E000012005000004000000000000200020008F
:1017F0000004C00400000000000000000000000021
:101800000000000000030040000000000003000092
:101810000000000280830241000041A0000000009F
:1018200000000000890310048002832100000000F2
:101830000000000000000000800000000000000028
:101840000000000000000000000000000000000098
:101850000000000000000000800004000000008381
:1018600000098400000000030009200000000003BC
:10187000000900000000000000000000000000005F
:101880000000000000000001000140000000000115
:10189000000000000000081100050410011100887C
:1018A0000004041000108201000110010800000073
:1018B0000000000000000000000010000000000018
:1018C0000000000000000000000000000000000018
:1018D0000000000000000000000082000000000086
:1018E00000830805040400080001C0010100000095
:1018F00000010001000000000000000000000000E6
:1019000000000000000000000090000000900100B6
:101910000000000000000100100010841000110001
:1019200010000400A0001000010001C00108010126
:10193000000000000000000000080000001000008F
:101940000000000000000000000000000000000097
:101950000000000000000000000000000000000087
:101960000000C00004000900831100000000010015
:101970000101000000000100010100000000000062
:10198000000000000000000000000900000000004E
:1019900003000900000000000300090080000900A6
:1019A00003028000000080000009200004090202F8
:1019B000030800000000000000000080000000801C
:1019C0000000000000000000000000000000000017
:1019D0000000000000000000000000000000000007
:1019E00000000000000000002100838900000000CA
:1019F000210003090000000021000309000000008D
:101A000000000000000000000000000000001000C6
:101A1000004000030000000000410003090980416C
:101A200005A00883000000808280800085200004DB
:101A30001002040300000000000000000000080085
:101A40000000000000000000000000000080000016
:101A50000000000000000000000000000000000086
:101A600000800000000000000000800900830000EA
:101A7000000002090003000000000009000300004C
:101A80000000000000000000000000000000000056
:101A9000010000010801000000000000000100003A
:101AA000888311110889000002C0C0848804820163
:101AB0000001000110010000000000000000000013
:101AC000000000008800000000000000000000800E
:101AD0000000000000000000000000000000000006
:101AE0000010000800C000A0000000040889008366
:101AF00000A000A000C100A1000000000001000142
:101B000000000000000000000000000000000000D5
:101B100001000000000000000100000000000000C3
:101B2000850089911001008884018888040000885C
:101B3000018201C001080100000000000000000057
:101B40000000000000000000000000000000000095
:101B50000080000000000000000000000000000005
:101B600000000000000000000000830404C08200A8
:101B70001008018801100000000001880102000027
:101B80000000000000000000000000000000000055
:101B900000000300090000000000030041000000F5
:101BA00000008310A041C140088080408080000078
:101BB0000080038004110241201100000000000099
:101BC0000000000000000000000000000000000015
:101BD0000000008000000000000000000000000085
:101BE000000000000000000000000000890000006C
:101BF0000000800003800400000000000380040057
:101C000000000000000000000000000000000000D4
:101C1000000000000000000B0000000000000000B9
:101C2000000000000660000BD00000002100000B47
:101C3000000000000000000BD000120000000000B7
:101C4000000000000000000B000000000000000089
:101C50000000000000000000000000000000000084
:101C6000000000000000000000000000820006608C
:101C7000000BD000000000840000D00000000060D5
:101C80000000D00000000000000000000000000084
:101C9000000000000000FF000000FF000000FF0047
:101CA0000000FF000000000000000300030300002C
:101CB0000000000000000000000000000000000024
:101CC0000000000000000000000000000000000014
:101CD0000000000000000000000000000000000004
:101CE00000000000000000000000000000000000F4
:101CF000FFFF0000FF000000FF000000FF000000E9
:101D0000FF000000FF0000000000000000000000D5
:101D10000000000000000000FF000000FF000000C5
:101D2000FF000000FF0000000C0C3C00030000005E
:101D300000000000000000000000000000000000A3
:101D40000000000000000000000000000000000093
:101D50000000000000000000000000000000000083
:101D60000000000000000000000000000000000073
:101D70000000FFFF0000FF000000FF000000FF0068
:101D80000000FF000000FF00000000000000000055
:101D90000000000000000000000000000000000043
:101DA0000000000000000000000000000000000033
:101DB00000000000000000000000C2080400001045
:101DC000886100000000000000000000000000002A
:101DD0000000000000000000000000000000000003
:101DE00000000000000000000000000000000000F3
:101DF00000000000000000000000000000000000E3
:101E000000000000000000000000000000000000D2
:101E1000000000000000000000000000000000FFC3
:101E200000003C3C00003C3CFFFFC3C3000000003E
:101E300042420042000000000000000000000000DC
:101E40000000000000000000000000000000000092
:101E50000000000000000000000000000000000082
:101E60000000000000000000000000000000000072
:101E7000000000000000000000FF000000FF000064
:101E800000FF000000FF000000FFFFFFFF00000058
:101E90000000000000000000000000000000000042
:101EA00000FF00003C3C00003C3CFFFFC3C3006659
:101EB0002424000000420000000000000000000098
:101EC0000000000000000000000000000000000012
:101ED0000000000000000000000000000000000002
:101EE00000000000000000000000000000000000F2
:101EF0000000000000000000000000FF000000FFE4
:101F0000000000FF000000FF000000FFFFFFFF00D7
:101F100000000000000000000000000000000000C1
:101F200002C701E000B44940024101000004414001
:101F3000088604BC03920010008600A003900000F5
:101F4000058604F000B20010000000000000000050
:101F5000008600E000B0000000000000000000006B
:101F60000000000000000000000000000000000071
:101F700000000086006000B80000C040C09C330034
:101F80004903C0C7C07C30B04903C041C01C300009
:101F900041030000000000000000000000000000FD
:101FA0000000000000000000000000000000000031
:101FB0000000FFF00F00000FFF0FFFF00F000F0FEA
:101FC00000FF000000000000000000000000000012
:101FD0000000000000000000000000000000000001
:101FE00000000000000000000000000000000000F1
:101FF0000000000000000000141400000FFF0C3C63
:1020000000FAFAFA00000000FFEFFFFF00000000F6
:1020100000000000000000000000000000000000C0
:1020200000000000000000000000000000000000B0
:1020300000000000FFF00F00000FFF0FFFF00F0087
:102040000F0F00FF00000000000000000000000073
:102050000000000000000000000000000000000080
:102060000000000000000000000000000000000070
:1020700000000000000000000000141D000000002F
:102080000C3C00FA000000000000FFFFFFFF000012
:102090000000000000000000000000000000000040
:1020A0000000000000000000000000000000000030
:1020B000000000000000AAAAAAAA75555555FFFF06
:1020C000FFBF7555555500000000000000000000DE
:1020D0000000000000000000000000000000000000
:1020E00000000000000000000000000000000000F0
:1020F00000000000000000000000000000000000E0
:102100000FFF0C3C515100F30000000000000000E4
:1021100000000000000000000000000000000000BF
:1021200000000000000000000000000000000000AF
:102130000000000000000000AAAAAEA245555555B7
:1021400000000080455555550000000000000000CB
:10215000000000000000000000000000000000007F
:10216000000000000000000000000000000000006F
:10217000000000000000000000000000000000005F
:10218000000000000C3C515100F300000000000072
:10219000000000000000000000000000000000003F
:1021A000000000000000000000000000000000002F
:1021B00000000000000000000000000000000020FF
:1021C000000000000000000000000000000000000F
:1021D00000000000000000000000000000000000FF
:1021E00000000000000000000000000000000000EF
:1021F00000000000000000000000000000000000DF
:1022000000000000000000000000000000000000CE
:1022100000000000000000000000000000000000BE
:1022200000000000000000000000000000000000AE
:10223000000000000000000000000000000000009E
:10224000008000000000000000000000000000000E
:10225000000000000000000000000000000000007E
:1022600000000000000000000000000000C00000AE
:10227000000000000000000000000000000000005E
:10228000000000000000000000000000000000004E
:10229000000000000000000000000000000000003E
:1022A000000000000000000000000000000000002E
:1022B00011A004A000000000000000840000040041
:1022C00004000400040000020003000200020001F8
:1022D00000010001000100000000000000400000BB
:1022E00000000000000000000000000000000000EE
:1022F00000000004000000040000050011000000C0
:10230000000000000000000800000991000000002B
:1023100000000000000000000000000000000000BD
:1023200000000000000000000000000000000000AD
:102330000000020000000000000000008200000019
:102340000000012101200500008900A0008000801C
:1023500000020002000200020000000000000080F5
:10236000000000000000000000000000000000105D
:10237000000000000080000000800000000000005D
:10238000000000000000000000000000004000000D
:102390000008000000000000000000000000000035
:1023A000000000000000000000000000000000002D
:1023B0000000000000A000000082000000000002F9
:1023C000000000208040002080400000000000004D
:1023D00000000000002000000000000000000000DD
:1023E00000000000000000000000000000000000ED
:1023F00000000000000000040000000000000000D9
:102400000000000000880000000000000000004004
:102410000000000200000001008300000000000135
:1024200000000002000000000000000000000000AA
:102430000000000000000000002108000000200053
:1024400002800003000002800800028000000000FB
:1024500000002002000000800000000000000020BA
:102460000004000000000000000000000000001157
:1024700000000000000000000080000000000000DC
:102480000000C0000000000082009000000000007A
:1024900000800000008000210002000200410000D6
:1024A00000020000008000000000000000000000AA
:1024B0000000000000000011021000110011800057
:1024C000000100000000002182010801824100009B
:1024D00000000000000100000000000000010000FA
:1024E000081000000000000000A100000008080023
:1024F0000000880000000000000000000000000054
:1025000000000000000000000000080000000000C3
:1025100009000082000000000282008200820000A8
:1025200000880040000000400000000000000000A3
:102530000000000000000000000210000002000285
:10254000400000020000000000820302000203823B
:10255000000000000000002000000000000000203B
:102560000000018000000000000000020000008068
:10257000000000101000000000000000000000003B
:1025800090000000000000000000000001000000BA
:1025900000000000000000000000000090000000AB
:1025A00000000000A0000000880000000000000003
:1025B000A0000000000000000000002000840300D4
:1025C000040202000200210008A0000000410220D5
:1025D000024100880300030010000000000000001A
:1025E0000000210002020000000000004000000086
:1025F00000010800080000200000000000000000AA
:10260000020002000000400241000000040004003B
:1026100008000800000080000000008400000000A6
:1026200000000000000000000002000000000000A8
:102630000000000000000000000000000000080092
:102640000000C100000000000000C0000009C0C080
:10265000000011C00000000008000000040200009B
:10266000201188210000000000000000000001008F
:10267000001104080000000000000000000000003D
:102680000000000000000000000000000000030047
:1026900001000100010400214000000000210000B1
:1026A00000000000000000000000008000000000AA
:1026B000000000000000000000000000000000908A
:1026C00080200000008408001020008200211000FB
:1026D000824008008241080010000800001000003D
:1026E00000000000000000000800000000400000A2
:1026F0000002000080000300411000010000000003
:1027000000000000800100000000000041000008FF
:102710000800080004840400000200000002000019
:102720000002410000000002000200000000000062
:102730000000000000000000000000000000000099
:10274000000040800000C000000000800000008207
:1027500000000380000003A0000000000000000053
:1027600000000000004100000000010000000080A7
:102770000000008000001041000000000008000080
:1027800000000000000010080000C0000009002147
:1027900000800100010001000100008008000080AD
:1027A00000000080000000000080888000400000E1
:1027B0009040000000000000000000000000000049
:1027C00000000003000000000010800340000040F3
:1027D0000080000304008009110000830000000055
:1027E00011840003000800000000000011004100F7
:1027F00000000000000000000000000000000000D9
:1028000000000000094009090041080911100009F1
:102810000010090480830000A08000000003000075
:1028200000002000000300410000410000030020E0
:102830000000000000000000000000000000000098
:102840000000000000C10040104000098209019012
:10285000108300C00001A000040000000009000473
:10286000A004000800A1000202A000040000110062
:102870000100000000000000000000000000000057
:102880000000000000000001010000010101000043
:10289000000000000000888388C00590000000C18F
:1028A00000C000A001A00001000000000000000125
:1028B0000001000000000000000000000000000017
:1028C00000000000000002001002C00041000800EB
:1028D000C0100800890000830000008801C00800C3
:1028E000A00004000900C0000200A00005000000D4
:1028F00000000000000001000100000001000000D5
:1029000000000000000000000000010001000101C3
:10291000010000040100000040018284910883014D
:102920000001000000000182000000000000010022
:102930000000000000000100000000000000000096
:1029400000000000000000000000088000000300FC
:10295000000000808000030000C000000000038031
:10296000800000000900830009000000000003004F
:1029700000000000000000004000200040000300B4
:102980000000000000000000000000004100050001
:10299000400905000000050511000011000021801C
:1029A00083110020000000000380030000000000ED
:1029B000030002000000000003000000000000000F
:1029C0000000000000000000000000400080808047
:1029D0008003000980808080000300804180000027
:1029E00000030000008080808003000000A0808041
:1029F00080030000000000000080000000000000D4
:102A00000000000000000000000000002040001155
:102A100000404110400400110009401102008009EB
:102A2000918080832000000000000003000000006F
:102A3000000000030000000000050003000000008B
:102A40000000000000000000000000000000C0C006
:102A5000C0848841000010A0A08488910008001064
:102A600000C090050000A0C0C08488A10000C0C1C3
:102A7000C084880300040090000000820000000071
:102A80000000000000000000000000000000010045
:102A900000000001010101000000000001000190A0
:102AA000C001090890830100C000C00000010000BF
:102AB0000000000000010000000000000001000014
:102AC00000000000000000000000000000008985F8
:102AD0008488C000000989858488C0000088C1A05E
:102AE000C088820004008501C088C0000088C185BC
:102AF0008488C00000880000000000000000000082
:102B000000010001000000000000000000000000C3
:102B1000000000A000000000000001010000000013
:102B200082010890A000C0008500A00003002000E2
:102B30000100000000000000010000000000000093
:102B40000000000000000000000000000000000085
:102B5000038300808000001003A10080801000002B
:102B600003000480000900008320058080000080AD
:102B700003A0098080000080000000000000000029
:102B800000000011004000000000000000000000F4
:102B900000000000000000000000100040051000D0
:102BA0000400804080800000800083000000A005B9
:102BB00000000300000041000000030000000000CE
:102BC0000200000000000000000000000000000003
:102BD00000000A00000B000021000A00000B0000AA
:102BE00081000A00000B000081000A00000B0000B9
:102BF00000000A00000B000000000A00000B0000AB
:102C0000000000500000D0000000000000000000A4
:102C10000000000000500000D00000000000000094
:102C2000000000000A00000B00000000000000008F
:102C30000000005000000000000000000000000044
:102C40000000000000000000000000000000000084
:102C500000000000FFFF0000FFFFC3C3FFFF0000F4
:102C6000FFFFC3C3FFFFFF00FFFF0000FFFFFF00E8
:102C7000FFFF0000FFFFFF00FFFFF0F0000000007B
:102C80000000000000000000000000000000000044
:102C90000000000000000000000000FF00FFFFFF38
:102CA00030BAABFFABABFFFFFFFF00000F0F000020
:102CB0000F0F0000FFFF00000F0F0000FFFF0000DC
:102CC0003C3C000000FF000000000000000000008D
:102CD000000000000000FFFFFFFFFFFFC3C3FFFF76
:102CE000FFFFFFFFC3C3FFFFFF00FFFFFFFFFFFF6B
:102CF000FF00FFFFFFFFFFFFFF00FFFFF0F00000FE
:102D000000000000000000000000000000000000C3
:102D1000000000000000000000000000007F00FF35
:102D200030BA30BA03FF03030000000000000F0FA9
:102D300000000F0F0000000000000F0F0000000057
:102D400000003C3C000000FF00000000000000000C
:102D50000000000000000000C3C3FFFF0F0FFFFFD3
:102D60000F0FFFFF0000FFFF0F0FFFFF0000FFFF2F
:102D7000C3C3FFFF00FFFFFF00FFFFFF3C3C00005D
:102D8000000000000000000000000000FFFFFF0046
:102D9000000000000000000000003CBC3C3CFF00C4
:102DA000F0F0C0C0FFC0FFFFFFBEFFFF0000FF004C
:102DB0000000FFFF0000FFFF0000FF0000003C3CA0
:102DC0000000FF000000C3C3FFFF00000000000080
:102DD00000000000000000000000C3C3FFFF0F0F51
:102DE000FFFF0F0FFFFFFFFFFFFF0F0FFFFFFFFFB3
:102DF000FFFFC3C3FFFF00FFFFFF00FFFFFF3C3CDF
:102E00000000000000000000000000000000DFFFE4
:102E1000FF20000000000000000000003C3C3C3CA3
:102E2000FF00F0F0EAEAFFEAFFFFFFBE000000004B
:102E3000FF0000000000000000000000FF00000094
:102E40003C3C0000FF000000C3C3FFFF0000000087
:102E500000000000000000000000000002C701A008
:102E60000394494002C701A00394494002C701E00E
:102E700001B4494002C701A00394494002C701A020
:102E80000394514000860060033000000000000CF5
:102E90000000001000000000000000000000000022
:102EA000000C0000000000000000000000000240D4
:102EB00001800304494002C7016000B44940024157
:102EC00001000004494002410100000441400000AB
:102ED0000000000000000000000000000000FF00F3
:102EE000F0F00F0F00FFFF00F0F00F0F00FF0000E9
:102EF0000000F000C000FFF000F00F0F00FFFF0027
:102F0000F0F00F0F00FF000000004F4FFEFE00002A
:102F100000000000000000000000000000000000B1
:102F200000000000000000000000000000000000A1
:102F30000AAA0C3CFFAA3C28020000000000000086
:102F40000000000000000000000000000000000081
:102F50000000000000000000000000000000000071
:102F6000FF00F0F00F0F00FFFF00F0F00F0F00FF69
:102F700000002000F0003000FFF000F00F0F00FF15
:102F8000FF00F0F00F0F00FF000000000F0FFFFF29
:102F90000000000000000000000000000000000031
:102FA0000000000000000000000000000000000021
:102FB00000000AAA0C3C00003C28000000000000B1
:102FC0000000000000000000000000000000000001
:102FD00000000000000000000000000000000000F1
:102FE0000000FFFFFFFBBFFFFFFFF0F0F0F0DFFF8F
:102FF000FFFF0000000000000000FFFFFFFB555531
:10300000D555FFFEFFFF3555555500000000000067
:1030100000000000000000000000000000000000B0
:1030200000000000000000000000000000000000A0
:103030000000000000F000AA303000F000000000A6
:103040000000000000000000000000000000000080
:103050000000000000000000000000000000000070
:10306000000000000004000010000000F0B2F0F0CA
:10307000002000000000000000000000000004002C
:1030800055551555000200005555555500000000D6
:103090000000000000000000000000000000000030
:1030A0000000000000000000000000000000000020
:1030B000000000000000F0F0AAAA3C3C00FF000065
:1030C00000010000000000000000000000000000FF
:1030D00000000000000000000000000000000000F0
:1030E00000000000000000000000040000000000DC
:1030F00000000000000000000000000000000000D0
:1031000000000000000005000000040003000000B3
:10311000090000000000090000000000000000009D
:10312000000000000000000000000000000000009F
:10313000000000000000000000000000000000008F
:10314000000000000000000000000000000000007F
:10315000000000000000000000000000000000006F
:10316000000000000000000000000000000002005D
:10317000000000000000000000000000000000004F
:10318000000000000000000000000000000000003F
:10319000000000000000000000000000000000002F
:1031A000000000000000820000C0000000000000DD
:1031B000000000000000000000000000000000000F
:1031C00000000000000000000000000000000000FF
:1031D00000000000000000000000000000000000EF
:1031E00000000000000000000000000800000400D3
:1031F0000000000000000400008200000082008245
:1032000000080000000000000400000000000000B2
:1032100000000000000000000000000000000000AE
:103220000000000800000000000000000000000096
:10323000000000000000000000000001100000007D
:10324000000000000000000000001000000000006E
:10325000410000000000000000000000000000002D
:10326000000000000000000000000000000000005E
:103270000000000000000000000000000000000846
:1032800000410000000000000000001100000000EC
:10329000000000000000000000000000000000002E
:1032A000000000000080000000000000000000009E
:1032B000000000000000000000000000000200000C
:1032C00000000000000000000000000000000000FE
:1032D00000000000000000000000000000000000EE
:1032E00000000000000000000000000000000000DE
:1032F00000000000000000000000000000000900C5
:1033000003002100098200000000210021000000CC
:103310002000000040000400000011000000000038
:10332000000000000000000000900041204000006C
:103330000040004000000040000000880000000045
:1033400000000800000200000000000800000090DB
:10335000000400000802000000000000000000005F
:103360000000000000000000000000000000000459
:10337000000800110840000500402000400910111D
:1033800082008800A0000800000000000000A000EB
:1033900002000000000000110020000000000000FA
:1033A0000000000000000000000000000004010018
:1033B00000002000A0000000200004000000000029
:1033C00000000000000000000000000000000000FD
:1033D00000000000200000000000000000000000CD
:1033E00002000000000000000000000000000000DB
:1033F00000800000100010400000000000000000ED
:10340000000000002100000000000000000000009B
:10341000000000000000100000000000000000009C
:1034200000000000008200000000000100C1000157
:10343000000000000000000000000000000000008C
:10344000000000000000000000000000002000203C
:10345000042084200000030000000000000400009D
:103460000000002000000000000000000009000231
:10347000000100000011000384001000000302039B
:1034800010030003004000000000000000000000E6
:10349000000000000000000010000000000000001C
:1034A00000000000000000030011000000100002F6
:1034B0008440000000000000881110000000080097
:1034C0000000840000000000000000000000000078
:1034D000000000002020002000000000000000008C
:1034E000000000000000000000000000000000904C
:1034F000008000400000000000000000000000000C
:103500000500210002000000000000000000000093
:1035100000000000000000000000000000000000AB
:103520000000400000000000008400000200404055
:1035300002100001040000000088000000000000EC
:1035400002000900098800C0052000A02102210016
:1035500000400004200000C000000000200408001B
:10356000000003002100000000000800000000002F
:10357000000000000000000000000000000000004B
:10358000000020400011080088200800820402008A
:1035900084200800A000A0000000C000000008096E
:1035A00000000000000000000000000000000021FA
:1035B000000000800020000000001000000000203B
:1035C000880088049004A009004020000800000042
:1035D00000000000000000000000000000000000EB
:1035E00000000000000000000000000000000000DB
:1035F000000000000000000000000000210010009A
:103600000000000000000000000011000000410068
:10361000000000000000000000000000000010009A
:103620000000000000000000000000000000410059
:103630000084000000840000110800000000000069
:10364000100010002100000000000000100803001E
:10365000000000080000042000000000000000003E
:10366000040000000800000000000000000000004E
:103670000000214000000001800180000040A020E7
:10368000081184080809A000840000008800C00018
:1036900088000000000002008400004000000000DC
:1036A0001000000000000003840000100000000073
:1036B000C041000000000000840000800000000005
:1036C00000001000900000001000840000000000C6
:1036D0000000000082080400002004200000000018
:1036E00000000020000000000000000000050000B5
:1036F00000000000000000000010040410000000A2
:1037000000000000000000000000000000000000B9
:103710000000000000000000000000000000800029
:103720000000000000808000090000000008000088
:103730008000000300000000030000910900000069
:103740000000090080C1000080000000008000C16E
:103750000000800000830000030083000080000060
:1037600080002000000000808000000000808005B4
:1037700000008000000300000000030080820400BD
:103780000000000000000000000000000000000039
:103790000000000000000000000000000000000029
:1037A0008200000000820002820000000008080180
:1037B00000401000000100000000010010C00000E7
:1037C000000000000000C04000C082000000002097
:1037D000902000401000008300000100090000C09C
:1037E000000082000100008200C082000000000290
:1037F000820000101000000100001000010010C144
:1038000000000000000000000000000000000000B8
:1038100000000000000000000000000000000000A8
:1038200000000000C0000000000000008300004114
:1038300090004000C10000000000010000000009ED
:1038400001100000000088000000830800008500CF
:10385000000102A040000501001100000005000168
:1038600000010108000010000000000000008300BB
:103870000003200009000800000000000100000013
:103880000001011000000000000000000000000026
:103890000000000000000000000000000000000028
:1038A0000000000000008000000000110000040083
:1038B000004100000800901100000011020000000B
:1038C0000003410000000000000000002000000094
:1038D00004090008850021000802000840000920B2
:1038E00000400003410000008000000000000000D4
:1038F000040000408000C000824100000000400041
:103900000000000341000000000000000000000073
:1039100000000000000000000000000000000000A7
:103920000000000000000000000011000000000086
:103930000000000011000003000000000000000073
:10394000000000000000000000000000000009115D
:103950000000000003004083000800000800000091
:103960000005000009400000000000000000000009
:103970000000000000801000004000000000000077
:103980000000000000000000000000000000000037
:103990000000000000000000000000000000000027
:1039A0000000000000000000000000000000000017
:1039B0000000000000820000000000000000000085
:1039C0000000000004820000000000000000000071
:1039D000048800000000018801C000000000010010
:1039E0000000001000000083000000000000000044
:1039F00000000000000000C0030000010000000003
:103A00000000000000000482000000000000000030
:103A100000000000000000000000000000000000A6
:103A20000000000000000000000000000100001085
:103A300000000008000010000000008301000000EA
:103A40000000008200C0010010C000000004010856
:103A5000820408C10190014182000000008301003E
:103A600000100000018301010000000000000000C0
:103A700000080000000201408300000000830000F5
:103A80000000000000820000000010410000000063
:103A90000000000000000000000000000000000026
:103AA0000000000000000000000000000000020014
:103AB0000091000000001100C000000000C00800DC
:103AC00000000000008000004100801000000000A5
:103AD00041000040808302000203110000000083C7
:103AE00002000000000002832040000000000000EF
:103AF000100000890000008041802000000000A02C
:103B000009000000000000800000090080A0000003
:103B100000000000000000000000000000000000A5
:103B20000000000000000000000000000000000095
:103B30000000000012000000000000001200814898
:103B4000000BD00012000000000000001242000034
:103B500000000000000000601148000BD00012427D
:103B60008148000BD000120000000000000012424B
:103B700000000000000012000000000000001250D1
:103B80008148000BD000120000000000000012422B
:103B90000000000000000000000000000000000025
:103BA0000000000000000000000000000000000015
:103BB0000000000000000000000000000000000005
:103BC00000000000000000000000000000000000F5
:103BD00000000000000000000000000000000000E5
:103BE00000000000000000000000000000000000D5
:103BF00000000000000000000000000000000000C5
:103C000000000000000000000000000000000000B4
:103C100000000000000000000000000000000000A4
:103C20000000000000000000000000000000000094
:103C30000000000000000000000000000000000084
:103C40000000000000000000000000000000000074
:103C50000000000000000000000000000000000064
:103C60000000000000000000000000000000000054
:103C70000000000000000000000000000000000044
:103C80000000000000000000000000000000000034
:103C90000000000000000000000000000000000024
:103CA0000000000000000000000000000000000014
:103CB00000000000AEDE0000000000000000000078
:103CC00000000000000000000000000000000000F4
:103CD00000007B750000AEDE000000000000000068
:103CE00000000000000000000000000000000000D4
:103CF000000000007B75AEDE000000000000000048
:103D000000000000000000000000000000000000B3
:103D1000000000007B7500000000000000000000B3
:103D20000000000000000000000000000000000093
:103D30000000000000009667C002000000000000C4
:103D4000408C07000000000000003002000000006E
:103D500000004003E66900001660C0020000000099
:103D60000000408C0700000000000000300200004E
:103D700000000000400306689667C00200000000D3
:103D80000000408C0700000000000000300200002E
:103D9000000000004003E6690000000080000020F1
:103DA0008000000000000000020000000000004051
:103DB00000000000000000004000000000080000BB
:103DC00080000000800000040440000000000000AB
:103DD00000000404110000000000000000000000CA
:103DE0000000000080000000000000000000000053
:103DF0000900008400020000000000000000000034
:103E000000000000000000000000000000000000B2
:103E100000000000000000000000000000000200A0
:103E20000080400000008200000000000000000050
:103E3000008000000000000000000100000000C041
:103E4000000002008200200000800000000000004E
:103E50000000000001800000000000C00000000021
:103E6000000000000000080000000000000000004A
:103E700000000000000000800000000000000000C2
:103E80000000000000000000000000000000000032
:103E90000000000000000000000000000000002002
:103EA0000000000000000000000800000000040006
:103EB0000000000000008000000000008002800080
:103EC000100000000000000020840001000100013B
:103ED000000500010000800000000000000000005C
:103EE00000000020100080010020000004100000ED
:103EF000004000000000020000000200000000007E
:103F0000000041000002000000000000000200006C
:103F100000000000000000000000000000000000A1
:103F20000000900000000000001000800000000071
:103F30000000000000000000400000000000408081
:103F400040000100000000000003A1000004042064
:103F5000002000A000200000200000410000000020
:103F600000000000008000002004008000000180AC
:103F700000000080000000000100000001000000BF
:103F80000000000000000000000000000000000031
:103F90000000000000000000000000000000000021
:103FA00000C00241022000001082900005010408B8
:103FB00000002011100082100000040000018000A9
:103FC00000000000000000000000210004000001CB
:103FD000000000000000000000A0800000000800B9
:103FE00000008005000491A10304020121012005C5
:103FF000822110400000000000410000000000008D
:1040000000000000000000000000000000000000B0
:1040100000000000000000000000000000000000A0
:104020000000000011900980000000000500A008B9
:104030000180000901208400030000000100000449
:10404000100000000000000000000000000001005F
:104050000020000500054021840900002000000028
:1040600085000000089000A1200400A100100404B5
:1040700085840884828000000000008800400000E1
:1040800000000000000900008204000000000000A1
:10409000000090000000000002000200000000008C
:1040A00000000000004182018201000000000000C9
:1040B00085091000082010000000800100000000A9
:1040C000000000000000000000001000000080015F
:1040D0000200800000000000A0000000800000201E
:1040E0000000A0110000A11183A041058500081067
:1040F000A00008A10405000000010200002000004B
:10410000000000000090000000000000000100001E
:10411000000000000020000000000000000000007F
:1041200000000000000084A00940034000000000DF
:104130008409108800000010C00400000240000044
:104140000000000000000000000000000100A000CE
:104150002004000020008200000021000000200058
:1041600082800000098400000890200000A0200048
:1041700001A1050000200184100000400000008023
:104180000000A00000000000040004000400004043
:1041900000000000000000000003000000210000FB
:1041A00000000011001100090800080003010200CE
:1041B00008C10008A108001000000820000002A1AA
:1041C0002100000000100000020000880000000133
:1041D00080842000200400400000000820820008A5
:1041E00020000400200108000000A000200000883A
:1041F0002000090084A00801210041404100000086
:104200000500000000000004024000000000000063
:10421000000000000000000000000000000000009E
:10422000000000000000000000000000010000404D
:1042300001000002008010000009000000A0000042
:10424000014000000000000000000020000000000D
:104250000008021021000191082100000021010541
:1042600000210111010003040120000021210100AF
:1042700084000105820005088220C0210080000022
:1042800000400000C00910000000C08000000011C4
:104290008800000000000000000000009000900076
:1042A00000091000000900008800001100048221AC
:1042B000828810000008100890A100080200000089
:1042C00041108441000000900004000841000000FB
:1042D00000002000000080010201A0010000000099
:1042E0000000418400012021A084A08400000885F2
:1042F000000103C10001A005A011202183119140FC
:10430000004000204182000000000000000000008A
:104310000000000002880000000000000000000013
:104320000000000000000000000000880000000005
:1043300009900300C000080084001108000001007B
:10434000C0000000028400000000104100000000D6
:1043500000000000000000002004020421041000FE
:10436000000084000000000401A0210509050000F0
:104370001040004002040040099021A003840890EE
:1043800002C100800280A041000300001000000074
:1043900000000000C0000000902004000000842005
:1043A000000000000003000000000000000000000A
:1043B0004182412009084110051020020089410571
:1043C0000485894141410980008502820089008974
:1043D0000800000000001000A088090900A1412089
:1043E000400021008000410000030009000000009F
:1043F0000000808302890980008000031009880082
:10440000000000800000A08000000000800011007B
:104410000080000080000900000000000000000093
:10442000000000000000000000000000000000008C
:104430000000A0A010108882018900C001A0A08403
:10444000889000A141C102A1018404040109A008CF
:1044500000C0000000000000000003090104200368
:10446000018901000000A00001000001000190008E
:10447000000000001011A109090800C0100111017D
:10448000C10000000240A0101108000000882008B0
:10449000000400040000C000000000000000000054
:1044A000000000000000000000000000000000000C
:1044B000000000000810C011049004C11000830027
:1044C0008504C000000000C00101000001000000E0
:1044D00001C001000100010001000100010001C153
:1044E0000082010100100000002000000001000017
:1044F00001000109000088014000838883831000C7
:10450000840005008311000001000110011021004A
:104510002100040011010000000000000000000064
:10452000000000000000000000000000000000008B
:10453000000000000000A185218310032103040076
:10454000400085009000000009000520212108009E
:104550000400020003001100080008000300080026
:1045600009890400200900800000000000210010DB
:1045700000002100038900000040000021808389A1
:1045800080090000210083890910400002002000FA
:10459000400041000200204000000000000000092F
:1045A000000000000000000000000000000000000B
:1045B0000000000000000000831040100321088369
:1045C0001002808441C109A000A10004032000055D
:1045D00002008005090902200002000200400003D9
:1045E00020048002094108080040040209118020CB
:1045F00000000000000900030000000000000009A6
:10460000000300000000000900830000008080001B
:10461000008000008080808000000080008000809A
:10462000008000000000000000000000000000000A
:10463000000000000000000000008205A0C183A06F
:10464000418200018808C0850089000502A191C14E
:104650000004A10088010501000100000000000124
:104660000001010020018301880000010101010017
:1046700002010000000000010001000000C0849061
:1046800090C1C00500A000040011008300A0040830
:1046900004C0100800A004100208009000200020B0
:1046A00000200010000000000000000000000000DA
:1046B0000000000000000000000000000404C00032
:1046C00088001004088588118200008905C08902CD
:1046D00084000100028488028200000000000001C2
:1046E000000000000188008301000000002000009D
:1046F0000000000083101020820004000000899058
:10470000C0048800900483890940080008108402CE
:10471000C003C0000400000000010000000200000F
:104720000000000000000000000000000000000089
:104730000000000000000000000000000000A08257
:1047400011052010A0008083804000040090A1008B
:104750008200050040008080800000110000000001
:10476000001100080000020020834004090000003E
:104770000000000000008900800000000000000030
:104780008389808080000500839084808000008081
:104790008000000480020000000900400004008046
:1047A0000000000000000000000000000000000009
:1047B00000000000000000000000000000000000F9
:1047C0000000000B000012420A00000B00008200F3
:1047D0001242000BD00000880A50000BD0000000ED
:1047E00000500000D00000000050000BD00011006D
:1047F0000050000BD00000000A50000BD000000059
:1048000000000A50000BD00000600A50000BD000DE
:1048100000000000000B000000000000000000008D
:104820000000000000000000000000000000000088
:104830000000000000000000000000000000000078
:10484000000005A000000500A0000000000000001E
:104850000001FF00FF00FFFF7FFF000000000F0FBF
:10486000FF0000000000660F0000FFC3C3C300404C
:104870000000000000000F0F1B0BFFFF0000FF00F7
:10488000000000003C3C0000FF000000FF000000B2
:10489000FF00000000000000000000000000000019
:1048A0000000000000000000000000000000000008
:1048B00000000000000000000000000000000000F8
:1048C00000000000000005A0000500A0000000009E
:1048D00000000000FF00BF200000400000000000BA
:1048E0000F0FFF0000000000660F240C3C000F0FAC
:1048F0000F0F0F0F000000000F0F0B0BFFFF00004A
:10490000FF00000000003C3C0000FF000000FF0032
:104910000000FF0000000000000000000000000098
:104920000000000000000000000000000000000087
:104930000000000000000000000000000000000077
:104940000000000000000000000000000000000067
:104950000000000000000000000000000000000057
:104960000000000000000000000000000000000047
:104970000000000000000000000000000000000037
:104980000000000000000000000000000000000027
:104990000000000000000000000000000000000017
:1049A0000000000000000000000000000000000007
:1049B00000000000000000000000000000000000F7
:1049C000000000000000000000410028801040208E
:1049D00000000000FFFFFFFFF000F0FFF0F000FF1D
:1049E0007FFFFFFFFFF0003C000000006676300014
:1049F000C9CFC0C0666606060000000000000000C7
:104A0000000000FF000000FF0000000000FF0000A9
:104A100000FF000000FFFFFFFF0000000000C7C70D
:104A2000FFC700000000FFFF90D30000000000005F
:104A30000000000000000000000000000000000076
:104A400000000000000000000000410028000108F4
:104A50000204000000017CFFFFFFF000F0FFF0F017
:104A600000FF40000000FFFF003C00000000664621
:104A70003000CFCFC0C076663606000000000000D0
:104A80000000000000FF000000FF0000000000FF29
:104A9000000000FF000000FFFFFFFF00000000001B
:104AA0000606FF060000000090D390D3000000002F
:104AB00000000000000000000000000000000000F6
:104AC000000000000000000000000000008600E080
:104AD00000B01000008600A003980000008600BC13
:104AE00003B00000008600BC03B000A00000000C72
:104AF00000090010008670EC00B00000008600EC99
:104B000000B00000C0C2C0BC33B049030000C047C1
:104B1000C0FC33A04903C043C0BC3300410300863E
:104B200000E000B000000086006000B00080008659
:104B3000006000B000000000000000000000000065
:104B40000000000000000000000000000000000065
:104B5000000002008200F0F0FF00000FF0FFF0F014
:104B6000FF0000000000F0F0FF0000000000000067
:104B70000000000000000000000000000000000035
:104B8000000000000000F5A07D7D00000000000096
:104B90005DAE5DAEFAF0FBF3AAAAF0F02D2DAAFFF0
:104BA000A800AA000303ABAB000000004F4F414137
:104BB00000000000FF50FFD30000000000000000D4
:104BC00000000000000000000000000000000000E5
:104BD0000000200000000000F0F0FF00000FF0FFD8
:104BE000F0F0FF0000040000F0F0FF000000000003
:104BF00000000000000000000000000000000000B5
:104C00000000000000000000F5A0282800000000BF
:104C10000000FFFF5DAEAF0FEFCFFF003C3C2D2D3E
:104C200000558000AA0003FFABFF000000004FFF0B
:104C300041FF000000005050D3D3000000000000EE
:104C40000000000000000000000000000000000064
:104C5000000000000000A0A0A080AAAAAAEA555562
:104C60005555FFFF004000000000AAAAAAAA0000B4
:104C700000000000000000000000FFFFDFFF000058
:104C80000000000000000000000000000000000024
:104C90000000000080204010505F3F3F00000000F7
:104CA0000F0F3C3CFFA0FF000000000050FFD3FFAF
:104CB000D7C3F7F300000000000000000000000070
:104CC00000000000000000000000000000000000E4
:104CD0000000000000200000A0A0A0A0AAAAAA2A0C
:104CE00055355555FFBF000000000000AAAAEA2A6A
:104CF000000000000000000000000000FFFFFFFFB8
:104D000000000000000000000000000000000000A3
:104D100000000000000002080104505F3030000075
:104D20000000555500FFFF00FF0000000000FF508D
:104D3000FFD37D3CFDFC00000000000000000000EF
:104D40000000000000000000000000000000000063
:104D5000000000000000020084000200800000004B
:104D6000840000000001000000000000800000003E
:104D70000020000000000000000000000000000013
:104D8000000100000000000000000040050080005D
:104D9000042000000000000000000000000000915E
:104DA0000000000000000000000000008001000082
:104DB00000000000000000000000000000400000B3
:104DC00000000000000000000000000000020000E1
:104DD0000000000000000000000020000000200093
:104DE000000021000000000400000000000004009A
:104DF0000000008000000000000000000000000033
:104E00000000001000000000000000000000000092
:104E1000020001800000000200C0000090000000BD
:104E20000040000000000000000000000000024000
:104E300084001000000000000000000084000080DA
:104E40000000000000000000000000000000000062
:104E50000000000000000000000000210000000031
:104E600000000000000000000000000000A00000A2
:104E700000000000000000000000800200020002AC
:104E80000010000000010004800000040005000480
:104E9000800400040004000400040000000100017C
:104EA00000010005000100010004000100000000F5
:104EB0000000000000000000800080000000800072
:104EC00000010000001100020000000000000000CE
:104ED00000000000000000000000000004A000002E
:104EE000000004100000900000000200000000100C
:104EF000000000000400000000000000200000008E
:104F0000000000100000001000800200008000A0DF
:104F10000080088000800080008000800000000485
:104F20000004080400C00004000400800004000025
:104F300000000000000000000000400040000000F1
:104F400040000004000000A00080000000000000FD
:104F5000000000000000000000000000000004004D
:104F60008000801100000082001000000482000018
:104F70000400000005000000100000000000100008
:104F80000082000000000004100400000004000083
:104F9000000000000202000020000900A000000044
:104FA00020000000000091400220800000208000CE
:104FB000000082004000400000001000004000405F
:104FC0000020001002000000000000000000200887
:104FD00002000000000000000900000000000300C3
:104FE0001109020302C010008400000300009100B8
:104FF00002008300C000000000000000000000006C
:10500000A000100010000805008000800041008012
:105010000000000000000105020000000000080080
:105020000000020008008802028001800203008064
:105030002000C0020400400010200000000000A07A
:10504000008000200080010000000000000000003F
:1050500000800000000000000000000000000000D0
:1050600000000000000002908040000009000200E3
:105070008000000400040004000400858085000016
:1050800000858810001180118010000000000000D1
:10509000000041000200020000008084000005843E
:1050A0008501000041401140008202400010004193
:1050B000008400018002800280028000000102045E
:1050C00000042004800400040004000200400041A9
:1050D000804000010000000000000000000000000F
:1050E000000000000000000001000280000000003D
:1050F0000000041100890080008000800004040486
:1051000000000004040000100404048000100010DB
:1051100000000010000000008500000020000000DA
:105120000000201000000000C0800000018000008E
:10513000002000000020208020802080200000042B
:1051400083800080018040800080008000A10000FA
:10515000002004000020000000000000000000000B
:10516000002000000000000003A01082000803A03F
:105170000400100000820000000000400300000056
:1051800004A000000500101080821000080000003C
:105190000000000002000000021002008201000076
:1051A000040002008000000000820800000002826B
:1051B0000000204000200040200004882000410022
:1051C00000208500004100830301A000A00102002F
:1051D0000000200400000000200000000000008209
:1051E000000000000000000000219008000882007C
:1051F0008200C100C0000003880000000080080099
:105200001000C10084000040008004000000000085
:1052100084080000000083210000008001000810C5
:1052200000000104032008000000082002200800FC
:10523000000000200980020002A10900C10009004D
:10524000104140002000008400040204210021409D
:10525000010000000080200000000800000008009D
:1052600008008409000000200000419003901141D3
:1052700000000940109002001082009000004100E0
:1052800010008000009080A000002100808380A09A
:1052900000040090009009A00000000002000240FD
:1052A000088202008000004002000000800041905F
:1052B0000082020000400000000041008001A04088
:1052C0002090A0918041840180000084000085002E
:1052D000C0C0A004800000008000802003A00082E5
:1052E0000082008800200000000000000000000094
:1052F00010900000000010001000000000000000EE
:10530000000000002000004120008421080020202F
:105310000800008200000000000000000000000003
:1053200001800100010004000021010000002000B4
:105330000000000000000080000000000040042089
:105340000500010005022082400420210000000029
:105350000800400021802000000020002000000004
:1053600000000000000000000000000000000585B3
:1053700009C085C1090005C0098980110900000321
:105380002089008000880083000900000088000355
:105390000009000000800003000903000000000372
:1053A0004109004100008003008902800080000064
:1053B0000003020903410000800300A000000080F8
:1053C0008003000000008000008380801180009135
:1053D0001003910041100000034040410041024190
:1053E00000000000000000000000000000000000BD
:1053F000C083018520410102000501054011012003
:1054000088838541A00400C10011000302A000416F
:1054100000010001C00000900001C0010000000078
:105420000001000100010000028388C1090800900A
:10543000000000018801000100004089080940C007
:10544000400488110084001010A000A120C000209A
:105450000020000141000100000000010100C00027
:10546000000100000000000000000000000000003B
:1054700000000201838805094110050104020305AB
:105480001100020090000502A1010000019001003E
:1054900001010002900001820101000000000100F2
:1054A000010102002040C1009101200121A004C09F
:1054B000918200009000000203008985021191A0F2
:1054C000830841829000A000020011080400080037
:1054D000C00009210000100010000900019000091F
:1054E0000990010000000000000000000000000022
:1054F000000000000009400085C18980C040800094
:105500000541890080000000A1000309000010008F
:10551000210003090080800021A00309050000008C
:10552000210003098041C180210083090040A000BF
:1055300080008389000000020200A100038980C06E
:1055400020001080839100108000800003800011F3
:105550008000000083A00000800080008300050020
:105560000290050303050000000000000000000099
:105570000000000000000004008805A0009000402A
:105580008005C1A000A000008040840900830000C5
:105590008010000900031000112000090003058598
:1055A000000000898083000000C1050900834100DC
:1055B00080A0800900830000000000020089000331
:1055C000008088A08089C00340000008008000831C
:1055D0000080800000100003000000000000008335
:1055E000410504040520110900000000000000002E
:1055F00000000000000000000002A00905080041B2
:10560000000140A0A085C0880000880040C100893A
:105610000000400104010001010800000001080130
:10562000000200C000A1028300020010019100836B
:105630000020880302210003000000C000840085D0
:1056400000A10004100302850905001040008284B7
:10565000C089002002A0A0C0009100040004000442
:10566000008388000100000190000000000000009D
:105670000000000000000000000041040384A0843A
:10568000A004850588820100002085018882C00071
:1056900000888500C0820000C000018801820800E7
:1056A000000001880182000000008389018204005B
:1056B000404083C08884080004C0000021034002E9
:1056C00004000800058811028800A002040940882F
:1056D000A0008890C11002842000A00801000008EA
:1056E00000000010002001C10100010000000000C6
:1056F000000000000000000000000000A080020088
:105700002080050090C1C100020020008920C0C097
:10571000000000808300008000000900038004A0D6
:1057200080000000038004800300000083830400E5
:10573000800000808305000080111100000003A09C
:1057400080008000090003830400000000800388BB
:105750000000801180000341910980000080030057
:105760000080111000802100200540202000000052
:105770000000000000000000000000000000118296
:10578000000BD00000004188000BD00000002184F5
:10579000000BD00042008241000BD00042001242B8
:1057A000000BD000424100500000D00042000A50DF
:1057B000000BD00041001242000BD000006000003E
:1057C00000500000D00000000050000BD00000503E
:1057D0000A50000BD000000000500000D000000074
:1057E0000A50000BD00000000000000BD0000000A9
:1057F00000000000000000000000000000000000A9
:1058000055555555FF7FFFFF57555555FDFFFFFF78
:105810000000FF00000000F000000000000000F0A9
:10582000000000AA000000F0000000F0000000C32B
:1058300000000000000000F000000000000000F088
:10584000000000000000000000F000000000000068
:1058500000F00000FFFF00000F0F000000FF00003D
:1058600000FF00000F0F0000555541F141F13CFCD5
:1058700000F0000000000000000000000000000038
:105880000000545557550020000054555555080048
:1058900000000000FF00000000F000003C3C0000A1
:1058A00000F0000000AA000000F0000000F000007E
:1058B00000C3000000FF000000F000003C3C0000BE
:1058C00000F0000000003C3C000000F0000000FF81
:1058D000000000F00000FFFF00000F0F000000FFBD
:1058E000000000FF00000F0F0000555541F1FFFFC1
:1058F0007DFD55F5000000000000000000000000E4
:1059000000000000FFF000F0FF0FF000F0F0FF00DB
:10591000FFC33C00C300000055000000C3000000AE
:105920000F00000000000000550000000000000013
:10593000C30000000F0000000F0000000000000086
:105940000F0F000000000F0000000F00000000AA71
:1059500000000F000000FFFF0000FFFF00003C3CC4
:105960000000AAAA0000F0F000000000FFFFD5D55B
:10597000FFD5FFFEFFFF0000000000000000000058
:10598000000000000000FFF000F0FF0FF000F0F05A
:10599000FF00FFC33C00C300000055000000C3002F
:1059A00000000F000000FF00000055000000FF0095
:1059B0000000C30000000F0000000F000000FF0007
:1059C00000000000000000000F0000000F000000B9
:1059D00000AA00000F00000000000000000000000E
:1059E0003C3C0000AAAA0000F0F00000FFFFFFFF0F
:1059F000C0C0FFC0FFFE000000000000000000006B
:105A00000000000000000000008600DC03B0000081
:105A1000018600BC03900000C0C6C0BC33904D039B
:105A2000C0C7C0BC33B04903C041C0FC31304903DA
:105A3000C0C7C07C30B04903C0C7C03C33B04903C5
:105A4000C0C3C0BC33B049030000C0C7C07C30B085
:105A50004903C0C7C0FC30B04303C2C6C11C339465
:105A60004943C2C7C17C30B44943C2C7C17C333447
:105A70004143A00650F0A0B0001500000000000057
:105A80000000000000000000000000100000000006
:105A90000080FFAA5500000FF0FFFFF00F0000FF8D
:105AA000FFFFFF3C003C000000000000F0F03C3C29
:105AB000000000000000147DFFFFA0A01010F330D4
:105AC0000CCFFFAAF03CAAAFEBEF00000000702063
:105AD000FFFFFFFF24008100FCFFF3FF7C3C3C3C08
:105AE000003CC3FFD7C3F7F300C3AAEB00000000DC
:105AF000FFFFFFFE000000000000000000000000AB
:105B00000000000000000000000000000000000095
:105B100000000080FFAA5500000FF0FFFFF00F000B
:105B20000000FF00FF3C003C000000000000F0F01F
:105B30003C3C000000000000143D0F0FA0A010101E
:105B4000F3300CCF00AAF03C555FD7DF0000000017
:105B500000007FFFFFFF002400813FFFCFFF3C3CA0
:105B60003C3C003CC3FF5500F5F00FCFAFEF000009
:105B700000000001FFFF0000000000000000000026
:105B800000000000000000000000000000003030B5
:105B90000A0000000200FFFFFEFF0000FFFFAAAAAC
:105BA000AAAC55555555FFFF01000000000000004C
:105BB0003C3C0F0F0000000000000000000000004F
:105BC00000000028002820801040FFFF69F9000035
:105BD000000000000000003C248100000FAFF0FA3C
:105BE000EAAACAAA0000FFFFDF5FCF0FFFFFEBFBAF
:105BF00000000000000000500000000000FF000056
:105C00000000000000000000000000000000000094
:105C10003030000000000200000040000002FDFFE4
:105C2000AAAAAAAA45557555FEFF0000000000006B
:105C300000003C3C0F0F00000000000000000000CE
:105C400000000000000008080802040169F969F971
:105C500000000000000000000000000024813FBFA1
:105C6000FCFEAAAA0AAA00007FFFD755C300FFFFC7
:105C7000EBEB00000000000000500000000000FFFF
:105C80000000000000000000000000000000000014
:105C900000000400030000000800000000000000F5
:105CA000000000000084000000000200000000006E
:105CB00000000400000000000000000000000000E0
:105CC0000000200020000000000004000000200070
:105CD0000000000000000082000000000000000042
:105CE00000000000000000000000000000000000B4
:105CF00000000000000000000000000000000000A4
:105D00000000000000000000000000000000000093
:105D1000000000000800A0000000000000040000D7
:105D20000000000000000000000000000000000073
:105D30000004040000000002000000000000000059
:105D400000090000880000000000000000000000C2
:105D500082000000000000000000000000000000C1
:105D6000000000000000000000000000000400002F
:105D70000000000000000000000000000000000023
:105D80000000000000000000000000000000000013
:105D90000000000000000000000000000000000003
:105DA00000000000000000000000000000000000F3
:105DB00000000000000000000000000000000000E3
:105DC00000000000000000000000000000000000D3
:105DD0000000210000000000000000820000000020
:105DE00000000000000000000000000000000000B3
:105DF00000000000000000000000000000000000A3
:105E00000000000000000000000000000000000092
:105E10000000000000000000000000000000000082
:105E20000000000000000000000000000000000072
:105E30000000000000000000000000000000000062
:105E40000000000000000000000000000000000052
:105E50000000000000000000000000000000000042
:105E60000000000000000000000000000000000032
:105E70000008000000000000000800000000000012
:105E80000000000000000000000000000000000012
:105E90000000000000000000000000004100410080
:105EA0004100100005004100050000000000030053
:105EB00000000000000000000000100020000008AA
:105EC00003000000000000000000000000000000CF
:105ED0000000000009001100001000002100000077
:105EE000000000002100210000002100100010002F
:105EF000090009001100000000000400000000007B
:105F00000000000000000000000000000000000091
:105F100020002000000000000000000084000000BD
:105F200084210000000000001000000000000000BC
:105F3000C000000008000000000000000000000099
:105F40000000000400410000000000050000000007
:105F500000000000880000000000000000000000B9
:105F60009008000084000000880000000009A021C3
:105F7000000900000000A0008440A0000000000014
:105F8000840000000000000000000000000000008D
:105F900000030000000000000000000000000000FE
:105FA0000000400200002104009000C021C0000257
:105FB00000000004000000000000009010000088B5
:105FC00000000000000000000004000000000000CD
:105FD00000000000000010000000000000000000B1
:105FE00000000400000000000000000200020000A9
:105FF00000820000000009000200004011000020A3
:106000000000000000000000000000000000000090
:106010000000000000000000000000000000000080
:106020000400020084009000000010111000C00065
:106030000408400040004000C00000110000004182
:106040000011001182091021004000000000000032
:10605000000000000000000010110000000400001B
:1060600000001000000384000003C02002000400B0
:1060700000009000000988000411000002211000B7
:106080008821001100000021A00000400011000044
:1060900000110000000000400000000000000000AF
:1060A00000000000000000000000000000000000F0
:1060B00010000000009000840000080000000000B4
:1060C00008000000000000A0000000000000000028
:1060D00000000000000000000010000000000000B0
:1060E00000000000000000000000000000000000B0
:1060F00000000000000000000000000000000000A0
:10610000000000000000000000000000000000008F
:10611000000000000000000000000000000000007F
:10612000000000008400C0000000A0030003000085
:10613000C00000210000000000000000000000215D
:1061400000080000000000008421842100000000FD
:106150000000000000000000001100000021880085
:10616000A011002100000040000088110000A000E4
:10617000040004028440A003C000A00000401040BE
:106180008800A04000030020A020A020C011C0096A
:106190000000C0000000000400000000000020001B
:1061A0000000000000000000090000A01100000035
:1061B000000000040000000000000000004000009B
:1061C0000000110009000000004000000000000075
:1061D000000000400040000000000000000000003F
:1061E00000002000110000000040000000000940F5
:1061F000000000000000002000001100000000006E
:10620000000409000000000000000082000000827D
:1062100000000000009000000000000000000000EE
:106220000000000000000000202040118440000910
:106230008800000010200200000300038200A00379
:106240009000A0039003C000A0031003A0008803E7
:10625000000000000000C000000000000008000373
:10626000000004082000040800000404A0008420AA
:10627000002190002000000000000011000000003C
:106280008800021190020200020900008840880084
:106290000000A0000000000000200000000000003E
:1062A00000000000000000000000000000000000EE
:1062B00000000000000000000000000000000000DE
:1062C00000000000000000000000000000000000CE
:1062D00000000000000000000000000000000000BE
:1062E00000000000000000000000000000000000AE
:1062F000000000000000000000000000000000009E
:10630000000000000000000000000000000000008D
:10631000000000000000000000000000000000007D
:10632000000000000000000000000000000000006D
:10633000000000000000000000000000000000005D
:10634000000000000000000000000000000000004D
:10635000000000000000000000000000000000003D
:10636000000000000000000000000000000000002D
:10637000000000000000000000000000000000001D
:10638000000000000000000000000000000000000D
:1063900000000000000000000000000000000000FD
:1063A00000000000000000000000000000000000ED
:1063B00000000000000000000000000000000000DD
:1063C00000000000000000000000000000000000CD
:1063D00000000000000000000000000000000000BD
:1063E00000000000000000000000000000000000AD
:1063F000000000000000000000000000000000009D
:10640000000000000000000000000000000000008C
:10641000000000000000000000000000000000007C
:10642000000000000000000000000000000000006C
:10643000000000000000000000000000000000005C
:10644000000000000000000000000000000000004C
:10645000000000000000000000000000000000003C
:10646000000000000000000000000000000000002C
:10647000000000000000000000000000000000001C
:10648000000000000000000000000000000000000C
:1064900000000000000000000000000000000000FC
:1064A00000000000000000000000000000000000EC
:1064B00000000000000000000000000000000000DC
:1064C00000000000000000000000000000000000CC
:1064D00000000000000000000000000000000000BC
:1064E00000000000000000000000000000000000AC
:1064F000000000000000000000000000000000009C
:10650000000000000000000000000000000000008B
:10651000000000000000000000000000000000007B
:10652000000000000000000000000000000000006B
:10653000000000000000000000000000000000005B
:10654000000000000000000000000000000000004B
:10655000000000000000000000000000000000003B
:10656000000000000000000000000000000000002B
:10657000000000000000000000000000000000001B
:10658000000000000000000000000000000000000B
:1065900000000000000000000000000000000000FB
:1065A00000000000000000000000000000000000EB
:1065B00000000000000000000000000000000000DB
:1065C00000000000000000000000000000000000CB
:1065D00000000000000000000000000000000000BB
:1065E00000000000000000000000000000000000AB
:1065F000000000000000000000000000000000009B
:10660000000000000000000000000000000000008A
:10661000000000000000000000000000000000007A
:10662000000000000000000000000000000000006A
:10663000000000000000000000000000000000005A
:10664000000000000000000000000000000000004A
:10665000000000000000000000000000000000003A
:10666000000000000000000000000000000000002A
:10667000000000000000000000000000000000001A
:10668000000000000000000000000000000000000A
:1066900000000000000000000000000000000000FA
:1066A00000000000000000000000000000000000EA
:1066B00000000000000000000000000000000000DA
:1066C00000000000000000000000000000000000CA
:1066D00000000000000000000000000000000000BA
:1066E00000000000000000000000000000000000AA
:1066F000000000000000000000000000000000009A
:106700000000000000000000000000000000000089
:106710000000000000000000000000000000000079
:106720000000000000000000000000000000000069
:106730000000000000000000000000000000000059
:106740000000000000000000000000000000000049
:106750000000000000000000000000000000000039
:106760000000000000000000000000000000000029
:106770000000000000000000000000000000000019
:106780000000000000000000000000000000000009
:1067900000000000000000000000000000000000F9
:1067A00000000000000000000000000000000000E9
:1067B00000000000000000000000000000000000D9
:1067C00000000000000000000000000000000000C9
:1067D00000000000000000000000000000000000B9
:1067E00000000000000000000000000000000000A9
:1067F0000000000000000000000000000000000099
:106800000000000000000000000000000000000088
:106810000000000000000000000000000000000078
:106820000000000000000000000000000000000068
:106830000000000000000000000000000000000058
:106840000000000000000000000000000000000048
:106850000000000000000000000000000000000038
:106860000000000000000000000000000000000028
:106870000000000000000000000000000000000018
:106880000000000000000000000000000000000008
:1068900000000000000000000000000000000000F8
:1068A00000000000000000000000000000000000E8
:1068B00000000000000000000000000000000000D8
:1068C000000000000400110011000400000000009E
:1068D0000000040000000000800000000000000034
:1068E00000000000000000000000000000000000A8
:1068F0000000800080008000000040008000000058
:106900000001000080000000800100200000000065
:106910000000000100000000000400000000000171
:1069200000000000801100038021800400000000AE
:106930000000000000000000000000000000000057
:10694000000000000000010000000400010400003D
:1069500000000000040000000004400000000000EF
:1069600000000000004100000000000000000000E6
:106970000000000020002000400000000100400056
:106980000000000400C0200000002004008000057A
:10699000000500000008000000000080000000006A
:1069A00000200000000040A000820490048000004D
:1069B00000000000000000000000000000000000D7
:1069C00000000000000000000000000000000000C7
:1069D00000100000000000000000000000010400A2
:1069E0000400000100010010002000100021000040
:1069F0000001000100050000000000000000000090
:106A00000020002000200000000000000000000026
:106A10000000000000000000000000000000000175
:106A20000000000000000000000000000010000056
:106A30000000000000000000000000000000000056
:106A400000000000000000000041000800000010ED
:106A50000000000000000000040000000000000230
:106A6000010001000020002000800080008000A0C4
:106A7000000000040004008200000000000000107C
:106A80000000008000800080000000000000000086
:106A9000000000000000A00000000000A0000000B6
:106AA0000004000000000000000000000000008062
:106AB00000000000000000000000000000000000D6
:106AC00000000000000000000000C10000000020E5
:106AD000800000000008119080001000800000007D
:106AE0000000000000000000000000A000000010F6
:106AF000000000A000000000000000004000800036
:106B00002009A0008000C00840000000C000A000D4
:106B10002000A0000002030041004102900110018A
:106B2000050240011000880400048804C0010883A5
:106B30000401040000000000008200004100000089
:106B40000000000000000000000008000400000039
:106B5000000020000000008000000400000004008D
:106B6000000000001000000088000000000000008D
:106B70000080000000000000000000000000010094
:106B800020000102090004000300010000002100B0
:106B9000410001002100C02100008200000011100E
:106BA00001108480010800000980908009A109205B
:106BB00001020110010000000000000000000000C0
:106BC00000000000000000000000000000002000A5
:106BD00020002001040000008401000000004100AA
:106BE00088000000410000000000000000020020BA
:106BF0000010002000000001000100000000200043
:106C000020000000000005212000200020010000DD
:106C100000A011A0008404004140000002200020D8
:106C200004000400840080000001840080008401CE
:106C30000801000100410001000000000001000106
:106C40000000000000000000000000000000000044
:106C5000090001004140010000001108001000106F
:106C600000000400080508080011000400000000EE
:106C7000008000910080002000020002000000005F
:106C8000010001000000000000A00111010021200E
:106C90000000000000000000200000000000008054
:106CA000008000000000400002000004110002000B
:106CB0000210010200100004002000000000000289
:106CC0000040000000040000000000000000000080
:106CD00000004100000002A000024100100004205A
:106CE0000988050841000520050021004100000831
:106CF000100005821008108810000008000000082D
:106D000000001001000000000900000080010000E8
:106D100003010000400000004001040100000000E9
:106D2000000000820400840000018201000840018C
:106D30000000020040010002040404820000000080
:106D40000000000000000000000000000000000043
:106D50000000000000000000010000000000000032
:106D6000018000000000000000880000000000001A
:106D70000000000000000000000000000000000013
:106D800000000000000200000000001000000804E5
:106D900000000040000084000000014001020000EB
:106DA0000003000000000000040000202104000097
:106DB0000120000085000110008001800100840096
:106DC00000000000000000000000000000000000C3
:106DD00000000000000020C0009082400010200051
:106DE000100802032000000003004100001008000A
:106DF0000500080020000008000010080509000434
:106E000000080084000810040000000000002000BA
:106E100000A000000000000000900020008404009A
:106E20000420002003000500402000002000040092
:106E3000028204080940894004200920400200041D
:106E4000000000000004000400000000000000003A
:106E500000000000000000008240000303841000D6
:106E6000010301C1000411212000000810002000CE
:106E700000000800000008000000000000000010F2
:106E800010000000000000000000000000000000F2
:106E900001000000000000000000000000000000F1
:106EA000010000C00080020082000080020000009B
:106EB00001000000000000200802828000000200A3
:106EC00000800000820000000000000000000000C0
:106ED0000000000000000000000002802009000007
:106EE000008500C100028005000308034121000065
:106EF0001140088904A141A009C108A10921858286
:106F00004090820309040002A10400030000000075
:106F100000008003000009000000000000030000E2
:106F200040210500000000008000000080050003F3
:106F3000851000200040801089200005028080001C
:106F40000800200000000000000000000000000019
:106F500000000000000000000000000001880101A6
:106F600008000040008800C0100800000101000077
:106F7000C00000010188001000110011C082000053
:106F8000C005000583010001A00109000001000007
:106F900000000000880108009100000000000201CC
:106FA00088000100000000000000200000008401B3
:106FB000840010010001900108011001000001820D
:106FC00010A0C09001900000C00000000000000070
:106FD00000000000000000000000000000000200AF
:106FE00003000220C10289000140A000050000004A
:106FF000A0008840C0012100824189882101110040
:1070000002A1050182010000010401040100000049
:10701000000000000100A02010008220830000007A
:1070200020000220820089000010000000A0000063
:1070300000A000028841000191002100050288089B
:1070400004002000112083008200020220A1C00061
:107050000000000000000000000000000000000030
:107060008500900080808980200340800000890096
:1070700004000300A0808303400809031084100368
:1070800008050303900883030900041002C10310DC
:1070900000002000000003000080800000808300CA
:1070A00000008000000000008300038002000280D6
:1070B00002400000410000200010200584039000E1
:1070C000032082008200A080830000000000804036
:1070D00000000000000000000000000000000000B0
:1070E0000000020000108589008000000085000972
:1070F00041C021090003032189A1A19000C003C060
:1071000085A18902000303214084C0090004040210
:10711000030311030000200000030503200000000A
:107120000083008000800080008080830000400099
:1071300000000000100020004100038008800000D3
:107140004000088000208091C10280830080008080
:10715000008000800000000000000000000000002F
:1071600000000000010000C1858500880000008546
:1071700000C10089004100A0010041888241004116
:1071800083A1884082040000110401828300000171
:10719000000101010000000000000001004000C0EB
:1071A00000C0208300800040000200A08821000071
:1071B0000000000040000190009000A0218288089B
:1071C00000080008018200A01040A0824083002037
:1071D0000020008400040000000000000000000007
:1071E0000000000000000188890885000020C1001F
:1071F0008982000000000510A1C083000000041077
:1072000020880201C02082000501A1000100018246
:1072100001C001C101000000009000000000010158
:1072200000900000004000800100002000000004E9
:1072300000000000000000000140011000000000FC
:10724000820002C020012090000400C00000002045
:1072500001000100000000400000000000000000EC
:1072600000000000000000002080840085000080F5
:1072700009008580000000008980200521110000A0
:10728000A080058984088300C10090404002080066
:1072900003800405022020410000000000000300DC
:1072A00003100500000300000080030300800011AC
:1072B000008000000021000500000380048002001F
:1072C0000200800580048040800000A100110003BE
:1072D0000080200320000200028000000000000067
:1072E000000000000000000000000A50000BD00069
:1072F00000000A50000BD02082004188000BD00013
:1073000000420600000B000012420000000B0000CB
:10731000124200000000D000125000840000D00093
:1073200000000050000BD000000000000A50000BCD
:10733000D00000000000000B000000000000000B67
:10734000D00000504100000BD00000002184000B51
:10735000D00000000000000000000000000000005D
:10736000000000000000000000000000FF0FF0001F
:10737000F606F606FFFFFF00FF0FF0000FFF0F00FD
:10738000148200000402204004082010140000149D
:107390004400004400000000000000003C3C3C3C75
:1073A0003C3C0000FF0000003C3C00000000FFFFF0
:1073B0000000FFFF00000000000000000000C3CF3D
:1073C000DBDF000000000000000000000000000003
:1073D0000000FF0F36360408020100000000000024
:1073E0000000000000000000000000000000FF0F8F
:1073F000F000F606F60600FF0000FF0FF0000FFF9A
:107400000F000000148208011080020140808200F9
:1074100000828800008800000000000000003C3C62
:107420003C3C3C3C0000FF0000003C3C00000000F5
:10743000000000000000000000000000000000004C
:10744000C3C3DBDB00000000000000000000000000
:1074500000000000F00036362010408000000000E0
:10746000000000000000000000000000000000001C
:10747000000000000000000000000000000000000C
:1074800000000000000000000000000000000000FC
:107490000000000000000000C20804000010886125
:1074A00000000000000000000000000000000000DC
:1074B00000000000000000000000000000000000CC
:1074C00000000000000000000000000000000000BC
:1074D00000000000000000000000000000000000AC
:1074E000000000000000000000000000000000009C
:1074F00000003C3C3C3C30303F3F0200000030305C
:107500003F3F000018240011002228000028080432
:107510001020001100228010402000000000000018
:1075200000000000FFFF0000F0F00000FFFF00007F
:10753000FFFF00000000F0F0FFFF0000000000006F
:1075400090D390D3FFDFFFFF0F0F0F0F000A005003
:10755000FFF8FF1F000000007E7E90F60000000094
:10756000000000000000000000000000000000001B
:107570000000000000FF00FF30303F3F020000002D
:1075800030303F3F000081421100220041000041A5
:1075900001028040110022000108020400000000E6
:1075A00000000000000000000000F0F000000000FB
:1075B0000000000000000000F0F0FFFFFFFF0000EF
:1075C000000090D3FFFFFFFFFFFF0F0F0F0F0A0018
:1075D0005000F8F81F1F00000000181890F6000077
:1075E000000000000000000000000000000000009B
:1075F0000000000000000096009C03900000008E38
:10760000009C03C0200000C609BC0380080000865F
:10761000000001800800000000800000100005004C
:10762000041000020010C240C11C30044943C2C70C
:10763000C1FC30B449430000C2C7C17C339441430C
:10764000008600E000B00000050602F0A030000552
:10765000A08250B0A3B00085000400DC030200103B
:107660000186006000B00000000000000000000083
:107670000000000000000000FFF0FFF0000FFF0F0F
:10768000AAAAFF00000FF0FFFFF000F00C0CFCFCBA
:10769000BC3C3C38007F04FFF0FFAA0014140055E6
:1076A00000000000000000000000000000000000DA
:1076B000000000003C55FF0F000000000000FFFF2D
:1076C000FFFF0000000000000000000000000F0F9E
:1076D000FFFF3C3CF0F004000504000000000F0F29
:1076E00000FF00000000FCFFF3FF000000000000AE
:1076F000000000000000000000000F000F00000F5D
:10770000FF0FAAAAFF00000FF0FFFFF000F00C0C23
:10771000FCFCBC3C3C38007F04FFF0FFAA001414C2
:107720000055000000000000000000000000000004
:107730000000000000003C55000F000000000000A9
:107740000055005400000000000000000000000090
:107750000F0FFFEBFF00AAAA0000000000000000CE
:107760003C3C5555000000003FFFCFFF00000000EB
:107770000000000000000000000000003C3C3C3C19
:1077800002000000F0FFF0003C003CFF00000000A1
:1077900000F00FFFFFFF30000D0F0F1F3F3FF0F015
:1077A000FF3C000F0000000000000000000000008F
:1077B0000000000000000000033F7D7D000000008D
:1077C00000000ACB0ACB000000000000000000000F
:1077D000000000FF00000000000000008844BE140C
:1077E000FAFA3CFF550F00000000F8F8FFF800001F
:1077F0000000000000000000000000000000FFFF8B
:10780000000002000000F0FFF0003C003CFF000020
:10781000000000F00FFFFFFC00000D0F0F1F3F3FA7
:107820000000FF3C000F000000000000000000000E
:1078300000000000000000000000033F4141000084
:10784000000000000ACBFFFF000000000000000065
:107850000000000000FF000000000000884400005D
:10786000BE1450503C00550F000000002F2FFF2F7A
:107870000000000000000000000000000000000008
:10788000020000002000200089000000000000002D
:1078900000000000000004000000000000000000E4
:1078A00000000000000000000000000000000000D8
:1078B00000000000000000000000000000000000C8
:1078C00000000000000000000000000000000000B8
:1078D0000000000000000000000000000000008424
:1078E0000000000000000001000000000000000097
:1078F0000000000000000000000000000000000088
:107900000000010000000100010004000000000070
:10791000040000000000040001000000000000005E
:107920000000000000000005000000090000000049
:107930000000004000000000000000000000000007
:10794000000000C000000000000000000000000077
:107950000000000000000000000000000000000027
:107960000011000000000000000400000000000002
:107970000000000000000000000000000000000007
:1079800000000000004100000000000180014100F3
:1079900000010001000000000000002000000000C5
:1079A000000000000000000000000000000000884F
:1079B00000000000000000000000000000000000C7
:1079C00000000000000000000000000000000000B7
:1079D00000000000000000000000000000000000A7
:1079E0000000000000000000000000000000000097
:1079F0000000000000000000000000000000000087
:107A000000000000000000C0000000100020042062
:107A10000000A004880400000000000000800000B6
:107A200000000000002000000020000900200000ED
:107A30000000000200000000000000000000000044
:107A40000000000000000000000000000000000234
:107A50000000000000000000000000000000000026
:107A60000000000000000000000000000000000016
:107A70000000000000000000000000000000000006
:107A800000000000000000000001002000C1008292
:107A9000002100030010000000008002800080C070
:107AA00000A0000400900000008200000000000020
:107AB00000000000000020000000000000000002A4
:107AC0000040000000000040000000000000000234
:107AD0000000000000000000000000820000000024
:107AE000000000000000000000000000020108018A
:107AF000090000000000000000000000000000007D
:107B000000000000000000000000002000800020B5
:107B100000108284008200000000C00020032000CA
:107B20002000C0000080C00010030000C000A000C2
:107B3000C021000400000000000000000000000060
:107B40000000000000000000000000000002000033
:107B50000000000000000000000000000000000025
:107B60008800000300030000000000000021014025
:107B700001100000000000030000000000000000F1
:107B800000000000000000000000000020010000D4
:107B90002000000002211084214011010000030098
:107BA0001000100000018001800180010000000031
:107BB0000002000040000000000000000000000083
:107BC000008400000000000003000000000000002E
:107BD00000000000000084000000410040000000A0
:107BE0000000000000000000000100000001000093
:107BF0008000800000000000000000000000000085
:107C00000000000000000000000000000000014033
:107C100000000000000000A0000000400040000044
:107C20004041000000000004202020042020000922
:107C30000000000000000100000000000000000043
:107C4000000000000000C0000000820000000000F2
:107C50000000000000000000050004000400020015
:107C6000A00082008200000000000002000000046A
:107C700000000200040000000000000000000000FE
:107C800000000000000000000000000000000000F4
:107C9000004020100082414000A00004100041017B
:107CA00020000902110009000005030100C10001C4
:107CB0000000008200000000000000000000000042
:107CC00000000000000010000000000003000000A1
:107CD000000000000300000009000000020020A0D6
:107CE0002000000000000900020002000000030064
:107CF00009000000000000110088000000000000E2
:107D00000000000000000000000000000000000073
:107D1000000000000100000004000000C08000001E
:107D20000008000300210000100910A010201020FE
:107D3000C02010000000100010001000000084009F
:107D40008400000000080000000300000011000093
:107D500000000000000500000000002100000100FC
:107D600001000100000000000021002105000400C6
:107D700000008821000000000090000000000000CA
:107D800000000000000000000000000000000000F3
:107D900000000000030100000340119000004002B9
:107DA00002840000808400000588000000008040FC
:107DB0000000000000200000410041100000000011
:107DC000000080900000008200840000000000009D
:107DD0000800000000000000000000000200800118
:107DE0008001040180020490000005400000400072
:107DF00010004040004000008090000200400090D1
:107E00000000000000000000000000000000000072
:107E10000000000000000040000000000000000022
:107E200001A0000000002000000000000000000091
:107E30002000000000000000A0000000000008007A
:107E400000000021200500030000000000000000E9
:107E500000000800A00000000000000084000000F6
:107E6000042002048320020000000000848000003F
:107E700000000100C000000000000200000000003F
:107E800000000000080000000000000000000000EA
:107E9000000000000000000000000020000500803D
:107EA00080800080008000000000894103020041C2
:107EB0000404000480414140000000000000000074
:107EC00000000000000008000000000000000000AA
:107ED00000000000000000000000000000000000A2
:107EE000000008828985808205850000000000006E
:107EF0000000000340C1009000A0088000800080C6
:107F0000030000000000000000000000000000006E
:107F10000000000000000000000000C00000A0C041
:107F2000001088888484004000880000050001005B
:107F3000000104000000200000010000000000001B
:107F40000000000000000000000000000000000031
:107F50000000000000000000000000000000000021
:107F600000000000018903851088018500000000E1
:107F70000000000000A0012100C1000200820040BA
:107F8000004001C0000000000000000000000000F0
:107F90000000000000000000000000000088000059
:107FA000009001000001000000000120000000001E
:107FB0000000010000C0000800C100000000000037
:107FC00000000000000000000100010000000000AF
:107FD00000000000000000000000000000000000A1
:107FE000000000000000C1018500891085A1040087
:107FF0000000C00000000000010001000100880135
:108000008400880010040000000000000000000050
:108010000000000000000000000000000000000060
:108020000500030009002120024005002083000014
:10803000410021000900110004801002040000002A
:1080400000000000000040002100050009000000C1
:108050000000000000000000000000000000000020
:10806000000000000000000040048521A180850977
:1080700000000000000000000200080020000320B3
:1080800000208000800080800000000000000000D0
:1080900000000000000000000000000000000000E0
:1080A00000020805800940008000800021000000D7
:1080B00000210041208980800511200420404009D2
:1080C0000000000000000000004000410004000328
:1080D00000000000000000000000000000000000A0
:1080E00000000000000000000000030200C109823F
:1080F00091C000000000000000002000000080008F
:108100002100004080000008000400000000000082
:10811000000000000000000000000000000000005F
:108120000000000041000201410082A02000A020C8
:108130000000000000C001058804000000000101EB
:10814000910000000000000000000000000100009D
:1081500040010000000000000000000000000000DE
:10816000000000000000000000000000019100215C
:108170000320084100000000000000000000200073
:1081800004000000000110002000000000000000BA
:1081900000000000000000000000000000000000DF
:1081A00000000000008801900000000002080203A7
:1081B00082002000010000A0000000000004010473
:1081C00001010000000000000000000000000000AD
:1081D000000100000000000000000000000000009E
:1081E00000000000000000000000000000009008F7
:1081F0000205200040000000000000000000000018
:108200000008000000008409A084A00020100000E5
:10821000000000000000000000000000000000005E
:1082200000000000000005800400210000008080A4
:108230008040000200000900410009000000020027
:1082400004054040040000000000000000000000A1
:10825000000400100000000000000000000000000A
:10826000000000000000000000000000000000000E
:108270000080808480098000000000000000000071
:108280000000008200100000800300000000008059
:1082900000000000000000000000000000000000DE
:1082A00000000000000000000041000BD0000000B2
:1082B0000000000BD00042002184000BD00000849D
:1082C0002100000BD00000000000000000000000B2
:1082D00000420000D000000000000000000000008C
:1082E000000000000000000000000000000000008E
:1082F00000000A50000BD000410000000000000008
:10830000000000420000D00000000A00000BD00076
:108310000641000000000000000000000000000016
:108320000000000000000000000000FF0F0F0CFC28
:108330000CFC0000000000000000000FFF0F0CFC10
:108340000CFCAAAEAFAE00FCAAFE000000000000CC
:108350000000000000000CFF0C0C000000000000FA
:10836000000000000000000000000000000000000D
:108370000000000000000000363C3E3C0000000011
:1083800000000000000000000000000000000000ED
:108390000014FFBE0000000000000000000000000C
:1083A00000000000000000000000000000FF0F0FB0
:1083B0000CFC0CFC0000000000000000000FFF0F90
:1083C0000CFC0CFC000C0F0C000CAAAE0000000012
:1083D000000000000000000000FF0000000000009E
:1083E000000000000000000000000000000000008D
:1083F0000000000000000000000000003C3C000005
:10840000000000000000000000000000000000006C
:1084100000001414BEBE00000000000000000000B8
:108420000000000000000000000000000000F0AAB2
:10843000F0AAFF0FF0000000000000000000F03C78
:10844000F03CFF0FF0003C30BEBAEFE3AFA00000FD
:1084500000000000000000000000170714000000EA
:10846000000000000000000000000000000000000C
:108470000000000000000000FF38FF3CFD82F0001B
:108480000000000000000000EBC3BE3CF5A0BEBE33
:1084900000000000000000000000000000000000DC
:1084A00000000000000000000000000000000000CC
:1084B000F0AAF0AAFF0FF00000000000000042C385
:1084C000F03CF03CFF0FF0000030AABAC3C300003C
:1084D0000000000000000000000000000F0F00007E
:1084E000000000000000000000000000000000008C
:1084F0000000000000000000000004040000FF0075
:10850000F0000000000000000000FBF3FEFCF5A0FE
:108510001414000000000000000000000000000033
:10852000000000000000000000000000000000004B
:108530000000008600FC00B08000A0865050A0B073
:1085400000850096007C03900000008600F001B0DA
:10855000000000000000000000000000000C000906
:10856000000000000000000000000000000000000B
:10857000000000000000000000000000008600DC99
:1085800003A000000086006000B000000086007CB0
:1085900000B000100086007003A000000000000082
:1085A00000000000000000000000000000000000CB
:1085B000000000000000000000000000415551557F
:1085C0000000000000000000555555550000000057
:1085D000000000000000000000000000000000009B
:1085E000000000000000000000000000000000008B
:1085F0000000000000000000000000000000030375
:10860000E0EFC300FFC00000000000000000000019
:10861000000000000000FFFFFFFF0000000000005E
:10862000000000000000000000000000000000004A
:1086300000000000000000000000000000004555A0
:108640005555003C003C0000000055A55555000064
:10865000000000000000000000000000000000001A
:10866000000000000000000000000000000000000A
:1086700000000000000000000000000000000000FA
:10868000F3F3E0EF00003CC0000000000000000039
:108690000000000000000000FFFFFFFE00000000DF
:1086A00000000000000000000000000000000000CA
:1086B00000000000000000000000020200000000B6
:1086C0000000000F0000000000000000000000009B
:1086D000000000000000000000000000000000009A
:1086E000000000000000000000000000000000008A
:1086F000000000000000000000000000000000007A
:108700000000FF3C0000000FC33F00000000FFC35B
:10871000FFC320100804000000003000BAAA00FFC8
:1087200000FB00000000000000000000000000004E
:108730000000000000000000000000000000000039
:1087400000000000080F0000000000000000000012
:108750000000000000000000000000000000000019
:108760000000000000000000000000000000000009
:1087700000000000000000000000000000000000F9
:1087800000000000FF0C3030000FC33F000000006D
:10879000FFC3FFC380400201000000000000AAAA3E
:1087A00000FF04FF000000000000000000000000C7
:1087B00000000000000000000000000000000000B9
:1087C00000000000000000000000000000000000A9
:1087D0000000000000000000000000000000000099
:1087E0000000000000000000000000000000000089
:1087F0000000000000000000000000000000000079
:108800000000000000000000000000000000000068
:108810000000000000000000000000000000000058
:108820000000000000000000000000000000000048
:108830000000000000000000000000000000040034
:1088400080000000210080002000000020000000C7
:108850000000000000A00000000000000000000078
:1088600000002100000000000000000000000000E7
:1088700000000200020000012001000120010000B0
:1088800000000000000000000000000000000040A8
:1088900000000000000000000002000000000002D4
:1088A000000000000000000008010001000180013C
:1088B00000000000000000000000000000000000B8
:1088C0000100040084008400400003002000030035
:1088D0000000000000000000000000000000000098
:1088E0000000000000000000000000000000000088
:1088F00000000000000900000010011000400140CD
:1089000000C00000000000000000000000000000A7
:108910000080000000000000000000800000000057
:1089200000800000000000000000010400040004BA
:10893000040400000000000000000000000000002F
:108940000000000000000008000400040002000213
:10895000000000000000089000000000000000007F
:108960008000000000000000000000000000800007
:108970000040000000000000000000820004000031
:108980000004004000020000040400000000000099
:1089900000000000000000000200000000010400D0
:1089A00000010401000000000004000000000000BD
:1089B00000000000000000000000000000000000B7
:1089C0000000000000100010009000800080008077
:1089D0000480000000080000000800009011000062
:1089E000000040009003A0030003A00090000000DE
:1089F0004041008000000000901000000000008056
:108A000000000080000000800021048000210000A0
:108A100082000000000000000000002100000002B1
:108A200000000002000200000000008000000000C2
:108A30000000000000000000000000000000000036
:108A40000000000000000082001080002083000170
:108A50000004000200058008000880200008008251
:108A600000A0008800A0100000C0000010880000D6
:108A70001000000810080000002000100000001086
:108A80000020001000040000000300200004008506
:108A900080000084008400000000008200840082C6
:108AA00000000004000400000000000000040001B9
:108AB0000001000000010020000000000000000094
:108AC000000000000000000000000000040001049D
:108AD00000020080009000820800A0000200080050
:108AE00008000400C000000000000000A00000001A
:108AF0000000000000000000000000000005080069
:108B000000000000000000800000008200000080E3
:108B1000000404000000000000000000000000004D
:108B20000000000000800080822100110000008011
:108B30000004001000000040008000000000000061
:108B40000000000000000000000000822100200062
:108B500000011001000020850000908300008011BA
:108B60009000900280C00001000220048000A1005B
:108B70008002800088000090800041008000080290
:108B800008C00000200005002000000082009000C6
:108B9000A0008001040000009100200041000000BE
:108BA00008000000000100000304000000000000B5
:108BB0000000000100000000800000000000000034
:108BC000000000000000000000000000000300059D
:108BD0000000000400200000912010002010C000C0
:108BE0000240202120804000000204852004400033
:108BF000402102A1400540088211401100054009B2
:108C00000090A00000210105840501100000410032
:108C10001105050020208400C0001000010900009B
:108C2000C00000000000000400002000000000114F
:108C300000000000000400000000020084000000AA
:108C400000000000000000000000000000000084A0
:108C500000A000100440000000000200020000011B
:108C60000000001000000000400000200000004054
:108C700000000000412000900088000000200084D7
:108C80000000088440200000200000102020000088
:108C9000002000024120040380010000C1014101C5
:108CA00011000000100020000000900021001000C2
:108CB000000000004100200108000000004000000A
:108CC0000010000000000000000000000000000094
:108CD000000300000003008084000000000000008A
:108CE00000100803C00000038400002084008408F2
:108CF0000000000000000000000000000000000074
:108D00000000000000000100000001000010010050
:108D1000000000800080008000020402000010209B
:108D200000400000000000080100000040000000BA
:108D3000000500110000002101200100000000805A
:108D4000080000000000000000000000000000001B
:108D5000000020821184004080040084000203018E
:108D60008000088200000883890109018201040053
:108D700000A00001004000410040000000A000846D
:108D80000084400000A041100800000041040000E1
:108D900000C00000402080850220000400000090F8
:108DA00000210020004002900200020000000000AC
:108DB00000002100210021050300842000000000A4
:108DC0000040002000000000000000000000000043
:108DD00000000000000400090085048000000083FA
:108DE000000404000000000082040420000440206D
:108DF000A105040020028410004000109005A00886
:108E000000080008C10500000010A02184000080B7
:108E100082000021000001801020008500850000F4
:108E2000C0000020C01100008200C000100000003F
:108E30000000200010000000004004000580000039
:108E4000000082000080000000000000820000009E
:108E500000000000000010000000000009001103E5
:108E6000000880080000000000001100000000035E
:108E70000009000000008003880989000000000349
:108E800000091000000000030011000000000008AD
:108E90000008080400200000408304048040098288
:108EA00082800000808009000000000000000000B7
:108EB00010030005004102104000000021002000C6
:108EC00003080020204020200000000000000000D7
:108ED000000000000000000041008400A00001002C
:108EE00000010000080000000000C000A000000019
:108EF00000010000880000000401C000C000000064
:108F0000000104000100000000010000000000005A
:108F100000004001010000010000C14101A1200446
:108F200001C089040084A0040100000000000000CA
:108F3000000000010000000000000100C00001006E
:108F4000010001018201890101010000000000000F
:108F500000000000000000000000000804000008FD
:108F60008800019000000090010088000800C00007
:108F70008201000000000090010008008400A000B1
:108F80008901000000000000010000000000010055
:108F900000004000910390018301000001200100C6
:108FA0000190010104008300048889010000010090
:108FB00000000000000001040100010000000000AA
:108FC0000000009108004108C0028201000000007A
:108FD0000000000000000000000000000080000011
:108FE00000808000200000000000030000008000DE
:108FF0000000801000000000080003008000000056
:10900000080003100000000008000300000000003A
:109010002100090808004109042188090000118085
:1090200004002100030985001000858089050000E7
:109030004000000000000200208020022000050502
:109040001100000004098000C18004008420000099
:1090500000000000000000000000000000000020F0
:109060001104000080002020400000110003008057
:1090700000002080800000001000000200030000BB
:1090800000000402800300800000008200830000D2
:109090000000000200030200008020008380000026
:1090A0000204A140890903030010801020030083FB
:1090B0000000000000000000094100050009110344
:1090C000008200402182808504000005008500099F
:1090D0000000000000000000000000000000000090
:1090E0000020000400C01000010100000000400149
:1090F0002090000400A01004000001000001000105
:10910000A0820090004140050002008800A1880371
:10911000000000000001000101040010014009826C
:109120000000010004011001910100011001A100E3
:109130000009000000000000000000000000000026
:109140000001000400850010888900C000C000856F
:1091500000A000000000000000000000000000006F
:109160000000000000020000004001A001A100007A
:10917000000000000040000000880188000000009E
:1091800001000189008800000088018800000000BB
:109190000000018800000000000000010100000143
:1091A00000020000000000910001000000010082A8
:1091B0000001008200000011000000000110009179
:1091C00001000000101000011001880001900185CD
:1091D000010101A0000000000000000000000000EC
:1091E00000000000002000800000000003000409CF
:1091F0000809090000110000000000000300000041
:10920000000040000309400000000080030040000F
:1092100000000000030040000000000005034105BD
:1092200000200000000000000040000900000002D3
:10923000008300200080000000C000000000030048
:109240004190020909008080000380218000208471
:109250004040050520000000000000000000000064
:109260000000000000000000000BD0000000000023
:10927000000BD00000000000000BD00000000048F0
:10928000000B040000000000000BD00000000000F4
:10929000000000000000000000000000000000606E
:1092A0000000D000828200000000000BD0000060AF
:1092B0000660000BD000116000000000D00000002C
:1092C00000600000D00000002184000BD00082006C
:1092D0000000000BD000060000000000000000C8E5
:1092E0000000000000000000000000000E0E0E0E46
:1092F0000F003C00E7E7FFC3000000000000000093
:109300003C3C0000FF000000FF000000FF000000E8
:10931000FF000000FF000000FF000000FF00000051
:10932000990000000000000000000000000041283B
:109330004141000000000400F3F3000000000000C1
:1093400000000F0F3C3CFFF0363600000000307F7D
:109350003030FFFF30FF6F0F090F000000000000EA
:1093600000000000000000000000000000000202F9
:1093700002020F003C00E7E7FFC30000000000000E
:1093800000003C3C0000FF000000FF000000FF0068
:109390000000FF000000FF000000FF000000FF00D1
:1093A00000000000000000000000000000000000BD
:1093B00069002828000000000000FFFF00000000F6
:1093C000000000006666FF000F0036360000000057
:1093D0003F7F3030CF0000006F6F090900000000B0
:1093E00000800000000000000000000000000000FD
:1093F000000000000000000000000000000000006D
:10940000000000000000000000000000000000005C
:10941000000000000000000000000000000000004C
:10942000000000000000000000000000000000003C
:10943000000000000000000000000000000000002C
:10944000000000000000000000000000000000001C
:10945000000000000000000000000000000000000C
:1094600000000840000000000000000000000000B4
:10947000000000000000F0F000FFE7E7FFFF000041
:10948000000000000000000000FF000000FF0000DE
:1094900000FF000000FF000000FF000000FF0000D0
:1094A00000FF00FFFF00FFFFCFCFF0D0F0D00000A3
:1094B000991000B9003096000000000000003CFF49
:1094C0000000000060606060F03CFF66000000008B
:1094D0000000000076767676C0FFF0FF009966FF08
:1094E000000000000000000000000000000000007C
:1094F000000000000000000000000000E7E7C3C318
:109500000000000000000000000000FF000000FF5D
:10951000000000FF000000FF000000FF000000FF4F
:10952000000000FF00FFFF00FFFFFFDFF0F0F0F49E
:109530000000990000990000960000000000006003
:109540003CBF0000000060606060F03C00661800F6
:109550007E0900000000FFFF7676003F000F00F953
:1095600006FF0000000000000000000000000000F6
:109570000000008600F000B00005088604F000B28C
:109580000010A08600F0A0900005C6C701F608B440
:109590004940A2C701F000B4494002C7016000B4CD
:1095A000494002410100000401400086706C00B097
:1095B0000000000000860AF000B200A0008600DC77
:1095C00003A9000000000010000000000800041CB7
:1095D000000200800086006C03900000008600F00E
:1095E00000900000000010100000000000000000CB
:1095F00000000000000000000333033300000000FF
:1096000000000000000000004141F1FF00000000E8
:10961000000000000000000000000000000000004A
:1096200000004000000000000000000000000000FA
:10963000D7D70CCF000000000000000000000000A1
:109640000000FFFF0000000000000000000000001C
:10965000000000000000FBFBFFFF5DFFFFFF0000BC
:109660000000F4F4FFF4000000000000000000001F
:10967000000000000000000000000030003000008A
:10968000000000000000000000004141414F0000C8
:1096900000000000000000000000000000040000C6
:1096A00000000000000000000000000000000000BA
:1096B000000014140CCF00000000000000000000A7
:1096C00000000000FFFF000000000000000000009C
:1096D0000000000000000000C3C3CFCF0000F30073
:1096E00000000000040400040000000000008000EE
:1096F00000000000000000000000000000000F0F4C
:1097000000000000000000000000000000FD7DFDE2
:109710000000000000000000000000000000000841
:109720000000000000000000000000000000000039
:10973000000000000A5F7D7D00008000BC3C00004E
:109740000000FF00F0000C0F0C0F000000000000F4
:109750000000000000000000000000000000000009
:109760000000000000003FBF3F3F0000000000007D
:1097700000000000000000000000000000000505DF
:10978000050500000000000000000000000000F5DA
:1097900055F500000000000000000000000000007F
:1097A00000000000000000000000000000000000B9
:1097B0000000000000000A5F28280000BC3CBC3C00
:1097C00000000000FFA050A00C0F0C5E0000000085
:1097D0000000000000000000000000000000000089
:1097E00000000000000000003CBE3C3C0000000007
:1097F0000000000000000000000000000000000069
:109800000001000005A00000040011000500000098
:10981000090000008500050005000000110003405C
:109820000200020100000000000002C000000088E9
:1098300000000088000000000000000000000000A0
:109840000500050000A0400010000000100000907E
:109850002000000200000000000080000000000066
:1098600000000000000000000000000000000001F7
:1098700000010001000100000000000000000000E5
:1098800000000010000000000000000000000000C8
:1098900000000000000002000000000000000009BD
:1098A00000800100014000000000040001000000F1
:1098B000000000000000000000000000000000C0E8
:1098C0000000000000000000010001000000010095
:1098D0000000010000800000000000000400000003
:1098E0000000000000000000000000000000000078
:1098F00000200020002000200000000000000000E8
:109900000020000100200021000080000000000075
:10991000000000000000000080000000A000809017
:10992000000000000000000100000000808800002E
:109930000000000000000000000000000000000027
:109940000000000000000000000000000000000017
:109950000000000000010001000000000000000005
:1099600000000000000000000000000000010000F6
:1099700000020000000000000000000000000000E5
:10998000000000800020048000900000040000001F
:109990000400000000000000A00008000000020019
:1099A00004000000000000008210000000004000E1
:1099B000000000000000000000000009000000009E
:1099C0000000000000000000000000000000000097
:1099D0000005000000110008000200000000000067
:1099E0000000000000000000002100210000000233
:1099F00000000080000000000000000000000000E7
:109A00000000000004100010000100080000000029
:109A100000000000000100018001000000100008AB
:109A20000300000000010000000008000001090020
:109A30000282008400100082008200820000000088
:109A400000000082000000008000009000A00000E4
:109A500000000001000000040004800082080000F3
:109A600080000000918200008000000000000000E3
:109A700000000000000000020000000200020000E0
:109A800000000000000001800080001000100000B5
:109A900008000003020000040004020400000000AB
:109AA00000000800A00000208240000001000040EB
:109AB00000400100100084000040104000008800B9
:109AC0000000C04100210000000020000000000054
:109AD00000000000004000000000000002001180B3
:109AE0008800040000002000200008008200A00080
:109AF00000000000000000000080000000800080E6
:109B00000000000000000000830080019000910030
:109B1000842080008402C1009100851082008500AD
:109B2000A0011002090080008540834000010282EC
:109B30004101C100214190004140000000408000EF
:109B40000000000040400000000000911000821062
:109B500010100500004041901100100000000000AE
:109B60000800052000400500000041841003108516
:109B7000410110020000000100030000000100008C
:109B80000000000000000000000040004010400005
:109B900040004000400005804000400040804011EF
:109BA0004000401010912040400002004000004062
:109BB000C00010404000004002401080C000000083
:109BC000020010001000108000000040100400008F
:109BD000200008000200A0100000020001000200A6
:109BE000A00008000080000000008403A0000082A4
:109BF000000200200080000000020082000000023D
:109C00000000000000000000000000000021802093
:109C10000901800000200021A1400401082100204A
:109C20000020882041201020028441C000840000D0
:109C30000088830040A041204100050240104020E0
:109C40000010408400A00000000008820000000016
:109C500000880000000040042000002010000000E8
:109C600040000000C10000000000030004040200E6
:109C70000801080008014100100041000300000035
:109C800010000000000000000000000000000004C0
:109C900020000004200000000404200001049020A3
:109CA00000400080209104000000C100000004007A
:109CB000A000000004000500842100000400010051
:109CC0000100A005010000000000C0210003000009
:109CD000000010000000000501000100C02101008B
:109CE000000001000021040000098800C000C180BC
:109CF0000000001000009020080000000800840010
:109D00000000000000000000000000000000000053
:109D100000000000009000A000040421049084884A
:109D20000001892100008001410002004185A0005E
:109D30000083048200218285024041A0031040007C
:109D400000820010801000828089008208A000003C
:109D500000001088000000888088200010000900A2
:109D600002402008004020412001000000000008BF
:109D700000000801001100910402000089000000A9
:109D800010000000000000000000000000000000C3
:109D900000000000002110000000008001A004006D
:109DA0000500C0200482840302200004110920025F
:109DB00040008240012100824040C000C0400200BB
:109DC000110082000040401184401040000000005B
:109DD000C000000000000000100920000100010088
:109DE0000011100009910011A102010800000000FB
:109DF0008880A021A00200820202018500004000AC
:109E00000000000000000000000000000000000052
:109E10000000000080830080A00800800003100084
:109E20000908000000030000100800001091809055
:109E30008405081003808990C1400541009100000D
:109E4000000303A08082800421A005050000028099
:109E5000000000000000800900000000001005055F
:109E6000000000050000004105111011004108002C
:109E700000008000200000030000800000000003BC
:109E800000000000000000038000808200800000CD
:109E90000000000000000883000202010010000121
:109EA0008900200100000401040083010000030474
:109EB0001041408202030190100209C000C020043A
:109EC000008400200005104102A1000400C002C06F
:109ED00000400082000200000800000000000000B6
:109EE0000000000000000000A000820090010001BE
:109EF00000000000840000000001000002000000DB
:109F000000010000000000000003C0A00440004069
:109F10000000000000000000000120010208830191
:109F200088012000040811C08810C001020005014A
:109F30008800A00808008202C002A00021A090842E
:109F400004002000110021000000012001C00000D9
:109F500002000210A00104010000000000840000C3
:109F6000000020000200000001004000408502A027
:109F700011010110000000100100000000000000AD
:109F80000100010000C0000001000001A00040002D
:109F900041400000000000000000000200048000BA
:109FA00083400002002100000383008000080000BD
:109FB0000303200320118508919140058310A140DF
:109FC000C188C1000311882020080800081108007A
:109FD00002110000000080418040000009004000A4
:109FE0000000000009008000050009000000822038
:109FF000110083031180000004000900000000002C
:10A0000000000300400000000000030000400000CA
:10A01000800083C10000000000000000800000807C
:10A020000408008300000000210800038080040071
:10A0300004080083202080008805008308808202B5
:10A04000088305C141418003080810200303001064
:10A0500008880082000000000000000000001109D4
:10A06000001120101011100200110905400010808D
:10A070000080408020800020041000108003041124
:10A0800000000080008320000040000000030080EA
:10A09000000200800003000000000000000010002B
:10A0A000000282910083C02000040111200982086F
:10A0B0000108000902830804900410C00008091078
:10A0C000A0A189100202081010009111010109904D
:10A0D0001003A0C0000200000200100000000000F9
:10A0E00000000000010000009001000001000100DC
:10A0F0000004004001100184000001010001820100
:10A1000000C0000000040083010000010000000105
:10A11000000800A0C04000A10000000000000000F6
:10A120008390020208000008210008401000028805
:10A130000110001000000000084184019000400957
:10A14000829185022000C0A000410100000001882A
:10A1500001000010000000000000010000000040AD
:10A160000000000001C0000001000000001100001C
:10A17000000001010082010100C000100000000089
:10A1800000000000000000000000010000000000CE
:10A1900000000101A1004000C0020000000000001A
:10A1A00000008300800000111000030980000011EE
:10A1B00010000389008000111009A0A105082000EB
:10A1C00080C0882008000505C10008880400110827
:10A1D000200040002080050510000511400002000D
:10A1E000028000000000084010100800000000106D
:10A1F000000000000308418520200200000000004C
:10A200000000000000001100001100000300000029
:10A210000000000003404000800200000000000039
:10A22000000000000000000BD00000000000000B48
:10A23000D00000000000000BD00006500000000B12
:10A24000000000000000000B0000420000000000C1
:10A2500000000000000000000000420000000000BC
:10A2600000000000000000840000900000000000DA
:10A270000000D00000000000000BD0004260005041
:10A28000000BD00000410A00000B0000000000009D
:10A290000000000000000000000B000000000000B3
:10A2A00000000000000000003C3C000000FF000037
:10A2B0003C3C000000FF00003C3C000000FFF0FFC1
:10A2C000AAFFBEFF82FF4043BFBC5A5A0F0F0C14B7
:10A2D000F3EB00FF3FC03C3C33C300FF3CC37C7F3B
:10A2E000707300000000000000F000F00C00CF00D0
:10A2F00000000000002D002D00F00F0C00000000F9
:10A300000000000000A200A200FF00FF00003C3C93
:10A310000000FFFF00000F0F000000FF00000F0F04
:10A32000000000000000000000003C3C000000FFB6
:10A3300000003C3C000000FF00003C3C000000FF2F
:10A340000F00550041007D004043BFBC0FF00F0FD0
:10A350000C14F3EB00FF03FC3C3C3CCC00FF0FF083
:10A360000C0F0003000000000000303030300C0003
:10A37000CF0000000000002D002D00F0000C0000B8
:10A380000000000000005D5D000000FF00FF000015
:10A390003C3C0000000000000F0F000000FF000028
:10A3A0000F0F0000000000000000F0F00000FFFFB1
:10A3B0000000F0F00000FFFF0000F0F00000FFFFE1
:10A3C0000000F0FF0F00FFC5003A3DC23DC2FF0094
:10A3D000C33CCFCF30300CCFFFFF03FCFF00CCCC11
:10A3E0003C3C00000000000000000000C3C382826B
:10A3F00000000000F0F0A0A07D0028004000000058
:10A40000A000A00000000000FFC33C00FFFF000010
:10A41000FFFF0000FFFF00003C3C0000F0F00000E8
:10A420000000FFFF0000000000000000F0F000004E
:10A4300000000000F0F0000000000000F0F000005C
:10A4400000000000F3F30C0CFFC5003ABF40BF4012
:10A45000FF000FF0D7D72828F33000003FC0FF00DF
:10A46000C33C3C3C00000000000000000000000075
:10A470008282B2B2B2B20000A0A07D00280000002B
:10A480000000A000000000000000FFC33C0000002E
:10A49000000000000000000000003C3C0000F0F064
:10A4A0000000FFFFFFFF0000000000000000A241CD
:10A4B0005190A0044945A2C751B0A0844945A2C704
:10A4C00051F0A0A44945028601E0009408400286AC
:10A4D00001E000B408400286016000B40840028632
:10A4E000016000B400400086006000B00000000081
:10A4F0000000001C00000000A086007000B80000F2
:10A50000058650F0A09000A5008600EC00B9000080
:10A5100002C601E003144940024101000004494021
:10A5200002C70180008441400000000000000000DC
:10A53000F0FFAA00F5F5F0FFF030FABA005FC3DFD4
:10A54000000000000004C3FF000000005555DF5F5D
:10A55000F028302800000000000000003CC33CC38D
:10A5600000000000000000000000000000000000EB
:10A5700000000000000000000000000000000000DB
:10A5800000000000000055555D550000000000006F
:10A59000000000000000003C00C3000000000000BC
:10A5A0000000AC3CAC3C3C303C3F000000000000F4
:10A5B0000000F0FFAA00F5F5F0FF0030AABA000A8B
:10A5C000C3CB000000000004F3F700000001555564
:10A5D0005F5F0028002800000200000000003CC36C
:10A5E0003CC300000000000000010000000000006B
:10A5F000000000000000000000000000000000005B
:10A60000000000000000000000000000000000004A
:10A610000000000000000000003C00C3000000003B
:10A6200000000000AA3CAA3C30303F3F0000000080
:10A63000000000003C00FFFF0055000F000000007C
:10A64000303075750000000000003C00CBC8FBF8FE
:10A6500000000055CEFE0E3EF3F3F3F310000000B1
:10A66000000010000A0AFAFA00000000CFFFC3F34E
:10A670003E7F2A6B00000000000000000000000088
:10A6800000000C0C0C0C00000000C7D7C3D7000062
:10A6900000000000000000000000000000000000BA
:10A6A000000000000000FFFF0CFFF5F5FFF50000C3
:10A6B0000000000000003C0000FF0055000F0000FB
:10A6C0000000303030FF0000000000000F000808DC
:10A6D000383805010055C0F000303031F0F100008D
:10A6E0000000000000003A3F3A3F000000000D3D2E
:10A6F000013114550041000000000000000000007E
:10A70000000000000C0C0C0C0000000004140014ED
:10A710000000000000000000000000000000000039
:10A720000000000000000000F30000000505000527
:10A7300000000000000000008900A000A0008000D0
:10A7400009000200000020000900000000000000D5
:10A7500000000000000000001100000021000000C7
:10A7600000040000000021000000000000000000C4
:10A7700000000000000000000000000000000400D5
:10A7800000000000000000000000000000000000C9
:10A7900000400000000000008000000000000000F9
:10A7A0000000000000000000200000000000000089
:10A7B0000000000000000000000020002000200039
:10A7C00020009000000000000000000000000000D9
:10A7D0000000000090000000000000000000A00049
:10A7E0009000008000000000000000000000000059
:10A7F0000000000000000000000000C00000000099
:10A800002000000000000000000000000000000028
:10A8100000000080000000000000040000000000B4
:10A820000000000000000000000001000000000027
:10A830000000000000000000000000000000000018
:10A840000300000000000002000000010000000002
:10A8500000000000400040000090000000000000E8
:10A8600000010000000000000000001000000000D7
:10A8700000000000000000000000000000000000D8
:10A880000000000000100000000080000000000038
:10A8900000000000000000000002000400040000AE
:10A8A0000000000000010000000000000021000086
:10A8B0000000000000000000000000000000000098
:10A8C00000000000000000000280000000080000FE
:10A8D00000000000000000000041004100410000B5
:10A8E000000000040000000000080000004100001B
:10A8F00000000000000088000000000000000000D0
:10A90000000000000400000000059000040000109A
:10A9100000000000100000000000008000800080A7
:10A92000000000000011002000000000000000A056
:10A930000000000000000000000000000000000017
:10A9400000000000100011000002001110012001A1
:10A950000082000180018201000080011000A0043B
:10A960000000000080820000400000018000000222
:10A9700040000001400021024000000140000002B0
:10A980000000400000004000000000000000000047
:10A990000000000000008000800088000800000027
:10A9A000880000000010000000000000000000000F
:10A9B0000000000000000000000000000000000097
:10A9C000000000001000200000008480042084208B
:10A9D000A120824102200220212000004002000923
:10A9E000038500090041200900050109000240110A
:10A9F000008501090002011100C0010900020109DE
:10AA0000008000000100880001000000000000003C
:10AA1000880000000000000002002000410001004A
:10AA200000000303000000800000000000000000A0
:10AA30000000000000000000000000000000000016
:10AA400000000000000010002100020003001000C0
:10AA50000000801104000300020020010000000239
:10AA6000A0000502210002000200210000010000F8
:10AA7000050110000000800080002000000005009B
:10AA800041000200000090008500900020000000BE
:10AA900080000040002080A08000000580000002AF
:10AAA00080000000004000000000002002010000C3
:10AAB0000000000000000000000000000000000096
:10AAC000000000000000000502000000020000007D
:10AAD00000000000024000000021020391048800F1
:10AAE0000089100090800040000002009011821048
:10AAF0008200884002048200020002000000000080
:10AB000000210004000000002000201120000109A5
:10AB10000200040088000090040004050004020004
:10AB20000080100400000080000000000080002071
:10AB30000011000300000000000000000000000001
:10AB40000000000000000000004021000010000094
:10AB5000000005000582214000C100910000C104F1
:10AB60008000C10002408008908210011001110194
:10AB70001008100811001108100009000288410097
:10AB800004000900050005000000000080000088A6
:10AB900005010000000005002100410200004108FD
:10ABA0004101809000018000009100A0000100019F
:10ABB0000001000000000000002000000000000074
:10ABC0000000000000000000000000A100200008BC
:10ABD000904082218400000000C0822000400005D7
:10ABE00020C004004040A120204004008420C02058
:10ABF000C0200000004000210021000800400108A2
:10AC00000040000000110000000000000020404053
:10AC10000004A002000000000009100000A10000D4
:10AC20000008004004000020040000400000001064
:10AC300084200020000000000000008000000000D0
:10AC40000000C00000000000000000000208210811
:10AC500011080008002005009000020104400000D7
:10AC6000102041010400040200000501210002003F
:10AC7000C100110000108000092089400000A000E0
:10AC800041088220000002000300020000001000C2
:10AC90000090100041008001C10021010511A000B9
:10ACA000200040050400804000400800000000C073
:10ACB000808800200090004000000000000000009C
:10ACC000000000000010000000000000000003A0D1
:10ACD00002C010C000C002800200104003040280C5
:10ACE000020088090204021110C08440020484405A
:10ACF00082090200004002040200C00002110004A8
:10AD0000020000000211000482098811C011000035
:10AD10000000000310100021040420000004C004FF
:10AD200021000100C12001001080001105008400F5
:10AD300090410800108300030000000000000000A4
:10AD40000000000000000000000000000000000003
:10AD500080400405000241419100040011000800F8
:10AD6000400000804000A0800800800040001100EA
:10AD70002100000080000300001089041100000081
:10AD800000108504110000000040000400000000D5
:10AD900000004003044100410000000000000000EA
:10ADA000000088008980C000410003848084111065
:10ADB0000090000000008000000000000000000083
:10ADC0000000000000000000000000000000000083
:10ADD000000008010088000401C190000300880001
:10ADE000010021C0A00283A089080100020089009F
:10ADF0000000000000000200010010004000000000
:10AE000000000000400000000000C0010000000041
:10AE1000000000000101000000010000000000002F
:10AE20008800000011048508858200040482044023
:10AE3000A005001100000000080000000000000054
:10AE40000000000000000000000000000000000002
:10AE500000000000000000840001010010880500CF
:10AE600009200901400091002120890805A08200E5
:10AE7000C002030005904100040221001000A0015F
:10AE8000C10083C0020102012108C10400000001C9
:10AE9000010001000000000000000100010100406D
:10AEA000000000020001020291000310840901A0C9
:10AEB0001084004101000000880000000000000034
:10AEC0000000000000000000000000000000000082
:10AED00000000000000009000500104141000400CE
:10AEE0002000828083414005100085008980A100F8
:10AEF000020000808300400088008900880000056F
:10AF000000042100C08400020040A180C084000031
:10AF1000000421004004000000000004200503405C
:10AF200000800002000000208908080588008009D0
:10AF300010008300208803000000000000000000D3
:10AF400000000000000000110000000000000000F0
:10AF500000000000000000000909000500200009B1
:10AF60000088020403908083008400110002009096
:10AF700000850003008200A00010021141020020A1
:10AF8000000000000384000800000000418400C1AC
:10AF90000000000021040008000009000002044134
:10AFA0000003000004001000800080C12082030321
:10AFB00000830390A0800020C183000000800080F7
:10AFC0000080000000000000000000000000000001
:10AFD000000000000000000000000000040000016C
:10AFE000000000080111008582C10002C0020000BB
:10AFF0001008000400080005002100000001000105
:10B00000900004A000A0010200030402000201025B
:10B01000000304000000010088010000040000019A
:10B0200000000001A00000000100400082840540F3
:10B0300005A0A00401A10540C01082830088000281
:10B0400000020082000000000000900000000000EC
:10B05000000000000000000000000000004000852B
:10B060000000000000880004000000080000C0018B
:10B07000040002100020000800000002000200008E
:10B08000000100A0040005000400A002020005C0A9
:10B09000A000A0020000010000000000000001402C
:10B0A00001C000010000000000C00000000009888D
:10B0B0000800080108210000010901000400000047
:10B0C000000000000002000000000000000000007E
:10B0D0000000000000000000000000000000090067
:10B0E0000040080002000009001100040080001167
:10B0F0000041802100000088008000000080009155
:10B100000004000900049000A10080000004C108B0
:10B11000A1000000008441002100000000000000A8
:10B12000038004090040040000000000000000004B
:10B130004083000080028020040040901000410005
:10B14000000000000000008000000000000000007F
:10B1500000000000000000000000000000000000EF
:10B1600000000000D00000000050000BD000005094
:10B170000050000BD00000000050000BD000000079
:10B180000084000BD000004800480000040000606C
:10B1900000000000000000000000000000000000AF
:10B1A000000000600000D00000000000000BD00094
:10B1B00000000060000BD02041820060000BD00036
:10B1C00006500A00000B000000000000000BD02019
:10B1D000000000000000000000000000000000006F
:10B1E0000000B0B0202030003000000000007E3CA5
:10B1F0007E3C000000003C000F0F00000000F0FF4C
:10B20000262600000000FFFF0D0F00FFFF0000FFDB
:10B21000FF0000FFFF0000FFFF0000FFFF0000FF36
:10B22000FF000000C33C6666F00F66660000000089
:10B23000000000000000FFFF02000000003C667EEE
:10B2400081424242000000000000000000000000B7
:10B2500000000000000000000000000000000000EE
:10B26000000000000000000030300000000000007E
:10B270007E3CFEFC00000000BD000F0F000000003F
:10B28000000F262600000000FFFF0F0F00FFFF0049
:10B2900000FFFF0000FFFF0000FFFF0000FFFF00B6
:10B2A00000FFFF000000C33C6666F00F666600000A
:10B2B0000000000000000000FFFF000000000F3F42
:10B2C0006F7F814242420000000000000000000049
:10B2D000000000000000000000000000000000006E
:10B2E000000000000000000000000000000000005E
:10B2F000000000000000000000000000000000004E
:10B30000000000000000000000000000000000003D
:10B31000000000000000000000000000000000002D
:10B32000000000000000000000000000000000001D
:10B33000000000000000000000000000000000000D
:10B3400000000000000000000000000000000000FD
:10B3500000000000000000000000000000000000ED
:10B360000000000000000000C000FC00000C04040D
:10B3700000000000000000180000000000FE03FFB5
:10B380000000000030300C0C000000000BFB00F04F
:10B3900000FFFF0000FFFF0000FFFF0000FFFF00B5
:10B3A00000FFFF0000FFFF000000FFFFF00F6666D8
:10B3B000FF0000000000000000000000000033CC8F
:10B3C00033CC99DB9FDF82824281000000000000C5
:10B3D000000000000000000000000000000000006D
:10B3E0000000000000000000000000000000000C51
:10B3F0000404000000009999041400000000007E7D
:10B40000C3FF0000000030300C0C000000000FFFF4
:10B4100000F000FFFF0000FFFF0000FFFF0000FF43
:10B42000FF0000FFFF0000FFFF0000000000F00F22
:10B43000666600FF00000000000000000000000041
:10B44000CC33CC3300C30FCF828242810000000096
:10B4500000000000000000000000000000000000EC
:10B4600000000000000000000000000000860070E6
:10B4700000B00000008600EC00B900A50086008C3A
:10B4800000900000008602FC00B00010008600EC76
:10B4900000B00080C686017608B4084002860160CC
:10B4A00000B408400200010000040840000012003F
:10B4B000211C40040048A08650F0A0B00005A18ED9
:10B4C00050ECA0B82000000000FC00320010008604
:10B4D00000E0030000000086006000B004050000EA
:10B4E000000000000000000000000000000000005C
:10B4F000000000000000000000000000000000004C
:10B50000000014140000000000005F5F0A0A000041
:10B510000000000000000CFAFCFA1515FFC3CA0A6F
:10B52000FA3A1515FFC300000000000000000000FB
:10B53000000000000000000000000000000000000B
:10B54000000000002000000000003C3C55550CFCB1
:10B5500000000000030300C3000000000000000022
:10B5600000000000000000000000000000000000DB
:10B57000000000000000000000000000004000008B
:10B58000E800E8000505000000000000085D085D17
:10B5900000000000000000000C00FC0015153C003D
:10B5A000C808F83815153C00000000000000000035
:10B5B000000000000000000000000000000000008B
:10B5C0000000000000040000000000003C3C555555
:10B5D000000000000000030300C3000000000000A2
:10B5E000000000000000000000000000000000005B
:10B5F00000004000400000000000000000000000CB
:10B60000000082008080AAAAEBEA000000003F5FF1
:10B610003F50000000003E7F2A6B00000000005FEA
:10B620001C1C000000003E2A7F6B00000000000090
:10B63000000000000000000000000000000000000A
:10B64000000000000000000004140014AAA03C3C0C
:10B650000F0F00000000000050505050000000008C
:10B6600000000000000000000000000000000000DA
:10B67000000000004000400000000000000000004A
:10B6800080000000820080800000000000000000B8
:10B69000005F005000000000145500410000000051
:10B6A000005F1C1C00000000140055410000000059
:10B6B000000000000000000000000000000000008A
:10B6C000000000000000000000010000000000A0D9
:10B6D0003C3C0F0F00000000000050505050000094
:10B6E000000000000000000000000000000000005A
:10B6F000000000000000000020002000000000000A
:10B700002000A00000010000200020000000000038
:10B7100020002100000000000000000000000001E7
:10B7200002002001A0000001000000000000000055
:10B730000000000000900000880000000000800071
:10B7400000000000000000000000000000000000F9
:10B7500000000000000000000000000000000000E9
:10B7600000000000000000000000000000000000D9
:10B770000000000000000000040001000100820041
:10B780000000010005000040000001000100000071
:10B7900000000000000000000000000000000000A9
:10B7A0000004000002040200000400000000A000E9
:10B7B000000000000000000000C0210000000000A8
:10B7C00004000000000000000000900090009000C5
:10B7D0009000C00000008400000000000000000095
:10B7E0000000000000000000000000000000000059
:10B7F0000000000000000000000000000000000049
:10B800000000000000000000000004000400002010
:10B8100000210001000100010001001100000010E2
:10B820000000000400000000000000000010000004
:10B8300000000000000000000040000000210000A7
:10B8400000010010000000000400000000000000E3
:10B8500000000000000000000000001000000000D8
:10B8600000000000000000000000000000000000D8
:10B8700000000000000000000000000000100000B8
:10B88000000000110000000000000008010001009D
:10B89000008000A000200020002000200004000004
:10B8A000004100000000000000000000000000A1B6
:10B8B0000000002000000000000000800000009058
:10B8C00000200020008000000011000000000000A7
:10B8D00000000000000000000000000000800000E8
:10B8E0000000000000000003000000000000000055
:10B8F0000000000000000000000000000000200028
:10B900002000200000012000200020000201200073
:10B910002000200000012000200020008001800184
:10B920000985000180018000111020008400800042
:10B93000008320008000A001A0838000A0010000FF
:10B9400000000820842089208800C100C0008820D1
:10B950000000038403C0000100010201020100088D
:10B960001000008200000000000000000000000045
:10B9700000000000000000000000000000000000C7
:10B9800011000300090010049100010001210104CD
:10B990000121010083000004C10001001100200406
:10B9A00020041004100420042000100011002100C5
:10B9B00020001004110020052104210420000304AC
:10B9C000000084008580218020802000202020002D
:10B9D000208002000200900000048804000400049B
:10B9E0000000000000000000000000000000000057
:10B9F0000000000000000000000000000000000047
:10BA00000000110080008000880004000000040095
:10BA100002000088040000040040098800000008BB
:10BA20004101050000002000800008000001030023
:10BA30000040000000002001040000001000100081
:10BA400005000000040004010801080000001000C7
:10BA5000020180000000800041408201050000C01A
:10BA6000800080410000000200020004000000008D
:10BA700000000000000000000000000000000000C6
:10BA800000000000100004000400040090004000CA
:10BA900083000000004100000000C00000410005DC
:10BAA0000000004000000000010020000000000431
:10BAB0000000008000000005014001050240000078
:10BAC0000000000000C00100011001100100000092
:10BAD000000001200200000004000000052000001A
:10BAE000000004000420002000800080008000008E
:10BAF0000000000000000000000000000000000046
:10BB00000000000000000000200000001000050000
:10BB100000000000020009000400020009001000FB
:10BB20001000009041048004080083000240820459
:10BB30009100890002A19100801105000501840097
:10BB40000001840100400000082000010400000200
:10BB500004200520100010848000040182002100D0
:10BB60000001C14000008001000200000800000048
:10BB700000000000000000010000000000000000C4
:10BB8000000000000000000088000100A00010007C
:10BB90000800080308210320000000201120840071
:10BBA00000038400C00000802080C121200000002C
:10BBB000208020002000010420002084C000000418
:10BBC0002100002021040080000001008204C10047
:10BBD000820000800080C0030000200001042100DA
:10BBE00088000020029100002020008084000000D6
:10BBF0000000000000000000000400000000000041
:10BC000000000000000000000000910100000000A2
:10BC10000000042002000400080041000910210473
:10BC200000004188040100002040210089841100A7
:10BC30002000000080040800410041000001034092
:10BC4000020420001040000400000000080008006A
:10BC500004004100001004000420090004402100F9
:10BC60000000090000008200410000000001804047
:10BC70008000000100200000000000200000000003
:10BC800000000000000000000000000004040000AC
:10BC90000010000000000021000002000000000071
:10BCA0000000001000000010000000000000201044
:10BCB00000000000000020900000000000000810BC
:10BCC000000500000100000000000000000001006D
:10BCD00001000100000000000000000084000100DD
:10BCE000000000000000000005000000000000044B
:10BCF0002080200000020000000000000000000082
:10BD000000000000000000000000000000009003A0
:10BD1000000300020520A003C1090005054102033C
:10BD200020090005054120034009080505022003FC
:10BD30000004112003200000002040000020000526
:10BD40000000102100200003800502850080000013
:10BD5000008300090010008800030009A0210300EF
:10BD60000003410989208041A103410900030041EA
:10BD700000830083000205100000000000000000A6
:10BD800000000000000000000000000000000000B3
:10BD900003010000A00100012101040120000001B5
:10BDA000020101010400000103018501A10000005E
:10BDB000A100000100000100C00008010100000115
:10BDC00000000400C000000100000808A01000846A
:10BDD00000000083088940010003A00184010500E0
:10BDE0000000020184014101020141010001000043
:10BDF00000012005004000A100010000000000003B
:10BE00000000000000000000000000000000000032
:10BE100000000010010201040101080005400301B7
:10BE20008501A008A1A08311910100C00084010830
:10BE30000001010001850101010000000005004131
:10BE400000010200020190A0210100008800890089
:10BE50008484000000010200210083014090400022
:10BE60004102C10108108400892003010810908458
:10BE7000C1820591000000020000010400000000E2
:10BE800000000001000000000000000000000000B1
:10BE90000000000005802080020003098500C180A9
:10BEA0000202830905002000218203090200050027
:10BEB000408341414000200802400521020000A0CB
:10BEC000058202034100801005412003040900039C
:10BED00040008383000040108000A100830980009F
:10BEE0008300A103030909800000A1000309008861
:10BEF00000002180838921200080030303000000CB
:10BF0000000000000003000000000000000000002E
:10BF1000000000000000050505020941400321A1C1
:10BF200000410009C1032020022008090903020280
:10BF30000983000920838320040341402085800079
:10BF400000032010028500000083020200A0802070
:10BF500000032121000300000082001189100083EA
:10BF60000580028209A100030082091109208003D3
:10BF70000000110209030003102000030021000348
:10BF800000000000000000000000000000000000B1
:10BF90000000000000000000000000010100050199
:10BFA000000200C00091402101010101000188014F
:10BFB0000000000200C1828305A000880083018286
:10BFC00004A000040189C008C088001001C10083DA
:10BFD0000403008402C00004000000030040A1012B
:10BFE000208300400041014002C10011000201C154
:10BFF0000803000000010100A0010100000004008E
:10C00000000100000000000000000000000000002F
:10C010000000000000000000000001880110000185
:10C020000000018801100101002001890140010187
:10C030000002018801900000000000400040000163
:10C04000000000C0014000000000002100200100AD
:10C0500000A000400220000010080000832001849E
:10C060000301202001890120000000C0018801A0F7
:10C07000010101C08389A1208400C008850002A0BD
:10C0800002000200000000000000000000000000AC
:10C090000000000000000000000000001080048389
:10C0A00003030300038304C1212103000388042048
:10C0B0002040028003800404020303002180092140
:10C0C00009034100030004002100410000894100F0
:10C0D000050000000480000041000300000089808A
:10C0E00008009010008003C004802121000003821A
:10C0F00004002020200083C0048583030080830087
:10C1000021200005030000000000000000000000E6
:10C11000000000000000000000000000000000001F
:10C12000000BD00000820000000BD00000000000D7
:10C13000000BD00000000000000BD0000000000049
:10C140000000D00006604100000BD000005041000C
:10C150000009D000005006000009D00000000000D7
:10C160000A00000BD00000000000000BD00000000F
:10C170000A00000BD00000000A00000BD0000041B4
:10C1800000500000D000000000600000900000425D
:10C19000000000000000000000000000000000009F
:10C1A0003C3CFFFF0DFF0DFF0DFD0DFD557F557F45
:10C1B00015BF15BF557F557F0FFF0FFF557F557F6B
:10C1C0005FF50AA05F5F0A0AAA3CAAF00F00F0FF21
:10C1D0000FA50FA50FF000FF0F0FCCCC0FF0C33C45
:10C1E0000000FF0FF000FFFFF0C3FFFFAFA0FFFF55
:10C1F00000F0FFFFCFC0FFFFF0C3F0FFFFF0FFFF35
:10C20000AAF02882828230C0F00000000000000006
:10C21000000000000000000000000000000000001E
:10C220000000000F00FF0D550D550D5D0D5D143E16
:10C23000143E153D153D143E143E0C5C0C5C143E42
:10C24000143E1EB41EB43CC33CC3553C55F00F0015
:10C25000F0FF0FA50FA50FF000FF0F0FCCCC0FF0D4
:10C26000C33C0000FF0FF000FFFFF0C3FFFFAFA0D3
:10C27000FFFFFFF0FFFFCFC0FFFFF0C3000F0F0075
:10C28000FFFFAAF02882282830C000F0000000003C
:10C29000000000000000000000000000000000009E
:10C2A00000000000FA3AFA3AFABEFABEFFAAFFAA64
:10C2B000FF3CFF3CFFAAFFAABEBEBEBEFF3CFF3C48
:10C2C00087D2AFFAC3FFC30055F055F0EB14EB145F
:10C2D000FF00C33C3F3FC0C0FF00C33CFF0F00F066
:10C2E000FFC3003C000003F3FFFF00FFFFFF00F06F
:10C2F000FFFF00FFFFFF03F3FFFF00FFFFFF03F35C
:10C30000FFFFFF00FF00000F00C3009600C3000006
:10C31000000000000000000000000000000000001D
:10C32000000000000000FA30FA30FA00FA00B4A071
:10C33000B4A0F0A0F0A0B4A0B4A0FA00FA00B2300B
:10C34000B23005502D785A5A5A5AC3C33C3CEB14AC
:10C35000EB14FF00C33C3F3FC0C0FF00C33CFF0FD6
:10C3600000F0FFC3003C000003F3FFFFC3C3FFFF67
:10C370000FFFFFFF0F0FFFFF03F3FFFFC3C3FFFF1D
:10C3800003F3FFFF5555AAAA00F0003C0096003CBD
:10C39000000000000000000000000000000000009D
:10C3A0000000000000000000C0C6C0F030B049032B
:10C3B000C0C7C0F030A04903C0C7C0F030B04903C7
:10C3C000C0C7C0F030B00903C086C07030B00803E9
:10C3D000C086C07033B00803C086C0F033100803B5
:10C3E000C086C09033A000030000C040C09033005E
:10C3F0004903C0C7C0F030B04903C0C7C0F033B074
:10C400004903C0E3C07033F051030886047C00B2D6
:10C410000010000000040000800500000000000083
:10C42000000000000000000000000000000000000C
:10C430000000000000000C000C00000000000000E4
:10C44000000000000000555500FF000000000C0F28
:10C45000145500000000755DF55F0000000000004D
:10C46000407000AA00AAFFFFFFFF0000C0C0828248
:10C47000C3C3030300000000D3D3FFD300000000B8
:10C48000CFC3EFEBBAFA51500000000000000802E1
:10C49000000000000000000000000000000000009C
:10C4A000000000000000000000000000000000008C
:10C4B00000000000000000000C0000000000000070
:10C4C00000000000000000000505000F0000000053
:10C4D0000C0F145500000000755D755D0000000034
:10C4E000F0F04070003C003CFFF7FFFF0000C0C0D0
:10C4F000828200000303000000005050FF50000043
:10C5000000000F00AFAAFAFA50500000000000002F
:10C510000401000000000000000000000000000016
:10C52000000000000000000000000000000000000B
:10C530000000000000000000000000503C7C0000F3
:10C5400000003F7D3F4100000000000000000000AF
:10C5500000000000000000000000000000000000DB
:10C5600000003E7F2A6B0000000000AA0A0A0000BB
:10C570000000000000F05050000000003CBE00AA87
:10C580000000000050FF505000000000C300C30036
:10C59000FFF0FFFF000000000000000000000000AE
:10C5A000000000000000000000000000000000008B
:10C5B00000000000000000000000000000FF3CFF41
:10C5C00000000000007D00410000000000000000AD
:10C5D000000000000000000000000000000000005B
:10C5E0000000000014550041FCC0FCC000AA0A0A6B
:10C5F0000000FF003C3C00F05050000000003FBF36
:10C600000FAF000000007CFF7C7C00000000C10038
:10C61000C300FFFFFFF0000000000000000000006A
:10C62000000000000000000000000000000000000A
:10C6300000000000210000000000000000000000D9
:10C6400000000000000000000200000000000000E8
:10C6500000000000000000000000000002000000D8
:10C6600000000000000000000000000000000000CA
:10C6700000000000000000000000000000000000BA
:10C6800000000000000000000000000000000000AA
:10C69000000000000000000000000000000000009A
:10C6A000000000000000000000000000000000008A
:10C6B000000000000000000000000000000000007A
:10C6C000000000000000000000000000000000006A
:10C6D000000000000000000000000000000000005A
:10C6E000000000000000000000000000000000004A
:10C6F00000000000008000000000000000000000BA
:10C700000000000000000000000000000000000029
:10C710000000000000000000000000000000000019
:10C720000000000000000000000000000000000009
:10C7300000000000000000000000000000000000F9
:10C7400000000000000000000000000000000000E9
:10C7500000000000000000000000000000000000D9
:10C7600000000000000000000000000000000000C9
:10C7700000C0000000000000000000880000000071
:10C7800000000000000000000000000000000000A9
:10C790000000000000000000000000000082000017
:10C7A0000000000000000000000000000000000089
:10C7B0000000000000000000000000000000000079
:10C7C0000000000000000000000000000000000069
:10C7D0000000000000000008000000000000000051
:10C7E0000000000000000021000000000000000820
:10C7F0000000001100110000000000410041000095
:10C800000000000000000000000000000000000028
:10C810000000000300000000000000000000000015
:10C820000000000000000000000000000000000008
:10C8300000000000000000000000000000000300F5
:10C8400000002100000011000000000008000000AE
:10C85000000005018000001121C0001041100020DF
:10C8600000000540410000000040050000000000FD
:10C8700000000000008200820004000000402190BF
:10C8800000000000000000000000000000000000A8
:10C8900041000000008200000000090000000000CC
:10C8A0000000000000000000000000000000000088
:10C8B0000000000000000000000000000000000078
:10C8C0000000000000000000A000000000000000C8
:10C8D0008400004104080800002000000000A000BF
:10C8E000000000000000840000410009C003C000F7
:10C8F0000000A00000000000000000800000001107
:10C9000000000000000900051000000008030000FE
:10C9100000000000002100000000A000A0080000AE
:10C920000000000000000000000000000000000007
:10C9300000000000000000000000000000000000F7
:10C9400000000000000000000500100010001000B2
:10C95000020000000000000041000001000103008F
:10C9600003000000000000000000000000000000C4
:10C9700000000000000000000000000000000000B7
:10C98000000000004000000000000000000000085F
:10C990000000000000000200000000000000000095
:10C9A00000000090000000000000000000000000F7
:10C9B0000000000000000000000000000000000077
:10C9C0000000000000008800020000000000840059
:10C9D00000000000A0400800000000200040000807
:10C9E000A0000000000000000000000000000000A7
:10C9F0000000000500091008000000000000000011
:10CA000000800200000000000000000000000000A4
:10CA100000000400000004000000000040000000CE
:10CA200000000000000900040000000000000000F9
:10CA300000000000000000000000000000000000F6
:10CA400000000000210000000000030004000000BE
:10CA5000001000A000A00000081089009000100441
:10CA60000085400000000088020000000400210052
:10CA70000000210000C00000000000100040000085
:10CA800000000000000000000000000000000000A6
:10CA90000000000000000000000000000000000096
:10CAA0000000000000000000000000000000000086
:10CAB0000000000000000000000000000000000076
:10CAC0000000000000000000002100000003000042
:10CAD00000088400000000008411000308004000EA
:10CAE000008000040000100384000021900000007A
:10CAF00088030000000000000020100084000000F7
:10CB000000000440000000000000000300090009CC
:10CB1000000000000000842104218421840300001F
:10CB2000000000210021000000000000C000000003
:10CB300000000000000000000000000000000000F5
:10CB400000000000000000001100000008000000CC
:10CB50000000090800000200008200840300008435
:10CB60000810110000000900210000000300090066
:10CB700000000000004021000000000000880000CC
:10CB800000000000000000000000000000000000A5
:10CB90002000000004080400000000000000000065
:10CBA0000090004000040040008800000040004069
:10CBB0000000000000000000000000000000000075
:10CBC0000000000000000000004100000000000024
:10CBD000000002000040020002000000404000008F
:10CBE0000000200400000000000000000009000018
:10CBF000000000000000080000000000000000002D
:10CC00000000000000000000000000000000002103
:10CC1000000000000008A011000000000000200239
:10CC20000000002120020000040288000000000033
:10CC300000000000000000000000000000000000F4
:10CC40000000000000000000000080000000000064
:10CC500000808000000000000008000000000003C9
:10CC600000000000040000890200800000000000B5
:10CC700000008000200000808040008080000003D1
:10CC80000000800000000000000000000000000024
:10CC90000000000000000000000000000000000094
:10CCA0000000000000000000000000000000000084
:10CCB0000000000000000000000000000000000074
:10CCC00000000000000000000000000082000000E2
:10CCD00000820002820000000088880000404000BE
:10CCE000000100000400000082A00000820000009B
:10CCF00000820000820000000002C021001010002D
:10CD0000000100008200000000820000000000001E
:10CD10000000000000000000000000000000000013
:10CD20000000000000000000000000000000000003
:10CD300000000000000000000000000000000000F3
:10CD400000000000000000000000000000000000E3
:10CD50001000000000000000910000012000080009
:10CD600088000000000001000000000900C1000070
:10CD7000A00000000000000085000001A0000900E4
:10CD800040010082000000000000000000C0000020
:10CD90000000000000000000000000000000000093
:10CDA0000000000000000000000000000000000083
:10CDB0000000000000000000000000000000000073
:10CDC0000000000000000000000000000000000063
:10CDD000000080000000000000000400001080003F
:10CDE000C0000311000000000200000000032183C6
:10CDF00000000000000000000000040000400000EF
:10CE00008200044000C0110000000000000000008B
:10CE10000000000000000000000000000000000012
:10CE20000000000000000000000000000000000002
:10CE300000000000000000000000000000000000F2
:10CE400000000000000000000000000000000000E2
:10CE500000000000000000000000000000000000D2
:10CE6000400000080000000000000000000000007A
:10CE700000000000000000000000000000000000B2
:10CE8000404100050000000000000000000000001C
:10CE90000000000000000000000000000000000092
:10CEA0000000000000000000000000000000000082
:10CEB0000000000000000000000000000000000072
:10CEC0000000000000000000000000000000000062
:10CED0000000000000000000000000000000000052
:10CEE0000040010000000000000000000000000001
:10CEF00002820000000000000000000000000000AE
:10CF00000088019100000000000000000000000007
:10CF1000008200000000000000000000000000008F
:10CF20000000000000000000000000000000000001
:10CF300000000000000000000000000000000000F1
:10CF400000000000000000000000000000000000E1
:10CF50000000000000000010010000080000008830
:10CF600001000200000000820000000000000082BA
:10CF700000C0010040A0000000A0000100000082ED
:10CF8000014040000000000901000088000000820C
:10CF90000000000000000000000000000000000091
:10CFA0000000000000000000000000000000000081
:10CFB0000000000000000000000000000000000071
:10CFC0000000000000000000000000000000000061
:10CFD0000000000000000000008004000089000044
:10CFE000000004009100000000A0110000000000FB
:10CFF00000800000410080020000000000410000AD
:10D000000080040011000000000304000000000084
:10D010000080000000000000000000000000000090
:10D020000000000000000000000000000000000000
:10D0300000000000000000000000000000000000F0
:10D0400000000000000000000000000000000000E0
:10D0500000000000000000000000000000000000D0
:10D060001200000000000000120081480009D000FA
:10D07000120000000000000012420000000000004A
:10D080001200000000000000120041480009D0001A
:10D09000124200000000000012000000000000002A
:10D0A0000000000000000000000000000000000080
:10D0B0000000000000000000000000000000000070
:10D0C0000000000000000000000000000000000060
:10D0D0000000000000000000000000000000000050
:10D0E0000000000000000000000000000000000040
:10D0F0000000000000000000000000000000000030
:10D10000000000000000000000000000000000001F
:10D11000000000000000000000000000000000000F
:10D1200000000000000000000000000000000000FF
:10D1300000000000000000000000000000000000EF
:10D1400000000000000000000000000000000000DF
:10D1500000000000000000000000000000000000CF
:10D1600000000000000000000000000000000000BF
:10D1700000000000000000000000000000000000AF
:10D18000000000000000000000000000000000009F
:10D19000000000000000000000000000000000008F
:10D1A000000000000000000000000000000000007F
:10D1B000000000000000000000000000000000006F
:10D1C000000000000000000000000000000000005F
:10D1D000000000000000000000000000000000004F
:10D1E000AEDE0000000000000000000000000000B3
:10D1F00000000000000000000000000000007B753F
:10D2000000400000000000000000000000000000DE
:10D2100000000000000000000000000000007B751E
:10D2200000000000000000000000000000000000FE
:10D2300000000000000000000000000000000000EE
:10D2400000000000000000000000000000000000DE
:10D2500000000000000000000000000000000000CE
:10D2600000008667C002000000000000408C07003C
:10D270000000000000003002000000000000400339
:10D28000E661000000000000000000000000060051
:10D290000000000000003002000000000000400319
:10D2A0000660000000000000000000000000000018
:10D2B000000000000000000000000000000000006E
:10D2C000000000000000000000000000000000005E
:10D2D000000000000000000000000000000000004E
:10D2E000000000000000000000000000000000003E
:10D2F00000000000000000000000000080000000AE
:10D30000000000000000800000000000000011008C
:10D310001100000000000000030000008000000079
:10D3200000008000000000000000000000C00000BD
:10D3300000000000000000010004000000040000E4
:10D3400000020000000100000000000000000000DA
:10D3500000000000000000000000000000000000CD
:10D3600000000000000000000000000000000000BD
:10D3700000000000000000000000000000000200AB
:10D3800004008200000000002000000000000000F7
:10D39000000000000000000000000000000040004D
:10D3A00000000000400000C000000000000000007D
:10D3B000000400000000000000040085040000805C
:10D3C00000000080000000020000000000000000DB
:10D3D000000000000000000000000000000000004D
:10D3E000000000000000000000000000000800092C
:10D3F000000000000000000000000000000000002D
:10D40000800000000000800000000000000000001C
:10D41000000000000000000100000000000000000B
:10D4200000020000000000000000000000000000FA
:10D4300000000020000100000008000000000001C2
:10D4400000000000000000000000000000000000DC
:10D4500000000000000000000000000000000000CC
:10D4600000000000000000000000000000000000BC
:10D47000002000000000000000000000000000008C
:10D48000000020000000000020000000000000005C
:10D490000000000000000000000800000000002163
:10D4A00000080080000000000000000000000000F4
:10D4B00000000000008000100000000000000000DC
:10D4C0000004000000000000000000000000000058
:10D4D000000000000000000000000000000000004C
:10D4E000000000000000000000000000800020009C
:10D4F0000000000000000000800005001000000097
:10D500000400A00080008000000000010000004135
:10D51000800005000940001000088008000200C0DB
:10D5200040400002000480000004000200004000AF
:10D53000404080A000010085008510100004040018
:10D54000040480048000002110201000002000004E
:10D5500000000000000000000000000000000000CB
:10D56000000000000000000000000000000020009B
:10D570000100A000000000000000020000001108EF
:10D580001000010803002005080000000020000032
:10D59000000420000000C00004000080108000880B
:10D5A0000000010000A100C14000008000800000D8
:10D5B00001000121400500020004000400800080F9
:10D5C00001000180048004000084018001000080CB
:10D5D000000000000000000000000000000000004B
:10D5E000000000000000000000000000000000003B
:10D5F0004100000020212000100000000000210058
:10D600000000000000000000410020002000800415
:10D6100000002000200020004100000000009004D5
:10D6200000008000210100004101850185014104C5
:10D6300000004000400040000001410000000000E8
:10D6400000000001000100000001000000000001D6
:10D6500000000000000000000000000000000000CA
:10D6600000000000000000000000000000000000BA
:10D6700000000000020001A0010000000000000006
:10D6800000000000000000000000C00001000100D8
:10D69000208000008500A1000100C000A01084418E
:10D6A00011800021040000020008C0204002400256
:10D6B000C0C000C0010001058305820200410000D6
:10D6C000000900000004C004000000040000000085
:10D6D00000200000000000200000002000000000EA
:10D6E000000000000000000000000000000000003A
:10D6F00000000000200020002000000000001000BA
:10D700001082200000000000008200004108080094
:10D710002000410011000000850002A0419000009F
:10D7200005899084000200022100404040A00000D2
:10D7300003844010000011C00340410040404104F8
:10D740000300030000400004000010040004000077
:10D7500000000004000100000000000000000000C4
:10D7600000000000000000000000000000000000B9
:10D770000000000000000100014005000000000062
:10D7800084000000012100080005001004030000CF
:10D7900091000100000000000000200001000000D6
:10D7A000000000080503008000850040C121010041
:10D7B00000000000018000000000000500210100C1
:10D7C000908000000000A0800080000000800080A9
:10D7D00000000000008000040000000000000000C5
:10D7E0000000000000000000000000000000000039
:10D7F0000000000000000000000041000304C10020
:10D8000020002000200002C00000000000000010E6
:10D81000202020004040210010C02008030000000C
:10D82000020008A00000020840008302401000101F
:10D830000020800100020084000040C0000221029C
:10D8400021A0000108040004A185000000001004CC
:10D850000000000000000000000000000040002068
:10D860000090000000000000000000000000000028
:10D8700000000000000000000000000000000000A8
:10D880000400010011001100011000000000000060
:10D890000000011111004000C005010501008200D7
:10D8A00000050140C141C00005888541408001005C
:10D8B00000C100A1202000A1C040000001000080A4
:10D8C000C0808209C00411801080020400000000A2
:10D8D0001080000000000400840000000000000030
:10D8E0000000000000000000000000000000000038
:10D8F00000000000000000000000000000030040E5
:10D90000000000000803800902200300400080009E
:10D91000020009000802910909A141020211000256
:10D920000240094000002080048000000003000243
:10D9300010000000000300000400000800000003C5
:10D9400000100000000020910082844003020809BA
:10D9500000098000044008030009000300000000E3
:10D9600000000000000000000000000000000000B7
:10D9700000000000000000000000000000000001A6
:10D98000000104000000C101880101000000030043
:10D99000C000890001000200859101C10000A100C2
:10D9A000C0010101000100400010000800900001CA
:10D9B000A000890000000403908489A000030000F7
:10D9C000000100010000000003820084A0010104A6
:10D9D000C100000120000001010000010000000062
:10D9E0000000000000000000000000000000000037
:10D9F0000000000000000000000000000000000027
:10DA0000000001C001020101020003000200C10187
:10DA1000410008A02101850004009184A021410457
:10DA2000000001A0010401011100A1009100C0004B
:10DA30009000C000C000C18402000901C0400385FD
:10DA400000000090000000000100C0008202A0035E
:10DA500002A1000201000008010100820100000291
:10DA600000010000000000000000000000000000B5
:10DA700000000000000000000000000000000000A6
:10DA8000000009004000218003090000410000005F
:10DA9000030990008500852089028202410080A14F
:10DAA00009040900100040111009A00008004000FE
:10DAB0008820800900000000038000008802000028
:10DAC00003900000408000000000030002020200FA
:10DAD000080202050980410000824009038010000D
:10DAE0001080210300000000000000000000000082
:10DAF0000000000000000000000000000000000026
:10DB00000000000011400011000940030500000062
:10DB100020890003002100410004802110020080C0
:10DB2000048980840340004003404090008200004C
:10DB300000200085000000000002008300000011AA
:10DB40008880000300000000000000100003028233
:10DB50000002C04004824002090000408420850386
:10DB60002010004100000000000000000000000044
:10DB700000000000000000000000000000000000A5
:10DB8000000000000000000100000001910100C041
:10DB900000A00189000300A00011009040A0010036
:10DBA00000C000858882010800890141900300407F
:10DBB000080040C1048300C000C000C000C1400292
:10DBC000A0A0A00804030000000000000001000164
:10DBD0000040000285C10082010000000001080130
:10DBE0004000000100009000000000000000000064
:10DBF0000000000000000000000000000000000025
:10DC00000000000000000000018801C000000000CA
:10DC100001880182000000A0010000C00000010294
:10DC200089858440020040C00104004001010100D8
:10DC3000000000000001001083050090840000A097
:10DC40008301C000840000400000010001000000CA
:10DC50000000A088C18302010404010200A10000A9
:10DC60000000000200910000000000000000000021
:10DC700000000000000000000000000000000000A4
:10DC8000000000000000000000000380040000000D
:10DC90001100038004052020410020040220020519
:10DCA0004180098300088802C1000200080409407D
:10DCB0000800000400050005008090030080800239
:10DCC0000000832080008000118000000300080015
:10DCD000000000000509088202020900090004048E
:10DCE0000404020000800084002000000000000006
:10DCF0000000000000000000000000000000000024
:10DD00000000000000000000000000000000000B08
:10DD1000D000000000000000D00000000060000BF8
:10DD2000D000000021840009900021000081000043
:10DD3000900021820660000BD000000081000009E5
:10DD40000000810006600009900000000000000053
:10DD500000000000000006600009900011480A82DF
:10DD6000000B9000000006000009D00042500000A7
:10DD700000000000000000000000000000000000A3
:10DD8000000000000000000000000000000000FF94
:10DD9000FFFFC0FCFFFFC0CFFFFF0066FFFF0000DA
:10DDA0000000CFC3DFC31919010100007E42140037
:10DDB000820099991918000000000000C300FFFFBD
:10DDC0000000FF0000003C3C00000F0F00000000BE
:10DDD000FF000000FF000000C380430000FF006E52
:10DDE000006E00620000663C000000002C202C2029
:10DDF0000000000000000000000000000000000023
:10DE00000000000000000000000000000000000012
:10DE1000C3C3FFFFC0FCFFFFC0CFFFFF99FFFFFFA1
:10DE2000000000100C001C000909090900006666CA
:10DE30000014008200001018000000000000C30061
:10DE4000FFFF0000FF0000003C3C00000F0F00003F
:10DE50000000FF000000FF000000C3C0030000003E
:10DE60000062006E006200003C3C000000002C20BC
:10DE70002C20000000000000000000000000000056
:10DE80000000000000000000000000000000000092
:10DE90000000000000000000000000000000000082
:10DEA0000000000000000000000000000000000072
:10DEB0000000000000000000000000000000000062
:10DEC0000000000000000000000000000000000052
:10DED0000000000000000000000000000000000042
:10DEE0000000000000000000000000000000000032
:10DEF0000000000000000000000000000000000022
:10DF00000000000000000000000000000000000011
:10DF100000000000FFFF00990CFCFC0C0FFFFF0F3E
:10DF2000F0F0F0F00000000000837CFF0F0F030F03
:10DF300002020E0E0000FF009018181800000000EA
:10DF40006676FFFF000000FF0000FFFF00003C3C82
:10DF50000000F0F00000000000FFFFFFC3C38000DE
:10DF6000989910999999DBFF00004242C0C00000C7
:10DF7000F0FF000000400000000000000000000072
:10DF80000000000000000000000000000000000091
:10DF9000000000000000FFFFFF990CFCFC0C00F0EB
:10DFA000F00066669999000000000000838300007D
:10DFB000000C060606064600760090901818000031
:10DFC00000006666FFFF000000FF00000000000088
:10DFD0003C3C0000F0F00000000000FFFFFFC3C366
:10DFE000808098980089000000240000424242424C
:10DFF0000000000F00000000000000000000000012
:10E000000000000000000000000000000000000010
:10E010000000000000000000C0C7C0F030B049039D
:10E02000C0C7C07030B05103008600EC00A00000F3
:10E030000086007C031000000086007C00B0000019
:10E040000086006C03B0000502C201A003B4494081
:10E05000A2C3518CA3B44945000002410100000451
:10E060004140008400DC03B00000008600FC03B0E7
:10E070000000A086027003B00085000000000000D0
:10E080000000000000000000000000000000000090
:10E090000000000000000000000000000000000080
:10E0A000000000000000FFFFFFFF00000000FFFF76
:10E0B000FFFF0000000055550FFF0000000000901A
:10E0C0000006000000003CC355AA505055555F7F24
:10E0D000AFBF00F000FFA2AE00FF00000000000094
:10E0E00000000000F8FFFFF808FF2CFF0000000010
:10E0F0000000000000000000000000000000000020
:10E10000000000000000000000000000000000000F
:10E1100000000000000000000000000000000000FF
:10E1200000000000000000007FFFFFFF0000000073
:10E130007FFFFFFF0000001055550F00000000009A
:10E1400090000600000000003CC355AA505000009B
:10E150005040A08000F00000515D00FF0000000072
:10E160000000000000000007070008FF2CFF00006F
:10E17000000000000000000000000000000000009F
:10E18000000000000000000000000000000000008F
:10E19000000000000000000000000000000000007F
:10E1A000000000000000000000007FFFFFFF0000F3
:10E1B000000055005500F00FF00FA5FFBDFF000057
:10E1C000000000000000201080400900000900004D
:10E1D0000000C355C55500000000EF040F0F0000FC
:10E1E0000000000000000000C300C3C3227700FF4E
:10E1F000000000000000000000000000000000001F
:10E20000000000000000000000000000000000000E
:10E2100000000000000000000000000000000000FE
:10E220000000000000000000000000007FFFFFFF72
:10E230000000000000004000F00FF00F00FF3CFF66
:10E2400000000000000000000804020160000060FF
:10E25000000000003C553555FE40FCC004EF0F0F98
:10E2600000000000000000000000C3000000333385
:10E2700000FF00000000000000000000000000009F
:10E28000000000000000000000000000000000008E
:10E29000000000000000000000000000000000007E
:10E2A00000000000000000000000000080000000EE
:10E2B00000000000000000000400000080000000DA
:10E2C0009100000000000000210004000400040090
:10E2D00004900000000000000000000000000000AA
:10E2E000000000000000000000000000000000002E
:10E2F000000000000000000000000000000000001E
:10E30000000000000000000000000000000000000D
:10E3100000000000000000000000000000000000FD
:10E32000000000000000900500000400000008004C
:10E33000000000000000000000000100000040009C
:10E3400000000400000000000000000001000100C7
:10E3500001000100000000000000000000000000BB
:10E360000000040000800000000000040000000025
:10E37000000000000000000000000000000000009D
:10E38000000000000000000000000000000000008D
:10E39000000000000000000000000000000000007D
:10E3A000000000000000000000000000000000006D
:10E3B000000000000001000000000000000000005C
:10E3C000000000000000000000000000000000004D
:10E3D000000000000000000000000000000000003D
:10E3E000000000000000000000000000000000002D
:10E3F000000100010000000000000000000000001B
:10E400000001000100010001000000000000000008
:10E4100000000000000000000000000000000000FC
:10E4200000000000000000000000000000000000EC
:10E4300000000021000000040000000000000000B7
:10E4400000020002000000000000000000000000C8
:10E4500000000000000000000000000000000000BC
:10E460000000000000210000000000000005000086
:10E470000000000400040000000000000000000094
:10E48000000000200020002000200000000000000C
:10E49000000000000000000000000000000000007C
:10E4A000000000000000000000000000000000006C
:10E4B00000000000008500000000000000000000D7
:10E4C00080000000000200000000000080008000CA
:10E4D000050000000000000000900000000900831B
:10E4E000108400000000800280000000000400048E
:10E4F00020A000040004000100040041000000000E
:10E500000082000000000000000000000000000089
:10E5100000000000000000000000000000000000FB
:10E5200000000000000000000000000000000000EB
:10E5300000001000000084108400000000000000B3
:10E54000820004000000828082100005000020107C
:10E55000200588000010C010C0000000C021000489
:10E560000008100000000000028510050000008077
:10E5700000808505C080C080000482808284000005
:10E58000002100000000000000000000000000006A
:10E59000000000000000000000000000000000007B
:10E5A000000000000000000000000000000000006B
:10E5B00000000000200000000000000041040000F6
:10E5C000000000008401000003000500000020009E
:10E5D0000400040004000000080000000000030024
:10E5E00000010000100411000000090000000000FC
:10E5F00000000000000041000000000000000000DA
:10E60000000000000000000000000000000000000A
:10E6100000000000000000000000000000000000FA
:10E6200000000000000000000000000000000000EA
:10E630000000000000000100000000000000008059
:10E6400000000000000005200000000000000000A5
:10E6500001000100010001000000010000000000B5
:10E66000000000200000008000000000000000000A
:10E6700000C0000000400011000000000000004049
:10E68000000000000000000000000000000000008A
:10E69000000000000000000000000000000000007A
:10E6A000000000000000000000000000000000006A
:10E6B00000000001100100019000000000000000B7
:10E6C000200000000000030004000000000005001E
:10E6D000000004012001A001A0000000030041008F
:10E6E00010004100000005001000800480000000C0
:10E6F0000040000005000000000041200000000074
:10E70000000000C000000000000800000000000041
:10E7100000000000000000000000000000000000F9
:10E7200000000000000000000000000000000000E9
:10E730000000000000200020002004000000000075
:10E740000000010084000000000001001000000033
:10E7500000000000010401042104210000038808D6
:10E760008205010000000000000010000885400044
:10E77000000500800000000000000000C080840050
:10E78000000300001000840084008400C00000002A
:10E790000000000000000000000000000000000079
:10E7A0000000000000000000000000000000000069
:10E7B00000000000000000004100409000400901FE
:10E7C0000000000100010000000003000000000044
:10E7D000000000001000110020000000410000A017
:10E7E00040A04182030002840284418241101184CE
:10E7F00041100910001000000282020202001008FD
:10E800001082108210900020000000900000000094
:10E810000000004000000000000000200000000098
:10E8200000000000000000000000000000000000E8
:10E8300000000000000000000000000000000000D8
:10E8400000040000000400200000000000000000A0
:10E8500000000000000001000000010000000000B6
:10E860000000010000000000000000000000008027
:10E870000010000000000000000000000080000008
:10E880000080000000000000000000000000000008
:10E890000000000000000000000000000000000078
:10E8A0000000000000000000000000000000000068
:10E8B00000000000000000000000000000008000D8
:10E8C00000000000890011000000000000000000AE
:10E8D000000000008000400000000041050500002D
:10E8E000410200808000C180000000030208414115
:10E8F0000020832000040305031000000000000036
:10E9000000000000032080022102404000000000BF
:10E9100000000000000000000000000000000000F7
:10E9200000000000000000000000000000000000E7
:10E9300000000000000000000000000000000000D7
:10E940004000000000004100000000000000000046
:10E9500000000000000008000100000000000000AE
:10E9600000000100A0020284044090000000A0000A
:10E9700040010001020188010000000100000000C8
:10E9800000009000000001010201010001010000EF
:10E990000000000000000000000000000000000077
:10E9A0000000000000000000000000000000000067
:10E9B000000000000000000000000000000000C097
:10E9C0000000000200010000000000000000000044
:10E9D00000000000000000000000010001000090A5
:10E9E00000040141010000000200C000A10010006D
:10E9F000830110C040850100A08200018300000057
:10EA00004100A000400041010000018201410101DC
:10EA100000000000000000000004000000200000D2
:10EA200000000000000000000000000000000000E6
:10EA300000000000000000000000000000000000D6
:10EA40000000000000000020000000100000001086
:10EA5000000000000000000005000000210003028B
:10EA60004100058021210902050085000000030006
:10EA70008900211083009190100000802005830000
:10EA8000000090000003800083100200208040A05E
:10EA900020090000000000000000008000000000CD
:10EAA0000000000000000000000000000000000066
:10EAB0000000000000000000000000000000000056
:10EAC0000000000041000000000080800000038082
:10EAD00080800000000000000000008000800080B6
:10EAE0000080034110030009400200800080000004
:10EAF0000080A08800051021A18511A0009040058C
:10EB00000320000000000000208000000520008598
:10EB1000000203410000000000000000000010009F
:10EB200000000000000000000000000000000000E5
:10EB300000000000000000000000000000000000D5
:10EB400000000000000000000000C000820200C0C1
:10EB500001A0888200000000000002000002000204
:10EB60000004008800000100000141000002A040F4
:10EB70000090A0821041002101098540000500415C
:10EB800001A000A000008800000000840002002115
:10EB900000C0008221A00000000000000000000072
:10EBA0000100000020000000000000000000000044
:10EBB0000000000000000000000000000000000055
:10EBC0000000000000000000000000000000000045
:10EBD0000000000000000000000000000000000035
:10EBE0000001000000000088012001000000020276
:10EBF000C0000200C004828800018489082001014D
:10EC0000010200000002000000010011000000C02D
:10EC100001020004010000000000000000000000EC
:10EC200000000000000000000000000000000000E4
:10EC300000000000000000000000000000000000D4
:10EC400000000000000000000000000000000000C4
:10EC500000000000000000000000000000000000B4
:10EC6000000000110011000041800400102000008D
:10EC7000800080008004008080C1000880828000C5
:10EC80000302058000200000000000200090000426
:10EC90000080208002824005040000000000000087
:10ECA0000000000000000000000000000000000064
:10ECB0000000000000000000000000000000000054
:10ECC000000000000000000000000000000B9000A9
:10ECD0000000825000099000128800000009000026
:10ECE000000006500009D0000000066000099000F6
:10ECF000000081000009000000000660000990008B
:10ED00000000006000009000060000000A500009AA
:10ED1000900000000042000090000660000000002B
:10ED2000000000000A0000090000000000000000D0
:10ED300000000000000000000000000000000000D3
:10ED400000000000000000000000000000000000C3
:10ED500000000000000000000000000000000000B3
:10ED60000000000000000000000000000A0A00AAE5
:10ED7000033F000000000000000000000000000051
:10ED80000000000C00000000EF0F040F0000000066
:10ED900000000000000000000000080A8A0A0000CD
:10EDA0000000000000000000000000000000000063
:10EDB0000000000000000000000000000000000053
:10EDC0000000000000000000000000000000000043
:10EDD0000000000000000000000000000000000033
:10EDE00000000000000000000000000000000A0A0F
:10EDF0000A0A0F0F000000000000000000000000E1
:10EE000000000000000C555500FF040FEF0F00003C
:10EE10000000000000000000553C5C3C000AAA0A0B
:10EE200000000000000000000000000000000000E2
:10EE300000000000000000000000000000000000D2
:10EE400000000000000000000000000000000000C2
:10EE500000000000000000000000000000000000B2
:10EE60000000000000000000000000007D7DFFFFAA
:10EE700082C3C3C300FF00CF00000000CCCC0F0F43
:10EE800002018040208008023C35353500FFC3C3B5
:10EE9000000000000000C3C396965554555000FE74
:10EEA0000040000000000000000000000000000022
:10EEB0000000000000000000000000000000000052
:10EEC0000000000000000000000000000000000042
:10EED0000000000000000000000000000000000032
:10EEE0000000000000000000000000000000FFFF24
:10EEF000FF82820000000030000000000000CCCC47
:10EF0000F0F008042010104004013C3A3A3AFF00A7
:10EF10003C3C0000000000003C3C969601000500CF
:10EF200000FA005000000000000000000000000097
:10EF300000000000000000000000000000000000D1
:10EF400000000000000000000000000000000000C1
:10EF500000000000008600E000B08005A09E506424
:10EF6000A390A0050086006000B004000086006C3D
:10EF7000039000100086007C03B000000086008033
:10EF8000038000A0A08250ACA3B000050886007CDE
:10EF900000B000A00000A08650ECA39000A5008661
:10EFA000007C00B0000000000000000000000086AF
:10EFB000006003B00000000000000000000000003E
:10EFC0000000000000000000000000000000000041
:10EFD0000000000000000000000000000000000031
:10EFE00000008282A0F50000000000000000000088
:10EFF00000005D55FFF70000000000000000003C2D
:10F0000000F0F0F028AAC0C0C3C31FF4FFFF000047
:10F0100000002010080400000000000000FF0000B5
:10F0200000000000200810040000000000000000A4
:10F0300000000000000000000000000000000000D0
:10F0400000000000000000000000000000000000C0
:10F0500000000000000000000000000000000000B0
:10F0600000000000000000FF0000000000000000A1
:10F07000000000000800FFF7000000000000000092
:10F08000003C00F00F0F0082C0C000000BE0000049
:10F09000000000008040020100000000000000FFAE
:10F0A000000000000000800240010000000000009D
:10F0B0000000000000000000000000000000000050
:10F0C0000000000000000000000000000000000040
:10F0D0000000000000000000000000000000000030
:10F0E0000000000000000000000000000000000020
:10F0F0000000000000000000000000000000000010
:10F1000000000A0A0F00505F0000000000002D8779
:10F110000F0F000000005A5AF0F00000000000003D
:10F120004D8E0F0F000000000000000000000000E6
:10F1300000000000000000000000000000000000CF
:10F1400000000000000000000000000000000000BF
:10F1500000000000000000000000000000000000AF
:10F16000000000000000000000000000000000009F
:10F17000000000000000000000000000000000008F
:10F18000000000000A0A0F00505F000000000000AD
:10F190003CC30F0F000000005A5A0F0F0000000080
:10F1A000000055AA0F0F0000000000000000000042
:10F1B000000000000000000000000000000000004F
:10F1C000000000000000000000000000000000003F
:10F1D000000000000000000000000000000004002B
:10F1E000000000000000000000000000000000001F
:10F1F00000000400000000000000000021000400E6
:10F2000000000000000020000000000000000000DE
:10F2100000000400000000000000000000000000EA
:10F2200004000000000000000000000000000000DA
:10F2300000000000000000000000000000000000CE
:10F2400000000000000000000000000000000000BE
:10F2500000000000000000000000000000000000AE
:10F26000000000000000000000000000000000009E
:10F27000000000000000000000000000000000008E
:10F28000000000000000000000000000000000007E
:10F29000000000000000000000000000000000006E
:10F2A000000000000000000000000000000000005E
:10F2B000000000000000000000000000000000004E
:10F2C000000000000000000000000000000000003E
:10F2D000000000000000000000000000000000002E
:10F2E000000000000000000000000000000000001E
:10F2F000000000000000000000000000000000000E
:10F3000000000000000000000000000000000000FD
:10F3100000000000000000000000000000000000ED
:10F3200000000000000000000000000000000000DD
:10F3300000000000000000000000000000000000CD
:10F3400000000000000000000000000000000000BD
:10F3500000000000000000000000000000000000AD
:10F36000000000000000000000000000000000009D
:10F370000000000000020002000000000000000089
:10F38000000000000000000000000000000000007D
:10F39000000000000000000000000000000000006D
:10F3A0000000000800000000000000000000000055
:10F3B000000000000000000000000000000000004D
:10F3C000000000000000000000000000000000003D
:10F3D000000000000000000000000000000000002D
:10F3E000000000000000000000000000000000001D
:10F3F00000000000000000000000410000000000CC
:10F4000000000000000000000000000000000000FC
:10F4100000000000000000000000000000000000EC
:10F42000000000000000000000000000008200005A
:10F4300000000000000000000000000000000000CC
:10F44000000000004100000000000000000000007B
:10F4500000000000000000000000000000000000AC
:10F46000000000000000000000000000000000009C
:10F47000000000000000000000000000000000008C
:10F4800000000000000000000000000000008400F8
:10F49000000000000000000000000000000000006C
:10F4A000000800000003C000000000000000000091
:10F4B000000010000000000000000000000000003C
:10F4C000000000000000000000000000000000003C
:10F4D000000000000000000000000000000000002C
:10F4E00000000000000000000000000000002000FC
:10F4F00000001100008800000088000000000000EB
:10F5000000000000000000000000000000000000FB
:10F5100000000000000000002000000000000000CB
:10F5200000000000000000000000000000000000DB
:10F53000000000000000000040000000000000008B
:10F5400000000000000003000000000000000000B8
:10F5500000000000000000000000000000000000AB
:10F56000000000000000000000000000000000009B
:10F57000000000000000000000000000000000008B
:10F58000000000000000000000000000000000007B
:10F59000000000000000000000000000000000006B
:10F5A000000000000000000000000000000000005B
:10F5B000000000000000000000000000000000004B
:10F5C000000000000000000000000000000000003B
:10F5D000000000000000000000000000000000002B
:10F5E000000000000000000000000000000000001B
:10F5F000000000000000000000000000000000000B
:10F6000000000000000000000000000000000000FA
:10F6100000000000000000000000000000000000EA
:10F6200000000000000000000000000000000000DA
:10F6300000000000000000000000000000000000CA
:10F6400000000000100000000000000000000000AA
:10F6500000000000000000000000000000000000AA
:10F66000000000000000000000000000000000009A
:10F670000000000000000000000000000020000367
:10F680000000000000000000C000000000000010AA
:10F69000000000000000002100080003000000003E
:10F6A00000000021000502210000000300001000FE
:10F6B0000000000000000003000000000000000047
:10F6C000000000000000000000000000000000003A
:10F6D000000000000000000000000000000000002A
:10F6E000000000000000000000000000000000001A
:10F6F00000000000000000200000000000000000EA
:10F7000000000000000000000000000000000000F9
:10F7100004000000000000000000000000000000E5
:10F720000020000000000000000000000088000031
:10F7300000200000000000000000000000000000A9
:10F7400000000000000000000000000000000000B9
:10F750000000000010000000000000000000000099
:10F760000000000000000000000000000000000099
:10F770000000000000000000000000000000000089
:10F780000000000000000000000000000000000079
:10F790000000000000000000000000000000000069
:10F7A0000000000000000000000000000000000059
:10F7B0000000000000000000000000000000000049
:10F7C0000000000000000000000000000000000039
:10F7D0000000000000000000000000000000000029
:10F7E0000000000000000000000000000000000019
:10F7F0000000000000000000000000000000000009
:10F8000000000000000000000000000000000000F8
:10F8100000000000000000000000000000000000E8
:10F8200000000000000000000000000000000000D8
:10F8300000000000000000000000000000000000C8
:10F8400000000000000000000000000000000000B8
:10F8500000000000000000000000000000000000A8
:10F860000000020000000000000000000000000096
:10F870000000000000000000000000000000000088
:10F880000000000000000000000000000000000078
:10F890000000000000000000000000000000000068
:10F8A0000000000000000000000000000000000058
:10F8B0000000000000000000000000000000000048
:10F8C0000000000000000000000000000000000038
:10F8D0000000000000000000000000000000000028
:10F8E0000000000000000000000000000000000018
:10F8F0000000000000000000000000000000000008
:10F9000000000000000000000000000000000000F7
:10F9100000000000000000000000000000000000E7
:10F9200000000000000000000000000000000000D7
:10F9300000000000000000000000000000000000C7
:10F9400000000000000000000000000000000000B7
:10F9500000000000000000000000000000000000A7
:10F960000000000001000000000000C000000000D6
:10F970000000000000000000000000000000000087
:10F980000000000000000000000000000000000077
:10F990000000000000000000000000000000000067
:10F9A0000000000000000000000000000000000057
:10F9B0000000000000000000000000000000000047
:10F9C0000000000000000000000000000000000037
:10F9D0000000000000000000000000000000000027
:10F9E0000000000000002000000000000080000077
:10F9F0000000000000000000000000000000000007
:10FA000000000000000000000000000000000000F6
:10FA100000000000000000000000000000000000E6
:10FA200000000000000000000000000000000000D6
:10FA300000000000000000000000000000000000C6
:10FA400000000000000000000000000000000000B6
:10FA500000000000000000000000000000000000A6
:10FA60000000000000000000000000000000000096
:10FA70000000000000000000000000000000000086
:10FA80000000000000000000000000000000000076
:10FA90000000000000000000000000000000000066
:10FAA0000000000000000000000000000000000056
:10FAB0000000000000000000000000000000000046
:10FAC0000000000000000000000000000000000036
:10FAD0000000000000000000000000000000000026
:10FAE0000000000000000000000000000000000016
:10FAF0000000000000000000000000000000000006
:10FB000000000000000000000000000000000000F5
:10FB100000000000000000000000000000000000E5
:10FB200000000000000000000000000000000000D5
:10FB300000000000000000000000000000000000C5
:10FB400000000000000000000000000000000000B5
:10FB500000000000000000000000000000000000A5
:10FB60000000000000000000000000000000000095
:10FB70000000000000000000000000000000000085
:10FB80000000000000000000000000000000000075
:10FB90000000000000000000000000000000000065
:10FBA0000000000000000000000000000000000055
:10FBB0000000000000000000000000000000000045
:10FBC0000000000000000000000000000000000035
:10FBD0000000000000000000000000000000000025
:10FBE0000000000000000000000000000000000015
:10FBF0000000000000000000000000000000000005
:10FC000000000000000000000000000000000000F4
:10FC100000000000000000000000000000000000E4
:10FC200000000000000000000000000000000000D4
:10FC300000000000000000000000000000000000C4
:10FC400000000000000000000000000000000000B4
:10FC500000000000000000000000000000000000A4
:10FC60000000000000000000000000000000000094
:10FC70000000000000000000000000000000000084
:10FC80000000000000000000000000000000000074
:10FC90000000000000000000000000000000000064
:10FCA0000000000000000000000000000000000054
:10FCB0000000000000000000000000000000000044
:10FCC0000000000000000000000000000000000034
:10FCD0000000000000000000000000000000000024
:10FCE0000000000000000000000000000000000014
:10FCF0000000000000000000000000000000000004
:10FD000000000000000000000000000000000000F3
:10FD100000000000000000000000000000000000E3
:10FD200000000000000000000000000000000000D3
:10FD300000000000000000000000000000000000C3
:10FD400000000000000000000000000000000000B3
:10FD500000000000000000000000000000000000A3
:10FD60000000000000000000000000000000000093
:10FD70000000000000000000000000000000000083
:10FD80000000000000100000000000000000000063
:10FD90000000000000000000000000000000000063
:10FDA0000000000000000000000000000000000053
:10FDB0000000000000000000000000000000000043
:10FDC0000000000000000000000000000000000033
:10FDD0000000000000000000000000000000000023
:10FDE0000000000000000000000000000000000013
:10FDF0000000000000000000000000000000000003
:10FE000000000000000000000000000000000000F2
:10FE100000000000000000000000000000000000E2
:10FE200000000000000000000000000000000000D2
:10FE300000000000000000000000000000000000C2
:10FE400000000000000000000000000000000000B2
:10FE500000000000000000000000000000000000A2
:10FE60000000000000000000000000000000000092
:10FE70000000000000000000000000000000000082
:10FE80000000000000000000000000000000000072
:10FE90000000000000000000000000000000000062
:10FEA0000000000000000000000000000000000052
:10FEB0000000000000000000000000000000000042
:10FEC0000000000000000000000000000000000032
:10FED0000000000000000000000000000000000022
:10FEE0000000000000000000000000000000000012
:10FEF0000000000000000000000000000000000002
:10FF000000000000000000000000000000000000F1
:10FF100000000000000000000000000000000000E1
:10FF200000000000000000000000000000000000D1
:10FF300000000000000000000000000000000000C1
:10FF400000000000000000000000000000000000B1
:10FF500000000000000000000000000000000000A1
:10FF60000000000000000000000000000000000091
:10FF70000000000000000000000000000000000081
:10FF80000000000000000000000000000000000071
:10FF90000000000000000000000000000000000061
:10FFA0000000000000000000000000000000000051
:10FFB0000000000000000000000000000000000041
:10FFC0000000000000000000000000000000000031
:10FFD0000000000000000000000000000000000021
:10FFE0000000000000000000000000000000000011
:10FFF0000000000000000000000000000000000001
:020000040001F9
:1000000000200000010000000000000000000000CF
:1000100000000000000000000000000000000000E0
:1000200000000000000000000000000000000000D0
:1000300000000000000000000000000000000000C0
:1000400000000000000000000000000000000000B0
:1000500000000000000000000000000000000000A0
:100060000000000000000000000000000000000090
:100070000000000000000000000000000000000080
:10008000004000000000020000000000000000002E
:100090000000000000000000000000000000000060
:1000A0000000000000000000000000000000000050
:1000B0000000000000000000000000000000000040
:1000C0000000000000000000000000000000000030
:1000D0000000000000000000000000000000000020
:1000E0000000000000000000000000000000000010
:1000F0000000000000000000000000000000000000
:1001000000000000000009000000000000000000E6
:1001100000000000000000000000FFFFFFFFFFFFE5
:10012000FFFFFFFFFFFFFFFFFFFFFFFFFFFFFFFFDF
:10013000FFFFFFFFFFFFFFFFFFFFFFFFFFFFFFFFCF
:10014000FFFFFFFFFFFFFFFFFFFFFFFFFFFFFFFFBF
:10015000FFFFFFFFFFFFFFFFFFFFFFFFFFFFFFFFAF
:10016000FFFFFFFFFFFFFFFFFFFFFFFFFFFFFFFF9F
:10017000FFFFFFFFFFFFFFFFFFFFFFFFFFFFFFFF8F
:10018000FFFFFFFFFFFFFFFFFFFFFFFFFFFFFFFF7F
:10019000FFFFFFFFFFFFFFFFFFFFFFFFFFFFFFFF6F
:1001A000FFFFFFFFFFFFFFFFFFFFFFFFFFFFFFFF5F
:1001B000FFFFFFFFFFFFFFFFFFFFFFFFFFFFFFFF4F
:1001C000FFFFFFFFFFFFFFFFFFFFFFFFFFFFFFFF3F
:1001D000FFFFFFFFFFFFFFFFFFFFFFFFFFFFFFFF2F
:1001E000FFFFFFFFFFFFFFFFFFFFFFFFFFFFFFFF1F
:1001F000FFFFFFFFFFFFFFFFFFFFFFFFFFFFFFFF0F
:10020000FFFFFFFFFFFFFFFFFFFFFFFFFFFFFFFFFE
:10021000FFFFFFFFFFFFFFFFFFFFFFFFFFFF0000EC
:1002200000000000000000000000000000000000CE
:1002300000000000000000000000000000000000BE
:1002400000000000000000000000000000000000AE
:10025000000000000000000000000000000000009E
:10026000000000000000000000000000000000008E
:10027000000000000000000000000000000000007E
:10028000000000000000000000000000000000006E
:10029000000000000000000000000000000000005E
:1002A000000000000000000000000000000000004E
:1002B000000000000000000000000000000000003E
:1002C000000000000000000000000000000000002E
:1002D000000000000000000000000000000000001E
:1002E000000000400000004100000000000000008D
:1002F00000000000000000000000000000000000FE
:1003000000000000000000000000000000000000ED
:1003100000000000000000000000000000000000DD
:1003200000000000000000000000000000000000CD
:1003300000000000000000000000000000000000BD
:1003400000000000000000000000000000000000AD
:10035000000000000000000000000000000000009D
:10036000000000000000000000000000000000008D
:10037000000000000000000000000000000000007D
:10038000000000000000000000000000000000006D
:10039000000000000000000000000000000000005D
:1003A000000000000000000000000000000000004D
:1003B000000000000000000000000000000000003D
:1003C000000000000000000000000000000000002D
:1003D0000000000000000000000000160000000007
:1003E000000000000000000000000000000000000D
:1003F000311C0000000000000000000000000000B0
:1004000000000000000000000000000000000000EC
:1004100000000000000000000000000000000000DC
:1004200000000000000000000000000000000000CC
:1004300000000000000000000000000000000000BC
:1004400000000000000000000000000000000000AC
:10045000000000000000000000000000000000009C
:10046000000000000000000000000000000000008C
:10047000000000000000000000000000000000007C
:10048000000000000000000000000000000000006C
:10049000000000000000000000000000000000005C
:1004A000000000000200000000000000000000004A
:1004B000000000000000000000000000000000003C
:1004C000000000000000000000000000000000002C
:1004D000000000000000000000000000000000001C
:1004E000000000000000000000000000000000000C
:1004F00000000000000000000000000000000000FC
:1005000000000000000000000000000000000000EB
:1005100000000000000000000000000000000000DB
:1005200000000000000000000000000000000000CB
:1005300000000000000000000000000000000000BB
:1005400000000000000000000000000000000000AB
:100550000000000000000000008800000000000013
:10056000000000000000000000000000000000008B
:10057000000000000000000000000000000000007B
:100580000000000000000000000008000000000063
:10059000000000000000000000000000000000005B
:1005A0000000021000000000000000000000000039
:1005B00000000000000000200000002000000000FB
:1005C000000000000000000000000000000000002B
:1005D00000000000000000410000000000000000DA
:1005E000000000000000000000000000000000000B
:1005F00000000000000000000000000000000000FB
:1006000000000000000000000000000001000000E9
:1006100000000000000000000000000000000000DA
:100620000000000001800000000000000000000049
:1006300000000000000000000000000000001100A9
:1006400000000000000000000000000000000000AA
:10065000000000000090000000000000000000000A
:100660000000000000001100000000000000000079
:10067000000000000000000000000000000000007A
:10068000000000000000000000000000000000006A
:10069000000000000000000000000000000000005A
:1006A000000000000000000000000040000000000A
:1006B000000000000000000000000000000000003A
:1006C000000000000000000000000000000000002A
:1006D000000000000000000000000000000000001A
:1006E000000000000000000000000000000000000A
:1006F00000000000000000000000000000000000FA
:1007000000000000000000000000000000000000E9
:1007100000000000000000000000000000000000D9
:1007200000000000000000000000000000000000C9
:1007300000000000000000000000000000000000B9
:1007400000000000000000000000000000000000A9
:100750000000000000000000000000000000000099
:100760000000000000000000000000000000000089
:100770000000000000000000000000000000000079
:100780000000000000000000000000000000000069
:100790000000000100000000000000000000000058
:1007A0000000000000000000000000000000000049
:1007B0000000000000000000000000000000000039
:1007C00000000000000000000000000500000041E3
:1007D00000410000000000000000000000000000D8
:1007E0000000000000000000000000000000000009
:1007F00000000000000000000000000000000000F9
:1008000000000000000000000000000000000000E8
:100810000000000000400000000000000000000098
:1008200000050000000000000000000000000000C3
:1008300000000000000000000000000000000000B8
:100840000000000000000000000000000000004068
:100850000000004000000088009000000000000040
:100860000000000000000000000000000000000088
:100870000000000000000000000000000000000078
:100880000000000000000000000000000000000068
:100890000000000000000000000000000000000058
:1008A0000000000000000000000000000000000048
:1008B0000000000000000000000000000000000038
:1008C0000000000000000000000000000000000028
:1008D0000000000000000000000000000000000018
:1008E0000000000000000000000000000000000008
:1008F00000000000000000000000000000000000F8
:1009000000000000000000000000000000000000E7
:1009100000000000000000000000000000000000D7
:1009200000000000000000000000000000000000C7
:1009300000000000000000000000000000000000B7
:1009400000000000000000000000000000000000A7
:100950000000000000000000000000000000000097
:100960000000000000000000000000000000000087
:100970000000000000000000000000000000000077
:100980000000000000000000000000000000000067
:100990000000000000000000000000000000000057
:1009A0000000000000000000000000000000000047
:1009B0000000000000000000000000000000000037
:1009C00000000000000000100000000000000041D6
:1009D00000000041000000000000000000000000D6
:1009E0000000000000000000000000000000000007
:1009F00000000000000000000000000000000000F7
:100A000000000000000000000000000000000000E6
:100A100000000000000000000000000000200000B6
:100A200000000000000000000010000000000000B6
:100A300000000000000000000000000000000000B6
:100A400000000000000000000000000000000000A6
:100A50000000000000000000000000000000000096
:100A60000000000000000000000000000000000086
:100A70000000000000000000000000000000000076
:100A80000000000000000000000000000000000066
:100A90000000000000000000000000000000000056
:100AA0000000000000000000000000000000000046
:100AB0000000000000000000000000000000000036
:100AC0000000000000000000000000000000000026
:100AD0000000000000000000000000000000000016
:100AE0000000000000000000000000000000000006
:100AF00000000000000000000000000000000000F6
:100B000000000000000000000000000000000000E5
:100B100000000000000000000000000000000000D5
:100B200000000000000000000000000000000000C5
:100B300000000000000000000000000000000000B5
:100B400000000000000000000000000000000000A5
:100B50000000000000000000000000000000000095
:100B60000000000000000000000000000000000085
:100B70000000000000000000000000000000000075
:100B80000000000000000000000000000000000065
:100B90000000000000000000000000000000000055
:100BA0000000000000000000000000000000000045
:100BB0000000000000000000000000000000000035
:100BC0000000000000000000000000000000000025
:100BD0000000000000000000000000000000000015
:100BE0000000000000000000000000000000000005
:100BF00000000000000000000000000000000000F5
:100C000000000000000000000000000000000000E4
:100C100000000000000000000000000000000000D4
:100C200000000000000000000000000000000000C4
:100C300000000000000000000000000000000000B4
:100C400000000000000000000000000000000000A4
:100C50000000000000000000000000000000000094
:100C60000000000000000000000000000000000084
:100C70000000000000000000000000000000000074
:100C80000000000000000000000000000000000064
:100C90000000000000000000000000000000000054
:100CA0000000000000000000000000000000000044
:100CB0000000000000000000000000000000000034
:100CC0000000000000000000000000000000000024
:100CD0000000000000000000000000000000000014
:100CE0000000000000000000000000000000000004
:100CF00000000000000000000000000000000000F4
:100D000000000000000000000000000000000000E3
:100D100000000000000000000000000000000000D3
:100D200000000000000000000000000000000000C3
:100D300000000000000000000000000000000000B3
:100D400000000000000000000000000000000000A3
:100D50000000000000000000000000000000000093
:100D60000000000000000000000000000000000083
:100D70000000000000000000000000000000000073
:100D80000000000000000000000000000000000063
:100D90000000000000000000000000000000000053
:100DA0000000000000000000000000000000000043
:100DB0000000000000000000000000000000000033
:100DC0000000000000000000000000000000000023
:100DD0000000000000000000000000000000000013
:100DE0000000000000000000000000000000000003
:100DF00000000000000000000000000000000000F3
:100E000000000000000000000000000000000000E2
:100E100000000000000000000000000000000000D2
:100E200000000000000000000000000000000000C2
:100E300000000000000000000000000000000000B2
:100E400000000000000000000000000000000000A2
:100E50000000000000000000000000000000000092
:100E60000000000000000000000000000000000082
:100E70000000000000000000000000000000000072
:100E80000000000000000000000000000000000062
:100E90000000000000000000000000000000000052
:100EA0000000000000000000000000000000000042
:100EB0000000000000000000000000000000000032
:100EC0000000000000000000000000000000000022
:100ED0000000000000000000000000000000000012
:100EE0000000000000000000000000000000000002
:100EF00000000000000000000000000000000000F2
:100F000000000000000000000000000000000000E1
:100F100000000000000000000000000000000000D1
:100F200000000000000000000000000000000000C1
:100F300000000000000000000000000000000000B1
:100F400000000000000000000000000000000000A1
:100F50000000000000000000000000000000000091
:100F60000000000000000000000000000000000081
:100F70000000000000000000000000000000000071
:100F80000000000000000000000000000000000061
:100F90000000000000000000000000000000000051
:100FA0000000000000000000000000000000000041
:100FB0000000000000000000000000000000000031
:100FC0000000000000000000000000000000000021
:100FD0000000000000000000000000000000000011
:100FE0000000000000000000000000000000000001
:100FF00000000000000000000000000000000000F1
:1010000000000000000000000000000000000000E0
:1010100000000000000000000000000000000000D0
:101020000000000000000000000000000000400080
:1010300000000000000200000000000000000000AE
:10104000000000000000400000000000000200005E
:101050000000000000000000000000000000000090
:101060000000000000000000000000000000000080
:101070000000000000000000000000000000000070
:101080000000000000000000000000000000000060
:101090000000000000000000000000000000000050
:1010A0000000000000000000000000000000000040
:1010B0000000000000000000000000000000000030
:1010C0000000000000000000000000000000000020
:1010D0000000000000000000000000000000000010
:1010E0000000000000000000000000000000000000
:1010F00000000000000000000000000000000000F0
:1011000000000000000000000000000000000000DF
:1011100000000000000000000000000000000000CF
:1011200000000000000000000000000000000000BF
:1011300000000000000000000000000000000000AF
:10114000000000000000000000000000000000009F
:10115000000000000000000000000000000000008F
:10116000000000000000000000000000000000007F
:10117000000000000000000000000000000000006F
:10118000000000000000000000000000000000005F
:10119000000000000000000000000000000000004F
:1011A000000000000000000000000000000000003F
:1011B000000000000000000000000000000000002F
:1011C000000000000000000000000000000000001F
:1011D000000000000000000000000000000000000F
:1011E00000000000000000000000000000000000FF
:1011F00000000000000000000000000000000000EF
:1012000000000000000000000000000000000000DE
:1012100000000000000000000000000000000000CE
:1012200000000000000000000000000000000000BE
:1012300000000000000000000000000000000000AE
:10124000000000000000000000000000000000009E
:10125000000000000000000000000000000000008E
:10126000000000000000000000000000000000007E
:10127000000000000000000000000000000000006E
:10128000000000000000000000000000000000005E
:10129000000000000000000000000000000000004E
:1012A000000000000000000000000000000000003E
:1012B000000000000000000000000000000000002E
:1012C000000000000000000000000000000000001E
:1012D000000000000000000000000000000000000E
:1012E00000000000000000000000000000000000FE
:1012F00000000000000000000000000000000000EE
:1013000000000000000000000000000000000000DD
:1013100000000000000000000000000000000000CD
:1013200000000000000000000000000000000000BD
:10133000000000000000000000000000009000001D
:10134000000000000000000000000000000000009D
:1013500000000000009000000000000000000000FD
:10136000000000000000000000000000000000007D
:10137000000000000000000000000000000000006D
:10138000000000000000000000000000000000005D
:10139000000000000000000000000000000000004D
:1013A000000000000000000011000000000000002C
:1013B0000200000000000000020000000000000029
:1013C00000000000000000000400000000004000D9
:1013D0000000000000000000040002000000000007
:1013E00011000000000000000000000000000000EC
:1013F00000000000000000000000000000000000ED
:1014000000000000000000000000000000000000DC
:1014100000000000000000000000000000000000CC
:101420000000000000C000000000000000000000FC
:1014300000000000000000000000000000000000AC
:10144000000000000000000000000000000000009C
:10145000010000000000000000000000000000008B
:10146000000000000000000000000000000080C13B
:10147000A0002001C0034001040080010021000001
:101480000001000000010000110000002000000029
:10149000000000000000000000000000000000004C
:1014A00000000000004000000000000000000000FC
:1014B000000000000000000000000000000100002B
:1014C00000008001000000008020000180208001D9
:1014D0008000800000008000000000000800000084
:1014E000000000000000000000000000002000419B
:1014F00040024120010421840102014120040084B2
:1015000000000004002000040000000000000100B2
:1015100000000000000000000000000000000000CB
:1015200000000000000000800000000000400040BB
:10153000000000000000000000000000000000208B
:101540000000000040040000000040C00020408077
:1015500040204000040000000800000000000000DF
:10156000000000000000000000000000000000007B
:101570000002000000020000000000000000000067
:101580000000000000A00084000200010010000321
:101590000088000000040004000200040041000074
:1015A000000000000010000000000000000000002B
:1015B000000000000020000000000000000000000B
:1015C000000000000090009000000400000000A057
:1015D00000A000000010001000200020000000000B
:1015E0000000008400A000000000000000000000D7
:1015F000000000000000008000000000000000006B
:1016000000000000000000000000000000040000D6
:1016100000040000000000800080000000800084C2
:1016200000000000000000000000000000000000BA
:10163000000000000000008000000000000000002A
:101640000000000000000000000000000100000099
:10165000000000000000008000800080008000008A
:10166000000000000000000000000000000000007A
:1016700000000000000008000001210000008000C0
:101680004000000000040000000083000000000093
:1016900000000000800000000000000000000000CA
:1016A00000000304000000048304000400040000A0
:1016B00000000000410000010000000000000000E8
:1016C00040004000400040824001000040004000D7
:1016D0000000800010A0000000210010100208008F
:1016E0004084400040004000400080004000410035
:1016F00000000000000000000000000400000000E6
:10170000022101008205A080000000054000004188
:101710000000C00000000400000000050000000000
:101720000000000000800000008508A1008000A1EA
:101730000000000000000041002000000000000048
:101740000000010001000100010009040000010087
:101750000100000040000000000000A00080908018
:101760000100010001000100010001004010010022
:101770000000000000001000000000000400210034
:101780000900000400A00004218800C0009000C0EF
:10179000000280C000040003000440042000000098
:1017A000020421000800030004400000008805C076
:1017B0008002000000000020020000000000008401
:1017C0000500099000000000044000000000000037
:1017D00000200000410041001000410000400000D6
:1017E00000000000000000000000000021000000D8
:1017F00021000000000000000100000000000000C7
:1018000000000000000000000000200000000000B8
:10181000000000002005008000040000008001009E
:101820000000008000000100000001000000000036
:101830000000200000000000008000000000000008
:101840000000000000000000000000000000000098
:101850000000008000000000000000000000000008
:101860000000000000000000000000000000000078
:101870000000000000000000000010000000080050
:1018800000002100000000C000008000008400C0B3
:1018900000C000C100C0000000C00010000000C077
:1018A000008400000000800002400300800000006F
:1018B0000000000080000000000000104100001047
:1018C00000840084000000000000000041000000CF
:1018D0000084000000000000000000004110001023
:1018E0000085002000118001000000004110000070
:1018F00000000000000080840000000001000000E3
:1019000000000000000000000000000002000000D5
:1019100000000000000800000000000000000000BF
:1019200000000000C00000002000018000102041E5
:101930000000000084000200000000100000C00051
:101940000000000200058400000000000000C0004C
:101950000000000082008400000000000000100071
:1019600000000010008000A0040200000010C00071
:101970000000000000008400401000000000000093
:1019800000000203404000200340890320030908AF
:1019900010088805110400024109000300099000A5
:1019A000000000030008000000000003850900118A
:1019B0000000000380090211000000000000000088
:1019C0000300000000800000800000800003000889
:1019D0000000000000030040000040000003000081
:1019E00080110000008380008000001000030000D0
:1019F00000000010000300040000000000000000D0
:101A000000000000050100010001910002C1C04179
:101A1000C00941881001000100000100000190018F
:101A20000800000000010001000000000001910119
:101A300000000000C0019001010000000000000053
:101A4000000009000000008800C010040010000120
:101A50000000C0000000880100001000000000012C
:101A60000000A00000000083C00002A000080001E8
:101A70000000000000010001000000000000000064
:101A80000000000000000100018801100100830136
:101A90000511110989050000001001000000010076
:101AA00001000000010100000188010001010001A6
:101AB000010000100189000000000000010000008A
:101AC0000001000000000000000000000000000015
:101AD000890010008800090000000001009001004A
:101AE0000090000001100100C0001004030083C03A
:101AF00000000040000001000000000000000100A4
:101B000000000000000000001000401120890303C5
:101B1000082008418303030302001180051111000E
:101B20001000410000000309000008002100030923
:101B300000024100008003092100000000000311A1
:101B40000000000300000000000000000000000092
:101B500000001000800080008300000000040000EE
:101B600003000000000008800304000000001000D3
:101B70008302000008000000030000004000000095
:101B80000300000000000000000003100004082013
:101B90000803902180048383830302080004082142
:101BA0000340101000800009000300080000000935
:101BB0004003000000020991808300000002091127
:101BC0000083008000000000008080800000000092
:101BD0000000000000000040000000038000000042
:101BE00000000003001120000000000300000011AD
:101BF000000000830000004000000003000000001F
:101C0000004000030000000000000000C1010001CE
:101C10000101880182A00809108583058800000160
:101C2000000109000109000800090001000100008D
:101C300000010101000400C101A08883000000C16F
:101C400001C0008300800088009000088808000020
:101C50004000000000000000000000000001020041
:101C600000000000900100000000000040010002A0
:101C7000C084820800830000000000000001000012
:101C8000000000000001000000000000000001C092
:101C900001880141000085880911A120041100106C
:101CA00001040101000001880140000000000188DA
:101CB00001900000000089088482C00008000188AB
:101CC00001A0000000000080900010888800100033
:101CD000000200000000000000000010000000C032
:101CE00001000004000000000100000000000000EE
:101CF00083108400080008080100000000000000B4
:101D000001000000000000000000000000000000D2
:101D1000030004112021112083110341044009888C
:101D20000880020210030900108004000000000077
:101D3000038004000000000003000080111109006E
:101D40000380040011111100008000008080000059
:101D50008000000000000000000000000080400043
:101D600000800300000040080000030000000000A5
:101D70000800830000000000008003000000000055
:101D80000000030000000800000000000000000048
:101D9000000000000000D00021840000000BD000F3
:101DA000424200000000D00000600000000BD000A4
:101DB000000000000000D00000000000000BD00078
:101DC00041000600000BD000000000000600000BE0
:101DD000000081848100000B000000000600000B61
:101DE000000000000000000BD00000000000000B0D
:101DF000000000000600000B0000000000000000D2
:101E000000000000000000000000000000000000D2
:101E100000000000000000000000000000000000C2
:101E2000000000002D2D6F09E724E724FF000000CB
:101E30003C000000FF0000003C0000000C0C000013
:101E40000F0000003F3000000F0000000000000005
:101E500000000000000000000000000000000F0F64
:101E60000F0F0F0F00000F0F0000FFFF00003C3CA2
:101E700000003C3C0000FFFF00000F0F0000FFFFD0
:101E800000000F0F00000F0F0000FF000000000017
:101E90000000000000000000000000000000000042
:101EA000000000000000242466000F0F0000FF0067
:101EB00000003C000000000000003C0000000C0C92
:101EC00000000F0000003F3000000F000000000085
:101ED0000000000000000000000000000000000002
:101EE0000F0F0F0F0F0F00000F0F0000000000007A
:101EF0003C3C00003C3C0000000000000F0F0000D4
:101F0000000000000F0F00000F0F0000FF00000096
:101F10000000000000000000C208040000108861FA
:101F2000C2080400001088610000000000000000EA
:101F300000000000000000000000000000000000A1
:101F40000000000000000000000000000000000091
:101F50000000000000000000000000000000000081
:101F60000000000000000000000000000000000071
:101F70000000000000000000000000000000000061
:101F80000000000000000000000000000000000051
:101F90000000000000000000000000000000000041
:101FA000000000000000000000003C043CFD002098
:101FB000DFFF000000FF000030300000006600007E
:101FC00000F0000000F00000F0F0000000F0000061
:101FD0003C3C000000000000000000000000000089
:101FE00000000000000000FF00003C3C000000FF7B
:101FF0000000FFFF0000F0F0000000FF00003C3C8C
:10200000000000FF00003C3C0000F0F0000000FF7A
:102010000000F0F0000000000000000000000000E0
:102020000000000000000000000000003C243CBD57
:1020300000F00FFF000000000000303000000066DC
:10204000000000F0000000F000000000000000F0C0
:102050000000000000000000000000000000000080
:10206000000000000000000000FF00003C3C0000F9
:1020700000FF000000000000F0F0000000FF000082
:102080003C3C000000FF00003C3C0000F0F0000081
:1020900000FF0000F0F0000000000000000005005C
:1020A000041000020010008600B000920010010031
:1020B000001000000000C0C6C0F030904903C041CD
:1020C000C01030004903C0C7C07030104903C0C7FA
:1020D000C070333043030000008600A0039000006E
:1020E000008600C003B0000002C601E003A449401E
:1020F000A2C751F000B4494002C701E000B4494012
:1021000002410180030449400241010000044940AA
:1021100002410100000449400000000000000000EE
:102120000000000000000000BC3C1C3C505F515D02
:1021300000000000000000000000000000FF00FFA1
:102140000000000000000000C300C3003000C0C059
:1021500000000000F0F050000000EAAA2AAA55553D
:1021600054570000000000000000000000000000C4
:10217000000000000000000000000000000000005F
:1021800000000F000C000F000C0000000000000019
:10219000000000000000000000000000000000003F
:1021A00000000000000000000000FF3C003C505F09
:1021B0005555000000000000000000000000004035
:1021C0000040000000000000000000E3002030009C
:1021D000000000000000500050000000EAAA2AAAF7
:1021E000555554570000000000000000000000009A
:1021F00000000000000000000000000000000000DF
:102200000000000000000C0000000C0000000000B6
:1022100000000000000000000000000000000000BE
:10222000000000000000000000000000FC3CE82866
:10223000003C5F5F000000000000000000000000A4
:10224000000000000000000000000000000000008E
:10225000000000000000000000000000000000007E
:10226000000000000000FF7F800000000000000070
:10227000000000FF10BF0000000000000000000090
:102280000000000000008282C0C00808000A0000B0
:10229000000000000000000000000000000000003E
:1022A0000000000000000000000000000000C0006E
:1022B000E828003C0A0A00000000000000000000BE
:1022C000000000000000000000000000000000000E
:1022D00000000000000000000000000000000000FE
:1022E0000000000000000000FF7F800000000000F0
:1022F0000000000000FF10BF000000000000000010
:102300000000000000000000000000000808000AB3
:1023100000000000000000000000000000000000BD
:10232000000000001100040004000400110000007F
:10233000000000000000000000000020000000205D
:102340000000000000000000000004000000000089
:102350000000000005000000000004000000000074
:10236000000000000000000000000001000000006C
:102370000000000005000000000000000000000058
:102380000000000040000400000000000200000007
:102390000000020080008000050000000400000032
:1023A000020000000000000000000000000000002B
:1023B000000000000000000000000000008000009D
:1023C000008000000000000000000000010000008C
:1023D00000000000000000000000000001000000FC
:1023E000000000C000000000000000000004000029
:1023F00000000000000000000000000000000000DD
:1024000000000000000001000100000000000000CA
:1024100008000000000004000400000000000100AB
:1024200000000000000000000000000000000001AB
:102430000000000100100000000000000000000487
:10244000000000010000000000000000800100000A
:1024500080000401000100010000000004000000F1
:10246000000000000000000000000000000000006C
:10247000000000000000000000000000000000005C
:102480000400800000008000400084010201000080
:1024900000000000000080000000040004000000B4
:1024A00000000000020000100011040000000010F5
:1024B00000400000001000000000000000000020AC
:1024C00000C0040000040021000004000400040215
:1024D00004000400010400020020002000000100AC
:1024E00000000000000000000000000000000000EC
:1024F00000000000000000000011000000100000BB
:102500000000010008000010080001004120010443
:102510000000000000000040080000000110010061
:1025200000000000000000408000000000000000EB
:10253000000000000000000080000000000000001B
:10254000000000000000000000900040000100A119
:1025500000000020002000040410000000200020E3
:1025600000000000000000040000008400048084DB
:102570000000000400030004000000040004000444
:10258000008400000091000300C0001000840020BF
:102590000040000000000002000080018020800058
:1025A0000002001000100082000040000000C00087
:1025B0000000000088000000841004050000820074
:1025C000000300000005000200020011008000204E
:1025D000002010200000002000000100000000800A
:1025E00000800020000000000010000000000080BB
:1025F0001000000000800082008000000080008049
:102600001080000000210010001020000080400019
:10261000008200800000000000000020041008007C
:10262000082000050040000000000000000000003D
:102630004100000000000200000000001000100136
:10264000100010001000100002001000008400C1F3
:1026500002011000410041001000000000000000D5
:102660000000000000000001040004000000000160
:1026700002401010001100000001410041010084DF
:102680000010808484018000002000018008080080
:102690008000000080848088808883908088C102C8
:1026A00090020002080200000002008405020000FF
:1026B0000000000000000000010000000000000019
:1026C0000004000000000000000000000000000006
:1026D00000040104000000000000000000000010E1
:1026E00000000000000000000004010001000000E4
:1026F00000200000010000040000000400000008A9
:102700000000C08002210504040010800010108029
:10271000010010008200020840004000400040001C
:10272000048004800080018082000080C00000805E
:10273000210000004100000000000200000008012C
:10274000800080A00400850000080400020800004A
:10275000210400001000028400201000002041002D
:102760000000000002000000000400A00000008241
:102770000000000040009001000000000300000085
:1027800010A1000000000004008409C00501000041
:1027900008400000080000880540002000200000DC
:1027A00000002100080000200000008205000088D1
:1027B00002000000000000000800000305210003E3
:1027C00001102005041001101021008000058985EA
:1027D000402102808400000005000000000000008D
:1027E0004000000000000110002100A020000000B7
:1027F0008410000000418800110800000041000022
:102800000000010800000041C0A1000000000020FD
:10281000000501800000000200210082000000008D
:102820000011000000000100000002000000000094
:102830000000000000000000000002000000000096
:102840000000080000000082410000200240418496
:1028500000021108412041200884410400001000BA
:10286000000000400000000000000900008400009B
:1028700000840010000000000084100800840000A4
:102880000002008800100000C1000084008404C021
:102890000500808482010082000000010004000025
:1028A000020000840000000010100001040080A05D
:1028B00000008090002000000000000000000000E8
:1028C0000000000001210000000000000080010065
:1028D00000000080000000800080000000800000F8
:1028E00000000000008000000000880000000000E0
:1028F0000000000500000000000000000180000052
:1029000000001080000000000041080000000000EE
:1029100001008400080003408200080000200080BD
:10292000000000008200080000000000001001000C
:10293000400000004000088000000000000000008F
:102940000000000000000000000000000000800007
:102950002105C009A0A04141000005009100000030
:1029600080000000800000001040000800101102EC
:102970000011000980100010000000910089809073
:10298000094009110940000300100840080991108E
:102990000040918020008800418080208040884055
:1029A0000009000300000000000000830400908084
:1029B00000100003000000110000000000000000F3
:1029C00000000000000000000000C00000008200C5
:1029D0008800019108404111010900002100C00058
:1029E00000000800080010000000010100001001B4
:1029F0000000000000010401000100000089000344
:102A000010850040000001010000000101010301E8
:102A1000C0010000918285A0080201900801820097
:102A20008301000100010000000000000083040495
:102A30004110001100890088088800C000000000D3
:102A4000000000000000000000000088009000006E
:102A500000880001400190C00988404000A10001A9
:102A60000240000901A0000001A00000011000893F
:102A7000C0100101000200C10002000000000000BF
:102A80000100010001000000000000000000410002
:102A90001040400009000100000001000101C000D9
:102AA00011080001830000000000000001008801FF
:102AB000A000C000830804008800A0008900000076
:102AC0000000000000000000000000000000000006
:102AD00000050000000304020980054041C00040D9
:102AE0000040008000A00800050005004100408073
:102AF000404108C00802000000C0000000080000BB
:102B00000000080005000900110008000803080083
:102B100010008400020009000900090021001011C2
:102B20000900208010028300000000004000030024
:102B300000100000800083000000030080000310EC
:102B40000000000000000000000000000000000085
:102B500000000500100000004088000800C041C0CF
:102B60000000040041800080004020800040000000
:102B70000311202002400302020002002000000096
:102B80000000000200082109401000080011002088
:102B9000030909020008100200840080000800896F
:102BA00000830200008009000200400000100000C5
:102BB00000030000002000000083000080900880D7
:102BC0008003000000000000000000000000000082
:102BD00000009000000001008800011108404084BE
:102BE0000040A04001880008A00800050140000541
:102BF000A0400000000100002000010000000000D3
:102C000004000000000100000900090100010000AB
:102C1000000101000001000101080082000400A081
:102C200000890083018200900088A010000000014C
:102C3000000000010000880800100083000088C127
:102C400008848891000000000000000082C0840019
:102C5000C000A0000000004000880000850140C0C6
:102C6000A101041040C088A01000880000000002EC
:102C7000000100000000010100000000010001400F
:102C800001000100000000000091000000000100B0
:102C9000009001000100010000C0010100888200D5
:102CA000A00802001000000000C0010001000000A8
:102CB0000000000000008304840010000000118563
:102CC0008488C00000880000000000000000800030
:102CD0000000000000000000000000800000C103B0
:102CE0000840102008800000000080000000000064
:102CF0000010000300002000200802020800090064
:102D00000200100010000000000000410008000058
:102D1000400011C01040100009090200101040804E
:102D20008000008000008000411104C04009400084
:102D300000000000080000008308004003000000BD
:102D400083820080800008800000000000000000F6
:102D500000000000000000000000000BD000008414
:102D60000000000BD00041000000000BD00000006C
:102D70001100000BD00000600000000B00000000FC
:102D80000A50000BD000000000000A50000BD000D9
:102D9000000000500000D00000880A50000BD00056
:102DA00000000A50000BD00000000A50000BD000B9
:102DB000068400000000000000000A00000B000074
:102DC00000000A00000B00000000000000000000EE
:102DD00000000000000000000000000000000000F3
:102DE0000000000FFF0F005CFF5C0000000000000F
:102DF000000000000000003C003CF50CF5FC5F5FAB
:102E0000303F0003FFFF0000000000000000000052
:102E1000F300000055555517555455570003FFFF53
:102E20005545557500000000555A0FF0000000048C
:102E300000000000F0F0F0F0FFFFF0F0FFFFF0F016
:102E4000FFFFF0F0FFFFC3C3FFFFF0F00000000042
:102E50000000000000000000000000000000000072
:102E60000000000014141414005C005C000000005A
:102E70000000000000000000003C003C050C05FCC8
:102E80005050303F0000FFFC000000000000000038
:102E90000000FC00000055555517555455570000CB
:102EA000FFFC5545557500000000000000000000C3
:102EB000000000000000F0F0F0F0FFFFF0F0FFFF76
:102EC000F0F0FFFFF0F0FFFFC3C3FFFFF0F00000E2
:102ED00000000000000000000000000000000000F2
:102EE000000000000000FFFFCBEBBC1CBE14000084
:102EF000000000000000000000007DFD2808FF3CED
:102F0000E8E8FFC33C00FFC03F00000000000000F5
:102F1000BF80FF00FAFF0A00EAAA2AAA0000000008
:102F2000FFC0FF00FCFFC000000000000C0000001C
:102F300000000000F0F0FFFF0000FFFF00FFFFFFB8
:102F4000C3C3FFFF5555FFFF0F0FFFFF0F0FFFFF1D
:102F50000000000000000000000000000000000071
:102F60000000000000000000341400003C3CBE14CF
:102F700000000000000000000000000055F5000007
:102F8000C300E8E8B2B2B2B2FF00FF0000000000E8
:102F90000000BF80FF00FFFF0000EAAA2AAA070F77
:102FA0000F0F3F00FF00FFFF0000000000000C00BB
:102FB0000000000000010000FFD7FFFFFFFF00FF3F
:102FC000FFFFC3C3FFFF5555FFFF0F0FFFFF0F0F9D
:102FD000FFFF00000000000800000086006000B055
:102FE0000000A08650F0A0B00005018600B000905F
:102FF0000000A08650F0A0B00005008600F003B8E5
:103000000000008600E000B30000008600FC03B072
:1030100000000000008600DC03B800000000001C77
:1030200000000080008600FC031000000080009C6F
:1030300003320000010600FC03A000A002400100D2
:1030400000044940024101800304494002C701A035
:103050000394494000000000000000000C3CF3C352
:10306000000000000000000000000000BAAA8AAAC8
:10307000303F383D00002000FFFFFFFF0000000050
:103080000C000CFF00000000000000000000000029
:103090000000000000000000000000000000000030
:1030A00000000000000000000000555500FFF00087
:1030B0003C000C090F0F0000000000001000000091
:1030C0000000000000000F000A0055000F00FF0084
:1030D000F0F00F0F00FF00000000000000000000F3
:1030E000F000000000000000000000000000FFAA47
:1030F00000AA303F3C3C000000000000001000002F
:103100000000000000FF00000000000000000000C0
:1031100000000000000000000000000000000000AF
:10312000000000000000000000000000000000009F
:10313000F0003C000C0C2F0F00000000000000000D
:10314000000000000000000000000A000000000075
:10315000FF00F0F00F0F00FF000000000000000073
:10316000000000000000000000000000000000005F
:10317000F5F5A0A03C3C0F5500000000FF00FF004B
:10318000000000000000000000000000FF00FF0041
:1031900000000000000000000000FF3FC000000031
:1031A0000000000000000000000000000000FFFE22
:1031B000FFFF3C00F00000000000000000000C0CCD
:1031C0003C3C00000000000000008200C000000342
:1031D00000C3AAAAAAAC355555550000000000004E
:1031E00000000000000000000000000000000000DF
:1031F00000003C003C0000000F5500000000FF00F4
:10320000FF00000000000000000000000000FF00C0
:10321000FF0000000000000000000000FFFF0000B1
:10322000000000000000000000000000000000009E
:10323000FFFFFFFF3C00F000000000000000000066
:103240000C0C000000000000000000008200C00024
:1032500000030000AAAAAAAA55555555000000006F
:103260000000040000000000000004000000000056
:10327000001000C00000004000000000000000003E
:10328000000000000000000000C00440000000003A
:103290000040002000000000000041880000000005
:1032A00000000000000000000000000004200000FA
:1032B00000000000000000002100210004000000C8
:1032C00002001100210000000000210002000000A7
:1032D00000000000000000000000000004000000EA
:1032E00000000000000000000000000000000000DE
:1032F00000000000000000000000000000000000CE
:1033000000000000000000000000000000000000BD
:10331000000000000000000000008200000000002B
:10332000000000008200000010000000000000000B
:10333000000000000000000000000000000000008D
:103340000000000000000800000000000000000075
:1033500000000000020000000000000000008200E9
:10336000000000000000000000000000000000005D
:1033700000000000000000C000000000000000008D
:103380000000000000000000000000000000040039
:10339000000000000000000000000000000000002D
:1033A000000000000000000000000000000000001D
:1033B000000000000000000000000000000000000D
:1033C0000000000000000000000000C0000000003D
:1033D00000000000000000000000000000000000ED
:1033E000008800000000200000080000000000002D
:1033F0000010000004000020001000000000000089
:10340000000000200000000000000000000000009C
:10341000004100000000004100100000000000001A
:103420000000000000000000000900000000000093
:10343000000000000008002100080040000000001B
:103440008200000000000041000000008200A00097
:10345000000000000000000000000000000000006C
:10346000000000000000000000000000000000005C
:1034700000000000000011000400000000000090A7
:103480000000000000000000040000000000000038
:10349000000010900000000000000000000000008C
:1034A00000000000000000C0000004000000000058
:1034B000000000000000000000000000000000000C
:1034C0000000040000000000009000000000000068
:1034D00004000000040000000000000000000000E4
:1034E00000000000000000000000000000000000DC
:1034F000000000000000840900000000000010002F
:103500000000000000000440004004100002000021
:10351000000000090000002000000000C0000003BF
:103520000021000000030000000000000002000075
:1035300000004002000340040002001100020000ED
:1035400000000000904000000000000400000000A7
:103550000800040000000000080000000010000047
:103560000008000800080000000000000000000043
:10357000000000000000000000000000000000004B
:10358000100000000000000000000000000010001B
:10359000000000000000000000000000000000002B
:1035A000000000000000110000000000000000000A
:1035B000000000C00000000000C00000008803827E
:1035C000002021900000009000000000004000005A
:1035D000000000000000009000400000001000C04B
:1035E00000000000000000000000001000002000AB
:1035F00000000000A0000000A0000000000000008B
:103600000400100020000000000000000000000086
:103610000000000000000000000000008810000012
:10362000000000000000000000000000000000009A
:103630000000000000000041000000000011000038
:10364000000000219009A00088110000081100006E
:10365000C00090000400040000001000040084007A
:10366000A00008040204020400000000000004009E
:103670000000000000000000090000000900000038
:10368000000000000000000000000000000000003A
:10369000000000000000000000000000000000002A
:1036A00020000000000000000000000000000000FA
:1036B00000000000000000000088000010820040B0
:1036C0000000009000020000000000000000000068
:1036D00000000000000000000000000000000000EA
:1036E00000000000000000000004000000000000D6
:1036F00000000000000000000003000000000000C7
:10370000000000000000101100030003000500008D
:103710000440040000110021000000001008000512
:103720000003001000000000000200000000000084
:103730000002041004000003000000418803C000E0
:103740000409000900009002844084000020000069
:1037500084000840A0009000000000000000000964
:10376000000000000000000800000020040000101D
:103770000000000000000000110000000000000038
:103780000000000000000000000000000000000039
:103790000000000000000000000000000000000029
:1037A0000010000000000000000000000000000009
:1037B0000000000000820000000000000000000087
:1037C00000000900110003000000210000000000BB
:1037D0000082000000000000000000002000000047
:1037E00000000000000000000000000000001000C9
:1037F0002000000000000004000082000005A0007E
:103800001000A00082000000000020000000000066
:103810008204000000002000A000C003000000009F
:1038200010000000000004000000040082200020BE
:10383000040000000000A00000410000880000001B
:1038400000001000000000008200000000090211CA
:103850008400020002000000C0200211C000A0117C
:10386000022000400204020002040209A003101119
:103870008803880300000000000000000000000032
:103880000000000000000000000000000000000038
:103890000000000000000000000000000000000028
:1038A0000000000000000000000000000000000018
:1038B0000000000000000000000000000000000008
:1038C00000000000000000000000000000000000F8
:1038D00000000000000000000000000000000000E8
:1038E00000000000000000000000000000000000D8
:1038F00000000000000000000000000000000000C8
:1039000000000000000000000000000000000000B7
:1039100000000000000000000000000000000000A7
:103920000000000000000000000000000000000097
:103930000000000000000000000000000000000087
:103940000000000000000000000000000000000077
:103950000000000000000000000000000000000067
:103960000000000000000000000000000000000057
:103970000000000000000000000000000000000047
:103980000000000000000000000000000000000037
:103990000000000000000000000000000000000027
:1039A0000000000000000000000000000000000017
:1039B0000000000000000000000000000000000007
:1039C00000000000000000000000000000000000F7
:1039D00000000000000000000000000000000000E7
:1039E00000000000000000000000000000000000D7
:1039F00000000000000000000000000000000000C7
:103A000000000000000000000000000000000000B6
:103A100000000000000000000000000000000000A6
:103A20000000000000000000000000000000000096
:103A30000000000000000000000000000000000086
:103A40000000000000000000000000000000000076
:103A50000000000000000000000000000000000066
:103A60000000000000000000000000000000000056
:103A70000000000000000000000000000000000046
:103A80000000000000000000000000000000000036
:103A90000000000000000000000000000000000026
:103AA0000000000000000000000000000000000016
:103AB0000000000000000000000000000000000006
:103AC00000000000000000000000000000000000F6
:103AD00000000000000000000000000000000000E6
:103AE00000000000000000000000000000000000D6
:103AF00000000000000000000000000000000000C6
:103B000000000000000000000000000000000000B5
:103B100000000000000000000000000000000000A5
:103B20000000000000000000000000000000000095
:103B30000000000000000000000000000000000085
:103B40000000000000000000000000000000000075
:103B50000000000000000000000000000000000065
:103B60000000000000000000000000000000000055
:103B70000000000000000000000000000000000045
:103B80000000000000000000000000000000000035
:103B90000000000000000000000000000000000025
:103BA0000000000000000000000000000000000015
:103BB0000000000000000000000000000000000005
:103BC00000000000000000000000000000000000F5
:103BD00000000000000000000000000000000000E5
:103BE00000000000000000000000000000000000D5
:103BF00000000000000000000000000000000000C5
:103C000000000000000000000000000000000000B4
:103C100000000000000000000000000000000000A4
:103C20000000000000000000000000000000000094
:103C30000000000000000000000000000000000084
:103C40000000000000000000000000000000000074
:103C50000000000000000000000000000000000064
:103C60000000000000000000000000000000000054
:103C70000000000000000000000000000000000044
:103C80000000000000000000000000000000000034
:103C90000000000000000000000000000000000024
:103CA0000000000000000000000000000000000014
:103CB0000000000000000000000000000000000004
:103CC00000000000000000000000000000000000F4
:103CD00000000000000000000000000000000000E4
:103CE00000000000000000000000000000000000D4
:103CF00000000000000000000000000000000000C4
:103D000000000000000000000000000000000000B3
:103D100000000000000000000000000000000000A3
:103D20000000000000000000000000000000000093
:103D30000000000000000000000000000000000083
:103D40000000000000000000000000000000000073
:103D50000000000000000000000000000000000063
:103D60000000000000000000000000000000000053
:103D70000000000000000000000000000000000043
:103D80000000000000000000000000000000000033
:103D90000000000000000000000000000000000023
:103DA0000000000000000000000000000000000013
:103DB0000000000000000000000000000000000003
:103DC00000000000000000000000000000000000F3
:103DD00000000000000000000000000000000000E3
:103DE00000000000000000000000000000000000D3
:103DF00000000000000000000000000000000000C3
:103E000000000000000000000000000000000000B2
:103E100000000000000000000000000000000000A2
:103E20000000000000000000000000000000000092
:103E30000000000000000000000000000000000082
:103E40000000000000000000000000000000000072
:103E50000000000000000000000000000000000062
:103E60000000000000000000000000000000000052
:103E70000000000000000000000000000000000042
:103E80000000000000000000000000000000000032
:103E90000000000000000000000000000000000022
:103EA0000000000000000000000000000000000012
:103EB0000000000000000000000000000000000002
:103EC00000000000000000000000000000000000F2
:103ED00000000000000000000000000000000000E2
:103EE00000000000000000000000000000000000D2
:103EF00000000000000000000000000000000000C2
:103F00000000000000000000000000000000004071
:103F1000000000A011A00000000000A02000000090
:103F20000000000000000000000000000000000091
:103F300000000000040000A000000040202000005D
:103F400000000800000000000000008800000000E1
:103F500000000000000802000000400000002000F7
:103F600000028200040004000200020020000000A1
:103F700000001100000011001000100000C011002E
:103F80000010842004100010800000000240800017
:103F900000800000000000000000000000000000A1
:103FA00000000000200000000000000000000000F1
:103FB0000000000000000000000000000000018080
:103FC00000000000000000000000000000000000F1
:103FD00000C000000000008001000000010000009F
:103FE000010000804000010001000100910001007B
:103FF000020090000000000000000100010000002D
:10400000040000800880008084800200000001809D
:104010000200000000000000000000000008000195
:10402000000000000000000000A0000000000008E8
:1040300000400000000000000000000000008000C0
:104040000000800080008000800000000000000070
:104050000000000000000000000000000000000060
:1040600080000000800080008000000080000000D0
:1040700000000000000900010020000191018010F3
:1040800083000000000400000002000000000000A7
:1040900000000000002100000000000000100000EF
:1040A000000200200000000000200021000000406D
:1040B0000090001000000000000000000040000020
:1040C00020410000200020002000200020000009E6
:1040D000001000410000000000000000000000008F
:1040E0000000100004004000040020000000200038
:1040F00090009021000000840004908000040408D7
:104100001000080090402080000000800002900015
:10411000000090000000004080008000800000113E
:104120000000001000000020008400020020002099
:104130000002000480204000000400C000050004CC
:104140000221201020040000008805000000000269
:10415000A000004100A000000010001000000000BE
:104160000000000100000000804088840040000042
:1041700000030000800200000000918804110090FC
:104180000400101088040020840000004003400058
:10419000000000A0000004000080040008000400EB
:1041A000822000000000000000000000000000006D
:1041B0000080009000002085010000000000000445
:1041C00000400184018001000000000082410021C4
:1041D0000080400082840000000000000000000019
:1041E00000000010000200000000040005001000A4
:1041F00000410084000040800000822110200190D6
:104200000000010001C1098000800505000001A037
:1042100011000000C0000000000008000000800045
:1042200008000020000009020000800000000000DB
:1042300000010001800103010001050002000000EF
:1042400020018001A00120918801000000000000F1
:1042500041000000000020000000000000000000FD
:10426000000000000000C000899080018821040047
:10427000201088014001820000044001082009004C
:104280008200110010000211A00000001105212081
:10429000100010000000210000008000010000005C
:1042A0000800010000800000888000000800000075
:1042B0000000002000040204822088040000001195
:1042C000000011044040210482042004000000008A
:1042D0000004C0000000C004C00000000000000096
:1042E000040000000000000541000400202041827D
:1042F00001050580091001044120C09101020180DF
:1043000084000405C000010011C040000000828448
:104310000080000582001000000010000200400034
:10432000408440004000081004A000890804204098
:104330000290001021A005020004410508100000B1
:10434000000400002004044120028000200400003A
:104350000000030009000000410420880000000064
:10436000000000000020090000008500410020023C
:1043700091820820040020A0400020402004110069
:1043800021200000888910104120100005880500B8
:104390004104020803009000030010002140028441
:1043A00001000100010001000105010000100100F1
:1043B0000400000000800000008000050010018063
:1043C0000021000000000100002001000400008026
:1043D000000000000000000000000080010000005C
:1043E0000000000000000000000000000400004089
:1043F0000100400089809102011001000500018048
:104400000000008000000804008000800000000020
:104410000000008000000000040000000000008098
:104420000100200820012001200000A0009002844B
:10443000030110C000C000C00010111000104102A4
:1044400000020000040010900001000200040500BA
:104450000001808409858004034100010000000000
:1044600080020000000004000000001080018001B4
:104470000901801108000811048488104004218873
:10448000C00005031102042005201040842104858A
:104490008410042020C10384040804C002004140A9
:1044A000030800002100211021202100000000004D
:1044B00088000020000000000000008000800080D4
:1044C000008502800200000085000004008000805A
:1044D000200010042000000420002084000220009E
:1044E00000002080000088058203000010000410F6
:1044F0000410881008200120058285050585859116
:10450000C0004105044090C001C0C08083A110A03C
:10451000101008C1088000108200A104A140C10051
:10452000A000A0000200118380090288030802A0F5
:104530009140414110A0898891044110054189832F
:10454000899182050441210000000000000083855C
:1045500009800010058980008000020000008903A6
:1045600020040002022000004000000021000200A0
:1045700003000000800008804080000000000080F0
:104580008803400488200080028802118904118574
:104590009085040280401090028304051005A082DB
:1045A000410380824109890341839041A110004168
:1045B00001839190029101058883118541A1001129
:1045C00090839184098300C1000000000000000076
:1045D00091830184A08200C1100008000100000046
:1045E00082010101000110010000010040000000F3
:1045F000000001000000A0000190C182848420C05E
:104600000010041191410485908488838400400146
:1046100000908482C11002010104418385900982C7
:10462000910204A0041100C08410910091408909F6
:104630008391900091A1898982918201889188114A
:10464000829185008983899183880100010000009F
:10465000010001900184002100050000000000001D
:104660000001880011C005011101000000000000D8
:10467000000000000002910000C001002001850040
:104680001000830009018984880004C0C109A18346
:10469000058982000102000001010140020040087A
:1046A000012082C1C00084A1C0A0840102090800C9
:1046B000A11183890809080388A0888305021103D2
:1046C00084899183110908058585830011000800FC
:1046D00040000900111141000821110900000002E9
:1046E0000000001004008441024083030000000029
:1046F0000000000000000080A000000003048940CA
:10470000040080008300C01009000900038090C0ED
:10471000A01089A0C0211004090010204080A12011
:1047200021802000A18311004083200591030340D4
:1047300000880089918384C080C0830340909002E8
:1047400009C1830891C111C00089910891830010AB
:104750004008000000030009901105020303000057
:1047600000000800800085040004030208030080A4
:10477000000800000009009000201108054000100A
:104780000040000000A10083208500000088000395
:1047900003218040088202080003001041210485A3
:1047A0004105002083A18085902080030321C12042
:1047B000019188C04091898382110409911041823E
:1047C000838885C091888882001082C00511898302
:1047D000000101010000000100000301820041010D
:1047E0000204000401040804820000010001010128
:1047F0000080004100080040002100880000000007
:104800002001009100000008008301C084C0C08422
:10481000004109A1C0038210088800A000A1820104
:10482000088300200001A1A0908283C008A003C0DB
:1048300005C18389894191010382824190118801D8
:10484000C0C083898900A100C18883890809050146
:10485000418200000001000100000408050241013E
:104860009100000000C0000000000182011001045E
:104870000008008000000000000000000090848913
:104880000000000082004090009140008520A002BE
:104890008901C0018302A110830100A040A0098901
:1048A000C100C100830302020101909000000120B9
:1048B0000001000083918491881188808811088408
:1048C000112111808411C0084002200083911091B1
:1048D00002100200000000100040000008002083C9
:1048E000410240000000008000000000038904092C
:1048F00002820483008000000000000000000080AD
:104900000010000500008000000000880000830007
:10491000219190200011C0838800101108008500AB
:104920008503910820008320804140118580100874
:104930004188031021000000000BD00042600000FD
:10494000000B000012420000000B000012420000A9
:10495000000BD000000000600000D00000000084C8
:10496000000BD000426000000000D00000000000FA
:104970000000D00012500000000000000000000005
:104980002184000BD00042000A50000BD000000030
:1049900000500000D00000000A00000BD0004100D1
:1049A0002184000BD00041008181000BD000004227
:1049B0000000000000001242FF3C6F6FFC0C3C3C0A
:1049C00000000000000000000000000000000000E7
:1049D0006F09FFC30200000000000000FCFCFBFBAD
:1049E00018383C3C66E706070000000000000000A5
:1049F00000000000000000000000000000007E66D3
:104A00001800000000000400000000000000660024
:104A10002424FF000F0F3C00242400000000FF7F2F
:104A2000FFFF00000400000066663C3C0C0C4400E4
:104A300088000420081004082010C3006060FC0CEB
:104A4000666600000080000000800000008000001A
:104A500000806F093C000000020000000000FCFC28
:104A6000FBFB3C3C3C3C00C300030000000000009A
:104A70000000000000000000000000000000000036
:104A8000666600000000000000000000000000005A
:104A900066002424000000003C00242400010000E3
:104AA000FFFFFFFF000004000300676600000C0C1E
:104AB00000440088024001800201408000000000A4
:104AC00000000000000000000000000000000000E6
:104AD00000000000000000000000000000000000D6
:104AE00000000000000000000000000000000000C6
:104AF00000000000C20804000010886100000000EF
:104B000000000000000000000000000000000000A5
:104B10000000000000000000000000000000000095
:104B20000000000000000000000000000000000085
:104B300000000000000000000000000000007E7E79
:104B4000F0FFF0F030F30000000000000000000073
:104B500000000000000000FF0CFC7272FFF000007B
:104B60000000000000004040FFFFD0D0D0DF000078
:104B70000000000000000000000000000000000035
:104B8000000000000000000000000000F0F0606085
:104B9000000000003030F0F000FF00F000000020C6
:104BA00000000000000000000000002000000000E5
:104BB0000000C030801040202200002280104020E1
:104BC0004242000F666630F3010000000100000061
:104BD000010000008000000066660CFC727200F0AC
:104BE00000000000C9C9C9C04040FFFFF0F0F0FF5D
:104BF00000000000000000000000000000000000B5
:104C000000000000000000000000000000000000A4
:104C100060600000000030300000000000F0000084
:104C20000000010000000003000000000020000060
:104C300001000000030C010802041100001101082A
:104C40000204080204B00002001006000080000008
:104C500008000000008000001000080404D00009D3
:104C600000100000000C00090000008600EC00B2FB
:104C70000080A0865070A0B000050586047000B2C8
:104C8000001000000086006000B00000000000FC82
:104C9000013000100000009C030200100886047C14
:104CA00000B20080A0805090A3A80005018400CC31
:104CB000031000000840099C030008000086006003
:104CC00000B00800AFA0EBEBFF551717AA3CAFAF41
:104CD000AAFF033F7D283F3F417D00FF00100004F5
:104CE000C3FF0A5F00000000000000000000000099
:104CF00000000000000000000000000000000000B4
:104D000000000000000000000000000000000000A3
:104D1000FF003C3C00002828AA0000FF3C3C10009B
:104D2000000000000400A0A0F0000000000400004B
:104D300000000C0C3C3CC300828255003C0000008B
:104D4000000000000000AFA0282800551717AA3C5B
:104D5000A0A00055033F7D283030417D0F0F00009B
:104D60000000003C0A5F000000000000000000009E
:104D700000100000000000000000800000000000A3
:104D800000000000000000000000000080000000A3
:104D90000000FF003C3C00002828AA0000000000A2
:104DA0000000000000000000A0A0F00000000000D3
:104DB000000200000C0C00000000000000000000D9
:104DC000000000000000002000000010F5F514D7DE
:104DD000F03CF5F5D7D705F57D283F3FF5F514D71D
:104DE0003CFF3A3AAFAF0CCF0000000000000000DB
:104DF000A0B0A0B000000000000000000000000013
:104E000000000000000000000000000000000000A2
:104E1000000000003C3C0F0F00003C00F000000FC1
:104E20000C0C000008003FFFFFFF3C3CAAAA000456
:104E30005555FF003C3C0000000000000000080841
:104E40000A0A2000000000000000004000000505E4
:104E500014D7F03CA0A0141405F57D2830300505CA
:104E600014D73C003A3A05050CCF000000000000C2
:104E70000000A0B0000000000000000000000000E2
:104E800000000000000000008000000000000000A2
:104E90000000000000003C3C0F0F00003C00F00050
:104EA000000F0C0C000000003FFFFFFF000000009F
:104EB0000004000000000000000000003030F0009E
:104EC00008080000000000000000300000000000A2
:104ED00000201008000040004000400000000000DA
:104EE000000000000000000000000400000040007E
:104EF000002004000000000000000000044000004A
:104F0000000000400000000000000400000000005D
:104F1000000111012010000000A000000000C040AE
:104F2000C0002004110204200402200482208241D7
:104F30000200C040820400001100200002000000B6
:104F4000000000000400200020000000800000009D
:104F50000000000001800000000000000000004090
:104F600000000041000000000000000001000000FF
:104F70000000000000400000000000000000018070
:104F8000000000000080000000000000000000C0E1
:104F900000000040000801000000000000000000C8
:104FA0004180410001800080A180018001801100CA
:104FB00041840000218021800000000000000000EA
:104FC0000000000004000400820001000000200036
:104FD00000000000000000010000000000000000D0
:104FE00000000000000000008000800000000000C1
:104FF00000000000804000000000000000000200EF
:1050000000008000800000000000000000000000A0
:10501000000000000000800100010000000000000E
:105020000000800080108000800000080000000068
:1050300000008000008880000004020000010001E0
:1050400000050000000080050001000100010000D3
:10505000000000000000001000040000000000102C
:1050600000100000000200000021042104000000E4
:10507000001100110011029040100000000090206B
:105080000121A00004000400000000000000000056
:1050900000000000000000002004004000000000AC
:1050A0000000000002092020200040100010001025
:1050B000002100004021002120210090010000205B
:1050C000822000820400001010C000200020002078
:1050D000000000000010001100900000000000001F
:1050E00000C00000000000000000000000010001FE
:1050F00000010002000080008000808280A080000B
:1051000080028000002002008001000000840090E6
:10511000000000A00000101000000010100100208E
:10512000001000000000000080820020800280212A
:10513000000400110200004000A100020000000075
:10514000000000C000000020000480210041008217
:105150000000028200208200000400000010000015
:1051600000118400100300030003000388400002C4
:10517000000400040080000020092000200020001E
:105180002000200020099010001020400000900016
:1051900000000000000000000100000000001120DD
:1051A00000800041000000000000400500052000D4
:1051B00040A00080008401418290000210A0C00045
:1051C00000050800C00308081080088002C000889D
:1051D00084000005A1001000000000000001110083
:1051E0000000000102200000000500040000000192
:1051F00000000000040000000000000002000200A7
:105200000000000000000000000000404140A0003D
:1052100000000000000000000000800091108000ED
:105220009020008480A00021802082840241891087
:1052300082024008202088C08203820280419004BC
:105240008291000021884188000010010000054083
:1052500008410000410010000001000000000004AF
:105260000000000900020080000000A00080000093
:10527000002000000000010000000000000001000C
:10528000000000000000000000000000000000001E
:1052900005000000000000000000000020002000C9
:1052A000020004800000040000842080410001040A
:1052B0000400058001800180210011882190208454
:1052C00002C0414000000000000000001004000087
:1052D0000080C084000010001021002000000000A9
:1052E000000000880000000000200200002005C02F
:1052F0000500008204C000A004000400000120009A
:105300000000002000001000000010008520002197
:1053100000000020800020858500000300000004BC
:1053200010000900100410001000001004024002D8
:10533000A0210005A0020300040480018200820174
:1053400082A08204C002000000000500030000C02B
:10535000002021880088090003000240008400002A
:10536000000000008808884100118890040500A111
:1053700000210041C02141008821010505000004F1
:105380000100000000800000000000008440208038
:105390000284C00000A0200091042000020400004C
:1053A0000080A0000000C083010001000021000077
:1053B00001A12182008441000000898008040900C5
:1053C0002102210020A021894000C00082000000AD
:1053D000A0080080000000001005840085A00008DF
:1053E0000000000011000008000008000200080092
:1053F000400400042000002000408402000000045B
:105400000000204000400400118800841082000049
:10541000001000000220000000101110091002000E
:1054200000000000000400040004008202000300E9
:105430000010022082200041020200C1082000105A
:10544000100002012040030208844100089002007D
:10545000410010411100404121C010C020904190F6
:1054600002C000000000000000000000000000007A
:1054700000000080008000000080000041800000EB
:10548000008000000000008001000000000000001B
:10549000000000000000008000100000000000007C
:1054A000000000000000008000800080000002007A
:1054B00000000000118004000040018000200080F6
:1054C000008300090104910000801000000000002A
:1054D000000000000088100000C000001000100054
:1054E00000000000090000000000040000000000AF
:1054F000000000000010102082400010110309116C
:10550000002009410003002010002020030380092F
:1055100000000008000300094183000000030010A0
:1055200000004040000008004100410041000080B0
:1055300089A011C000900003A02002A1088005836B
:105540000983802100404003020500820505008494
:105550008309411185208200A180C1000900838850
:105560000009009109000000000000000000000098
:105570000000100000001010A0A1C1C100A0010196
:105580000100900100010001820101000000010101
:10559000040100000001009188210204008800013C
:1055A00000010000010100000000000002000100F5
:1055B000008889020002000288058203A1022002FD
:1055C00000830102202100010383842000C0000029
:1055D000040404A04108844190088308914000908D
:1055E00009890001200901040100000100000000F8
:1055F0001100040001001100000000840000000000
:1056000000A00100012001010300030021408301EB
:10561000000001020101010111C0400005A041018B
:1056200000000100010101010000900020C14100C3
:1056300003C00400022188000408041190000982BC
:1056400089C00101A088040005C08800040804C0C6
:105650000300010005858900912088100508088550
:1056600084004004C0888300A104110000400500AC
:1056700041020800100008001000000000000010A7
:10568000000011004100200003099000C10040808B
:1056900083092000088021080309A0000300A1005D
:1056A000030900000800210803090000000004208D
:1056B0004100A085800080408000802180C00800DB
:1056C0009080038020038880900090C10000838038
:1056D000800083002000084085110980098004A112
:1056E00091408411800480800511090500050005A2
:1056F0000241000500000000000000000000000062
:1057000041802000404003020920910300C0008036
:105710000009C08303030000008900832020408526
:10572000800900030000000209104003000080000F
:10573000000420A1002080800000918000801100E2
:10574000C0A08040808341A1000921A18403008082
:105750000020C1800003210280088488848300C067
:1057600041A0A1058011000500A0908880400000A4
:105770000000010000000000000000000000000028
:1057800000C00408A1A00101010101011101009163
:1057900000C000218905004000A000050041011162
:1057A0009140100902010000000101010101000007
:1057B000048800000105C089828800000488908860
:1057C00000909103082020410002A090008584A150
:1057D000000800C1848400010108400308A00840BB
:1057E0009005000584A182A0008200C08485880401
:1057F0000040004000000000009000010001001087
:10580000001001840100010000100084000000006D
:10581000010000900100002001880140000000000C
:10582000018901100000000401880110010100003D
:105830000000040008034100A140912089C08900B4
:10584000088202848421C00010C08200038200907C
:10585000018201001003C00010C1209088010001E6
:1058600090200102010200400102010088908401A1
:105870000008008000800000000000090010000205
:1058800000000000400021004000008000020040B5
:1058900000000940000040002000038004000000D8
:1058A00000000383048005004180038004804040A1
:1058B000000000000411414121081000088084000C
:1058C0002100208080A000A0000080008500A008AA
:1058D000418921800311A1900505802009008504DC
:1058E000211010802088104102C121801000A000EA
:1058F0008805408000000000D00000000A00000B76
:10590000000000002184000BD00000000000000B0C
:10591000D0000A000A00000BD000000000000000C8
:10592000D00042000000000BD00042000000000048
:10593000D000000000000000000BD00000000A5062
:10594000000BD00041480A50000BD0000A418241B0
:10595000000BD000064800840000D0000000218425
:10596000000BD00000008100400BD00042500660C8
:10597000000BD0004200000000000000000000000A
:10598000000000000000557F557F0000000000006F
:10599000000055FF3F3FFCFCC0C0FFFFFF00FFFFC2
:1059A000FF00FFFFBE82FFFFFCC0FFFFFCC0505F97
:1059B0005F50FFFFF0F00000003C0F3C555555557F
:1059C0000000000C00000000000000000F0F000F9E
:1059D0000000000CFF5A0C0C0F0F000F0F0F555555
:1059E00055553C3CFFFFFFFF0000000055FF5DFFE9
:1059F000BFFFFFFFFF7FFFFF0000000080000000EF
:105A00000000000000000000FFFFFFFF000000009A
:105A10000000000055000303FCFCC0C0FFFFC3C32F
:105A2000FFFFAAAAFFFFBE82FFFFFCC0FFFFFCC072
:105A3000505F5F50FFFFFF000000003C003C000093
:105A4000000F000000000000000000000000000047
:105A5000000F00000000FF5A0C0C0000000F0000B7
:105A6000000000FF0F0FCFFFFFFF0000200055FFD9
:105A700055FF0100000000200000000000003C0075
:105A8000000000000000000000000C1C00000000EE
:105A90000000FF00FA0AFAFAFF3C14D7FFFF0CCF10
:105AA000FFFF00FFFFFF033FFFFF00FFFFFF033F7C
:105AB000FFFF14D7FFFFFF00FF0000000000000001
:105AC000FFA0FF000003000300000000F000FF0043
:105AD000A0A0AA00FF000000000000003C00303041
:105AE000AAAAF0F0F0AA3CFFFFAA00000000000004
:105AF00000000000F0F0FF00FF00FF0000000000C9
:105B00003C00000000000000000000010C1C000030
:105B1000000000003C3CFA0A5050003C14D7FFFF44
:105B20000CCFFFFFC3C3FFFF033FFFFF0F0FFFFFBC
:105B3000033FFFFF14D7FFFF0F0FF0F0000000003E
:105B4000000000A000000003000300000000F000BF
:105B50000000A0A0AA0000000101000800003C0015
:105B6000303000000000F0AA3C00FFAE0C0C00003A
:105B700000000006000FF0F0FF00FFFF0000000033
:105B80005010A0080005008600E003A000800086F9
:105B900000DC03900000008604F000B20010C0C6D4
:105BA000C07033904903C0C7C07030B04903C0C74C
:105BB000C0F030B04903C041C010300051030000B4
:105BC000A08650F0A0B00005A0865014A18000056A
:105BD000008604FC01B2001000800A9C03B900801A
:105BE0000886047C00B2001000860CAC03A0000004
:105BF000A18650F0A3F804050186009C03900000E4
:105C00000000000000000000000000000000000094
:105C100000000000055500500000000000000000DA
:105C2000000000000F3C0A2D000000003C3C3C3C02
:105C3000000000000F1F0F1F000000000000000008
:105C40000000F0F0F0F0140014FFFF30FF0000142B
:105C5000FFFF2000000000000000FF00AA0000007D
:105C6000000CC000C000000C000CFF3CC300FFFF94
:105C7000FFFF0000000000000000AFA0AFA00F0F6A
:105C80000F3C0000000000000000000000000000C9
:105C9000000000000000005500500000000000005F
:105CA0000000000000000F0F0A0F000000000C3C75
:105CB0003C3C00000000001000100000000000004C
:105CC000000000003C000000140014FFFF00FC0076
:105CD00000007DFF00000000000002000000AA009C
:105CE0000000000CC000C00000000000FF00FF002A
:105CF000FBFFFFFF0000000000000008FF00FF00A6
:105D00000F0F0F3C0000000000000000000000002A
:105D1000BEBEFFFF0FCF000000000000000000002B
:105D200000000000000000001EBE0A00000000008D
:105D300000000000ACFFAC0F2DAA2DFF00000000FA
:105D400000000000000000000000FFFFFFFFFFFF59
:105D50003000007F04FF0000020000000010AA00D5
:105D6000F00000A00000F0000000100000000000A3
:105D7000000000FF05AFFFFFFFFF00000400F3F38A
:105D80003030F00060000000000000000000000063
:105D90000000BEBEBABA0000000000000000000013
:105DA0000000000000000000000014BE0000000021
:105DB000000000000000ACF0AC002D002D550000EC
:105DC000000000000000000000000000FFFFFFEFE7
:105DD000FFFC0000007F04FF000000000000000046
:105DE000AA00F00000A00000000000000000000079
:105DF0000000000100FF05AFFFFFFFFC00000000F6
:105E0000FFFF0000F00060000000000000840000C0
:105E100000000088000000080000000000000000F2
:105E20000000000000000040000000000020000012
:105E30000000000000004000000000000000000022
:105E400040000310200000000000020000000000DD
:105E500020002000000041001100000003000000AD
:105E6000000000000000200000200400000000826C
:105E700000002000210020002100000000000000A0
:105E80000000000000000000020000000000000010
:105E90000000000000000000000000000000000002
:105EA00000000000004100001000000000000000A1
:105EB00000000000000000000041000000000000A1
:105EC000000000200000000000410000000002006F
:105ED0000000000000000000000082000000000040
:105EE000C00000000000000000039000000000005F
:105EF000000000000000000200000041C00000009F
:105F00002000000020000000000000400000009081
:105F10000000000000000000410000000000000040
:105F20000000000000000010000000000000000061
:105F30000000000000000000000000000000000061
:105F40000000000000000800000000000000000049
:105F50000000000000000000000000200000000021
:105F60000000000000000000000000000000000031
:105F70000000000000000000000000000000000021
:105F80000000000000000000000000000000000011
:105F900000000000000000000010001000090000D8
:105FA0000000000000200010001000200020000071
:105FB0000000000000000000004100200000000080
:105FC000000000000000001000100000A000000011
:105FD00000000000000000000000A0000000000021
:105FE0000000000000000010002000090020004117
:105FF0002000000000000000001120000000000050
:10600000000000002000001100000000000000005F
:1060100000000000008800000000000000000802EE
:10602000050008000000090040000000040008000E
:10603000000000000000000000000000040000005C
:10604000000000000000000000000000030011003C
:10605000000000000000000021000000000000849B
:1060600000000000000000000000050000000040EB
:106070000000000000A00300000041000500000037
:106080004100000010000000052000000500000095
:1060900003000003A02000000000000000008800B2
:1060A00000000000000000410000000000000002AD
:1060B00000020000000000020000000000000000DC
:1060C000000000000000000000210000A0000010FF
:1060D00000000000000000000000000982000040F5
:1060E00000200000000000000021882100210000A5
:1060F0000021000004408421C00010001000820034
:1061000010008400C02100088403C021C0090000E1
:10611000100000000000004000000000000000002F
:10612000100000000000000000000000000000104F
:10613000000000000000000000000000000000005F
:10614000000000000000000000000000000000004F
:106150000000080000000000000000000000001027
:106160000000020002000000000005000000110015
:1061700011000482050020004000000040000200E1
:10618000200020000000002010004004400000001B
:10619000000020A0400000000000000000000000FF
:1061A00000001000000000000000000000000000DF
:1061B00000000000000000000000000000000000DF
:1061C00000000000000000000000000000000000CF
:1061D000000000000000000020000000000000009F
:1061E0000200000000000000002000008400000009
:1061F00002001008100020002008200040040205C2
:1062000020000000080010000400000900008400C5
:10621000C000000000008800000000000000000036
:10622000000000000000000000000000000000006E
:10623000000000400000000000000000000000001E
:106240000000000000000000000000000000090045
:10625000000000000000000000000000040000003A
:10626000000000000000000000000000000000002E
:10627000000040000000000021820000000021001A
:106280000000000000000000000005000000000009
:1062900000000000000000000000000300000000FB
:1062A000C00890000000000840000021A00000008D
:1062B0000002001100100420000000009000000007
:1062C000000000210000000000000000000000218C
:1062D000A010900000000005080000000000002150
:1062E0000003000000210000000000210008A005BC
:1062F0000000002190000021C00300008421002143
:106300000008A000A021C000C020A00304091000C4
:106310008411A0090000C0000008A00000000000D7
:106320000000000004000000100000000000000059
:1063300000000000009000000000000000000000CD
:1063400000000000000000000400000000880000C1
:1063500000000000000000000084001000000000A9
:106360000000000000000000008204000000049013
:1063700000000000114010004000004000400020DC
:1063800020880040020002040020020010000920C2
:10639000040000000000094000004100004000002F
:1063A0000000000084000003000010000003000053
:1063B00000008400000000000000C0000000000099
:1063C00000000000000000000000040000000000C9
:1063D000A000840000000000000000000800000091
:1063E00000002000200000008800000004001000D1
:1063F00000410200840888030003400304002009D0
:1064000000110000C011820000000204A00008007A
:106410000000C000000000098404C0042008A0049B
:10642000000000000000000000000000000000006C
:10643000000000000000000000000000000000005C
:10644000000000000000000000000000000000004C
:10645000000000000000000000000000000000003C
:10646000000000000000000000000000000000002C
:10647000000000000000000000000000000000001C
:10648000000000000000000000000000000000000C
:1064900000000000000000000000000000000000FC
:1064A00000000000000000000000000000000000EC
:1064B00000000000000000000000000000000000DC
:1064C00000000000000000000000000000000000CC
:1064D00000000000000000000000000000000000BC
:1064E00000000000000000000000000000000000AC
:1064F000000000000000000000000000000000009C
:10650000000000000000000000000000000000008B
:10651000000000000000000000000000000000007B
:10652000000000000000000000000000000000006B
:10653000000000000000000000000000000000005B
:10654000000000000000000000000000000000004B
:10655000000000000000000000000000000000003B
:10656000000000000000000000000000000000002B
:10657000000000000000000000000000000000001B
:10658000000000000000000000000000000000000B
:1065900000000000000000000000000000000000FB
:1065A00000000000000000000000000000000000EB
:1065B00000000000000000000000000000000000DB
:1065C00000000000000000000000000000000000CB
:1065D00000000000000000000000000000000000BB
:1065E00000000000000000000000000000000000AB
:1065F000000000000000000000000000000000009B
:10660000000000000000000000000000000000008A
:10661000000000000000000000000000000000007A
:10662000000000000000000000000000000000006A
:10663000000000000000000000000000000000005A
:10664000000000000000000000000000000000004A
:10665000000000000000000000000000000000003A
:10666000000000000000000000000000000000002A
:10667000000000000000000000000000000000001A
:10668000000000000000000000000000000000000A
:1066900000000000000000000000000000000000FA
:1066A00000000000000000000000000000000000EA
:1066B00000000000000000000000000000000000DA
:1066C00000000000000000000000000000000000CA
:1066D00000000000000000000000000000000000BA
:1066E00000000000000000000000000000000000AA
:1066F000000000000000000000000000000000009A
:106700000000000000000000000000000000000089
:106710000000000000000000000000000000000079
:106720000000000000000000000000000000000069
:106730000000000000000000000000000000000059
:106740000000000000000000000000000000000049
:106750000000000000000000000000000000000039
:106760000000000000000000000000000000000029
:106770000000000000000000000000000000000019
:106780000000000000000000000000000000000009
:1067900000000000000000000000000000000000F9
:1067A00000000000000000000000000000000000E9
:1067B00000000000000000000000000000000000D9
:1067C00000000000000000000000000000000000C9
:1067D00000000000000000000000000000000000B9
:1067E00000000000000000000000000000000000A9
:1067F0000000000000000000000000000000000099
:106800000000000000000000000000000000000088
:106810000000000000000000000000000000000078
:106820000000000000000000000000000000000068
:106830000000000000000000000000000000000058
:106840000000000000000000000000000000000048
:106850000000000000000000000000000000000038
:106860000000000000000000000000000000000028
:106870000000000000000000000000000000000018
:106880000000000000000000000000000000000008
:1068900000000000000000000000000000000000F8
:1068A00000000000000000000000000000000000E8
:1068B00000000000000000000000000000000000D8
:1068C00000000000000000000000000000000000C8
:1068D00000000000000000000000000000000000B8
:1068E00000000000000000000000000000000000A8
:1068F0000000000000000000000000000000000098
:106900000000000000000000000000000000000087
:106910000000000000000000000000000000000077
:106920000000000000000000000000000000000067
:106930000000000000000000000000000000000057
:106940000000000000000000000000000000000047
:106950000000000000000000000000000000000037
:106960000000000000000000000000000000000027
:106970000000000000000000000000000000000017
:106980000000000000000000000000000000000007
:1069900000000000000000000000000000000000F7
:1069A00000000000000000000000000000000000E7
:1069B00000000000000000000000000000000000D7
:1069C00000000000000000000000000000000000C7
:1069D00000000000000000000000000000000000B7
:1069E00000000000000000000000000000000000A7
:1069F0000000000000000000000000000000000097
:106A00000000000000000000000000000000000086
:106A10000000000000000000000000000000000076
:106A20000000000000000000000000000000000066
:106A30000000000000000000000200020000000250
:106A40000010000000000000000000000010030023
:106A5000000000000000000000000000000000C076
:106A60002000000000000801000041004108000073
:106A7000000000000088000000000000200020004E
:106A800011000000C0000300041111009100030078
:106A9000000104008400040011A000000041000077
:106AA0002004000004000000212008000000C100B4
:106AB000024004000001000004000080008000008B
:106AC0000080000000000000000000000000000046
:106AD00000000000001000000000000000000000A6
:106AE000000000000000000001100000000300830F
:106AF0000000000000000000000000C000000000D6
:106B00000000000000004100000000040000400000
:106B1000000084200100410001009000000020825C
:106B20000004C1800000000000000000050000001B
:106B300004000180000000040000A100000000002B
:106B40000000000000000000000000000000000045
:106B50000000000100000000000000000000000034
:106B60000000000000000000000000110000000014
:106B70000000020000000001000000000000000012
:106B80000000000000000000000000000000000005
:106B900000000000000000000000000004000040B1
:106BA0000000000000010000000000000001800162
:106BB000000521002140000000000040000000000E
:106BC000000000000000004100410009001000101A
:106BD00000100008004000210020000000200000FC
:106BE0000021000000000010000000004090002084
:106BF00000100010012100000002000082000000CF
:106C00000000004000000000002100000000000023
:106C1000000000210010000000000000001001082A
:106C200000A120100021000200000000000000026E
:106C30000810008420210010004100000490001082
:106C4000044000040020008440008400114021889A
:106C50002100210040004010000000000000000062
:106C6000000000000000000000C080000000800064
:106C70000000880300000001110000000010210046
:106C8000000000C00008001080050008800000001F
:106C90002000000040000000C00000C0000482048A
:106CA00080C0801000028409A08500C1000000049B
:106CB00000040402000200208041000000000000E7
:106CC0001000000000000000000001004100000072
:106CD00000000000000001000100000000000000B2
:106CE0000000000000100000000000000400000090
:106CF000080000000910000000080000000000006B
:106D0000A00000000000000000000402000340009A
:106D100000000100000001100000110000000080D0
:106D20001180100008000000051021200040000024
:106D30000000C08000800080008002C000001000C1
:106D400000001000000000000000000000004100F2
:106D500000002110210000000000000000000000E1
:106D60000000000000000000000000004000800063
:106D7000000080100000A000201002410000000070
:106D8000209000000000A000410000000000000072
:106D9000000003202000001010002000000000016F
:106DA00004004140C100A0000400800090000000E9
:106DB000000041001000201000001001C141080037
:106DC0000200800000A000000000000000000000A1
:106DD000C0000000200000000000000000100000C3
:106DE00000000000000000000000000000000100A2
:106DF00004000005088000002100000001C000051B
:106E0000000000000010000004000010C00004009A
:106E1000000000210000090088000021000000009F
:106E200000048400A00020100800000004000400FA
:106E3000000000000000C000028000000004020208
:106E40000100010020000000000000108000000090
:106E5000000004000001210021000000002005883E
:106E600000000000092000020000001000000000E7
:106E700000000000090000000200030021000203DE
:106E8000000021C0004020000000001000884100E8
:106E90004100009000000000A0A0410040200084BC
:106EA000200003000000059003C0051000A0102082
:106EB000201002A00000102002000000100010406E
:106EC000110500004000004090000000000040005C
:106ED0000800000001000002C00000000000008067
:106EE00000400000001000800080880000000000CA
:106EF0000000000000000000000000000000000092
:106F0000014000000000A000A100000000000000FF
:106F1000000000000000000000004100000001002F
:106F200000000008000000000000C0000080000019
:106F3000008001000100000000000100C00000000E
:106F4000000000C008000100000040000004000034
:106F5000000000000000410000004100000084002B
:106F600000000000002000000020002000000000C1
:106F70000000000000000000000000000000000011
:106F80000000200040840000200000A0000000005D
:106F90000900040004100000038400000000000049
:106FA000050810000410091000C009000082082024
:106FB00000844120A0040000002009001000090204
:106FC00000A0000021C002A102A00090000120004A
:106FD0000000000020000041A00000000000A00010
:106FE0004100020084000080000000C10080000019
:106FF00082000000000000002000000000020000ED
:107000000005000510000100000001000000000064
:107010000000000001000000104000000000040516
:107020000010000000000041000008008200000085
:107030000100104100040480000000000000000076
:10704000208800002000C000000201002000000491
:107050000003004100000000000300008000000069
:10706000880304219100000088030020C000000074
:107070000000000000000000000000008000000090
:1070800000108009090800080203030300058408B2
:107090000000000400210008001100080020000288
:1070A00000080040801003050008050003000000F0
:1070B0000200008983084141000300A0914021A003
:1070C000004189030304C002A120890311040002C6
:1070D000890200010000000000000001000008001B
:1070E000000091018200C00000008983020309C0F2
:1070F000000200000000000000000000000010007E
:107100000000000190010000000088010101000062
:10711000080100000000000002010000080000015A
:10712000000000010000020101000000000000005A
:10713000400000000482410282A100C0A005C003FB
:10714000004100A182010301410109018201000106
:10715000400182000000000000000100000000006B
:107160000000010204008400C088A1009000028495
:10717000C0900300000000000000000000000000BC
:1071800000000090000001880001010001000011D2
:1071900001010101000000A000C000A100000000EA
:1071A00000850001010020002091C0000100901026
:1071B00021019110208882010383A08883000000B0
:1071C000008400000001830003C191898300C10194
:1071D00003054100830400000000050003000000D7
:1071E0000300000003000004000000800300800092
:1071F0000000008003000000000000000000000903
:10720000000000000080000011C021211008400093
:107210000941030303200000000000910008002141
:1072200021000010002003008200800820080300D5
:107230002103051005802108410241820085832138
:1072400000000005001000401000844102A08340AF
:107250001020840802048391000000000041000314
:10726000000000000021C0030000008000000003B7
:10727000000000800000800300000000000000000B
:1072800000000000000000000091008000801180DC
:10729000094000091103830300800500400000003D
:1072A0000800110000004000080041800000058037
:1072B00090000020042110000010110000008080C8
:1072C00088802180800000800800841000840002F3
:1072D0000483C09000040902208300000000000025
:1072E0000001000000000000910100900088009063
:1072F000009100000090C0C0880300000000000062
:107300000000000000000000000000040010002049
:1073100000820801000000018301008000000100DC
:1073200000001000000000000000010000020082C8
:1073300001208940400000000000100101C0C0028F
:1073400040A08840014040C00002010282030011B9
:1073500000C102218305000100910989014001005B
:10736000000000000300C000040004008920C1A048
:10737000C000A0C0010000000001000200000000E9
:1073800000000000820088000800000001000000EA
:1073900000010000010001C101080100008000009F
:1073A00001880100000000000120000001000090A1
:1073B000010100000088049002A12000A082039136
:1073C00084034000018901000020000001000183C6
:1073D00001C0018200000583030203A0880403802A
:1073E0000400000000000300830000000000038090
:1073F0000400801100800300000000210000000054
:1074000000000000000080008000800000001000EC
:10741000082140081100030003414004401000808F
:1074200008001080410008001100028508052000B6
:10743000090504110800088080038004800300808F
:107440001191119191000889210004000900100098
:107450000391048402C14108839184108289410907
:1074600000000000000000000A00000B0000000007
:107470000A00000B000000000A00000B00000000E2
:1074800000000000000000000A00000B00000000E7
:107490000A50000BD000000000000000D000824223
:1074A00000000000000B0000000000500000D000B1
:1074B00000000A50000BD00000840000000BD00038
:1074C00000880050000BD000210000420000D000D6
:1074D00000001200000BD00012421200000BD0007E
:1074E000126000FFFFFF00FFFFFF00FFFFFF00FF34
:1074F000FFFF00FFFFFF9999FFFF0000FFFF999931
:10750000FFFF00000000000000000000000000007D
:107510000000FFFFF9FFC3C3C3C300000000000069
:1075200000000000BFA79B83000000000F0FFF00BA
:10753000000000003F303F3000000000000000006D
:10754000000010100F0F3C3C000000003C3CFF000E
:10755000000000000000000000000000000000002B
:107560000000000000FFFFFF00FFFFFF00FFFFFF24
:1075700000FFFFFF00FFFFFF9999FFFFFFFFFFFFE5
:107580009999FFFF000000000000000000000000CB
:107590000000000000000018C3C3C3C300000000C7
:1075A0000000000000003E261A020000000066668F
:1075B0003C3C000000006F6F6060000000000000B5
:1075C000000000000000FF00666600000000666624
:1075D0000F0F00000000000000000000000000008D
:1075E000000000000000000000000000000000009B
:1075F000000000000000000000000000000000008B
:10760000000000000000000000000000000000007A
:107610000000000000000000000000000000C208A0
:10762000040000108861000000000000000000005D
:10763000000000000000000000000000000000004A
:10764000000000000000000000000000000000003A
:107650000000000000000000C20804000010886064
:10766000C208040000108861FFFFFF00FFFFFF0059
:10767000FFFF9999FFFF0F0FFFFFFF00FFFF0000C3
:10768000FFFFFF000000FFFF0000000000000000FF
:10769000000000000000000002CF00FF009066F62E
:1076A0000000000000000000000016761F7F0000B0
:1076B00000003C3C66663C3C6666FC24FCE742FFFE
:1076C000FFBD000000000000002006F606F69090C6
:1076D0003030F0F06666000000000000000000009E
:1076E00000000000000000000000FFFFFF00FFFF9F
:1076F000FF00FFFF9999FFFF0F0FFFFFFF00FFFF44
:10770000FFFFFFFFFF00000000000000000000007E
:107710000000000000000000000002CF00FF000099
:10772000666600000000000000000000107019797B
:1077300000000000F0F000FF00000000C024C0E7DF
:1077400042FFFFBD000000000000000030303F3F5E
:107750009090303000FF3C3C000000000000000032
:1077600000000000000000000000000002410100D5
:107770000004494002C701A003B4494002C701A068
:1077800003A4494002C701C0038451400000000027
:1077900000000000008200A003B800000086706CAA
:1077A00003300000000000100002001000000086FE
:1077B0000CE000B0000000000C1C0000001000866F
:1077C0000C6C03900410A08650F0A0B00085000659
:1077D0000CFC0080001000860C7C00B00005050643
:1077E000047003A20010050604F0039200100000CC
:1077F0000000000000000C000C000000000002AAC5
:1078000000000000000000000000000F0000000069
:107810000000000000005FA05F5F000000000000AB
:107820000000FFF900F90000000000000000000067
:107830000000000000000000000000000000000048
:1078400000000000555555550000000000000000E4
:10785000A00000001F10F40400000000FFFFFFFF65
:10786000000000000000200000001000003CFF3C71
:1078700000000000000000003C303C000000000060
:1078800002AA00008000000000000000000F000AB3
:107890000000000000000000FF00A0A000000000A9
:1078A00000000000F9F9F9F90000000000000000F4
:1078B00000000000000000000000000000000000C8
:1078C0000000000000004D5555550040000000002C
:1078D0000000A00000000F00F00000000000FF7F8B
:1078E000FFFF000000000000000000000000003C5E
:1078F000FF3C00000000000000000000000000004D
:107900000000000000000C080C00C3CF000014149D
:107910001000000000000000000000000000000057
:107920000000000000000000000000000000000057
:107930000000000000000000000000000000000047
:107940000000000000000000D555D55500000000E3
:10795000FFFFFFFF0F0F2F000AA009607FFFFFFF4F
:107960000000000000000000F0FF3CC30000000029
:10797000FF0F1414000000000000000000000000D1
:1079800000000000000000000C080C0000000000D7
:1079900014141000000000000000000000000000AF
:1079A00000000000000000000000000000000000D7
:1079B00000000000000000000000000000000000C7
:1079C00000000000000000000000D554D554000065
:1079D0000000FFFFBFFF000F2F0005500C307FFF9E
:1079E000FFFF00000000000000000F003CC300008B
:1079F0000000000F14140020000000200008000008
:107A00000000000000000000000000000000000076
:107A100000000020002100000000000000C0000065
:107A200000002005A0208000850108102100000032
:107A3000000000C011000000000000000000000075
:107A40000010000003000400000000000400040017
:107A50002100000011C0020000000000000000042E
:107A600000C0050005901191000000000400040012
:107A70002000200020002000000010000080008076
:107A800000000000000008210000000000000000CD
:107A90000000002100A00084000000210000001070
:107AA0000010000001A0099010002020010000003B
:107AB000001000000000000000C0000000000000F6
:107AC00000000000000000000000000000000000B6
:107AD0000000000000009000040000000000000012
:107AE0000080000000000000040200000000000010
:107AF0000000010001000100010000010000000081
:107B000000000000000000000090000100010000E3
:107B1000008400A00000000000A080000000000819
:107B200000000000000080018000000000008000D4
:107B30000000000000000000000000000000000045
:107B40000000000000000000000000000010002005
:107B5000002080100000000000080000000000006D
:107B60000000000000000000000000000001000113
:107B700000010000000000000000000000200010D4
:107B8000001000100010001000100010004000084D
:107B90009000000000210021001000214000001092
:107BA00000C10009000900090420041100000000C0
:107BB0000800A000000000000008004100000000D4
:107BC0000021000000410021000900000021008088
:107BD00000C100C10891001000009080001000203A
:107BE000000000100000001000000021000500202F
:107BF0000020002000000009000000000009000132
:107C000080A020020085001000A0409000102000FD
:107C10000001000100C000020020000840400000F8
:107C20000000000000A00010001080008010000084
:107C30000010801000100000000000000000000094
:107C4000004000080010000000100000001040007C
:107C500000200010000000000004000010A000043C
:107C6000004000000040000000000000000005008F
:107C7000000000000000000104000000008500007A
:107C8000000420000100102010A11000010010804D
:107C900001410004000400000080008000800040DA
:107CA0000000000000000000000000002000201084
:107CB0000000820008008400C000000300050000EE
:107CC0000000000900808421000000110000100065
:107CD0000110008004800210000088800041012112
:107CE00000A00080000002C00000C04100001000A1
:107CF000101000008200820000201100000000200F
:107D00000040000000004100100000001000800052
:107D10000000000000400000000010010000000012
:107D20000001000080000000000009000300842121
:107D300084010000000000000000000000000000BE
:107D40000000000000100000000000000000000023
:107D500010000000800090088000850103012000D1
:107D60000000100100000040000091000000000031
:107D70004000100020000000000002000000200071
:107D800041000200000000000000000000000000B0
:107D900040000000000000800000000500020020FC
:107DA000000000040000400000030010000000007C
:107DB000218421100000000000000000001000409D
:107DC0000000000000000000000082000000000031
:107DD000000002000041040008900400102000048C
:107DE00084000000000400000000000002000021E8
:107DF00000000000C0000000000000000000004182
:107E000000000000100000C0000000008200088890
:107E10000884088404100000000000008001002095
:107E200000040003051000000000030000404100B2
:107E30000000842184000001000000410000008453
:107E400000824100410000000084000000000000AA
:107E500000000400100011000010030200100200D6
:107E600020A00000210020410004020000000000CA
:107E7000214000000200418200000000008500A0B7
:107E800000200220008202400000000000002000CC
:107E9000010011000100018000000000000020200E
:107EA0000085C080000840000000000000000000C5
:107EB00000000000218421030008840500C00000A8
:107EC000900000008400C010000000118203000038
:107ED0000000000000030000000088000000008097
:107EE000000001000000000901A000800000002047
:107EF000C0100000000084100000000000001040CE
:107F00008400000040801041C0100000000000000C
:107F100000000491840804000800004000C04100F3
:107F200010008004000200020002000000840084AF
:107F3000000011888400A001A010000003000811B7
:107F40000000000000C041840000000000000000AC
:107F5000000000000000000000C02000918204002A
:107F6000A1004001000400400300000409102000AB
:107F70002090024040000000408210000040008439
:107F800000C041000084000041000020000000000B
:107F900000000000010441080100210000800000F1
:107FA0000000000040800080008000800000000091
:107FB00000000021000011000504218300000021C1
:107FC00083900040000084000000000000000000DA
:107FD00000008400A00000000000880000410800AC
:107FE0000100080001200080008000008480000063
:107FF000014101000080000000000000100000802E
:108000000000880000000005004110000080800092
:10801000400000000000808084004000008000409C
:10802000091085090010C003090400054003100071
:108030000000000040000000000000000900008572
:10804000000900900008000000000000000000008F
:1080500000000000000000000002000300400005D6
:10806000009000C1000800108300000040001100D3
:1080700000800000840000800041000200100041E8
:108080000000000000000000800800090009000056
:1080900008000100020000008882910808C000C0AA
:1080A000009100C1C0C0008990010101A001000041
:1080B000010000000000000000000000900001002E
:1080C000008300A100030001000000000000000088
:1080D000000000000000000000009001000000000F
:1080E00000000083000388C000059100000011001B
:1080F00000000088040240A00084C00000000001CD
:10810000000000900088A08800C002010001020069
:108110000000011000010010000182014040A08910
:10812000829000000000000000A001080184010905
:1081300001010000000000000000000100008800B4
:1081400001908201C010A0C040100000000000009B
:10815000000000000000000000000000000000849B
:108160000021000001000500030082000100001052
:10817000000101008200C001A08884000000008589
:1081800000400000201004002008040000820100CC
:1081900000820001108021040580054100080000D4
:1081A000809180C000200004000000041180410084
:1081B0000591030900000000000000000008000015
:1081C0008000098000080080000580800000000217
:1081D000000000000000000000000000000000009F
:1081E000000300080000050408008500C008110015
:1081F00011801102090000000008008080030000C7
:108200000002008900008000800080008000008063
:1082100041000000200980000800020080000000EA
:10822000008011808080208000800480830003080B
:10823000021010109103000900000020000300004C
:108240000000000900802000800080000000000085
:10825000000000000000000000000000000000001E
:1082600021000000000040000002008909900891F0
:108270000010098821200003800000001000000089
:1082800020000000000008000000100000000000B6
:10829000000003020920002082000100010082008A
:1082A0000040820241A088820504A040A0A00502EF
:1082B00001010101000109010000000000000001AE
:1082C0000000000000012088000040008400200021
:1082D000000000000000000000000000000000009E
:1082E0000000000000000000010000110002010871
:1082F000008300A0010400010491100000C001C02F
:108300000004010000000000010000000000000067
:10831000400000000001010090010008000300017E
:108320000000838989080400081084008402C000CA
:108330004000018800210100000000000000000052
:108340000000820288C00000888884A08900410063
:1083500010A000000000000000000000000000006D
:108360000000000000000000000000008340031136
:10837000000104048588C0C1100090000000004086
:1083800000000000000001A0010000000001000248
:10839000000000C001400140000000000080000912
:1083A000000800008391840040004080800080002D
:1083B00000008000038040910211050000000000D1
:1083C000000000008080808000008080C0094100A3
:1083D00040008300000000000000000000000000DA
:1083E0000000000000004100200040004100890022
:1083F00085101002C10009801184111100000000D5
:1084000000800000000041001000410041000020F9
:10841000008000000080098004002021000000008E
:10842000000BD00006410000000BD00000000A0045
:10843000000BD00000480000000BD00041000000FD
:108440000000000000008181000BD000000081814D
:10845000000BD00000000000000000000000000041
:10846000000000000000000000000000000000000C
:108470000000000BD00000000084000BD0000600BC
:108480000000000BD0000000000000000000000011
:108490000000000B000000000050000BD000420064
:1084A00000000000000000005C5C3C3C000000009C
:1084B000000000000000000000FF033F000000007B
:1084C000000000000082828200000000FF00FF0028
:1084D000505050500000000000000000000000005C
:1084E000000000000000000000003F053FF5000014
:1084F0000000000CFFFC3C3C3C0F00055550000008
:10850000040000000000000000001717C3FF000077
:1085100000000000000000000000000FF0FF0F004E
:108520000FFF00000000000000005C5C00FF000086
:10853000000000000000000000005555033F00024D
:10854000000800000000000000000000000000FF24
:1085500000FF10501010000000000000000000405C
:10856000000000000000000000000000300530F5B1
:1085700000000000000CFFFC3C3C3C0F0000555587
:108580000400040000000000000000001717003C79
:10859000000000000000000000000000000FF0FFDD
:1085A0000F000FFF00000000F0AAFF3C00000000D9
:1085B0000000000000000000000000003F3F3CAA57
:1085C000FFF0BEBE00000000000000000000000040
:1085D0000000FFFFFF00FF0000000000000000009F
:1085E0000000000000000000000000000000FAFA97
:1085F000FC0C0000000000000080FFFFFFFF0000F7
:1086000000001C3C20000000000000000000B2B28E
:10861000FFC3000000000000000000000000F0F0B8
:10862000FF00FFFFF0F000000000F0AA003C000097
:1086300000000000000000000001000000003030D9
:108640003CAA00F082820000000000000000000050
:1086500000000000FFFFCF03CF000000000000007B
:10866000000000000000000000000000000000000A
:108670000A0AFC0C0000000000000080FFFFFFFE63
:10868000000000003C3C0000000000000000000072
:10869000B2B23C000000000000000000000000003A
:1086A000F0F0FF000000F0F0A08650F0A0B0000550
:1086B0000800009000000080A08650F0A390000504
:1086C000088604F000B900100000000000090080D6
:1086D000008200BC038000000086002C03B0000074
:1086E000000000000000000000000000000000008A
:1086F000000000000C0000000000000002900000DC
:108700000000008600BC00990000A08650D0A0A008
:10871000000500000C0000000000008600E000B032
:108720000000008600FC00B0000000000000000017
:108730000000F5A0F3F3CFCF05AFFFFFFFFF003C34
:108740000020000000000000000000000000000009
:108750000000D728D7D7FFFF00000000000000006E
:108760000000000000000000000000000000000009
:10877000000000000000000000000000AA003CFF14
:10878000000F0C0CF3FF30003C3C2D2D00000000CE
:10879000A000000000000000000000000000000039
:1087A00000000000000000000000000000000000C9
:1087B00000000000F5A030300C0C05AFF7FFFFFF04
:1087C000003C00200000000000000000000000004D
:1087D00000000000FF002828FFFF00000003000148
:1087E0000000000000000000000000000000000089
:1087F0000000000000000000000000000000AA00CF
:108800003CFF000F0C0CF3FF30003C3C2D2D000012
:108810000000000000000000000000000000000058
:108820000000000000000000000000000000000048
:10883000000000000000F03CF0F0F5F53C550000B1
:108840000000000000000000000000000000000028
:108850000000000000000000000055AA55AAAA551B
:10886000A050000090060000000000000000000082
:1088700000000000000000000000000000000000F8
:108880003CFFF0FF000F005500000000000000005A
:10889000FFCF30003C3C3C0F000000000000000017
:1088A0000F003030FFFFFF7F0000000000000000DD
:1088B0000000000000000000F03CAAAA05053C559D
:1088C00000000001000000000000000000000000A7
:1088D00000000000000000000000000055AA55AA9A
:1088E000AA55F0F090060000000000000000000013
:1088F0000000000000000000000000000000000078
:1089000000003CFFF0FF000F0055000000000000D9
:108910000000FFCF30003C3C3C0F00000000000096
:1089200000000F003030FFFFFFFF000000000000DC
:10893000000000006B7308007069046D00000354B0
:10894000E2D402D7FAFBD0443F84D2D04808401486
:1089500040100180801260201040041008208088A0
:108960000085B00410818110908400000000000098
:108970000000000000000000000000000060E81897
:108980000100000000100060000000000000000076
:1089900000000000000000000000000000000000D7
:1089A00000000000000000000000000000000000C7
:1089B0000000000000000000111011000000000481
:1089C000000400A0000000000000000000000400FF
:1089D0000000000000000000000000000000000295
:1089E0000000000400000000000000000000000083
:1089F0000000000000000402000404000402000063
:108A000080000000000000000000000005000000E1
:108A100000004100000000000000000000004000D5
:108A200000004000400040000020000040004000E6
:108A30000000000000C00000000000000000000076
:108A40000080008000000021000000000000000005
:108A50000000000000000000000000000011000005
:108A60000080000000800000000000000000000006
:108A700000000000840000C001800080010001802F
:108A800000002000000000000000000000000000C6
:108A900000000000000000000000000000000000D6
:108AA00041000000010001000300008000000100FF
:108AB00001000000000000000000000000000000B5
:108AC0000001000000000000000000000020110074
:108AD0000000000000000000000000000000000096
:108AE00004010400002040200001000000000004F8
:108AF0000000000000000000000000000001000075
:108B0000000000200800800002000000200000009B
:108B100000000000000000000001800000888000CC
:108B200000000001800000080000000080008010AC
:108B300000100000400040008000000000100020F5
:108B40000021000200000000002100100000009041
:108B50000010000000210011001000000010002192
:108B6000001001020100008000A1000200000010BE
:108B700000850000040000000021000090100002A9
:108B80000010900900A10100200001000011010067
:108B9000001000110005002100000004201000104A
:108BA00040100000002040000000000000104000C5
:108BB000409000800010010001004000000000C152
:108BC0000084400000000000000040100000000091
:108BD00000880084008400C000A0008400A000A0E1
:108BE0000082008200100004000100A0412000006B
:108BF000000400000000059000008210000004A0A6
:108C00000002000100838900800000028082008948
:108C100000200420840009108001800191011100CE
:108C2000000000000002000000A004000400008515
:108C300000400020004000A0000041C000000000F3
:108C400000100002400008000800080009000003AE
:108C500000030000002100000000000000000000F0
:108C6000000000000010000000800004000500006B
:108C70000000008000000000000000002000000054
:108C800000000000C0040004402140000200402019
:108C900088200080A100110000112004200420047D
:108CA00084000020004100000000000001200100BD
:108CB000002000000080000000000008000000000C
:108CC0000000000041004110000000010000000011
:108CD0000000000000001000000003002100000060
:108CE000110000000000001000000000000004015E
:108CF0001100000005001100050010000020000018
:108D00000000000080A000000300800000000001BF
:108D100080010082090002000982050002010201AF
:108D200000018000800000009000050000000900A4
:108D30000000000000900000002100000000000082
:108D4000000000000000C000C00000000002000998
:108D5000000000000000C000C01000000000000083
:108D600000000005000000000000000000000000FE
:108D7000000200108800024002100000A000000065
:108D80002000000000000400C000000020000000DF
:108D9000002020200010000000000000000000045F
:108DA00000040004400040000005400000000000F6
:108DB000000000000005000000000020000000008E
:108DC00000000000808804001011800100100000E5
:108DD00000000001008400004100000000000000CD
:108DE0000000000840100000020010020000040013
:108DF0000920000000C040A005C00020030003A01F
:108E00000500052000000900000009000020000006
:108E1000000082000200009003002100100000C04A
:108E2000040140050001080000201000000200407D
:108E3000C1C0000000000010004008201040048263
:108E400000A0000000400800010001A008208240AE
:108E5000000000000004100084000000000000007A
:108E6000900090009003010000000000C00000008E
:108E7000010000800000C00301030000004000006A
:108E800000000000C0000000040000050000000019
:108E900000100003400000000208A00000000100D4
:108EA0000041010489840004000000080000000063
:108EB00000000400000000000080000001800000AD
:108EC000000084000000008000200000100000006E
:108ED000000011000000001000C000840084001099
:108EE00000000000000000900000000010100000D2
:108EF000008800900900000041880984024004882D
:108F0000201020108520410000000000001000000B
:108F100000000088412000400004112009040800DE
:108F200000008200800080008000108400844100E6
:108F30000084000003C00000030000842011001022
:108F4000008400100084088400A00080000001005C
:108F50000021000000000000000000000000C040F0
:108F6000C0030041000000000000000000000000FD
:108F70000000000082000000A005000000000000CA
:108F8000A00001000100200000000000000000001F
:108F900084008400000000A1000000000020008088
:108FA0000000000002000200020002400010000069
:108FB000000000080000C00000110200000500A031
:108FC00000000040000088001000000000000000C9
:108FD000000000008803404000080321000000005A
:108FE0000000000000000000000000000000000081
:108FF0000000000082834041201003A10903020306
:109000000010C10900000000000000000000C003C3
:1090100008040002092000000004210000000005EF
:1090200009108041000908888009050409091120F8
:10903000411100084140021000080040080820C00B
:109040000882000820119003800400111004000021
:10905000000040A0000004010001000041000000E9
:109060000000000000000000000000000000000000
:10907000000000000000058900000102901090012E
:1090800001010001020000000000000000000000DB
:109090008301000108010201000000000800000037
:1090A0000001010040010000018982010410010556
:1090B000000100000000010000010001A00001010A
:1090C000008201098800010811010201000001006D
:1090D00000C0000000040000010001900100010038
:1090E0000000820010880200000000000000000064
:1090F000000000000000000089000405C005010810
:109100000000000501210100000000000000000037
:10911000000000A00104010901000010000800087F
:109120000001000400A001090000050083A00588DB
:109130000501010000400108010001080140011083
:10914000010108000004001083000100001001016B
:109150000100000000000000000010004040200559
:1091600003400000000080800000000000000000BC
:109170000000000000000000000010004190108876
:109180000388030003C103830311000000110000E2
:1091900000400000020004C0029003400000009064
:1091A00000800040090010004188090040000800CC
:1091B000A18009080200402008090300108008115E
:1091C0001082081010214011084090111000110069
:1091D0004008030000000400000000000310000825
:1091E0000920100300000000020000000000000041
:1091F00000000000000000000000000083100010CC
:109200001140038308400004210383030000000091
:10921000100000000080C002200411029003000032
:1092200008800284008040004000000040000808E0
:109230000000A1048404404000400008030304101F
:1092400004080041C00390C00008038808901091F2
:10925000000410080821000000A000000400C10163
:10926000000000019101000000000000000000006B
:109270000000000000000000000000000000058960
:10928000C0C0A00301894101000100012101880043
:109290000000000000000080830001010001830144
:1092A000049001040110108201000100000002007E
:1092B0000101000004A08804C000000000000101BA
:1092C0000001000000010901092000A083A1028320
:1092D00089100090010041900000C00000000002D1
:1092E00001000089010900000001000000000008E1
:1092F000000000000000000000000000000000006E
:109300000502C084A189C009010201C00103000057
:1093100000000008000000000080018201C001116F
:10932000000000C000100000000000C000010001AB
:109330000000C10005C00400C100000000010000E1
:1093400000000108009101000100822008010900CD
:10935000010200C000010001010000000000000047
:10936000000003000841201020110002000000004E
:10937000008000000000000000000000000000006D
:10938000000003821005401002080380039010A023
:10939000054000000000000000000080038004027F
:1093A00002200209000000800004000008001008EC
:1093B000090209001000900900041000020040108A
:1093C000030240000380100408110800C0A18810A7
:1093D0009010100011000341030210000600000B62
:1093E0000000000000000000D00042480000000B18
:1093F000000000000000000000000000000000006D
:10940000000000000000000BD000425000000000EF
:10941000D000004200000000D0000000000000006A
:10942000000BD00012500000000BD0000000000024
:10943000000BD00000000084000BD0002100004889
:109440000000040000410000000B000000000000CC
:10945000000B000000880000000000000000000079
:1094600000000000000000000000000000000000FC
:1094700000000000000000000000000000000000EC
:1094800000000000000000000000000000000000DC
:1094900000000000000000000000000000000000CC
:1094A00000000000000000000000FFFF0000FF00BF
:1094B000FFFFFFFD00000000003CFF0081000000F6
:1094C000663C663C040703030F0000008D4E4242D9
:1094D00033009900343704070F993C001034082CEE
:1094E000000000000000000000000000000000007C
:1094F000000000000000000000000000000000006C
:10950000000000000000000000000000000000005B
:10951000000000000000000000000000000000004B
:10952000000000000000000000000000000000003B
:10953000FF000002000000000000003C00004200AC
:109540000000F0000F00070400000A0A06060000F1
:10955000000033006600373407040F663C00341007
:109560002C080000000000000000C20804000010E9
:109570008861000000000000000000000000000002
:1095800000000000000000000000C20804000010FD
:109590008861C2080400001088610000000000001B
:1095A00000000000C20804000010886100000000F4
:1095B00000000000000000000000000000000000AB
:1095C000000000000000000000000000000000009B
:1095D000000000000000000000000000000000008B
:1095E000000000000000000000000000000000007B
:1095F000000000000000000000000000000000006B
:10960000000000000000000000000000000000005A
:10961000000000000000000000000000000000004A
:10962000000000000000000000000000000000FF3B
:109630000000FFFF00000000FF2F00F07EFE000092
:109640000000000200006C6C6C6C0C0C08381818E0
:10965000300C3030E724F0005050006300930000DD
:1096600000F0C0C0E020000000000000000000008A
:1096700000000000000000000000000000000000EA
:1096800000000000000000000000000000000000DA
:1096900000000000000000000000000000000000CA
:1096A00000000000000000000000000000000000BA
:1096B00000FF0000000000000000242400007E7E67
:1096C000006020400000000000F0F00000000434C2
:1096D0002424300C303024E700F05050006C009C03
:1096E0000066005A000020E0000000E003300000A7
:1096F00005000410000200100086006000A00000B9
:109700000000000000000000000000000008000051
:1097100005860410008200100000001000020010F6
:10972000A0005010A00000050000058604F000B263
:109730000010A88654F0A0B20015008600E000B02A
:1097400000000186009C00800000C600011608048D
:109750004940028701E000B4094002000180000492
:10976000084002C6016000B440400000FF000F0F37
:1097700000000000000000000000000000000000E9
:1097800000000000000000000000000000000000D9
:109790000000FFFFFFFC5F7FFF7F00000000000074
:1097A00000000000000000000000000000000000B9
:1097B00000000000000000000C0C0055000000003C
:1097C00000000000FC3C0C3CFFFFAAFF0000000072
:1097D000000000000000000000000000A0A0AA009F
:1097E0000C0CC3FF000000000000C3C30000FF001A
:1097F0000F0F00000000000000000000000000004B
:109800000000000000000000000000000000000058
:1098100000000000FFF0FFFC5F7FFF7F0000000002
:109820000000000000000000000000000000000038
:10983000000000000000000000000C0C00550000BB
:10984000000000000000FC3C0C3C00000055000043
:109850000000000000000000000000000000A0A0C8
:10986000AA000C0CC3FF000000000C0C0C0C000044
:10987000F0F055550000000000000000000000005E
:109880000000FFFFFFFF00000000000000000000DC
:10989000000000000000FFFFFFFFFFFFFFFF0000D0
:1098A00000000000000000000000000000000000B8
:1098B00000000000000000000000000000000000A8
:1098C0000000000000000000F3F330300F0F0F3CE9
:1098D0000000000000000000000000000000000088
:1098E000FF003C3C3C3C55550000000000000000DF
:1098F0000000F0F0555500000000000000000000DE
:10990000000000000F55FFFF0000000000000000F5
:109910000000000000000000BFBFBABA35FF35FFED
:109920000000000000000000000000000000000037
:109930000000000000000000000000000000000027
:1099400000000000000000000000FFFF00000F0FFB
:109950000F3C0000000000000000000000000000BC
:1099600000000000000000000000000000000000F7
:10997000000000040000000440040000000000108B
:1099800000100010000000080000000000000000AF
:109990000001000000000000000000000000004086
:1099A0000000000000000000000000000000200097
:1099B000000000000400040000002000000000007F
:1099C0000000800000000000000000000000000017
:1099D0000000000000000010020000000000000075
:1099E0000200210000A000000000000000000800AC
:1099F00000000001008000000080018000000000E5
:109A000000000000000000000080000000000000D6
:109A10000000004000000000000000000000000006
:109A20000000000000000000000000000000000036
:109A30000000000000C00100010000000000000064
:109A40000000000004000000000000000000000012
:109A50000000000000000000000000000000000006
:109A600000000000000000000000000000000000F6
:109A700001000000002000000000000000000000C5
:109A80000000200000000001000010200004000081
:109A900000000000000000000000000000000000C6
:109AA00000000000000100000000000000000000B5
:109AB00000000000000000000000000000000000A6
:109AC0000000000000000000000000000000000096
:109AD0000000000000000000000000000000000086
:109AE000000000000000000000C0000000000000B6
:109AF0000000000000000001001000110010000034
:109B000000000000011000410040001001900080A2
:109B10000000000000000000001000100010001104
:109B20000010001000100020204000100010000065
:109B300000000010000000000000000800080008FD
:109B4000000000110040000800100000001100118A
:109B500000000000001000110010000000000200D2
:109B60000010A000A000020000110008000000008A
:109B70000021000000110000002000840084008407
:109B800004400000001000A0000000100011801030
:109B90000000002000200000100000020000000073
:109BA0000002044004020400004000042000000001
:109BB0000000000000000000000000000000800025
:109BC000808480400000800020000000000003002E
:109BD00002882100000002A00800030820002000E5
:109BE00020402000004021404140000011000000C2
:109BF000118800010000881100000400000000002E
:109C00000000000800000000000000030010000831
:109C1000104100000000000000000000000084006F
:109C2000000010800180018001008480000020007D
:109C3000000500090000000000000010000088007E
:109C4000204020002010A040041120000000A000AF
:109C500000400200A0000009000000000080830016
:109C60000500010001000080848500A100000005BE
:109C700008050000C0040000099000210103001144
:109C800000108011001100040004001000410000C9
:109C90000000000900000304000403040340000066
:109CA000000080000000030100000000000100002F
:109CB00000000000000000000000000000000000A4
:109CC0000000020004008000000100A0000000006D
:109CD000000180044101A10000000000100000000C
:109CE00010001000410020000000000000000000F3
:109CF0000000000003000000800080028000840259
:109D000000A0008502C000A0008000900210022088
:109D1000001000000088000000800080008000002B
:109D2000000000412021004100020010001000024C
:109D3000000000000010000000000200000002000F
:109D400000000000000001000400000402000040C8
:109D500000050004208000042003000084000000AF
:109D6000000000000000A000100000000000200023
:109D70009000000000000000002140110880400019
:109D80000580000040100040401005002140050003
:109D900000080500030090110300040020100900D2
:109DA00000840804091040902010000200100008F0
:109DB0000000000400100002808400000000040085
:109DC00021000000000000001100008204210204B4
:109DD00004042000030000000000000009C021016D
:109DE000110180000000100000004140000005014A
:109DF00000000540800080008000800120000801F4
:109E0000000000001000010000000000001004002D
:109E10000000000000000000110800001000110008
:109E20001000880001800080010001800082000095
:109E3000408300100000000084801040004100407A
:109E4000001000000000001184008403000884203A
:109E5000880001A105210421A0090200A000000042
:109E6000020404041000000041100011849040001E
:109E7000000290119083204020112000104000002B
:109E800000100000002140000005C0010000030890
:109E9000000040A000C10000000080080000000099
:109EA0000300004000414020C004A0200402000242
:109EB00000C004100000000400A00090000000009A
:109EC0000902020000000000200003000000000062
:109ED0000000008400000000000041C00284021065
:109EE000000400008400200000C0111100004002A6
:109EF000000000000000110000880000008800A0A1
:109F00000082001000008082010000A003400000D9
:109F10000000000002100204000000001088000091
:109F20000000000000800084018005C1088001C19C
:109F30000080000000000000008000000000000021
:109F400000000000000400040000050088008804F0
:109F5000024000000000000900000210900301030D
:109F600003000080000005000100000000880800D8
:109F700001808221A000C0049009000900000000B7
:109F800084008800008000000400808080002000A1
:109F9000000002020940001008414080000000005B
:109FA000038000A005400041104191838009110801
:109FB000088983830984041120C100000000000087
:109FC0000000000000000000000000000000000091
:109FD00000000000000009000000000000008000F8
:109FE00000000000030000000000050080030002E4
:109FF0000011000000800000008000000000000050
:10A0000000000000000380000008000088829084A7
:10A0100021A0008801010100C001000001020088A8
:10A020000090000200100189000800888983909147
:10A03000908301089005C189A0900089000000006C
:10A040000000000000000000000000000000000010
:10A0500000000800000088000100900000000000DF
:10A06000200010000000010000001000000084012A
:10A0700084010001000000880004100400000000BA
:10A08000900000000000000190000001000090011D
:10A090008800400082900000010001400001900013
:10A0A0008200058801008201410840C00801830147
:10A0B00040C0888983910002010001020101000073
:10A0C000001000010000000000000000000000007F
:10A0D00000820000008800010010000100820000E2
:10A0E000080020018808040109018401890808008A
:10A0F0000000000400050001820110000488010036
:10A10000010001000000010000000000000001004B
:10A1100000080441000080820000410010C1410994
:10A120008000050085800900001040004180410941
:10A130000810110010918389080008000500030928
:10A14000000000800011000000000000000000007E
:10A150000000008000410000000800800020000096
:10A1600000118000800280800040100283208580E2
:10A17000C01100000003002000400503A000C080C3
:10A180001000400010020300100400000000000056
:10A190000300208000C0C0808080030000020910FE
:10A1A000004100038021002000100040008209C10E
:10A1B000404104110088C009918311200311000857
:10A1C000110300000000000000000000000000007B
:10A1D000000000008000100010008000000003005C
:10A1E0001000000000004000048080008005000591
:10A1F000402000208400000040000080008000001B
:10A2000000800080000000800200000000000000CC
:10A2100000888083039084C191108882010000012E
:10A22000010100000000C000A0014001000188C140
:10A2300091849140000482C191C1898300A0C1A092
:10A2400082C103890000000000000000000000003F
:10A250000000000000008200000000008200C0003A
:10A260000100000082000400010200A08804080030
:10A2700000000101900110040000000400820008A9
:10A28000C0C0000400880290000800000090002078
:10A29000000000A1888382908882A000109000882E
:10A2A00001000100000000400008000100C0098911
:10A2B00091000801080883898983080189080090B2
:10A2C00000910001000001880190000000000000E2
:10A2D00000000000000000000000009000000000EE
:10A2E00000000040000000000000008800000000A6
:10A2F000004010C00001000401C001200000000067
:10A3000008010488C00000000000000400000000F4
:10A310000000000000000000808380800000020038
:10A32000408004111041410000050005000200803A
:10A33000C0850403C103C10083918491090308000F
:10A34000000000110003000003800400110002005F
:10A3500000000000000000000000000000000000FD
:10A3600000000000000000000000000000000000ED
:10A370000000001180C000020000030004800400FF
:10A380001100000380808000000000000000000039
:10A39000000000000000001110000060000BD00061
:10A3A00042000000000BD00041000000000BD00074
:10A3B000000000000000D00000820000000BD00070
:10A3C00042820000000BD0000A8200000000D00092
:10A3D0000000000000000000000000000000000B72
:10A3E000D00006820000000BD00041000000000BEE
:10A3F000D00000000000000BD0000A0000000000A8
:10A40000D00000000000000B00000600000000006B
:10A41000D00000000A00000B000000003C3C0000DF
:10A420000F0F00007DFD7FFF5FFFFFFF00000000BA
:10A43000004000403FFFFFFF3FFFFFFF5F5F3CFF2B
:10A440007D7D0FFF00000000100008007D7D0FFFE4
:10A4500000000000000000000000000000000000FC
:10A4600000000000000000000000000000000000EC
:10A4700000000000000000000000FFFFFFFF2000C0
:10A4800000000000000000000000000000000000CC
:10A490000000000000003C3C3C3C000000FF3C3C55
:10A4A00000000F0F00007DFD7FFF5F55FFFF0000E4
:10A4B0000000000010103FFF3F3F03FFFFFF505020
:10A4C00000C3414100F000000000000000004141D5
:10A4D00000F000000000000000000000000000008C
:10A4E000000000000000000000000000000000006C
:10A4F000000000000000000000000000BFFFFFFFA0
:10A50000000020000000000000000000000000002B
:10A5100000000000000000003C3C3C3C000000FF4C
:10A520000000FFFF0000F0F0FFFFFF3FFFFFFFFF15
:10A5300000000000FFFFFFFAFFFEFCFEFFFFFFAF81
:10A54000FFF0BEBEFFC3FA0AFCFCFFAAF3F3F0AAB9
:10A5500000000000000000000000000000000000FB
:10A5600000000000000000000000000000000000EB
:10A570000000000000000000000000000000FFFFDD
:10A58000FFFF0000F0000000000000000000FC00E1
:10A590000C0000000000FF300030F0F00000FFFF72
:10A5A0000000000000000000F0F0FFFFFC3CFFFF97
:10A5B000AAF000000000FAFFFAFAFFFEFCFEFFFF1F
:10A5C000FFA00F0082823C00FA0A0C0C00AA303077
:10A5D000F0AA0000000000000000000000000000E1
:10A5E000000000000000000000000000000000006B
:10A5F000000000000000000000000000000000005B
:10A60000FFFDFFFFF0000000000000000000000060
:10A61000FC000C0000000000FF300030F0F00000F3
:10A6200000000000A880549CA0120015008600E0E5
:10A6300000B000000086006000A8000000860060F6
:10A6400000B000000800049000020010008604F032
:10A6500000B9001008000010000000000000000019
:10A66000000000000000A08650F0A0B00005A08609
:10A6700050F0A0B00005A08650F0A0800005A08694
:10A6800050F0A0A00005A5865A70A0B00005008675
:10A69000008000800080A0865070A0B0000502C637
:10A6A000016003144940EB28AFAFAAFF033F00004D
:10A6B000000000000000000000000000000020007A
:10A6C0000000000000F0F5A0F3F3FF3C1E1E0000A8
:10A6D000000000000000000000000000000000007A
:10A6E000000000000000000000000000000000006A
:10A6F00000000000000000000000000000FF0F0F3D
:10A70000AA00AA000000000000000000003CC300F6
:10A71000FAF050F0000CFFFC0000000003033F3F84
:10A7200000000000C3C33CFFEB28A0A00055033F7E
:10A730000000000000000000000000000000000019
:10A7400020000000000000F0F5A03030003C1E1E8C
:10A750000000000080000000000000000000000079
:10A7600000000000000000000000000000000000E9
:10A77000000000000000000000000000000000FFDA
:10A7800000FFAA00AA000000000000000000000076
:10A790000000FAF050F0000CFFFC00000000000088
:10A7A0000000000000003C0000C37D283F3F400047
:10A7B0000000000000000000000040003C3CFFFFE3
:10A7C000FFFF0000000000000004FCC0FF55FF0F69
:10A7D0002D2D00000000000000000000000000001F
:10A7E0000000000000000000000000000000000069
:10A7F0000000000000000000000000000000000059
:10A8000000FF0CFC00000000000004FB0000000042
:10A8100000000000FF5FA0003C0F3C0F00000000A4
:10A820000000000000000000000000007D28303023
:10A830000000800000000000000000004000000058
:10A8400017FF17FF0000000100000000FCC0AA0075
:10A85000000F2D2D0000000100000000000000008E
:10A8600000000000000000000000000000000000E8
:10A8700000000000000000000000000000000000D8
:10A88000000000FF0CFC00000000000000FF0000C2
:10A89000000000000000FF5FA0003C3C3C3C0000CA
:10A8A00000000000000000000000000000000000A8
:10A8B000000900000000000000000000000000008F
:10A8C0000000001000000000000000000000000078
:10A8D0000000000000000000000000000000000078
:10A8E0000000000008200000000000000000000040
:10A8F0000000080008001101000000000000210015
:10A90000C0002002400040000000000000020200E1
:10A91000800003000400000000000200910100001C
:10A9200000000000200000410000A0002000800086
:10A93000000000880000000000000000000000008F
:10A940000000000000000000000000000000000007
:10A9500000000000000000000000000000000000F7
:10A960000000000000000080000000000000000067
:10A9700000C00000004008000020000000000000AF
:10A98000000021000180010401000000000000001F
:10A99000010020000000000000000000010008107D
:10A9A0000000000000000000000200002000010084
:10A9B0002000000000001000000000900001202096
:10A9C0000000000100040021000400040000000851
:10A9D000000800000000000000000000000000006F
:10A9E000000000C000000020000000000000000087
:10A9F0000000000000000000000000000000000057
:10AA0000000400000001000100000001000000023D
:10AA10001000000000000000000000000000000026
:10AA20000001000000010000000000000000000024
:10AA30000000000000000000201000100020002096
:10AA400000A1002000040090008400A100890009FA
:10AA500000000000000000000010000800000000DE
:10AA6000000000100010002100C0000000000000E5
:10AA70000040000000000000000000100010000076
:10AA800000090080004000020040901000100041CA
:10AA900000C1004100100000000000080008000094
:10AAA00000000010001000020000004100400021E2
:10AAB0000010001000100000800000820000000064
:10AAC000000000820010004000100000008900001B
:10AAD0000001001000C000000001A00100110020D2
:10AAE000002010200020002004101004001011404D
:10AAF0000090004020880000850000040000040051
:10AB0000030005002000858420018400024120010B
:10AB100080008041A110804100000010114000041D
:10AB20000001000089014000100000041000100422
:10AB300000000584000000C00000100000030000B9
:10AB400000000000000500100010001000020020AE
:10AB50009000000400000003000500204140002098
:10AB60000080008001C100A10080010001002000E0
:10AB70000000000000000010000040000004000081
:10AB800000008200822103002004000440000184B0
:10AB900001024000409020002004000010A10000AD
:10ABA0000080000200000810110000040080000076
:10ABB0000000000800008400000000000000000009
:10ABC00000000089000100000001000100200000D9
:10ABD00000000089000000040001000000000000E7
:10ABE0000000000000000000000000000000000065
:10ABF0004000000000000000000000000000000015
:10AC00000900000080000000800002002000000019
:10AC10004100200002000200030008004100000182
:10AC200010014100000100000001000000000000D0
:10AC30004100000020000800000000001005000096
:10AC40002003000500200004000000200020888070
:10AC50000010000900020000008000020000000057
:10AC600000000000000000000000000000000010D4
:10AC700000000000000000000000000000000000D4
:10AC8000000000000000100000052000010000008E
:10AC90000000C0000010011083000000000200004E
:10ACA0008804A0040005004000000010820000009D
:10ACB0000000000000000100000088000000040007
:10ACC00000000400008200020400000400020000F2
:10ACD00020000020008880000000800000010002A9
:10ACE00000840084800000000000002000A000001C
:10ACF00000840000000000000400000005000000C7
:10AD00000000200120A0000000000002200000C080
:10AD100000402108A0C010104000C0110201050031
:10AD2000094121000000100009208400C120000119
:10AD3000000480008000800820002082000820009D
:10AD400001000000010000210080010000A000803F
:10AD50000000010000800000040000410810000411
:10AD60000080000504000805000000100083002199
:10AD70000000000500000010000800000000900026
:10AD8000000000032002010000000000002001106C
:10AD900000040010200041001000890021029104ED
:10ADA000841100C0000500000008008041202080C0
:10ADB000C004100040002008200000000100000036
:10ADC0000140C100844080880441000800020084E2
:10ADD00000100000000000000000000080000002E1
:10ADE000000000000000008400000000000000409F
:10ADF000001000000000001040101110001004109E
:10AE0000118400001100040009002000000000046B
:10AE1000008520C00010008541401000840084009F
:10AE200004040400C14040004100C10011010904B4
:10AE30000040020000001000410200020000000873
:10AE400020000090080009000800C11000808880E0
:10AE50000000000000008800022102000000400005
:10AE60000080000000000000000000000000000062
:10AE70000000000000000000001000000000A00022
:10AE80000000000000008200000088410100000076
:10AE900000008404011000800004C085000003004D
:10AEA00003418500014002800141C0000200C04012
:10AEB000C080840000000004820000000000000048
:10AEC00000000100100080898041031100A011835F
:10AED0008489054141400088808511C111C180806D
:10AEE00000400000000011001100410040008000FF
:10AEF000400008000080000000000000000000008A
:10AF00000000000000000000030382031120C120A4
:10AF10001100000020000800880300000000000568
:10AF20009111118980020989008000809000000041
:10AF30008383038480820341A00311040002102054
:10AF4000000000000000000088829021218300039F
:10AF5000898911050020010000888204004000401A
:10AF600088820020208200880100890021000000E2
:10AF700088404040408200100000000008000000AF
:10AF80000000000000000000000089011101000124
:10AF900002010000000000000100040100000000A8
:10AFA000000091848505C08301890008000803041E
:10AFB000000482830185A011A040830100010001EB
:10AFC00003010000000000000000020082904088A1
:10AFD0008290830005C0058921118900040040A0EA
:10AFE000400900000040000000000400042090011F
:10AFF000C090880040000800C00800900000009049
:10B0000000000000000000000000000000000041FF
:10B010000109010001000182010001000200088411
:10B02000A000832184830401A10483110182000113
:10B0300001100001010501050110018400C001A1FA
:10B0400001000101000000010000000100020000F9
:10B050000080809120008880A18203890200850001
:10B06000C191C10900000004000000108020800090
:10B0700000118080000900000000808000000000B6
:10B0800000000000000000000000000000000500BB
:10B0900005C10383030510000880100908008520FE
:10B0A00041008008839100C09109A10083090980B3
:10B0B0000020090000202088048802030305020004
:10B0C00004100203034000000010000000101000F4
:10B0D000008080008980202080848041918300024C
:10B0E000008589C1C0C10000800084400000008349
:10B0F00000A0200980830000008000808000000004
:10B1000010000000000000000000000000000080AF
:10B11000208500050903030300080008098900834E
:10B120000505000000104003029184118989C08345
:10B130000000C100A0000080822008041002030368
:10B14000A0020004110241030000000010000000F2
:10B150000102C0049090888201010805042003893F
:10B160000001000409408940040082009000400072
:10B17000000200C000418883004008C00810880811
:10B18000000001000000900000000000000000002E
:10B19000008089100090004101210021000101116F
:10B1A0000010000000000001000101909001898959
:10B1B0001183A0C0040009C0C082830141010901BC
:10B1C0000301820000010001000190000000010065
:10B1D00000008305890082002002052005C12100AE
:10B1E000C1000488890040004008000000100001F0
:10B1F0000000838988820300212040010888C00064
:10B2000040080000000000000000000000000000F6
:10B2100000000080010201C10190010100A00001B5
:10B220000000000083218402020002A0840140117A
:10B23000020040C00000001100000001A182A1C076
:10B240000983890001820120018800010000008833
:10B25000000000008891880000008080C011A0914B
:10B260004041200085808400C109C10000000080A9
:10B27000002100008389C00082009000000300804C
:10B28000800000000000000000000000000000003E
:10B290000000000000800380030320202010200015
:10B2A00011022008110083C00085880080008010F2
:10B2B0008091000080000000008900000009838068
:10B2C00004058210902003800485024121080000BB
:10B2D0000000000000000000000B000000840000DF
:10B2E000000BD00000000000000BD0002100000087
:10B2F000000BD00042000000000BD0000000000056
:10B30000000B000042000000000B000000000000E5
:10B3100000000000000000008100000BD00012427D
:10B3200000810000D000820000000000D00000007A
:10B330000000000BD00006000000000BD00006004B
:10B340000000000BD000125000000000D0001200DE
:10B3500000000000D000000000000000000000001D
:10B3600000000000CFCF0F667F7FFF3FFFFFFF3F52
:10B370000000FFFF0000FF003C3C3C660F0F4E4EFC
:10B3800000000000000000000000000000000000BD
:10B3900000000000000000000000000000000000AD
:10B3A0000000FFFFFFFFF024FF240F0F66663C0044
:10B3B00024240000000038042828000000000000B9
:10B3C000000000000000000000000000000000007D
:10B3D00000000000000000000000000000FF00006E
:10B3E0000000000000800C0C0F667F7FFF3FFFFF16
:10B3F000FF30000000000000FF000F0F3C66FF0060
:10B400004E4E0000000000000000000000000000A0
:10B41000000000000000000000000000000000002C
:10B4200000000000FFFFFFBFF000FF00FFFFFFFF75
:10B430003C002424000000003C0024240000000004
:10B4400000000000000000000000000000000000FC
:10B4500000000000000000000000000000000000EC
:10B4600000000000000000000000000000000000DC
:10B4700000000000000000000000000000000000CC
:10B4800000000000000000000000000000000000BC
:10B490000000000000000000000000000000C208E2
:10B4A000040000108861000000000000000000009F
:10B4B000000000000000000000000000000000008C
:10B4C000000000000000C208040000108840C2080C
:10B4D000040000108861000000000000000000006F
:10B4E00000200000000036363C3CF0F030F3FEFC5B
:10B4F000FEFFFCFFFFFF00FF0000FFFF0000000059
:10B50000000000000000000000000000000000003B
:10B51000000000000000000000000000000000002B
:10B52000000000000000000000000000C3C3424B08
:10B5300066663C3C30302424000020DF9090609010
:10B54000000000007EFF7EFF000000000000000001
:10B5500000000000000000000000000000000000EB
:10B560000000000000000000363600FF666630F381
:10B57000FEFCFEFF0CFFFFFF00FF000000000000CC
:10B5800000000000000000000000000000000000BB
:10B5900000000000000000000000000000000000AB
:10B5A0000000000000000000000000000000C3C315
:10B5B000C3C30000000030302424000000FF90903E
:10B5C0006090000000007EFF7EFF00000000000091
:10B5D000000000000000000000000000000000006B
:10B5E00000000100008000000000008604100082BE
:10B5F00000100086000000800000A88454D0A0B293
:10B600000015088200B00012000000860080008053
:10B610000000008600E000B0000000000000000014
:10B620000000000000860070039200100086006C8D
:10B6300000B020000886047000B20010008600F000
:10B6400000B20010A08650F0A0B00085058604F07E
:10B6500000B200100500041000020010A0005010FD
:10B66000A00000057D283F3FF0FF417DFFFFFFFC6C
:10B670005FFFFFFFFFFFFFFCF5FFFFFF0000000083
:10B68000000000007D283F3F417D00FFF0F0F8F012
:10B690000F0F0E4F0000000000000000000000002F
:10B6A00000000000000000000000E1F0F0F00000E9
:10B6B00000007DFFFFFF0100080000000000000007
:10B6C0000000003C00000000000000142800000002
:10B6D000000000000000000000000000000000006A
:10B6E0000000000000007D283030000F417DFFFF8A
:10B6F000FF0C5F5FFF5FFCFCFFFC05FFFFFF00002E
:10B700000000000000007D283030417D0F0FF0F078
:10B71000D0F00F0F0F0F000000000000000000002D
:10B72000000000000000000000000000F0F0F0F059
:10B73000000000007DFFFFFF00000000000000008F
:10B740000800000000003C00000000000014280079
:10B7500000040000000000000000000000000000E5
:10B760000000000000000000FA50FFC3AAFF033FE2
:10B77000FFFFFFFF3FFFFFFFFFFFFFFC35FFFFFF66
:10B78000AAF0EBEB00000000000000000000000049
:10B79000F0F078F03C3C3C7C000000000000000031
:10B7A0000000000000000000000000000000000099
:10B7B0000000000000000000000000000000A2A245
:10B7C0005D08000000000040008000001000000044
:10B7D00000003CFF0400000000000000000000002A
:10B7E00000000000000000000000FA503C0000557E
:10B7F000033FFFAFFFA03FFF0FFFFCFFFCFC35FF47
:10B80000FFFFAAF0282800000000000000008000D0
:10B810000000F0F0F0F03C3C3C2C00000000000088
:10B820000000000000000000000000000000000018
:10B830000000000000000000000000000000000008
:10B84000AAAA550000080000000000000000000047
:10B85000000000003CFF00000000000000000000AD
:10B8600000000000000000000000000000002100B7
:10B8700000000000000000000000000000000400C4
:10B8800000A0000000000000000000000000000018
:10B890000000000000000000000000000020000088
:10B8A0000000000000200020000000000000000058
:10B8B00000000000000000000300880000000000FD
:10B8C000000080000000000020008800000011003F
:10B8D000000000001100000000000000000000084F
:10B8E00000002000000820002000200000000000D0
:10B8F0000000000000000000000000110000000037
:10B900000000000000000000000000000000000037
:10B9100000000000000000000000000000000080A7
:10B92000000000000000008000800000000000C057
:10B9300000000000000000000000000009000000FE
:10B9400000000000200000000000010021000000B5
:10B950000000A00000000000000004000000000043
:10B9600000000000000000000000040000000000D3
:10B9700000000000000000000001000100010901BA
:10B9800000010001000100010000000100040001AD
:10B990000000000100010001000000C0000000C024
:10B9A00000A000000000000000A000000021000036
:10B9B000000020C0000000A00000000000A0002047
:10B9C00000100000000080000001000000000000E6
:10B9D00000010010800000000000000000010000D5
:10B9E0000000000000000000000000000000000057
:10B9F0000000001100000008001100040004000411
:10BA0000000400040004000400040000000400A07E
:10BA10000004000000040004000400000000000016
:10BA20000000000000000000000000000000001006
:10BA300000000000000000000020000000100000D6
:10BA40000080001000000000200090200000000096
:10BA500000000020000920000041000000210440F7
:10BA600000410021000000009000001000000000D4
:10BA7000000000000000001000100010058200000F
:10BA800000840000000000A0000000A000014000B1
:10BA90004020040000040000111000A000C0008439
:10BAA0000000000000008000000000000001001005
:10BAB000000000100000001000C01102040000C0CF
:10BAC000890000001100000800840584008800003F
:10BAD000081002C0800000010041000300030000C4
:10BAE00000201021001000000000000000C0001025
:10BAF0000010001000100000000000000000000016
:10BB000000000000000004000200020000400020CD
:10BB10000000008900090080000000000000000013
:10BB2000000300000000000020210021002100107F
:10BB300000C00000008000000010000000050000B0
:10BB4000000020000021000000808400A0410003CC
:10BB500000020383C10304000020002000A000A015
:10BB60000000000000100080000000000021000024
:10BB70000000100010100000000000000000000095
:10BB8000002000200200000000000001040100006D
:10BB90000020002000200000000000000000000045
:10BBA00000000000000000000085000100000010FF
:10BBB000008500A00000000000000000000000015F
:10BBC00020000420000004000210100000002040AB
:10BBD000C18441002005004084A00000000009004D
:10BBE000000000840084008500840000000400043C
:10BBF0000004000000000390000000000000A0000E
:10BC00001000080000000000000000050020822055
:10BC10000000000000000000000000000000000024
:10BC200000000000000000000000000410200000E0
:10BC300000000004000000210010000000100000BF
:10BC4000002001000180000001000100010000004F
:10BC500001000405000001840041050500210021C8
:10BC60000000C00000000000000400000000008090
:10BC70000080008000008410000000000000000030
:10BC8000800080010000000000041000002020005F
:10BC900005000020000000004110002000002000EE
:10BCA000000400000000000000A0000000000000F0
:10BCB0000004092000000000800080000000004017
:10BCC00000840810082000118010041100010000F9
:10BCD0000000202010100000A01120410020410091
:10BCE000830405004110040041000004008400A00A
:10BCF0000000000003000000000000100000000031
:10BD00000000100010400200002000A0001100C13F
:10BD100041004002008200000000002140000000BD
:10BD2000010000800000001000000400041000006A
:10BD300000000080008000000000041104000000EA
:10BD400000004040002188C1000420050184000457
:10BD5000001100000100010000202184014000804A
:10BD6000820820800003C0000100000084A10010B0
:10BD700000000000000800080000000000000000B3
:10BD80000420008400040084000000100200002051
:10BD900000000000042000000090002000000420AB
:10BDA00000000000001000C000000000000000843F
:10BDB0000000000000200000009000A000A100C0D2
:10BDC0000000001008840010008400C02100081149
:10BDD000024000000008008841024188A0840885D4
:10BDE00000820000A002910009A0008410840000DD
:10BDF0000084800011000008000000820400090493
:10BE00000400000010000000000802000080000094
:10BE1000C080000000000000000000001080000052
:10BE20000080000010000000000000000000000082
:10BE3000000000000000008000000000000000047E
:10BE400000000000000000000000000000000000F2
:10BE5000010401800000008000000080000021003B
:10BE600001400000000021804000000000000000B0
:10BE70000040000020000000000000000010000052
:10BE800000000000020000004000200008058009BA
:10BE90008210002120050005000500208011000906
:10BEA000022010A108000040000200200000000055
:10BEB00000000000080809100008034108110910DB
:10BEC00000110841000000804000118000800080C7
:10BED000900040000080820340108802031100851A
:10BEE000400940C1200880830009A18200044080ED
:10BEF000008000000880000000000000000000003A
:10BF00000000000000000100A0000100010001008D
:10BF1000900120010000000000004000000088881F
:10BF2000408500A101200100000100000001000087
:10BF30000000000000008800010140000001000036
:10BF400001010884010100008888848440100004F5
:10BF500000820840014000028501010182010000C9
:10BF6000008300C1C0A10088848988119111000854
:10BF70000182008488C0000400000000000000006E
:10BF800000000000000000000000000000A0000011
:10BF90000000010001000001011000000005010087
:10BFA0008200410003882083000001040000010199
:10BFB00000000000000000000010004000820101AD
:10BFC0000110009011C1010100001189840089A0B5
:10BFD000C10508009000080084010000018800915C
:10BFE000010082008884A00388A18200C000088824
:10BFF0001008010000000000010200000001000024
:10C000000000000000000000000005000500200006
:10C010000500050041001041210910000000212009
:10C0200009000040C1002080A189000040000200FA
:10C0300020090000000000000000088040001140BE
:10C040000909108040009010090900008288400012
:10C0500090809089000000040000804120000800CA
:10C0600011C1080000118080802100200209A00079
:10C0700002898208080541001000400000000020ED
:10C0800000000041000000000000000000200090BF
:10C090000021002111050091001080A1000511056B
:10C0A0000905C041400200C1090280A110400010F2
:10C0B000000240200000000000000000404004108A
:10C0C00000099010101003400010881000000000BC
:10C0D0000900008080808000000082800000201025
:10C0E00000A100028820408580100003A08220006B
:10C0F000000000801180004080110041002080007D
:10C10000000010000000000000000000000000C15E
:10C11000002100C0009000A000C000218882000023
:10C12000000001001101010100C003A088200001EE
:10C1300000000000010100000000000000000000FD
:10C140000101000183010189010100018301000057
:10C150000090414082A0880408C010A01108008807
:10C1600000090010009185010110C0110288898228
:10C17000011008088210C188000140010801000177
:10C1800004000000000000000000000000000000AB
:10C190000002000000010000018801000101000010
:10C1A000010000820001000000400288A001200080
:10C1B00001880001010001000000000000000000F3
:10C1C000019001050100000001000105000082004E
:10C1D000000084094000100102400010002000000F
:10C1E000009001400001010001008585020005006A
:10C1F0002088119088911001C0408202A003400164
:10C20000C00000000002000000000000000000006C
:10C210000000008000050002000009000800100274
:10C22000210009000505212003000008008200020A
:10C230008000408002030210200000000000000087
:10C240000000090010101008080009000810111162
:10C25000110000000003002080088000008300809F
:10C2600000000000038011030908100088C00200CC
:10C27000820020800310902090218200800000C066
:10C28000800200000000000000000000000000002C
:10C290000000000000000000000000000000000B93
:10C2A000D00000000000000BD00000000000000BD8
:10C2B000D000008100000000D0001100000000004C
:10C2C000000000000000000BD00000820000000B06
:10C2D000D000418200000050000BD00082000A0014
:10C2E000000BD00000000A50000BD00082840A50DE
:10C2F000000BD00000000050000BD00000000050E8
:10C30000000BD000000000000000D0000000000082
:10C3100000000000000000000000000000007D7F21
:10C32000FDFF7D3FFFFF5DFFFDFF1FFFDFFF000003
:10C3300000003FFFFFFF3FFFFFFF7D3FFFFF0000CB
:10C340000000000000000100FDFF00FF20FF0000D2
:10C35000FFFF0F0F0F0F00000000000000000000A3
:10C3600000000000000000000F0BFFEBFFFFF7FFD5
:10C37000FFFFFFFF0F0F0F0F005000040000000031
:10C38000000000002A3FFFFF000000000000000046
:10C39000000000000000000000000000800000001D
:10C3A0007D7FFDFF7D3FFFFF5DFFFDFF1FFFDFFF87
:10C3B0000000000030FFFFFF3F3CFFFF7D3FFFFF1D
:10C3C00000000000000000000000FFFF00FF00DF91
:10C3D0000004FBFF0F0B0F1F000000000000000017
:10C3E000000000000000000000000F0FFFFF555587
:10C3F0005555000000010F0F0F3F005000040000D2
:10C400000000000000000A0F0A0F000000000000FA
:10C41000000000000000000000000000000000001C
:10C420000000FFFFFFFCFFFFFFFCFFFCFFFAFFFF28
:10C43000FFFFFFFFFFFFFFFFFFFAFFFEFFFEFFFF13
:10C44000FFFA00000000000000003C3C3CB4FFFF8D
:10C4500040003CBC3C1CFBFF100000000000000042
:10C4600030BA30300000000000000000B23082001E
:10C470003CFF3DFFFFFF000000000000F3F0E8AAD2
:10C480000F0F0F0D00000000000000000000000072
:10C49000000000000000000000000000000000009C
:10C4A00000000001FFFF3F3CFFFF3CFCFFFCFFFAE8
:10C4B000BEFFBEAAFFFC3F3CFFFFAAFAFF3EFF3EC5
:10C4C000FFFFF0FA00000000000000003C3C3C3C94
:10C4D000BFFF00003C3C3C3CFFFF000000000000B0
:10C4E0000000303030300000000000000000B230AA
:10C4F000000000FF05FFFFFF001000000000FB38F8
:10C50000B2B200000000000000000105515500001B
:10C510000000000000000000000000000000008695
:10C52000006000B00000008600E0001000000086FF
:10C5300000E000B000000086000000800000000065
:10C540000000000000000000000000000000008665
:10C5500000F000B00000000000F00030000000001B
:10C560000086008C00800000A0865050A3A000052B
:10C5700005860AEC03900000008600EC0310000022
:10C580000586048C00800080008600CC00B000800E
:10C59000A0005010A00000050000000000000000F6
:10C5A000000000000000000000000000AAFF033FA0
:10C5B0000000000000000000FFBFFFBF5FFFFFFFA3
:10C5C000000000000000000000000000000000006B
:10C5D000000000000000000000003C3C3C3C00006B
:10C5E0000000FFFF000008FD00FF00000000000049
:10C5F0000004000000000F090F0982AAAAAA000483
:10C600000040BF10FF000010FFFF3000DFFF000000
:10C61000000000000000000000000000000000001A
:10C620000000000000008000000000000000005535
:10C63000033F0000000000000000FFBCFFBC5F558E
:10C64000FFFF0000000000000000000000000000EC
:10C650000000000000000000000000003C3C3C3CEA
:10C6600000000000FDFF080000FF00FF00000000C8
:10C6700000000000000000000F090F0902AAAAAA8A
:10C6800000040040FF00FF000000FFEF0000FFFF7C
:10C69000000000000000000000000000000000009A
:10C6A000000000000000000000000000000000008A
:10C6B000000000000000000000000000FFFFFFFF7E
:10C6C0003FFFFFFF0000000000000000000000002E
:10C6D0000000000000000000000000000000F0F07A
:10C6E00000FF00000000FFFF020000FF00FFAAAAF9
:10C6F000C000FFFFFFFF000000000000000028282E
:10C70000002000000000FFFF10003C3C353C505072
:10C710000000000000000000000000000000000019
:10C720000000000000000000000000000000000009
:10C730000000000000000000000000000000FFFCFE
:10C740003F3C30FFFFFF0000000000000000000041
:10C7500000000000000000000000000000000000D9
:10C76000F0F000FF00000000FDFF000000FF01FDF1
:10C77000AFAFC000005F005D0000000000000000DF
:10C7800028280000F000F400EFFF00003C3C3C3C97
:10C7900000000C000000000000000000000000008D
:10C7A0000000000000000000001000000000000079
:10C7B0000400000000000000000000000000000075
:10C7C00000100400000000080000000000C000008D
:10C7D0000400000000000000000000000000000055
:10C7E0000000040000000000000000000000000045
:10C7F000000004000200050000000000000000002E
:10C800000000000004200000000000000000000004
:10C8100000000000000009000900090000000000FD
:10C820000000000040004000000000000000000088
:10C8300000000000000000000000000000000000F8
:10C8400000000080000000000080000000000000E8
:10C8500000000000000000000000000000000000D8
:10C860000000000000000000000000800000000048
:10C870000000000000000000000084000000000034
:10C8800000000000000000000000000000000000A8
:10C890000000000000008800000000000000000010
:10C8A0000000000000000400000000000000000084
:10C8B0000000000000000000000000000000000078
:10C8C0000000000000010000000100000000000066
:10C8D0000000000000000000000000000000000058
:10C8E0000000000000000000000000000000000048
:10C8F00000000000000000004000000000020000F6
:10C900000090000000000000000000000000000097
:10C910000000000000000000000000000000000017
:10C920000000000000000000000000000000000007
:10C930000008000000080011002100210021000073
:10C94000000300000000000800000040000000207C
:10C9500000000000000000000000000000000020B7
:10C960000021000000000011000000000000000095
:10C9700000000000000000000000000000000000B7
:10C980000000020000000021001100110000000062
:10C990000000000000000000000000000000000097
:10C9A000000000000000000000000008000000007F
:10C9B0000000000000080000000000000000090066
:10C9C00000000000000000000000401004042104EA
:10C9D00000000000000000000000008200000000D5
:10C9E0000002000000000000000000000000000045
:10C9F0000000000000900000000000000084020021
:10CA0000000000000000000000840002000200009E
:10CA100041000000000241000088000000001000FA
:10CA20000000000000000000000000000000000006
:10CA3000000000100000000000000000000088005E
:10CA400000000000000000000011000005800180CF
:10CA500000C000080000000800000000000088007E
:10CA600000000000002188030010000000100011E9
:10CA700000210000000090110000000000050021CE
:10CA80008809002100000021000000000020002093
:10CA90000009A000000000000003000000000009E1
:10CAA000000900000000000000200000000000005D
:10CAB000080008001000410000000000000800000D
:10CAC0004100080005000000000400020000000012
:10CAD00000200000008400000000000000000000B2
:10CAE0000000000200000000000000000000000044
:10CAF00000000000000000000000000000000084B2
:10CB000000000000110000000000210000000000F3
:10CB10000000000000000000009000040000000081
:10CB20000000000000000000000000000000000005
:10CB30000088000000100009000000000000000054
:10CB400000000008000800000010000000000021A4
:10CB500000000000000000050000000000000002CE
:10CB600000020000000000000005000300000010AB
:10CB7000001000080021000000000000000000007C
:10CB80000000000800000000000008000000000095
:10CB900000110000000000000011880020030200C6
:10CBA0001000100000000000000000030000000062
:10CBB0000000100900000000050000001000000047
:10CBC00000001000210010004100000010001000C3
:10CBD0000010000000000000000000000000000045
:10CBE0000000000000000000000200000000000043
:10CBF0000000000000000000000000000000000035
:10CC00000000000000000000000000000000000024
:10CC10000000000000000000000000000000000014
:10CC200000000000100000000000000000000000F4
:10CC300000000000000000000800000000000000EC
:10CC400000000011000300030000000900000009BB
:10CC5000000000000005040000000000400000008B
:10CC6000900000030000000000000003000000032B
:10CC700000210003000500030021000000009000D7
:10CC800000000005080004110200A00300210005B7
:10CC90000003002100000020000040000000A00070
:10CCA00000008809000000000000000000000000F3
:10CCB000000000000009000000000000000010005B
:10CCC00000040304200041001000000000000000E8
:10CCD00000000000000000000000000000840000D0
:10CCE0000000000000000000000000000000000044
:10CCF000000000000000001000000088000000009C
:10CD0000000000000084000000000000000000009F
:10CD1000008400000082009000100000004000002D
:10CD20000000000000000000000000000000000003
:10CD300000000000000000000000000000000000F3
:10CD400000000000000004000000000000000010CF
:10CD5000004100000000041000000000000000007E
:10CD60000000000000000000004100000000000082
:10CD70000000000000030800004000000000000068
:10CD80000000000000000000000000080800000093
:10CD900000004003000000000000000000009000C0
:10CDA00000000000200000000000A00000000209B8
:10CDB0008200000300008800000000000000000066
:10CDC00080000000000000008000000000800009DA
:10CDD000000000000003000080004000000441004B
:10CDE0000000000000000000000000000000000043
:10CDF0000000000000000000000000000000000033
:10CE00000000000000000000000000000000000022
:10CE10000000000000000000000000000000000012
:10CE20000000000000000000000000000000000002
:10CE300000000000000000000000000000000000F2
:10CE4000000082000000008200A08200000000A01C
:10CE5000020000C002000001000082000100C08248
:10CE600001000000000000000000000000000000C1
:10CE700000000000000000000000000000000000B2
:10CE800000000000000000000000000000000000A2
:10CE90000000000000000000000000000000000092
:10CEA0000000000000000000000000000000000082
:10CEB0000000000000000000000000000000000072
:10CEC000000000000000C000000000000000A10001
:10CED0000000A0008200C00100A0000000000000CF
:10CEE000000100020000000000000000000000003F
:10CEF0000000000000000000000000000000000032
:10CF00000000000000000000000000000000000021
:10CF10000000000000000000000000000000000011
:10CF20000000000000000000000000000000000001
:10CF300000000000000000000000000000000000F1
:10CF400000000000000000000000000000000000E1
:10CF50000400000900410400042000000000050056
:10CF600000000003100000000000000000000000AE
:10CF700000000000000000000000000000000000B1
:10CF800000000000000000000000000000000000A1
:10CF90000000000000000000000000000000000091
:10CFA0000000000000000000000000000000000081
:10CFB0000000000000000000000000000000000071
:10CFC0000000000000000000000000000000000061
:10CFD0000000000000000500004100000300000008
:10CFE0000000000000000000000000000000000041
:10CFF0000000000000000000000000000000000031
:10D000000000000000000000000000000000000020
:10D010000000000000000000000000000000000010
:10D020000000000000000000000000000000000000
:10D0300000000000000000000000000000000000F0
:10D0400000000000000000000000000000000000E0
:10D05000000000000000008200000000000001004D
:10D06000000000000000C08200000000000000007E
:10D0700000000000000000000000000000000000B0
:10D0800000000000000000000000000000000000A0
:10D090000000000000000000000000000000000090
:10D0A0000000000000000000000000000000000080
:10D0B0000000000000000000000000000000000070
:10D0C00000000000000000000000000000C001009F
:10D0D00000A1000000C00000C0000000000100002E
:10D0E0000000000000820002000002C000000000FA
:10D0F0000000000000000000000000000000000030
:10D10000000000000000000000000000000000001F
:10D11000000000000000000000000000000000000F
:10D1200000000000000000000000000000000000FF
:10D1300000000000000000000000000000000000EF
:10D1400000000000000000000000000000000000DF
:10D150000400002000000000050041000000000362
:10D160000400000000000080000041000085000075
:10D1700000000000000000000000000000000000AF
:10D18000000000000000000000000000000000009F
:10D19000000000000000000000000000000000008F
:10D1A000000000000000000000000000000000007F
:10D1B000000000000000000000000000000000006F
:10D1C000000000000000000000000000000000005F
:10D1D000000000000000120000000000000012002B
:10D1E0002148000BD000064200000000000012425F
:10D1F000000000000000000000000000000000002F
:10D20000000000000000000000000000000000001E
:10D21000000000000000000000000000000000000E
:10D2200000000000000000000000000000000000FE
:10D2300000000000000000000000000000000000EE
:10D2400000000000000000000000000000000000DE
:10D2500000000000000000000000000000000000CE
:10D2600000000000000000000000000000000000BE
:10D2700000000000000000000000000000000000AE
:10D28000000000000000000000000000000000009E
:10D29000000000000000000000000000000000008E
:10D2A000000000000000000000000000000000007E
:10D2B000000000000000000000000000000000006E
:10D2C000000000000000000000000000000000005E
:10D2D000000000000000000000000000000000004E
:10D2E000000000000000000000000000000000003E
:10D2F000000000000000000000000000000000002E
:10D30000000000000000000000000000000000001D
:10D31000000000000000000000000000000000000D
:10D3200000000000000000000000000000000000FD
:10D3300000000000000000000000000000000000ED
:10D3400000000000000000000000000000000000DD
:10D35000000000000000AEDE000000000000000041
:10D3600000000000000000000000000000000000BD
:10D37000000000007B7500000000000000000000BD
:10D38000000000000000000000000000000000009D
:10D39000000000000000000000000000000000008D
:10D3A000000000000000000000000000000000007D
:10D3B000000000000000000000000000000000006D
:10D3C000000000000000000000000000000000005D
:10D3D00000000000000000008667C002000000009E
:10D3E0000000408C07000000000000003002000038
:10D3F000000000004003E6610000000000000000A3
:10D40000000000000000000000000000000000001C
:10D41000000000000000000000000000000000000C
:10D4200000000000000000000000000000000000FC
:10D4300000000000000000000000000000000000EC
:10D4400000000000000000000000000000000000DC
:10D4500000000000000000000000040000000400C4
:10D4600004000400000000000000000000000000B4
:10D47000000000000000040000000404001004107C
:10D480000404040400040010000000018000800077
:10D4900082000000000004000400000004000000FE
:10D4A000040004000400000100A0000000080000C7
:10D4B0000040040000000400000000000000000024
:10D4C0000000000004101100210000000800080006
:10D4D0008000800080008400800080000000000048
:10D4E000000000000000000000000000000000003C
:10D4F000000000000000000000000000008000802C
:10D5000000800080008000800010000000104000BB
:10D5100040004100000000000000010000C00000C9
:10D5200000000000000000000020000000000000DB
:10D53000000000800000000001000000000000006A
:10D54000000000000000008000000000000001005A
:10D550000100200004032000200020002000000023
:10D5600000000000000000010001000100010400B3
:10D5700000000000000000010001000100010000A7
:10D5800000000000000000200000000000010090EA
:10D590000000000800000000000000000000000083
:10D5A000000000A0000000000000000100010000D9
:10D5B0000000000000010000000400000000000066
:10D5C0000000000000C0000000000000000000009B
:10D5D00000000000800000000000000000000000CB
:10D5E00000000000000000000020002000200020BB
:10D5F00001000000000000000020002000200020AA
:10D600000011001100000000008000000000000474
:10D610000000000000000000000000000000000802
:10D6200000000000000000000000C00000200020FA
:10D63000000000000000004000000080000000002A
:10D6400000000000000000000000000000000000DA
:10D6500000000000000020000000000000000000AA
:10D660000000000000000000000020000000200872
:10D6700020000900040004008000000000000000F9
:10D680000008080904C104A004C10090000000A122
:10D690000090000000820010000000000000000068
:10D6A0000002000000A00082000000000000040052
:10D6B0008300000000010002004041C00082C10060
:10D6C00011A000040000090004000904000000008B
:10D6D00002000240000100010001110100000000F1
:10D6E0000000000000000000820000008300100025
:10D6F0008300010000000100110004000000000090
:10D7000000000000012001040100011000000000E1
:10D710000004000000000000000000000000000005
:10D720000000000000000000000000009000000069
:10D7300001000400000000080080008010000000CC
:10D74000040000000080000088000000008000004D
:10D7500000000100018000040020002000100000F3
:10D760008200000000000000000000000000000037
:10D770000000410000000000000100000000000067
:10D780001100000000001000000000000000000078
:10D7900000000000000188018000400082000000BD
:10D7A0000000000000000000000040004101820075
:10D7B000050004008000000000000001000080015E
:10D7C0000000040110000000100000001000200004
:10D7D0000000000000000000A00020000000200069
:10D7E000200020002000A000000000000000000039
:10D7F00000000000400000000000002000000000C9
:10D8000000210009000000050000000000000000E9
:10D8100000210000000300204110400301084100E6
:10D82000002082200000000000C0C00001050002AE
:10D83000410000050100040000000000002000007D
:10D8400004200000C0048800102000000000000038
:10D850000000004102000400040005000100000077
:10D860000100010021000500050000000300000088
:10D870000500000009010000000000010000000098
:10D8800010000040090800C00010040000C080889B
:10D8900000400008040000820000000800000200B0
:10D8A0000000400000004090409000000000000098
:10D8B00000004100400040008001400000000020C6
:10D8C0000000100402000400000400000000210019
:10D8D0002100100021C02100030400000500008287
:10D8E000080041880000040003200300000000003D
:10D8F0000000000000009004A040001090200000F4
:10D900009000000000000000000000000000000087
:10D9100020000000000001000021000000000000C5
:10D920000108000001000000010001080000C00023
:10D9300000000005000001000100042001000000BB
:10D9400000800000008001000100828000000000D3
:10D9500000000000001100009000A0809000000076
:10D96000000001000000A000010000800000001085
:10D97000001000820082000000000000000000048F
:10D980000004000400042000208820842084000873
:10D99000000000000000000000820008000041209C
:10D9A0000000000880820001C0080009800000001B
:10D9B00040000082210000000584C000C0C00000BB
:10D9C0000900001100008411000080000090008414
:10D9D00000A000A020A1200402210020C120A1005D
:10D9E0000000000421000000000000000000000012
:10D9F0000000000000000000000000000000000027
:10DA00000080008540820080010001008300010049
:10DA10000008000500210000000000100010002197
:10DA2000000300000000024100024100000240002B
:10DA30000000012100000000C000040505000500F1
:10DA400000000000009000002090C00004200000B2
:10DA5000000000000000000801900140004020008C
:10DA6000200000002000000910000000100000004D
:10DA700000000000000000000000000000000000A6
:10DA8000000020A00991080840C1104009080008C2
:10DA900008080000000000000080800082002000D4
:10DAA000000004030040A00000040403041003006D
:10DAB000000400000003002011000000000300002B
:10DAC00000110000000000000000000000000080C5
:10DAD00000000000400000000000000008828009F3
:10DAE0000089109000832189004102028803000907
:10DAF00000400000000000000000000000000000E6
:10DB0000020000000010891091890011010001003D
:10DB10000200000000000000400000108890C18456
:10DB20009008009000010000820000000001000148
:10DB30000000000000000001A0000100000004013E
:10DB4000000082000000000000009000000000A023
:10DB50000010002000400100000000000000010350
:10DB60008891000400400283C041000300C0890185
:10DB700000019001000000000000000000000020F3
:10DB800000010010000182011140888841880120B5
:10DB900000880020000188C00001001000018801F9
:10DBA00082010888900308004008A000830100005B
:10DBB000010001000100000000000004000001005D
:10DBC00041004000C1084120050010A02001910241
:10DBD00000010001000000A001000100010001009F
:10DBE000C000C008A020830100014000A100830103
:10DBF0000004018401A001010000000000000000F9
:10DC00000080001000800010404090000391090047
:10DC1000088008000383080900000020008000201D
:10DC200000100003008000C000000400C000830555
:10DC3000000010004104030000000000000020006C
:10DC400003000221050020000380C000A0008240E4
:10DC500003800003001000000021110041000800B3
:10DC60000909050009808409890500408000210018
:10DC7000830900004100400003090000000000008B
:10DC80000000000021001000800040C00008800952
:10DC90000488100821084009831100800400200036
:10DCA00080000000000003800000008800400000A9
:10DCB000888300080090008008830000110800207D
:10DCC000001108830208001003030803000000008D
:10DCD0000800008000000000900000000000000824
:10DCE0000000000002850002042189890080008272
:10DCF0002109808300000440400940030000000027
:10DD0000000000009000000001000400001090914D
:10DD1000100901884100000000010500A008010071
:10DD200001008200040888022102C09000030090D4
:10DD3000009010210000000900080005000000C04C
:10DD400000C000C00091010000010000400100205F
:10DD500000C000C000829000000009000000000028
:10DD600000000000000001100201A082201000400D
:10DD700000410001208300000001010105010000B5
:10DD800000000000000000000020000000002088CB
:10DD9000898203004140012000830001000000103F
:10DDA0000890000000001000882020009040000033
:10DDB0000020000000C001A00100000000000000E1
:10DDC00001000000000100004188C101A001010024
:10DDD00083038582A1C001408420844020009000FC
:10DDE000000000010001000001880041010000A0C6
:10DDF00083048409040000A001880182010000005E
:10DE00000000000000000000000000000000000012
:10DE100011C008C082081000090008030802400071
:10DE200000808000000000008002800000000000F0
:10DE300009114008000000800300100808000000DD
:10DE400000000300200808100000032102028802DD
:10DE50001000A002048020002100800000808000CB
:10DE600000000000000300400000098004C1080910
:10DE70000900890005C182020000038040000211F0
:10DE8000000000000000000000000000000BD000B7
:10DE900000000000000BD00042000000000BD0008A
:10DEA00011880000000BD00000410000000BD000E2
:10DEB00021880000000B00000084810000090000A0
:10DEC0000000000000000000000000000000000B47
:10DED000000000000000000BD00042000000000B1A
:10DEE000D000060000500000D000820000000000BA
:10DEF000D000000011000009D00000000000000B5D
:10DF0000D000000000000000000000000000000041
:10DF1000000000000F0F0F0FFF02FD007FFF100039
:10DF2000FF00FF00000000000000000000000000F3
:10DF300000000000FFFFFF006C6C00000F66000097
:10DF40006C6C000000000FFF0000FC0C00000F3C98
:10DF500000003C0F00000400000000000000000072
:10DF60000000000000000000000006060606FFBFDB
:10DF700000026666764600F00FFF00FFFFFFF0002C
:10DF8000FFFF909FFFFF0000000000000000000066
:10DF90000000000000002D0F0F0FFF00FF00FFFF2B
:10DFA0000000FF08F7000000000000000000000073
:10DFB00000000000000000FF00006C6C00000F6615
:10DFC00000006C6C000000000F000000FC0C000062
:10DFD0000F3C00003C0F00000000000000000000AB
:10DFE0000000000000000000000000000606060619
:10DFF000FFFF00006666666600F00FFFF0F0FFFFAF
:10E00000F0FFFFFF909FFFFF0000000000000000F6
:10E010000000000000000000000000000000000000
:10E0200000000000000000000000000000000000F0
:10E0300000000000000000000000000000000000E0
:10E0400000000000000000000000000000000000D0
:10E0500000000000000000000000000000000000C0
:10E0600000000000000000000000000000000000B0
:10E0700000000000000000000000000000000000A0
:10E080000000000000000000000000000000000090
:10E09000000000000000000000003C3C3C3C00048C
:10E0A000FFF766666666366666660000000000007A
:10E0B0000000000000000000000000003C660000BE
:10E0C000F06600003C660000606F00000000FF6624
:10E0D0000000FF6600006666BDBDDD440000000074
:10E0E00000F03030000000000000000000000000E0
:10E0F0001000100000FF00FF0000FFFFFFFF3F03C4
:10E10000FFFFFF00FFFFF909FFFF000F0000000005
:10E110000000000000000000000000003C3C3C6CDF
:10E120000000FFFF662666E6666666660000000081
:10E1300000000000000000000000000000003C663D
:10E140000000F06600003C660000606F0000000008
:10E150000066000000660000F0F0242444DD0000AA
:10E16000000000F03030000000000000000000005F
:10E1700000001000FFFF00EF10FF2000EFFFFFFF87
:10E180003F03FFFF9999FFFFF909FFFFFF0F000011
:10E19000000000000000A08650F0A0B0000500863E
:10E1A000009000800000008600F000B00000A00099
:10E1B00050F0A0300005A0865090A08000050246D7
:10E1C00001E000B4494002C70160039449400000E7
:10E1D00002C7016000B4494002C701A000A4414049
:10E1E000008200B000100010A0865030A0B00005E2
:10E1F0000000000C000800000086007000B0000065
:10E20000C040C01033004903C0C7C0F030B049035C
:10E2100000000000000000000000000000000000FE
:10E22000ABAAAAAA1000FFFF000000000000000037
:10E230000000FF003C3C0000FF00FF00FEFFFFFF6E
:10E24000000000000A3EFFFF0000000000AA00AF2F
:10E2500000000000000000000004FAF0FAFA0000DC
:10E260000000FF00F0F0003C0C0C0A0A0202000063
:10E27000000000000000000000000000000000009E
:10E280000000A0A0F0000F0F0C0C00000000000028
:10E29000000000000000000000000000000000007E
:10E2A0000000A8AAAAAA0000EFFF000000000000DA
:10E2B00000000000FF003C3C0000FF807F000400E5
:10E2C0000000000000000A3EFFFF0000000000AA5E
:10E2D00000AF0000000000000000000050F05050AF
:10E2E0000000000000000000003C0C0C0A0F0203BC
:10E2F000000000000000000000000000000000001E
:10E3000000003C00A0A0F00000000C0C0000000089
:10E3100000000000000000000000000000000000FD
:10E32000000000003C7C3C3C3C3C3C3C00000000CD
:10E330000000000000003C3C3C3C0000FE02FF00EE
:10E34000170F0F0F00000000DFD70C0000000000C7
:10E3500000000000000000000000000000000000BD
:10E3600000000C00FCFF0000000000000004FFFFA4
:10E37000C3FF0000000000000000000000000000DB
:10E380000000000400403C00F0000505000F000004
:10E39000000000000000000000000000000000007D
:10E3A0000000000000003C2C3C3C3C343C3E0000A3
:10E3B00000000000000000003C3C3C3C0000FF006E
:10E3C000FF000F0F0F0F0000000010140C000000E2
:10E3D000000000000000000000000000000000003D
:10E3E000000000003C3C3C3C00000000000000003D
:10E3F000FFF3FFF300000000000000000000000039
:10E400001A0A0A0A000400403C00F0000505000F4B
:10E4100000000000000000000400040000000400F0
:10E4200004000400400000000000000000000000A4
:10E43000100004004000200004000400000004005C
:10E44000000004000400000002A000000001000021
:10E45000000000008400040000000411040100001A
:10E460000400000004000400040111001100210058
:10E470000000000011000000040000002100000066
:10E48000210000C000C000C000000000002000000B
:10E4900080012100000000000000000000000000DA
:10E4A000000000000000000000000000000000006C
:10E4B0000000010000000100010000000000000059
:10E4C0000000040000000000000001000000001037
:10E4D0000000A00004004021000000C00020A02097
:10E4E0000000000000000000010001200005000005
:10E4F000000000000000000000000000000000001C
:10E50000000000000000000004000400000400807F
:10E5100000000420000000000000000000000000D7
:10E5200000000000000000000000000000000001EA
:10E5300000000000000000000001000100000000D9
:10E5400000000000000000000000000000000000CB
:10E5500000000000000000000000000000000000BB
:10E5600000000000000000000000000000000000AB
:10E57000000000000000000000000000000000019A
:10E58000000000000001000000000000000000008A
:10E59000000000000000000000000000000000007B
:10E5A0000000000200000000000000000010000059
:10E5B0000020000000000000000000200004000017
:10E5C000000000000000000000000000001000003B
:10E5D000000000000000000000000000000000003B
:10E5E00000000000000000210003002100000010D6
:10E5F00000000011000000110010001000020000D7
:10E6000000040000000500040000000000410010AC
:10E6100000000000000000000010001000000000DA
:10E6200000000000000000000000000000000000EA
:10E630000000000000010000000000000000108445
:10E6400000A000840082009080008084000080840C
:10E65000800080828000800000218011001000A1D5
:10E66000000000210021000100A10001000104219F
:10E67000042100010001000100C10020A084A011BC
:10E68000000000000000800000000040004000404A
:10E690000000000000C000A0040000000000800096
:10E6A000000000000000100000000000000000005A
:10E6B0000000000000000004000000000000002135
:10E6C00001218821000500030003400040000000F4
:10E6D0004005400340034000400500840802C0801C
:10E6E00000020000C082008200020002000200025C
:10E6F000018201820002000200020002008021006B
:10E7000021840000100010002000100000001010F4
:10E710001011000010001000000085000000000033
:10E7200002000000000000000000000000000000E7
:10E7300000000000000400000000000010000000C5
:10E740000000000000000000000000004100000088
:10E75000400000000200000008000000000000006F
:10E760000000800000000400040000000000000021
:10E770000300000002000000000000000000200074
:10E78000000000000300200020000400200083009F
:10E790000000000000000000040010000000001055
:10E7A0000000000004000000000000000000000065
:10E7B00000000000000000800000000000000000D9
:10E7C0000000000000000000000000000000000049
:10E7D00000100100002001000000010000001010E6
:10E7E000000000000800000001000100000000001F
:10E7F00000000000100000000000000000000041C8
:10E8000001000000004100000100000000000100C4
:10E8100004000000000000000000010000000000F3
:10E820000080000000000100000000000000000067
:10E8300000000000000000000000A00000008000B8
:10E840000000000000A0000000058401800180118C
:10E850000000008200000084000100A00000000011
:10E8600008A10800048404210000040000084100FD
:10E8700020000084008404840400100000000000D4
:10E8800000000000800000850000000520058004D5
:10E8900020050501040103004100000000004100C3
:10E8A00000040010100000048000000000000000C0
:10E8B0000000C02100030021000000042105000524
:10E8C0002005004100410000000000A005040404F0
:10E8D000040400100010000000008440001000003C
:10E8E0000000C10211000100019000000100004180
:10E8F000C0000141000000000100010300000021F0
:10E9000000000000000020000004000000840184DA
:10E91000028001A0840885088200000000008400B5
:10E920001000C08000800000008010210000000066
:10E9300000000000040000000000000000040000CF
:10E940000440040000000000000000A000000000DF
:10E950000082001020880000008200A00200000059
:10E960000010001000100020002008840000038226
:10E97000000809100010002000840010039000001F
:10E980000000000000000900000400000040A0009A
:10E99000202020400000030011100500100000049A
:10E9A0004104000400000010002000A0100400003A
:10E9B00000000000000000000000000000000080D7
:10E9C0000000000000000000000000000000000047
:10E9D0000000000000000100000000000000010035
:10E9E000000000800000008000800090010800000E
:10E9F0000000000000000000000000000000000017
:10EA00001000000000000000000000801000000066
:10EA100021000100010000000000000000000000D3
:10EA20000080008000800000008000000000008066
:10EA300000000000000000000000000000000000D6
:10EA400020200040004010080000000000000000EE
:10EA500021908009032003880020000000000000AE
:10EA6000008008C0001000008083000400000080C7
:10EA70000000000309C0008000000041A000C000A9
:10EA800000000000000200000010088200890088D9
:10EA90000888030800094021030300822010A01009
:10EAA0000089022080091020404080000000020000
:10EAB0002100000000000000000000000000000035
:10EAC0000000000000000000010000000000000045
:10EAD00000000089024191200011000000000000A8
:10EAE0000000008201028489004088830091900028
:10EAF0000040000002910103820400900000100019
:10EB0000110000000000000000000001018300C1AE
:10EB1000900301052101400100010000C088850922
:10EB200003A100C101010801C101010190004000E1
:10EB300001000000000000000000000000000000D4
:10EB4000000000000001010800000001020082082E
:10EB5000A088A00191018388408821030000000063
:10EB600001000001000001010000010182A09000ED
:10EB700004028300000000000001010001C0400009
:10EB800000C0A0000401000000010000000100001E
:10EB900000880041000089008988A1018201C1012B
:10EBA000830489A10982010001C001A101080400B8
:10EBB0000000400083000000000000000000000092
:10EBC000000000000000402041802020400980001B
:10EBD000000000840003101041000383108900002E
:10EBE000004021000308000008030000104100005D
:10EBF00000008080830000000000001040000388B7
:10EC000005000040200080410000000305000003D3
:10EC1000000000000008000220009080A102C0094E
:10EC200020402080A0090980200540002020090004
:10EC30008500090040008300000000000000000083
:10EC400000000000000000004040004000094008B3
:10EC50000000000021000000211080030020882116
:10EC6000C000000040400003800000048200000853
:10EC70000080000000110083000000000000104030
:10EC800000034000008540400080804000000303F6
:10EC90000000080800080009080820030040218936
:10ECA0008989080000000380918040A0000241890A
:10ECB0008302001111800520008300000000000085
:10ECC0000000000000000000000000000000000143
:10ECD00001010000000000000000009102408220BD
:10ECE00088911000000000000000020008010500EB
:10ECF00000010004009082210083000090000000C9
:10ED000083010001A000000200A000040201000035
:10ED100000009000010100010001010100A000902D
:10ED20000085898901A0C0C08210888801050089FA
:10ED300000054090008301880190008900000000D8
:10ED40000000000000000000000000000400881027
:10ED50002000200001010000000000002188401078
:10ED60002088C002000000000100000000900000A8
:10ED7000000000008340400188000200000021885C
:10ED800004408888910001010002000000C00000DA
:10ED90000001000001000140019001000100018913
:10EDA00001000101000011A18883A10003820990E4
:10EDB000054183018800000100A1000100880000D6
:10EDC0000000000000000000000000000000C00083
:10EDD000C0C0C003A00003024000040000000920DE
:10EDE00040C020A01180000008001000000040007A
:10EDF0000000000008008380A009000080000000DF
:10EE0000038080800080200020410080000000807E
:10EE10000300004000002000090004000800080072
:10EE2000118941400221030090208540211140803A
:10EE3000890090C1404002000011000900100080CC
:10EE400000000000000000000000000000000000C2
:10EE50000000000BD00000000050000BD00000426A
:10EE60000000000BD00000840048000004000000F7
:10EE70000000000B000042000048000B04000000EE
:10EE800000000000000BD00000000000000B00009C
:10EE9000000000000000000021500000000BD00026
:10EEA00000002184000BD00011000000000BD000F6
:10EEB00000600000000BD00000000600000BD00036
:10EEC0000000000000000000000000000000000042
:10EED0000000FF7FFFFF02FF00FF000FAAAA000053
:10EEE00000000000FFFF0040FFFF0FF00FF000FFE9
:10EEF000FF003C3CC3C30F0FF0F0000000FF000018
:10EF000000FF000000003C3C000000FFFFFF00008D
:10EF10000FF00FF03C3CC3C33CC33CC30001FEFFF9
:10EF200004F700FF230B0B0B408000C00000000023
:10EF3000000000000008F7FF00FF08DF00000000ED
:10EF40003C3C3CFF0000000000000000000000000E
:10EF5000000000000020000000FD00FF000F000086
:10EF6000000000000008FFFD0000FFBF0FF00FF0E1
:10EF700000FFFF003C3CC3C30F0FF0F0000000FF98
:10EF8000000000FF000000003C3C000000FF00000B
:10EF9000FFFF0FF00FF03C3CC3C33CC33CC3000079
:10EFA000FFFF00FF00FF0B0B0B0B00FF00FF8000BB
:10EFB0000000000000000000FFFF00FF00FF000055
:10EFC0000000FFFF3CFF0000000000000000000008
:10EFD000000000000000AAAAAAAAF0F0F0F20000C7
:10EFE000000000000000FF00BF10F0F2F070000011
:10EFF000FFFF00FFFF000FF00FF00F0FF0F0FF001A
:10F000000000AAAA00000000FF000000FF000000AE
:10F010000000FFFFC33CC33CC33CC33C55AA55AAF8
:10F02000FF10EF0000000000C300C300CF00DF00AE
:10F0300000000000FFFF0020FB08FF00FFEF0020A2
:10F0400000000000FFFFC3AA000000000000000055
:10F050000000000000000000AAAAACAAF0F0F070C6
:10F060000000000000000000FF00FF00F0F0F0F0E2
:10F07000FFFF000000FFFF000FF00FF00F0FF0F098
:10F08000FF000000AAAA00000000FF000000FF002F
:10F090000000FFFF0000C33CC33CC33CC33C55AA77
:10F0A00055AAFF00FF0000000000EF10FF00CF0096
:10F0B000CF1000000002FFDF0000FF00FF00FFFF95
:10F0C000000000000000F0F0CFAA000000000000E7
:10F0D000000000000000000000000086003000B0CA
:10F0E00000000586006400A0800500860090008076
:10F0F0000000C600011608040840028401E000B4C4
:10F100000040C6410196080449400000A2C7519042
:10F11000A0B44945028601E00084084002000100D5
:10F1200000040040008400D000B000000086006CA5
:10F13000039000000086009000800000008600B070
:10F140000090000000060070039900A0000000007D
:10F15000000000000000000000000000FEFEFFFCB8
:10F160000000000000000000000000003C3C3D3CAE
:10F17000555555550000000000000000000000003B
:10F1800000000000F0003030000F0C0C0000F3FF16
:10F19000F3F300000000000000005555F5FF0000EB
:10F1A000000000000000000000000000000000005F
:10F1B00000000000F3F3FF00FF000020DFFFFF7DF1
:10F1C0003C3C435F7F5F000000000A00C3C30000B7
:10F1D0000000000000000000000000000000FEFE33
:10F1E000FFFC0000000000000000000000003C3CAC
:10F1F000383C545557550000000000000000000046
:10F20000000000000000F0003030000F0C0C000087
:10F2100030003030000000000000000055550500AF
:10F2200000000000000000000000000000000000DE
:10F23000000000000008FBFBFF08F7000000FFFFD4
:10F24000F0783C3C0000FFFF000000000A0AC3C346
:10F2500000000000000000000000000000000000AE
:10F260000000000000000000000000003FFFFFFF62
:10F27000FFFF00000F0F0F0F000000000000000054
:10F28000FFFFBE82000000003C00FF000C0C000FDE
:10F290000000FFFFCFC30000000000000000FFFFE0
:10F2A0007D3C0000000000000000F0003030000055
:10F2B000000000000000FFC30003FFFB040000DFAC
:10F2C00020FF000000000000000000000000D7D771
:10F2D000FF3C0000000000000000000000000000F3
:10F2E000000000000000000000000000000003FF1C
:10F2F000FFFFFEFF04000F4D0F0F00000000000095
:10F3000000000C0CAEA2000000003C0000000C0C41
:10F31000000F0000303C0000000000000000000072
:10F320000000283C0000000000000000F000303029
:10F330000000000000000000FFC30000FFFF00000D
:10F3400000FF00FF000000000000000000000000BF
:10F350005514FF3C00000000000000000000000009
:10F36000000000000000000000000000000000009D
:10F37000000000000000000000000000000000008D
:10F38000000000000000000000000000000000007D
:10F39000000000000000400000000000000000002D
:10F3A00000000000009000000000210000000000AC
:10F3B0000000000000000400000000000000000049
:10F3C0000000000000000000000004000000000039
:10F3D000000000000000000000000000000000002D
:10F3E000000000000000000000000000000000001D
:10F3F000000000000000000000000000000000000D
:10F4000000000000000000000000000000000000FC
:10F4100000000000000000000000000000000000EC
:10F4200000000000000000000000000000000000DC
:10F4300000000000000000000000000000000000CC
:10F4400000000000000000000000000000000000BC
:10F4500000000000000000000000000000000000AC
:10F46000000000000000000000000000000000009C
:10F47000000000000000000000000000000000008C
:10F48000000000000000000000000000000000007C
:10F49000000000000000000000000000000000006C
:10F4A000000000000000000000000000000000005C
:10F4B000000000000000000000000000000000004C
:10F4C000000000000000000000000000000000003C
:10F4D000000000000000000000000000000000002C
:10F4E000000000000000000000020000000000001A
:10F4F000000000000000000000000000000000000C
:10F5000000000000000000000000000000000000FB
:10F5100000000000000000000000000000000000EB
:10F5200000000000000000000000000000000000DB
:10F5300000110000000000000000000000000000BA
:10F5400000000000000000000000000000000000BB
:10F5500000000000000000000000000000000000AB
:10F56000000000000000000000000000000000009B
:10F57000000000000000000000000000000000008B
:10F5800000080000000000000000000000820000F1
:10F59000000000000000000000000000000000006B
:10F5A000000000000000000000000000000000005B
:10F5B000000000000000000000000000000000004B
:10F5C0000000000000000000000000000500000036
:10F5D000000000000000000000000000000000002B
:10F5E000000000000000000000000000000000001B
:10F5F00000008200C0000000000000410000000583
:10F6000000000000000000000000000000410000B9
:10F6100000080000000000000021000000210000A0
:10F6200000000000000000000000000000210000B9
:10F6300000000000000000000000000000000000CA
:10F6400000000000000000000000000000000000BA
:10F650000010001000080000000000000021000061
:10F660000000000000000500000000000000000095
:10F67000000000000000000000000000000000008A
:10F68000000000000000000000000000000000007A
:10F69000000000000000000000000000000000006A
:10F6A0000000020000000000000000000000000058
:10F6B000000000000000000000000000000000004A
:10F6C0000000050000000000000000000000000035
:10F6D000000000000000000000000000000000002A
:10F6E000000000000000000000000000000000001A
:10F6F000000000000000000000000000000000000A
:10F7000000000000000000000000000000000000F9
:10F7100000000000000000000000000000000000E9
:10F7200000000000000000000000000000000000D9
:10F7300000000000000000000000000000000000C9
:10F7400000000000000000000000000000000000B9
:10F7500000000000000000000000000000000000A9
:10F760000000000000000000000000000000000099
:10F770000000100000000000000000000000000079
:10F7800000000000000000820000000000000000F7
:10F790000000000000000000001000000000000059
:10F7A0000000000000000000000000000000000851
:10F7B0000004000000000000000000000000000045
:10F7C0000000000000000000000000000000000039
:10F7D0000000000000000000000000000000000029
:10F7E0000000000000000000000000000000000019
:10F7F00000000000000002000000000500000008FA
:10F8000000000000000000080000000800000000E8
:10F8100000210000000000000000000000000000C7
:10F8200000000000000000000000000000000000D8
:10F830000000000000210021000000000000000086
:10F8400000000000000000000000000000000000B8
:10F850000021002100000021C00000000000000085
:10F860000200000000000000000000000000000096
:10F870000000000000000000000000000000000088
:10F880000000000000000000000000000000000078
:10F89000000000000000000000000008000000A0C0
:10F8A00011000000000000880000000000C00000FF
:10F8B00000400000000000000000410000000008BF
:10F8C0000090200000000000000000000000000088
:10F8D00009000000000000000000004000100000CF
:10F8E0000008000000000000000000000000000010
:10F8F0000000000000000000000000000000000008
:10F9000000000000000000000000000000000000F7
:10F9100000000000000000000000000000000000E7
:10F9200000000000000000000000000000000000D7
:10F9300000000000000000000000000000000000C7
:10F9400000000000000000000000000000000000B7
:10F9500000000000000000000000000000000000A7
:10F960000000000000000000000000000000000097
:10F970000000000000000000000000000000000087
:10F980000000000000000000000000000000000077
:10F990000000000000000000000000000000000067
:10F9A0000000000000000000000000000000000057
:10F9B0000000000000000000000000000000000047
:10F9C0000000000000000000050000000000000032
:10F9D0000000000000000000000000000000000027
:10F9E0000000000000000000000000000000000017
:10F9F0000000000000000000000000000000000007
:10FA000000000000000000000000000000000000F6
:10FA100000000000000000000000000000000000E6
:10FA200000000000000000000000000000000000D6
:10FA300000000000000000000000000000000000C6
:10FA400000000000000000000000000000000000B6
:10FA500000000000000000000000000000000000A6
:10FA60000000000000000000000000000000000096
:10FA70000000000000000000000000000000000086
:10FA80000000000000000000000000000000000076
:10FA900000000000000000000000000000000090D6
:10FAA0000000000000000000000000000000000056
:10FAB00000000100000000000088000000000000BD
:10FAC0000000000000000000000001000000000035
:10FAD00000C0000000000000000000000000000066
:10FAE0000000000000000000000000000000000016
:10FAF0000000000000000000000000000000000006
:10FB000000000000000000000000000000000000F5
:10FB100000000000000000000000200000000000C5
:10FB200000000000000000000000000000000000D5
:10FB300000000000200000000000000000000000A5
:10FB40000000000000000000000000002000000095
:10FB50000000008000000000000000000000000025
:10FB60000000000000000000000000000000000095
:10FB70000000000000000000000000000000000085
:10FB80000000000000000000000000000000000075
:10FB90000000000000000000000000000000000065
:10FBA0000000000000000000000000000000000055
:10FBB0000000000000000000000000000000000045
:10FBC0000000000000000000000000000000000035
:10FBD0000000000000000000000000000000000025
:10FBE0000000000000000000000000000000000015
:10FBF0000000000000000000000000000000000005
:10FC000000000000000000000000000000000000F4
:10FC100000000000000000000000000000000000E4
:10FC200000000000000000000000000000000000D4
:10FC300000000000000000000000000000000000C4
:10FC400000000000000000000000000000000000B4
:10FC500000000000000000000000000000000000A4
:10FC60000000000000000000000000000000000094
:10FC70000000000000000000000000000000000084
:10FC80000000000000000000000000000000000074
:10FC90000000000000000000000000000000000064
:10FCA0000000000000000000000000000000000054
:10FCB0000000000000000000000000000000000044
:10FCC0000000000000000000000000000000000034
:10FCD0000000000000000000000000000000000024
:10FCE0000000000000000000000000000000000014
:10FCF0000000000000000000000000000000000004
:10FD000000000000000000000000000000000000F3
:10FD100000000000000000000000000000000000E3
:10FD200000000000000000000000000000000000D3
:10FD300000000000000000000000000000000000C3
:10FD400000000000000000000000000000000000B3
:10FD500000000000000000000000000000000000A3
:10FD60000000000000000000000000000000000093
:10FD70000000000000000000000000000000000083
:10FD80000000000000000000000000000000000073
:10FD90000000000000000000000000000000000063
:10FDA0000000000000000000000000000000000053
:10FDB0000000000000000000000000000000000043
:10FDC0000000000000000000000000000000000033
:10FDD0000000000000000000000000000000000023
:10FDE0000000000000000000000000000000000013
:10FDF0000000000000000000000000000000000003
:10FE000000000000000000000000000000000000F2
:10FE100000000000000000000000000000000000E2
:10FE200000000000000000000000000000000000D2
:10FE300000000000000000000000000000000000C2
:10FE400000000000000000000000000000000000B2
:10FE500000000000000000000000000000000000A2
:10FE60000000000000000000000000000000000092
:10FE70000000000000000000000000000000000082
:10FE80000000000000000000000000000000000072
:10FE90000000000000000000000000000000000062
:10FEA0000000000000000000000000000000000052
:10FEB0000000000000000000000000000000000042
:10FEC0000000000000000000000000000000000032
:10FED0000000000000000000000000000000000022
:10FEE0000000000000000000000000000000000012
:10FEF0000000000000000000000000000000000002
:10FF000000000000000000000000000000000000F1
:10FF100000000000000000000000000000000000E1
:10FF200000000000000000000000000000000000D1
:10FF300000000000000000000000000000000000C1
:10FF400000000000000000000000000000000000B1
:10FF500000000000000000000000000000000000A1
:10FF60000000000000000000000000000000000091
:10FF70000000000000000000000000000000000081
:10FF80000000000000000000000000000000000071
:10FF90000000000000000000000000000000000061
:10FFA0000000000000000000000000000000000051
:10FFB0000000000000000000000000000000000041
:10FFC0000000000000000000000000000000000031
:10FFD0000000000000000000000000000000000021
:10FFE0000000000000000000000000000000000011
:10FFF0000000000000000000000000000000000001
:020000040002F8
:1000000000000000000000000000000000000000F0
:1000100000000000000000000000000000000000E0
:1000200000000000000000000000000000000000D0
:1000300000000000000000000000000000000000C0
:1000400000000000000000000000000000000000B0
:1000500000000000000000000000000000000000A0
:100060000000000000000000000000000000000090
:100070000000000000000000000000000000000080
:100080000000000000000000000000000000000070
:100090000000000000000000000000000000000060
:1000A0000000000000000000000000000000000050
:1000B0000000000000000000000000000000000040
:1000C0000000000000000000000000000000000030
:1000D0000000000000000000000000000000000020
:1000E0000000000000000000000000000000000010
:1000F0000000000000000000000000000000000000
:1001000000000000000000000000000000000000EF
:1001100000000000000000000000000000000000DF
:1001200000000000000000000000000000000000CF
:10013000000000000020000001000000000000009E
:10014000000000000000000000000000000000208F
:10015000000001000000000000000000000000009E
:10016000000000000000002000000100000000006E
:10017000000000000000000000000000000000007F
:10018000000000000000000000000000000000006F
:10019000000000000000000000000000000000005F
:1001A000000000000000000000000000000000004F
:1001B00000000000004000000000020000000000FD
:1001C00000000000000000000000000000000040EF
:1001D000000000000200000000000000000000001D
:1001E00000000000000000400000000002000000CD
:1001F00000000000000000000000000000000000FF
:1002000000000000000000000000000000000000EE
:1002100000000000000000000000000000000000DE
:1002200000000000000000000000000000000000CE
:1002300000000000000000000000090000000000B5
:1002400000000000000000000000000000000000AE
:100250000000000009000000000000000000000095
:100260000000000000000000000000000900000085
:10027000000000000000000000000000000000007E
:10028000000000000000000000000000000000006E
:10029000FFFFFFFFFFFFFFFFFFFFFFFFFFFFFFFF6E
:1002A000FFFFFFFFFFFFFFFFFFFFFFFFFFFFFFFF5E
:1002B000FFFFFFFFFFFFFFFFFFFFFFFFFFFFFFFF4E
:1002C000FFFFFFFFFFFFFFFFFFFFFFFFFFFFFFFF3E
:1002D000FFFFFFFFFFFFFFFFFFFFFFFFFFFFFFFF2E
:1002E000FFFFFFFFFFFFFFFFFFFFFFFFFFFFFFFF1E
:1002F000FFFFFFFFFFFFFFFFFFFFFFFFFFFFFFFF0E
:10030000FFFFFFFFFFFFFFFFFFFFFFFFFFFFFFFFFD
:10031000FFFFFFFFFFFFFFFFFFFFFFFFFFFFFFFFED
:10032000FFFFFFFFFFFFFFFFFFFFFFFFFFFFFFFFDD
:10033000FFFFFFFFFFFFFFFFFFFFFFFFFFFFFFFFCD
:10034000FFFFFFFFFFFFFFFFFFFFFFFFFFFFFFFFBD
:10035000FFFFFFFFFFFFFFFFFFFFFFFFFFFFFFFFAD
:10036000FFFFFFFFFFFFFFFFFFFFFFFFFFFFFFFF9D
:10037000FFFFFFFFFFFFFFFFFFFFFFFFFFFFFFFF8D
:10038000FFFFFFFFFFFFFFFFFFFFFFFFFFFFFFFF7D
:10039000FFFFFFFF00000000000000000000000061
:1003A000000000000000000000000000000000004D
:1003B000000000000000000000000000000000003D
:1003C000000000000000000000000000000000002D
:1003D000000000000000000000000000000000001D
:1003E000000000000000000000000000000000000D
:1003F00000000000000000000000000000000000FD
:1004000000000000000000000000000000000000EC
:1004100000000000000000000000000000000000DC
:1004200000000000000000000000000000000000CC
:1004300000000000000000000000000000000000BC
:1004400000000000000000000000000000000000AC
:10045000000000000000000000400000004100001B
:10046000000000000000000000000000000000008C
:10047000000000000000000000000000000000007C
:10048000000000000000000000000000000000006C
:10049000000000000000000000000000000000005C
:1004A000000000000000000000000000000000004C
:1004B000000000000000000000000000000000003C
:1004C000000000000000000000000000000000002C
:1004D000000000000000000000000000000000001C
:1004E000000000000000000000000000000000000C
:1004F00000000000000000000000000000000000FC
:1005000000000000000000000000000000000000EB
:1005100000000000000000000000000000000000DB
:1005200000002500000000000000000000000000A6
:1005300000000000000000000000000000000000BB
:1005400000000000000000000000000000000000AB
:10055000000000000000000000000000000000009B
:10056000000000000000000000000000000000008B
:10057000000000000000000000000000000000007B
:10058000000000000000000000000000000000006B
:10059000000000000000000000000000000000005B
:1005A000000000000000000000000000000000004B
:1005B000000000000000000000000000000000003B
:1005C000000000000000000000000000000000002B
:1005D000000000000000000000000000000000001B
:1005E000000000000000000000000000000000000B
:1005F00000000000000000000000000000000000FB
:1006000000000000000000000000000000000000EA
:1006100000000000000000000000000000000000DA
:1006200000000000000000000000000000000000CA
:1006300000000000000000000000000000000000BA
:1006400000000000000000000000000000000000AA
:10065000000000000000000000000000000000009A
:10066000000000000000000000000000000000008A
:10067000000000000000000000000000000000007A
:10068000000000000000000000000000000000006A
:10069000000000000000000000000000000000005A
:1006A000000000000000000000000000000000004A
:1006B000000000000000000000000000000000003A
:1006C000000000000000000000000000000000002A
:1006D000000000000000000000000000000000001A
:1006E000000000000000000000000000000000000A
:1006F00000000000000000000000000000000000FA
:1007000000000000000000000000000000000000E9
:1007100000000000000000000000000000000000D9
:1007200000000000002000000000000000000000A9
:1007300000000000000000000000000000000000B9
:1007400000000000000000000000000000000000A9
:100750000000000000000000000000000000000099
:100760000010000000000000000000000000000079
:100770000000000000000000000000000000000079
:100780000000004100000000000000000000001018
:100790000000001000000000000000000000000049
:1007A0000000000000000000000000000000000049
:1007B0000000000000000000000000000000000039
:1007C00000000088000000000000000000000000A1
:1007D0000000000000000000000000000000000019
:1007E0000000000000000000000000000000000009
:1007F00000000000000000000000000000000000F9
:1008000000000000000000000000000000000000E8
:1008100000000000000000000000000000000000D8
:1008200000000000000000000000000000000000C8
:1008300000000000000000000000000000000000B8
:1008400000000000000000000000000000000000A8
:100850000000000000000000000000000000000098
:100860000000000000000000000000000000000088
:100870000000000000000000000000000000000078
:100880000000000000000000000000000000000068
:100890000000000000000000000000000000000058
:1008A0000000000000000000000000000000000048
:1008B0000000000000000000000000000000000038
:1008C0000000000000000000000000000000000028
:1008D0000000000000000000000000000000000018
:1008E0000000000000000000000000000000000008
:1008F00000000000000000000000000000000000F8
:1009000000000000000000000000000000000000E7
:1009100000000000000000000000000000000000D7
:1009200000000000000000000000000000000000C7
:1009300000000000000000000000000000000000B7
:1009400000000000000000000000000000000000A7
:100950000000000000000000000000000000000097
:100960000000000000000000001000000041000036
:100970000041000000000000000000000000000036
:100980000000000000000000000000000000000067
:10099000000008000000000000000000000000004F
:1009A0000000000000000000000000000000000047
:1009B00000000000000000000000008400C00000F3
:1009C0000000000000000000000000100000000017
:1009D0000000000000000000000000000000000017
:1009E0000000000000000000000000000000000007
:1009F000000000C000000000001000000010000017
:100A000000000000000000000000000000000000E6
:100A100000000000000000000000000000000000D6
:100A200000000000000000000000000000000000C6
:100A300000000000000000000000000000000000B6
:100A400000000000000000000000000000000000A6
:100A50000000000000000000000000000000000096
:100A60000000000000000000000000000000000086
:100A70000000000000000000000000000000000076
:100A80000000000000000000000000000000000066
:100A90000000000000000000000000000000000056
:100AA0000000000000000000000000000000000046
:100AB0000000000000000000000000C00000000076
:100AC0000000000000000000000000000000000026
:100AD0000000000000000000000000000000000016
:100AE0000000000000000000000000000000000006
:100AF00000000000000000000000000000000000F6
:100B000000000000000000000000000000000000E5
:100B100000000000000000000000000000000000D5
:100B200000000000000000000000000000000000C5
:100B30000000004100210000000000000000000053
:100B400000000000000000000000000000000000A5
:100B50000000000000000000000000000000000095
:100B60000000000000000000000000000000000085
:100B70000041000000000000000000000000000034
:100B80000000000000000000000000000000000065
:100B90000000000000000000000000000000000055
:100BA000000008000000000000000000000000003D
:100BB0000000000000000000000000000000000035
:100BC0000000000000000000000000000000000025
:100BD0000000000000000000000000000000000015
:100BE0000000000000000000000000000000000005
:100BF00000000000000000000000000000000000F5
:100C000000000000000000000000000000000000E4
:100C100000000000000000000000000000000000D4
:100C200000000000000000000000000000000000C4
:100C300000000000000000000000000000000000B4
:100C400000000000000000000000000000000000A4
:100C50000000000000000000000000000000000094
:100C60000000000000000000000000000000000084
:100C70000000000000000000000000000000000074
:100C80000000000000000000000000000000000064
:100C90000000000000000000000000000000000054
:100CA0000000000000000000000000000000000044
:100CB0000000000000000000000000000000000034
:100CC0000000000000000000000000000000000024
:100CD0000000000000000000000000000000000014
:100CE0000000000000000000000000000000000004
:100CF00000000000000000000000000000000000F4
:100D000000000000000000000000000000000000E3
:100D100000000000000000000000000000000000D3
:100D200000000000000000000000000000000000C3
:100D300000000000000000000000000000000000B3
:100D400000000000000000000000000000000000A3
:100D50000000000000000000000000000000000093
:100D60000000000000000000000000000000000083
:100D70000000000000000000000000000000000073
:100D80000000000000000000000000000000000063
:100D90000000000000000000000000000000000053
:100DA0000000000000000000000000000000000043
:100DB0000000000000000000000000000000000033
:100DC0000000000000000000000000000000000023
:100DD0000000000000000000000000000000000013
:100DE0000000000000000000000000000000000003
:100DF00000000000000000000000000000000000F3
:100E000000000000000000000000000000000000E2
:100E100000000000000000000000000000000000D2
:100E200000000000000000000000000000000000C2
:100E300000000000000000000000000000000000B2
:100E400000000000000000000000000000000000A2
:100E50000000000000000000000000000000000092
:100E60000000000000000000000000000000000082
:100E70000000000000000000000000000000000072
:100E80000000000000000000000000000000000062
:100E90000000000000000000000000000000000052
:100EA0000000000000000000000000000000000042
:100EB0000000000000000000000000000000000032
:100EC0000000000000000000000000000000000022
:100ED0000000000000000000000000000000000012
:100EE0000000000000000000000000000000000002
:100EF00000000000000000000000000000000000F2
:100F000000000000000000000000000000000000E1
:100F100000000000000000000000000000000000D1
:100F200000000000000000000000000000000000C1
:100F300000000000000000000000000000000000B1
:100F400000000000000000000000000000000000A1
:100F50000000000000000000000000000000000091
:100F60000000000000000000000000000000000081
:100F70000000000000000000000000000000000071
:100F80000000000000000000000000000000000061
:100F90000000000000000000000000000000000051
:100FA0000000000000000000000000000000000041
:100FB0000000000000000000000000000000000031
:100FC0000000000000000000000000000000000021
:100FD0000000000000000000000000000000000011
:100FE0000000000000000000000000000000000001
:100FF00000000000000000000000000000000000F1
:1010000000000000000000000000000000000000E0
:1010100000000000000000000000000000000000D0
:1010200000000000000000000000000000000000C0
:1010300000000000000000000000000000000000B0
:1010400000000000000000000000000000000000A0
:101050000000000000000000000000000000000090
:101060000000000000000000000000000000000080
:101070000000000000000000000000000000000070
:101080000000000000000000000000000000000060
:101090000000000000000000000000000000000050
:1010A0000000000000000000000000000000000040
:1010B0000000000000000000000000000000000030
:1010C0000000000000000000000000000000000020
:1010D0000000000000000000000000000000000010
:1010E0000000000000000000000000000000000000
:1010F00000000000000000000000000000000000F0
:1011000000000000000000000000000000000000DF
:1011100000000000000000000000000000000000CF
:1011200000000000000000000000000000000000BF
:1011300000000000000000000000000000000000AF
:10114000000000000000000000000000000000009F
:10115000000000000000000000000000000000008F
:10116000000000000000000000000000000000007F
:10117000000000000000000000000000000000006F
:10118000000000000000000000000000000000005F
:10119000000000000000000000000000000000004F
:1011A000000000000000000000000000000000003F
:1011B000000000000000000000000000000000002F
:1011C000000000000000000000000000000000001F
:1011D000000000000000000000000000000000000F
:1011E00000000000000000000000000000000000FF
:1011F00000000000000000000000000000000000EF
:1012000000000000000000000000000000000000DE
:1012100000000000000000000000000000000000CE
:1012200000000000000000000000000000000000BE
:1012300000000000000000000000000000000000AE
:10124000000000000000000000000000000000009E
:10125000000000000000000000000000000000008E
:10126000000000000000000000000000000000007E
:10127000000000000000000000000000000000006E
:10128000000000000000000000000000000000005E
:10129000000000000000000000000000000000004E
:1012A000000000000000000000000000000000003E
:1012B000000000000000000000000000000000002E
:1012C000000000000000000000000000000000001E
:1012D000000000000000000000000000000000000E
:1012E00000000000000000000000000000000000FE
:1012F00000000000000000000000000000000000EE
:1013000000000000000000000000000000000000DD
:1013100000000000000000000000000000000000CD
:1013200000000000000000000000000000000000BD
:1013300000000000000000000000000000000000AD
:10134000000000000000000000000000000000009D
:10135000000000000000000000000000000000008D
:10136000000000000000000000000000000000007D
:10137000000000000000000000000000000000006D
:10138000000000000000000000000000000000005D
:10139000000000000000000000000000000000004D
:1013A000000000000000000000000000000000003D
:1013B000000000000000000000000000000000002D
:1013C000000000000000000000000000000000001D
:1013D000000000000000000000000000000000000D
:1013E00000000000000000000000000000000000FD
:1013F00000000000000000000000000000000000ED
:1014000000000000000000000000000000000000DC
:1014100000000000000000000000000000000000CC
:1014200000000000000000000000000000000000BC
:1014300000000000000000000000000000000000AC
:10144000000000000000000000000000000000009C
:10145000000000000000000000000000000000008C
:10146000000000000000000000000000000000007C
:10147000000000000000000000000000000000006C
:10148000000000000000000000000000000000005C
:10149000000000000000000000000000000000004C
:1014A000000000000000000000000000000000003C
:1014B000000000000000000000000000000000002C
:1014C000000000000000000000000000000000001C
:1014D000000000000000000000000000000000000C
:1014E00000000000000000000000000000000000FC
:1014F00000000000000000000000000000000000EC
:1015000000000000000000000000000000000000DB
:1015100000000000000000000000000000000000CB
:1015200000000000000000000000000000000000BB
:1015300000000000000000000000000000000000AB
:10154000000000000000000000000000000000009B
:10155000000000000000000000000000000000008B
:10156000000000000000000000000000000000007B
:10157000000000000000000000000000000000006B
:10158000000000000000000000000000000000005B
:101590000000000000000000000000C0000000008B
:1015A000000000000000000000000000000000003B
:1015B000000000000000000000000000000000002B
:1015C000000000000000000000000000000000001B
:1015D0000000000000000000000000000401000006
:1015E00000000000000000000000000000000000FB
:1015F00000000000000000000000001000010001D9
:1016000000010000000100010004000400040004C7
:1016100000040005040004000400040000000000B1
:10162000000000200000800000000000800000009A
:101630000002200000000000000000008001000007
:101640000500000000200000000000000000000372
:101650000003C00040040000000000000000012062
:10166000000000000000000000000000000000007A
:101670000000000000100000000000000010000446
:1016800000040004001000040004008000800080BA
:101690000080008000A00100010001000110000096
:1016A000001000000080002008000010000004204E
:1016B0000021008001100010000000100010200424
:1016C0000021000000100021001000100010001088
:1016D000008200A011100190000000210010000005
:1016E000000000000000001000A00000000000004A
:1016F00000000000000000C00040000000000000EA
:101700000000000000000000000000900000000049
:10171000000000900010001000840010008400847D
:101720000000000000000010008400100000001005
:101730000010000000A000C000840000000000C0F5
:10174000008400C00002004000110000008400007E
:1017500000840010001000000020000000100000B5
:101760000010000000000000000000000000000069
:101770000000000000000000000000000000000069
:101780000000000000000000000000000000000059
:101790000000000000000000000000000000000049
:1017A0000000000000000000000000000000000039
:1017B0000000000000000000000000000000000029
:1017C00000000000000000000000002000000000F9
:1017D0000000000000000000000000800000000089
:1017E00000000000000100000000000000000000F8
:1017F00000000000000000000000000008000000E1
:1018000000000000000000000000000000000000D8
:1018100000000000000000000000000000000000C8
:101820000000000000000020002000000020002038
:101830000010002000100002000000000004000062
:101840000000800000050800800103000000000087
:101850000000000000000041002180118000000015
:101860000000000000000020000000000000000058
:101870000000000000000000000000000000080060
:101880000000000000000000000000000000000058
:101890000000000000000000000000000000000048
:1018A0000000000000100000008000800000009098
:1018B0000080008000800080008000100000008018
:1018C00000000000040000A0000040020000000032
:1018D0000000000000410000008400A004A00400FB
:1018E000000000000000820000A0001000C0008482
:1018F0000084001000000000000000000000000054
:1019000000000000000400040010000000008084BB
:101910004100000000001110000000002100030041
:1019200000000400000000020000000000000000B1
:10193000008400000000000000000040008800401B
:1019400009000000008400002000210400022100A2
:101950001188210000002100200420000404400020
:101960000000008800000000008800000000000067
:101970000000000000000000000000000000000067
:101980000000000000000080008000000000000057
:101990002000000000000000000000000000000027
:1019A0000000000000000000000000000000000037
:1019B0000000000000000000000000000000000027
:1019C0000000000000000000000001000000000016
:1019D0000000000000000000000000000000018086
:1019E00001000000000000000000000080100088DE
:1019F00000100000001000000000000000C0000007
:101A000000000000000000000000000000000000D6
:101A10000000000000000010000000002100000095
:101A20002100030000000002001020000000000060
:101A30000000008400A0800080008000008400106E
:101A4000000000000000000000C0000000010000D5
:101A50008001030000002100000000000000800061
:101A600080010001000000000000000000000400F0
:101A7000000000090000000000000000000000005D
:101A80000000000000000000000000000000000056
:101A90000000000000000000000000000000001036
:101AA000000082008203000000800000011000009E
:101AB000000000000000840008000400080000008E
:101AC0000000000000000000000000000000000412
:101AD00000004002820000000000000084000000BE
:101AE00020000420C02000000000000000000000D2
:101AF00000000000008000800000000000000000E6
:101B000000000000000000000000000000000000D5
:101B1000000300100000000000030000000040006F
:101B2000000300080400000000000900400000005D
:101B30000000000000000000000080808000030022
:101B4000000011000000000008000000000000007C
:101B50000000000000009000000083030040000926
:101B600004409083088409C0400400000000000085
:101B700000000008000888A00088000000000000A5
:101B80000000000000000000000000000000000055
:101B90000000000100010000000000010000000042
:101BA00000000401900182000000A004C1C0832055
:101BB000000400000000000010000000888290086F
:101BC00041820088010000000000000000000000C9
:101BD000000000000000880010000000110100015A
:101BE0000000000190838911018900C000000000FD
:101BF00000000000000000000000000000000000E5
:101C000000000000000000000000000000000100D3
:101C100000000100000001000000010000000000C1
:101C20000000010000000000000001000400C100ED
:101C3000C00004C1000000C000000040000090008F
:101C400010008800829000000100000001010000E7
:101C5000000000C0000100000000000000000000C3
:101C600000000100010002008304880591C100000A
:101C70000000000000000000000000000003000061
:101C80000000000000000000000000000000000054
:101C9000080000000300000008000000030000002E
:101CA0000000000003000000080000000300000422
:101CB000082000000090000000000000000000006C
:101CC0000011800080008080110041001100030994
:101CD0000000000000000003000000000000000001
:101CE000080009000200030004020400890283893D
:101CF0000000000000000000000080000000000064
:101D000000000000000000000000000000000000D3
:101D100000000008000000000011000000000003A7
:101D2000400000000000000300800080004000032D
:101D30008000008010800000000000001100000002
:101D400000000000000011808080000200040940B3
:101D5000000300001100000080000000000000806F
:101D600080000010000400054103410980080410B0
:101D700091030000000000000000000008000400C3
:101D80000000000000000000000000000000000053
:101D90000000000000010000000000000000000042
:101DA000000100000000000000010008000800C061
:101DB00000410204C01083A0049000000000000055
:101DC00000000800009082888308888200010000DB
:101DD0000100000100000000000084000008004035
:101DE00000A0101000000000000000010102C083EC
:101DF00004C011C1C000000000000000000000107D
:101E000000000000000000000000000000000000D2
:101E10000000000000000040000000000100004041
:101E20000000000001000010000000000100001090
:101E3000010000002089C004A088A0A000000000CC
:101E400000000000000082908800820088080000E6
:101E50000041000000000088008800000000000031
:101E6000000000000000000800010088000083015D
:101E70008811910110100000000000000000000017
:101E800000800000000000000000000000000000D2
:101E9000000000000000000000000000000003003F
:101EA000000040000000030000C0400000000300EC
:101EB0000080100000000082800000800080000090
:101EC000000000000000000080088000000000808A
:101ED0000000001100400000000000800000000031
:101EE00000000000000000000000000400090000E5
:101EF0008320881184030980000000000000000096
:101F00000000000BD00000000000000000000000F6
:101F1000000000000000000000000000D0000000F1
:101F200000000000D000000000000000D000000011
:101F30000000000BD00000000000000BD0000000EB
:101F400000000000000B000000000000000B00007B
:101F5000008400000000D00000008181400BD020F0
:101F600000810000000B00000000000000000000E5
:101F700006000600000BD0000082000000000000F8
:101F80000000000000000000000000000000000051
:101F900000000000000000000000000000000F0F23
:101FA0000F0F0F0F00003C3C00000F0F0000FFFF61
:101FB00000000F0F0000FF00000000000000000004
:101FC0000000000000000000000000000000000011
:101FD00000000000000000003F3FFF66000000001E
:101FE000000000000000000000000000FFFFFFFFF5
:101FF0000000FF3C7E18FF00001000010000000000
:1020000000000000000000000000000000000000D0
:1020100000000000000000000000000000000000C0
:102020000F0F0F0F0F0F00003C3C00000F0F0000C0
:10203000000000000F0F0000FF0000000000000083
:102040000000000000000000000000000000000090
:1020500000000000000000000000303000660000BA
:102060000000000000000000000000000000FFFF72
:10207000FFFF0010FF2C7E180F0F00000000000073
:102080000000000000000000000000000000000050
:102090000000000000000000000000000000000040
:1020A0000000000000000000000000000000000030
:1020B0000000000000000000000000000000000020
:1020C0000000000000000000000000000000000010
:1020D0000000000000000000000000000000000000
:1020E00000000000000000000000000000000000F0
:1020F00000000000000000000000000000000000E0
:1021000000000000000000000000000000000000CF
:1021100000000000000000000000000000000000BF
:10212000000000000000F0F0000000FF0000F0F0F0
:102130000000FFFF00006666FFFFFF00FFFF0F0FBC
:1021400000000000F0F000000000000000000000AF
:102150000000000000000000000000000000427EBF
:1021600000FF000000000000000000000000FFFF72
:10217000FFFF00000020F0FF00007272FFF0663CDD
:102180003F3F0000000000000000000000000000D1
:10219000000000000000000000000000000000003F
:1021A0000000000000000000F0F0000000FF000050
:1021B000F0F00000000000006666FFFFFF00FFFF78
:1021C0000F0F00000000F0F0000000000000000011
:1021D00000000000000000000000000000000000FF
:1021E000427EF0F00000000000000000000000004F
:1021F000FFFFFFFF00000020F0FC0002727200F001
:10220000663C30300000000000000000008600D076
:1022100000B0000500000000000000000000000009
:10222000000000000000001030004803C041C01052
:1022300030004903C041C01030004903C0C7C0F09E
:1022400030904103A0865090A080001500000086C9
:1022500000E000B00000000000800000000000006E
:102260000010000200100086006401F004050086E2
:1022700000E0009008600040000000005100088667
:102280000430018900100000000000000000000080
:10229000000000000000000000000000000000003E
:1022A000000000000000000000000000000000002E
:1022B000000000000000000000000000000000001E
:1022C0000000F8F0FFFFFFFF575503033F3F0000FA
:1022D00000000000000000003F307D7DFF0F4D4DED
:1022E00000000000000000000000000000000000EE
:1022F000000000005151515D00000000000000008E
:10230000F528FF00000000100000000000000000A1
:1023100000000000000000000000000000000000BD
:1023200000000000000000000000000000000000AD
:10233000000000000000000000000000000000009D
:10234000000000000000070FA8AA0000030B3F1FB9
:10235000000000000000000000003F302828000FAF
:102360004D4D0000000000000000000000000000D3
:102370000000000000005050505F0000000000000E
:102380000000FF000000000000000000000000004E
:102390000000B4B4B4B4000000000000000000006D
:1023A000000000000000000000000000000000002D
:1023B000000000000000000000000000000000001D
:1023C00000000000000000000000F0F4FFFF7D7D31
:1023D0005D7D000000000000000000003C3C3CAAC5
:1023E0000F0F0CCF000000000000000000000000F4
:1023F00000000000000000000000000000000000DD
:1024000000000000FC0CF5F500FF14CF00000000F8
:1024100000000000B43CB4B4000000000000000064
:1024200000000000000000000000000000000000AC
:10243000000000000000000000000000000000009C
:10244000000000000000000000000000F0E00000BC
:102450004141514100000000000000000000F0F088
:102460003CAA55550CCF0000000000000000000001
:10247000000000000000000000000000000000005C
:10248000000000000000F000C5C500FF14FF0000C0
:10249000000000000000000020000000000000001C
:1024A000000000000000020000200000000000000A
:1024B0000000000000000000000000000000030019
:1024C00000000000000004000400200004002000C0
:1024D00020002000020000000000000011000000A9
:1024E0000400050020002000040004000400840013
:1024F0000400040004008000000000000400080044
:1025000004000800000000000400040011000400A2
:102510000400040021001100000001000000000080
:1025200000000000000000000000000000000000AB
:10253000000000000000000000000000000000009B
:102540000000000000000000010001000100010087
:10255000010001000100010000C0000000000000B7
:102560000000000000000100010000000000000069
:10257000200000000000000020000000000000001B
:102580000100000001000000000000000000000049
:1025900000000000000000000000000010004001EA
:1025A0000502000000000000000000000000000024
:1025B000000000000000000000000000000080019A
:1025C000800000000000000000008000000000010A
:1025D000090000000500000000900000000000005D
:1025E00000000000000000000004000000200000C7
:1025F00000008088000000000000000000010000D2
:10260000009000000000000080002040800080005A
:102610008000200100000000000000000010010008
:1026200001400080000000000010000000000000D9
:1026300000000010000000000400001090100000D6
:102640000240040000000000002100000200000021
:102650000004002100000000000000210000001024
:10266000001000000000000000000080000000805A
:102670000000000020000010000000400041004069
:1026800000100000004100000020201101802020E7
:10269000200020009140001000000020A010000049
:1026A00000090000000000900000001000A000845D
:1026B000000000100084000000000000008400857D
:1026C00000000000002000000000000000A000A0AA
:1026D00000000004000000000000001000000000E6
:1026E0000001000000000010000000820010000245
:1026F0000010000200000084800000848040000080
:102700008000804000108010000000100082000156
:102710000001000000000040000000000000000078
:102720000000008800000005000900000000000013
:102730000000000000000000000000000000000099
:10274000001000000000008084000000C0000000B5
:10275000C0000000C080C0000010000000000000A9
:102760000000000400000000000000000200000063
:10277000000900100000000000002002000020906E
:1027800000000200208088802080401010801020EF
:10279000020400040000000000800000001000009F
:1027A0000000880000080000002000000010000069
:1027B00000004100000000000000000000001000C8
:1027C0000000C1841000020004002000200000006E
:1027D00000001000000004000000000003000000E2
:1027E00080000000002000002120002000900090C8
:1027F0002000200000000020000000008000A00059
:102800000004000409000000080082C00000080065
:1028100010001000C14080001010000000000000F7
:102820001040004021000080000000850000008072
:102830000000000000000000000000000000000098
:10284000000000000800000001000100010001007C
:10285000000000000000000901000000000000006E
:10286000000020000000C080000000800080000008
:1028700000000110010000000080000000002000A6
:10288000210000800090000000000100090000030A
:10289000011000000000088002000080000000001D
:1028A00000000000000080001000004000200040F8
:1028B0000000000000840000000000000000000094
:1028C00000001000000000001000000000000300E5
:1028D0000000C10040A0000000000900210000002D
:1028E00000000000001000000000400000A105C032
:1028F000000000000002200000000084030000101F
:1029000000002000000010000010000089C00840F6
:1029100080002011832010000001030041410000CD
:10292000000000000000000008000100009000000E
:102930000000000000000000000000000000000097
:102940000000000000000000000000100000000077
:102950000000000020050100C00000000021C000B0
:10296000000000000021000000000005000000023F
:1029700000000020021000000100000040000011D3
:10298000840300000100002100000010000020006E
:1029900001212000C184200004000040400000907C
:1029A0004000400000000000840000000001000220
:1029B00000200000000000000001000000000000F6
:1029C000008400000000000000000800000000007B
:1029D0000000C000400000012000000000000300D3
:1029E0000004008800000010020000000010000138
:1029F000009000100000000000040900000000002A
:102A000080848084008800820200C10000410000B0
:102A10000340080000040804100005100000030033
:102A200000100900000000000040800000000008C5
:102A30000080008000000000000000200000000076
:102A40000000000000000000000000000100000085
:102A50000000000021000100000201000000000051
:102A600000000080000000000000010000000000E5
:102A700000200000000000000000008000000000B6
:102A800000000400040000000000010004000084B5
:102A90000000000001000080018000000000000034
:102AA000000010800000000000000080020003030E
:102AB00000000940031100000000110000000000A8
:102AC0000000000000000000000000000000000006
:102AD00000000200000011030909000241008311F7
:102AE000090880C1414000000200400000000000D1
:102AF00000000000000000000300000000000900CA
:102B00000000000000000000800300200000000022
:102B1000008389894180000000038041200000007B
:102B20000083890040410000000000000200000016
:102B30000101C000000000000000020010000000C1
:102B40000000000000000000000000000000000085
:102B500002008800010000000501010100010100E0
:102B600090000103A0C1010102004000000000002C
:102B7000000002000000040000000100000000004E
:102B80000100000000000200000002010000080037
:102B900000000083C185C11000A000019000A000CA
:102BA0000000028309A001C100A000000200000093
:102BB000000008008810A001820000000000000052
:102BC0000000000000000000000000000000000005
:102BD00000000200C000000082000000008401012B
:102BE000010100A0010001820100040082011040E7
:102BF0009001000000080010000900000000010022
:102C00000000010000040100001001009000880095
:102C1000410041010001000001000191000000405D
:102C2000010001018201A084C002830300000000B2
:102C30000000000000000080001180400000000043
:102C40000000000000000000000000000000000084
:102C500000000000000000000000800004000000F0
:102C60002111030902004000028009040000000451
:102C700080000041000000800080008200004000D1
:102C800008002000090000001000000009000000FA
:102C9000000021200309050800002100038900002D
:102CA0004180210003090208000000008383000026
:102CB00000000000000002110008098991C0008096
:102CC0000080000000800000000000000000000004
:102CD00000000000000000800000000000800904E7
:102CE0000000000911030802050300090803800021
:102CF00000802080000000000000040000000000B0
:102D000000020040090800100000080000008000D8
:102D10000000002000094003050500001189008320
:102D20000000004110894083028200002089008356
:102D3000000000000080000001A1008801859105CD
:102D400000100010001000820000000000000000D1
:102D50000000000000000000009000080040008813
:102D60000100000000010101000000000001A001BD
:102D7000088800C0018420900000000001000000CD
:102D8000C00000010000010100010000000000007F
:102D900010000000008800010109009082848989E8
:102DA00000C10082002001110183000482A003857C
:102DB000000300C000A0004000020140010000002C
:102DC00000400000000000000000000000000000C3
:102DD00000000000000000000000004000000000B3
:102DE00000880110001100010000009000A0000008
:102DF0000000000100C00000008800000108004041
:102E000000000000000200C0000000000090000070
:102E10000000000001890102000000C083880990C1
:102E2000A000400001880100000000008589C0A0CA
:102E30001100C0C0000000000000000203004100BB
:102E40000000100000000000000000000000000072
:102E50000000000000000000000000000041000031
:102E600000000080030000110909090000000005AE
:102E7000000200000010000000000000000003003D
:102E800011000000090000000040004000000000A8
:102E900000000000000003C00420000000808380C8
:102EA000040003000000038004000000000083828F
:102EB00000008210800000000000000000008181FE
:102EC000000BD00011000000000B0000000000000B
:102ED0000000000000000000000000000000810071
:102EE000000B0000000000810000D0000000828183
:102EF000000BD000008100600000D0000000000046
:102F00000000000BD000000000810000D000420053
:102F10000081000BD00000000082000BD0000000F8
:102F20008250000BD00000000650000BD0000000C3
:102F300000500000D0000048000000000000000029
:102F40004141000000FBFFFF000000000000000006
:102F50000000000000000000000000000000000071
:102F600000000000000000000F0F55557D7D14D7B4
:102F700000000000000FFFFB000000000000000048
:102F80000000417D7D7D0000000000000000003C4D
:102F900000390000000000000000000000AA00004E
:102FA00000F0000000F0000000C30000000000007E
:102FB00000F000000000000000C30000000000005E
:102FC000000041EB141400FFFFFF000000000000B0
:102FD00000000000000000000000000000000000F1
:102FE0000000000000000000000055553C3C41413D
:102FF00014D700000000000F00FB000000000000DC
:1030000000000000417D4141000000000000000080
:10301000003C003C0000000000000000000000AA8E
:10302000000000F0000000F0000000C3000000FFFE
:10303000000000F000000F0F000000C300000000BF
:10304000000000000000828200000000000000007C
:103050000000000000000000000000000000000070
:10306000000000000000000000000000AFA0FAFA1D
:10307000EB28BEBEC0C0C0C03D3904000000000047
:103080000000000000000000000000000000000040
:103090000000D0D72028000000000F0F000000AA79
:1030A00000005500000000000000C300000000AA5E
:1030B00000000F00000000000000C3C3000000007B
:1030C0000000000000007070F2F20000000000003C
:1030D00000000000000000000000000000000000F0
:1030E0000000000000000000000000000000AFA091
:1030F0000A0AEB288282C0EAC0C03D3D0000000001
:1031000000000000000000000000000000000000BF
:1031100000000000D0D02020000000000F0F0000B1
:1031200000AA000055000000FF000000C3000000DE
:1031300000AA00000F000000F0F0000000000000F6
:1031400000000000000000000806046C039000006E
:10315000008600E000900000000000000000000079
:1031600000000000000000000086006003900000E6
:103170000800041C00020010008600EC01B90000E9
:10318000A0865074A0B000050000088600F000B0D2
:1031900000000000001400000000008600E400B001
:1031A0000803C0C7C0E430904903C0C1C0E431B0D7
:1031B0004903C0C7C0E431304903C0C7C06430B060
:1031C00043030086006000B0000000000000000023
:1031D00000F0000000007D7D0CCF0000000000002A
:1031E0000000000000000000000000000000282C8B
:1031F000EBEF0000000000000000000000000000F5
:1032000000000000000000F000F0000000000000DE
:1032100000000000000000000000000000000000AE
:10322000000000000000000000000F0F3CFC1454E0
:103230000000000000000000000000050F8F00806B
:103240003C34FF3C00000000FF00FF0000000000D5
:10325000808080800000000041410CCF0000000011
:10326000000000000000000000000000000000005E
:103270000004C3C7000000000000000000000000C0
:10328000000000000000000020F000F0000000003E
:10329000000000000000000000000000000000002E
:1032A0000000000000000000000000000F0F3CFCC8
:1032B00028A880000000000000004FEF0005FFFF7D
:1032C000FFFF3C34FF34000000007F80FF0000005F
:1032D0000000BCFF005500000000000000000000DE
:1032E00000000000000000000000000000000000DE
:1032F0000000FFFF0000000000000000000000F0E0
:1033000000F000000000000000000C3C3C34000015
:1033100000000000000000000000000000000000AD
:103320000000000000000000000000000B0B00FF88
:1033300020209A00000000000000000000000000B3
:1033400000000000A05F000000000000AAAAAAAAD6
:1033500000000000BCFF005500000000000000005D
:10336000000000000000000000000000000000005D
:10337000000000002F2F10100000000000000000CF
:1033800000F000F000000000000000000C3C3C3C9D
:10339000000000000000000000000000000000002D
:1033A00000000000000000000000000000000B0B07
:1033B000FFFF0000AA000000000000000000000065
:1033C000000001000040A05F828200000000AAAA65
:1033D000AAAA020000000000000000000000000097
:1033E00002000400000000000000000000000000D7
:1033F00000000000000000000000000000000000CD
:1034000000000400000000000000000000000000B8
:10341000000000000000000000002100000000008B
:103420000000001004000000000000080000000080
:103430000000001000000000000004000000000078
:103440000000200000004188000000200200000071
:103450000000000000000000000000000800000064
:10346000000000000000000000000000000000005C
:10347000000000000000000000000000000000004C
:10348000000000000000000000000000000000003C
:10349000000000000000000000000000000000002C
:1034A0000000000000000400000000000000000018
:1034B000000000000000000000000000000000000C
:1034C00000000000000000000000000000000200FA
:1034D00000000000000000000000000000000000EC
:1034E00000000000000000000000000000000000DC
:1034F00000000000000000000000000000000000CC
:1035000000000000000000000000001000000000AB
:1035100000000000000000000000000000000000AB
:1035200000C000000000000000000000000000C01B
:10353000008800000088410000000000000000003A
:1035400000000000000020000000000000880000D3
:1035500000000000000000000020004100000041C9
:10356000000000000000000000000000000000104B
:1035700000000000000000410000000000000020EA
:10358000000000110000000000000000001000100A
:10359000000000000000000000000000000000002B
:1035A000000000000000000000000000000000100B
:1035B00000100010000000000020000000000000CB
:1035C000001000000040000000100000000000207B
:1035D00000100008000000000008000000000000CB
:1035E00000000000000000000000000000000000DB
:1035F00000000000000000000000000000000000CB
:1036000000000000000000000000000000000000BA
:1036100000000000000000000000000000000000AA
:1036200011000000000000400000008800000000C1
:1036300000900082009000000000000000000000E8
:103640000500000040000500000000000900000027
:10365000020004000500000000000000000000045B
:103660000000000400000010000000000004000042
:10367000000000000000000000000000100000003A
:103680000000000000000003000010001000000017
:103690000000000000100000A0000010000000006A
:1036A0000000000000009041000000000000000049
:1036B00000000000000000000041000000000000C9
:1036C0000003000000020000002100000040000094
:1036D00000000010000008000000000000000000D2
:1036E0000040000000000088000000000000000012
:1036F00000000000000000000000100000000000BA
:1037000000000000000000000000000011000000A8
:1037100000000000000000000000000000A0000009
:103720000000000800000000000000100000000081
:103730000000000000000000000000000000000089
:103740000000000000000000000000C000000000B9
:103750000000000000000000000000000000000069
:1037600000000000900000100000000000000008B1
:103770000000000000100000000000000008000031
:1037800000000008000800000000000000000041E8
:1037900000000000000000000000000000210021E7
:1037A000000000210000000500200200820000004F
:1037B0000000000000008800A000000000000000E1
:1037C00000000203020800000008000000000000E2
:1037D0000000000004110000000000008200000052
:1037E00000000000000000000400000000000000D5
:1037F00000000000000000000000000000000000C9
:1038000000080000000000000008000000000000A8
:103810000000000000000010000000000000000098
:103820000000000000000000040000000000000094
:10383000000000000000009000400002000000882E
:103840000000040000200000000000000000000054
:1038500000900000000400000200000000000000D2
:10386000000000000021840400000000200000206F
:10387000002000090000000000000000000000001F
:103880000000000000000000000000000000000038
:10389000C000000000000040002084000000000084
:1038A0000021C00000000000040800040400000023
:1038B00000000000040000020000000040090000B9
:1038C00000000000000000000000002000210000B7
:1038D0000000000000400400000000000010000094
:1038E0000000000000000000000000000000004098
:1038F00000000000000000000000001000000000B8
:1039000000000000000000000000000000000000B7
:10391000000000000900000000000000000000009E
:103920000000000000000000000000000082008491
:103930000084000000000000000000000000000003
:10394000000000000900000000001100000000005D
:103950000000000000000040040000200000000003
:103960000000000000000000000000000000000057
:10397000000000008221C00800410000000000009B
:1039800000410000000000000008000000000000EE
:1039900000400000000000000000000000080000DF
:1039A00000000005000000050000002004000009E0
:1039B000001002200420044104410420880000413A
:1039C0000400200000000000040400080000820041
:1039D000004100000000A00020041020042004008A
:1039E00000000200020000110000000000000000C2
:1039F00000000000000000000000000000000000C7
:103A000000000000000000000000000000000000B6
:103A100000000000000000000000000000000000A6
:103A20000000000000000000000000000000000096
:103A30000000000000000000000000000000000086
:103A40000000000000000000000000000000000076
:103A50000000000000000000000000000000000066
:103A60000000000000000000000000000000000056
:103A70000000000000000000000000000000000046
:103A80000000000000000000000000000000000036
:103A90000000000000000000000000000000000026
:103AA0000000000000000000000000000000000016
:103AB0000000000000000000000000000000000006
:103AC00000000000000000000000000000000000F6
:103AD00000000000000000000000000000000000E6
:103AE00000000000000000000000000000000000D6
:103AF00000000000000000000000000000000000C6
:103B000000000000000000000000000000000000B5
:103B100000000000000000000000000000000000A5
:103B20000000000000000000000000000000000095
:103B30000000000000000000000000000000000085
:103B40000000000000000000000000000000000075
:103B50000000000000000000000000000000000065
:103B60000000000000000000000000000000000055
:103B70000000000000000000000000000000000045
:103B80000000000000000000000000000000000035
:103B90000000000000000000000000000000000025
:103BA0000000000000000000000000000000000015
:103BB0000000000000000000000000000000000005
:103BC00000000000000000000000000000000000F5
:103BD00000000000000000000000000000000000E5
:103BE00000000000000000000000000000000000D5
:103BF00000000000000000000000000000000000C5
:103C000000000000000000000000000000000000B4
:103C100000000000000000000000000000000000A4
:103C20000000000000000000000000000000000094
:103C30000000000000000000000000000000000084
:103C40000000000000000000000000000000000074
:103C50000000000000000000000000000000000064
:103C60000000000000000000000000000000000054
:103C70000000000000000000000000000000000044
:103C80000000000000000000000000000000000034
:103C90000000000000000000000000000000000024
:103CA0000000000000000000000000000000000014
:103CB0000000000000000000000000000000000004
:103CC00000000000000000000000000000000000F4
:103CD00000000000000000000000000000000000E4
:103CE00000000000000000000000000000000000D4
:103CF00000000000000000000000000000000000C4
:103D000000000000000000000000000000000000B3
:103D100000000000000000000000000000000000A3
:103D20000000000000000000000000000000000093
:103D30000000000000000000000000000000000083
:103D40000000000000000000000000000000000073
:103D50000000000000000000000000000000000063
:103D60000000000000000000000000000000000053
:103D70000000000000000000000000000000000043
:103D80000000000000000000000000000000000033
:103D90000000000000000000000000000000000023
:103DA0000000000000000000000000000000000013
:103DB0000000000000000000000000000000000003
:103DC00000000000000000000000000000000000F3
:103DD00000000000000000000000000000000000E3
:103DE00000000000000000000000000000000000D3
:103DF00000000000000000000000000000000000C3
:103E000000000000000000000000000000000000B2
:103E100000000000000000000000000000000000A2
:103E20000000000000000000000000000000000092
:103E30000000000000000000000000000000000082
:103E40000000000000000000000000000000000072
:103E50000000000000000000000000000000000062
:103E60000000000000000000000000000000000052
:103E70000000000000000000000000000000000042
:103E80000000000000000000000000000000000032
:103E90000000000000000000000000000000000022
:103EA0000000000000000000000000000000000012
:103EB0000000000000000000000000000000000002
:103EC00000000000000000000000000000000000F2
:103ED00000000000000000000000000000000000E2
:103EE00000000000000000000000000000000000D2
:103EF00000000000000000000000000000000000C2
:103F000000000000000000000000000000000000B1
:103F100000000000000000000000000000000000A1
:103F20000000000000000000000000000000000091
:103F30000000000000000000000000000000000081
:103F40000000000000000000000000000000000071
:103F50000000000000000000000000000000000061
:103F60000000000000000000000000000000000051
:103F70000000000000000000000000000000000041
:103F80000000000000000000000000000000000031
:103F90000000000000000000000000000000000021
:103FA0000000000000000000000000000000000011
:103FB0000000000000000000000000000000000001
:103FC00000000000000000000000000000000000F1
:103FD00000000000000000000000000000000000E1
:103FE00000000000000000000000000000000000D1
:103FF00000000000000000000000000000000000C1
:1040000000000000000000000000000000000000B0
:1040100000000000000000000000000000000000A0
:104020000000000000000000000000000000000090
:104030000000000000000000000000000000000080
:104040000000000000000000000000000000000070
:104050000000000000000000000000000000000060
:104060000000000000000000000000000000000050
:104070000000000000000000000000000000000040
:104080000000000000000000000004000000080024
:10409000000004000000000000000000110000000B
:1040A000000000000000000200000400000000000A
:1040B00000000400000000000900000000000000F3
:1040C00000000000000020000000000000000000D0
:1040D00000000000000000A0000000000000000040
:1040E0001100001000100010000200000000008805
:1040F000000000000000110000000000801000001F
:10410000001000000000020000000000000000009D
:10411000010000000000000000000000000000009E
:10412000000000000000000000800000000000000F
:10413000000000000000000000000000000000007F
:1041400000000000000000C00000000000000000AF
:10415000000000000000000000000000000000005F
:1041600000000000000000000000008000000000CF
:10417000000000000000000000000000000004003B
:10418000000000000000000000000000000000002F
:1041900000210001002100210400040004000400AB
:1041A000000100010009000100010001000100A15F
:1041B0000000000000000008000000000090000067
:1041C0000000000000088000000000000000000067
:1041D00000000020000000000400000000000400B7
:1041E00000A00900000000C0009000200000801026
:1041F000202080008000800080000000000000007F
:10420000000000002000004000000000000000004E
:10421000000000820002008400C0010001000100D3
:1042200001410020002000A0002000020004000442
:10423000000400000000001000100000000000005A
:1042400000200000000000202010000000000000FE
:10425000000000100080000000200020000000008E
:10426000000000000000002000000040008000006E
:10427000208001C1040004000400040000000000CC
:1042800000410041000001410010001000C000008A
:104290000000001120000005020009410004000098
:1042A00000000004000000A00010000000900000CA
:1042B00000000001000010000500000000000000E8
:1042C000000000A00000000200020000000000A0AA
:1042D0000000000000000040204100200084000396
:1042E0000041091100102000000000C100020090F0
:1042F000000200010010000400000000040200841D
:10430000000000044005000400020000000200104C
:10431000001000100020000000A00010008200002B
:10432000000000000000000000000000000000008D
:10433000000000000002000000000000000000007B
:104340000000040000000000001000000000000059
:1043500000000000000000000021001000C110005B
:104360000020008400080000010000000004008814
:104370000000008088100080000000000000008025
:1043800000000000008000A00000000000410000CC
:104390000000000041000020100000000210A110E9
:1043A0000000000005000000000000000000000008
:1043B00000000000000000000000000000000000FD
:1043C000000000000000000010000000200080003D
:1043D0000000000005A10001800000910588000098
:1043E0002000000000A110908000008800000491CF
:1043F00004919000000900018000200000018090DD
:1044000010000005800180008400000000002100F1
:1044100000000000000000000080000000200000FC
:10442000021000050000C0000000000000000000B5
:1044300000100000000000000000000090052000B7
:104440000000200000000000000000000005010046
:10445000020000000009A020000410000004000079
:104460000000010000000020110802000000000010
:1044700000020004200000A000200400A100002091
:10448000400001000084200420002100C000101022
:104490002000C000000000000900098200000500A3
:1044A00000A040040084050000C00010400000820D
:1044B00008821088000009000000000000000000D1
:1044C0000000000020000000000020022100050084
:1044D000030010840000210820000040210808404B
:1044E00009204100802000000002100584850002A0
:1044F00080010400208800000002414010002120BB
:1045000020000020090511040004008804000000B8
:10451000000020102000000000000000000000004B
:104520000000000000800000000000008800010082
:10453000000000000000000000000000000000007B
:104540000000000000000100000000000100000069
:1045500000000000010000000000A1000080000039
:1045600000000080000008000000008001024104FB
:1045700000802002000040000000008000000100D8
:10458000001000000080002000000000000001007A
:1045900000000000000000000000102000000020CB
:1045A0000000100003000001008400880082001059
:1045B000000000000000C10000200088030000107F
:1045C00000C00084008400000000200020000000E3
:1045D000110020000084031000000000A100002151
:1045E00090010010002120100900000400C0000804
:1045F00000900084418200A000A18021800300106F
:10460000A02011200084091100100000000000000B
:1046100000000084000021200008000000000000CD
:10462000000000092000000000408200840000001B
:10463000A0000000000000002000000000000000BA
:1046400082000000000000040000200001002100A2
:10465000200300000100000000000000000002052F
:104660000008022004808804898000210080000066
:1046700000800000000000108800004008900884BE
:10468000C08010800089000388040005822100009A
:1046900084100000A00000000000008000008000E6
:1046A0000000000090030304850204100080040051
:1046B00009000080110000000000110091031104A6
:1046C0000002A00400000000000000000000000044
:1046D0000000000000000000110000000000400089
:1046E000000002000300008080800000000088833A
:1046F00008098905408883038040410009088890A3
:1047000080C0084011C00240858000084188C04038
:10471000800803400340021000020005052100004C
:10472000080000000000830101014001100104089D
:1047300085840408000800000000020000008201D7
:104740000001000111000000000000000000000056
:104750000000000000000000080000000000000051
:10476000894088080508004000821004409000A09D
:1047700005118502090901081001C00100000000AF
:1047800088839005C08200200104C010080101093F
:104790000901040000010101010100010001000004
:1047A0000000000000000000008801040141010138
:1047B00008001000820008C00188000001100100FC
:1047C000010001C001000100000000000000000025
:1047D00000000001000000000000000101000000D6
:1047E00000002000C100888889C1000020019000DD
:1047F00082020803C18205C11110010001C000013D
:1048000001008800090089008290040008C000406F
:1048100009080500821091200500010000C1002157
:1048200000000000000000000000080004800240BA
:1048300003038009800000008080110011000580C2
:104840000900100004000202030000000000000044
:1048500000000000000300000011030040081000E9
:1048600011200000210802090300A00300028010AB
:104870000000808841C010800585838010004000C2
:104880000002030240108804850089904104410021
:104890000040A089C00008004091C00008000083CB
:1048A000008521210000000000000000C088108465
:1048B0002002118300808000800000800010030926
:1048C00000090003821000041002400300000000F1
:1048D00000000000000000000200000000000000D6
:1048E000030000800080008500888811004080005F
:1048F00080002100808000904110809090880040CE
:1049000000040009110303000090099008900000C2
:104910008085809010400008008405C090800520AC
:104920000040404041080040000800000040830370
:1049300001090003888300081084A0020408000015
:10494000000000009001830100010101210100002D
:10495000000000000000880000000100000020406E
:104960000088008200100080A010C011A14008093A
:10497000028802C0C1908882000904841084031058
:10498000000500C10010200510408803821101833A
:104990000004C0C11010C0880082000201A1880478
:1049A0000000000101000100000000000000000004
:1049B00001820109018200000809C000080004C04A
:1049C00000900000000000000182010901A1000028
:1049D000000000000000000000400008000000008F
:1049E00000880008000100010080848908A11000EF
:1049F0001020822184A0900000008510204082A019
:104A000011A00120019000000000824088A08200D7
:104A100020080103C1C0100008C000A00108010067
:104A200000900000004000000000000000000000B6
:104A300000000380048802C0080380080000800092
:104A400000000000000900080000038004900290AC
:104A500040200000000000000000000000000000F6
:104A6000000000800091002000410080808380844D
:104A70008011808080830000000000008391830506
:104A80000000A0800300410000054100804080112B
:104A9000000480800383850280024000082140904A
:104AA0004000000000004180000003000000000BF7
:104AB000000000000000000BD00012420000000BBC
:104AC000000000000081000BD0000000000000008A
:104AD000D0001200000000000000000000000000F4
:104AE000D000420000000000D000000000000000E4
:104AF000000BD00082480000000BD0000A0000002C
:104B0000000BD000420000000000D00000000000B8
:104B1000000BD00000008100000BD000820011814A
:104B2000000BD000006000840000D00006000000F0
:104B30000000000000000000000000000000000075
:104B4000000000000000000000000C0C6662000085
:104B50000000000000000000000000000000000055
:104B60000000000000000000000000000000000045
:104B700000000000FF36F0360000000000000000DA
:104B80007E187E7E8DCFBDFF6666FF00E724CFCF07
:104B9000000000009F9FFFFF1800E7FFFFFFFFFFDF
:104BA0006F6F6F66FF9FFF9F00000000FFFF000018
:104BB00000000000000000000000000000000000F5
:104BC0000000000000000000000000000C0C0000CD
:104BD00000000000000000000000000000000000D5
:104BE00000000000000000000000000000000000C5
:104BF0000000000000000F3600360000000000003A
:104C000000007E181818CFCFFFFF00003C3CE724BF
:104C10000C0C00000000F9FFF9FF00000000FFF697
:104C2000FFFFFFFFFFFF9B9F9B9F3C663C666C0C5A
:104C30006C0C00000000000000008208040000105E
:104C4000886100000000000000000000000000007B
:104C500000008208040000108840000000000000EE
:104C60000000000000000000000000000000000044
:104C70000000000000000000000000000000000034
:104C80000000000000000000000000000000000024
:104C90000000000000000000000000000000000014
:104CA0000000000000000000000000000000000004
:104CB00000000000000000000000000000000000F4
:104CC00000000000000000000000000000000000E4
:104CD0003030F3F20000000000000000000000008F
:104CE00000000000000000000000000000000000C4
:104CF000FCFC606F0000000000006C6C6C6C00003D
:104D0000000000000000606F30303C663CF0006640
:104D1000003C3030F0F000000000F6F6FEF6101017
:104D2000000000000000FFFF767E24240400C38002
:104D3000C3C23C3C00000000000000000000000076
:104D40000000000000000000000000000000000063
:104D500000000000C3C200000000000000000000CE
:104D60000000000000000000000000000000000043
:104D700000000C0C606F000000000000000FF0FF4E
:104D80000000000000000000606F30303C663CF026
:104D90000066003C3030000001000000F6F6F6F638
:104DA0001010000001010000FFFF767E24240400A3
:104DB000808080C23C3C00000086006000900000C3
:104DC000058604F000B2001000860080008000001C
:104DD000008600EC00B9000005000410000200107D
:104DE0000000000000000000A0005010A00000051E
:104DF000A0865070A0B000050000A08650B0A09022
:104E00000005A0005090A0000005088604F000B046
:104E100000100886047000B20010A0005090A0009E
:104E2000008508860290038000000086007C0190C7
:104E300000000000700400000000000000000000FE
:104E400000000000000001003CFFFEFCBE3C5D5D78
:104E50005DFF0000000000000000000000000000F6
:104E60000000000000000000000000000000000042
:104E7000000000000000163E577F0000AA0020003E
:104E800007070003FA0AF0F0003C0FFFBCBC80806B
:104E9000070700FF00000000417D3F3FAFA0EBEBA4
:104EA000D7D705F51E001E00FCFCFFFF0000000028
:104EB0003CFF3CF500000000000000000000000086
:104EC000000030300000000001003CFFFAF0AA00B2
:104ED0000C0C0CFF000000000000000000000000AF
:104EE00000000000000000000000000000000000C2
:104EF0000000000000000000022A436B0000AA002E
:104F0000000004040003FA0A0000003C0F00FC3C0F
:104F1000C000040400FF00000000417D0303AFA0B7
:104F20002828141405F51C001C00F0FCFFFF0000ED
:104F300000003CFF3CA0000000000000000000005A
:104F40000000000000000000000000000000FEFC67
:104F5000BE3C0CFF5DFF00000000000000000000F0
:104F60000000000000000000000000000000000041
:104F70000000000000000000000000000000000031
:104F800000300030550055FFACACFF0F00FF000FA4
:104F90003C3CAAAA0F0F555500000000000000007D
:104FA000AAAAEB285C5C3C3CFFFFFF55BFBFBFBF1C
:104FB0000000000041007D3F0000000000000000F4
:104FC00000000000000000000000000000000000E1
:104FD000FAF0AA000C0C5D5D00000000000000006B
:104FE00000000000000000000000000000000000C1
:104FF00000000000000000000000000000000000B1
:105000000000A0F0A0003C0F3C0FACACF000000092
:10501000000FFF00F0F03C3C00FF0000000000002B
:105020000000F0F0EB285C5C00FFD755FF55AFAFF8
:10503000BFBF00000000410041030000000000006D
:10504000000000000000000005000000000000005B
:1050500000000010000000002100040040000400D7
:10506000040000000000000000000000100000002C
:105070000000000000000000000421000000040007
:10508000000000000000000000001100000000000F
:105090000000000008000000000004000000000004
:1050A00000000400001100000010002000000000BB
:1050B000000020A10000000000000010000000001F
:1050C00000000000000000000000000000000000E0
:1050D00000000000000000000000000000000100CF
:1050E00000000000000000000000000000000100BF
:1050F0000000000000000000000000800000000030
:105100000000000000C000000000000000000000DF
:10511000000000000000010000000000010000008D
:1051200000000000010000A000000080008090004E
:10513000000000100104000000000000000000005A
:10514000000000000000000120010001000100003B
:1051500000008001000004000400040004000000BE
:1051600000000000000100000000000000400000FE
:105170000000000000100001000100040000000019
:1051800002000000000000000001002000100000EC
:10519000000000000000000000200010000180005E
:1051A000000000000400000000A000C000C000A03B
:1051B00000000000000100000800001000100000C6
:1051C000000000000000000000200120002000106E
:1051D0000021000004200000010001100100010076
:1051E00000000000000000080000000000000010A7
:1051F0000000000000000000000400040080000027
:105200000002010200020002000000100080009075
:1052100000080000000000000010008000000002F4
:10522000041100000011A00000000000000900109F
:1052300000000000000000400020050000900080F9
:10524000040000200000000004000020000000A076
:10525000001100100004040002C0800000000000E3
:105260000084001000000010008400000002000212
:105270000004008400000000000280000000001014
:10528000100000C080910000000000000084008435
:1052900000400084000080C08008000080110020D1
:1052A0000002802000842008000084080000040020
:1052B000002010C0002000200002000080200020FC
:1052C00004050410001000000085001100000021FA
:1052D0000000402002800082030010024000000015
:1052E00000000003000500410000821000000000E3
:1052F00000050080000000000000008002000000A7
:1053000000000000100002408400100000000003B4
:1053100000000000004100112041200000410890E1
:1053200000900003048500000585000305A002002D
:1053300001030088000200804091001000100482E8
:105340000020044001820020000000080008410203
:105350000004410400008882008800000020000052
:105360000000000020840000400000000000000059
:1053700000000900100000001000000008000200FA
:105380000000C1001000050010100000080100001E
:10539000000100210001000183001001C000C101D3
:1053A00088100021402100201000000002000001B0
:1053B000A1008000808890000000004041000001B2
:1053C000800100050004050000018040004000004D
:1053D0000000008000800000090000000000008044
:1053E00000000000000001000000010000000000BB
:1053F000000000000000000000008300000000002A
:105400000100000008000041000000000000011041
:10541000000000200010C020001002000002410324
:105420002020058000A000A000C1000000000003B3
:10543000000420112009200020000000008000004E
:105440000040201000A00082100200042000000094
:105450000000000000004120000010100300048440
:1054600000004000880000C100A0418440110000FD
:105470000000001000001000000400000300000005
:10548000000205000020001009000000C184002077
:105490000300000003000500000100200308418410
:1054A00000A00084082100012120844100000000A8
:1054B00000400020200020212000A0000000040265
:1054C000202000021084048420001010002004001A
:1054D000050400A004000000008200039183040082
:1054E000010000051000404084048205C04185028F
:1054F00000210000004190030108C080000000006E
:105500000000000000000080000000100008020001
:10551000008300210000882184050002008500002E
:10552000000300030000A190842084850520002151
:10553000200310800080A121911041050921000065
:10554000000040C08402000021004009C0000000AB
:1055500000000080000000002021004002C0008800
:105560004188402000000000030000000084030088
:1055700005C009400084400000A0001000000500A4
:1055800041840000110003000900411000000004E4
:1055900010040004000400004100001041000084D9
:1055A0000040024111100340041004204003032076
:1055B0000000009003C00001419040000500091068
:1055C0000088008800001141000480040204800467
:1055D0000000000000000090000001040000000036
:1055E0000011000001800000000000000000000029
:1055F00000000000000000050100000000000000A5
:10560000000000000000000000000000008000001A
:105610000083008300800080000000000000000084
:105620000000888988A0002188800180018041A035
:1056300000800010000082000020004100000000F7
:1056400000000000000000000020008008800080B2
:105650002080000000000000020011910921008854
:1056600041C10085050480910010028388C00902B1
:1056700008050000000000000000C000000000005D
:10568000090000030002001000080391001000054B
:105690000505000000000000000000000888004030
:1056A0000990110800800000108000808080028036
:1056B0001180000009050220204040041090008065
:1056C00088090808110000000200080003C18009D1
:1056D000408811050800400000000900008801C052
:1056E0000089019110050189C0890090000908080E
:1056F00010A000C0020000000000000091000000A7
:1057000000000100000100000001000101820041D1
:10571000024000400000000000000000000008827D
:105720000890C009009000820290A1909040848867
:1057300001A0838800A00001C101010001001082C6
:105740000004040201419000900003000100038264
:105750009084080900900000010000000100880109
:10576000C08888009090080000A088028200C001D4
:1057700089C0A191C1C00100010001000100010028
:105780000100010001000000000000000000000115
:1057900000C0000000000001000000C00040000048
:1057A0008500C1A0090182090301900088001182CF
:1057B000C0018288889182C00900A0A002850300F0
:1057C0000000058402008300A0092100A10810C187
:1057D000080088820300829001000101010001019C
:1057E000800800908000808000000000808480009D
:1057F0000502C00008C10380400020000200030031
:10580000400004002000090000000000000000002B
:105810000308038005200502000800200000002185
:105820000000C00584008502888990204021000086
:1058300090880008000080918080A000020011C0C4
:10584000C100100088008009880002C0C1000580E6
:10585000C0094102108088119180080008034000AF
:105860004041031089208009C0C1210080002180AF
:10587000C0804040001020050883000000000000A8
:105880000000002000200040000340000000000055
:1058900008000202000841050202000000000200A8
:1058A0000000000011408008804041C000000080DE
:1058B000108080000000800000000080092000C0EF
:1058C0000002A010080800800009039000400908A9
:1058D00000020040034100889180808580090040DB
:1058E0001040001001008900A00188890000C0005C
:1058F00011108888C183844141C0009100000000DC
:105900000000000000010001000100010100000092
:1059100000000100010184008800900008000000E0
:10592000010000000000008810881088888208A00C
:1059300088C0008410900000880082C000880003A6
:1059400000C1008889030141000400000182002099
:1059500000210091C090010282C1858488821000DC
:1059600000010001000082918888010088888591EB
:105970000810830000A08388A104C00104080088E7
:10598000000000010000000000000000000000A076
:105990000084000000000140A0419000010082103E
:1059A00090A002000000000083030502830002842F
:1059B000028910409001100891918800C1008888E8
:1059C000010300050101000283048440090008006E
:1059D000C08810C11000C010820121108400C002D4
:1059E0000000000200000000910480000900808097
:1059F0008382890004000000038920084010090008
:105A0000000000050002000000000000004000004F
:105A10000000000000000000100005C18502200009
:105A20008080000000000000000083898540210381
:105A300008800088808080028000839184001000AC
:105A400082802083022040024100888811090809D1
:105A500000000041002000038080C140080085054F
:105A6000008000000008000400008142000BD0000C
:105A700042004100000BD00000000000000BD000ED
:105A8000000000420000D000000000420000D000F2
:105A9000000000000000D00000000000000BD0005B
:105AA00042008200000BD000000000000000000B4C
:105AB000D00000000000000BD00000481242000B94
:105AC000D00000000A00000BD00006000042000BCE
:105AD000D00000410050000BD00000000050000B2F
:105AE000D000820000000000D0008200FFFF0F0FF6
:105AF0000096089E000500500000000000FF3C3C9E
:105B0000D7D7033F000000000000000000000000A5
:105B10000030001000000000000000000505F5F551
:105B20000F4D0F0F000000000000000000000505F1
:105B3000080FC7C782FFFFFF0000000000005F4B97
:105B40001F1F0000000000A03C3C00000101AFFF4F
:105B5000FFFFFF55FFFF00000000FF0CFF0C0505D5
:105B60000000FFFFF7F700000000350F35FF0000D1
:105B70000F0F00BE00BE000F00F0000000005555E2
:105B80000F0F1414033F000000000000000000008D
:105B90000000557555550000000000000000050488
:105BA000F5F75555555500000000000000000000B5
:105BB00000000000868682FFFFFF0000000000005A
:105BC000554114140000000000003C3C000200029B
:105BD000AAFFAAFFFF14FFFF00000000000C550CF5
:105BE00005050500FFFF141400000000350035F026
:105BF000F000FC3C00000000FFBAFF300000000095
:105C0000F0F03C3C3A3AFFF00000000030000C009D
:105C100000000000FF3FF030AA00A00000000000DC
:105C2000FF3CC300F0F0AAAA000000000000000042
:105C3000000082F3000014003030000000003C3C03
:105C400030300000000000000000002000207050F4
:105C50003000FFFFAFAF8A8A8A8A00000000FED4BE
:105C6000EAC0FFFFFFC3C0C0C0F0000000003CFF5F
:105C7000F0AAA0A0BCBC00000000BABA30300000FE
:105C80000000AAAAFF003A3A0F000000000030000E
:105C90005D5500000000CF0FC000AA003C3C000092
:105CA0000000FF2CD300B2F0AAAA00000000000000
:105CB000000000008230000014000000000000001E
:105CC0000000303000000000000000002828000024
:105CD00050501000BFBFAFAF080800000000000028
:105CE000FAF0FAF0CFC3FFC300000000000000008C
:105CF0003C00F0AA0082700C01800000050600F054
:105D00000380000008860490008200100000000C50
:105D1000000000100000000C00090000000004104A
:105D200000000000008600B000B00000A0865070A7
:105D3000A3B0000500000500009000000000A88648
:105D400050B0A09000850806008C038000000086FB
:105D50000070039000000000009C0000000000861E
:105D600000EC00B000000080009C00100000A000CB
:105D70005010A0000005D728D7D7FFFF0000FF0F65
:105D80000F0F00FF0000FFF8F8F8141FFFFF0000DE
:105D90000000000000000000000000000000000003
:105DA000000000000000A000A00000000000FF00B4
:105DB000FF0A000000000000FCC0EBEB0A5FBEBE63
:105DC000F828000004550055D020F00000550000D0
:105DD00000000000BEB40000F0003C0005050C0C03
:105DE0000000000000000000FC0CFF55D7D70F5545
:105DF0000000000000000000FF002828FFFF000056
:105E0000FF0F0F0F00FF0000FF282828141F141F8A
:105E10000000000000000000000000000000000082
:105E20000000000000000000A000A0000000000032
:105E300000000A0A000000000000FCC028280A5FD9
:105E400014140000000000000000000000000055D5
:105E5000000000000000AAA00000F0003C000505C2
:105E60000C0C0000000180000000FC0CAA001414BF
:105E70000F550000000000000000DEDF202055AAC2
:105E800055AAF8F0080055005500FEFCBE3C0F3F37
:105E90005F7F000000000000000000000000000024
:105EA00000000000000000000000000008000000EA
:105EB0000000000000000000000000003F3FFA0A60
:105EC000FF3C0F55F00028AA005C00F01C3C2000AD
:105ED000080804080000000000041014F0003C0052
:105EE0000F0F000F0000000017C317FFF0F0F0AA1B
:105EF000002000100000000000000000FFFF000074
:105F000051AA55AA080008007D3C4100FAF0AA00F9
:105F1000003C557D00000000000000000000000073
:105F2000000000000000000000000000A0A0000031
:105F30000000000000000000000000000000303001
:105F4000FA0A003C0F55F00028AA005C00003C3C17
:105F500000000404000C0000000000400040F000BD
:105F60003C000000000F000000001700173C3C3C04
:105F7000F0AA000000000000000000000000000087
:105F80000000000000000000000000080000000009
:105F900000000000000000000000001000000000F1
:105FA00000000000000000000000000000000000F1
:105FB00000000000000000000000000000000000E1
:105FC00000000000000000C0000000C000A00000B1
:105FD0000000000000000000000000000020001091
:105FE00000880000000000000000001041080000D0
:105FF00000000000000000000000000000000000A1
:10600000000000000000000000000000C0000000D0
:106010000000000000000000000000000000000080
:106020000000000000000000000000000000000070
:106030000000000000000000080000000000000058
:106040000000000000000000000000000000000050
:1060500000000000000000000000000000000041FF
:106060000000000000000000000000000000000030
:106070000000000000000000000000000000000020
:106080000000000000000000000000000000000010
:106090000000000000000000000000000000000000
:1060A00000000000000000080000000000000000E8
:1060B00000A00000000000A000000000000200108E
:1060C000000000000000000000C000000000000010
:1060D000000000000000000000000000008200003E
:1060E00000820800000000000040000000000000E6
:1060F00000000000000000000000000000000000A0
:10610000000000000000000200000000000000008D
:10611000001000000000000000000000000000006F
:106120000000000800000010000000000000000057
:106130000008001100000010000000020011001112
:1061400000110011000000000020004100000000CC
:1061500000000000004100000021000800000000D5
:1061600000100003004100000000000000000011CA
:1061700000210000001100110000000900000010C3
:106180000008001008100000000000400088000017
:1061900000000300090000000000000000000000F3
:1061A00041000000000000000000000000000000AE
:1061B00000000000001000400000000000C00000CF
:1061C0000000000000400000000000000088000007
:1061D000000000000040000040900000030040006C
:1061E0000000008200104100090211900000090027
:1061F00000004000000002004000210004000002F6
:1062000004000004000000000000000088000002FC
:106210000000000082000010884100000000000023
:10622000001000100010001000000000000000002E
:10623000000000000000000000000000000000005E
:10624000000000100000000000000011000000002D
:10625000001120410010C00300030005000084105D
:10626000840208000000000000210011000000006E
:1062700000000021000300030003002000000005CF
:106280004010000000100000C005000000000000E9
:1062900005000000210000000000000000000000D8
:1062A00000000000000000000084008400000000E6
:1062B00000000000000000000000000002000000DC
:1062C00000000000000002000000000000000000CC
:1062D000000000000010000000002000001000007E
:1062E00000400040008800900020000000000020D6
:1062F000000000000000000000004000000000005E
:10630000000040000000000000000000000040000D
:10631000900000020000900000002000000000102B
:10632000000000080009000000000000000000005C
:1063300000000000004100000021004100000000BA
:106340000005000000000000000500000000000043
:106350000400000000410020040988218800000892
:1063600000110003000802030009001000200000D3
:1063700000090000000000090000001000000000FB
:1063800000000000000020002000200000000000AD
:1063900000100000090000000000000000000000E4
:1063A00000000000000000000000040000020000E7
:1063B00009000000000000000000000000000000D4
:1063C0000000008800A0000000400040008800009D
:1063D0000000000000000000000000000008401065
:1063E0000000000000000082001000000002001009
:1063F000000000000000000000000000000000009D
:10640000000000000000000000000000000000008C
:1064100000000011000000000000A0000000C010FB
:10642000880010000000C000000000000000100004
:10643000400000000000000000000000000000001C
:106440000000002100000003000800100010000000
:1064500000000005C0038421000300210003001197
:1064600000210000000000000000000000000020EB
:10647000840090000400044000094020041000083B
:10648000041090094000884000090000002000002E
:106490008809000000020000004000000000000029
:1064A00000000000000000000000000000000000EC
:1064B00000000000000000000000000000000000DC
:1064C00000000000000000C0000000000088110073
:1064D0000010000000C00000000000080000008460
:1064E00002881100004000200020118800000000F8
:1064F0000010000000000000000000840000000008
:1065000000000000009000000000000000000000FB
:1065100000002000000000024000202000000000D9
:106520000408040002410000000000100000000008
:106530000000A000000082000010000582000000A2
:106540000000000000410000001040000021000099
:1065500000000021000000000021000300000011E5
:10656000002100000008004100410021004100001E
:106570000000040000000000000000000003020012
:106580000200020002000400000088040000020073
:10659000000088030200000000000000000000006E
:1065A00000000000000000000000000000000000EB
:1065B00000000000000000000000000000000000DB
:1065C00000000000000000000000000000000000CB
:1065D00000000000000000000000000000000000BB
:1065E00000000000000000000000000000000000AB
:1065F000000000000000000000000000000000009B
:10660000000000000000000000000000000000008A
:10661000000000000000000000000000000000007A
:10662000000000000000000000000000000000006A
:10663000000000000000000000000000000000005A
:10664000000000000000000000000000000000004A
:10665000000000000000000000000000000000003A
:10666000000000000000000000000000000000002A
:10667000000000000000000000000000000000001A
:10668000000000000000000000000000000000000A
:1066900000000000000000000000000000000000FA
:1066A00000000000000000000000000000000000EA
:1066B00000000000000000000000000000000000DA
:1066C00000000000000000000000000000000000CA
:1066D00000000000000000000000000000000000BA
:1066E00000000000000000000000000000000000AA
:1066F000000000000000000000000000000000009A
:106700000000000000000000000000000000000089
:106710000000000000000000000000000000000079
:106720000000000000000000000000000000000069
:106730000000000000000000000000000000000059
:106740000000000000000000000000000000000049
:106750000000000000000000000000000000000039
:106760000000000000000000000000000000000029
:106770000000000000000000000000000000000019
:106780000000000000000000000000000000000009
:1067900000000000000000000000000000000000F9
:1067A00000000000000000000000000000000000E9
:1067B00000000000000000000000000000000000D9
:1067C00000000000000000000000000000000000C9
:1067D00000000000000000000000000000000000B9
:1067E00000000000000000000000000000000000A9
:1067F0000000000000000000000000000000000099
:106800000000000000000000000000000000000088
:106810000000000000000000000000000000000078
:106820000000000000000000000000000000000068
:106830000000000000000000000000000000000058
:106840000000000000000000000000000000000048
:106850000000000000000000000000000000000038
:106860000000000000000000000000000000000028
:106870000000000000000000000000000000000018
:106880000000000000000000000000000000000008
:1068900000000000000000000000000000000000F8
:1068A00000000000000000000000000000000000E8
:1068B00000000000000000000000000000000000D8
:1068C00000000000000000000000000000000000C8
:1068D00000000000000000000000000000000000B8
:1068E00000000000000000000000000000000000A8
:1068F0000000000000000000000000000000000098
:106900000000000000000000000000000000000087
:106910000000000000000000000000000000000077
:106920000000000000000000000000000000000067
:106930000000000000000000000000000000000057
:106940000000000000000000000000000000000047
:106950000000000000000000000000000000000037
:106960000000000000000000000000000000000027
:106970000000000000000000000000000000000017
:106980000000000000000000000000000000000007
:1069900000000000000000000000000000000000F7
:1069A00000000000000000000000000000000000E7
:1069B00000000000000000000000000000000000D7
:1069C00000000000000000000000000000000000C7
:1069D00000000000000000000000000000000000B7
:1069E00000000000000000000000000000000000A7
:1069F0000000000000000000000000000000000097
:106A00000000000000000000000000000000000086
:106A10000000000000000000000000000000000076
:106A20000000000000000000000000000000000066
:106A30000000000000000000000000000000000056
:106A40000000000000000000000000000000000046
:106A50000000000000000000000000000000000036
:106A60000000000000000000000000000000000026
:106A70000000000000000000000000000000000016
:106A80000000000000000000000000000000000006
:106A900000000000000000000000000000000000F6
:106AA00000000000000000000000000000000000E6
:106AB00000000000000000000000000000000000D6
:106AC00000000000000000000000000000000000C6
:106AD00000000000000000000000000000000000B6
:106AE00000000000000000000000000000000000A6
:106AF0000000000000000000000000000000000096
:106B00000000000000000000000000000000000085
:106B10000000000000000000000000000000000075
:106B20000000000000000000000000000000000065
:106B30000000000000000000000000000000000055
:106B40000000000000000000000000000000000045
:106B50000000000000000000000000000000000035
:106B60000000000000000000000000000000000025
:106B70000000000000000000000000000000000015
:106B80000000000000000000000000000000000005
:106B900000000000000000000000000000000000F5
:106BA00000000000000000000000000000000000E5
:106BB0008001000000A100020002000400040001A6
:106BC00002001110000000000010000080A0000072
:106BD00000000000000000000000000000000000B5
:106BE000040804080000000000000000001000007D
:106BF0000000000000000000000000000000000095
:106C00000000000000000000000000000000000084
:106C10000000000000400000000000000000000034
:106C2000000100A0000000A00002801000408020B1
:106C300000004020000000200080008000800080D4
:106C40000008010000000000000000000000040037
:106C50000000000000000000000000000000000034
:106C60000000000000000000000000000000000024
:106C700000C0000000000041000000000000000013
:106C80000000000000000000000000000000000004
:106C90000000000000000080000000000041000033
:106CA000000000200000000000000080088000803C
:106CB00004800000801100000008000000000000B7
:106CC0000000000080A0000480010000000000001F
:106CD0000000000180200000800100200000000072
:106CE000800000000002000000000010000004000E
:106CF0000000000080210004000380A100000001CA
:106D000080100000000300010400002000000000CB
:106D1000000000A000010001000900C10000000007
:106D20000000000000000001002000200000000022
:106D30000000000000100882001000800000000029
:106D4000000000000000020000A10240000000005E
:106D50000000000000040480000804040090840087
:106D6000000004000000009000100000000000106F
:106D70000110001000000882008000A0080400211B
:106D800000042000002100A0000400110080002069
:106D90000021001000100010001000100020000062
:106DA00000000010002000000020000000800041D2
:106DB0000020002000200000C0000000040002208D
:106DC0000020080110000000004005000002000043
:106DD0000000000000100000000500040004004056
:106DE00000000000001000000010000200020085FA
:106DF00000A0009000840000001000840004000443
:106E000000040020008504040008002000010005A3
:106E100000A00000002000840400000840020003DD
:106E20004088008504C1041000104000111000A02B
:106E30000010881100C10221000041000000010083
:106E4000018000800120000000000080000002801E
:106E50000000000000000000000000A00080008092
:106E60000000000000000000000000800080000022
:106E700000200000000000000000008000100090D2
:106E80000090008000800004008500000091002038
:106E9000008200000000000000000000000000056B
:106EA000009001099002010201000009010000099F
:106EB000000000000982000200828000001008002B
:106EC000000008000200001004000000000900009B
:106ED0000000000000020000000080C00000000070
:106EE000000100210000000080000000000100847B
:106EF0000001808404018000000000000002801175
:106F000080118003802080200020000404200021C4
:106F100010830021800080008000C0030200000177
:106F20000000000000000000000000004100000020
:106F30000000800000000800000004000400008041
:106F40000100000000100000008000000000008828
:106F50000021000000000090001000081000000058
:106F60008200002000880010000004008400000857
:106F70000003004004050020040000000000009011
:106F8000048220A020A02080208000800090048027
:106F90001082000400A00410041004000402000386
:106FA00082200005000500000020000040050000D0
:106FB000000000000210000001100000011000009D
:106FC0000000000000A10401042004008400090066
:106FD000000020002100000021004000048400C0C7
:106FE000000000100420004000A00040002000101D
:106FF00000C000A000C000C000C000A000840000CD
:10700000000200108082801000C000A000C000C0FC
:10701000000000080008000804C0000040200084B0
:107020000002004000830040001004000084C120E2
:10703000C10000100301800000000000000080007B
:10704000000000000041000801400100010041056E
:10705000000000000100000000000000000000002F
:1070600000000021000000800000000000000080FF
:10707000000000000400000000000000000000000C
:107080000000008800882000408000000000000010
:10709000004000000010000000000111000001800D
:1070A0000000020000040020200400000000000096
:1070B000408040000000000240000000000000008E
:1070C00004090000408411884010080000210800D5
:1070D000102040C0A1880010890800A041000004D1
:1070E000000080040021000000A004A00010004067
:1070F0000020001000840083800000A0008400C1F4
:10710000802100000005002100110000008800839C
:107110000084218500820484008300820000040032
:107120000084001040204000000200000084001095
:107130002020008421000000040000000000000066
:1071400000000084000001000000010000000004B5
:10715000014000800109021000000200000500410A
:1071600000000000109000880005001001000005DC
:10717000828000850021004188080205000000008F
:10718000002004A000000084008400820021000090
:10719000000400000020040004000420002000007F
:1071A000854100000000C1890100C080202100004D
:1071B000000500800802000000000105A00000009A
:1071C0000000000000000080858011800000A18385
:1071D00003040002030291030004001005050308E4
:1071E0000408021140118088090809080084008001
:1071F0000880118000000805000200104011000006
:107200000000000000000000000000000000000876
:107210000000000000000000890320048002030435
:10722000080340004100001100030020000000009E
:1072300000030900C1000000000300210800000055
:107240000003802100000000008282040004000886
:10725000828301A1A011410191C100C100C10000C0
:107260000300C000010001001008C04182050003B6
:1072700000880484C0C000000001008900890090DB
:107280000000000040000000000000000008900026
:107290000000000000004000000082010001100119
:1072A00090000141202089080000000100094000F1
:1072B0000000000140000900000000010800A000DB
:1072C000000000019000100000000200000000001B
:1072D00001C00110010401200100000100010100B2
:1072E00000C1000001410001010088000400C1004C
:1072F00089C0208891C0A101820401000088010892
:1073000001000002000000020000000000880001EF
:107310000020000100900000000200000020010297
:1073200001400100900040002000C1C0028891008F
:1073300020888300A000080040A0050000C00000D5
:10734000001001008200840004A009408020210078
:107350002100038010800480020503000310200830
:1073600021002120090020100508410408050920FA
:10737000040010A04089108088108988020008004D
:1073800008031000008000000080000000000011D1
:107390000008000000080000000200800003400018
:1073A00004890283034080400000000083800000C5
:1073B00008008000830000008000058003020000B8
:1073C000050000800300000385008000830000802A
:1073D000808085808080821008119004100320A096
:1073E00000910909C183400900A000051040808078
:1073F00000000280808000000080848080809008EF
:10740000008220880888000004000000000000803E
:1074100000000410030000000000410020000000F4
:10742000C10841041002A003000000800000800396
:107430000000040000108003050000050080000328
:1074400000001000002180030000000000A18083E4
:107450000002880491C08882830100004100090174
:10746000010900090103911110A000C1000003A14E
:10747000020890089184888400820490A1848888FE
:10748000854100C1001009830000010000002000B8
:107490000080209001010000880020000000000012
:1074A00090008301000100014101004040909000E4
:1074B00088090090010000011001000000A000A058
:1074C0004005004000400082824100A0000000A072
:1074D0008883200082891001C08801200091000962
:1074E00000018402418240014000010801110001B5
:1074F0000000850984A1A0011088914109908800AD
:107500008988010000010001000000020000000065
:10751000000000800040008300000002000000081E
:10752000009000000182018801020001400020005B
:107530000101080801400000090000880100000066
:107540000000004001100000000000009101000058
:10755000C000020280000091800880800380110436
:107560000990202080804141001041000800044023
:1075700011401100901080088021C000880804404C
:10758000204041000300401020080000008000005F
:107590000000000000800000218800000080000042
:1075A0000080000000000380041102A00803000016
:1075B000000008210000034100004000000003001B
:1075C000000005000000038000000500000003101B
:1075D0000000050080001242000BD00021000000D6
:1075E000000BD000124800810000D0000000820093
:1075F000000BD00006008200000BD00000008200CB
:10760000000B00000000000000000000000000006F
:10761000000B0000000000000000000BD000420042
:107620000000000BD00000000000000BD00012484A
:107630000A00000B000000000000000B000000002A
:107640004100000B000000000000000B00000041A2
:107650000600000B00000000000000000000000019
:107660000000000000000000003C003CDB9978F9BD
:107670000000000000000000C3C33C3C000000000C
:10768000AA5555AA00000000F0F06996AA5555AA1F
:10769000000000000000000000000000FF000000EB
:1076A0000F0F0000000000000000000000000000BC
:1076B0000000F0F0F0F09999FFFFF0F0FFFF00FFFD
:1076C000FFFFF0F0FFFFF0F0FFFFF0F0FFFF00FF23
:1076D000FFFFF0F0FFFF00FFFFFF000000000000D1
:1076E00000000000000000000000003C003CC3005F
:1076F00060600000000000000000C3C33C3C0000CC
:10770000000055AAAA55000000000F0F966955AA5F
:10771000AA55000000000000000000000000FF006B
:1077200000000F0F0000000000000000000000003B
:1077300000000000F0F0F0F09999FFFFF0F0FFFF7B
:1077400000FFFFFFF0F0FFFFF0F0FFFFF0F0FFFFA2
:1077500000FFFFFFF0F0FFFF00FFFFFF0000000051
:1077600000000000820804000010884000000000B3
:1077700000000000000804004011080000000000A4
:1077800000000000000000000000000000000000F9
:1077900000000000000000000000000000000000E9
:1077A0000000000000000000000000000000C2080F
:1077B00004000010886100000000000000000000CC
:1077C00000000000000000000000000000000000B9
:1077D00000000000000000000000000000000000A9
:1077E0000000FFFF0000000000000000000030006B
:1077F0003C00002400240000000000000000FFFF07
:10780000FFCFFFFFFFDF0000000055AAAA5555AAD1
:10781000AA5555AAAA55000000000000000000006B
:107820003C3C000066660000000000000000000014
:107830000000000000000000FFFFC3C3FFFF0000C6
:10784000FFFFFF00FFFF0F0FFFFF0000FFFFFF0024
:10785000FFFFFF00FFFF0F0FFFFFFF00FFFF0F0FF6
:10786000000000000F006060000000000000000049
:107870001000180000003030000000000000000080
:10788000FFFFFFCF0000002000000000AA5555AA0E
:10789000AA5555AAAA5555AA0000000000000000EC
:1078A00000003C3C00006666000000000000000094
:1078B00000000000000000000000FFFFC3C3FFFF46
:1078C000FFFFFFFFFF00FFFF0F0FFFFFFFFFFFFFA7
:1078D000FF00FFFFFF00FFFF0F0FFFFFFF00FFFF95
:1078E0000F0F0084020C03900010058604F000B214
:1078F00000100086046C00B20080008600600390D7
:107900000030A08650B0A3900005008600C0039010
:1079100000800586006000B00080008600E000B0B6
:1079200000000000A80054F0A0320015A08650F01E
:10793000A0B00005058604F000B2001002C6018068
:1079400003844940024101E00034494002C701E09C
:107950000384494002C701E000B4494002C701E086
:1079600003144940F4FCFCFC010004F0000000009A
:1079700000000000200000000030000000000000B7
:1079800000000101EBDB2818228877DD99666699F3
:10799000FFFF0000000000000FF03CC300000000EB
:1079A0000000000000000000AAAA3C3C000000000B
:1079B000000000000000000000000000000082BE87
:1079C00000000C0C00000000F0F03C3C0000000047
:1079D0000000050555000000000000000000FCFC50
:1079E000A0A0C3C3C3FF143C3C3C01000400000042
:1079F0000000000000000000000000300000000057
:107A0000000000000303EBEB28288822DD7766994D
:107A1000996666996699000000000FF03CC300006B
:107A200000000000000000000000AAAA3C3C00008A
:107A30000000000000000000000000000000000046
:107A400082AA00000C0C1C1C0000F0F03C3C000062
:107A5000000000000505050000000000000000080F
:107A60000C0CA0A0FFFFFFC35550C3D37D7D7D7DCF
:107A70000FFFF0F000000000F00000000000000028
:107A800000000000000000006699996699666699FA
:107A90005F0AF5A0CC33AAAACC33CC330000000097
:107AA000000000000000000000000000FF0055552D
:107AB00000000000000000000000000000000000C6
:107AC00000000FFF00000C080D080000FF005555D6
:107AD0000CCF000000000C0C0800000000000000AB
:107AE000000000000000000F550F555000507D7D34
:107AF0007D7D00FFFFF000000000F00000000000AE
:107B00000000000000000000000099666699669978
:107B10009966FFAA550033CC5555CC33CC330000C1
:107B20000000000000000000000000000000FF0056
:107B3000555500000000000000000000000000009B
:107B40000000000000A000000C080D080000FF006D
:107B5000555500C3000000000C0C08000000000098
:107B60000000000000000000BE0FBE0F0400000077
:107B700000000400000000000000040000000000FD
:107B8000000004900400000000000000000000005D
:107B900000000400000000000000041000000000CD
:107BA00000000400040000000000000000000000CD
:107BB0000000000004008001000008000400000034
:107BC0000020400000000400000000400008000009
:107BD0000000008210400401090000100401002090
:107BE00000000000111004400000000000A0000090
:107BF0000000000000210000000000000000002143
:107C00000000000001210000000000000000000052
:107C10000000000000000000000000000000000064
:107C2000000000000000000000000000000000C094
:107C3000000000000000000008100000010000002B
:107C4000000000800003000000000000009000C160
:107C5000000000000000018001200000000000087A
:107C600000900010000000800021001000418800FA
:107C70000000000000000000000000010001000101
:107C80000000000000000000000100010000009161
:107C9000200400010001800500010001000900012D
:107CA0000810000002400000000009000000000071
:107CB000000000200000000000000000000080091B
:107CC00040000001000040830001000000000000AF
:107CD00000C00000000000000001042100000010AE
:107CE000000000010000000100040000000200008C
:107CF0000000000000100010001000000020002014
:107D00000020000000000008001090040004001093
:107D1000000401800020002020A0000400040004D2
:107D200000040190001001900010000500100010E8
:107D30000000000090000000000000100010000093
:107D4000021000100020001100200020000200118D
:107D500000110000000000100041000801A000090F
:107D6000902100100002000900200089001000216D
:107D7000002000100002000080A00000001000841D
:107D8000001000000010000000100004000000843B
:107D90000010000000A10000000000110000000819
:107DA000000800000085004000A000C00082000024
:107DB00000A00040000000400000000000C00000E3
:107DC0000010001000000010000000000001001072
:107DD000004000104010002002010010801180209F
:107DE000400100201002000008090000040000000B
:107DF00000002184000200000000100000000000CC
:107E000008000011080000008821000008A10000FF
:107E100082000400000300040400000800040005C0
:107E200000030040000000100003000800210021B2
:107E300000030003000300000000000000008800B1
:107E40000008000000408800000000000010000250
:107E50000000000000000140008001020000100846
:107E600004C10002004103100002012000000100D3
:107E700000050041000000000000000000000000BC
:107E800010000000000000000002000200020003D9
:107E90000000000000010000800100C00000800020
:107EA0000010000000000000080000820001000037
:107EB00000000000008200820000004000C000407E
:107EC00000880000800080880020004000404000C2
:107ED00021000000000002840000000000000000FB
:107EE0009001000000001000800080048084900059
:107EF00080410000000000000000000000000000C1
:107F000000000000A00000030010000000000000BE
:107F1000002000000000000400002020000090006D
:107F200020000010000000000000010000410002DD
:107F300000000000000588000000000000000000B4
:107F40000000000000100840022100C000000000F6
:107F50000000000000000000010000000009000017
:107F600000001002000000210000104140C140004C
:107F7000200020020010000000100010000000C0CF
:107F8000000000001020000080C100000000001070
:107F900009008000000000000000000080000000D8
:107FA00000C00084000400400000840000000000C5
:107FB0000008008400A0000000840082000000840B
:107FC00000004010400000200082008200000040BD
:107FD000090000021000000304100300000000C0AC
:107FE00000000020100082900202000009848088B6
:107FF000218280020082000000000440091000037A
:1080000000000000000500A000001008000090051E
:1080100000000000040000100000000510212005F1
:1080200004210021040000000000040810030003E4
:10803000000000000011001000000000000300001C
:108040000000000000000000008088000000000028
:108050009000000000118840001000400000000067
:1080600000110000008001000400048000000000F6
:1080700008009010088200020000000002000000CA
:10808000008400A0008400000200001000880000AE
:108090000000000011820000000011101100000813
:1080A000100000000084000402100090000800820C
:1080B0000089000000A000000000000000100088FF
:1080C000000000A0000000C0000000880001804007
:1080D0008082090009100408041008A00200008230
:1080E00000000010000200A0C10200110010008872
:1080F000008200000003000000C00000001000002B
:1081000000000000820000000000000000030000EA
:1081100090000000000000000000000000000000CF
:108120000000000000000000088084000000001033
:1081300000000010000000000040000900410000A5
:1081400000410000902190109021A021900000207B
:108150000200080000000010000090000500000070
:1081600000000000000082800000040000200000E9
:1081700000000021000000841000A040000000006A
:10818000C0000040000000000000000000000000EF
:1081900000000000002080200421004000000000BA
:1081A000000000002108002000110503000000006D
:1081B00000000000000000000500000000000000BA
:1081C00000000000000000000000000000008080AF
:1081D00084002100008040050005000505082041BD
:1081E00000208005001020031041001008028000CC
:1081F000000000008000110309040090400300000B
:10820000000000000000000000000000000000006E
:108210000000400000000001C0000101000000005B
:108220000000000000000001002040000088000065
:1082300000000000000088008400C0000000000072
:10824000000000000000000000000000000000002E
:1082500088829140418800C0000000009001000128
:10826000A000000102010001010001010201010062
:108270008808008400C010A0110101014090000096
:1082800000000000000000000000000000000000EE
:108290000088000000900000000001C00003010100
:1082A0000008000000000000000400400140010040
:1082B000010000000000000008004088A0018201C9
:1082C00000000000000000000000000000000000AE
:1082D000000020004000C00082910082002000A128
:1082E0000000200090849101820001C100C00011B3
:1082F00001C0000001000100010000C001A0040550
:10830000010100000000000000000000000000006B
:1083100000000000000000000000050011C00584FE
:108320004009008000080000002111004000050005
:10833000090010000308410003408000000080088D
:1083400080050000000000000000000000000000A8
:108350000000000000210000000080900080000369
:1083600000850040410021210805800011082109F5
:1083700040A1108420000400400003001100108080
:10838000108203090000000000000000000040000F
:10839000000000000000110000008000000000004C
:1083A0000080A080000000002000000003201103D6
:1083B0001002051000000000110000000000008005
:1083C00000800080000000000000000000000000AD
:1083D00000000000000000800080118080802103E8
:1083E00008000021054020410021212020200041DB
:1083F00008C100C185C10000000082000000030424
:10840000111010091103000000000000000000001E
:10841000010000000000000000000000100000A0AB
:10842000008400109082880000000100000000001D
:10843000000001010801880000000000400000A0C9
:108440000002000200020000000000000000000026
:108450000000000000000000002082C083848882A9
:10846000000001000000C000010000000001000148
:108470000090018800041104000082000400000044
:10848000010000C00001C101000000000000000068
:1084900000000000000000000000000000000000DC
:1084A0000140000100000000000000820000000008
:1084B0000184019100010000000000830000000021
:1084C000000100000000004000000000000000006B
:1084D0000000000000000000000082219088C00021
:1084E000884000900108000000000000010000002A
:1084F00000100000052004010000000200880000B8
:10850000000101880141C1010000000000000000DD
:10851000000000000000000000000000000000005B
:108520000000200000411110080000000080000041
:1085300000000980052003200000000000C1002089
:108540000000201103000300008000000000000074
:1085500000000000000000000000000080C000805B
:1085600080000000050004000500050041402011C6
:10857000110040800500A0039041000000800041F0
:108580000003000803802111020311000000000015
:108590000000000000000000000000000000000BD0
:1085A000000000004188000BD00000000000000027
:1085B000D00042000084000BD0000000000000004A
:1085C000D00042000A00000B000000000000000084
:1085D000000000000000000000000000000000009B
:1085E000000B000000000000000B000081002100D3
:1085F000000B000000000000000B00000000818163
:10860000000BD00000002100000BD00041820000D0
:10861000000000000000000000000000000000005A
:10862000000000000000FFFF10100000000000002C
:10863000000000000000F0F00F0F9966669900003E
:108640000000000000005AA5A55A0000000000002C
:10865000000000000000000000000000000000001A
:1086600000000000000000007D7DC0C31414D7D7B7
:10867000FF00FF0010D01CDC0505F5050000000020
:10868000000000000000000014BE3C3C7D7D0FFF98
:1086900000000000000000000000000000000000DA
:1086A000000000000000000010101010000000008A
:1086B000000000000000000000FF00FF66999966BE
:1086C0000000000000000000A55A5AA500000000AC
:1086D000000000000000000000000000000000009A
:1086E000000000000000000000007D7D0003003C51
:1086F000003C550F553C10D01CDC050505058000DD
:108700000000000000000000000014BE0F0F4141F7
:1087100000F0000000000000000000000000000069
:10872000000000000000000000000014F0F4FFAFA3
:10873000FFAF000000000000000066999966DFD0DE
:108740002F200000000099666699000000000000DC
:108750000000000000000000000000000000000019
:1087600000000000000000000000000000FFBEF05C
:108770000000000000FF00FF2C202C20FFC3F5C1EB
:108780002000000000000000F000C0A03F3F3CAA15
:10879000F0FFB2B200000000000000000000000086
:1087A0000000000000000000000000000014F0F4D1
:1087B000BFAFAFAF000000000000000099666699EF
:1087C000FFF00F00000000006699996600000000AD
:1087D0000000000000000000000000000000000099
:1087E000000000000000000000000000000000FF8A
:1087F00014F000000000AAF03CF02C202C20FFC355
:10880000F5C10000000000000000300080A0303002
:108810003CAAF000B2B2000000000000000000001E
:10882000000000000000008600E000B000000086AC
:108830000C6C03900000A0005010A0000005008602
:1088400000FC00B00000A0005010A00000050106D0
:1088500000E003B000000000000000000000000085
:1088600000000000000000000080008000100000F8
:1088700000860CE000B0000000060CE003B0000031
:1088800000860CE000B800800086005C03B0001099
:10889000080004F003320010000000011060000026
:1088A00000000000000000000000000000000000C8
:1088B00000000000FAFF303000000000000000005F
:1088C00000000000000000000000000000000000A8
:1088D000000000006699996600000000000000009A
:1088E0000000000000000000000078783CFFFF5509
:1088F000171700000000000000000000000000004A
:108900000000A0F0A0F000003C0F000000000000FC
:1089100000000000F0F00F0F000000000000000059
:108920000000000000000000000000000000000047
:10893000000000000000FAFFF0F00000000000005E
:108940000000000000000000000000000000000027
:108950000000000000009966669900000000000019
:1089600000000000000000000000000078783C00DB
:108970000055171700000000000000000000000074
:1089800000000000A000A00000003C0F000000005C
:10899000000000000000F0F00F0F000000000000D9
:1089A00000000000000000000000000000000000C7
:1089B00000000000000000000000000000000000B7
:1089C00000000000C33CC33C0000000000000000A9
:1089D00000000000000000000AFA3F3F0000000015
:1089E0000000000000000000000000000000FF0088
:1089F000FA0A00020200000000000000000000006F
:108A00000000383AAA0000000000000000005F3CAF
:108A10005F00000000000000F0F000FF0000000018
:108A20000000000000000000000000000000000046
:108A30000000000000000000000000000000000036
:108A4000000000000000C33CC33C00000000000028
:108A50000000000000000000000005F53F3F00009E
:108A60000000000000000000000000000000000006
:108A70003C3CFA0A0000000000000000000000007A
:108A8000000000000000AA0000000000000000003C
:108A900043004300000000000000F0F000FF000071
:108AA00000000000000000000000000000000000C6
:108AB00000000000000000000000000000000000B6
:108AC00000000000000000000000000000000000A6
:108AD0000000000000000000000000000000000096
:108AE0000000000000000000000000000000000086
:108AF0000000000000000000000000000000000076
:108B00000000000000000000000000000000000065
:108B10000000000000000000000000000000000055
:108B20000000000000000000000000000000000045
:108B300000000400000000002000400020000000B1
:108B40000400000000000000200000000000000001
:108B50000000000000900000110000000000000074
:108B600004000000040000000400000000000000F9
:108B70000000000811000000000004002000400078
:108B800000000400000040000000000000000000A1
:108B900000000000001000000000000010090005A7
:108BA0000091840000000400000000A0000000000C
:108BB00000000000010000000000010000000000B3
:108BC00000000000000000000000010000000000A4
:108BD0000000001000000000000000000000000085
:108BE00000000000000001000000000000C00000C4
:108BF0000000000000000000000000000000010074
:108C0000010000000000000201000000040000005C
:108C1000000000000000000000410000000001888A
:108C200000900002080000000000000000000000AA
:108C3000000000000000000000000001800410009F
:108C400020829000008800000001000020010090B8
:108C5000000000000000048200000000808400008A
:108C6000000000008000000000000000040400007C
:108C7000090104010000040480108010801000101D
:108C800004000488000000040000000000000082CE
:108C900000000000000000000000000000000000D4
:108CA00000000000800000000000000080000000C4
:108CB00000100008001100100000000004042080D3
:108CC0000100C00005114000001104100021014006
:108CD000841020100000002082080000900004058D
:108CE00090100400820804000000000000082080AA
:108CF000000000020102001001A10490048004831E
:108D000004800110010000000000000000000010BD
:108D10000011000000110008000000210000000008
:108D2000001000100021401000100000001002058B
:108D3000001000C00001009000900000000820C05A
:108D400000100010004000202000008441000810A6
:108D5000000000000000000000000010000000847F
:108D6000000000C000A0000100000004000200A0FC
:108D700000A000000008000200C00040001000C079
:108D800000000008004000900010091000C0009092
:108D90000090100102000000001000C080088090C8
:108DA000001180000021000284200010001000004B
:108DB0000300038400000410000000000000008095
:108DC0000100000000000080008001004000000061
:108DD0000100004000110008000000000010000029
:108DE00000100005000500080008000000800021B8
:108DF0000000820000000000000000000088001059
:108E00000000000010000000000000080000000545
:108E10000010000011080005000200000010108082
:108E20002000908404090088000008800000008071
:108E300000000000000003C080C04182000000016B
:108E4000400000008001410002094001400005008F
:108E5000000010000405208200040000200482A00D
:108E600000000200000000080004040000A1080047
:108E70000003000103000000802000820020002089
:108E80000000000000880021800020018020802058
:108E90000000100000021001009000000000080017
:108EA0009001C100A00020010082000040000210DB
:108EB0000200000000000000000040000000000070
:108EC000842085000020100400000104002082009E
:108ED0000000000010001184C1038480C000848061
:108EE00040050000C000000010000000A0050004C4
:108EF0000121200400048410000004030000048009
:108F000000030021002088090484404103022091CD
:108F100020A100000000820010040000C00000003A
:108F200000001010040005000304100288009100E6
:108F30000000000088000000000503000010058408
:108F400000404120410010002108210010050400CC
:108F5000050000000000000080000584058400007A
:108F600005400002000000821020400000000000C8
:108F7000800200000000000009200000090000102D
:108F80000000058800C005C00004410800C0400082
:108F900000024008008400000000000804000002F5
:108FA000000005840001001000884101888209004A
:108FB00000000920000005000310414000000000EF
:108FC0000000000000900000000500830000008405
:108FD00001108821000800000000040000000000CB
:108FE0000010004100000000000000210108000006
:108FF00000002000000000000000008000000000D1
:109000000000000000050000004100800008000092
:1090100000100080411000030000002100A1882101
:10902000001000050000000800A10000000211204F
:1090300000000020008000210000000000410384A7
:1090400005020008048384000000418820004000DD
:1090500000018021A1111001030000009005000013
:1090600000000901050000020000000002000021CC
:10907000A084900020080084402000100304000019
:1090800000820404000400020085098500A180100C
:1090900020020000802000030000008400C0901027
:1090A0000000008400900008C0C0910180011010F1
:1090B0001100102000004100008802004100000063
:1090C0008800002000008504050082000000851053
:1090D000A000404004A020840040100082000484CE
:1090E000842000000004840000A00000C000840967
:1090F00000C004210500C00008000180000010002D
:109100000000040900A004C084A0040204020402B8
:10911000400083840000400020848400000020057B
:1091200011000000C00000418421050040044002FD
:109130000083A00384808211840300000000824029
:1091400002000000000020000000808300201005C5
:1091500002000040004080020909408000001180A8
:109160000400020200090010090000000040000293
:1091700000208080048000800000800004000280C5
:1091800000000000900391208409030500000900FD
:1091900000000010110309200003404100000000FE
:1091A000000000000000000000000000850304092A
:1091B00000114111801020090011004100008000C1
:1091C0000800000000000000900000008889840969
:1091D000019000C000010001880001000182000030
:1091E00000100088020000000000000000000000E5
:1091F000A000000190020102400800A0200289A006
:10920000A10800A000001101080105009100000064
:109210000100C000000101010101C00000010000C7
:1092200000000000000000000000000000009101AC
:109230000185C0010100080101014001000488000E
:1092400008000100000000A0010001000100000072
:109250000000000000000001018801A001A1000041
:109260000000010001000000018401000000000076
:1092700000910000000100080000009000010200C1
:10928000A000020082C10000000400900003010061
:1092900088200000002000C0002001A0000501017E
:1092A0000000010000A0010000000000000000001C
:1092B000012010200108010100A004840009000021
:1092C000A0008400A0008201000020002000030014
:1092D00000004000000000000020408040804091DD
:1092E0000000000005000900020020000810020034
:1092F00004000041020200400000000000000041A4
:1093000000400008000080880000408011400940B3
:10931000034000800008008000C01180410041919E
:109320000309080010000080032100000000000075
:10933000000005008800118803090004000000C136
:109340000000000000008000800500000080000098
:109350000080404080850940C19082000041091191
:10936000100500080021004080A010080020000225
:10937000400010000000020080000010204000119A
:1093800000038000800003808000008083880584C3
:109390000309408380002100110580000302210899
:1093A00009419103000000000000000000000000DF
:1093B0000000000003030902094088038800090037
:1093C000110011000000000000000000000000106B
:1093D000001000820109C0C185C19189A10000016E
:1093E0000000A001004188888289C083010100013A
:1093F00000000100000000000100040000019001D5
:10940000820008010240880800848800008011035F
:109410000003000820031000000082C004000101C6
:109420000001010021010000000000000000000018
:109430000000000000000100000101859001110002
:1094400000000004C00000020002008200A0000032
:1094500000400000000000000082000000018200C7
:10946000A1400001110000400004000000000002C3
:1094700001840000000001100100000000000088CD
:1094800000000000000040850240820008A000802B
:109490000110008801210000008800880000010000
:1094A00001880191000001000000000000000000A0
:1094B0000000000000000000010091110001000008
:1094C0000102010000000100001100000000000086
:1094D0000000000000020000000000000000000981
:1094E000800085891120A000000000040000000019
:1094F000080020100000020008804011090011003F
:109500000000000000000000008380000000000058
:10951000008003800940021008110080000800004C
:109520000800038004110340400000000000000513
:109530000000000000000000000003008891080304
:1095400040000380400000002000001100000000E7
:1095500000000000000BD00000008241000BD00092
:1095600000008200000BD00000008200000BD00041
:10957000000000000000D00000000000000B000010
:1095800000000041000BD00000008200000BD00062
:10959000210000000000000BD00042480000000B3A
:1095A000D00000000000000BD00042000088000046
:1095B000D000000000000000000000000000000BD0
:1095C000D00021822181000BD00000000000000BA0
:1095D000000000000000000000000000000000008B
:1095E0000C0C0000FFF3FFF3FFFFF0FF0000000092
:1095F000C3F3FFF3FF240024FD04FD049FBD9F245B
:1096000000000000000000003F3C0F0000000000D0
:10961000000000000000000000000000000000004A
:109620003C3C0000FF003C3C6C6CFF3C6F6F00005A
:10963000000000000000000000000000000000002A
:1096400000002D2D3CFF7E66180000000000000089
:10965000000000000000000000000000000000000A
:109660000000CF0C00000C000C000F0000000000F8
:109670000000C3DBFFDB242424240404040406BD0F
:10968000062400000000000000003F3C0F00000026
:1096900000000000000000000000000000000000CA
:1096A00000003C3C0000FF00FF006C6C003C606070
:1096B00000000000000000000000000000000000AA
:1096C000010010002D2D3C00666600000000000027
:1096D000000000000000000000000000000000008A
:1096E000000000000000000000000000000000007A
:1096F000000000000000000000000000000000006A
:109700000000000000000000000000000000000059
:1097100000000000000000000000C208040000106B
:109720008861000000000000000000000000000050
:109730000000000000000000000000000000000029
:109740000000000000000000000000000000000019
:10975000000000000000000000000000000000F019
:1097600000FF6060FF9F0F0F0F0FAA5555AA699663
:10977000966900000000006699FF00F066F6003070
:1097800046760C0F0C0F002400240000000000009F
:1097900000000000000000000000000000000000C9
:1097A000000000003C3C000066660000F6F63CFF4E
:1097B00066FFFCFC00000000FFFF303000000000EE
:1097C00000000000E7E7606F66F0F3F3FCFCFEFECC
:1097D0000000000000000000000000000000000089
:1097E00000F000000000FF9F0F0F0F0F55AAAA55B1
:1097F0009669699600000000006699FF00F00090ED
:10980000003046760003000300240024000000001E
:109810000000000000000000000000000000000048
:109820000000000000003C3C0000666600000606E8
:109830003C006600C0C000000000C3C30000000080
:109840000000000000002424606F66F03030FCFF50
:10985000FCFF000000000000000000000000008687
:1098600000F00010001000860A4C03900080008673
:10987000007003B000000086006003B0000000002C
:10988000001000000000008600E000B30000008629
:1098900000EC00B90005A08650B0A3900085000040
:1098A000058604F000B20010A80054F0A0320015A4
:1098B000088604F000B200100000000C000000A0B8
:1098C0000000000000000000050004F0003200105D
:1098D000050000EC033000000006006000B000004E
:1098E000000000000A0A0A5F00000000014197D74B
:1098F00082823C7D00000000000000007000000D2E
:109900000000000000000000000000000000000057
:109910000000000000000000F0F09669427E427EE8
:10992000000000000000996666990000FFFF00FF3C
:109930000000000000000000000000000000000027
:10994000000000000000000000000000FF0000FF19
:1099500000000000AAAA00FF000000000000FFFFB6
:10996000FFFB000000000A0A0A5F00000000000080
:10997000D7D700003C7D0000000000000000700010
:10998000000D0000000000000000000000000000CA
:1099900000000000000000000000F0F0699681BDAA
:1099A00081BD00000000000066999966000000007B
:1099B00000FF0000000000000000000000000000A8
:1099C0000000000000000000000000000000FF0098
:1099D00000FF00000000AAAA00FF00000000000035
:1099E000FFFFFFFF0000000000000000BFFFBFB04E
:1099F000000000000000000000000000141482823B
:109A00000000000000000000000000000000000056
:109A1000000000009AAAAAAA00000000B2AAAAAAFE
:109A20000404FBFF00000000000000000000000034
:109A3000FFFF3C3C000000000000000000000000B0
:109A40000000000000000000000000000000000016
:109A5000FF000F0F000000003C3C0F0F0000000053
:109A600000003CFF03030000000000000000B0FF06
:109A7000B0B0000000000000000000000000101066
:109A800080800000000000000000000000000000D6
:109A9000000000000000AAAAAAAA00000000B2AAC2
:109AA000AAAA00000400000000000000000000005E
:109AB000000000003C3C000000000000000000002E
:109AC0000000000000000000000000000000000096
:109AD0000000FF000F0F000000003C3C0F0F0000D3
:109AE000000000003C3C0303210000000000840053
:109AF00000000800080004000008100004008400B2
:109B00000000000011000200000011000000210010
:109B10000000110000000200000004000000040129
:109B200000000000000000000000000041000000F4
:109B30002100000000000000410000100010001093
:109B4000000021002100000000001100000000C002
:109B5000000000A000000000000000000000000065
:109B600000000804080108000804000000000000CC
:109B700021000000000000000100000001000100C1
:109B80004100000000000000010000000000000093
:109B900000000000000000000000000000000000C5
:109BA0000120000000000000000000C000000000D4
:109BB000000000090000000000000000000000009C
:109BC0000000000000000000000000000000000095
:109BD0000010000000000000000000000000000075
:109BE0000000000001800104010001800900000064
:109BF0008000000000000000000004008000000061
:109C00000088800800008400101080000000000020
:109C1000000008A005000000000000000000000097
:109C200000A0000000200020100100200000000023
:109C3000800080000084001000100410001000005C
:109C4000000080010004001100110010001000004D
:109C500000000000040000001000000000010000EF
:109C60000000800041010020000000000000000012
:109C7000000010119000000000000000010004002E
:109C8000040000004000000004000408020000007E
:109C9000000000109100000000000000040000001F
:109CA000000000009000008000800420048000007C
:109CB000000004100408A00000800080018000A1C2
:109CC000000004000404009100A000A000900082A5
:109CD00090000010002105080011000000000002A3
:109CE00000030010041000020080000000050008BE
:109CF00000000000000000000000410000008000A3
:109D00000000000080001084000000000008000037
:109D10000084000000000084000200900000008227
:109D20000002008200820020000200C0000000004B
:109D3000000000020085008400850088000000000B
:109D4000002000C0000400A0001000840000008477
:109D5000002000C00084000041828804C004C004C8
:109D600004041002000440A0020404C00084204047
:109D70000000000000210000C0008441000000003D
:109D80001008000200002000820000000000000017
:109D90000000C000000000000005008500009000E9
:109DA000000200800000000000C1008000000000F0
:109DB000002100000021000200000040000000001F
:109DC000000300880005008500000000002100005D
:109DD0000000009000000000000000212180218090
:109DE0002180C18001850090010501C00000822111
:109DF000850084001000200003888000000003001C
:109E00004100002009008400040010848004100434
:109E100000040004400041000508418440201088EF
:109E2000000005000000040000888005008200009A
:109E3000009000840000800080000000002080016D
:109E40000020050000012000002000001020000478
:109E5000000420400200800090208500C1401100D5
:109E6000020040010811040000210000C00141006F
:109E7000808400008000830001009000200000002A
:109E8000000000030080040910210011100004806C
:109E900000800080008011080009C00090002100AF
:109EA000020002008410C0110011100004200010F4
:109EB0000010041104000000200020000011108098
:109EC000040410C10000000400000089020010809A
:109ED00000800080C00000002000208020002000C2
:109EE00084000000012011100000C0840000054023
:109EF000000004000004040000A02000040000850D
:109F000003C00082000000A0000200000000100258
:109F1000054000C0020040000802050004001000D7
:109F20000040008803000500008400000510410087
:109F3000000000000010000000000082800100040A
:109F400009820082050011048082000400200000C4
:109F5000008400000084000000840000000000A0D5
:109F6000000080008003410040C004840089200478
:109F700002011000108403004100001101000110D3
:109F80000004000000000005000000021000C021D5
:109F900000850000000000080005C1800010A1003D
:109FA00000000020000910090000000084000021CA
:109FB0000010004184000008001000000441100857
:109FC00000900000001000030080101000800000CE
:109FD00000110040000800000008002100000000FF
:109FE00000000000082108A08810010084108402ED
:109FF0000180C140880000000000000020400000F7
:10A000000000800209C0008200900008040841415D
:10A010000000008400844188090980000082838553
:10A0200041840985200191C0890002018008110046
:10A03000020010840000000004080000000004007A
:10A0400009000900801000C000000500002084887D
:10A05000040000C002000000000041218000041044
:10A06000000000C100840989040000890089C0083B
:10A070000000030220900500000021C100008309B8
:10A080000021004120A1902100030000C008000031
:10A090000020000004409003000000200421000084
:10A0A00004100200022002200400040000204040AE
:10A0B000000002000000C0400000000084410000D9
:10A0C00001001000880020208440000000411000A2
:10A0D000040088000000A0000000000000842000B0
:10A0E000010000000220C000000201000020000466
:10A0F000058900000090010300000000822000009C
:10A10000030302418041204100004100C1000000E2
:10A110000083A180A111004003110004A140101090
:10A1200080000004004100410040000500000041A3
:10A1300000044040004100200040834040200005D2
:10A1400000000000A000C1000000000009000000A5
:10A1500000800000000000000000000000008000FF
:10A16000008000000000000000001003910941027F
:10A170008808850384090511414000000000008023
:10A180000000010100000400000100009000110027
:10A19000000090210404030400002000A00111012C
:10A1A00001018800000510000000000100002000EF
:10A1B00000000000010000000001002083090111DF
:10A1C00000100000000040000500000088000100B1
:10A1D000A000000200000000A0000000000000003D
:10A1E0000400000420000000A0000000010105019F
:10A1F0004100050091011101020101000000000071
:10A20000404000000000000001900001010000003B
:10A210000000000040008400209000C00090000278
:10A22000019001000082010908820100009000A154
:10A2300000400001A0002011029003010801080362
:10A240001108C08200000020000000200001001062
:10A2500000000282000000C0000000020000008236
:10A2600000014020000100020000008200019091E6
:10A2700004200901839100A0010201400101004076
:10A280000000001000000300410020000009400011
:10A2900004000900000080410000800000A12000AF
:10A2A000118040041041008920C184C14005000094
:10A2B0000541050509200000024141414103C10358
:10A2C0000041209180820000208003210880051039
:10A2D00005800540C100054000000009008000091C
:10A2E00000800020808000200080004000000004EA
:10A2F0001190A000211183890380408021C00309AF
:10A300000080001100000011410800000000C1059C
:10A310000080000000000080028000002100850015
:10A32000039110C0090210411100210008008000B3
:10A330004000040009000800000000000280000046
:10A3400000000000C100000000000080020020802A
:10A3500080800000030010808000000003000200E5
:10A3600080000000118002000000000004001100C5
:10A370008000202000C04089918341C041840009B1
:10A3800091830000020040800000000100000000F6
:10A39000040100040088002000040040848889042F
:10A3A00090000004010500030891000000900100E6
:10A3B000080001000100000091000000000001847D
:10A3C00000200004C01004820010000040020002BF
:10A3D000000202209000010001028200C000010082
:10A3E00001000400A000004001008800900001006E
:10A3F000000002000090001000A189830005000504
:10A4000000050341040000000104C00000000188B1
:10A4100001000100000000000000000040410400B5
:10A4200000000202002001080101010000000100FB
:10A430000100000000020001010100000005000011
:10A440000001018821201000090010820000000096
:10A4500000880001000000200484000000000010BB
:10A4600000040000000000040002000004000002DC
:10A4700000040000000083058983090103080140EE
:10A480000021000100000000024000000002410025
:10A49000400020112000000000000000000000A08B
:10A4A00000000000808011004040020210000800FF
:10A4B00008051141410005800840402009001103B2
:10A4C00009041020208040200800A004048000001F
:10A4D00000000003002000000000800400210000B4
:10A4E000000000000000000000800000000080006C
:10A4F000008000800000000083918811100290808D
:10A50000030003914008200000000080000000804C
:10A510000000000BD00011000000000B0000000044
:10A520000088000BD00000000084000BD000000069
:10A530000000000B000006410000000B00000000BE
:10A540004100000B00000A604100000B00000A609F
:10A5500000000000000BD00000000000000BD00045
:10A5600041600000000BD0000A000000000BD0008A
:10A5700042000000000BD00000000000000BD000E3
:10A5800000000000000BD00000000A00000BD0000B
:10A59000000033CCCC3341417D7D00000000000041
:10A5A0000000000000000000000005C5FFFF3C3C6B
:10A5B000BEFF45C76DEF00000000287DAFAF000073
:10A5C00000002C6DAEEF000000000CFC5F5F00008F
:10A5D000000000000000000000000000000000007B
:10A5E000000000000000000000000000000000006B
:10A5F000000000000000000000000000505F00FFAD
:10A60000AFAF0CCF00000000AFAF0CCF00000000D8
:10A610000000000033CCCC335555555500000000E8
:10A6200000000000000000000000000015D5FFFF42
:10A630003F3C3FFF04862CAE00000000287D05054E
:10A6400000000000044586C7000000000CFC5050CC
:10A6500000000000000000000000000000000000FA
:10A6600000000000000000000000000000000000EA
:10A670000000000000000000000000000000505F2B
:10A680003C3C05050CCF0008008005050CCF000000
:10A6900000000000000055AACC3333CC33CC0000BE
:10A6A0000000F330F330BABA303000000000FFFF92
:10A6B000AAC0FAFAFAFA0F030F03FF000000C3BEA4
:10A6C00000BEFAF00A000F0C0300A0FFA0000C0F60
:10A6D0000C003C003C0000000000000099666699F8
:10A6E000000000009966669900000000000000006C
:10A6F000000000000000000000000000000000005A
:10A700003C3C3A3A3F303C3C3F303C3CFFF0BEBE24
:10A710000000000000000000AA5533CCCC33CC333D
:10A7200000000000F330F3308A8A3030000000006F
:10A73000FFFFAAE8F2F2FFF00C000C00505050505E
:10A74000C38200820A000A000F0C0300A000A000D0
:10A750000C0F0C00000000000000000000006699D3
:10A7600099660000000066999966000000000000EC
:10A7700000000000000000000000000000000000D9
:10A780000000FF003A3A3F30AAAA3F30AAAA0F00C1
:10A790008282000000000000000000860AF000B085
:10A7A0000000008600E00090000000860A8CA08077
:10A7B0000000008600EC00B00000000000E0003364
:10A7C0000000008600E000B30000008600600393F4
:10A7D000000000860000038300000000A08650F007
:10A7E000A0B00085A00050F0A0300005A08650F079
:10A7F000A0B00005A00050F0A0300005A08650F0E9
:10A80000A0B00005080204B000020010058604F0A4
:10A8100000B20010A00050F0A330000500000000BE
:10A820000000000000000000553C555CFF28D700E8
:10A830000C4D0C4D00000000FFFFF6F90000AAAA25
:10A840000F0F0000000000000000000000000000EA
:10A8500000FFFFFFFFF0FFD35F3F0F3F000000004E
:10A860000000996666990000FF0000FF00000000EC
:10A8700000000000000000003C3C0F0F0000000042
:10A88000000000000000F330F5F54D4D0F0F000003
:10A890000000000100010000FF0000FF00000000B8
:10A8A000000000000000000000005500555028285E
:10A8B00000000055005500000000000006090000DF
:10A8C000AAAA0F0F00000000000000000000000016
:10A8D000000000FFFFFFFFF0FF105F3F3F3F000061
:10A8E00000000000669999660000FF0000FF00006C
:10A8F000000000000000000000003C3C0F0F0000C2
:10A900000000000000000000F330A0A04D4D00FF4B
:10A910000000000000013C3D0000FF0000FF0000BF
:10A920000000000000000000000000000000000027
:10A93000FAF0AA0004EF04EF00000000000000009D
:10A940000000FF0000FF0000000000000000000009
:10A9500000000000D3C35000FCFCF0FA3CFF3CFFB9
:10A960000000000000000000000000003C3C00FF70
:10A970000000000000000000000000003C3C00FF60
:10A980000000000000000000000000000000C3FF05
:10A99000505F00000000000000000000F0F055557E
:10A9A00000000000000000000000000000000000A7
:10A9B000000050F000000404040400000000000047
:10A9C00000000000FF0000FF000000000000000089
:10A9D00000000000000050005000FCFCFCFA5CFF8E
:10A9E00050FF0000000000000000000000003C3CA0
:10A9F00000FF0000000000000000000000003C3CE0
:10AA000000FF000000000000000000000000000047
:10AA1000003C505F00000000000000000000F0F06B
:10AA20005555000000000000410003000090200088
:10AA300011002000040000000000000000000000E1
:10AA4000200000000000000000002010A1002000F5
:10AA500003000400040000000000410804A00400FA
:10AA600004000000000002000000000000A0000040
:10AA70000020410020000000002000000000040031
:10AA800004000000000004A000010011000100000B
:10AA90000000000000000000001000000000800026
:10AAA0008000800080000000000000000000000026
:10AAB0000000000000000000000000000000000096
:10AAC0000000000000000000000000000000200066
:10AAD0000000000000000100000000000000010074
:10AAE00001000100000000C00000000000000000A4
:10AAF000000004800000000000000080000004004E
:10AB00000000000000000000000000040004000439
:10AB10000000000000000000000000000000000035
:10AB20000400040004000400000000000000800095
:10AB300000000000000000000008000000000020ED
:10AB400000040020000100208000000000208000A0
:10AB50000088000080000400000000008000808366
:10AB60000000000080008000000080002000000045
:10AB700080000000000000000008008400000000C9
:10AB80000000000000000000000080000000000045
:10AB900000000000000000000000000000000000B5
:10ABA00000000000000000000000000000000000A5
:10ABB0000400001000410010001000000000000020
:10ABC0000000009000100004001040002000000071
:10ABD000040000100000041000100400C000040075
:10ABE00004100010C0102000041000000800031121
:10ABF000C000081000100000001000100440904039
:10AC000000400000001000100400002004000000BC
:10AC100000000010001000000020001000100000D4
:10AC2000901090030410001000000000000080004D
:10AC300000001000008200200000002000A000C0E2
:10AC4000000000021000008200000000000100006F
:10AC5000050000000000200000000000400000820D
:10AC60000000000200000000008200A000000000C0
:10AC70000000008400A0000200C0002000000000CE
:10AC8000000008200010000000000000000020006C
:10AC900000000000000000000000000000A0000212
:10ACA00040008000052000000800000000000005B2
:10ACB00040000003000000000080C0000080000091
:10ACC00000004000000000009000C00000000002F2
:10ACD000000200000021844011001000000041101B
:10ACE000001100009000840000000000000000003F
:10ACF0000009000884000008008000031080100094
:10AD0000000000000180008000000000000000053D
:10AD1000010000000000000000000000841000009E
:10AD200088000010024000210000C0000000000563
:10AD30000000000000008001200100004100000030
:10AD40000000050009000000000000014190000122
:10AD50000540040000202000100003204010A01037
:10AD60000404000000008200000800A02008000881
:10AD700000008001A0048002800000000088000024
:10AD8000049009000040400000900004000400907E
:10AD90000088000080000400918411001100100060
:10ADA00000000840000080000400000000000000D7
:10ADB00000400000000800200420002000210000C6
:10ADC0000000000800009000000000099004C0008E
:10ADD0000204000020000080000001000080A1A10A
:10ADE0000580020020000003080000000020000091
:10ADF0002000000004020400048004000000080099
:10AE00000800000000100000041004000000000012
:10AE100000002000000004000100040000000010F9
:10AE200000001000010000000200010000001000FE
:10AE300000000000000004000000000000C08000CE
:10AE400000C0000000C000C0000000104108000069
:10AE5000000009080020000041000400100021004B
:10AE6000408405884100000000000888008400003C
:10AE7000008441000000110000C00300100080A009
:10AE80000000004010200010000000000020002002
:10AE9000000000000000000000000000000000C0F2
:10AEA00000820000008208000000000000C00000D6
:10AEB000000000840384000000050000000800007A
:10AEC0004000000000210000000000000021000000
:10AED0000411000000218800A010040010090100E6
:10AEE00010001102000000000810000041000000E6
:10AEF0000400024102000000000300000000000303
:10AF00000400040000000000048000000400009021
:10AF10000000000000210000000500000000000308
:10AF200000000000001000000120840000038400E5
:10AF300000000021000000210500028400A009009B
:10AF400000822088002000000088002000000010FF
:10AF5000028202004100110409210020200004C0E7
:10AF6000A1A19000208402080882020000100900BC
:10AF70001104008440000000000080048002A00151
:10AF8000C105004000400000034000210011009175
:10AF90000001000000000200020000000000098221
:10AFA0000000004011400040114000000800000176
:10AFB00002100000008200820288000000000000F1
:10AFC00000000000000000802000000800000000D9
:10AFD00000000000002100000020002084841000F8
:10AFE0008400041008000140A00384000120000038
:10AFF00000200000000810002040000020410884CC
:10B0000020102002100010000000000000840084C6
:10B0100000041004000000000404C0001020000020
:10B02000C0118400000000000000000000000100CA
:10B030000040880000000000000001000303C01071
:10B0400020110541030300038008200800000000D0
:10B05000000000000203001100212141000800054A
:10B060000005000000000080000000000000C08516
:10B07000C0A00040020003000500040000008000A2
:10B0800005008000000000000040000200410000B8
:10B0900000000000000000000000000000000000B0
:10B0A0000000800000000000000000000000000020
:10B0B000800010000000000000000200000091006D
:10B0C000020189000001210000004001010100008F
:10B0D000000000000000010000000001000000006E
:10B0E00000009000000000000002400000000090FE
:10B0F000858411C100C0010202A0C00200C000008E
:10B1000002000084C0000000000000019000000068
:10B1100000000010C000000000000000000000005F
:10B1200000000000400000000000000000000000DF
:10B130000000900041000000200088004100000055
:10B14000010000400100000101C0010901100000E0
:10B150000000000000000000010000C00008000026
:10B16000009000890011000100200405002100006A
:10B17000900184054000C0000200A0000240C0A071
:10B180000000200200010040000100880091001032
:10B190000001000800000010000100000000000095
:10B1A000000000900000009000010000000000007E
:10B1B0000000200090000200820000020000000257
:10B1C000000020004111021103032000201002C0E2
:10B1D000034100000000000000001000038011097E
:10B1E00041210000054100C000400085800300208F
:10B1F0000011804085418004094100020000008068
:10B20000800000008000001000800003000000416A
:10B210000485002000800004008000200000000061
:10B220000000000000000005000000080000000011
:10B23000000000008000000080008000000000008E
:10B2400000000000C02000C10002C08308200220CE
:10B250000920842100000800000000000303001101
:10B260000041104103004000020000000080040083
:10B27000090000000000800041000800000280205A
:10B280000202008500800008210002808800000082
:10B290000800200089000000080004008000000071
:10B2A000000000000000000010002000000000006E
:10B2B000000000000000008000000080808000800E
:10B2C00041000000000020C100200021401090013A
:10B2D00001010000820100000100000000000100E7
:10B2E00000000001000000000000010020008802B2
:10B2F00001000000400000C0028883C0010200027B
:10B3000008A18202001000809000000001084000A7
:10B31000000000000100030004000100001008000C
:10B320000000000000000000020001000100900089
:10B3300000000000000000000090008400A088824F
:10B34000001000A00090A020009001A100000100CA
:10B350000040002000030100000000000000000089
:10B3600000080003010000000002000000010000CE
:10B370000120000400000000820341A0000010A092
:10B380008241A0C008000404008000A000820000E8
:10B39000200001000000000100000000104000003B
:10B3A000001000000000000000000088008800007D
:10B3B0000000000000000000000000880000000005
:10B3C0000002000000000000000003001041110511
:10B3D0000800038003050582020000000000000051
:10B3E000000003001188410541000500050203200B
:10B3F000400003000200050010008540900040411D
:10B40000C0000090000080008000008000000088E4
:10B4100008008000080002020403410000000080D0
:10B42000000000000000000000000000000000001C
:10B430000000000000000000000000000003000009
:10B440000000008000000000000000000000000B71
:10B45000D00021500000000BD0000A410000000085
:10B460000000000000810000D00081000000000BFF
:10B47000000000000000000BD00006000000000BE0
:10B48000000000000000000BD000000000000000E1
:10B49000000BD00041500000000B000000600000D5
:10B4A000000BD00000000000000000000000008140
:10B4B000000BD000000000000000000000000000B1
:10B4C000000B000000000A00000B0000000000005C
:10B4D000000000000000000000000000000000006C
:10B4E000000000000000FF06FF366FCF6F0F0F66F1
:10B4F000FF3C000000006000060600000000E7E7D7
:10B50000CF0C0000000000000000FF3E3E3E0000A7
:10B5100000000F0F00003C3C27FF27C30000000085
:10B52000000000000000000000000000000000001B
:10B53000000000000000000000000000000000000B
:10B5400000000000000000000000000000000000FB
:10B5500000000000000000000000000000000000EB
:10B560000000000000000000FF66FF366FEF6F2F45
:10B570000F66003C000000004000020200000000D6
:10B580002424CF0C0000000000000000FF06060687
:10B59000000000000F0F00003C3C273C270000008B
:10B5A000000000000000000000000000000000009B
:10B5B000000000000000000000000000000000008B
:10B5C000000000000000000000000000000000007B
:10B5D00000000008040040110800000804004011A9
:10B5E0000800000000000000000000000000000053
:10B5F000000000000000000000000000000000004B
:10B60000000000000000000000000000000000003A
:10B61000000000000000000000000000000000002A
:10B62000000000000000000000000000000000001A
:10B63000000000000000000000000000000000000A
:10B6400000000000000000000000000000000000FA
:10B6500000000000000000000000000000000000EA
:10B6600000000000000000000000000066FF66FF10
:10B6700024FF27FFF000FF00606060600000000012
:10B6800000000000720072000000F0F000000000F6
:10B690000000000000006666000066660000020E02
:10B6A000020E0066006600000000000000000000BE
:10B6B000000000000000000000000000000000008A
:10B6C000000000000000000000000000000000007A
:10B6D000000000000000000000000000000000006A
:10B6E00000000000000000000000000000003CFF1F
:10B6F00006FF64FF67FF00000F000000000000006D
:10B700000000000000007200720000000000000055
:10B710000000000000000000666600006666000091
:10B72000020E020E000000000000000000000000F9
:10B730000000000000000000000000000000000009
:10B7400000000000000000000000000000000000F9
:10B750000000000000000000008600E000900030C3
:10B76000008600E000B00030000000000000000093
:10B770000000000C00000000008600E000B30000A4
:10B78000A50050F0A0300005008600C00083000036
:10B7900000860090008000000000A80054F0A03255
:10B7A0000015008600E000B30000A00050F0A030BB
:10B7B00000050000000000000000A08650FCA0B0C2
:10B7C00000050000000000000000008600E00010FE
:10B7D0000000008600E003B0000000000000FF1F32
:10B7E000FF14000000000000000000000000000046
:10B7F0000000000000000000000000000000000049
:10B8000000000000AAAA3C3C000014FFEBAA5D5D0A
:10B810005DFFFFFFF8283D3D3DFF000000003C3C80
:10B8200000FF000000000000000000000000FF001A
:10B8300000FF000000000000000000000000000009
:10B8400000000000000000000000000000000000F8
:10B85000CFCF05AF0000000008000000000000008E
:10B8600000100014000000000000000000000000B4
:10B8700000000000000000000000000000000000C8
:10B88000000000000000AAAA3C3C000014FFEBAA44
:10B890000C0C0CFFF828F828050505FF0000000037
:10B8A0003C3C00FF00000000000000000000000021
:10B8B000FF0000FF0000000000000000000000008A
:10B8C0000000000000000000000000000000000078
:10B8D00000000C0C05AF000000000000000000009C
:10B8E0000000000000000000000000000000000058
:10B8F0000000000000000000000000000000000048
:10B900000000000000000000FF000F0F0000FFBC5F
:10B91000FFA03D3D3DFFFEFCFAF00F5F3F7F0000C2
:10B920000000FF003C3C00000000000000000000A0
:10B930000000FF005555000000000000000000005E
:10B9400000000000000000000000000000000000F7
:10B950000000000080000000000000000000000067
:10B9600000000000000000000000000000000000D7
:10B9700000000000000000000000000000000000C7
:10B9800000000000000000000000FF000F0F00009A
:10B99000BCBCA0A0050505FFBE3CAA0000553C7D2F
:10B9A00000000000FF003C3C000000000000000020
:10B9B00000000000FF0055550000000000000000DE
:10B9C0000000000000000000000000000000000077
:10B9D0000000000000000000400000000000000027
:10B9E00000002000040020002000200000002000B3
:10B9F00002000400020004002000020000002100F8
:10BA000020004088200021002000040100000404E0
:10BA100004000000040041002000040000000200B7
:10BA200020020000040000001100000004000200D9
:10BA300004002000002004000000000004000000BA
:10BA40004100110000004100000003000000000060
:10BA500000001100000004000000000000001100C0
:10BA600000000000010000000100010000000000D3
:10BA700000000000000000000000000000000000C6
:10BA800000000300000000000000000000020000B1
:10BA90000080000000000000000000000000000026
:10BAA0000100008000C00000000000000000000055
:10BAB0000000000000000080000000000000000006
:10BAC0000000000000000000000000000000000076
:10BAD0000000000000000000000000000000004125
:10BAE0000000000000000020000000000000000135
:10BAF0000001000100010001000000010000000041
:10BB00000000000000000000000000000000000035
:10BB10000000000000000000000000000004000819
:10BB20000000000100000000000000000000000014
:10BB3000000000000000000000A000000000000065
:10BB400000010020000100200001000100010001AF
:10BB500000010000000100100000000000000000D3
:10BB6000000100000001000400800000002000002F
:10BB7000002000200020002000040011000400111B
:10BB8000000000000021000000090000000000414A
:10BB90000010000800000008000200000000C08043
:10BBA0000000001000400000000000100000000035
:10BBB000000800100000001002100000000000004B
:10BBC0000000002000A1002000800040000490043C
:10BBD00000040004004100040020000000000000F8
:10BBE00000000004000000040080008200820000C9
:10BBF00000840011008400000000002000210000EB
:10BC0000040400840010041000008410009005104B
:10BC10000020000841010011002000050404000478
:10BC200008C000A00002024011C0000005A00010E2
:10BC300000A00010030000100000000000890801AF
:10BC40000401008900000088000000000004008456
:10BC50000084000000100004001000C0002000203C
:10BC60000020002000840000100000000000000000
:10BC70000000880000040000000000000090008424
:10BC80000000018000001000010000000410020903
:10BC9000848010900000A002C002000000A001807B
:10BCA00000808400080000000180000000000010F7
:10BCB0000000100084008408840884080008001034
:10BCC0000120011000200000002000000000008082
:10BCD0000000000000000000008000000000008064
:10BCE00000800080008000000000001000001000B4
:10BCF000000010002001030000000990030041C073
:10BD0000000041001000C120A02008200020890070
:10BD100000058200200005200520002000204100B1
:10BD200008004000410005880900830080040000ED
:10BD3000031000000000000441000000000010009B
:10BD400000000400400010010000000005A01000E9
:10BD500000000020411000200000100041000801F8
:10BD600000000000000000000000001002001010A1
:10BD7000000084000000102000000000000004000B
:10BD8000000010002000000020000500000000005E
:10BD9000200090A02000C10000800480008000806E
:10BDA00040000000104100200000000002080408CC
:10BDB00000008809000000110411000000200000AC
:10BDC0008200C00000000000041000050000000513
:10BDD000C0001000208000008880A000001000003B
:10BDE000000400108400880008000000000000002B
:10BDF000000005C0202004080000000080000001B1
:10BE000000C100A00040002000080901000200401D
:10BE1000008510001000080008100040800000009D
:10BE20008011054000C00001900000104108001082
:10BE300000000000100010000510900000400040BD
:10BE400003200000004000401040004000C000C03F
:10BE50001000008400840000000000840000000046
:10BE6000000000000000000000C005000400000504
:10BE700004000400001001830111000800002000EC
:10BE800000040004000000000080000010200400F6
:10BE900000100020000000000008008000002000CA
:10BEA0000000200200090000C0200421C009000099
:10BEB00010008200000084008400000004000000E4
:10BEC000000000910000000000000220900000002F
:10BED000000000000000000000000000000000085A
:10BEE0000000000000000000000000000000010051
:10BEF00000900100010000840084002020100084D4
:10BF00000010000800100084008800000000118864
:10BF10000000C11000002010091010200200208431
:10BF20000000008411001000008400002084110033
:10BF3000400009001040000004100400040000004C
:10BF40000982000020824020000400044004000414
:10BF5000101000900010000000100082002000105F
:10BF6000000202A000A002A00000001000101110AA
:10BF70000800040008000800000000000000840021
:10BF800000000000000002000000000000000000AF
:10BF90000000000020090000888200800491000059
:10BFA00011112009100488040009000090200208E3
:10BFB00000030000900004000000C1008900C100DF
:10BFC00000091040004010400284C0802080888416
:10BFD000008400208220884002098400C000108470
:10BFE00000001000000010001000000400200000FD
:10BFF00002041100C1008321C10000000000800084
:10C0000000002020100811400920090200401110F2
:10C010002102000010000000000009820541A0106C
:10C020002141828300202040081000000000800091
:10C030000000880300002105001100000003000437
:10C040008008110810090440000841110080000018
:10C05000C18000000000000000000000000000801F
:10C0600005800080000000000000000000000000CB
:10C07000000000008080110041800080000000006E
:10C080002000000000209189004000A10821848444
:10C0900000910002000001000200000040830488BB
:10C0A0000283000421038485004101A100000000F7
:10C0B0004000000020018400000000000000080192
:10C0C00000010200000089010101C001010002829B
:10C0D00088840810000400000000A0000000909078
:10C0E0008404000400400000000000000000000084
:10C0F00000000200000088820984214000100090A6
:10C1000000010090000108008988890140C1910167
:10C110008220910302020090000000C00001040090
:10C12000050889A182C020000290A040412000089B
:10C1300000000008000040004000820001000000F4
:10C14000000400100004010000C001010002010110
:10C15000020002018800820300900000001000002D
:10C160009001C0010800020900000000000000006A
:10C170000010000000A000009001200188008291C2
:10C18000000000210000004011090800214140A0EA
:10C190001002080010A1020200000011008000033C
:10C1A0000902C10010A1C1A1C02189008509032095
:10C1B00000000011008000118000800011000300C9
:10C1C00000000000408000000300400008411140D2
:10C1D000100300028010000080A00000000000801A
:10C1E000000000100010000000100000001100000E
:10C1F00000210080000000800040001080108000BE
:10C2000080900000100004000000110800080040A9
:10C210000820101080830010A1028000210002007D
:10C220000000098280C1104011C1408200200840F6
:10C2300040030000110040008000089100080880C1
:10C240000003000000000208001141030311022155
:10C250000308880800008080200000800000100093
:10C26000000000000000808090808000000000003E
:10C2700008000000000040000000000000000080F6
:10C28000C08080800400010001009000C08988897E
:10C29000084000A10121020288912002C000010093
:10C2A000010002000011040405030082010208835A
:10C2B000204100A1400000000000040000020040F6
:10C2C000008400A100000000000100000201010044
:10C2D000000101010401A0020240899000820000D7
:10C2E00001000000900008C002C0A1102002400020
:10C2F000000000000000000000000000400020904E
:10C3000084C090408882000000A000000000889057
:10C3100089014001A1A0914010009141208800882E
:10C3200000020000000083904000410008C003406C
:10C3300089414001A0A00000002000000000009002
:10C3400000010000000000000108000001010001E0
:10C35000010000890001000082C140844000020207
:10C360000000000000000000C085C00202000202C0
:10C3700000000002000000000000000000000000BB
:10C3800082918802400020A0000000000000000010
:10C39000082008084008200010208303102188404E
:10C3A0000000000000000000A00941411008C10089
:10C3B000831120A004200400000000000000000001
:10C3C0000003000200110000000003001103020836
:10C3D00041100300099008100000801000000000C8
:10C3E00080000000000000000000008380000000CA
:10C3F000808000000000000000000000000000003D
:10C40000000080118000800000000000000BD000C0
:10C4100000008181000BD00000008181000BD00062
:10C4200000000000000BD00000480081000BD0008D
:10C4300000008100000BD00000000000000BD000C5
:10C4400000008100000B0000000000000000000B55
:10C45000000000000000000B000081420000000B03
:10C46000D00000000000000B000000008100000B65
:10C47000D000210000000000D00000000000000BF0
:10C48000000000000000000BD000000000000000D1
:10C49000000000000F0FFF5F75FFF7FF3F3F0F3FEA
:10C4A00045FF45FF00000000000000007FFF2FFF58
:10C4B0003CBF3CBFFF553C0F5C5CF0FF0000000040
:10C4C000000000000000000000008080000000006C
:10C4D0000C00000000000000A00020081004000074
:10C4E000000000000000000000000000000000004C
:10C4F000000000000000000000000000000000003C
:10C50000000000000000000000000000000000002B
:10C510000000000000002F2F7F7F00FF82FF5F3FA1
:10C520005F3F05FFF5FF00000000000000002F0F37
:10C530002F0F3C3FFCFF00553C0F5C5C000F0000E0
:10C5400000000000000000000000000080800000EB
:10C550000000C0000000F0000000A00080024001C8
:10C5600000000000000000000000000000000000CB
:10C5700000000000000000000000000000000000BB
:10C5800000000000000000000000000000000000AB
:10C590000000000000000000FFFFF5FCFFFF7F7CB3
:10C5A000FFF0F4F4FFE0FFE00000000000000000F6
:10C5B000FAF0FAFCFFEFFFEAFFAAF03CBEBEFA5029
:10C5C000000000000000000030300000000000000B
:10C5D0000000020100000000000020108040201038
:10C5E000080400000000000000000000000000003F
:10C5F000000000000000000000000000000000003B
:10C60000000000000000000000000000000000002A
:10C6100000000000000000000000F0F0F0FCFFFF50
:10C620000300FFF0FEF4FFF5FFA000000000000093
:10C630000000FAFAFAFCFF05FF0000AAF03C14140F
:10C64000FA50000000000000000003030000005545
:10C6500000000000020100000505000008040201BE
:10C660008040020100000000000000000000000007
:10C6700000000000000000000000000000000000BA
:10C6800000000000000000000000000000000000AA
:10C6900000000000A08650F0A0B000050086000C4D
:10C6A000038000000086000C03800000A08650F08C
:10C6B000A0B000050000008C0000000008860410F7
:10C6C00003820010A08650F0A0B0000500C60960EB
:10C6D00003904900000000C700E000B04900008757
:10C6E00000E000B01000A0005090A00000050086FF
:10C6F00000E000B00000A0865030A3800005A0003C
:10C700005010A0000005008600E000B00000A0006E
:10C710005090A00000050000000000000000FAFAA0
:10C72000FAFA55FF55FFFBF1FFF105FFC5FF0000C9
:10C730000000000000003C3CAAAA505F3F3FFAF016
:10C74000FEF40FFF0FFF00000000000000000000DB
:10C7500000000FFF0FFF00000000000000000000BD
:10C760000000000000000000FFAA787814D7CFCFA7
:10C770000000000000000000FFFFEAFE3CFF3CFF5D
:10C7800000000000000000000000000000000000A9
:10C790007D283F3F55FF3F3F0000000000000000A4
:10C7A000F0FAFCFC10FFD3FFFAF0FEF015FFD5FF06
:10C7B0000000000000000000FF00F0F0505F30308B
:10C7C000FFF0FEF408FFCBFF0000000000000000B7
:10C7D0000000000008FFCBFF000000000000000088
:10C7E000000000000000000000005500787814D719
:10C7F0000C0C0000000000000000FFFF40403C7CEB
:10C80000BEFE00000000000000000000000000006C
:10C8100000007D28303055000303000000000000B8
:10C820000000FFFFF5FC3C3CFFFFFAFFFEFE45FF6A
:10C8300045FF00000000000000007D28FAFA0CFC13
:10C84000F5F5FAF0FAFC7F7CFFFF00000000000025
:10C8500000000000000000000000000000000000D8
:10C860000000000000000000000000003CF0AAFFF3
:10C87000D7D70CCF0000000000000000FFFFC5CF9D
:10C880000F3F8FBF0000000000000000000000000C
:10C89000000000007D283F3FAFAF0CCF000000003C
:10C8A00000000000F0F0F0FC5C50FFFFF0F0F4F44A
:10C8B00005FFF5FF00000000000000007D2850503B
:10C8C0000CFC0505FAFAFAFC4040FFFF00000000EE
:10C8D00000000000000000000C000C000000000040
:10C8E00000000000000000000000000000003CF01C
:10C8F000AA0014140CCF0000000000000000C3C305
:10C90000C5CF0F7F8FFF0000000000000000000077
:10C910000000000000007D28303005050CCF02002B
:10C9200002000000210811A0000000002100020008
:10C93000050011002000000021002100000011006E
:10C940000410110000080400094000002108040040
:10C95000200804020000000011000440110400003F
:10C960000400020004201120040004000200200042
:10C97000000020001100110003000400110000005D
:10C980002000030011000000040004000400020263
:10C99000000000000400040000000400001000007B
:10C9A0000000000000000000000000000000000087
:10C9B0000000000000000000000000000000000077
:10C9C000A000A080000000000000008000000080A7
:10C9D000900004800080000000000400A08000801F
:10C9E00000C0000000000000000000000000000087
:10C9F0000000000000000000000000000000000037
:10CA00000000000000000000000000009000000096
:10CA10000080000000000000000000000000000096
:10CA20000000000000000000000000000000000006
:10CA300000000000002000000020000000000000B6
:10CA400000000000000000000000000000040020C2
:10CA500000000001000000000001000000000000D4
:10CA600000000000000000000000000000000000C6
:10CA700000000000000000000000000000000010A6
:10CA800000000000000000000000000000000000A6
:10CA90000000000000000000000000000010000185
:10CAA00000200001A00000000000000000080010AD
:10CAB0000010001000004000001000410021001094
:10CAC0000000001000000000002000200000009086
:10CAD0000090001000100000001004400010002121
:10CAE000002100080000200020200000000000209D
:10CAF00000100010001000000000001000000010E6
:10CB000000000000000000000010000000100021E4
:10CB10000010001004100000000000090000009048
:10CB2000001000800008000000000000000000006D
:10CB300000000000000000000000000000C0001025
:10CB400000000000008410A1200000000000001080
:10CB50001110000400020508000000100000000190
:10CB60000002040010840000000300110001001006
:10CB7000000100030003000210010401040104018C
:10CB8000040921030021001100000082000000823E
:10CB900000000000008400000000210100000040AF
:10CBA000030800000008000000000000000000056D
:10CBB0000000000000000008000500000021002126
:10CBC000C041C005C0008841014085000005824188
:10CBD0008821008000C100850085004100C100114E
:10CBE000C0100080C100014100000040000400109E
:10CBF000004100020010002010000140000200105F
:10CC000000400090009000848204C00000000000FA
:10CC100000000003001100210000000000200005BA
:10CC2000008000800000820000000000000008007A
:10CC30000000100010001000000040000000400044
:10CC40000004000021000200110010001100040186
:10CC50000000020021000200110004000001000099
:10CC600010000200050010004100000041002000FB
:10CC700020002000030041002000000041820085C8
:10CC8000108200004100410010001000050010005B
:10CC9000000000000000100010000000040041002F
:10CCA0000001000000002101100105010000020048
:10CCB000881084000000020088000000004140004D
:10CCC00000002000000800000041A00000008200D9
:10CCD00000100000000000000000000008410020DB
:10CCE00008000800000000000004400000000000F0
:10CCF000040000200000A01000000000A0050000BB
:10CD000010200000000400000000000000000000EF
:10CD100000000000100000000000200000000000E3
:10CD200000000010000000000002000400040000E9
:10CD300000000000000000000000090000000000EA
:10CD4000000000000000210000000410021041005B
:10CD50008090054100080000000000400000000035
:10CD6000000241820000000800108000000800005E
:10CD7000100810820040000000001140000400086C
:10CD80009000000040000000410000000000800012
:10CD900010002100000000004100410000000800D8
:10CDA000000010880300210010000000218800000E
:10CDB00000080000000000080000000840004005D6
:10CDC0000010000000080410000000030000000034
:10CDD00004050210008284800400C0050080100059
:10CDE000840088850011000584A100A12021002174
:10CDF00000000041002100C1002100058885008558
:10CE00000083080010008900000500008200000572
:10CE100010000000000000000005001000210000CC
:10CE200000000000000000000000000800000000FA
:10CE300000000000000000000010000000000000E2
:10CE40000000000000000000000000000900048451
:10CE50004002040000004100000040020000000009
:10CE600000002040020000902082004000000000EE
:10CE70000000000011084040100240084100410439
:10CE80000000000240044000000404880900000083
:10CE900000000300000000001000108802000000E5
:10CEA00000000040200041101102030003000000B8
:10CEB00021000900020000000840020000000000FC
:10CEC0000000000000418200A000A040000000001F
:10CED00000000000A0001000820010004080000050
:10CEE00000000000A080A000000010000000000072
:10CEF00000000008000000820080028000C00000E6
:10CF00000084A00000800000102000008800024083
:10CF1000000000000000000000040000000000000D
:10CF20000000000000000000000000800000000081
:10CF300000000000000000000000000000000000F1
:10CF400000000000000000000000000000000000E1
:10CF500000000000000000000000008000808080D1
:10CF6000008000050803000080000003000000802E
:10CF7000038080880800000080000000000000801E
:10CF80008000038080410302000080000003000055
:10CF900000800300808203000000030000C1000045
:10CFA000800000000080000400008000008300007A
:10CFB0000300038080C103000000000000000000A7
:10CFC0000000000000000000000000000000000061
:10CFD00000000000000000000000000000820004CB
:10CFE0008204000290A000000090020000010000F6
:10CFF0000020012004C10000000082000000008227
:10D000000004820800C004A1000000A00400000188
:10D010000000A002018204C10000000001000283A0
:10D0200000048200000000A0020000C00200008393
:10D03000000001820304A0C0000000000000000006
:10D0400000000000000000000000000000000000E0
:10D0500000000000000000000000000004000000CC
:10D060000000A0020340000000202000000000009B
:10D070000000820021C00021012000000000040007
:10D0800000000000A09003820000004108000101A0
:10D09000000000002000C0820021014000000400C8
:10D0A0000000A1C000004100000001A1A00000009C
:10D0B0000000000082054182008301400000000062
:10D0C0000000000000000000000000000000000060
:10D0D00000000000000000000000000000008000D0
:10D0E0000000000000808480000000002100410258
:10D0F0000000000003004100008341210000000007
:10D1000080000000000000008480000000A0820079
:10D110002041000000418500A18000834183000080
:10D120008000000041000000840000000840020070
:10D1300004030000000009088289008341A1000067
:10D1400000000000000000000000000000000000DF
:10D1500000000000000000000000000000000000CF
:10D1600000000000000000000000A1218400000376
:10D17000000000000000000000800000000000002F
:10D18000000000000000000000000080804140001E
:10D19000000300000000000000000080800080000C
:10D1A000000000000800409000000000030005009F
:10D1B00000100000000000000005000003850000D2
:10D1C000000000000000000000000000000000005F
:10D1D000000000000000000000000000000000004F
:10D1E000000000000000000000000082C0C120001C
:10D1F0000000000000000000000000108882A00075
:10D20000000000000000000000000000002002C13B
:10D210000100000000000000000000000002C082C9
:10D2200020000000000000000121000000000102B9
:10D230000000000000000000000000C00084A1C049
:10D2400000000000000000000000000000000000DE
:10D2500000000000000000000000000000000000CE
:10D2600000000004010000830000C004002005024B
:10D270008811008200000000000004820002010109
:10D28000200400000004010000830000400400A00E
:10D29000058320900082000000000000048200A0AE
:10D2A0000101A09000040110040940C00104000124
:10D2B00083000000008200000000000082A10182C3
:10D2C00001010290000000000000000000000000CA
:10D2D000000000000000000000000000000000004E
:10D2E00000000000008004000002000000800280B6
:10D2F0008203009000850000000000008080008014
:10D3000021410091000000800400000200008080A4
:10D3100002008290800500820000000000008080F2
:10D320000000022100050080020080028089028046
:10D3300005032000000000C10500000000000403F8
:10D3400020824110000500000000000000000000E5
:10D3500000000000000000000000000000000000CD
:10D3600000000000000000000000000000000000BD
:10D370000000000012008148000BD00012000000E5
:10D380000000000012420000000000000000120037
:10D3900000000000000012428148000BD000120083
:10D3A0000000000000001242000000000000120017
:10D3B0001148000BD00012428148000BD00012002F
:10D3C0000000000000001242000000000000000009
:10D3D000000000000000000000000000000000004D
:10D3E000000000000000000000000000000000003D
:10D3F000000000000000000000000000000000002D
:10D40000000000000000000000000000000000001C
:10D41000000000000000000000000000000000000C
:10D4200000000000000000000000000000000000FC
:10D4300000000000000000000000000000000000EC
:10D4400000000000000000000000000000000000DC
:10D4500000000000000000000000000000000000CC
:10D4600000000000000000000000000000000000BC
:10D4700000000000000000000000000000000000AC
:10D48000000000000000000000000000000000009C
:10D49000000000000000000000000000000000008C
:10D4A000000000000000000000000000000000007C
:10D4B000000000000000000000000000000000006C
:10D4C000000000000000000000000000000000005C
:10D4D000000000000000000000000000000000004C
:10D4E000000000000000000000000000AEDE0000B0
:10D4F000000000000000000000000000000000002C
:10D50000000000000000000000007B750000AEDE9F
:10D51000000000000000000000000000000000000B
:10D520000000000000000000000000007B75AEDE7F
:10D5300000000000000000000000000000000000EB
:10D540000000000000000000000000007B750000EB
:10D5500000000000000000000000000000000000CB
:10D560000000000000000000000000000000167B2A
:10D57000C202000000000000408C07000000000014
:10D58000000030020000000000004043DE680000A0
:10D59000167BC002000000000000408C0700000065
:10D5A0000000000030020000000000004003DE68C0
:10D5B0000660C002000000000000408C0700000070
:10D5C00000000000300200000000000040431E6820
:10D5D00040000200110020000001000180008400D2
:10D5E0000400000091A08400040004000400040072
:10D5F0000400020004000400030002900000030085
:10D600000400200020002000110084000400840099
:10D6100000000400040004001100040004081100CC
:10D6200004000000040000000400040000000400E6
:10D6300020000400000004000400040011000000A9
:10D640000000000000002100400000000000040075
:10D6500000200100910000000000042000200400D0
:10D660000400000000002000200000000000000076
:10D6700000000000C1000000400040000100000068
:10D680000000000001000100010000002000000077
:10D69000200000C0000000000000000000000000AA
:10D6A000000000000000000000000000000000007A
:10D6B000000020000000000000004000000000000A
:10D6C0000000000000000000000000000400000056
:10D6D00000000080000000000005000000000000C5
:10D6E0000000000200000400000000000000000034
:10D6F00000000008000100050000000100A000116A
:10D7000000010020000100000001000000000005F1
:10D7100000050021000000000000000000000000E3
:10D7200000000000000000010001000000010000F6
:10D7300000000000000000200000000000000000C9
:10D7400000000000000000000000000000000000D9
:10D750000000000000000021000000080000001090
:10D760000000002100000000010000000000002176
:10D770000010001000A0000400C0000000040041E0
:10D780000002004000800020000000200000000097
:10D7900000A000A000A000000008000000000000A1
:10D7A0000000001000000008001000100000002021
:10D7B00000000000000000000080000000000000E9
:10D7C0000000000200000000000000110011001124
:10D7D00000100010001000100010000200000040B7
:10D7E00000C0001080108000808480C00084801001
:10D7F0008088002000A00010004082850090000476
:10D800000084000000400008040100200000002007
:10D81000002000840004000400008000000080005C
:10D8200080000000002000000000000080000410C4
:10D830000800000100014001001100000084000008
:10D8400000A00084001000000084000000A0800000
:10D8500000C00004000400000004000000000000FC
:10D860000080000000004000400020002000000078
:10D87000408020000080000300900080050400002C
:10D8800082889000820000800090010400800003E4
:10D890000080008000000080008000002000000068
:10D8A000042120000000008000000003100004009C
:10D8B00001000100000410040104820200000000C5
:10D8C0000000C00000008400002110008200100051
:10D8D00008000000008000800000008000002000A0
:10D8E00020004100400080000300020011001000F1
:10D8F00041004100840000008000820041000001DE
:10D90000410120402000832002011000000000019E
:10D910001001100010000000200041010000110063
:10D920002000200020002000A00003002000410073
:10D93000000011000300000103000000900000003F
:10D9400090010000800100000000100000000000B5
:10D9500000000000000000010000210100000000A4
:10D96000850000000000010040100010410210007E
:10D97000C00000000000050040002010200500113C
:10D98000841000100180010020800140110000007F
:10D990008204100400000000000001000004008068
:10D9A00000001100C100840001000500900001008A
:10D9B000000000000000000000020000000020083D
:10D9C0000000040400000404000000000000C0087F
:10D9D0000000000000000000002000000020000007
:10D9E0000000000004402000000000C002052000EC
:10D9F00000A005C0081000401020002005004110C4
:10DA00002000100041000084800002400240038892
:10DA100000400540000005000088002000200000B4
:10DA20000000000010000500100041C010A0200000
:10DA3000000010000300100141100010001003202E
:10DA4000002000040000040000C00000410000109D
:10DA50000000000000000000000000000000410481
:10DA6000050000000000000001000000000001822D
:10DA700001000000000001000000008000800000A4
:10DA800000C0011000000021000004080180010016
:10DA90000000009000900000001000110080008342
:10DAA000000000000000000000000000C0000003B3
:10DAB00001000000000000000010C0000000000095
:10DAC00000800080008000000100000000000000D5
:10DAD0000003100000009000000000001000000093
:10DAE000C0808400000200100004051000044104FE
:10DAF00020002185111000841010101041C020104A
:10DB00004184058441A0020420050000A082400059
:10DB10000020024080400040090000C10488000449
:10DB20004000842000000400040005000400000000
:10DB3000020000020000A000201091002000001050
:10DB400000110411001000A003A0000400840010C4
:10DB5000108400000210800000002010100000005F
:10DB600000200000100000000000200000001080D5
:10DB70000080110084020009C000C1000180000083
:10DB80000100400002050000C1808984C01121000D
:10DB90000100008089802080008088118404820038
:10DBA0000080400004200000010001000000C100CE
:10DBB000000000008400C0000500010020000100FA
:10DBC000008000820010008000000000048000003F
:10DBD00000000000000000000200000000800002C1
:10DBE00000000080000000000005890204050241D9
:10DBF00000000000880009000985004041850820D8
:10DC000000000000028000000282008900820909F1
:10DC1000028809C1A1044102050504A000054110C4
:10DC20000888000220212102000003208885084185
:10DC300008A10000098000000000808080000980A9
:10DC40000000090380100010401000000000800058
:10DC500000000000000000000000008000000080C4
:10DC600000000000000000000000000105000001AD
:10DC70000001000002002000000088830891900845
:10DC80000101A0400884410800400382000900040B
:10DC90000002201041080940019090A00011008866
:10DCA000010901880402C1A100000000A1A1020431
:10DCB0000141012000C00008000400020482108815
:10DCC000820400400301C085A001000100000000A3
:10DCD00002000000000000000000000000820002BE
:10DCE000000800A000000000A0000000C001A0404B
:10DCF00041400891880288014040880005000310D7
:10DD0000410390841000110083004184A001048429
:10DD100008024188A121A10841200400001001A0AF
:10DD20000005008840000200890000200000A101D9
:10DD30000420A001204000010001000000C14001BA
:10DD4000900004008288C1A0014000090100000287
:10DD5000000000A000000000000000000000000023
:10DD6000000000000000009000000090000002028F
:10DD700002008502850909808040008000111000A2
:10DD8000888482C01088C0009021100083A1020303
:10DD90001100820089001091100005918005028910
:10DDA00020000240028091080200A00002A10000B1
:10DDB000202085008302A1C100400020000000A0B7
:10DDC0000010000280008041080008004088030223
:10DDD0000000001100000011000000000000000021
:10DDE00000000000000000000000002100000021F1
:10DDF0000200008040850583110041004100800041
:10DE000021858040202040108000910021808000EA
:10DE100000020200110908914040214185208540FF
:10DE2000110910200505841004418902A0A0C182B7
:10DE300000000320808580A1C1A100008000820035
:10DE400080008000000082800080111020030011FB
:10DE50000503000021000400800000000000000015
:10DE60000000000000000000000000001000400062
:10DE7000000000A000C00084A041409000900190EC
:10DE80004002200210090083A1902084C10808A04C
:10DE9000404000880108A109908201C008A0110536
:10DEA00021C000009001880004010100C10241A1CD
:10DEB0002088000001A10204A0A14020A0001000C1
:10DEC000A1000800401088401004008200010100F9
:10DED0000000A0010400000001002000C0000000BC
:10DEE000000000000000A00004000000200001006D
:10DEF0000000900091409101880140000021001035
:10DF00000000009082840340840000088291084051
:10DF100084000040C19002C08400C1A08585898230
:10DF2000880100C089C0C0840289A100020388035F
:10DF30000000402000000421030209012020840485
:10DF400088400800C000820004A0900090100102E8
:10DF500084410000000000000002000000000000FA
:10DF600000000000000000000000000000000000B1
:10DF700000040000000040800403110302000009B7
:10DF8000008000001100859041C09109040080408C
:10DF90008080800000000905028089090800A0C077
:10DFA00011400202050082000209098390000082EC
:10DFB00080410004808000008583C1884121A10048
:10DFC0008080808080000000800980000000008048
:10DFD00003000289050508000000000000000000A1
:10DFE0000000000000000000000000000000000031
:10DFF000000000000000000000840000900041824A
:10E000000081000BD00000004100000BD000000098
:10E010008100000BD000000082810009D0000600C2
:10E020000082000BD00000001182000BD0000050D5
:10E030008181000BD000000000008181000BD00026
:10E0400081000600000BD00000000000000BD00093
:10E0500000000000000BD00000000000000BD0000A
:10E0600000000000000000000000000000000000B0
:10E0700000000000000BD000000000000001FFFFC6
:10E08000000000003C3C0000FFFFDB99DF9F1818F8
:10E090001F1F0000000000000000003F00309981B9
:10E0A0001800C343C3420A00000A006600661898BD
:10E0B000989800000000606060300000FFFF1F7F44
:10E0C000EFFF6F7F00000000000000000000000074
:10E0D00000000000F6F63F30FFF03636000000008A
:10E0E0000000000000000000000000000000000030
:10E0F0000000000000000000000000000000000020
:10E1000000FFFF0000003C3C00000000C300CF0FF8
:10E11000FF18FF1F0000000000000000003C003C52
:10E120009999000000400042500000500027000F65
:10E130001808080800000000606030300000FFFF91
:10E1400010108F8F0F0F0000000000000000000073
:10E1500000000000000006063F300F0036360000C9
:10E1600000000000000000000000000000000000AF
:10E17000000000000000000000000000000000009F
:10E18000000000000000000000000000000000008F
:10E19000000000000000000000000000000000007F
:10E1A000000000000000000000000000000000006F
:10E1B000000000000000000000000000000000005F
:10E1C000000000000000000000000000000000004F
:10E1D000000000000000000000000000000000003F
:10E1E000000000000000000000000000000000002F
:10E1F000000000000000000000000000000000001F
:10E200000C1CFFFFFFF0FFF4FFFF00003C3C000090
:10E21000C0FFFFFFFFC0FFD9000000003CC3F00FAC
:10E220000606020EC000FC0000000000667666765E
:10E2300076FF00000200FE007E00FE000C0E0F0FB5
:10E240000000F0FFF0FFF0F6F3F600000000000021
:10E2500000000000000000000000787866FF3C3CF1
:10E2600066660000000000000000000000000000E2
:10E27000000000000000000000000000000000009E
:10E2800000000C3CFFFF00000024000000003C3CAC
:10E290000000E6FFFFFFC0C0D9D9000000003CC36A
:10E2A000F00F0606020EF000F000007689FF6666A9
:10E2B0006666460000000600F600420002000C08F8
:10E2C000000000003CFF90FFF4F6F7F600000000AD
:10E2D00000000000000000000000000078780099B5
:10E2E000F0F000FF0000000000000000000000004F
:10E2F000000000000000000000000000000000001E
:10E30000000000000086006C00B90000A88654ECF4
:10E31000A0B20015A08252B0A3B00005A082509018
:10E32000A3B000A50086007C03B00000008600FCBE
:10E3300000B800800086007C03B000000086009CCE
:10E340000380000000000086000C03800000A0860F
:10E350005030A3B00005A0005090A00000050800B8
:10E3600004F000320010A08650F0A0B000050000BC
:10E370000000000000000086006000B00000A086E1
:10E3800050F0A0B00005BEAA3C002000080000002C
:10E3900000000FAF00AA00F000FFE0F400FF00F063
:10E3A00000FFF0B43C3C00FF00FF33330FF0A0004F
:10E3B00000003C3C3C3C60000060000000000000AD
:10E3C000BE14F0A0F0F00000FFFFF0145F5F5F5F8D
:10E3D0005FDFFF00000000003CFFAAF0FF3C0F558C
:10E3E0000000FF00FFFF0000000000000000000030
:10E3F000000000000000000000000000000000001D
:10E400000000000000000000FEFAFCF080000200A6
:10E41000000000003FBF3CBE00F000000B1F00FFEB
:10E4200000F000000F1E3C3C00FF00BF33330FF034
:10E43000A00000003C3D3C3C090000090000000039
:10E4400000003C3C000000500000FFFFF0B41F0F34
:10E45000DFCFFFFFFF00000000003C00AAF0003CFF
:10E460000F550000FF000000000000000000000049
:10E47000000000000000000000000000000000009C
:10E4800000000000000000000000000000003FFC51
:10E49000FFFF00000000A0E3A0E30FF055AAAAAC24
:10E4A0003C3C0F0F0103777777FF00003F000088A7
:10E4B000000022001100FFFFFFFF20800802000083
:10E4C000000000FF005F207020700000FFA0FFB47C
:10E4D0005F5F5F5F3CFCA0A000000000FC0CFAFA4C
:10E4E00055FF3C0F0000FF003C3C00000000000016
:10E4F0000000000000000000000000000100050016
:10E50000000000000000000000000000000000000B
:10E510003FFCFFFF00000000FFFFA0E30FF055AA43
:10E52000555C3C3C0E0C000022222200003F3F00C4
:10E53000880000000022001100000E0C10400401B1
:10E540000000000000A00000303030300000FFF07C
:10E55000FFB41F0FDFCFA0A0A0A000000000FC0CA4
:10E560000A0A55003C0F0000FF003C3C0000000080
:10E57000000000000000000000000000000000009B
:10E58000000000000000000000000000000040004B
:10E5900000002000110000A004020000000204009E
:10E5A00004000000040000002108000800008000B2
:10E5B00000A0910080021100040000004000110042
:10E5C0000000000221101100040091002000000052
:10E5D000110011000400110011000400210040008E
:10E5E00020212021210500040420042000200020F7
:10E5F00004000400040004001100040000000000F6
:10E600000000000000000000040004000000000002
:10E610009100000001000000000000800000008068
:10E6200000000000000000000000000000000000EA
:10E63000400000004000408000000000000000009A
:10E640000000A00000800000000000002000010089
:10E6500000C00000000000000000000000000000FA
:10E6600001000084008400A0008000800080008001
:10E670000480000000000000000000000000000016
:10E68000000000000000000000000000000000008A
:10E69000200000000000000000000000000000005A
:10E6A000000000000000000000000000000000006A
:10E6B0000000000000010001000000000000000157
:10E6C0000001000100010001000100000000000045
:10E6D0000000000000000000000000010000000039
:10E6E0000000000000000000000000010000000029
:10E6F000000000000000000000000000000000001A
:10E700000000000000000000000000000000000009
:10E7100000000000001000100010000800210000A0
:10E720000010001000410010000000100021002126
:10E730000011000000210002000200100000000093
:10E740000002000200200020002000200000000045
:10E7500000000000000000000000000000080000B1
:10E760000000000000100000000000000020000079
:10E770000000000000100000000000000000000881
:10E78000000000080010001100000011000000004F
:10E79000000000000010008400000084808400025B
:10E7A0000001000100840002410200020002000496
:10E7B0008000000008028000000200830041000287
:10E7C00080028000800200030003000100020000BC
:10E7D0000000000500040000000000000000000030
:10E7E0000000000000000000000000000000000029
:10E7F000000000000000000000000000100000C049
:10E8000000000000000000000000100000002000D8
:10E8100000000000001000000021000800000403B8
:10E820000480882000020000848000840080008032
:10E8300000C10411001101A1040500858202100429
:10E8400000804091204140A100A0C0A00002C080F3
:10E8500000000000008400A100000000000084000F
:10E860000000001000080010000000000000000080
:10E870000000880000000000000000000000000010
:10E88000000300000000C0000000000000001000B5
:10E89000010000000000000000004100C100410034
:10E8A0004100040000000000050009000200100003
:10E8B000000005010001000141002001C0008001AD
:10E8C00011000300100009000000100010000001FA
:10E8D00010011100000041000000000000000000D5
:10E8E0000000000010000000000000000000020016
:10E8F0000000100041000000100000000000410076
:10E9000000004100000000000000000000000000C6
:10E910000000000005000000000000000000404171
:10E9200000001000010000000000000000000000D6
:10E9300000100000840200020002000001022141D8
:10E940002002000000210000000000100000000074
:10E950000020000200000000000000000080000015
:10E9600000000000000000000000000000000000A7
:10E970000000000000000000000000000000000097
:10E980000000000000000000000000000000000087
:10E990000000000000000000000000000000000077
:10E9A00000004040400000850003801180110000FD
:10E9B00000011000808505000000000005C0000275
:10E9C000110010A0000240210000400180840501D8
:10E9D000C1218401800000004100000000100000FF
:10E9E0000000000000000000000000000001100016
:10E9F000000000000000000000000000000000A077
:10EA000000000000001000001000000010C0100006
:10EA100000000010000000000000000000000000E6
:10EA20000000000085000110000400842020202048
:10EA30000021882020030810C0008441000000004D
:10EA4000C085C005841100A105848403010220054E
:10EA5000000240A0412004008400002100000000CA
:10EA600000000000000000000000C0000000C00224
:10EA700000001010A000001000210000840300001E
:10EA80000003000000210000002100000000000041
:10EA900000001000C00000000000000000000000A6
:10EAA00000002000200000002082118408A0000047
:10EAB0000284201089A00082020000C00290090098
:10EAC000000010002000008200844000404100024D
:10EAD000401004C009A0000000020088009002401D
:10EAE0000000000000000002000020040000000000
:10EAF000000000000000090002000000000000000B
:10EB0000008800880000009000A000400000004045
:10EB10000084004010000000000000000000000021
:10EB200000000000011001050000010000000100CC
:10EB300000000100000004000000000000000000D0
:10EB400000000000000000000000000001000104BF
:10EB500000800100010000000000008000000000B3
:10EB600000000000000000000000000000000000A5
:10EB70000000000000000000000000000000000095
:10EB80000000000000000000000000000000000085
:10EB90000000000000000000000000000000000075
:10EBA00000000000000000030040000810400003C7
:10EBB0002000000000050003000021000200000307
:10EBC0000040050000000083008000880000000372
:10EBD000002000000000008300418000200082002F
:10EBE0000000000010000000000000000000000015
:10EBF0000005000200050020000000008000000069
:10EC00000000000000000000000000000000000004
:10EC100000000000000000000300000000004100B0
:10EC200000000000000000000001000020010100C1
:10EC3000A001890000000000000140004100000028
:10EC4000000120019000000000050008000400C041
:10EC500000010000000000000089A0C00490000036
:10EC6000030000000000010000000200000000009E
:10EC70000000000100010000000100000000400051
:10EC8000000000000000A0000000000000000000E4
:10EC90000000000000000000000001000000000073
:10ECA00000000000000000000000A00004C02100DF
:10ECB000C10000820001000801018200C000400282
:10ECC000A184080002080400A184000001010000E2
:10ECD0000100009000010000010082000400908803
:10ECE000C1A001000100014000000000010000007F
:10ECF00001000000000000000041000000200001B1
:10ED00000020000000400000009000000000000013
:10ED100000000000000000000000000000000000F3
:10ED20000100010100000000000000004000088018
:10ED300008000340008000040580034100008200B9
:10ED4000008003A141008080800003800000081043
:10ED500000000341000000400000030200008300A7
:10ED600000800300400020000280050000004000F9
:10ED70000900020002000000000000910000008075
:10ED800000080080000500000000000000000000F6
:10ED90000000000000000000000000000000000073
:10EDA00000000500090900000000000000004010FC
:10EDB00000C000880003000005410300008302003A
:10EDC00000800080000380A000000000000380009D
:10EDD000000041080003000000000940000300009B
:10EDE0008080000000830003000400400005000054
:10EDF0000000000000000000020000000000090008
:10EE000000002100100000000000100000000000C1
:10EE100000000000000000000000000000000000F2
:10EE2000004000410040000500000000000000001C
:10EE30000001000400840001C090000001900283E2
:10EE40000088000200C0002110020040008200A1E2
:10EE50000200A00082000001A000000000000001EC
:10EE6000009004048290008900000001000100006D
:10EE70000000000000000000000000000000000092
:10EE80000000200000000100200000000100000040
:10EE900088000000000000000000000000000000EA
:10EEA000000000010001000102000000000000005D
:10EEB0000000010101400100008800000002000084
:10EEC0000000830484A0840000208340A00084000C
:10EED00000400004004000000000010000000000AD
:10EEE0000000919188009000020000C000400000E6
:10EEF000000000000002000000010000010000020C
:10EF000001000000000000C0000000000000000040
:10EF100000000000000000000000000000000000F1
:10EF200000000000000200010000000000000000DE
:10EF300000000000030808880800400000000200EC
:10EF40000000000083880200800000008340000071
:10EF500080000000418000800000000003000000ED
:10EF600005200000031080000500800000000085DF
:10EF70000041000000000000000500020000030046
:10EF800041004100410000000000000000000000BE
:10EF90000000000000000000000000000000000071
:10EFA00000000000000000800040000000000000A1
:10EFB0000000000000001260000BD00000001242B0
:10EFC000000BD00081601200000B000000000A005E
:10EFD000000BD000000000000009D000000000423B
:10EFE000000BD00000001200000B000000000050D9
:10EFF0000000D00000000000000000000000000041
:10F0000000500000D00000000000000BD000000005
:10F010000000000B000000000000000000000000E5
:10F02000000000000000000000810000D00011007E
:10F030000000000000000000F000C30003C0C30097
:10F0400000FF00FF00000F0F000000FF0000FFFFA7
:10F050000000FFFF00003C3C0000FFFF000000FF3D
:10F0600000000F0F000000FF00000F0F0000FFFF67
:10F0700000000000088A0A0A0000000000000000EA
:10F0800000005553000F00000000000000000000C9
:10F090000000000000000000000000000000000070
:10F0A00000000000000000000000000000003D3DE6
:10F0B0003DFF00000000000000000F003C0003C006
:10F0C00000C300FF00FF00000F0F000000FF000062
:10F0D00000000000000000003C3C0000FFFF0000BA
:10F0E00000FF00000F0F000000FF00000F0F0000E6
:10F0F00000000000000000AA0A0A00000000000052
:10F10000000000005553000F000000000000000048
:10F1100000000000000000000000000000000000EF
:10F1200000000000000000000000000000000000DF
:10F130007C7C7CFF0000000000000000000F030347
:10F14000005A00CC3C3C0000FF000000FFFF000024
:10F15000F0F00000FF000000C3C3FFFFF0F000006C
:10F16000F0F00000FF000000FFFF0000FF000000C3
:10F170000F0FFFFF00000000000000000000000073
:10F18000000020000000000100000000000000005E
:10F19000000000000000000000000000000000006F
:10F1A000000000000000000000000000000000005F
:10F1B0000000AAFFAA0000000000000000000F00ED
:10F1C0000C0C005A00CC3C3C0000FF00000000008A
:10F1D0000000F0F00000FF000000C3C3FFFFF0F0EC
:10F1E0000000F0F00000FF00000000000000FF0041
:10F1F00000000F0FFFFF00000000AAAAAC3C0000B7
:10F2000000000000000000000000000000000000FE
:10F2100000000000000000000000000000000000EE
:10F2200000000000000000000000000000000000DE
:10F2300000000000AAFFAA0000000000000000007B
:10F24000088604FC03920010A2C6516CA3B4494581
:10F2500002C301A003B44940A2CB01A003B44140C2
:10F26000A2C65150A0B44945A2E7516CA0B449458B
:10F2700002C70180038441400000001C0000000020
:10F28000000000000000000000000800020C000068
:10F290000000A08650F0A0B00005008600E000B09D
:10F2A000000000000000000000000000000000005E
:10F2B00000000000000C0000000000000000000042
:10F2C00000000000000000F000F000000000C3C3D8
:10F2D000FF0000F000FFC2C700FF00F000FF3FFC8E
:10F2E0007FFD0000000000000000000000000000A2
:10F2F00000000F030F0FF300FF00000000000000EC
:10F3000000000000000000000000000000000000FD
:10F3100000000000000000000000000000000000ED
:10F3200000000000000000000000000000000000DD
:10F3300000000000000000000000000000000000CD
:10F34000000000000000000000F000F000000000DD
:10F350003C3C00FF00F00000383D00FF00F00000E2
:10F3600003C0028000000000000000000000000058
:10F37000000000000C00000000000C000000000075
:10F38000000000000000000000000000000000007D
:10F39000000000000000000000000000000000006D
:10F3A000000000000000000000000000000000005D
:10F3B000000000000000000000000000000000004D
:10F3C00000000000000000000000AA0F8E0F0000E7
:10F3D00000000000000000000000A200FF5D00002F
:10F3E0000000ACACAC3CA0A020000000000000007D
:10F3F0000000000000000F0A05000C00FC000000E7
:10F4000000000000000000000000000000000000FC
:10F4100000000000000000000000000000000000EC
:10F4200000000000000000000000000000000000DC
:10F4300000000000000000000000000000000000CC
:10F44000000000000000000000000000550F4D0FFC
:10F4500000000000000000000000000000A25DFFAE
:10F46000000000005C5C5C3CAAAA280000000000D0
:10F4700000000000000000000F000F000000FF006F
:10F48000000000000000000000000000000000007C
:10F49000000000000000000000000000000000006C
:10F4A000000000000000000000000000000000005C
:10F4B000000000000000000000000000000000004C
:10F4C000000000000000000000002000000000001C
:10F4D000000000002100009021000000000804004E
:10F4E00000000000000000000400210000000000F7
:10F4F0000000000021002100049000000000000036
:10F5000000000000000000000400000000000000F7
:10F5100000000000000000000000040000000000E7
:10F5200000000000000000000000040000000000D7
:10F5300000000000000000000000040000000000C7
:10F5400000000000000000000000000000000000BB
:10F5500000000000000000000000000000000000AB
:10F56000000000000000000000000000000000009B
:10F57000000000000000000000000000000000008B
:10F58000000000000000000000000000000000007B
:10F59000000000000000000000000000000000006B
:10F5A000000000000000000000000000000000005B
:10F5B000000000000000000000000000000000004B
:10F5C000000000000000000000000000000000003B
:10F5D000000000000000000000000000000000002B
:10F5E000000000000000000000000000000000001B
:10F5F000000000000000000000000000000000000B
:10F6000000000000000000000000000000000000FA
:10F6100000000000000000000000000000000000EA
:10F6200000000000000000000000000000000000DA
:10F6300000000000000000000000000000000000CA
:10F6400000000000000000000000000000000000BA
:10F65000000000000000000000000000000000109A
:10F660000000001100000000000000080000000081
:10F670000011000000000000000000030000001066
:10F68000000000000000000000000000000000007A
:10F69000000000000000000000000000000000006A
:10F6A000001000000000000000000000000000004A
:10F6B000000000000000000000000000000000004A
:10F6C000001000000000000000000000000000002A
:10F6D0000000000000000000000000A0000000008A
:10F6E00000000000410000000500050000000000CF
:10F6F000000000000000000000000000000000000A
:10F7000000000000000005000000000000000000F4
:10F7100000000000000000000000000000000000E9
:10F7200000000000000003000000000000000000D6
:10F7300000000000000000000000000000000000C9
:10F7400000000000000000000000000000000000B9
:10F750000000000000100000000000000021002157
:10F76000002100080000000000000000000300006D
:10F770000000002100000000000000000000000860
:10F780000008000800000000000000000000000069
:10F790000000000000000000000000000000000069
:10F7A0001000000000000000000000000000000049
:10F7B0000000000000000000000000000000000049
:10F7C0000000000000000000000000000000000039
:10F7D0000000000000000000110000000000000018
:10F7E0000000000000000000000000000000000019
:10F7F0000000000000000000000000000000000009
:10F8000000000000000000000000000000000000F8
:10F8100000000500000000000000000000000000E3
:10F8200000000000000000000000000000000000D8
:10F8300000000000000000000000000000000000C8
:10F8400000000000000000000000000000000000B8
:10F8500000000000000000000000000000000000A8
:10F860000000000000000000000000000000000098
:10F870000000000000000000000000000000000088
:10F880000000000000000000000000000000000078
:10F890000000000000000000000000000000000068
:10F8A0000000000000000000000000000000000058
:10F8B0000000000000000000000000000000000048
:10F8C0000000000000000000000000000000000038
:10F8D0000000000000000000000000000000000028
:10F8E0000000000000000000000000000000000018
:10F8F0000000000800000000000000000000000000
:10F9000000000000000000000000000000000000F7
:10F9100000000000000000000000000000000000E7
:10F9200000000000000000001000000000000000C7
:10F9300000000000000000000000000000000000C7
:10F9400000000000000000000000000000000000B7
:10F9500000000000000000000000000000000000A7
:10F960000000000000001010000000000000004136
:10F970000000000010000003000300081000000059
:10F980000000000300001000000300000000000061
:10F990000000000000000000000000000000100057
:10F9A00000000000000000000000C000000000088F
:10F9B0000000000000000000000000000000000047
:10F9C0000000000000000000000000000000000037
:10F9D0000000000000000000000000000000000027
:10F9E00000000088000000000000000020000982E4
:10F9F0000082008200000000000000000000000003
:10FA000000000000002000000000110000000000C5
:10FA100000001000000000000000000000000000D6
:10FA200000000000000000000000000000000000D6
:10FA300000000000000000000000000000000000C6
:10FA400000000000000000000000000000000000B6
:10FA50000000000000000000000000000000100096
:10FA60000000000000000000000000000000000096
:10FA70000000000000000000000000000000000086
:10FA80000000000000000000000000000000000076
:10FA90000000000000000000000000000000000066
:10FAA0000000000000000000000000000000000056
:10FAB0000000000000000000000000000000000046
:10FAC0000000000000000000000000000000000036
:10FAD0000000000000000000000000000000000026
:10FAE0000000000000000000000000000000000016
:10FAF0000000000000000000000000000000000006
:10FB000000000000000000000000000000000000F5
:10FB100000000000000000000000000000000000E5
:10FB200000000000000000000000000000000000D5
:10FB300000000000000000000000000000000000C5
:10FB400000000000000000000000000000000000B5
:10FB500000000000000000000000000000000000A5
:10FB60000000000000000000000000000000000095
:10FB70000000000000000000000000000000000085
:10FB80000000000000000000000000000000000075
:10FB90000000000000000000000000000000000065
:10FBA0000000000000000000000000000000000055
:10FBB0000000000000000000000000000000000045
:10FBC0000000000000000000000000000000000035
:10FBD0000000000000000000000000000000000025
:10FBE0000000000000000000000000000000000015
:10FBF0000000000000000000000000000000000005
:10FC000000000000000000000000000000000000F4
:10FC100000000000000000000000000000000000E4
:10FC200000000000000000000000000000000000D4
:10FC300000000000000000000000000000000000C4
:10FC400000000000000000000000000000000000B4
:10FC500000000000000000000000000000000000A4
:10FC60000000000000000000000000000000000094
:10FC70000000000000000000000000000000000084
:10FC80000000000000000000000000000000000074
:10FC90000000000000000000000000000000000064
:10FCA0000000000000000000000000000000000054
:10FCB0000000000000000000000000000000000044
:10FCC0000000000000000000000000000000000034
:10FCD0000000000000000000000000000000000024
:10FCE0000000000000000000000000000000000014
:10FCF0000000000000000000000000000000000004
:10FD000000000000000000000000000000000000F3
:10FD100000000000000000000000000000000000E3
:10FD200000000000000000000000000000000000D3
:10FD300000000000000000000000000000000000C3
:10FD400000000000000000000000000000000000B3
:10FD500000000000000000000000000000000000A3
:10FD60000000000000000000000000000000000093
:10FD70000000000000000000000000000000000083
:10FD80000000000000000000000000000000000073
:10FD90000000000000000000000000000000000063
:10FDA0000000000000000000000000000000000053
:10FDB0000000000000000000000000000000000043
:10FDC0000000000000000000000000000000000033
:10FDD0000000000000000000000000000000000023
:10FDE0000000000000000000000000000000000013
:10FDF0000000000000000000000000000000000003
:10FE000000000000000000000000000000000000F2
:10FE100000000000000000000000000000000000E2
:10FE200000000000000000000000000000000000D2
:10FE300000000000000000000000000000000000C2
:10FE400000000000000000000000000000000000B2
:10FE500000000000000000000000000000000000A2
:10FE60000000000000000000000000000000000092
:10FE70000000000000000000000000000000000082
:10FE80000000000000000000000000000000000072
:10FE90000000000000000000000000000000000062
:10FEA0000000000000000000000000000000000052
:10FEB0000000000000000000000000000000000042
:10FEC0000000000000000000000000000000000032
:10FED0000000000000000000000000000000000022
:10FEE0000000000000000000000000000000000012
:10FEF0000000000000000000000000000000000002
:10FF000000000000000000000000000000000000F1
:10FF100000000000000000000000000000000000E1
:10FF200000000000000000000000000000000000D1
:10FF300000000000000000000000000000000000C1
:10FF400000000000000000000000000000000000B1
:10FF500000000000000000000000000000000000A1
:10FF60000000000000000000000000000000000091
:10FF70000000000000000000000000000000000081
:10FF80000000000000000000000000000000000071
:10FF90000000000000000000000000000000000061
:10FFA0000000000000000000000000000000000051
:10FFB0000000000000000000000000000000000041
:10FFC0000000000000000000000000000000000031
:10FFD0000000000000000000000000000000000021
:10FFE0000000000000000000000000000000000011
:10FFF0000000000000000000000000000000000001
:020000040003F7
:1000000000000000000000000000000000000000F0
:1000100000000000000000000000000000000000E0
:1000200000000000000000000000000000000000D0
:1000300000000000000000000000000000000000C0
:1000400000000000000000000000000000000000B0
:1000500000000000000000000000000000000000A0
:100060000000000000000000000000000000000090
:100070000000000000000000000000000000000080
:100080000000000000000000000000000000000070
:100090000000000000000000000000000000000060
:1000A0000000000000000000000000000000000050
:1000B0000000000000000000000000000000000040
:1000C0000000000000000000000000000000000030
:1000D0000000000000000000000000000000000020
:1000E0000000000000000000000000000000000010
:1000F0000000000000000000000000000000000000
:1001000000000000000000000000000000000000EF
:1001100000000000000000000000000000000000DF
:1001200000000000000000000000000000000000CF
:1001300000000000000000000000000000000000BF
:1001400000000000000000000000000000000000AF
:10015000000000000000000000000000000000009F
:10016000000000000000000000000000000000008F
:10017000000000000000000000000000000000007F
:10018000000000000000000000000000000000006F
:10019000000000000000000000000000000000005F
:1001A000000000000000000000000000000000004F
:1001B000000000000000000000000000000000003F
:1001C000000000000000000000000000000000002F
:1001D000000000000000000000000000000000001F
:1001E000000000000000000000000000000000000F
:1001F00000000000000000000000000000000000FF
:1002000000000000000000000000000000000000EE
:1002100000000000000000000000000000000000DE
:1002200000000000000000000000000000000000CE
:1002300000000000000000000000000000000000BE
:1002400000000000000000000000000000000000AE
:10025000000000000000000000000000000000009E
:10026000000000000000000000000000000000008E
:10027000000000000000000000000000000000007E
:10028000000000000000000000000000000000006E
:10029000000000000000000000000000000000005E
:1002A000000000000000000000000000000000004E
:1002B000000000000000000000000000000000003E
:1002C000000000000000000000000000000000002E
:1002D000000000000000000000000000000000001E
:1002E000000000000000000000000000000000000E
:1002F00000000000000000000000000000000000FE
:1003000000000000000000000000000000000000ED
:1003100000000000000000000000000000000000DD
:1003200000000000000000000000000000000000CD
:1003300000000000000000000000000000000000BD
:1003400000000000000000000000000000000000AD
:10035000000000000000000000000000000000009D
:10036000000000000000000000000000000000008D
:10037000000000000000000000000000000000007D
:10038000000000000000000000000000000000006D
:10039000000000000000000000000000000000005D
:1003A000000000000000000000000000000000004D
:1003B000000000000000000000000000000000003D
:1003C000000000000000000000000000000000002D
:1003D000000000000000000000000000000000001D
:1003E000000000000000000000000000000000000D
:1003F00000000000000000000000000000000000FD
:10040000000000000000FFFFFFFFFFFFFFFFFFFFF6
:10041000FFFFFFFFFFFFFFFFFFFFFFFFFFFFFFFFEC
:10042000FFFFFFFFFFFFFFFFFFFFFFFFFFFFFFFFDC
:10043000FFFFFFFFFFFFFFFFFFFFFFFFFFFFFFFFCC
:10044000FFFFFFFFFFFFFFFFFFFFFFFFFFFFFFFFBC
:10045000FFFFFFFFFFFFFFFFFFFFFFFFFFFFFFFFAC
:10046000FFFFFFFFFFFFFFFFFFFFFFFFFFFFFFFF9C
:10047000FFFFFFFFFFFFFFFFFFFFFFFFFFFFFFFF8C
:10048000FFFFFFFFFFFFFFFFFFFFFFFFFFFFFFFF7C
:10049000FFFFFFFFFFFFFFFFFFFFFFFFFFFFFFFF6C
:1004A000FFFFFFFFFFFFFFFFFFFFFFFFFFFFFFFF5C
:1004B000FFFFFFFFFFFFFFFFFFFFFFFFFFFFFFFF4C
:1004C000FFFFFFFFFFFFFFFFFFFFFFFFFFFFFFFF3C
:1004D000FFFFFFFFFFFFFFFFFFFFFFFFFFFFFFFF2C
:1004E000FFFFFFFFFFFFFFFFFFFFFFFFFFFFFFFF1C
:1004F000FFFFFFFFFFFFFFFFFFFFFFFFFFFFFFFF0C
:10050000FFFFFFFFFFFFFFFFFFFF000000000000F5
:1005100000000000000000000000000000000000DB
:1005200000000000000000000000000000000000CB
:1005300000000000000000000000000000000000BB
:1005400000000000000000000000000008000000A3
:10055000000000000000000000000000000000009B
:10056000000000000000000000000000000000008B
:10057000000000000000000000000000000000007B
:10058000000000000000000000000000000000006B
:10059000000000000000000000000000000000005B
:1005A000000000000000000000000000000000004B
:1005B000000000000000000000000000000000003B
:1005C00000000000000000000000000000000040EB
:1005D00000000041000000000000000000000000DA
:1005E000000000000000000000000000000000000B
:1005F00000000000000000000000000000000000FB
:1006000000000000000000000000000000000000EA
:1006100000000000000000000000000000000000DA
:1006200000000000000000000000000000000000CA
:1006300000000000000000000000000000000000BA
:1006400000000000000000000000000000000000AA
:10065000000000000000000000000000000000009A
:10066000000000000000000000000000000000008A
:10067000000000000000000000000000000000007A
:10068000000000000000000000000000000000006A
:10069000000000000000000000000000000000005A
:1006A000000000000000000000000000000000004A
:1006B000000000000000000000000000000000003A
:1006C000000000000000000000000000000000002A
:1006D000000000000000000000000000000000001A
:1006E000000000000000000000000000000000000A
:1006F00000000000000000000000000000000000FA
:1007000000000000000000000000000000000000E9
:1007100000000000000000000000000000000000D9
:1007200000000000000000000000000000000000C9
:1007300000000000000000000000000000000000B9
:1007400000000000000000000000000000000000A9
:100750000000000000000000000000000000000099
:100760000000000000000000000000000000000089
:100770000000000000000000000000000000000079
:100780000000000000000000000000000000000069
:100790000000000000000000000000000000000059
:1007A0000000000000000000000000000000000049
:1007B0000000000000000000000000000000000039
:1007C0000000000000000000000000000000000029
:1007D0000000000000000000000000000000000019
:1007E0000000000000000000000000000000000009
:1007F00000000000000000000000000000000000F9
:1008000000000000000000000000000000000000E8
:1008100000000000000000000000000000000000D8
:1008200000000000000000000000000000000000C8
:1008300000000000000000000000000000000000B8
:1008400000000000000000000000000000000000A8
:100850000000000000000000000000000000000098
:100860000000000000000000000000000000000088
:100870000000000000000000000000000000000078
:100880000000000000000000000000000000000068
:100890000000000000000000000000000000000058
:1008A0000000000000000000000000000000000048
:1008B0000000000000000000000000000000000038
:1008C0000000000000000000000000000000000028
:1008D0000000000000000000000000000000000018
:1008E0000000000000000000000000000000000008
:1008F00000000000000000000000000000000000F8
:1009000000000000000000000000000000000000E7
:1009100000000000000000000000000000000000D7
:1009200000000000000000000000000000000000C7
:1009300000000000000000000000000000000000B7
:1009400000000000000000000000000000000000A7
:100950000000000000000000000000000000000097
:100960000000000000000000000000000000000087
:100970000000000000000000000000000000000077
:100980000000000000000000000000000000000067
:100990000000000000000000000000000000000057
:1009A0000000000000000000000000000000000047
:1009B0000000000000000000000000000000000037
:1009C0000000000000000000000000000000000027
:1009D0000000000000000000000000000000000017
:1009E0000000000000000000000000000000000007
:1009F00000000000000000000000000000000000F7
:100A000000000000000000000000000000000000E6
:100A100000000000000000000000000000000000D6
:100A200000000000000000000000000000000000C6
:100A300000000000000000000000000000000000B6
:100A400000000000000000000000000000000000A6
:100A50000000000000000000000000000000000096
:100A60000000000000000000000000000000000086
:100A70000000000000000000000000000000000076
:100A80000000001000000000000000000000000056
:100A90000000000000000000000000000000000056
:100AA0000000000000000000000000000000000046
:100AB0000000000000000000000000000000000036
:100AC0000000000000000000000000000000000026
:100AD0000000000000000000000000000000000016
:100AE0000000000000000000000000000000000006
:100AF00000000000000000000000000000000000F6
:100B000000000000000000000000000000000000E5
:100B100000000000000000000000000000000000D5
:100B200000000000000000000000000000000000C5
:100B300000000000000000000000000000000000B5
:100B400000000000000000000000000000000000A5
:100B50000000000000000000000000000000000095
:100B60000000000000000400000000000000000081
:100B70000000000000000000000000000000000075
:100B80000000000000000000000000000000000065
:100B90000000000000000000000000000000000055
:100BA0000000000000000000000000000000000045
:100BB0000000000000000000000000000000000035
:100BC0000000000000000000000000000000000025
:100BD0000000000000000000000000000000000015
:100BE0000000000000000000000000000000000005
:100BF00000000000000000000000000000000000F5
:100C000000000000000000000000000000000000E4
:100C100000000000000000000000000000000000D4
:100C200000000000000000000000000000000000C4
:100C300000000000000000000000000000000000B4
:100C400000000000000000000000000000000000A4
:100C50000000000000000000000000000000000094
:100C60000000000000000000000000000000000084
:100C70000000000000000000000000000000000074
:100C80000000000000000000000000000000000064
:100C90000000000000000000000000000000000054
:100CA0000000000000000000000000000000000044
:100CB0000000000000000000000000000000000034
:100CC0000000000000000000000000000000000024
:100CD0000000000000000000000000000000000014
:100CE0000000000000000000000000000000000004
:100CF0000000820000000000000000000000A000D2
:100D000000000000000000000000000000000000E3
:100D100000000000000000000000000000000000D3
:100D200000000000000000000000000000000000C3
:100D300000000000000000000000000000000000B3
:100D400000000000000000000000000000000000A3
:100D50000000000000000000000000000000000093
:100D60000000000000000000000000000000000083
:100D70000000000000000000000000000000000073
:100D80000000000000000000000000000000000063
:100D90000000000000000000000000000000000053
:100DA0000000000000000000000000000000000043
:100DB0000000000000000000000000000000000033
:100DC0000000000000000000000000000000000023
:100DD0000000000000000000000000000000000013
:100DE0000000000000000000000000000000000003
:100DF00000000000000000000000000000000000F3
:100E000000000000000000000000000000000000E2
:100E100000000000000000000000000000000000D2
:100E200000000000000000000000000000000000C2
:100E300000000000000000000000000000000000B2
:100E400000000000000000000000000000000000A2
:100E50000000000000000000000000000000000092
:100E60000000000000000000000000000000000082
:100E70000000000000000000000000000000000072
:100E80000000000000000000000000000000000062
:100E90000000000000000000000000000000000052
:100EA0000000000000000000000000000000000042
:100EB0000000000000000000000000000000000032
:100EC0000000000000000000000000000000000022
:100ED0000000000000000000000000000000000012
:100EE0000000000000000000000000000000000002
:100EF00000000000000000000000000000000000F2
:100F000000000000000000000000000000000000E1
:100F100000000000000000000000000000000000D1
:100F200000000000000000000000000000000000C1
:100F300000000000000000000000000000000000B1
:100F400000000000000000000000000000000000A1
:100F50000000000000000000000000000000000091
:100F60000000000000000000000000000000000081
:100F70000000000000000000000000000000000071
:100F80000000000000000000000000000000000061
:100F90000000000000000000000000000000000051
:100FA0000000000000000000000000000000000041
:100FB0000000000000000000000000000000000031
:100FC0000000000000000000000000000000000021
:100FD0000000000000000000000000000000000011
:100FE0000000000000000000000000000000000001
:100FF00000000000000000000000000000000000F1
:1010000000000000000000000000000000000000E0
:1010100000000000000000000000000000000000D0
:1010200000000000000000000000000000000000C0
:1010300000000000000000000000000000000000B0
:1010400000000000000000000000000000000000A0
:101050000000000000000000000000000000000090
:101060000000000000000000000000000000000080
:101070000000000000000000000000000000000070
:101080000000000000000000000000000000000060
:101090000000000000000000000000000000000050
:1010A0000000000000000000000000000000000040
:1010B0000000000000000000000000000000000030
:1010C0000000000000000000000000000000000020
:1010D0000000000000000000000000000000000010
:1010E0000000000000000000000000000000000000
:1010F00000000000000000000000000000000000F0
:1011000000000000000000000000000000000000DF
:1011100000000000000000000000000000000000CF
:1011200000000000000000000000000000000000BF
:1011300000000000000000000000000000000000AF
:10114000000000000000000000000000000000009F
:10115000000000000000000000000000000000008F
:10116000000000000000000000000000000000007F
:10117000000000000000000000000000000000006F
:10118000000000000000000000000000000000005F
:10119000000000000000000000000000000000004F
:1011A000000000000000000000000000000000003F
:1011B000000000000000000000000000000000002F
:1011C000000000000000000000000000000000001F
:1011D000000000000000000000000000000000000F
:1011E00000000000000000000000000000000000FF
:1011F00000000000000000000000000000000000EF
:1012000000000000000000000000000000000000DE
:1012100000000000000000000000000000000000CE
:1012200000000000000000000000000000000000BE
:1012300000000000000000000000000000000000AE
:10124000000000000000000000000000000000009E
:10125000000000000000000000000000000000008E
:10126000000000000000000000000000000000007E
:10127000000000000000000000000000000000006E
:10128000000000000000000000000000000000005E
:10129000000000000000000000000000000000004E
:1012A000000000000000000000000000000000003E
:1012B000000000000000000000000000000000002E
:1012C000000000000000000000000000000000001E
:1012D000000000000000000000000000000000000E
:1012E00000000000000000000000000000000000FE
:1012F00000000000000000000000000000000000EE
:1013000000000000000000000000000000000000DD
:1013100000000000000000000000000000000000CD
:1013200000000000000000000000000000000000BD
:1013300000000000000000000000000000000000AD
:10134000000000000000000000000000000000009D
:10135000000000000000000000000000000000008D
:10136000000000000000000000000000000000007D
:10137000000000000000000000000000000000006D
:10138000000000000000000000000000000000005D
:10139000000000000000000000000000000000004D
:1013A000000000000000000000000000000000003D
:1013B000000000000000000000000000000000002D
:1013C000000000000000000000000000000000001D
:1013D000000000000000000000000000000000000D
:1013E00000000000000000000000000000000000FD
:1013F00000000000000000000000000000000000ED
:1014000000000000000000000000000000000000DC
:1014100000000000000000000000000000000000CC
:1014200000000000000000000000000000000000BC
:1014300000000000000000000000000000000000AC
:10144000000000000000000000000000000000009C
:10145000000000000000000000000000000000008C
:10146000000000000000000000000000000000007C
:10147000000000000000000000000000000000006C
:10148000000000000000000000000000000000005C
:10149000000000000000000000000000000000004C
:1014A000000000000000000000000000000000003C
:1014B000000000000000000000000000000000002C
:1014C000000000000000000000000000000000001C
:1014D000000000000000000000000000000000000C
:1014E00000000000000000000000000000000000FC
:1014F00000000000000000000000000000000000EC
:1015000000000000000000000000000000000000DB
:1015100000000000000000000000000000000000CB
:1015200000000000000000000000000000000000BB
:1015300000000000000000000000000000000000AB
:10154000000000000000000000000000000000009B
:10155000000000000000000000000000000000008B
:10156000000000000000000000000000000000007B
:10157000000000000000000000000000000000006B
:10158000000000000000000000000000000000005B
:10159000000000000000000000000000000000004B
:1015A000000000000000000000000000000000003B
:1015B000000000000000000000000000000000002B
:1015C000000000000000000000000000000000001B
:1015D000000000000000000000000000000000000B
:1015E00000000000000000000000000000000000FB
:1015F00000000000000000000000000000000000EB
:1016000000000000000000000000000000000000DA
:1016100000000000000000000000000000000000CA
:1016200000000000000000000000000000000000BA
:1016300000000000000000000000000000000000AA
:10164000000000000000000000000000000000009A
:101650000000000008000000000000000000000082
:101660000000000011000000000000000000000069
:101670002000000004000000000000000000000046
:101680000000000004000000000000000000000056
:101690000000000000000400000000000000040042
:1016A000000000000000000000000000000000003A
:1016B000000000000000000000000000000000002A
:1016C000000000000000000000000000000000001A
:1016D0000000000000000100000000000000000009
:1016E00000000000000000000000000000000000FA
:1016F00000000100000000000000000000000000E9
:1017000000000000000000000000000000000000D9
:1017100000C0000000000000000000000000000009
:1017200001000000000000000000000000000000B8
:1017300000000000000000000000000000000000A9
:101740000000000000000000000000000000000099
:101750000000000000000000000000000000000089
:101760000200000000000000000000000000000077
:101770000000000000000000000000000000000069
:101780000000000000000000000000000000000059
:101790000000000000000000000000000000000049
:1017A0000000000000000000000000000000000039
:1017B0000000000004000000000000000000000025
:1017C0000000000000000000000104000404040404
:1017D00004040410000000000000000000000000ED
:1017E00000000100000000000000000000000000F8
:1017F00000000000000000000000000000000000E9
:1018000000000000000000000000000000000000D8
:1018100000000000000000000000000000000000C8
:1018200000000000000000000000001000000000A8
:1018300000000000000001000000000000000000A7
:1018400000000000040000000000002001000180F2
:101850000180018001000000000000000000000085
:101860000000000000000000000000000000000078
:101870000000000000000000000000000000000068
:1018800000000000000000040004008400000000CC
:1018900000000000000000000000000000A00000A8
:1018A00000010000800000000000000000000000B7
:1018B0000000000000000000000000000000000028
:1018C00000C0000200000000000000400000000016
:1018D0000000000000000000000000000000000008
:1018E00000000000000000000000000000000000F8
:1018F00000000000000000000000000000000000E8
:1019000000000000000000000080008000000000D7
:1019100000000000000000000000000000000000C7
:101920000000000400004000000000000000000073
:1019300000000000000000000000000000000000A7
:101940000000000000000000000000000000000097
:101950000000000000000000000000000000000087
:101960000200000000000000000000000000000075
:101970000000000000000000000000000000000067
:1019800000000001000120012001200020000000D3
:1019900000000000000041004100000000000000C5
:1019A0000000000020000000000000008001000096
:1019B0000000000000000000000005000010000012
:1019C0000000100000000000000000008000000087
:1019D0008000800000000000000000010000000006
:1019E00000000100000000000000000000000000F6
:1019F00000000000000000000000000000000000E7
:101A000000000000000400040104010401000100C2
:101A100000100000000000000000000000000000B6
:101A2000000000000000010000000000000008208D
:101A300000000000000000000000000000000000A6
:101A40000000000000000000004100000000400015
:101A5000000004002000000000000000000400005E
:101A60000000000000000000000000000000000076
:101A70000000000000000000000000000000000066
:101A80000000000000000000000000040000000052
:101A90000000000000000000000000000000000046
:101AA0004100100000000000400000001002200073
:101AB00000200000000000000000000010000000F6
:101AC00000100000000000000004004000000000C2
:101AD000008800000004001000000000000000105A
:101AE00000000000000000000000000000000000F6
:101AF00000000000000000000000000000000000E6
:101B00000000000000000000000000000080000055
:101B100000000000000000000000000000000000C5
:101B20000000000000000000000001000000018033
:101B300001000000000000000000000000000100A3
:101B40000000000000000000000000000000000095
:101B50000000000000000080000000000000000005
:101B60000000000000000000000000000000000075
:101B70000000000000000000000000000000000065
:101B800000000000800080008000000000000000D5
:101B900000000000000000840001000000000000C0
:101BA00000000000000041000000000040000000B4
:101BB000020800000010004000201020000000007B
:101BC00020000000000000000000000000000000F5
:101BD00000004100000000000000000000000000C4
:101BE00000000000000000000000000000000000F5
:101BF00000000000000000000000000000000000E5
:101C0000000000000005200520002000000000006A
:101C100000000000000000000000000400000000C0
:101C200000000000000000000000A0000000010013
:101C30000000018000000080008000800080000023
:101C40000000010000000000000000410000000052
:101C50000000000000000000000000000000000084
:101C60000000000000100000000000000000000064
:101C70000000000000000000000000000000000064
:101C80000000000000000000000900400000080300
:101C900000090010000000030009004000000000DF
:101CA0000000000000000000000000000000000034
:101CB00040100041050540100080858000800080B4
:101CC0004000000000000400000000000000008050
:101CD0000000000000000000000089000200001168
:101CE00000000000000000000000000000000000F4
:101CF00000000000000000000000000000000000E4
:101D000000000000000000000000000100000000D2
:101D100001010001000100000001000100000000BD
:101D200000000000000000000000000000000000B3
:101D30000000890184010101010100888484008878
:101D400000100000000000000000000000C088102B
:101D50000008000000000000000088008900010069
:101D6000000000000000080000000000000000006B
:101D70000000000000000000000000000000000063
:101D80000000000000000000000000000000010052
:101D9000010100000100010001010000000000003D
:101DA0000100000000000000000000000000000032
:101DB000000000001100018491898301A0018400CA
:101DC000880082C000000000000000000000000049
:101DD00000000000000000000000000090008201F0
:101DE00088900001008200000088000100000000CF
:101DF00000000000000000000000000000000000E3
:101E000000000000000000000000000000000000D2
:101E10002100030900004100100003091100000027
:101E2000000003400000000000000000000000006F
:101E30000000000000009000100005059009000956
:101E40008000800080800000000000000000000092
:101E50000000000000000000000000000000800002
:101E60000004808000200080004000000008000086
:101E70000000000000000000000000000000000062
:101E80000000000000000000000000000000000052
:101E900000020940000300000000081000030000D9
:101EA00000020940000300000000000000000000E4
:101EB0000000000000000000028400A01082918257
:101EC0000000800000008080001100080008001160
:101ED0000000000000000000000000000000000002
:101EE00080801111118000800000100002000000AD
:101EF00000000000000000000000000000000000E2
:101F000000000000000000000000000000000000D1
:101F100000000001010000010000000000010001BC
:101F200000000001010000010000000000000000AE
:101F300000000000000000000000018800C10184D2
:101F400010C000C0C000C000888800000001000070
:101F5000000000004000A0000000000000000000A1
:101F60000000828801010010408888000100010003
:101F700088000000000000000000000000000000D9
:101F80000000000000000000000000000000000051
:101F900000000000000000000000018801000100B6
:101FA00000000188010000000000000000000000A7
:101FB000000000000000000000000000019101830B
:101FC00000010190C011C000A00002880000004084
:101FD0000000000000000000000000000000000001
:101FE00000000000008900C000000190009000087F
:101FF00000000000000000000000000000000000E1
:1020000000000000000000000000000000000000D0
:1020100000000000000000000040000003800400F9
:102020001000000003800400404000000000000099
:10203000000000000000000000000000000003900D
:102040001083050211000011000000000080000054
:102050000000000000000000000000000000000080
:102060000000000000000004008000021180000059
:102070000000000000000000000000000000000060
:102080000000000000000000000000000000000050
:1020900000000000000000410000D00000000084AB
:1020A0000000D000000000410000D000000000004F
:1020B0000000000000000000000000000000000020
:1020C0004188000BD00011008100000B00000000CF
:1020D00000000000D00000000000000B0000000025
:1020E00000000000000000008181000BD0004100D2
:1020F0000000000BD00042000000000000000000C3
:1021000000000000000000000000000000000000CF
:102110000000000000000000000000000F000000B0
:102120000F000000660000000F0000000F0000001C
:10213000000000000000000000000000000000009F
:10214000000022005A00D9DBDBDB000000000000A9
:1021500000000000000024242424000000000000EF
:102160000000000000000000000000003C3C0000F7
:102170000F0F000000000000000000000000000041
:10218000000000000000000000000000000000004F
:1021900000000000000000000000000000000F0030
:1021A00000000F000000660000000F0000000F009C
:1021B000000000000000000000000000000000001F
:1021C0000000000006003C00DBDBDBDB0000000061
:1021D00000000000000000002C2424240000000067
:1021E00000000000000000000000000000003C3C77
:1021F00000000F0F000000000000000000000000C1
:1022000000000000000000000000000000000000CE
:1022100000000000000000000000000000000000BE
:1022200000000000000000000000000000000000AE
:10223000000000000000000000000000000000009E
:10224000000000000000000000000000000000008E
:10225000000000000000000000000000000000007E
:10226000000000000000000000000000000000006E
:10227000000000000000000000000000000000005E
:10228000000000000000000000000000000000004E
:10229000000000000000000000000000000000F04E
:1022A00000F0000000FF000000F0000000F000005F
:1022B00000F000003C3C00000000000000000000B6
:1022C000000000000000000000000020006000503E
:1022D00000000000000000000000000000000000FE
:1022E00000000000000000000000000000000000EE
:1022F0003C3C0000FFFF0000000000000000000068
:1023000000000000000000000000000000000000CD
:1023100000000000000000000000000000000000BD
:1023200000F000F000000000000000F0000000F0ED
:10233000000000F0000000000000000000000000AD
:10234000000000000000000000000000000000602D
:10235000006000000000000000000000000000001D
:10236000000000000000000000000000000000006D
:1023700000003C3C000000000000000000000000E5
:1023800000000000009000000000000000100000AD
:10239000000000000000000000000000000000003D
:1023A00000000000C00430004903C041C0043000F8
:1023B0004903C041C0043000430300000000000096
:1023C0000000000000000000000000000886026419
:1023D000019800000006004001800000000000108D
:1023E00000000000008600C000B0000000000000F7
:1023F00000000000A8865474A1820015A08650F049
:10240000A0B0000500000000000000000000000077
:1024100000000000000000000000000000000000BC
:1024200000000000000000000000000000000000AC
:10243000000000000000000000000000000000009C
:10244000000000000000000000000000000000008C
:10245000000000041414C3DFFFFFFFFFC3C300002C
:10246000000000000000000000000000000000006C
:10247000000000000000000000000014FFFF00004A
:10248000000000000000000000000000000000004C
:10249000000000000000000000000000000000003C
:1024A000000000000000000000000000000000002C
:1024B000000000000000000000000000000000001C
:1024C000000000000000000000000000000000000C
:1024D0000000000000000000FFFFFFFF0000000000
:1024E00000000000000000000000000000000000EC
:1024F00000000000000000000000000000007DFF60
:102500000000000000000000400000000000000289
:1025100000000000000000020000000000000000B9
:1025200000000000000000000000000000000000AB
:10253000000000000000000000000000000000009B
:10254000000000000000000000000000000000008B
:10255000000000000000003C55FFDF0020000808DC
:1025600004080000000000000000FFCBFFCB0000CB
:10257000000000000000000000000000000004FF58
:1025800004FF000000000000000000000000000048
:10259000000000000000000000000000000000003B
:1025A000000000000000000000000000000000002B
:1025B000000000000000000000000000000000001B
:1025C000000000000000000000000000000000000B
:1025D0000000000000000000003C00FF00000000C0
:1025E0000404000C0000000000000000340034006F
:1025F00000000000000000000000000000000000DB
:10260000007F007F000000000000000000000000CC
:1026100000000000000000000000000000000000BA
:1026200000000000000000000000000002000000A8
:10263000000000000000000000000000000000009A
:10264000000000000000000000000000000000008A
:10265000000000000000000000000000000000007A
:102660000000000005000000000000000000000065
:10267000000000000000000000000000000000005A
:102680000000000000000000000011000000000039
:10269000000000000000000000000000000000003A
:1026A0000000000000000000000000000000010029
:1026B000000000000000000000000000000000001A
:1026C000000000000000000000000000000000C04A
:1026D00000000000000000000000000000000000FA
:1026E00000000000000000000000000000000000EA
:1026F00000000000000000000000000000000000DA
:1027000000000000000000000000000000000000C9
:1027100000000000000000000000000000000000B9
:1027200000000000000000000000000000000000A9
:102730000000000000000000000000000000000099
:102740000000000000000000000000000000000089
:102750000000000000000000000000000000000079
:102760000000000000000000080008000000000059
:1027700000000810000408040804000000A0000085
:102780000001000000A00000000000018000110016
:102790000000000000000000000000000000000039
:1027A0000000000000000000000000000000000029
:1027B0000000000000000000000000000000000019
:1027C0000000000000000000000000000000000009
:1027D00000000000000000000000000000000000F9
:1027E00000000000000000000000000000000000E9
:1027F0000000000001000080018001800000000056
:1028000000000004000000000000001000100400A0
:1028100000000000000000000000000000000000B8
:1028200000000000000000000000000000000000A8
:102830000000000000000000000000000000000098
:1028400000000000000000000040000000000090B8
:1028500080000000000000000000000000000000F8
:102860000000008800000000008800000000000058
:102870000000000200000004000000000000000052
:1028800000000000000000200021001000000010E7
:102890000021000000000000000000000000000017
:1028A0000000000000000000000000000000000028
:1028B0000000000000000000000000000000000018
:1028C00000000000000000000000004000000000C8
:1028D00000000400000000001000000000000000E4
:1028E00000000000000000000000000000000200E6
:1028F0000000000000000000008000000010000048
:102900000000000000000000008000900080000037
:10291000008000A0C00000000000000000000000D7
:1029200000000000000000000000000000000000A7
:102930000000000000000000000000000000800017
:1029400000010011000080000000000400040004E9
:1029500000008000000000010000000480008000F2
:102960008000000480008000801000040004000447
:102970000004001100A000A10001000000100000F0
:102980000000008400840800000000000000000037
:10299000000000118404004000100000000000004E
:1029A0000000000000000000000000000000000027
:1029B0000000000000000000000000000000000017
:1029C0002000001000820000200000000080008035
:1029D00000800000040000000020000000802000B3
:1029E00020002000008020002000200000800080C7
:1029F000008000800004000000040004000000804B
:102A000000100000000000000010000000000005A1
:102A10000000000300A0058000000000000000008E
:102A200000000000000004000000000000000000A2
:102A30000000000000000000000000000000040092
:102A4000000000000000000000000008000000007E
:102A5000000009020000000000000000000000006B
:102A60000000000000000000202002000000000024
:102A700020000000000000002000000000000020F6
:102A800000200084000000C0000200A000A0800020
:102A900000000220101000000000020000000000F2
:102AA0000000000000000000000000000000000026
:102AB0000000000000000000000000000000000016
:102AC000010000050000002100000000008000005F
:102AD00000000040000000000000000000000000B6
:102AE00000210000000000000003000000000000C2
:102AF0000021010000000000001001200000000083
:102B000000000000080000000000000000000000BD
:102B100008210000000000A10000000000000000EB
:102B200000000000000000000000000000000000A5
:102B30000000000000000000000000000000000095
:102B400008000400840000000010008400008000E1
:102B5000808800000000000000040004000400045D
:102B60000000000000900000000000820000000053
:102B70000000000003000000000000400001000011
:102B80000000000100200020800000000000001074
:102B90000000000000840020002088400000C18464
:102BA00000400000000000000000000000000000E5
:102BB0000000000000000000000000000000000015
:102BC00000000100010005000000008000008400FA
:102BD0000400200000000000000000800080008051
:102BE0000080000000000000000000000000000065
:102BF00000000000000500000000000000100004BC
:102C000000000000002000800080040000000000A0
:102C100000000000000000000080008005000000AF
:102C200002000000000000000000000000000000A2
:102C30000000000000000000000000000000000094
:102C40000000000091110989418909090000000074
:102C5000090000000000000000000000000000006B
:102C60000000000000000003000900040408000345
:102C700009040010044100030040000000000003AC
:102C8000002000080000000000000000000000001C
:102C900000000000000000000000000000000085AF
:102CA000094010410010000000000000000000007A
:102CB0000000000000000000000000000000000014
:102CC0000000000000009121850501050101A00020
:102CD00000000100000000000000000000000000F3
:102CE00000004000000000000001000100000001A1
:102CF00000010100000000010001000100000000CF
:102D000000010001000100000000000008000000B8
:102D1000000000000000000000000000900800001B
:102D200020898589009100900000000000000000CB
:102D3000000000000000000800000000000000008B
:102D400000000000000000009000C0008900832106
:102D500008008500890083000000000100000001D8
:102D60000000000100C000000000000000000100A1
:102D700001010000000001000101000001C001008C
:102D80000101000001000000010100880000002096
:102D9000000000000000000000000088000000109B
:102DA000000088018220A01082C100000000000005
:102DB0000000090009000000000000000000000001
:102DC00000000000000000000000000580008900F5
:102DD000890511000800A000830900000010000010
:102DE00000100000001000000009000000000900B1
:102DF0002100030900000000210003090000400039
:102E00002100030900004100101003090000002107
:102E10000000001100000000000000090000000098
:102E20000080000080050000801080850000000008
:102E30000000000000000000000000000000000092
:102E400000000000000000000000000002110089E6
:102E5000098940030000008000808080000000009D
:102E6000100000008000100003008000000000003F
:102E700000020908000300020010090000031140CD
:102E800000110009400300020010090840038000FF
:102E900008000800800000000000000000000000A2
:102EA0000400000080004080000080000900000055
:102EB0000000000000000000000000000000000012
:102EC000000000000000000000000000000001827F
:102ED00020890111010100A000C00010888290002B
:102EE00000000100000010000100010008000000C7
:102EF00000000001010100010001000001000001CB
:102F000000010000000101010001000001010101B8
:102F1000088801008300020000000000000000009B
:102F20000008000000001000009008C010020040DF
:102F30000000000000000000000000000000C000D1
:102F40000000000000000000000000000000000081
:102F500084890285020020000089000100000088A9
:102F600000040084000000000000000800000000D1
:102F700000400088014001010000018800080100B4
:102F8000010001880108000000000188010800001C
:102F90000000004040820000008800000090000017
:102FA00000000000000000000808C10289000100C4
:102FB000059000000000000000000000000000007C
:102FC0000000000000000000000000000000000001
:102FD0000000801180098000000000110020002006
:102FE0000080000000000000000000000000000061
:102FF0000000000004800400080800000380109016
:103000000240400003800480001108000380048017
:10301000001110000000008000000000000000000F
:103020000000000000000000000000801180C000CF
:103030000500080000000000000000000000000B78
:10304000D0000BD0000000000000000000000000D5
:10305000000000001242000BD00000008181000B34
:10306000D000000000410000D00000008241000BB1
:10307000D0000060000000000000D0000000000050
:103080000000D000000000000000D00000000000A0
:103090000000D00000000000000BD0004200000043
:1030A0000000D00000000000000B00000000818143
:1030B000000BD00000000000000000000000000035
:1030C0000000000000000000000000000000000000
:1030D0000000000000000000000018180438000084
:1030E00000000000000000000000000000000000E0
:1030F0000000000000000000FFF00F00FFFF00F0E4
:10310000FFFFC3F0FFFF0303FFFFFF00FFFFFCC053
:10311000FFFFD782FFFFF303000000000000000064
:10312000000000000000000000000000000000009F
:103130001E1EBEBE000000000000000000000000D7
:1031400000080000288028000000000000000000A7
:103150000000000000000000000000001414003C0B
:10316000000000000000000000000000000000005F
:1031700000000000000000000000FFF00F00FFFF53
:10318000FFF0FFFFC3F0FFFFF3F3FFFFC3C3FFFF39
:10319000FCC0FFFFD782FFFFF30300000000000028
:1031A000000000000000000000000000000000001F
:1031B00000000A0ABEAA0000000000000000000093
:1031C000000010400010080002080000000000008D
:1031D00000000000000000000000D020F0005500BA
:1031E000AA0000000000FF3C0000000000000000FA
:1031F000000000000000000000000000033FFFFF8F
:1032000000FFFFFFC0CFFFFF00AAFFFF5500FFFF39
:103210000FFFFF0F55F0AAF0F000F0FF00000000D4
:10322000000000000000000000000000000000009E
:1032300000000000FA4050400000000000000000C4
:10324000000000000000000000000000000000007E
:10325000000000000000000000000000F000F0008E
:103260005500AA0000000000FF3C0A0C000000000E
:103270000000000000000000000000000000033F0C
:10328000FFFF0F0FFFFFC0CFFFFF55FFFFFF55FFF1
:10329000FFFF00F0F00055F0AAF0F0FFF000000092
:1032A000000000000000000000000000000000001E
:1032B000000000000000FA50505000000000000024
:1032C00000000000000000000000000000000000FE
:1032D00000000000000000000000000000000006E8
:1032E000003401A200000006006C038000A5A000CD
:1032F000501CA0000005A08650F4A1B000050000FD
:10330000C040C01030004903C041C0103000490324
:10331000C041C01030004903C041C010300051030B
:10332000A00050F0A03000050000001000000005D3
:10333000000000E0003000000006000C03B00000B8
:10334000000000000000000000000009590000001B
:10335000000000000000000000000000000000006D
:10336000AAAA2000EAAEEAAE0000000001A15D5D5D
:10337000000000000000000000000000000000004D
:10338000000000000000000000000000000000003D
:10339000000000000000000000000000000000002D
:1033A00000000000FF003C3C0000000000000000A6
:1033B000000000003C3C3C3C0000EB28FF3C3C3C57
:1033C0003C28000000000000000000000020B000C9
:1033D000B10000000000000000000000000000003C
:1033E0000000AAAA0000EBEBEBEB0000000001A13B
:1033F0005D5D000000000000000000000000000013
:1034000000000000000000000000000000000000BC
:1034100000000000000000000000000000000000AC
:10342000000000000000FF003C3C00000000000025
:103430000000000000003C3C3C3C0000EB28C300C6
:103440003C3C3C3800000000000000000000000090
:10345000000000000000000000000000000000006C
:1034600000000000FFFFFFFA3CFF3C0F00000000DF
:10347000AA5528AF00000000000000000000000076
:10348000000000000000000000000000000000003C
:10349000000000000000000000000000000000002C
:1034A0000000000000000000FFFF55550000000074
:1034B0000000000000000000F0F055550000C3C3FC
:1034C000000010FF141400000000000000000002C3
:1034D000C01248034000000000000000000000008F
:1034E000000000000000FFFFFFFA3C003C0F00005E
:1034F0000000285028AF000000000000000000007D
:1035000000000000000000000000000000000000BB
:1035100000000000000000000000000000000000AB
:1035200000000000000000000000000055550000F1
:1035300000000000000000000000F0F05555000001
:10354000D3C3500010FF141400000000000000005E
:10355000000000000000000000000000000000006B
:10356000000000000000000000000000000000005B
:10357000000000000000000000000000000000004B
:10358000000000000000000000000000000000003B
:10359000000000000000000000000000000000002B
:1035A000000000000000000000000000000000001B
:1035B0000000000000000000000002000000000009
:1035C00000000000000203000000000000000000F6
:1035D00000000000000000000000000000000000EB
:1035E00000000000000000000000000000000000DB
:1035F00000000000000000000000000000000000CB
:1036000000000000000000000000000000000000BA
:1036100000000000000000000000000000000000AA
:10362000000000000000000000000000000000009A
:10363000000000000000000000000000000000008A
:10364000000000000000000000000000000000007A
:10365000000000000000000000000000000000006A
:10366000000000000000000000000000000000005A
:103670000000000000000000050000000000000045
:1036800000000000000000000000000000000088B2
:10369000000000100000000000000000000000001A
:1036A000000000000000000000000000000000001A
:1036B000000000000000000000000000000000907A
:1036C0000000000008C000000000008800000000AA
:1036D00000000000000000000000000000000000EA
:1036E00000000000000000000000000000000000DA
:1036F00000000000000000000000000000000000CA
:103700000000000000200000000000000000000099
:1037100000000000000000000000000000000000A9
:103720000000000000000000000000000000000099
:10373000000300000011000000000009000000006C
:103740000000000000000010000000000000001158
:103750000000000000000000000000000000000069
:103760000000000000000000000000000000000059
:103770000000000000000000000000000000000049
:1037800000000000000000000000000000840000B5
:103790000000000000000000000000000000009099
:1037A00000000000400000000000000000000000D9
:1037B0000000000000000900000000000000000000
:1037C0000000000000000000000000000090000069
:1037D00000000000000000000000000000000000E9
:1037E00000000004000000020000000000000000D3
:1037F0000000000000000000000000008800000041
:103800000021000000000000000000004000400512
:1038100040000000000040020000A0000000000086
:103820000000000000000000000000000000000098
:103830000000002000000000000000000000400325
:1038400000000000000000000000000008400040F0
:103850000000001000000000000000000000000058
:103860000000000000000000000000100000000048
:103870000000000000000000000000000000000048
:103880000000000000000000000000000000000038
:103890000000000000000000000000100000000018
:1038A0000000000000C000000088000000100000C0
:1038B00000000000000000000010000000000008F0
:1038C0000008000800820000000000000000000066
:1038D00000000000200400000000000000000000C4
:1038E00000000000000000000000000000000000D8
:1038F00000000000000000000011000000000000B7
:10390000000088000000000000000000000000002F
:1039100000000005000000000000000000000000A2
:103920000000021002000200000000210000A000C0
:10393000000000090009001000200000A011000094
:103940000000000508000008000000000000000062
:103950000000000000000000000000000000000067
:103960000000000000000000000000000000000057
:103970000000000000000000000000000000000047
:1039800000000000000004000000008800000000AB
:103990000000000000000000000000000000000027
:1039A00000000000000000000000000000400002D5
:1039B0000000000000000000000000000000000007
:1039C00000000000000000000000000000000000F7
:1039D00000000000000000000000000000000000E7
:1039E0000000400000000000900000000000000007
:1039F00000000000000000000000000300210000A3
:103A00000021000000004000002100000000001123
:103A1000000300000021A00500000000400000009D
:103A20000000000000008800200000000000A0024C
:103A300000020002000084000000004000000000BE
:103A4000000088100000000004000000004000009A
:103A50000011000000000000080004400000000009
:103A60000000000000000000000000000000000056
:103A70000000000000000000000000000000000046
:103A80000000000000000090000000400000000066
:103A900000000040000000000000000000000000E6
:103AA00000400000000000000000000000000000D6
:103AB000210000000000000000880000000000005D
:103AC00000000000000000000000000000000000F6
:103AD00000000000000000000900000000000000DD
:103AE00000000000000000000000000000000000D6
:103AF00000000000000000000000000000000000C6
:103B00000003000000000000000000410000000071
:103B1000000082008800A00000000000A00000005B
:103B20000010000000000000000000000041000044
:103B30000003004002030203000000000003000035
:103B4000001090000000A000000000000000000035
:103B500000000000000000000000A000080020118C
:103B60000000000000000000000000000000000055
:103B70000000000000000000000000000000000045
:103B80000000000000000000000000000000000035
:103B90000000000000000000000000000000000025
:103BA0000000000000000000000000000000000015
:103BB0000000000000000000000000000000000005
:103BC00000000000000000000000000000000000F5
:103BD00000000000000000000000000000000000E5
:103BE00000000000000000000000000000000000D5
:103BF00000000000000000000000000000000000C5
:103C000000000000000000000000000000000000B4
:103C100000000000000000000000000000000000A4
:103C20000000000000000000000000000000000094
:103C30000000000000000000000000000000000084
:103C40000000000000000000000000000000000074
:103C50000000000000000000000000000000000064
:103C60000000000000000000000000000000000054
:103C70000000000000000000000000000000000044
:103C80000000000000000000000000000000000034
:103C90000000000000000000000000000000000024
:103CA0000000000000000000000000000000000014
:103CB0000000000000000000000000000000000004
:103CC00000000000000000000000000000000000F4
:103CD00000000000000000000000000000000000E4
:103CE00000000000000000000000000000000000D4
:103CF00000000000000000000000000000000000C4
:103D000000000000000000000000000000000000B3
:103D100000000000000000000000000000000000A3
:103D20000000000000000000000000000000000093
:103D30000000000000000000000000000000000083
:103D40000000000000000000000000000000000073
:103D50000000000000000000000000000000000063
:103D60000000000000000000000000000000000053
:103D70000000000000000000000000000000000043
:103D80000000000000000000000000000000000033
:103D90000000000000000000000000000000000023
:103DA0000000000000000000000000000000000013
:103DB0000000000000000000000000000000000003
:103DC00000000000000000000000000000000000F3
:103DD00000000000000000000000000000000000E3
:103DE00000000000000000000000000000000000D3
:103DF00000000000000000000000000000000000C3
:103E000000000000000000000000000000000000B2
:103E100000000000000000000000000000000000A2
:103E20000000000000000000000000000000000092
:103E30000000000000000000000000000000000082
:103E40000000000000000000000000000000000072
:103E50000000000000000000000000000000000062
:103E60000000000000000000000000000000000052
:103E70000000000000000000000000000000000042
:103E80000000000000000000000000000000000032
:103E90000000000000000000000000000000000022
:103EA0000000000000000000000000000000000012
:103EB0000000000000000000000000000000000002
:103EC00000000000000000000000000000000000F2
:103ED00000000000000000000000000000000000E2
:103EE00000000000000000000000000000000000D2
:103EF00000000000000000000000000000000000C2
:103F000000000000000000000000000000000000B1
:103F100000000000000000000000000000000000A1
:103F20000000000000000000000000000000000091
:103F30000000000000000000000000000000000081
:103F40000000000000000000000000000000000071
:103F50000000000000000000000000000000000061
:103F60000000000000000000000000000000000051
:103F70000000000000000000000000000000000041
:103F80000000000000000000000000000000000031
:103F90000000000000000000000000000000000021
:103FA0000000000000000000000000000000000011
:103FB0000000000000000000000000000000000001
:103FC00000000000000000000000000000000000F1
:103FD00000000000000000000000000000000000E1
:103FE00000000000000000000000000000000000D1
:103FF00000000000000000000000000000000000C1
:1040000000000000000000000000000000000000B0
:1040100000000000000000000000000000000000A0
:104020000000000000000000000000000000000090
:104030000000000000000000000000000000000080
:104040000000000000000000000000000000000070
:104050000000000000000000000000000000000060
:104060000000000000000000000000000000000050
:104070000000000000000000000000000000000040
:104080000000000000000000000000000000000030
:104090000000000000000000000000000000000020
:1040A0000000000000000000000000000000000010
:1040B0000000000000000000000000000000000000
:1040C00000000000000000000000000000000000F0
:1040D00000000000000000000000000000000000E0
:1040E00000000000000000000000000000000000D0
:1040F00000000000000000000000000000000000C0
:1041000000000000000000000000000000000000AF
:10411000000000000000000000000000000000009F
:10412000000000000000000000000000000000008F
:10413000000000000000000000000000000000007F
:10414000000000000000000000000000000000006F
:10415000000000000000000000000000000000005F
:10416000000000000000000000000000000000004F
:10417000000000000000000000000000000000003F
:10418000000000000000000000000000000000002F
:10419000000000000000000000000000000000001F
:1041A000000000000000000000000000000000000F
:1041B00000000000000000000000000000000000FF
:1041C00000000000000000000000000000000000EF
:1041D00000000000000000000000000000000000DF
:1041E00000000000000000000000000000000000CF
:1041F00000000000000000000000000000000000BF
:1042000000000000000000000000000000000000AE
:10421000000000000000000000000000000000009E
:10422000000020000000000000000000000000006E
:10423000000000000000000000000000000000007E
:10424000000000100000000004000000000000005A
:10425000A00000000000000090000000000020000E
:104260000000080008000400002008000000000012
:1042700000000000000000A000001000000000008E
:10428000000000000000000000000000000000002E
:10429000000000000000000000000000000000001E
:1042A000000000000100000000000000000000000D
:1042B00000000000000000000000000000C000003E
:1042C00000000000000000000000010000000000ED
:1042D00000002100000000000000050000000000B8
:1042E00001000000000000000100000000000000CC
:1042F00000000000000000000000000001000000BD
:10430000000000000000000000000000000040006D
:104310000000800000000000000000000400000019
:1043200000000000004080000000020000000004C7
:104330000002000000020000080000000000000071
:10434000000000000000001000000000000000005D
:1043500000008002A0000008000000080004020025
:10436000000080088008000000000000004080007D
:104370000000030000000000001010080000800092
:10438000000000000000000000000000000000002D
:1043900001000000400000000000000000000100DB
:1043A000000000000000008020000000010000006C
:1043B000008000800000008000000000000000215C
:1043C000000000000000000000000021004100216A
:1043D000002100000480050000800000002100A1F1
:1043E0000110000020081080001100100010009043
:1043F00020100021000000001000000001830000D8
:104400000441000000000000000000000000000067
:10441000000000000000000000000000000000009C
:104420000000000000000000008400840040001034
:1044300000C080020000800380040040001000C023
:1044400000000000000000000000001000008000DC
:1044500004008004004000400040028200040091FB
:10446000C190800404400420042000210002008444
:1044700000020000000080A010C0048400000008BA
:104480004108401000000000000000000000000093
:10449000000000000000000000000000000000001C
:1044A000000000000000000000000000000000000C
:1044B000000000000880000008A004800000000048
:1044C00000000400000000000000000000000000E8
:1044D0004000010002800000000000000100008098
:1044E00000401000088001000180018000A00080D1
:1044F0000000000000000000040490000000001113
:10450000008000800021000000000000000000008A
:104510000000000000000000000200004000000257
:10452000000200020002000000020002000200007F
:1045300040000000004100008020008200210000B7
:1045400000000000000000000400840000000800DB
:10455000040000000400C01104000340A000800912
:104560004000000120098010850183008001800047
:104570008000030010010000000080000300000024
:1045800000000001040080050000000000000000A1
:10459000000000000000000000000080000001009A
:1045A0000080008000800080000000800089008082
:1045B00000050100000000A000210880000000901C
:1045C0000000C000000000000000004141000000A9
:1045D0000041001000050105210801108288210812
:1045E000108801030004C1880890042004004020C2
:1045F0002000042004001040000000000400080017
:10460000001000200008C00004820000000000002C
:10461000000000000000000000000000000000009A
:104620000000000000000000090004840000008475
:1046300000000000200000C000040000800400040E
:1046400000000000000000000000000000C000109A
:104650000900001000000411041004100040004084
:10466000104040C000C0401009200504110008009F
:1046700041022182008805902100040000002100F1
:10468000202000000000410800000084000000001D
:104690000000000000000000040000000000000016
:1046A000000000000000000000000000000000000A
:1046B0000000000000000010000000000000048066
:1046C0000080000500000000000000000000000065
:1046D00000000000000000000002010000100000C7
:1046E00000000100000000000000008000800000C9
:1046F0000000009100050000000000000100000023
:104700000000018000400000008000100000000058
:104710000000000000000000000000000000800019
:1047200000000000000000010000008400104000B4
:104730000000008800C080040484000080000401A0
:1047400000008000000000C000C000900090000049
:104750000000040000000001100000820021800021
:10476000000041C02004840802840008212100C008
:104770004190410009900000002000204108008481
:10478000000000019001C000009000100000000037
:104790000000000000000000000000000000000019
:1047A00020000000000000000010000300000010C6
:1047B0000100002100000000409000100010401097
:1047C00083100000040000008400000000100010AE
:1047D000000000050105004100040000000000A0E9
:1047E0001021000800050185410505200000008812
:1047F000C0000000C02000210000000082000080F6
:10480000000000000020202005000400821110009C
:10481000840500000000000000000000000000000F
:10482000000000000010000008100080800409084B
:1048300000000000001011000000000080101100B6
:1048400000009003041100414190000000000000AE
:1048500000000000000000008000000010080004BC
:104860000905090408880580C191088410008500A5
:10487000100011801105031000114108200089006B
:10488000918011001104884009100904A10300045B
:104890000202041000000000000000000000000000
:1048A00000000000000000000000000100829020D5
:1048B0009188009000000800000000000000100037
:1048C0004100000088018400080001900000000001
:1048D0000000000000000040000810000000000080
:1048E000A00000010100020385C0C02001020804ED
:1048F000118401C000080001000140000101010411
:10490000C0C0C01000040500080109000100020138
:104910008401000000010000000000000000000011
:104920000000000000000000000000000000400146
:104930000040200082900100000000000000A00064
:1049400040001000100000029020019001000000C3
:104950000000000000000000000101000100014013
:10496000400089C189418500219120880408038481
:1049700082002000C102400400C0010201210000A9
:1049800002000100A100401190010884890011C1BA
:104990000000010000000000000000000000000016
:1049A00000000000000000000000001000000010E7
:1049B0000009000400008890100000100000101092
:1049C00000000010800090100980908021100304E6
:1049D00000000000000000000000000310001000B4
:1049E00003004000080289058321884088088880E8
:1049F00083A1402109218200C02000001000054051
:104A00000800110040000500004000080902A11044
:104A10000389110040000800092100000000000087
:104A20000000000000000000000000000000090974
:104A30000000000000408909008000800000090992
:104A400000000000000009898000020405092141DE
:104A5000A1030000000000000000000000000000B2
:104A600000000000024000080891110809C0919060
:104A700041800289008491912189008302104002C3
:104A800002050040002180C041A0004002040991BD
:104A9000208940832182008502A0C0200000000000
:104AA0000000000000000000000000000400000002
:104AB000000000001000842090000082881000C0D8
:104AC0000008000204000008001010C001000000EF
:104AD00000001001000000000000000000000000C5
:104AE000400000000000018200890110008900845C
:104AF0000241218490409009090808080011010131
:104B000000000000900100C0202100850001010983
:104B10000089010901890021000900A18990000094
:104B20000000000000000000000000000000000085
:104B30000000010000008211208808004088010068
:104B40000000000000000188004001010100019008
:104B500000A0000090000000000000000000000025
:104B60000884882082000800010001100001000272
:104B7000C1002188900020028289A040A00000028C
:104B80000100008801000000C0092084080008021C
:104B900008888811100088880088009000000000B4
:104BA0000000000000000000000000000000000005
:104BB0000000001110101100908300808010000090
:104BC00008000000000000000384000040024000D4
:104BD0000300050441411000000000000000000037
:104BE00000008080800300000000020808201110EF
:104BF00004802005400010110800804000090011C9
:104C00000080100005022011080000828021801120
:104C10000000840984914100898000000005002182
:104C20000000000000000000000000000000000084
:104C3000000000480000040000000000C20B004417
:104C4000810000000000000000000000000BD00008
:104C500000001281000BD0000000000000000000E6
:104C6000000000000000000BD00042001200000B0A
:104C7000D00000000084000BD00000008100000B79
:104C8000D00000000000000BD00000000000000B6E
:104C9000D00000008181000BD00000008100000BDB
:104CA000D000000000000000000000000000000034
:104CB000000000003333333300FF00FF0000FFFF2C
:104CC000F00FF00FFFFF0000FF00FF003C3C0F0F54
:104CD000FF00FF00F6F6FC0C66FF0F3C0000000032
:104CE000000000000000000000000000000046601E
:104CF000FFFF3FFFF9FF00C000FC2424000000007C
:104D0000000000F000003F3C6F666F0F6E0C00006B
:104D100000007F7E0F00C0FCFFFF38042828000041
:104D200000003F3C1F1800000000000000000000D1
:104D300000000000000033333333FF00FF00FFFFAB
:104D40000000F00FF00FFFFF0000FF00FF003C3CF1
:104D50000F0FFF00FF000606FC0C66000F3C000072
:104D60000000000000000000000000000000000043
:104D70004600FFFF3F0FF9FF3CC03CFCF4F4F0F0AD
:104D800000000000000024300F000F0067036600E1
:104D9000000000004F420F004242FFFF3C0024246D
:104DA000000000002F240F000000000000000000A1
:104DB00000000000000000000000000000000000F3
:104DC00000000000000000000000000000000000E3
:104DD00000000000000000000000000000000000D3
:104DE00000000000000000000000000000000000C3
:104DF00000000000000000000000000000000000B3
:104E000000000000000000000000000000000000A2
:104E10000000000000000000000000000000000092
:104E20000000000000000000000000000000000082
:104E3000000000000000000000003CC33CC3999942
:104E40009999F00FF00FFFFF000000FF00FF3C3CBE
:104E5000C3C300FF00FFFFFF00003F3F06F6F0F076
:104E60003C3C0000000000000000000000000000CA
:104E70000FF0006690F0B0B06620FF0036360000FC
:104E800030303C00000000006F7FFF7F000CFFFC13
:104E9000006699FF000000000CFC0CFCFDFDB9FB56
:104EA00090906090000000000000000000000000F2
:104EB0000000000000000000000000003CC33CC3F4
:104EC00066666666F00FF00F0000FFFF00FF00FF50
:104ED0003C3CC3C300FF00FF0000FFFF303006F67C
:104EE000666600FF000000000000000000000000F7
:104EF00000000FF00066FFFFFFFF662099003636C6
:104F00000F0F00003F00000000006F76FF763C3C72
:104F10003C3C0006F9FF000000002CBC2CBCD9D999
:104F2000B9FB909060900004000C46004200000025
:104F30000000000000000000000000000000C600AB
:104F40000116080408400220018000440C4002863B
:104F5000016000B40840128601F000B4004008006F
:104F600004FC0132001000000000000000000000FE
:104F7000008600B000B000A000860C7003A000A561
:104F800000860CEC00B000A0A0865070A3A900859C
:104F9000018600F000B0000000860090009800003C
:104FA00000860CB40182001000860A700390000590
:104FB00000000000000000000000000000000000F1
:104FC0000000000000000000FFF0AA3C0505FFFF04
:104FD0000000000000000000000000000055FF5528
:104FE00000003C3CFFFF000000000000000000004B
:104FF00000005104A20800000000000000000000B2
:10500000000010000000000000000000000055003B
:1050100000000000000000000000F3F0FFFFCBFFE5
:10502000CBFF00000000E3E300000000000000F000
:1050300082F20000000000000000000000000000FC
:105040000000000000000000000000F0AA3C050580
:10505000F0F000000000FF60FF6F000000000F0F85
:105060000F0F00003C3C00000000000000000000AA
:10507000000000005500AA00000000000000000031
:10508000000100000000000000200000A0A000A01F
:1050900015500000000000000000000030F000008B
:1050A00000340034D7280108C200000000000000CE
:1050B00000F000F000000000000000000000000010
:1050C000000000000000000000000000FFF0AA3C0B
:1050D00055FF3CFF00000000000000000000000041
:1050E0000FFF0F3C00003C3C0F0F000000000000D1
:1050F00000000000000055FFFFFF0000000000005E
:10510000000000F355F70000000000000000FF78E9
:10511000AA78383838FF00000000000000003EFF89
:105120003400007DFFFF0000000050A050A00000F0
:10513000000000000000000000000000000000006F
:10514000000000000000000000000000000000F06F
:10515000AA3C55FF3C0000000000000000000000D9
:1051600000000F000F3C00003C3C0F0F000000004F
:10517000000000000000000055FFFFFF00000000DD
:105180000000000000FF55FF00010000800000004B
:1051900055780078000000000000000000000000CA
:1051A0003EFF3400003CFFFF000000004080000094
:1051B00000000000000000000000000000000000EF
:1051C000000000000000000000000000000000409F
:1051D000000000000000000000000000004000008F
:1051E00000000000000000000000000000001100AE
:1051F0000000008403000000000000000000000028
:105200000002001000100310001000100040000009
:105210000000000004000200000000A000200020A8
:1052200000208001000080002100A100000000009B
:1052300000000220000002008200000000000000C8
:10524000000000000000000000000000000000005E
:10525000000000000000000000000000000000004E
:10526000000000000000000000000000000000003E
:105270000000000000000000000000C0000000006E
:10528000000000800000000000000000000000801E
:1052900000000000000001000400000090000080F9
:1052A00000800080081000000200000008000000DC
:1052B00000000000000000000000400000000000AE
:1052C00000000000000000000000000000000000DE
:1052D00000008000000000008000000000000000CE
:1052E000000200000000000080000000000000003C
:1052F0000000020000030002001102020000000290
:105300000040004000010002000100000000000217
:1053100000900090040280200020032180014010B2
:105320000010001000100001001100010001000039
:105330000000000140000000050100000000000026
:10534000000000000000000000000000400000001D
:1053500000000000100000000000400000000000FD
:1053600000000080000000000000020000000000BB
:10537000000000210100008400A000020190000054
:10538000008000800080004000A1000200000000BA
:1053900000800009000900800880008000A004202F
:1053A000000000100020000000040084000400043D
:1053B00000090000000200000000004000000000A2
:1053C00000000000000000000000000000000000DD
:1053D00000000000000000000000000000000010BD
:1053E0000004001000A000008010800080408000B9
:1053F0000008001000100000000000000010001065
:10540000000000004000000200A00010002000C0CA
:1054100000100010000380000000001100010001D6
:10542000802184840010000080200000000402100D
:10543000000200A0001000000000008500A1002074
:105440000400000000000000000004000000000054
:105450000000000004040000000000000000004004
:105460000000400088C0000500030410040004058B
:105470000400000000100000000000000002000016
:10548000000000000002410000904000C040000009
:105490000000A005400300A00221844100900020EC
:1054A000002010A02100000008114080C005C0802D
:1054B0001108C083000000000000842100040008DF
:1054C0000082010200000000000000000000000057
:1054D00000000000000000000010004000840002F6
:1054E000001080100041004000A1041100102100B4
:1054F000910000840002009000A121002100000022
:105500000010001000008089111000A041000084EC
:105510000220090280850201008200830040881178
:1055200004208483842108000000800000004101E1
:1055300000A00201C1010200000020008000000361
:1055400005010002800200000000000000000000D1
:1055500000000000000000000000000000800000CB
:1055600000900000400000820080004001200010F8
:10557000000040000000008000000020000000004B
:105580000000000500000000021000000000000004
:105590000000009000902002014000000002000086
:1055A00005A00190052021820000000004090021CF
:1055B000001000000008204000000000010002056B
:1055C0000020002000000220000000000000000079
:1055D00000000000000000000000000000000000CB
:1055E00021100001000009A000004000000004019B
:1055F00000030010208420000000400200102184DD
:105600000000000020200020000000000002001028
:105610000000028211000282094000A0004000C088
:105620001084888384A004858485000800C003005A
:1056300088088804000000400008882100000885D0
:10564000110000041000900200840000000000001F
:105650000000000000000000000000098800002198
:1056600000000000882004000010000089090000EC
:105670000020000488000005000508090100002042
:10568000080000000000000000000000880000008A
:1056900000030003010504000000000500008880ED
:1056A000041002210920050091200504002100209A
:1056B0000000202109900000088500A10910900039
:1056C00000400000408000024080C0000000000058
:1056D00000000000000000000000000000000000CA
:1056E00000000000800400000084001000000000A2
:1056F00000000003000200020084808500200020DA
:105700008008002103820040038400900000040010
:105710000400040004008001800080201185000046
:1057200000200000000004A104200220002003202B
:1057300008200841040209200000804008A041849C
:105740002082210011A0008800400000001000000D
:105750000000000000000000000000000000000049
:105760000000000000004080000000000000000079
:105770000000000000C00080008090000202008055
:1057800000804000008200000000000000000000D7
:105790000100010001000100202020002080902055
:1057A000000300000000820301200180008000A1AE
:1057B0000080008000040180008000002080000044
:1057C0000000010088000000000040800000000090
:1057D00000000000000000000000000000000000C9
:1057E0000000800008000000000300100000080016
:1057F0000000000989080000000000108500000872
:105800000000100410080000000000021108080049
:10581000000008408084830000000803201000C1BD
:10582000210000000004050300009080828408C06D
:105830000880204040400005414141020020001105
:1058400011022005C1418300411080030080A09116
:105850000040000000000000000000000000000008
:10586000000000000800000000000400000020000C
:105870000000009000100290009004000000020060
:105880000001000009009000000004000800000072
:105890000000000005008440202000900541000425
:1058A0000809004004C090C000C09020918840A02A
:1058B000038901C0A0010001080101008800C001A6
:1058C0008200000001010800900001010205C004EF
:1058D00003050005000000000000000000000000BB
:1058E0000000000082004100084004000001008424
:1058F0000002009010004020A0009090889010843A
:1059000000C004000020000000C00000000000846F
:10591000000000000000082110840888829000A088
:10592000018400A1010020008884100084208301EC
:1059300041910288820400100089011101000402D3
:1059400040004100820008000488A000820102C0DB
:1059500004C0C002020500000000000000000000BA
:10596000000000000000400008000800A100000244
:10597000001000804084800900098000400400007D
:10598000831000008404000000041180040400005F
:1059900000020000040400008320800480009010B6
:1059A0000000081000080304001103048000828234
:1059B0000902840285C0C191098004044085402009
:1059C00082804121400082210000800080418005CA
:1059D00000890080000900C00000000000000000F5
:1059E00000000000000000000000000005000000B2
:1059F00000000000040400000000104004040080C7
:105A00000000101104840000001103000484000051
:105A10000080000004040000000000800480048472
:105A200080000000A000040408030080000084043B
:105A300000031111808900848989800521080420D0
:105A40000511A00200022120208220910010408038
:105A50001190050000008580A100000000000000FA
:105A600000000000000000000000008200880140EB
:105A700000900400000000000000040089C082C003
:105A80000082048801080008908804C000C000104B
:105A9000908804020040008840080000048421022D
:105AA000A0840200040011000800A10104084002C3
:105AB000109000900189880382400389A0000000B3
:105AC0000001090021020000000301820190008909
:105AD00001040003000282101140080200000000CF
:105AE00000000000000000000000000000090001AC
:105AF0000000009082088400020008008411100059
:105B0000880088C00121008200000002019000008E
:105B10000000000000000000000100000000C021A3
:105B20004000020008900102010900000000084046
:105B300003000800081091918909900089890100EB
:105B40000182000000000003009100010088009124
:105B500000820000008885890484910091C00000C3
:105B60000000000000000000000000000000001025
:105B70000004004000008300000080040000048353
:105B800000000004000003080380000000800800FB
:105B9000000005000000400000000021000000009F
:105BA000080800000000000003801004000400004A
:105BB00000098800000000809191894104108990BB
:105BC0004000208910094100001000080002000078
:105BD000201109001000200083A041800200200055
:105BE00000000000000000000000000000000000B5
:105BF00000000000000000000048C00B040000008E
:105C00000000000B000042008100000BD0004200A9
:105C10008100000B000000000048000004000000AC
:105C200000000000000B000000000000000BD0008E
:105C300000008100000B000000000000000BD000FD
:105C400000000000000BD00042000000000BD0005C
:105C500000008100000BD00000000082000BD0008B
:105C60000000000000000000000000000000000034
:105C700000000000000000000000FFFF0000FF0027
:105C8000FF00FFFF00000FF00FF0FFFFFF000FF01D
:105C90000FF00F0FF0F03CC33CC3FFFF0000FF000C
:105CA000FF000000FFFF000055AA55AA00FFAAAAA6
:105CB0005555FF00FF00FF0000FFFF00CF007D00F3
:105CC0003FFF1FDF7D5D555D141F3C3F000000005E
:105CD0003FFF1FDF3F7F7F7F3C3C2D2DF2F0021006
:105CE00000000000000000000000000000000000B4
:105CF0000000000000000000000000000000FFFFA6
:105D000000FF00FF0000FFFF0FF00FF0FFFF00FF9C
:105D10000FF00FF00F0FF0F03CC33CC30000FFFF8B
:105D200000FF00FF00000000FFFF55AA55AA00FF7A
:105D30005555555500FF00FF00FF00FFFF00CF0045
:105D400041000F0F1FDF55555555000F282F00003C
:105D500000000F0F1FDF3F7F3F3F2D2D2D2DF2F055
:105D60000000000000000000000000000000000033
:105D700000000000000000000000C082C08200FFA0
:105D8000FF000000FFFF0FF00FF00000FFFFC33C1B
:105D9000C33C0F0FF0F00FF00FF000FFFF000FF00B
:105DA0000FF00000FFFF000000FFFF00C3C33C3CFA
:105DB00055AAF0F00F0FAAAA0FF00FF00F0FF0F096
:105DC00000500050AAAAEAAAF0F0F0F8FF3CAAF0AE
:105DD000FFFFFFFFFFFFFFFFBEFF8200000000008C
:105DE000A2A208080000000000000000000000005F
:105DF000000000000000000000000000C3FF00FFE2
:105E000000FFFF00FFFF00000FF00FF0FFFF00009A
:105E1000C33CC33C0F0FF0F00FF00FF000FFFF008A
:105E20000FF00FF0FFFF0000000000FFFF00C3C3F2
:105E30003C3C55AAF0F0F0F0AAAA0FF00FF00F0FBB
:105E4000F0F0000000000000C000F0F0F0F8003CAE
:105E5000AAF0E8E8FC00F330EBEBAAAAAAAA00003B
:105E60000000AAAA000000000000000000000000DE
:105E7000000000000000000000000086006000B08C
:105E80000000C68201B608B40840028601E000B4F2
:105E90000840128601F003B40840028601E001B414
:105EA0000040C686017608B408400000028601E082
:105EB00000B40840128621F040B408480286012050
:105EC00001B4004000060C9000880005A0860CF08C
:105ED000A0B00005A08652F0A0B000050106007039
:105EE00001B0000005860AB400B000000000000008
:105EF00000000000000000000000000000000000A2
:105F0000053C553CFCFCAFA000000000BE82BE82F8
:105F100005FA0005000000000407F4F70000000087
:105F2000CE0EC20200000000F080F0000000FCFC79
:105F3000C0C02A7F2A7F000000000000000000008F
:105F40000800AA2AAAA807080F00F0F4000400001D
:105F50000000000000000000000000000000000041
:105F6000000000000000BABA30300CCFD7D70000D4
:105F70000000000000000000000000000000000021
:105F80000000053C003C0C0CAFA000000000FCFC35
:105F9000C0C005FA0005000000000407F4F7000087
:105FA0000000FE3EF23200000000F0F0F0F00000D1
:105FB000EB28EB2820752075000000000000000091
:105FC00000000000FFFFFFFFD020F0000F1F0010B7
:105FD0000000000000000000000000003C00C300C2
:105FE0000000000003434343FAAAF0000CCF14144E
:105FF00000000000000000000000000000000000A1
:106000000000000028AF7DAF00000000000000008D
:10601000FECE3E0E14D700000000000041417D7D01
:106020000000000000000000000000000000000070
:106030000000FAD2FAD27D7D05AFEB28FCFC00000F
:106040000000000004000055005543C380000AA072
:1060500009600000000000000000000000003D0595
:10606000003800000000F7FF203CFF00FF805F5F6A
:10607000D7FF00000000000000000000000000004A
:1060800000000000000028057D0500000000000061
:106090000000F2C23202CFCFC3C3000000004D4D5A
:1060A0004D4D000000000000000000000000000056
:1060B0000000000078507850282805AFEB28C0C0B9
:1060C000000000000000000000550357C3C300009B
:1060D00005500C300000000000000000000000002F
:1060E0003C00003C00000000003C003C00008080C0
:1060F0005D5D557D00000000000000000000000014
:106100000000000005000000050005000500050076
:106110000500000005000000050005000500050061
:106120000500000000000000050000000000040061
:106130000900000000000000000000000000000056
:10614000000000000000000000000400410000000A
:1061500000000000410000000000000200000008F4
:10616000000000000000000020000000000000000F
:10617000000000822000000000000000000000007D
:10618000000000000000000000000000000000000F
:1061900000000000000000000000000000000000FF
:1061A00000000000000000000000000004000000EB
:1061B00000000000000000000000000000000000DF
:1061C0000010000000000000000088000000000037
:1061D00000000000000000000000000002000000BD
:1061E00000000000000000000200000000000000AD
:1061F000000000000000000000000000000000009F
:10620000000000000000000000000000000000008E
:10621000000000000000000000000000000000007E
:10622000000000000000000000000000000000006E
:10623000000000000000000000000020000000201E
:1062400000000000000000A00000000000080000A6
:1062500000000000000000000090000000000000AE
:10626000000200000000000000000000000000002C
:10627000000000000000000000000000000000001E
:10628000000000000000000000000000000000000E
:1062900000000000000000000000000000000000FE
:1062A00000000000000000000000000000000000EE
:1062B00000000000000000000000000000000008D6
:1062C00000000011000500000008000000000000B0
:1062D0000009004000020000000000000000002152
:1062E000001100000041000000000000000000005C
:1062F0000000000000080000000000030000000093
:10630000000000000000000000000000000002008B
:106310000000020000002100000002000000021046
:106320000000020000000200000002000300030061
:1063300011821100090000000000000000000000B0
:106340000000000000000500000004000040000004
:1063500000020000410011000000002000000000C9
:1063600000000000008200A000080010058200006C
:1063700000201000030000000000000800080000DA
:1063800000000000000000000000000000200200EB
:106390000000020002000220A041020002000208E8
:1063A0000808020202080200024002030200100074
:1063B00000111020100010401040100000000000DC
:1063C0001040820310031040101010001000004114
:1063D000000388081040C0020005A04088050005A1
:1063E0000000002100000000000000080800000577
:1063F000C0008400C0001003000000000000000086
:10640000000000000000000000000000000000008C
:10641000000000840000000800000000008200204E
:1064200000000000008400100010000000000000C8
:106430000088000000400000200000000000000074
:106440000000000000000000080000000000000044
:106450000000000000A0000000000000008400C058
:1064600000000200201020000000000000000000DA
:1064700000000000000000000084000000A00000F8
:10648000020000000000000000000000000000000A
:1064900000000000000000000000000000000020DC
:1064A00000009000000004000400000988110000B2
:1064B0000000000088000010000800030000000039
:1064C000000000000000001000000021000000118A
:1064D0000003002100090009004104050021100506
:1064E0001003002000000021000000000000000058
:1064F0000000000000000000000500000011002165
:10650000000000000000000000000000000000008B
:106510000000000000000000000000000000020079
:1065200000000000008200000000000000002100C8
:10653000210000000000000000000000000000003A
:10654000400000000000000000000000000000000B
:10655000000000000000000000C0008200000020D9
:1065600000C00000000000820010000000000200D7
:10657000000000000000000000000000000000001B
:10658000000000C00010000000000000000000003B
:1065900000000000000002000020000000000021B8
:1065A000002000000003820008200000020000001C
:1065B00002200010000084000020002000100010C5
:1065C00000000000000500000000880500008800B1
:1065D0000403880000410040882000030021C0110E
:1065E00000108800000000100009A0000421A0098C
:1065F00000400000000000218803C0038400000068
:106600000000840084001021000000000000000051
:10661000000000000000000000000000000000007A
:1066200000000000000000000082000000000000E8
:106630000800000000000000000000000000000052
:10664000000000000000000000001000000000003A
:1066500000001190110000000090000000000000F8
:106660000040000000840020000000020000000044
:106670001100000009080284000000C00900200089
:1066800000400000000000002000000000000000AA
:1066900000000000000000000000000004030000F3
:1066A0000000040304000000880000030400200030
:1066B0000040000000008800002084000400040066
:1066C000040800000000000000000000002100009D
:1066D00000100808C003000800110441840384204E
:1066E0008808400340090009040800200000000059
:1066F0000202020000000008000000000800000084
:106700000000004100000000000200000000000046
:106710000000000000000000000000000000000079
:106720000000000000000000000000000000000069
:106730000000000000000000000000000000000059
:106740000000000000000000000000000000000049
:106750000000000000000000000000000000000039
:106760000000000000000000000000000000000029
:106770000000000000000000000000000000000019
:106780000000000000000000000000000000000009
:1067900000000000000000000000000000000000F9
:1067A00000000000000000000000000000000000E9
:1067B00000000000000000000000000000000000D9
:1067C00000000000000000000000000000000000C9
:1067D00000000000000000000000000000000000B9
:1067E00000000000000000000000000000000000A9
:1067F0000000000000000000000000000000000099
:106800000000000000000000000000000000000088
:106810000000000000000000000000000000000078
:106820000000000000000000000000000000000068
:106830000000000000000000000000000000000058
:106840000000000000000000000000000000000048
:106850000000000000000000000000000000000038
:106860000000000000000000000000000000000028
:106870000000000000000000000000000000000018
:106880000000000000000000000000000000000008
:1068900000000000000000000000000000000000F8
:1068A00000000000000000000000000000000000E8
:1068B00000000000000000000000000000000000D8
:1068C00000000000000000000000000000000000C8
:1068D00000000000000000000000000000000000B8
:1068E00000000000000000000000000000000000A8
:1068F0000000000000000000000000000000000098
:106900000000000000000000000000000000000087
:106910000000000000000000000000000000000077
:106920000000000000000000000000000000000067
:106930000000000000000000000000000000000057
:106940000000000000000000000000000000000047
:106950000000000000000000000000000000000037
:106960000000000000000000000000000000000027
:106970000000000000000000000000000000000017
:106980000000000000000000000000000000000007
:1069900000000000000000000000000000000000F7
:1069A00000000000000000000000000000000000E7
:1069B00000000000000000000000000000000000D7
:1069C00000000000000000000000000000000000C7
:1069D00000000000000000000000000000000000B7
:1069E00000000000000000000000000000000000A7
:1069F0000000000000000000000000000000000097
:106A00000000000000000000000000000000000086
:106A10000000000000000000000000000000000076
:106A20000000000000000000000000000000000066
:106A30000000000000000000000000000000000056
:106A40000000000000000000000000000000000046
:106A50000000000000000000000000000000000036
:106A60000000000000000000000000000000000026
:106A70000000000000000000000000000000000016
:106A80000000000000000000000000000000000006
:106A900000000000000000000000000000000000F6
:106AA00000000000000000000000000000000000E6
:106AB00000000000000000000000000000000000D6
:106AC00000000000000000000000000000000000C6
:106AD00000000000000000000000000000000000B6
:106AE00000000000000000000000000000000000A6
:106AF0000000000000000000000000000000000096
:106B00000000000000000000000000000000000085
:106B10000000000000000000000000000000000075
:106B20000000000000000000000000000000000065
:106B30000000000000000000000000000000000055
:106B40000000000000000000000000000000000045
:106B50000000000000000000000000000000000035
:106B60000000000000000000000000000000000025
:106B70000000000000000000000000000000000015
:106B80000000000000000000000000000000000005
:106B900000000000000000000000000000000000F5
:106BA00000000000000000000000000000000000E5
:106BB00000000000000000000000000000000000D5
:106BC00000000000000000000000000000000000C5
:106BD00000000000000000000000000000000000B5
:106BE00000000000000000000000000000000000A5
:106BF0000000000000000000000000000000000095
:106C00000000000000000000000000000000000084
:106C10000000000000000000000000000000000074
:106C20000000000000000000000000000000000064
:106C30000000000000000000000000000000000054
:106C40000000000000000000000000000000000044
:106C50000000000000000000000000000000000034
:106C60000000000000000000000000000000000024
:106C70000000000000000000000000000000000014
:106C80000000000000000000000000000000000004
:106C900000000000000000000000000000000000F4
:106CA00000000000000000000000000000000000E4
:106CB00000000000000000000000000000000000D4
:106CC00000000000000000000000000000000000C4
:106CD00000000000000000000000000000000000B4
:106CE00000000000000000000000000000000000A4
:106CF0000000000000000000000000000000000094
:106D00000000000000000000000000000000000083
:106D10000000000000000000000000000000000073
:106D20000000000000000000000000000000000063
:106D30000000000000000000000000000000000053
:106D40000000200080000000000080000000030020
:106D500000000082000000000000000000080000A9
:106D60000000040000000000000802000000000015
:106D7000000380000400800480088020820000005E
:106D800000008000800400000000800000008000FF
:106D900000008000840000000000002000000000CF
:106DA00000000000000000000000000000000000E3
:106DB00000000000000000090000000000000000CA
:106DC0000000000000002000000000002000000083
:106DD00000000000000000000000000000000000B3
:106DE00000000000000000C00000000001000000E2
:106DF000000000822000010020802000208021006F
:106E000000000000020004800000000004000000F8
:106E100004000000040004000000000000800000E6
:106E20000000000000000000000000000000000062
:106E30000000000000000000000000000000000052
:106E40000000000000000000000000000000000042
:106E5000000200100002009000020000000000018B
:106E600000A00000000400020000000000A00020BC
:106E700000200000000000010000002000050005C7
:106E800000050000000400000002000100010001F4
:106E9000000180008000800080A000000000001041
:106EA00000000000000000000000000000000000E2
:106EB00000000000000000000000000000000000D2
:106EC00000000000000000000000000000000000C2
:106ED0000000008000004000000000800000000072
:106EE000000200000000000002A1000000000000FD
:106EF0000080008000000008001000000080008476
:106F000000A000A000000080000000800020002001
:106F10000020002004000400040004000000000021
:106F2000000000020000000000000000000000005F
:106F30000000000000000000000000000000000051
:106F40000000000000002100000000000000C0C0A0
:106F5000C04000C000202108000200080008000214
:106F6000400220000000008400000800000004022D
:106F70000001008241000040104020000004000495
:106F8000002020C02000000580000004A104002093
:106F9000000010A0408800040001000000C00005AF
:106FA00004040004900400840084090000A0000090
:106FB00000000000000000000000000000000000D1
:106FC00004000000000000000000000000000000BD
:106FD0002000208000000000000000800000000071
:106FE0000090008001000000000000000000000090
:106FF00001A000200000000000A10000010000C16D
:10700000008088830100010800A0200000C14080AA
:10701000008000100000010000800004000000005B
:1070200000A001800080048000000000000000003B
:107030000000000000000000000000000000000050
:10704000000000000000801021002100000000006E
:10705000210080002100000000002100000100400C
:10706000A100000021102111000040008401000156
:107070000000000000000400040100000000000007
:107080004000040420002000410100000001000134
:107090000000000000100000000100010008800056
:1070A00000010000000000010000000000000000DE
:1070B00000000000000000000000000000000000D0
:1070C00000008800000090001000000000008841CF
:1070D000041000001005000504040008881000409A
:1070E00000A0040300080008004000000100044064
:1070F0000040000000050000000001100005100025
:1071000000200100018001090100000800200002A8
:1071100000021020C0108800C00000200004008081
:107120002000002000000000842000110000002149
:10713000002100000000000000000000000000002E
:107140000000000000000000000800000000000037
:10715000000202A0000000A00000002000044188FE
:107160000008408200018400A12000A0040000204B
:1071700000000000000004100211400821110984E1
:107180001000008400840400004000080510008402
:107190000409110100A021840320101000840000C4
:1071A000050000008000000000C00004000000C0D6
:1071B00000000000000000000000000000000000CF
:1071C00000000000000000000000000000000000BF
:1071D000000000000100000000000000000000802E
:1071E0000000000001000004210020A100000000B8
:1071F0000000000000000000010001020100000288
:10720000000800400000000000080021000000000D
:10721000000001020040C000820000800100000068
:1072200000090000000020000000000000800000B5
:10723000000000000000000000000000000000004E
:10724000000000000000000000000000000000003E
:107250000020000080000021008400A0002080C0E9
:1072600000408010000400200400000000A0002066
:1072700000010040002080200000040804000910E4
:10728000410011200408410811200008002011903D
:1072900000080421002000020420000021848091C5
:1072A00000880000000411880004800180A0000410
:1072B00000040020008400200020000000000000E6
:1072C00000000000000000000000000000050005B4
:1072D0000421002004050200040804039020042077
:1072E0000241040940104010040000050000822102
:1072F00000A10002000000000400000000000000E7
:10730000000000080000000000008200000500836B
:10731000000000000002A00000800000001000211A
:107320001008A02120000080004120A1200420009E
:10733000008000900000000000000000000000003D
:107340000000000000000000000000000800000035
:107350000000100090000000400021008005001097
:10736000214000080000804010000800080380044D
:10737000C00000000300000211000008000000111E
:107380000484C080000010A1801003A01000000041
:1073900085802100000080800590048040800420CA
:1073A0000402004141200040000411900040000010
:1073B00000000000000000000000000000000000CD
:1073C00000000000000000000000000000000100BC
:1073D000000000000100090000000000000008019A
:1073E00084010001000002008200010090000301FE
:1073F00082002000000005000000090000010000DC
:107400000290911008880090058210C120A1018887
:10741000A09003884082009090208521A020002029
:1074200000010000900001010001C0C00811000926
:1074300000000000A00000000000000000000000AC
:10744000000000000000000000000000000000003C
:107450000100010001000100040041008300200040
:1074600040000204020090008800048400004000F4
:1074700000040184000401009000C1842020200049
:10748000000088210384082084C0000001840001DA
:10749000010021050401C102892082020300C08885
:1074A000048500100002001000000801C00140081F
:1074B0000811009000000090000000000000000093
:1074C00000000000000000000000000000000000BC
:1074D00000001000080005001000C0004100050079
:1074E000A105000080918010001100000002000042
:1074F0008404088021040080030400000802800046
:10750000840400000010880400008484080008033C
:107510000321032110C00903900010A000C08811AE
:10752000008080C00080000500890000000200107B
:10753000008000880000000300000011000000002F
:10754000000000000000000000000000000000003B
:10755000000000000008000400210008008800036B
:10756000009000098880000008808800000000006A
:1075700004844080110021110202C0030000008039
:107580000404008000000080038002020008042040
:107590000020058921880080A08002808000008072
:1075A00083801180808000400409004082090480AB
:1075B0008000A0004000000004000800000000005F
:1075C00000000000000000000000000000000000BB
:1075D0000000000000000001000100000001002187
:1075E0000090002100908204000001081190020424
:1075F0000000004001200204009000880591040072
:1076000000100000082000000284840890C020C1FF
:1076100000A0022108110003880221041184042023
:10762000082010089088022000010100000082005C
:107630004010C082080841000800010000009000CE
:10764000000000000000000000000000000000003A
:107650000000000000000000000800010000000021
:107660000020000000010090018800200100018836
:1076700000010000000000080102004000000000BE
:107680000001010000000010000082418500900010
:107690009002001001010001010090219021A00141
:1076A0009020048585200200408801100000000021
:1076B0000100C040842008000000002000200000DD
:1076C00000000000000000000000000000000000BA
:1076D0000000000000000000000000000004002086
:1076E000000000A1001100020000101003001000B3
:1076F00010000808000000200080038000801104B2
:107700001100002008000000008000008003080035
:1077100000000080218040040510200000050008C2
:1077200000400080808308008000800020804100AD
:107730000000200000110080000000000000000098
:107740000000000000000000000000000000000039
:107750000000000000000000000000000000000029
:107760000000000000000000000000000081000098
:10777000D000210000480000040082000A81000BB4
:10778000D00042000000000B00004200000000009A
:10779000000B000082000084000BD00000000000FD
:1077A000000BD00082000000000BD0004100000060
:1077B000000B000000410000000BD00000000000A2
:1077C000000BD000000000000000000000000000DE
:1077D00000000000000000000000000000000000A9
:1077E00000003F3F0303000000003CFF3C0027FF78
:1077F000273C000000000000FFFF00FF00FFC3C3A4
:107800000F0FF00F666600FF00FF99669966000093
:1078100000FF00FF00FFFF0081E79F9FFB04FF00C8
:1078200000000000000000000000FF000000FFFF5B
:1078300018DBC3C3000000000000000000000000CF
:107840000000000000000000000000000000000038
:107850000000000000000000000000000000000028
:1078600000000000E724E724000000000F660F6618
:1078700027C3270000000000FFFF0000FF00FF00FB
:107880003C3C0F0FF00F6666FF00FF00996699669B
:107890000000FF00FF0000FFFF0081E70606FF0079
:1078A000DF0000000000000000000000FF000000FA
:1078B000000018DB00000000008000000000000055
:1078C00000000000000000000000000000000000B8
:1078D00000000000000000000000000000000000A8
:1078E0000000000000000000000000000000000098
:1078F0000000000000000000000000000000000088
:107900000000000000000000000000000000000077
:107910000000000000000000000000000000000067
:107920000000000000000000000000000000000057
:107930000000000000000000000000000000000047
:107940000000000000000000000000000000000037
:107950000000000000000000000000000000000027
:107960000000000000000000407CC0FC000000009F
:1079700000FF00FF003C663C00000000669966992D
:10798000FFFF00006666FF00F0F0C3C33CC33CC3CA
:10799000F0F00F0F000000FFFF00F0F00F0FF9F9FB
:1079A00066FF0020DFDF00000000C0FCE7E700FF0B
:1079B0000000F0F0000030F3427E00000000000004
:1079C0000020000000000000000000000000000097
:1079D00000000000000000000000000000000000A7
:1079E00000000000000000000000407C003C00009F
:1079F000000024243030F0F0F6F00000000066991A
:107A000066990000FFFF666600FFF0F03C3C3CC357
:107A10003CC3F0F00F0F000000FFFF00F0F00F0F6D
:107A20006060009900005E5E00000000C0FC24243D
:107A300000FF0000F0F0000030F3427E0000000084
:107A40000000000000000000000000000000000036
:107A50000000000000000000000000000000000026
:107A60000000000000000000000000000000000016
:107A70000086006000B00000A086507CA0B0000529
:107A8000C686017608B40840128621FC41B4084835
:107A9000028601E000B408400000028601E000B464
:107AA000004000860CE4009000A0A08650F0A0B03A
:107AB0000005A88654F0A0A2001500860CE000B0D6
:107AC0000000A0865090A0800005A08650F0A0B0D5
:107AD00000050000000000000000000000000000A1
:107AE0000000000000000000000000000000000096
:107AF000000000000000053505050000000055FFEE
:107B000014BE00000000BEBEAAFF000000000F0F60
:107B100000FF0000000055550F0F00000404F79708
:107B200000C200000000000014001E0FF700F30068
:107B300000000505FFFF02007D7D0CCF0000000066
:107B400000000000A000000000040004000000008D
:107B50000000000000000000000000000000000025
:107B60000000000000000000000000000000000015
:107B700000000000000000000535050500000000C1
:107B800000AA14BE000000001414005500000000FC
:107B900055553C3C0000000055550F0F00000404F3
:107BA000FF9FFFFFFFFF000000003C3C3C3CF70054
:107BB000330000003DFF0200020041410CCF0000F5
:107BC00000000000000000000000000000000000B5
:107BD00000000000000000000000000000000000A5
:107BE0000000000000000000000000000000000095
:107BF00000000000000000000000000005AF0000D1
:107C00000000282DAAAA0000000041417D7D00004F
:107C1000000000000000000000003CFF0F550000C5
:107C20000303003C3C3C7C3C3A3AFFF0000000007F
:107C3000FF3FEFEF00D700D0FFB2FFBE0F3F0F5F57
:107C40000000000000000000200020000000000CE8
:107C50000000000000000000000000000000000024
:107C60000000000000000000000000000000000014
:107C700000000000000000000000000000003CBE0A
:107C800000000000282D0000000000004D4D4D4D6B
:107C90000000000000000000000000003C000F5544
:107CA000000000004141000050003A3A0F0000007F
:107CB0000000CF0FEFEF00000000FFB2FF00003C1C
:107CC000005500000000000000000000000000005F
:107CD00000000000000000000000000000000000A4
:107CE0000000000000000000000000000000000094
:107CF00000002000A00000000000A0000000200004
:107D000000000000000011001100200111002000FF
:107D10001100110000001104910002001100000088
:107D2000110000000000000000000000000000A0A2
:107D30000000020000200000800480000400000019
:107D40008000000084000002000121030200000006
:107D50000001040000000001000000000400000019
:107D6000000005000000000000000000000000000E
:107D700000000000010021000000000005000000DC
:107D800001000000000000000000000001040000ED
:107D9000010000050000000000802000000000003D
:107DA0000000000000C00000000000000000000013
:107DB000000000000000008000000480200000009F
:107DC00000002000000005000080002000A001004D
:107DD000000000100000000000040000000000008F
:107DE0000000000000000000000000000000000093
:107DF0000000000000000200000000000000000081
:107E00000000000000000000000000000000000072
:107E1000000000000400000000000000000000005E
:107E20000000000000000000000000000000000052
:107E3000000100000001000000010001000100013C
:107E4000000500000001800000018000800080002B
:107E5000000000000000000000000000008400019D
:107E6000000100010001000100000000000000000E
:107E70000000000000000000010000000000000001
:107E800002000000000000000000000000000000F0
:107E900000000000000003000000000000000000DF
:107EA000002100210000000000000021002100212D
:107EB0000021000400000002000000040004002073
:107EC0000004008200000002040200020400080016
:107ED000042100000021000000000000000000104C
:107EE00000200020002000200020000000000000F2
:107EF00000000000000000000000A000A000200022
:107F00002000A0012000A0002000A0A0A040200090
:107F10002082A01020C0A090208800000000200037
:107F20002082001000000008008400000010000003
:107F300000820000000200020000000200020203B2
:107F4000800284028010A0110000C0100000000018
:107F50000002000008000000008200C10020002193
:107F6000204100040000008400C000000000000068
:107F700000000000000000000000000021002100BF
:107F800001000100210401002100010021002180E5
:107F9000C100C1002121C1002110C100C0080000A2
:107FA000C110C1100000C0000000C00300000400A8
:107FB0000008000000100080C083000000C10080A5
:107FC00005A020850390080005020000210084051B
:107FD0008200008000000000000000000008008017
:107FE000008201C00080002100000021000000008C
:107FF0000000000000000000000000000000800001
:108000008000A000A0008000A0018000A001A000CE
:108010008000A000A0008000A0008000A00000015F
:108020000000000000000500050000000000000046
:108030000500000005000000000000000000000036
:108040000500000005000000000103010800800198
:10805000800000048000000000000000800080001C
:1080600000000020000800210001000200000000C4
:108070000000000000000000000000000000000000
:10808000200020002100210020102120200021209C
:1080900021092000210021002000210020002100D2
:1080A0000040000000000000004000090000000047
:1080B0000000000000000040000000000000000080
:1080C000000000000000000000000020001001106F
:1080D00008200400008004110000000000000821B6
:1080E00010100000008000C0008800040010001084
:1080F0000000000000000000000000000000000080
:1081000000C0000009000088090005000410842157
:10811000848800110011040280C100C0001000C05A
:10812000000000C000020004804000A00000000029
:10813000001000000000000000000000000000002F
:108140000000090090000901411000000010A0206B
:1081500004040400208820114111201102C0801164
:108160000084848300200020002000080000000418
:1081700004052004000000000000000000000000D2
:1081800000000000000000000000000000000100EE
:10819000218421000020882001002020000082800E
:1081A00000000041001000900088209100090000AC
:1081B0000010000000008403844000210021000022
:1081C000001000210008200000040000000890A119
:1081D00009A10185000585008504840401040900C6
:1081E00002400000400800800080008000900000F5
:1081F000008000A0018000000000000000000000DE
:10820000000000000000400000000000200000C04E
:108210000084004040000988000000100510009014
:1082200020C00002004010881040808280081000AA
:1082300040021090000000000088000010001000B4
:108240001000100010901082102002001002102068
:1082500004101088042190830005098420900001F7
:108260000000004000100008000000020041002053
:1082700000100004000400100000000000000000D6
:1082800000000000000000000000000000000100ED
:10829000000000000080004100000000000000001D
:1082A000000001000000008000000000200020808D
:1082B000000300000000A000000000000000A0007B
:1082C000000000210000000000000080000000000D
:1082D0000080010000000190082000C000000100A3
:1082E000000400000080000000800005000300A0E2
:1082F00000800000008000800000000000000000FE
:108300000000000000000000000003100021002019
:10831000112191090884808541A083032084802055
:1083200005412003001040031011008005002100CA
:10833000008000000000000000000080000000003D
:1083400000000000000040020041080000038020FF
:108350008940030808030020800808800383032065
:108360004003080800820510808500850500000094
:108370000000110000000900800000000000000063
:1083800000000000000000000000000000010000EC
:108390000000002010900089400401200521000900
:1083A000200200210901840100000100022084A0B4
:1083B0000084000200000000000000000000000037
:1083C00000000000000002000000000100000201A7
:1083D00002010201010101010001200000100383DC
:1083E000908989000021008301A110C000020000D3
:1083F0000000200000008800010040000000000094
:108400000100000000100000000000000008010052
:1084100000030108010040C0841105C1A1A140C0B2
:10842000888402C121400000008200030000002077
:108430000000010001010008000000000000000031
:1084400000000000000000000000008400000101A6
:10845000000800850188019100040021011001013C
:1084600000009085110091C1000100C0004001880A
:1084700004909000901005000010000100820000A0
:1084800009000800000000800000000000000080DB
:108490000200408310080300C00585838210080392
:1084A00005058800A0088380210041002084054143
:1084B0004000400041000303008000000000000075
:1084C00000000000000000000000000000020000AA
:1084D000202000400020210003200880002021806F
:1084E000032000000320A10003A00940034102C1B2
:1084F0004000800003080080C021008000100000C0
:10850000001100000000000000000000000000005A
:10851000000008080040002003030503A10805052A
:1085200010030205842085089003200200110390A7
:10853000058300800080080000800000000000002B
:10854000000000000000000000000000000000002B
:10855000202000000000119002020003000008002B
:108560002020C003000000808202800341008000C0
:108570000000090000080403400800080000030090
:1085800040000000000000000000000000000000AB
:108590000000000001000000000000014100030194
:1085A00040001101010005004101110100410008D6
:1085B0000005A08300028810824000020000000035
:1085C00000000000000000000000000000000200A9
:1085D000000001014000022000090082C021A088A3
:1085E00001000101830102000004A0408891000005
:1085F00090009000880000010100000190014000FF
:1086000001000000820000000000000010000000D7
:108610000000000010000002009100010101830130
:1086200008400200100485C00290C0000220010032
:10863000018900000000000200900001000000001D
:1086400000000000000000400000000000000000EA
:1086500000000000000100012190A020080020007F
:1086600001880120890100880520902041009102A5
:108670000800C091A0019100001100C0000000108E
:10868000000000200000000000000000000080004A
:10869000000000000000000000800504030804083A
:1086A00003100520A021C180830320051103C00011
:1086B0000300020205200300008000030002000006
:1086C00000000000000000000000000000000000AA
:1086D00000004000000000210010030080A02011D5
:1086E00011000380048040100000831100800211FB
:1086F00008808200050885204100008800200010C5
:10870000008000000080000000000000000BD0008E
:108710000BD0000000006000000000000000D0004E
:1087200012008200000BD00012428200000BD00029
:1087300042000A00000BD000000000000000D00042
:1087400000480000000000000000000000000000E1
:108750000000000000480000040000000000000BC2
:10876000D00000480000000BD00000410000000BCA
:10877000D00042000000000B000000000000000BD1
:10878000D00000000000000BD000410000000000FD
:1087900000000000000000000000000014BE14BE35
:1087A00000000F7D00000F5500007D2D0000553C9E
:1087B0000000707F0000F53C00003E7F00000000DC
:1087C00000000000000000000000000000000000A9
:1087D000000000000000FFFF0000FF00FF003C3C25
:1087E000F0F0FFFF0FF0FFFF0FF0FFFF55AA3C3C3A
:1087F000F0F05555FF00DFC3D3C3000000000000B8
:10880000000000000004000000000000000000085C
:10881000000028802800000800000000280005AFA4
:1088200005AF00000F2800003C3C0000282D000090
:108830000F3C0000404F0000053C000002430000D8
:108840000000000000000000000000000000000028
:1088500000000000000000000000FFFF00FF00FF1C
:108860003C3C0F0F00000FF000000FF0000055AA75
:108870003C3C0F0F555500FFDFCFD3CF0000000069
:1088800000000000000000000000000000000000E8
:108890001040001008000208104000040000000012
:1088A000FFFE0F0EFB380000AFFFA0FFBEFF82FFF0
:1088B000EBE80000F0BE0000FDF800000F5A4E4E3D
:1088C00000000000F0F03C3C000000000000000050
:1088D000000000000000000000000FF00FF000009A
:1088E000FFFF0FF03C3C55AAFFFF55AAF0F000FF38
:1088F0003C3C0FF03C3C0FF0FFFFBFFF8CFF200023
:108900000000000000000000000000000000000067
:108910000000000000000000000000000000000057
:108920000000FEFE0E0ED3100000AF3CA03CBEF0D7
:1089300082F028E80000F08200000D080000A5F099
:10894000E4E400000000AAAAFF000000000000000C
:108950000000000000000000000000000FF00FF019
:10896000FFFF00000FF03C3C55AA000055AAF0F0B4
:10897000FF003C3C0FF03C3C0FF00000B3FF80FFD9
:1089800000000000000000005050F0F00000000067
:1089900000000000000000000000000000000000D7
:1089A00000000000C086C07030B04903C087C0F02E
:1089B00031B00903C0C7C0F031B04903C0C7C070AF
:1089C00031B0050300860070A0B000A500000000D3
:1089D0000000000000000000000000000000C600D1
:1089E000011608040840128621F040B4084812001D
:1089F00021F040340848128621B0408400480084A9
:108A00000CE000B00080008650F0A0B00085A08689
:108A100050F0A0B00005000000095900000000005F
:108A20000008180000000000000000000000FFC364
:108A3000E8E800000000BABA1010000000000000D2
:108A400000000F3CFF55000000003CFF4D4D0000B2
:108A50000000000000000000000000000000000016
:108A60000000000000000000B2B2FF3C417DCFCF0B
:108A70000000F0F03C3C0000300000000000000569
:108A800000000000000000000000000000000000E6
:108A9000000000000000000000000020B000B10055
:108AA000000000000000B100000000000000000015
:108AB0003C00E8E800000000BEAA1400000000002E
:108AC000000000000F3C00550000000000C34D4DA9
:108AD0000000000000000000000000000000000096
:108AE00000000000000000000000B2B2C300417DA1
:108AF0000C0C0000F0F03C3C000000000000000006
:108B00000000000000010000000000000000000064
:108B10000000000000000000000000000000000055
:108B200000000000000000000000C3C3C3C3000039
:108B30000000B0B0F010052DAF2DFBD3BA9214BEDB
:108B400014BE0000000000000000F330F33000000D
:108B50000000000000000000000000000000000015
:108B60000000000000000000000000000000000005
:108B70000000000000003C3C55550000C33C00FFD5
:108B800000000005A0007FFF0000000000000000C2
:108B90000000000000000000000000000002C01201
:108BA000480340000002C01200000000C3C3C3C35A
:108BB000000000001010F01005050505795138106F
:108BC0000505AFAF0000000000000000BEBE8282BD
:108BD0000000000000000000000000000000000095
:108BE0000000000000000000000000000000000085
:108BF00000000000000000003C3C55550000C33C54
:108C0000FF00000000000000FFFF00000000000067
:108C100000008000000000000000000000000000D4
:108C20000000000000000000000000000000000044
:108C30000000000000000000000000000000000034
:108C40000000000000000000000000000000000024
:108C50000000000000000000000000000000000014
:108C60000000000000000000000000000000000004
:108C700000000000000000000000000000000000F4
:108C800000000000000000000000000000000000E4
:108C900000000000000000000000000000000000D4
:108CA00000000000080000000000000000000000BC
:108CB00000000000000000010000000000000000B3
:108CC0000001000000000000000000000002800021
:108CD000000200020000410000000001000000004E
:108CE0000000000000C000000000000000000000C4
:108CF0000000000000000000000000000000000074
:108D00000000000000000000000000000000210042
:108D10000000000040000000400088002000040027
:108D2000040000000000010000000000000000003E
:108D300000000000004100000040000000000000B2
:108D40000000000400000041000000000003008358
:108D5000040000800080000000000000000200000D
:108D6000000000C000000000000000000000000043
:108D700000000000000000000000000000000000F3
:108D800000000000000000000000000000000000E3
:108D900000000000000001000000000021000000B1
:108DA00001000100000000000000000000000000C1
:108DB00000000000000000000000000000000000B3
:108DC000110010000000000004000000000000007E
:108DD0000000000000000000000000000000000093
:108DE0000001000200000000000000000000000080
:108DF0000000000000000000000000000000000073
:108E00000000000000000000000000000000000062
:108E100000000000000000000008000000008000CA
:108E20008000000080000000000000000000000042
:108E30000000000000000000000000000000000032
:108E40000000000000000000000000000000000022
:108E50000000000000000000000000000000000012
:108E60000000004000000000000000210008000099
:108E7000000000000020000000030000000040008F
:108E800000000000000000000000000000000000E2
:108E9000A000000000000000000000000000000032
:108EA0000810040000104000000000000000000056
:108EB0000000000000000000001008000000000298
:108EC0000000000000000084004005914040008444
:108ED00040004000004000400010008400A000A0BE
:108EE00000C000C04000008400000008040800002A
:108EF0000000004000000000000200900088000018
:108F00001000000100000000000000000000000050
:108F1000000000C00000000000000000000000820F
:108F20000000000000A000C00000000000000000E1
:108F300000000000000000000000008001000000B0
:108F40000080000800080000000000080002010086
:108F500000000108010000000008000000030000FC
:108F60008800000000000503000000000000010070
:108F700000000008000000080000000000000000E1
:108F80000003002100200000000300080000001082
:108F900000080000000000000003000000000000C6
:108FA000000300000021000000000000002000007D
:108FB00000000000000000000200000000000000AF
:108FC000000000008200000080009000000000000F
:108FD00000008000840000002100A10000000000CB
:108FE000000100000000000000000000000000C1BF
:108FF00088000000000100000000000000000000E8
:10900000000000000000110000004000000000000F
:10901000000000002000000000000200000000002E
:109020000000020041002001200020041000008008
:10903000000000000000000000000100000000002F
:1090400000000000000020000000200021080000B7
:109050000000000002000500000082000805004139
:1090600000000040000200000041001100000080EC
:109070000040050000000020000082000000000009
:1090800000000000000000000000000000000000E0
:1090900090029000000001000000040000000000A9
:1090A000000000000200000020102000C08021000D
:1090B0000000000000000000000000000000008828
:1090C0000000000080200400000800200002048846
:1090D000800005900010A140002000002110210117
:1090E00000400040000180C0C18405000040C188EC
:1090F000000000100000040800080040000000020A
:109100000002000000000000000000000400001148
:10911000000100100000001000100000000000849A
:109120000000000000000000000800022040008451
:109130000084000500000000040500000000880015
:109140000000000300030200000300830008000881
:1091500084004009000500054021000300000008CC
:109160000002000300000002400040000000000078
:10917000400000000080000001000000000000002E
:109180000000000888038403002100030010010090
:10919000002004208200001000030003C000000033
:1091A000C000840300030003001000000000010061
:1091B000000000210000000000000000800000000E
:1091C000000000000000000000000400024002084F
:1091D000021002A00200021002A00240028402005B
:1091E0000221022002840208020802082100000075
:1091F00041040040000080000008212080000000A1
:109200001100000000040000000000000000000049
:1092100000002090008840000000008482C0000010
:10922000008400100000000000000000000002C0E8
:109230004010200040000000000000000000080076
:10924000000000000000000000000000000000809E
:10925000008000000000000000008200008000008C
:109260000000A0A0C000004100410000004100003B
:1092700000000000008000000841000000800400A1
:109280000000A000840000000000C00000000000FA
:1092900000000000010000000000000000002000AD
:1092A00000000000000000000000000090400209E3
:1092B00021000004C1042110000000000000800013
:1092C00011000000000003001103800240080008A4
:1092D0000803001000904088080080401100000042
:1092E00000808820900000900000002000000021F5
:1092F0000000801002000000000091000080A1002A
:1093000011800000000000000000000000000000CC
:109310000000000008000000110000000000000034
:1093200000000000000000000000031008030041DE
:1093300002098383890900104180000000000000B9
:10934000820000000000000001000001C0010001D7
:10935000000108880001C009001001001000000091
:10936000000008081141088800C100000001000049
:1093700000000000100100000000000008048490BC
:1093800009C000880000000000000000000000008C
:10939000000000000000010090000000000000003C
:1093A00000000000000000000000000001010100BA
:1093B0000001010009098941849101C001000100F7
:1093C0000008000000000000000000008800890084
:1093D00010858301004000840000010001000001AD
:1093E000000001010801850182C089090800C0014F
:1093F0000800110110004101020003010000A10159
:1094000040008940820900000000000000000000C8
:109410000000000000000088000000C00000010003
:1094200001000100010000A0000000000000000099
:1094300000080100010008018988898882C00200B3
:1094400008000000000000000000000000004000D4
:109450009000C08490090840080011081000100016
:1094600000200000202080089020000020208000A4
:1094700000200500A020800008200000202000001F
:1094800002030800050091890000000000000000B0
:10949000000000000000000000000000008000004C
:1094A0000800100010000400000000000000000090
:1094B00008001110081108409102849189C0808031
:1094C000000000000000000000000000000000009C
:1094D00003080041001002900800890508080810E0
:1094E000008000002020400000100080A0A000802C
:1094F00000000005202000000080000020A040089F
:1095000000800088808404210089000000000000A1
:109510000000000000000000000000000800000043
:109520000008000000000000000000000000000033
:109530000000080200081109100889090040898903
:109540008505000000000000000000000000000091
:10955000000001410009001109830100C1018901D6
:109560000801A010008801110100A0090808A1113C
:109570000810A000000001010000A008000801116F
:10958000010300C000911004A0090882000000003F
:1095900000000000000000000000000000000100CA
:1095A000000090010000000000000000000000002A
:1095B00000000000400100000000080111018400CB
:1095C00089A189890000000000000000001000004F
:1095D000000000000109018501010190840000C123
:1095E0001100910000000000000000008300C00096
:1095F0001100401001000000000000820101000481
:10960000000000C0008088908408A00190880000BD
:10961000000000000000000000000000000000400A
:1096200000840000000000000010000100000000A5
:1096300000000000000001880091010100009189F4
:109640008901A1018988110000000000000000804C
:10965000000000000000100941410808108091003E
:109660001102884010004000000000000200A00825
:1096700080001000008020110000210000802003E5
:1096800003000000008000800091009180400000F5
:1096900000000000000000000000000000000000CA
:1096A0000000000000000000000000A100200000F9
:1096B0000000000000000000100003410204400010
:1096C00089918209902105800048000B900009D003
:1096D000810000090000009000000000D00082001E
:1096E0000000000BD0000000004800000400000053
:1096F0004100000B000000000000000000000060BE
:10970000000000000000420000002184400BD060F7
:1097100082000000000000000000000000000000C7
:1097200000000000000BD000000000000000D0008E
:109730000000000000000000000000000000D00059
:1097400021008241000BD000420000000000000018
:109750000000000000000000000020F020002F208A
:109760002020FF3CFF00F9609900C3C33C3C996690
:109770009966F0F00F0FC33CC33CF0F00F0FF00FF1
:10978000F00F00FFFF0000FFFF00000000000000DE
:10979000AA5555AA000000000000000000000000CB
:1097A0000000000000000000FFFF000000000000BB
:1097B00000000000000000000000000000000000A9
:1097C00000000000830081000B000BFF00088C11DB
:1097D00028800000183020000080000020F02000C9
:1097E0002F202020FF3EFF0660600000C3C33C3CEA
:1097F00099669966F0F00F0FC33CC33CF0F00F0F71
:10980000F00FF00F00FFFF0000FFFF00000000005E
:10981000000055AAAA55000000000000000000004A
:109820000000000000000000000000000000000038
:109830000000000000000000000000000000000028
:1098400000000000000090F099FF0B000B000000EA
:1098500000100800020800000000080000000000DE
:1098600000000000000000000000000000000000F8
:1098700000000000000000000000000000000000E8
:1098800000000000000000000000000000000000D8
:1098900000000000000000000000000000000000C8
:1098A00000000000000000000000000000000000B8
:1098B00000000000000000000000000000000000A8
:1098C0000008040040110800000000000000000033
:1098D0000000000000000000000000000000000088
:1098E00024E7C0C00000000034B576F742FFF2FF65
:1098F000669966993C3CC3C33CC33CC3F0F00F0F70
:109900003CC33CC300FFFF0066996699F0F00F0F5F
:1099100000000000000055AAAA5500000000000049
:109920000000000000000000000000000000000037
:10993000000000000000F999FDBD000000000000DB
:1099400000000000000000000000F0F0F066DFFF03
:10995000DFFF000000000000000000000000000029
:10996000000000FFC0C00018061E109152D300FF77
:10997000F0FF669966993C3CC3C33CC33CC3F0F01E
:109980000F0F3CC33CC300FFFF0066996699F0F0DF
:109990000F0F000000000000AA5555AA00000000AB
:1099A00000000000000000000000000000000000B7
:1099B000000000000000000000000424000000007F
:1099C0000000000000000000000000000000006631
:1099D000FFFFFFFF00008081610400000000101005
:1099E000800800000086047000B00000008600B00F
:1099F00000B00000C686017608B4084002A601C087
:109A000003C40C400286016000B408400286016075
:109A100000B400400000008600BC034004000000C9
:109A200000000000000000000000000000000086B0
:109A300000F000B000000000001000000000000076
:109A400000000000000000000000000000300006E0
:109A50000AAC0380000000001021B00000000008E4
:109A6000000C000000000000000055FF0F3C2F2FED
:109A700020200000000000000000000000005AA5A7
:109A800099666699996600000000000000000000D9
:109A90000000D2D2AA00000099666699AA55CC337C
:109AA00000000000000000000000000000000000B6
:109AB00000000000000000000000000000000000A6
:109AC0000000000000000000000000000000000096
:109AD0001C203C000000FF0000010000000000000E
:109AE00000000000000080000000000055000F3C56
:109AF0002F2F2020000000000000000000020002C4
:109B0000A55A669999666699000000000000000059
:109B100000000000D2D2FF5500006699996655AA50
:109B200033CC000000000000000000000000000036
:109B30000000000000000000000000000000000025
:109B40000000000000000000000000000000000015
:109B5000000000000000000000000882C01248035E
:109B600040000000000048034110000000007D7D1F
:109B70000CCFFFFF0000000000000000000000000C
:109B80000000996666999966669900000000A7072B
:109B9000A20200000000F0C300AA00000303F3F3D8
:109BA000A55AC33C000000000000000000000000B7
:109BB00000000000000000000000000000000000A5
:109BC0000000000000000000000000000000000095
:109BD00000000000BCFFA0FF0C080408000000000B
:109BE0000000000000000000000000000000000075
:109BF00041410CCF20202020000000000000000088
:109C00000000000066999966669999660000000058
:109C1000F757F25200000000F0C3FFAA000005F55C
:109C200005F55AA53CC3000000000000000000003C
:109C30000000000000000000000000000000000024
:109C40000000000000000000000000000000000014
:109C5000000000000000BCBCA0A00004040800003C
:109C600000000000000000000000000000000000F4
:109C700000000000000000000000000000000000E4
:109C800000000000000000000000000000000000D4
:109C900000000004000000000000000000000000C0
:109CA00000000000000000000000000000000000B4
:109CB00000000000000000010000000000000000A3
:109CC0000000000000000000000000000000000094
:109CD00000002000000010000000C1000200800011
:109CE000000000000000000008000000000000006C
:109CF0000000000000000000000000000000020062
:109D00000000000000000000200000000000000033
:109D100000000000008000000000000000002000A3
:109D200000C0000000000000000000000000000073
:109D3000000000000000000000040200000000001D
:109D40000000000000000000000000000000000013
:109D500000000000000000000100000020000100E1
:109D600004000000000000000000000000000000EF
:109D700000000000000000000200000000000000E1
:109D80000000000000000000800000000000000053
:109D900000000000000000000000000000010000C2
:109DA00000000000000100A0000000A00000000072
:109DB000000400000000000100000000000000009E
:109DC0000000000000000000000100000000000092
:109DD00000000000000000000000800082000082FF
:109DE00088000000000000000000000000000000EB
:109DF0000000000000000000000001000000000062
:109E00000000000000000000000040000000000012
:109E100000000000000000410000000000000008F9
:109E2000000000000000000800000000000000002A
:109E3000000000800000000000020000002100007F
:109E4000000000000000000000000004000000000E
:109E500000000000000000000000000010004100B1
:109E600000004000000000000000000000A0000012
:109E7000000000000040030000000000000000019E
:109E80000000000080002100000080A1800100018E
:109E9000009000410000809000848000000000825B
:109EA000000000000004000000C080C100000000AD
:109EB00000000091004000030005000400040004BD
:109EC00000000000000000900000000000000004FE
:109ED0000000000000000000000000000000100072
:109EE0000000000100002001000000000000000050
:109EF0000000002100210000000000000000000020
:109F00000040004100090240001000052004200428
:109F10000020000000100005200500410421004041
:109F200084218821840000800000000004040005D2
:109F30000000002100200040008400840080008098
:109F40000080000000000000000000000000000889
:109F50000080000000000000000000000000000081
:109F6000012100400004000001200000000000006A
:109F70000000880000000000000000000000000059
:109F8000000041000000C00021008200000020000D
:109F9000A005000810000000000004000200C1003D
:109FA0004100030000000000050000000000030065
:109FB000000000010000000100010000000000009E
:109FC000000000000000000000000000000004008D
:109FD000000000010000020000000000000020005E
:109FE0000000200000008420090084000000000020
:109FF00000000000090000000000880000000000D0
:10A000000000000000000000090000001000000037
:10A0100001002182C08085000000C0000100010015
:10A0200020000010000000000000000000000005FB
:10A0300000210000002000000008000400000000D3
:10A040000000000000000000000000000000000010
:10A050000000880000040000000000000000000074
:10A0600000000000000000002100000005000000CA
:10A070000400202020000000040104010040000032
:10A08000000000008082020000000811000000C0F3
:10A090000001004003894090800000004020000142
:10A0A00010A041A0C101009000A005010000000027
:10A0B00008A04140200484200040040820104104EE
:10A0C000004004410004008800000000000000007F
:10A0D0000000000000000000000000000000000080
:10A0E0000000000000000000000004010000050066
:10A0F0000000012101800100000001080120000092
:10A10000000000100005104101408810018200404D
:10A11000A00000040040040240031000000241A11E
:10A12000000401100000202000000000000488034B
:10A13000000001218421058505850008018001803A
:10A140000080000082040080000000030000000086
:10A1500000000000000000100000000000000000EF
:10A160000000000304210411002100000120001060
:10A170000400200504000400400200C000080000A4
:10A180000004000000020084800000040000800041
:10A1900000010001830182018201000100900002A0
:10A1A0001100020010C00200204040A0418420C0E5
:10A1B00000840000001005840084000000C085C0F9
:10A1C00088040002000400040004000000000000F5
:10A1D000000000000000000000000000020000007D
:10A1E00000002000000020002000200000000004EB
:10A1F0000200110501C00100010001800000008083
:10A20000000000800000008000000200C08000000C
:10A21000080000080020202008042020C0080000BA
:10A220008280C00000000100000001100100000059
:10A23000010000000000008000000010000000008D
:10A240001000058000800080008000800005000074
:10A2500000000000000000000000000000000000FE
:10A2600000000000000000000000000000000009E5
:10A2700000A0000000844083008080090910C00015
:10A28000800002800000000000000000000000804C
:10A29000850002800000838389104141098900857F
:10A2A00090910282088209030391418820001111D4
:10A2B000084000404140000020111002902005415C
:10A2C00040831088800909890508000900080909E8
:10A2D000000000000000000000000000000000007E
:10A2E000000000000000000003000000000020004B
:10A2F0000010208505850941C18300C0828301913A
:10A3000091A08204011000A00000000000000000E5
:10A310000282118401C000048983C18509010109F9
:10A320000283C184C005010800912010C111010001
:10A330000001010100010100000003000100830190
:10A3400000010183011182010011000100000000E1
:10A3500001010000000000000000000000000000FB
:10A3600000000000000000000000000000000000ED
:10A3700001000001018488100101C101898889015F
:10A38000898909008900A10083850100010000007E
:10A3900001000001008800080008880182881189F6
:10A3A00089C1200000A0100140C0890085840901F6
:10A3B000020001000100010000000000400108C08F
:10A3C000030983898801C1009100C1080100018847
:10A3D000000101000000000000000000000000007B
:10A3E000000000000000000000000000010000006C
:10A3F0000000000008018888010084A04040080097
:10A40000A121C089200040008500898510004000FE
:10A410001100030000080000000000000811118076
:10A4200088218989000900008005808910009080BA
:10A430002109A0081000080008000800000011020F
:10A44000028082028889050310000800C0004000D5
:10A450000980002003000000000000000000000050
:10A4600000000000000800000000000000001100D3
:10A47000050005000000030305802000830002089A
:10A480008005890940000020000080A00003000032
:10A49000008000000000000000008080000002003A
:10A4A0000090858591831109001100A003410308E4
:10A4B00000854140880808100011201008030000A2
:10A4C00040100008009021101102000500022140F8
:10A4D00004091100002108400000000000000000F5
:10A4E00000000000110080000000000000000000DB
:10A4F0000020000200410021020880800391A00595
:10A50000010188018901010000C1C0A0A0A10803C8
:10A51000000000100000000000880040909000043F
:10A52000018282C1918991890000A0A0A08401A02C
:10A530000090848590099004000100000101010150
:10A540000000009100850005010100000001880164
:10A5500001000101010000010801000000000000ED
:10A5600000000000000000000800000000000000E3
:10A5700000000001000000010000010188C08240CD
:10A580000391859189110391A1A08489881100010B
:10A5900008C00000000000000000111011824000FF
:10A5A00089000400890984008910410110C000005D
:10A5B0004020004002C1050101900002008500001A
:10A5C00000000000899002A100854040849040A0D6
:10A5D00090899090010200A101000000000000009D
:10A5E00000000000000000C00000000000000000AB
:10A5F00000000000000000200000000003888389A4
:10A60000040002888905858509891180800580C03C
:10A610000021800000000000001100008380848081
:10A6200040000800C0099041910891800303820016
:10A63000090082000440A041210810800000002091
:10A64000004000000000088082100285050080089C
:10A65000801100828080400041400908090000000C
:10A66000000000000000000000800000000000006A
:10A67000000000000000000000C1002100000800F0
:10A680000541910580808181000BD000008181818E
:10A69000000BD0040600000000000000000000884D
:10A6A000000BD00082000000000BD0002100000051
:10A6B000000BD00082412184000BD00000000084F8
:10A6C0000000D001000000000660400BD0000081B7
:10A6D0000A50600BD000068100810000D08000008D
:10A6E000000000000000000000000000D00000009A
:10A6F000000000000000000000000000000000005A
:10A700000000000BD0004100000000008002800229
:10A71000000000003CFF00550000000000000000A9
:10A720000000C3C3000000000302FFFF555500F006
:10A730005CFC0F0F030303FF99666699996666999F
:10A74000000000009966A55A0000F30A030A996602
:10A7500066990000000099666699996666999669FF
:10A7600069960000000000000000000000000000EA
:10A7700000000000000000000000000000000000D9
:10A780000004FFFFF0FFFFC3FFFF0500EBEBC0037A
:10A79000C003000000003CFF005500000000000066
:10A7A000000003C33FFF000000000F0FFFFF000089
:10A7B000000F55FF0000000000FF6699996666993A
:10A7C00099660000000066995AA50000F3FA03FAA2
:10A7D000669999660000000066999966669999667F
:10A7E000699696690000000000000000000000006B
:10A7F0000000000000000000000000000000000059
:10A80000000000000000000F0000003CDFDFFFFF41
:10A8100002050F050000000000000100000000001C
:10A82000C3CC3CCC0000000000000000D8F096AA89
:10A8300000003C3C0000FC00000000000F0F5AA587
:10A84000996666990503F50399666699000099660D
:10A85000669999666699C3C3669999666699996679
:10A8600066993333A5A50000000000000000000039
:10A8700000000000000000000000000000000000D8
:10A880000000200020009966669999666699DFDFCE
:10A89000FEFE03000F000000000000D7D7000000FC
:10A8A00000003C3C3C3C00000000000000000000B8
:10A8B000000000C3D3C3000054A800000000F0F063
:10A8C000A55A6699996605F3F5F3669999660000AD
:10A8D00066999966669999663C3C99666699996607
:10A8E00066999966CCCC5A5A00000000000000001E
:10A8F0000000000000000000000000000000000058
:10A90000000000000000000066999966669999664B
:10A9100000860ABC03A000000006003C03E900001A
:10A920000086006000B000A00584007C00B000003C
:10A930000084049000990000088402D00090000078
:10A9400000AE0ADC03C0A4000000001C0002A0004E
:10A950000000009600BC0390A400008604BC03E045
:10A96000A0000018001C0000A01000000000000063
:10A97000000000000010A000000500000000000022
:10A9800000000000000000080000018600B00098F0
:10A9900000000104C33C00000000C3C3FFC320004B
:10A9A000000000000000F0F0F0F0BE14AA0040002B
:10A9B000C000D020F00000043C387D28550050F045
:10A9C0005FFF0FF00FF0996666990000000000002D
:10A9D000000000006996966966996699996666997D
:10A9E0000000000000000000000000000000000067
:10A9F0000000000000000000000000000000000057
:10AA00000000000000000000000000006699996648
:10AA1000A55A5AA5030CC33C000000000000FF002B
:10AA20000002000000000000F0F0F0F0AA00AB030C
:10AA30004040C0C0F000F00000003C3C282800006E
:10AA400055FF55FF0FF00FF0669999660000000062
:10AA500000000000000096696996669966996699FB
:10AA600099660000000000000000000000000000E7
:10AA700000000000000000000000000000000000D6
:10AA800000000000000000000000000000009966C7
:10AA90006699A55A5AA5FFFFFFFFF000E000FFF8F6
:10AAA000FFF0FF3F7DFF0000000000000000FF3CC2
:10AAB0000FCF00000000822882AA3C3F3C3FC0C06C
:10AAC000FF2800005555A55A5AA5996666990000B9
:10AAD0000000000000000000000000006699333311
:10AAE000C3C300FF996666990000000000000000E3
:10AAF0000000000000000000000000000000000056
:10AB00000000000000000000000000000000000045
:10AB1000FA0AFA0A51515D5DFFFCBEBEFF00FF005C
:10AB2000F8F8F0F000007DFF0000000000000000D9
:10AB3000FF3C0F0C000000008228280003030202E3
:10AB4000C0C0D700003C557D5AA5A55A66999966A4
:10AB500000000000000000000000000000006699F6
:10AB600033333C3CFF00669999660000000000000A
:10AB700000000000000000000000000000000000D5
:10AB800000000000000000000000000000000000C5
:10AB90000000AAAAAAAA51515D5D000000000000B1
:10ABA00000000000000000000000000000000000A5
:10ABB0000000000000000000000000000200000093
:10ABC00000000400200004C0040000000000000099
:10ABD0000000000000000000000000000000000075
:10ABE0000000000004000000000000000000000061
:10ABF000000000000000000000040004000000004D
:10AC00000000200000000000000000000200000022
:10AC10000000000020000000000000000000000014
:10AC20000000000000000000000000000000000024
:10AC30000000000000000000000000000000010013
:10AC40000000000001000100010001000000000000
:10AC500000000000000000000000000000C0000034
:10AC600000000000000000000000000000000000E4
:10AC700000000000000000000000008000800000D4
:10AC800000000000000000000000000000000100C3
:10AC900000000000000000000000000000000000B4
:10ACA00000000000000000000000000000000000A4
:10ACB0000000000080000000000000000000000014
:10ACC0000000000000000000000000001000000074
:10ACD0000000000000000000000000000000000074
:10ACE000000000000000000000A0000000000000C4
:10ACF0000000000000000000000000010001000151
:10AD00000000000000000000000000000000000043
:10AD10000000000000010000000000000000000032
:10AD20000000000000000000000000000000000023
:10AD3000000000000000040000000000000000000F
:10AD40000000000000000000000000000000000003
:10AD500000000000000000000000000000000000F3
:10AD600000000000000000000000000000000000E3
:10AD700000000000000000100000000000020002BF
:10AD80000002000090000000000000000000000031
:10AD90000000000000000010000000000000001093
:10ADA00000000000000000000000000000000000A3
:10ADB0000000000000000000200000000000200053
:10ADC0000000000100000000020400002005040152
:10ADD000040000000000000000000000000000006F
:10ADE000000000000000008400000000000000C01F
:10ADF0000000000000000010000000000005000539
:10AE00000005000100000000000000040000000038
:10AE100000000000000009C0000000004002001017
:10AE20000000001000008200000000000000000090
:10AE3000000000410000000000002004900000001D
:10AE40000100000000100021001101A1000041825A
:10AE5000002004000000000000100000002100039A
:10AE60000041001000000011000000030000000578
:10AE70000005000000000021008000210000008289
:10AE80000082008400040000000000000080000038
:10AE9000000000100000000000000000000000059D
:10AEA0000021000000080000000000000000000079
:10AEB0000000000000000200000000000000800010
:10AEC000100420004004000000000000000000000A
:10AED0000000000100010000000000000000000070
:10AEE0000000020000000000000010000000000050
:10AEF0000000100010001000000020000000000002
:10AF000000000000000000000001410000000000FF
:10AF1000000000000200000000000000001000001F
:10AF2000000000000400000000000000000000001D
:10AF30000000000000000000000000000000000011
:10AF400010000180010001800000000000000000EE
:10AF5000000000000020002000000005001000009C
:10AF600000008200001000000080000000000000CF
:10AF7000A00000000011000000000000010000001F
:10AF80000000000000000000000000200008000099
:10AF90000000000000100000000000000000008021
:10AFA00000000000000000000000000000000000A1
:10AFB000000000000000000000000000000000048D
:10AFC0002000000010008001400108010001820102
:10AFD000000104C020054101840100000541041066
:10AFE000000420000000000000A00000000000821B
:10AFF00000000000100000000000000010400800E9
:10B0000000100000000100000000830000000004A8
:10B0100000200020101000000000001000000000C0
:10B0200000000000001000004100000000000000CF
:10B03000002100000000000000210041000000008D
:10B040000004200500000105400401020510001065
:10B050001140004001000184C0200520000000A034
:10B06000004004A1000300100010000300000000D5
:10B0700000030000000000050005C0050000850079
:10B08000010000000000000200000000400000007D
:10B090000080828000A1000000000000000000008D
:10B0A0000000000000020000000000000008000096
:10B0B0000088000000000000000000A00000000068
:10B0C0000000099100000000000000000000820064
:10B0D000000082000000002020A0842180200000C9
:10B0E00000A000000000000000840000001000002C
:10B0F000002000000000008809000000000000009F
:10B100000000410000000000000400000002008276
:10B11000000400200004000000840084000000847B
:10B120000000000000000000110191000401000176
:10B1300000200000000000000000000000000000EF
:10B1400000000000000400000000000000000000FB
:10B1500009000000020000000080011105A0048326
:10B16000000084000000000000000000000000005B
:10B17000000000000000000082000000000000004D
:10B18000A00000000000000000000080000000900F
:10B190000000008000880080000010000000000017
:10B1A000000000000000000000000020040000205B
:10B1B000002000000000000000000000000000006F
:10B1C000000011000000000009000003000500401D
:10B1D000030583008000028003000005899109C1F6
:10B1E00000020880000020000900000000000000AC
:10B1F000000000000000000000000000000000004F
:10B20000000000000005840902110005020300028D
:10B210000002020200000000000000000000000028
:10B22000000000000080000000000000000000009E
:10B23000800000000000000000000000000000008E
:10B2400000000000010000000000010000010000FB
:10B2500000010100029004000104008800A103C065
:10B260000105008889828440018201C0000000003D
:10B2700000000000000000000000000000000000CE
:10B2800000000000000088018901010100010101A6
:10B2900000000000000000000000C00000000000EE
:10B2A00000000000000000820002000000C000005A
:10B2B000000002000000000000000000000000008C
:10B2C000000000000000000000000000010001007C
:10B2D0000105008201012001900005008388010022
:10B2E0008482888805820101010001A00183000099
:10B2F000000000000000000000000000000000004E
:10B3000000000000000000000000008400010000B8
:10B310000000000200020100009000010040000057
:10B32000000000000000000000000000000000001D
:10B33000001000000090000000000000000000006D
:10B3400000000000000000000000000000000900F4
:10B35000020002C111C0030900408000900090006B
:10B3600002418500838941850208400005800589E6
:10B3700000000000000000000000000000000000CD
:10B3800000000000000000000000000000000011AC
:10B390000000400002000202030000000010000054
:10B3A000001100000000000000000000000000008C
:10B3B000000000800000000000000000000000000D
:10B3C0000000000000000000000000000000000974
:10B3D0008003020300110921800300858082058318
:10B3E0000088408080808080890000888240112011
:10B3F00000C000000000000000000080000000000D
:10B400000000000000000000000000000380008039
:10B4100000000380081000020008080380000800F4
:10B42000020080000000000000000000000080001A
:10B43000800000000000400000000000000000004C
:10B4400000000000000000000000000000000000FC
:10B45000000140010100000001018201000482039B
:10B460008202008201400204A0A089C000418940FC
:10B470008383004100000000000000000080000005
:10B4800000000000000000000000000000000010AC
:10B4900000C000C0C18201010000000101010800DC
:10B4A0000100010008000000000000000000000092
:10B4B00008009000000000000000000040000000B4
:10B4C000000000000000000000000000000000007C
:10B4D0000000000000000100010001A100008490B4
:10B4E00008C19001900204000300A101C000840281
:10B4F000A000900108000000000000000000008093
:10B50000000000000000000000000000000000003B
:10B510000108010001000100010001A1000000007C
:10B52000008800C0000000000000000000000000D3
:10B5300000100000000000000000000000000000FB
:10B5400000000000000000000000000000000000FB
:10B550000000000000000000030040000903020991
:10B5600080800008000800808200410940214100DD
:10B570008080004180038000000000000000000087
:10B58000008000000000000000000000000000003B
:10B5900000000300410040001000030010030202FD
:10B5A000110000000000000000000000000000008A
:10B5B000000000000000000000000000000000008B
:10B5C000000000000000000000000000000000007B
:10B5D0000000000000099000000000000000D00002
:10B5E000004200420000D00042001242000BD00096
:10B5F00000841200000BD00000600000000000007A
:10B60000000000000000000000000000000000003A
:10B61000000000008181000BD000008800000000C5
:10B62000D00042000000000BD0000000000000002D
:10B63000000000008100000B000000000000000B73
:10B6400000000000000000000000000000000000FA
:10B650000000000000000000996699996020000039
:10B66000000000000000000004000000FFFF9999A6
:10B670000000000000000000FFFFBF00000000000D
:10B6800000000000000000000000000000000000BA
:10B690000000000000000F0FF0F300000000900019
:10B6A000101000000000000000000000000000007A
:10B6B000000000000000000000000000000000008A
:10B6C000000000000000000000000000000000007A
:10B6D00000000000000000000000FF006666662415
:10B6E0000F0C000000000000000000000000FFFF41
:10B6F00000F300000000000000000000BF00000098
:10B700000000000000000000000000000000000039
:10B710000000000000000000FFFF6666000000005F
:10B72000F0003030F9003838000000000000000060
:10B730000000000000000000000000000000000009
:10B7400000000000000000000000000000000000F9
:10B7500000000000000000000000000000000000E9
:10B7600000000000002184400000000000000000F4
:10B7700000000000000000000000000000000000C9
:10B7800000000000000000000000000000000000B9
:10B7900000000000000000000000000000000000A9
:10B7A0000000000000000000000000000000000099
:10B7B0000000000000000000000000000000000089
:10B7C0000000000000000000000000000000000079
:10B7D0000000000000000000000000000000FFFF6B
:10B7E0000000FC0003FF000000000000000000005B
:10B7F0006600606CF0FCB000C000000000003C3C43
:10B800003C3C0000000000000000000000000000C0
:10B8100000000000000000000000000080FF800029
:10B82000000000004202C30300000000000000000E
:10B830000000000000000000000000000000000008
:10B8400000000000000000000000000000000000F8
:10B8500000000000000000000000000000000000E8
:10B86000FFFF0000FCFC03030000000000000000DC
:10B8700000000000000CF0FCC000D0000000000040
:10B8800020BF3C3C00000000000000000000000061
:10B890000000000000000000000000000000C0FFE9
:10B8A000C000000000004202000066063C0C0000E0
:10B8B0000000000000000000000000000000000088
:10B8C0000000000000000000000000000000000078
:10B8D00000000000000000000000000000000086E2
:10B8E000006000B2000005005A0000000000008661
:10B8F000007C00B000000086004C038000800086C1
:10B90000006003B000000000000000000000000024
:10B910000000000000000000000000000000000027
:10B920000886006C033000000800041000020010BC
:10B93000A08650F0A0B0000500000000000000004C
:10B940000084006003B00000008600E000B000004A
:10B9500000000000000000000000000000000000E7
:10B9600000000000000000000000000000000000D7
:10B970004141400000000000FAAAFFFF00FF00FF65
:10B98000C0F0C0F0D3C35000000000000000000071
:10B9900000000000000000000000000000000000A7
:10B9A000000000000000AFFFCFCF0000000000004B
:10B9B0000000000000000000000000000000000087
:10B9C0000000000000000000000000000000000077
:10B9D0000000000000000000000000000000000067
:10B9E0000000000000000000000000000000000057
:10B9F0000000454544448000A000F3C3FFFF00FE63
:10BA000005FF00300038C3C3000000000000000044
:10BA10000000000000000000000000000000000026
:10BA200000000000000000000F00CFCF0000000069
:10BA30000000000000000000000000000000000006
:10BA400000000000000000000000000000000000F6
:10BA500000000000000000000000000000000000E6
:10BA600000000000000000000000000000000000D6
:10BA70000000000014140404040403021410141041
:10BA8000000FFFFFFFFF8A8A000000000000000097
:10BA900000000000000000000000000000000000A6
:10BAA0000000000000000000000000000000000096
:10BAB0000000000000000000000000000000000086
:10BAC0000000000000007D7DFFEB00000000000092
:10BAD0000000000000000000000000000000000066
:10BAE0000000000000000000000000000000000056
:10BAF0000000000000000000000004040302555094
:10BB00001410000FFFFFFF008ABA000000000000C1
:10BB10000000000000000000000000000000000025
:10BB20000000000000000000000000000000000015
:10BB30000000000000000000000000000000000005
:10BB40000000000000000000FFFFFFAA000000004E
:10BB500000000000000000000000000000000000E5
:10BB60000000000000008000000000000000000055
:10BB700000000000000000000000000000000500C0
:10BB800000000000000002000000000000000008AB
:10BB9000000000000008000000000000020000009B
:10BBA0000400000000000000000000000000000091
:10BBB00000000400000000001100400040002000D0
:10BBC00040000000000000000000200020002000D5
:10BBD00002004000400000000000000000000000E3
:10BBE000000000000000000008000000000000004D
:10BBF0000000000000000000000000000000000045
:10BC00000000000000000000000000000000000034
:10BC10000000000000000000000000C00000000064
:10BC2000000000000800000000000000000000000C
:10BC30000000000001000000000000000100010001
:10BC400001000100000000000000000001000100F0
:10BC500001000000010001000000000000000000E1
:10BC60000000000000000000800000000000000054
:10BC700000000000000000000000000000000000C4
:10BC800000000000000000000000000000000000B4
:10BC900000000000000000008000800000000004A0
:10BCA0008000801080000000000000008000000084
:10BCB0000000002000000000000000000000002044
:10BCC0000000000000000000800000008000000074
:10BCD0000000802080000000000000000000000044
:10BCE000000000000000000000000800000000004C
:10BCF0000000000000000000000000000000000044
:10BD00000000000000000000000000000000000033
:10BD100000000000000000000000200020000000E3
:10BD2000008020000400200000000000000004004B
:10BD300000000000000900000000000000000000FA
:10BD4000008004000010040000000800000004004F
:10BD5000000000000480200000000000000000003F
:10BD600000000000000000000000000000000000D3
:10BD700000000000000000000000000000000000C3
:10BD80000000000000008000000000010000000032
:10BD90000000000000000000000000010000800022
:10BDA0000000000000000000800000000000000013
:10BDB0000000000000200002000000000000000061
:10BDC00000000000000000100000004000C0001053
:10BDD0000000000000A0002000840000000000001F
:10BDE00080000000000000000000000000000000D3
:10BDF0000000000000000000000000000000000043
:10BE00000000000000000000100300000008000017
:10BE100000210000000800030000000000040008EA
:10BE200020000000000000000000040000000000EE
:10BE300000000000000000000000000000050000FD
:10BE400000000000000000000000000000000000F2
:10BE50000000000000000000008000000000000062
:10BE6000000020000000110000000000000000A001
:10BE700002000000000080010000110000008000AE
:10BE800000008000000080000000000000000000B2
:10BE90000000110000000000001000008000000001
:10BEA00000C000000000000088088008901080009A
:10BEB00000000090100000000000000000000004DE
:10BEC000000400048000800080008085A000000441
:10BED00000000000009000000000002000000000B2
:10BEE00080018000008200000000000000000000CF
:10BEF000000001000000000020020000000000001F
:10BF00000400C00004000000080000000000000061
:10BF100000000000400000000000000000002000C1
:10BF200000000000000000C000000480208010809D
:10BF300020000000000000000000000000000000E1
:10BF400000800080008020002000200040200500AC
:10BF500000900000000000000000000000800000D1
:10BF60001000202040001000000000000000000031
:10BF700008000000000000000000000000000308AE
:10BF8000000000000001000004000800040004009C
:10BF90000008830000010000000000000000000015
:10BFA0000200020002000000000004000020000067
:10BFB000000000200000000010000002000003004C
:10BFC00041400000040009000000000000200000C3
:10BFD0000000000000A0000000A0004000000000E1
:10BFE00041000400000000100000000000000000FC
:10BFF0000000010000000000000000000000000040
:10C00000008000000000000808000100010001009D
:10C01000C1030080100000080000000000000000C4
:10C020000000000000000000C0000000010000034C
:10C0300000000000000000000000000000000021DF
:10C04000000000000003010000000000000000806C
:10C05000040004400000000000000000020500058C
:10C0600000000000000000000000000000000000D0
:10C07000000000008000000000000000000000023E
:10C0800000000000000000000000000004000400A8
:10C090000000000000000090009000000000000080
:10C0A000000000042000A10020000800000088011A
:10C0B000080180848000000000C000900040000063
:10C0C00041000000000000000084000000000000AB
:10C0D00000A0001000A000A0001000A00010081098
:10C0E000081008100010202004200021402000002B
:10C0F00000000000000004000000000000004000FC
:10C1000000800000000000000000000000000100AE
:10C11000010000000000000000000000000000001E
:10C1200000000000000001002000010000000000ED
:10C130000908011008000800840084000000820043
:10C1400000000000000000000000000000000000EF
:10C1500000000000000000000000000800000000D7
:10C160000000000000000000018000000084018049
:10C17000000000000000000011000000000083002B
:10C1800000000000000000000000000000000000AF
:10C190008080000010000000034020028040034126
:10C1A000000000000000000000000000000000008F
:10C1B0000000804000090008100900000000000095
:10C1C000000000000000000000000080200040008F
:10C1D00000000000000080000011000000000000CE
:10C1E00000000000000000000000C0030004002068
:10C1F000100300000000000000000000000000002C
:10C2000083000000000000000000000000000000AB
:10C2100000008882848489200000010101019001CE
:10C22000000100000000000000000000000000000D
:10C2300000000000880100844000000000000000B1
:10C240000000000000000200000000000088A1A023
:10C2500001C0880200000008020000010000000088
:10C2600008000000000000000000000004010001C0
:10C2700090008900000000000000000000000000A5
:10C2800000000000000000000000000000000000AE
:10C29000000000008801900089002082C000840511
:10C2A0008888C0C0000000000000000000000000FE
:10C2B00000000000000000A000A089A00100000014
:10C2C00000000000000000000000000000008201EB
:10C2D000A001908802C102900101009000000000BE
:10C2E00000000000000000000000000400010190B8
:10C2F0000182018801000000000000000000000031
:10C30000000000000000000000020000000000002B
:10C31000000000000000C1098500A1000521000007
:10C3200080C0808500800000000000000000000048
:10C3300000110000000400001000000088094010F7
:10C3400000000000000000000000000000000000ED
:10C3500000020010008000908000112100000011F8
:10C3600000000000000000000000001100000010AC
:10C3700008002080200303000000000000000000EF
:10C3800000000000000000000000000000000000AD
:10C39000000040000000000000800080000080805D
:10C3A00020030005002040410000000000000000C4
:10C3B0000000000004000000000011094104000515
:10C3C000031000000000000080000000000040801A
:10C3D000800000808080400080000011200002006A
:10C3E000000080800000008000800000000010003D
:10C3F00000001120100400200803000000000000CD
:10C40000000000000000000000000000000000002C
:10C4100000000000010000000400001000C0902097
:10C4200088820100000100000101000000000000FE
:10C4300000000400000000000000000000000001F7
:10C44000009091000800000000001000000000C0F3
:10C4500000A0880208A088C090908802048900008B
:10C4600001004000081000880008008290000000D1
:10C47000010000000001010100008801000000002F
:10C4800000000000010000000000000000000000AB
:10C490000000000000000000000000001001880102
:10C4A00090018820C001C1200000000200000000AF
:10C4B00000000000000000820000000000400108B1
:10C4C000884000000100008800000000000000001B
:10C4D000000000000001C001C0209000C08800C022
:10C4E000004089000000000800100000000000006B
:10C4F0000090000000000102012000000000000088
:10C500000000000000000800000000000000000023
:10C510000000000000000000000000000000800398
:10C5200080108010800021030500030005800000BA
:10C53000000000000000000000800000000000007B
:10C5400040009000040020000000000000000000F7
:10C55000000000000000000900030000000000804F
:10C5600000000000110000000000000000000000BA
:10C570000000000000000000038040402020110067
:10C58000000000000000000012480009900009901F
:10C590000000000090000000000000090000000002
:10C5A0000000000B000021000000000B00000A004A
:10C5B00000000000000000000000000090004200A9
:10C5C000000000420009900000828181000BD00031
:10C5D0000000210000090000000000000009D00058
:10C5E00006000000000BD00000008181000BD0008D
:10C5F00000000000000BD00000000000000BD00085
:10C6000082000000000000000000000000000000A8
:10C61000000000000000000000000000000000001A
:10C6200000000000000000000000000A0000AA282E
:10C63000AAAA0000000000000000000000000000A6
:10C640000000000099666699CC3333CC00000000EE
:10C6500000000000000000000000000000000000DA
:10C66000000000000F0F00003C3C00000000000034
:10C670000000000000000000000000003535F0FF61
:10C68000553CFF0F00000000000000001838AC11FE
:10C69000008000000000000000000000000000001A
:10C6A0000000000000000000000000000203000085
:10C6B00050FA50FA000000000000000000000000E6
:10C6C0000000000000006699996633CCCC3300006E
:10C6D000000000000000000000000000000000005A
:10C6E0000000000000000F0F00003C3C00000000B4
:10C6F00000000000000000000000000000003535D0
:10C70000000F553C000F000000000000000000007A
:10C710000010080000000000000000000000000001
:10C72000000000000000000000000C0C0C0CFFFFDB
:10C73000FFFF0000000000000000000000000000FB
:10C740000000000000000000996666993CC3C33CED
:10C7500000000000000000000000000000000000D9
:10C76000000000000000000000003C3C0000F0F071
:10C7700000000000000000000000000000000000B9
:10C78000FF0F3A3AF0F0FF00000000000000000048
:10C790000000000000000000000000000000000099
:10C7A0000000000000000000000000001400000075
:10C7B000FFFFFFFE0000000000000000000000007E
:10C7C00000000000000000000000669999663CC36C
:10C7D000C33C00000000000000000000000000005A
:10C7E0000000000000000000000000003C3C0000D1
:10C7F000F0F0000000000000000000000000000059
:10C800000000F0003A3AAAAA3C3C000000000000F8
:10C8100000000000000000000000000050000000C8
:10C8200000800086006000B00000008600800000EC
:10C830000000018600E000A00000000000000000F1
:10C840000000A0005010A00000050000001800FC2F
:10C850000030A000A086006C03B0000000860060DD
:10C8600003900000A0865010A0800005A80054F09E
:10C87000A0320015A08600FC03100000A0865070B6
:10C88000A0F00005088604F000B2001000000000CF
:10C890000000000000009090A00C000000000000CC
:10C8A000000000000000000000000000FF0FFF0F6C
:10C8B000BE3C050FFFFFFFFF00000000000000006E
:10C8C0000000000000000000000000000000000068
:10C8D000FF0000FF0000000000000000000000005A
:10C8E0000000FFFFF0FF0A0C0A0A3C001E000000D7
:10C8F000F0F03C3C00000000000000F03030000090
:10C900000000000000000000000000000000000027
:10C910000000000000000008100D000000000000F2
:10C920000000000000000000000000000000FF0FF9
:10C93000BF4FEBC344CCFFFFFF000000000000002E
:10C9400000000000000000000000000000000000E7
:10C950000000FF0000FF00000000000000000000D9
:10C960000000000000000000000C000000000A00B1
:10C970000000F0F03C3C00000000000000F030300F
:10C9800000000000000000000000000000000000A7
:10C990000000000000000000000100000000800016
:10C9A0000000000000000000000000000000000087
:10C9B00000FFFFFFAAFF00FF00000000C03F00FFD4
:10C9C0000000000000000000000000000000000067
:10C9D00000000000FF0000FF000000000000000059
:10C9E0000000000000000000000000000000050042
:10C9F00005000000FF003C3C0000000000000000BB
:10CA00000000000000000000000000000000000026
:10CA1000000000000000000000004882C01248032F
:10CA200041100000000000000000000000000000B5
:10CA300000000FFFF0F0EABFC03F00000000EABFB7
:10CA4000AAFF00000000000000000000000000003D
:10CA5000000000000000FF0000FF000000000000D8
:10CA6000000000000000000000000000AE0CA2006A
:10CA700005003C000000FF003C3C000000000000FE
:10CA800000000000000000000000000000000000A6
:10CA90000000000000000000000000000000000096
:10CAA0000000000000000000000000000000000086
:10CAB000000000000000000000000000090000006D
:10CAC000000000000000000000000000000800005E
:10CAD0000000000000000000000000000000000056
:10CAE0000000000000000000000000000000020044
:10CAF0000000000000000000000000000000210015
:10CB000021002100000000000000000000000000E3
:10CB10000000000000000000000000000000000015
:10CB20000000000000000000000000000000000005
:10CB300000000000000000000000000000000000F5
:10CB400000000000000000000000000000000000E5
:10CB500000000000000000000000000000000000D5
:10CB600000000000000000000000000000000000C5
:10CB700000000000000000000000000000000000B5
:10CB800000000000000000000000000000000000A5
:10CB90000000000000000000000000000000000095
:10CBA0000000000000000000000000000000000085
:10CBB0000000000000000000000000000000000075
:10CBC0000000000000000000000000000000000065
:10CBD0000000000000000000000000000000000055
:10CBE0000000000000000000000000000000000045
:10CBF0000000000000000000000000000000000035
:10CC00000000000000000000000000000000000024
:10CC100000000000000000000020000000000000F4
:10CC20000000000000000000000000000000000004
:10CC300000000000000000000000000000000000F4
:10CC400000000000000000000000000000000000E4
:10CC5000A000000000000000000000000000000034
:10CC600002000000000000000000000000000000C2
:10CC700000000000000000000000000000000000B4
:10CC800000000000000000000000000000000000A4
:10CC90000000000000000000000000100000000084
:10CCA0000000000000000000000000000000000084
:10CCB0000000000000000000000000000000000074
:10CCC0000000000000000000000000000000000064
:10CCD0000000000000000000000000000000000054
:10CCE0000000000000000000000000000000000044
:10CCF0000000000000000000000000000000002014
:10CD00000000000000000000000000000000000023
:10CD10000900000000000002000200000000000006
:10CD20000000000000000000000000000000000003
:10CD3000000000008400000000000000000000006F
:10CD40000000000000000000000000000000A00043
:10CD50000200A000A0000000000000000800000089
:10CD6000000000000000000000090020000000009A
:10CD70000005000000000000880000000000001016
:10CD800000030000000000000010001082100010DE
:10CD900000110011000000008802000000000003E4
:10CDA0000000000000000000000000000000000083
:10CDB0000000000000000000000000000000000073
:10CDC0000000000000000000000000000000000063
:10CDD000000000000000080000000000000000004B
:10CDE0000000000000000000000000000000000043
:10CDF0000000000000000000000000000000000033
:10CE00000000000000000000000000000000000022
:10CE10000000000000000000000010000000000002
:10CE20000000000000000000000000000000000002
:10CE3000000000000000000000110000020040009F
:10CE40000020000002004000200000000000000060
:10CE5000000000000000A000A0008800000000000A
:10CE600000000000000000000000000000000000C2
:10CE7000000084000000000000000000000000002E
:10CE80000000080000000041000000000000000059
:10CE90000009000000000000001000101000000059
:10CEA0000800081000000000000000000000000062
:10CEB0000000000000000000000000000000000072
:10CEC0000000000000000000000000000000000062
:10CED000000000000000000002000002000000004E
:10CEE0000000000000000000000000000000000042
:10CEF000000000000800000000000000000000002A
:10CF00000000000000000000000000000800009089
:10CF10000000000000000000000000000000000011
:10CF20000000000000000000000000000000000001
:10CF300000030000000000000000000000000000EE
:10CF400000000000000000000021000000000000C0
:10CF500000000000000000000000000000000000D1
:10CF6000000900000000000002000820080008007E
:10CF70000021000000000000000000000000000090
:10CF8000000000000003000000000000000000217D
:10CF9000000040050000A0000000000300000000A9
:10CFA0000010001000000021000000000000000040
:10CFB0000000000000000900000000000000000068
:10CFC0000000000000000000000000000000000061
:10CFD0000000004000000000000000000000000011
:10CFE0000000000000000000000000000900000038
:10CFF00041000000020000000000004000000000AE
:10D000000000000000000000000000000000000020
:10D0100000000000000000000040000000000000D0
:10D0200000000000000000001100000000000000EF
:10D0300000000000000000000000000000000000F0
:10D0400000000000002000004002000002004040FC
:10D05000204000410000000000000000000000002F
:10D060000800A0008200A000000000000200880963
:10D070008809880010118400884002110000840093
:10D080008200A0000000A000A000A010000000008E
:10D090000000020000050005000000000000200064
:10D0A000040000000000000000000010000000006C
:10D0B0000000000000000000000000000000000070
:10D0C0000000000000000000000000000000000060
:10D0D0000000000000000000000000000000000050
:10D0E0000000000000000000000000000000000040
:10D0F0000000000000000000000000000000000030
:10D10000000000000000000000000000000000001F
:10D11000000000000000000000000000000000000F
:10D1200000000000000000000000000000000000FF
:10D1300000000000000000000000000000000000EF
:10D1400000000000000000000000000000000000DF
:10D1500000000000000000000000000000000000CF
:10D1600000000000000000000000000000000000BF
:10D1700000000000000000000000000000000000AF
:10D18000000000000000000000000000000000009F
:10D19000000000000000000000000000000000008F
:10D1A000000000000000000000000000000000007F
:10D1B000000000000000000000000000000000006F
:10D1C000000000000000000000000000000000005F
:10D1D000000000000000000000000000000000004F
:10D1E000000000000000000000000000000000003F
:10D1F000000000000000000000000000000000002F
:10D20000000000000000000000000000000000001E
:10D21000000000000000000000000000000000000E
:10D2200000000000000000000000000000000000FE
:10D2300000000000000000000000000000000000EE
:10D2400000000000000000000000000000000000DE
:10D2500000000000000000000000000000000000CE
:10D2600000000000000000000000000000000000BE
:10D2700000000000000000000000000000000000AE
:10D28000000000000000000000000000000000009E
:10D29000000000000000000000000000000000008E
:10D2A000000000000000000000000000000000007E
:10D2B000000000000000000000000000000000006E
:10D2C000000000000000000000000000000000005E
:10D2D000000000000000000000000000000000004E
:10D2E000000000000000000000000000000000003E
:10D2F000000000000000000000000000000000002E
:10D30000000000000000000000000000000000001D
:10D31000000000000000000000000000000000000D
:10D3200000000000000000000000000000000000FD
:10D3300000000000000000000000000000000000ED
:10D3400000000000000000000000000000000000DD
:10D3500000000000000000000000000000000000CD
:10D3600000000000000000000000000000000000BD
:10D3700000000000000000000000000000000000AD
:10D38000000000000000000000000000000000009D
:10D39000000000000000000000000000000000008D
:10D3A000000000000000000000000000000000007D
:10D3B000000000000000000000000000000000006D
:10D3C000000000000000000000000000000000005D
:10D3D000000000000000000000000000000000004D
:10D3E000000000000000000000000000000000003D
:10D3F000000000000000000000000000000000002D
:10D40000000000000000000000000000000000001C
:10D41000000000000000000000000000000000000C
:10D4200000000000000000000000000000000000FC
:10D4300000000000000000000000000000000000EC
:10D4400000000000000000000000000000000000DC
:10D4500000000000000000000000000000000000CC
:10D4600000000000000000000000000000000000BC
:10D4700000000000000000000000000000000000AC
:10D48000000000000000000000000000000000009C
:10D49000000000000000000000000000000000008C
:10D4A000000000000000000000000000000000007C
:10D4B000000000000000000000000000000000006C
:10D4C000000000000000000000000000000000005C
:10D4D000000000000000000000000000000000004C
:10D4E000000000000000000000000000000000003C
:10D4F000000000000000000000000000000000002C
:10D50000000000000000000000000000000000001B
:10D51000000000000000000000000000000000000B
:10D5200000000000000000000000000000000000FB
:10D5300000000000000000000000000000000000EB
:10D5400000000000000000000000000000000000DB
:10D5500000000000000000000000000000000000CB
:10D5600000000000000000000000000000000000BB
:10D5700000000000000000000000000000000000AB
:10D58000000000000000000000000000000000009B
:10D59000000000000000000000000000000000008B
:10D5A000000000000000000000000000000000007B
:10D5B000000000000000000000000000000000006B
:10D5C000000000000000000000000000000000005B
:10D5D000000000000000000000000000000000004B
:10D5E000000000000000000000000000000000003B
:10D5F000000000000000000000000000000000002B
:10D60000000000000000000000000000000000001A
:10D61000000000000000000000000000000000000A
:10D6200000000000000000000000000000000000FA
:10D6300000000000000000000000000000000000EA
:10D6400000000000000000000000000000000000DA
:10D6500000000000000000000000000000000000CA
:10D6600000000000000000000000000000000000BA
:10D6700000000000000000000000000000000000AA
:10D68000000000000000000000000000000000009A
:10D69000000000000000000000000000000000008A
:10D6A000000000000000000000000000000000007A
:10D6B000000000000000000000000000000000006A
:10D6C000000000000000000000000000000000005A
:10D6D000000000000000000000000000000000004A
:10D6E000000000000000000000000000000000003A
:10D6F000000000000000000000000000000000002A
:10D700000000000000000000000000000000000019
:10D710000000000000000000000000000000000009
:10D7200000000000000000000000000000000000F9
:10D7300000000000000000000000000000000000E9
:10D7400000000000000000000000020000010000D6
:10D750000000000080000000000000000000000049
:10D760000000000080000000000000000000000039
:10D7700000000000800000004000040000000000E5
:10D780000000000000000000000000000000000099
:10D79000000000000000000004000400110011005F
:10D7A0000000000000002000801080008010800039
:10D7B00040000000200004000900040000000400F4
:10D7C00040002000030004000000000001000040B1
:10D7D0000000000000000800000000000000000041
:10D7E0000000000000002000000000000000000019
:10D7F0000000000000000400000091000100000093
:10D80000000000000000000000C000000000000058
:10D810000000000000000000000001000000000007
:10D8200000000000000000000000040004000400EC
:10D8300004000100000001000100000000000000E1
:10D8400000000000000000002000000000000000B8
:10D8500000000000000000000000000000000000C8
:10D8600000000000000000000000000000000000B8
:10D8700000000000000000000000000000000000A8
:10D880000000000000000000000000008000000018
:10D890000000000000200000000000000000000068
:10D8A00000010000000080000000000000000000F7
:10D8B00080100000000000000000000000000000D8
:10D8C00000000000000000000000800000000000D8
:10D8D0000000000000000000000000000000000048
:10D8E0000000000000000000000000000000000038
:10D8F0000000000000000000000000000000000028
:10D900000000000000000000000000000000040013
:10D910000000000000000080001000000000000077
:10D920000000002000000000400000000000000097
:10D9300000000200000500000020000000000400BC
:10D9400000000000000000000000000008000000CF
:10D9500000000000000000000000000000000000C7
:10D9600000000000000000000000000000000000B7
:10D970000000000004008000001080008001000012
:10D980000000800800000440020004840000000041
:10D99000042000A00420042021A00488009000009E
:10D9A0000000800089088408008800000000000052
:10D9B0000010000000108000001000841110000012
:10D9C00008A000000000000000100002001000C0CD
:10D9D0000000000000000000000000000000000047
:10D9E0000000000000000000000000000000000037
:10D9F0000000000000000100200000002000204086
:10DA0000040000000200000001000100000000000E
:10DA10000000018000000180018000000100000082
:10DA20008200000004000480058000000000000067
:10DA300000000000000000002000000000000000C6
:10DA40000000010000000000000000000080000055
:10DA500000000800000000000000000000000000BE
:10DA60000000000020000000000000000000200175
:10DA7000A000000041000000000020002000000085
:10DA8000840200000000000080000940090000003E
:10DA9000410100008000800004000400000100013A
:10DAA000000100000000000100000001000000046F
:10DAB00000002000000400000200000008009002A6
:10DAC000020080009000200090012000050004006A
:10DAD000000108000100000000000000000000201C
:10DAE0000000000000000100000000000000000035
:10DAF00000402100000000000000000001000100C3
:10DB00000000418000080000000004000080820046
:10DB10000000001000C00400040001080100002003
:10DB2000002000200041000500200000000400004B
:10DB300000800000000000800000010000000100E3
:10DB400009800100200020000000024000000000C9
:10DB5000831000040100000000000000000000002D
:10DB6000000000000000000000A000001000000005
:10DB70000000000020000000410000000000030041
:10DB80004002000204021184098409100800008880
:10DB9000090000400400000004901140042004C06B
:10DBA00084900200092000000000030000040088A7
:10DBB000000000000000000000000000000800005D
:10DBC00000000041009000200000009002910082BF
:10DBD0000040410021020010000000000000000091
:10DBE0000000000000000000000000000000010034
:10DBF0000000000000000100000000000000000024
:10DC00000000018000800180000000000000010091
:10DC10000000C000000001000000010000000180C1
:10DC200000000500010000800000000800000080E6
:10DC300000000000000000000000000000000000E4
:10DC400000000000001000000080000800110140EA
:10DC500000000000000000000000000000000000C4
:10DC60000000000000200000000000000000000094
:10DC700040000000808520018001110002000200A8
:10DC80009100400200000002000005A08200000098
:10DC9000038403840001008441010000A1010421E8
:10DCA00000008511A18484218004410400840000C7
:10DCB000000400040491049004902001000000017D
:10DCC00000C100000084088440840482108405851B
:10DCD000C1400001218820000082200800000000CF
:10DCE0000000000000000000000000000000000034
:10DCF0000000000000000420884004200000C00054
:10DD000010410441018000000080000082000541B4
:10DD100000000041840000400400C0100000042006
:10DD200001A082000420040005A0040000000000FF
:10DD3000200010000000000400000000000400416A
:10DD400000040004000000000100010000050000C4
:10DD500000042080000400000000400000A011002A
:10DD600000000000030000000000000000000000B0
:10DD7000000000000000000080008900000010008A
:10DD800000000500080011030041082020020000E7
:10DD900000000000000002030520094084900000FC
:10DDA00003100021001110050502400280A103911B
:10DDB0000309200500020920000000400040000087
:10DDC000000000100010001180219111A0024004F9
:10DDD000030080002021001000000000110010004E
:10DDE0000000000000000100000000000000000032
:10DDF000020000000000000000000800A000000079
:10DE000001000200010001000101000141010100C7
:10DE100000000000900000000009911141898490E9
:10DE20000000C10000018800010090A001A010883E
:10DE3000010201000100400000010000000000009C
:10DE4000000000000001200100009000C100C0019E
:10DE500000000100080001000001020084004000F1
:10DE600001000000000000000000000000000000B1
:10DE70000088000000010000000011001100058270
:10DE800005030500024005018301010000A0000117
:10DE900001000901080008A091418200080040C06B
:10DEA00011020000010400850004000011010805B2
:10DEB000080582C0009000010190000000000000F1
:10DEC0000000010001A0890000A0A00091009010B6
:10DED0000001830010000400A0008301090111006B
:10DEE0004000208400000000000000000800000046
:10DEF00000000000000000040000000082208200FA
:10DF000040800391850082808520890920000000DF
:10DF100002110341880302008880831109008200F6
:10DF20004180900000001080214121840300C00244
:10DF300083C18310058008000941210010020800F8
:10DF400040004008030010001000212100000800DC
:10DF50000880000283028000C000A10090059003A9
:10DF60009000400021800000000000000000000040
:10DF70000000000020000000000000000000008001
:10DF800000800000800000880040401000C10000B8
:10DF900000C10021110300000000050080000420E2
:10DFA00000900009809100804110051100408840D8
:10DFB0000908804100021009022010054005C00236
:10DFC000080000000000080002112010212180102C
:10DFD00011800003089188830880000800A10810C0
:10DFE0000000000802100085000000000000000092
:10DFF0000000000000000000000000000000000021
:10E00000001000C000048804009100C10083008952
:10E010000040000200890391000000000100C000E0
:10E0200000890408C088400400C08200000000008D
:10E03000020082018801C001C0000101010101004C
:10E040004100000000000000890001000101000003
:10E0500082010008004001A088830004008800A01D
:10E06000094100400040002108210000000000009C
:10E0700000000000000000000000000000000000A0
:10E0800000008202880084018801008201400001B2
:10E090000082019001010000000082908882080047
:10E0A0001000834110010801890800800108010067
:10E0B0000000000004851001020190A00040001142
:10E0C00000000000000200210001010000400108E2
:10E0D000010000000088008200000088019100A07B
:10E0E000000101A0820300A18401002000000000C3
:10E0F0000000000000000000000000000000000020
:10E10000000000008089800080038020058240801C
:10E110004105038003004111410200008000000519
:10E120008021800083408041800520800080200085
:10E1300004100904102110C08521100505000000FD
:10E14000008200040000008040411110080000001F
:10E1500010110800080021001183040308000811B1
:10E1600040002110100080820041802000801200B9
:10E170000009000000900000000000000000000006
:10E180000000900000008100000B900000422184FC
:10E1900000099000118281000009900000008100B8
:10E1A0004009000006008100000900000000000096
:10E1B000000000090000420011004009000000605A
:10E1C000008100099020410000810000D000000083
:10E1D0000081000BD00000508184000BD000420071
:10E1E0008281000BD00082008181000BD0004200B0
:10E1F000000000000000000000000000000000001F
:10E20000000000000000000000000000000000000E
:10E21000000000000008000066FFFF0F660F0FFF00
:10E220000000000000000000C3C3000000410028FF
:10E23000000000004128000011220011002200000F
:10E24000412800000000AA5555AA420342030000DD
:10E25000000009180918003F00303030FF3000F08E
:10E26000F000F0C030000066000F0000000000FF6A
:10E27000000F1830200000800000000000000000A7
:10E28000000000000000000000000000000000008E
:10E29000000000020000000000006600000F660F92
:10E2A0000F000000000000000000C3C30000410098
:10E2B0002800000041280000112200001100220067
:10E2C000412800000000000055AAAA55420342035D
:10E2D0000000000009180918003F00307676FF762C
:10E2E000F000F000F0C030000066000F00000000F9
:10E2F0000000000F00000000080000000000000007
:10E30000000000000000000000000000000000000D
:10E3100000010440000000000000000000000000B8
:10E3200000000000000000000000000000000000ED
:10E3300000000000000000000000000000000000DD
:10E3400000000000000000000000000000000000CD
:10E3500000000000000000000000000000000000BD
:10E3600000000000000000000000000000000000AD
:10E37000000000000000000000000000000000009D
:10E38000000000000000000000000000000000008D
:10E39000000000000000000000003CFFFCFFC0FC8B
:10E3A00024E73C3C666600000000FFFFF0F0FFFF42
:10E3B0000C030402080100001400820044880000DD
:10E3C000100880011080080155AAAA5555AAAA551F
:10E3D000999099900F0F18900000000036003600B9
:10E3E0001F1FFF1F8888090907070707FF00F000A4
:10E3F00000000000DFFFFFFF000000000000000041
:10E40000000000000000000000000000000000000C
:10E410000000000000000000000000000000F0F01C
:10E42000C0FC24E700FF3C3C00000000FFFFF1F0CF
:10E43000FFFF30C020401080000000140082000068
:10E4400044882004400220400402AA5555AAAA5537
:10E4500055AA00900090F0F018903CF03CF0360087
:10E4600036001818FF1888889090040404040000EF
:10E47000F00000000000FFFFFFFF00001010800808
:10E4800000000000008009000000000050000000B3
:10E490000000008600A0039000000086006C03903E
:10E4A0000000088604E003920410008600A003F038
:10E4B0004C6000E700C003C00C000000008600E0D4
:10E4C00000B0080000A6008003E00000008600FC09
:10E4D00000B020000000001C000000A0008600FC2E
:10E4E00000B00000018600FC039200100006007CD2
:10E4F00003B00000008200BC03B000800008000CE4
:10E5000000000000000000200000014000000000AA
:10E5100000000000030CFDF5F0E0F0F0000000004A
:10E520004F0FF1F00000000066999966669999997D
:10E5300000000000C3C3CC33996666990000000058
:10E5400000000000000099666699000000000000CD
:10E5500000000000000000000000000000000000BB
:10E5600000000000000000000000FCFD00000000B2
:10E570000000C0C0C0C0505055553FCF7FDF0000E5
:10E580000000000080000040400000000200000089
:10E59000000000000000030CFEFAF0F0F0F00000B4
:10E5A00000000F0FF0F00000000066999966996670
:10E5B0006666000000003C3C33CC6699996600001A
:10E5C000000000000000000066999966000000004D
:10E5D000000000000000000000000000000000003B
:10E5E000000000000000000000000000FDFCC3C3AC
:10E5F00000000000C0C040C05050000030C020806B
:10E60000000000004803411240000000000000002C
:10E61000000000000000000000000000000C0000EE
:10E6200000000000FFFC00020000000000000000ED
:10E630000000000033CCCC339966669999666699E0
:10E6400000000000000000000000996666999966CD
:10E6500066990000000000000000000000000000BB
:10E66000000000000000F0F00F0F00000000333346
:10E6700069690000000002C33CFD000000001FFFAC
:10E68000F4FF000000000000000000000000000097
:10E69000000000000000000000000000000000007A
:10E6A000000000000000FFFC00000000000000006F
:10E6B00000000000000033CCCC336699996666995F
:10E6C000996600000000000000000000669999664D
:10E6D000669999660000000000000000000000003C
:10E6E0000000000000000000F0F00F0F000000002C
:10E6F000333369690000000000C33CFF00000000E4
:10E700000B00E0000000000000000200000000001C
:10E7100000000000000000000001110100000000E6
:10E720000000000000000000000084000000000065
:10E73000000082002000A000A000A000080000004F
:10E740000000800000000000000000000420000025
:10E750002100000080000400040004008400000088
:10E7600000000000000000000000000004000000A5
:10E77000040080008000840084008400040000A065
:10E780000000000000000000000000000100000088
:10E790000000000000000000000000200020000039
:10E7A0000000000000000000000000000400000065
:10E7B00000000000050001002100210021210100CE
:10E7C00000000000200000C00000000000000080E9
:10E7D000A000000000000200000000000000200077
:10E7E0000000000000000000000000000000000029
:10E7F00000000000200020000800080009000000C0
:10E800000000000000000000000000000000000008
:10E8100000000000000000000000000000000000F8
:10E8200000000000000000000000000000000000E8
:10E8300000000000000000000000000000000000D8
:10E8400000000000000000000000000000000000C8
:10E8500000000000000000040000000000000000B4
:10E8600000000000000000000000000000000000A8
:10E870000000000000000000000000000000000098
:10E880000000000000000000000000000000000088
:10E890000000000000000000000000000000000078
:10E8A0000000000000000000000000000000000068
:10E8B0000000000000000000000200000000000056
:10E8C0000000000000000000000000000000000048
:10E8D00000000000000000000080000000000000B8
:10E8E0000000000000000000000000000000000028
:10E8F0000000000000000000000000000000000018
:10E9000000000000000000000010000000000000F7
:10E9100000000000000000000000000000000000F7
:10E9200080008000000000000000000000000000E7
:10E930000000000000000000000000000000840053
:10E940000200000080020000808480000000840932
:10E9500080092085000400050083042100000000D8
:10E96000000000A00000000000000010000000A057
:10E970004000000080000000000000000000801047
:10E98000008200000001000000000000008500007F
:10E990000000000000000000000000000010000067
:10E9A0000000200010000000000000000000000037
:10E9B0000000000000000000000000000000C00097
:10E9C00021000100C00340C100050400082100002F
:10E9D00005A002C0C120008000C00040018484095D
:10E9E00000000000000000090000000000000041DD
:10E9F00000100105000004000000002100000010CC
:10EA000020210010100000200010001082000040A3
:10EA100000000000000008000000000000000000EE
:10EA200000000000000000000000000100000000E5
:10EA3000110000000000110005001000000004009B
:10EA40002000050020202000A00008001100830005
:10EA500000008400000000028000000000010000AF
:10EA6000A000000000000000800000001100000075
:10EA70000000050100004000000400000000040048
:10EA800000008400040008000804000000004100A9
:10EA9000050400000000000001000000000000006C
:10EAA0000000000000000000000000000004000062
:10EAB0000000000000000000000000000100000055
:10EAC00001000100000001801100050001000000AC
:10EAD000040000C0090000000080080000000004DD
:10EAE0000005050000000000000004000000000018
:10EAF0000000000000040000010000800000000091
:10EB00000100000009000100010001800000000078
:10EB10000000008000000000000000000000000075
:10EB20000000000000000000000410008004C0038A
:10EB30000004004000000000000000000000000091
:10EB4000000004002001A001A0050004850103C10C
:10EB5000000080A0000084C1040180A100A1008306
:10EB60008040802108040000000000A00000000098
:10EB70000000000000000000000040A000000000B5
:10EB80000001000100008800204004821000040001
:10EB900000900900000400000003000000000000D5
:10EBA0000000000000000011000000800100208033
:10EBB00021900080008000000000000000000000A4
:10EBC0000000000001000104214005A084804008ED
:10EBD000C020840510210000032001041040820899
:10EBE0008204029102A011C1C00000001021100097
:10EBF000100000000000C0210005001001100000FE
:10EC000000108204002004084100010001410110AD
:10EC100000000010000088A10000000000000000BB
:10EC200000000000000000000000000000001000D4
:10EC3000000000900004000411000000000000002B
:10EC40000000200000000400200020A02084090013
:10EC5000118500A1908502010000912102C005915B
:10EC6000411000208090002000820090009000045D
:10EC70000000110000000010000000000000110062
:10EC8000111000A00300001000C011C00840410096
:10EC9000020011840000404180C00000000000001C
:10ECA0000000000000000000000000000000000064
:10ECB0000100000000000080008000000000000053
:10ECC0000000000001000000010001050105010035
:10ECD000000000100010091000100000109000004B
:10ECE0000010008400802000008000000000000070
:10ECF0000000000000000000000000000000000014
:10ED00000000000000000000000000000000010002
:10ED100000000000000000000104200000000000CE
:10ED200000000000000000000000000011000000D2
:10ED300008000200030889094105090900000000D4
:10ED40000500000000400008004000110000000025
:10ED50000000000080000000000002800000C0A051
:10ED6000208400C1020200008280100000800000A8
:10ED70000000000000000000000000000000000093
:10ED800003008000000000000000000000008980F7
:10ED900005000000110080000900090000000000CB
:10EDA00000000000000000000000000000008800DB
:10EDB0008400010001000101910101000101000036
:10EDC00000000000000000000801900000000000AA
:10EDD0000000400000009000000020000010000033
:10EDE00085830005400300A00004048441A00010B6
:10EDF0000000000000000000000000000000000013
:10EE000000000000900000009000000020000000C2
:10EE1000898208009008014088008500A100000058
:10EE200000000000000000000000000000000000E2
:10EE3000880090008900210000000091010101017B
:10EE400000000000000000000000000000000000C2
:10EE500088000200900002830102008489A0010062
:10EE6000000003004020A1898303400184000200C8
:10EE70000405000000000000000000000000000089
:10EE8000000000000000000000010000020000007F
:10EE90008801400101000908830100A000840009E5
:10EEA000000000000000000000000800000000005A
:10EEB00000000000000090001000000003912141BC
:10EEC0000309000000000000000000000000000036
:10EED0000000000580110000808811000500A0845A
:10EEE0001005000005008200A010889180088009AC
:10EEF000000000C100000000000000110000000040
:10EF0000000000001100000000000041000080022D
:10EF100000000020090209090200914100000008D8
:10EF20000089001000000000000000000000000048
:10EF30000000000000080008000900850585001198
:10EF400000894083008000800080808000000000F5
:10EF50000000080000000000080000000010212050
:10EF600003900003000020020210110385098000B5
:10EF700000808900000000004000000080000000C8
:10EF80000000000000008000000000000000000001
:10EF900000002000000000890009030900C00000F3
:10EFA00004000300008000000000000000000000DA
:10EFB0000000000000000089009100210089000489
:10EFC00000C1000501820004000400A08840008800
:10EFD0000084004001889000000000000000000153
:10EFE00001010011A001000000000101210010003A
:10EFF00008A0904002C000820000010000008200D2
:10F000000000000000000000080000000000900068
:10F010000000000001000000021000094001008310
:10F0200000C001A001C000C00000000000000000FE
:10F03000000000000000000000010088000100C086
:10F0400001000001000001000000000000000000BD
:10F0500000200082000000008800C0108800C0006E
:10F0600001C089100100010000008301021021008D
:10F0700004208221A0100202A0A000400000000095
:10F0800000000000000000000000019001000000EE
:10F09000000000C0008400000000824084A108013C
:10F0A0000090014001880100010000000000000004
:10F0B0000000000000000000000000080000000840
:10F0C000008009000511030320000000000000007B
:10F0D00000000000008000000000000000808000B0
:10F0E0000041020084854040080000008310C1A058
:10F0F0004005820080100080008000800000000039
:10F1000000000000000000000000000009001100E5
:10F110000000000000000000000000008000000966
:10F1200000090000408020804000410000000000F5
:10F130000000000000000000000000000042000B82
:10F14000D00000000A50000BD0000A0000000009A7
:10F150000000000012420009900042001200400925
:10F160009000004800420009900000000000418823
:10F17000400990000000810000099000000081001B
:10F18000000BD00000420000000000000000818160
:10F19000000BD00000001182000BD0000000824163
:10F1A000000BD00000008250000BD000008800004F
:10F1B000000000000000000000000000000000004F
:10F1C000000001C200C34140BEB00BE000000000DF
:10F1D000000000000000000000000000000000002F
:10F1E00000000000000099666699CC33F0F0000042
:10F1F00096690FF099666699000000000000000013
:10F2000000000000000000000000000000000000FE
:10F2100000FFFF00000000000000000000000000F0
:10F22000000000003030BABAFDFCF5F0000000002C
:10F2300000000000000000000000000000000000CE
:10F240000000000000C300C30000FFF000EB00005E
:10F2500000000000000000000000000000000000AE
:10F2600000000000000000006699996633CC0F0F83
:10F27000000069960FF06699996600000000000092
:10F28000000000000000000000000000000000007E
:10F29000000000FFFF000000000000000000000070
:10F2A00000000000000030FFBAFF7D3C5500000068
:10F2B000000000000000000000000000000000004E
:10F2C00000000000000000FFFFFF07080F00050A14
:10F2D0000505000000000000000066999966000026
:10F2E000000000000000000000000000000099661F
:10F2F0006699000099666699996666990000000013
:10F3000000000000000000000000000000000000FD
:10F31000000000000000000000003C3C0000000075
:10F3200000000000000000008F828F8200000000BB
:10F3300000000000000000000000000000000000CD
:10F340000000000000000000FFFFFFFFD728FF00C3
:10F3500055AA555500000000000000006699996606
:10F36000000000000000000000000000000000009D
:10F370006699996600006699996666999966000093
:10F38000000000000000000000000000000000007D
:10F390000000000000000000000000003C3C0000F5
:10F3A00000000000000000000000FFFF8F8200004E
:10F3B000000000000000000000000000000000004D
:10F3C0000000000000000086006C00C00000008605
:10F3D000006C033000100086006000900000009672
:10F3E00000FC03900400A08650B0A3E000050008D4
:10F3F00000FC00398000000005B600DC03E0A4003A
:10F40000A0A650D0A3C004050086006001B084050A
:10F410000000000000000000A18600EC03B0001511
:10F42000008650FCA3A00005A000509CA308000586
:10F43000019650E4A3B0A005000000900000000079
:10F440000000000001000000000000003030F0303B
:10F4500000000000AF83003C00000000333333772E
:10F4600000000000CC3333CC9966669900000000A0
:10F470000000FF0000FF000000000F0FCC33000071
:10F480000000C3C3996666999966000000000000F9
:10F49000000000000000000000000000000000006C
:10F4A0000000000000000000000050505500F0F087
:10F4B0003030000000003E3E0A0A0000000000005C
:10F4C00000000000002000000000000000001010FC
:10F4D000D010000000005040003C0000000033331A
:10F4E00033770000000033CCCC3366999966000076
:10F4F00000000000FF0000FF00000000F0F033CC2F
:10F50000000000003C3C6699996666990000000086
:10F5100000000000000000000000000000000000EB
:10F5200000000000000000000000000050505500E6
:10F5300000003030000000003EFF0AFF0000000025
:10F5400000000000000000000000020000000000B9
:10F550008F8F8F8F0000000000000000000000006F
:10F56000000000000000000000000000000000009B
:10F5700033CCCC3300003C3C00FF000000003333B0
:10F58000F00F6666CC3399666699996666990000B5
:10F59000000000000000000000000000000000006B
:10F5A000000000000000000000000F0F00000C0C25
:10F5B0000F0F55003C00000000000000000040005C
:10F5C0000000000000020000000000000000000039
:10F5D00000000FFF0F0F00000000000000000000FF
:10F5E000000000000000000000000000000000001B
:10F5F000000033CCCC3300003C3C00FF0000000096
:10F60000CCCC0FF0666633CC66999966669999669C
:10F6100000000000000000000000000000000000EA
:10F620000000000000000000000000000F0F0000BC
:10F630000C0C000055003C00000000000000000021
:10F6400000000000000000000000000000000000BA
:10F6500000000000000000000000000000000000AA
:10F66000000000000000000000000000000000009A
:10F670000000000000000000000000000000210069
:10F680000000000000000000000100000000000079
:10F690000000000000000000000000004100000029
:10F6A0000400000000000000000000004100000015
:10F6B00000000000000020000000210000100000F9
:10F6C0000400000000000000000000000000000036
:10F6D000000000000000000000000000000000002A
:10F6E000000000000000000000000000000000001A
:10F6F000000000000000000000000000000000000A
:10F7000000000000000000000000001000000000E9
:10F7100000000000000000000000000000000000E9
:10F7200000000000000000000000000000000000D9
:10F7300000000000000000000000000000000000C9
:10F7400000000000000000000000000000000000B9
:10F7500000000000000000000000000000000000A9
:10F760000000000000000000000000000000000099
:10F770000000000000000000000000000000000089
:10F780000000000000000000000000000000000079
:10F790000000000000000000000000000000000069
:10F7A0000000000000000000000000000000000059
:10F7B0000000000000000000000000000000000049
:10F7C0000000000000000000000000000000000039
:10F7D0000000000000000000000000000000000029
:10F7E0000000000000000000000000000000000019
:10F7F00000000000001000000000000000000000F9
:10F8000000000000000000000000000000000000F8
:10F8100000000000000000100000000000080000D0
:10F8200000000000000000000000000000000000D8
:10F8300000000000000000100000000000000000B8
:10F8400000000000000000000000000000000000B8
:10F8500000000000000000000000000000000000A8
:10F860000000000000000000000000000000000098
:10F870000000000000000000000000000000000088
:10F880000008050005004100000005000582050094
:10F890000000090005000000050005000000000050
:10F8A0000500000000000000000000000000000053
:10F8B0000000000000000000000000000000000048
:10F8C0000000000000000000000000000000000038
:10F8D0000000000000000000001000000000000018
:10F8E0000000000000000000000000000000000018
:10F8F00000000000000000000000002100000200E5
:10F900000000000000000002000000008200000073
:10F91000000088000000000000000000000000005F
:10F9200000000000000000000000000000000000D7
:10F9300000000000000000000000000000000000C7
:10F94000000800000005C0030021000800000000BE
:10F9500000000000000000000000000000000000A7
:10F960000000000000000000000000000000000097
:10F970000000000000000000000004000000000083
:10F980000000000011001100000011000000000044
:10F990000000000002000000000000000000000065
:10F9A0000000000000000000000000000000040053
:10F9B0000000000000000000200000000000000027
:10F9C00000000000000000000000000000880000AF
:10F9D0000000000000000000000000000000000027
:10F9E0000000000000000000000000000000000017
:10F9F0000000000000000000000000000000000007
:10FA000000000000000000000000000000000000F6
:10FA100000000000000000000000000000000000E6
:10FA200000000000000000000000000000000000D6
:10FA300000000000000000000000000000000000C6
:10FA400000000000000000000000000000000000B6
:10FA500000000000000000000000000000000000A6
:10FA60000000000000000000000000000000000096
:10FA70000000000000000000000000000000000086
:10FA80000000000000000000000005000000000071
:10FA90000000000000000000000000000000000066
:10FAA0000000000000000000000000000000000056
:10FAB0000000000000000000000000000000000046
:10FAC0000000000000000000000000000000000036
:10FAD0000000000000000000000000000000000026
:10FAE0000000000000030000000000000000000013
:10FAF0000000000000000000000000050000000001
:10FB0000000000000005001000000021000000219E
:10FB1000002100000021000002030000C021C000FD
:10FB20000021C000000000000000C0210003000010
:10FB3000000084000000000000000200000000003F
:10FB400000000000C00000100021020000001000B2
:10FB5000002000080000000000000000000000007D
:10FB60000000000000000000000000000000000095
:10FB70000000000000000000000000000000000085
:10FB8000000000000000110011000000040809003E
:10FB900011000000000011401100008211400940D6
:10FBA0000000000002000004000000080200000045
:10FBB0000000000000400000000000000000000005
:10FBC0000000000000000000000000000000000035
:10FBD0000000009000000000000000000000000095
:10FBE0000000000000000000000000000000000015
:10FBF0000000000000000000000000000000000005
:10FC000000000000000000000000000000000000F4
:10FC1000000000000000000002000000000088005A
:10FC200000000000000000000000000000000000D4
:10FC300000000000000000000000000000000000C4
:10FC400000000000000000000000000000000000B4
:10FC500000000000000000000000000000000000A4
:10FC60000000000000000000000000000000000094
:10FC70000000000000000000000000000000000084
:10FC80000000000000000000000000000000000074
:10FC90000000000000000000000000000000000064
:10FCA0000000000000000000000000000000000054
:10FCB0000000000000000000000000000000000044
:10FCC0000000000000000000000000000000000034
:10FCD0000000000000000000000000000000000024
:10FCE0000000000000000000000000000000000014
:10FCF0000000000000000000000000000000000004
:10FD000000000000000000000000000000000000F3
:10FD100000000000000000000000000000000000E3
:10FD200000000000000000000000000000000000D3
:10FD300000000000000000000000000000000000C3
:10FD400000000000000000000000000000000000B3
:10FD500000000000000000000000000000000000A3
:10FD60000000000000000000000000000000000093
:10FD70000000000000000000000000000000000083
:10FD80000000000000000000000000000000000073
:10FD90000000000000000000000000000000000063
:10FDA0000000000000000100000000000000000052
:10FDB0000000000000000000000000000000000043
:10FDC0000000000000000000000000000000000033
:10FDD0000000000000000000000000000000000023
:10FDE0000000000000000000000000000000000013
:10FDF0000000000000000000000000000000000003
:10FE000000000000000000000000000000000000F2
:10FE100000000000000000000000000000000000E2
:10FE200000000000000000002000000000000000B2
:10FE300000000000000000000000000000000000C2
:10FE400000000000000000000000000000000000B2
:10FE500000000000000000000000000000000000A2
:10FE60000000000000000000000000000000000092
:10FE70000000000000000000000000000000000082
:10FE80000000000000000000000000000000000072
:10FE90000000000000000000000000000000000062
:10FEA0000000000000000000000000000000000052
:10FEB0000000000000000000000000000000000042
:10FEC0000000000000000000000000000000000032
:10FED0000000000000000000000000000000000022
:10FEE0000000000000000000000000000000000012
:10FEF0000000000000000000000000000000000002
:10FF000000000000000000000000000000000000F1
:10FF100000000000000000000000000000000000E1
:10FF200000000000000000000000000000000000D1
:10FF300000000000000000000000000000000000C1
:10FF400000000000000000000000000000000000B1
:10FF500000000000000000000000000000000000A1
:10FF60000000000000000000000000000000000091
:10FF70000000000000000000000000000000000081
:10FF80000000000000000000000000000000000071
:10FF90000000000000000000000000000000000061
:10FFA0000000000000000000000000000000000051
:10FFB0000000000000000000000000000000000041
:10FFC0000000000000000000000000000000000031
:10FFD0000000000000000000000000000000000021
:10FFE0000000000000000000000000000000000011
:10FFF0000000000000000000000000000000000001
:020000040004F6
:1000000000000000000000000000000000000000F0
:1000100000000000000000000000000000000000E0
:1000200000000000000000000000000000000000D0
:1000300000000000000000000000000000000000C0
:1000400000000000000000000000000000000000B0
:1000500000000000000000000000000000000000A0
:100060000000000000000000000000000000000090
:100070000000000000000000000000000000000080
:100080000000000000000000000000000000000070
:100090000000000000000000000000000000000060
:1000A0000000000000000000000000000000000050
:1000B0000000000000000000000000000000000040
:1000C0000000000000000000000000000000000030
:1000D0000000000000000000000000000000000020
:1000E0000000000000000000000000000000000010
:1000F0000000000000000000000000000000000000
:1001000000000000000000000000000000000000EF
:1001100000000000000000000000000000000000DF
:1001200000000000000000000000000000000000CF
:1001300000000000000000000000000000000000BF
:1001400000000000000000000000000000000000AF
:10015000000000000000000000000000000000009F
:10016000000000000000000000000000000000008F
:10017000000000000000000000000000000000007F
:10018000000000000000000000000000000000006F
:10019000000000000000000000000000000000005F
:1001A000000000000000000000000000000000004F
:1001B000000000000000000000000000000000003F
:1001C000000000000000000000000000000000002F
:1001D000000000000000000000000000000000001F
:1001E000000000000000000000000000000000000F
:1001F00000000000000000000000000000000000FF
:1002000000000000000000000000000000000000EE
:1002100000000000000000000000000000000000DE
:1002200000000000000000000000000000000000CE
:10023000400000000000000000000000000000007E
:1002400000000000000000000000000000000000AE
:10025000000000000000000000000000000000009E
:10026000000000000000000000000000000000008E
:10027000000000000000000000000000000000007E
:10028000000000000000000000000000000000006E
:10029000000000000000000000000000000000005E
:1002A000000000000000000000000000000000004E
:1002B000000000000000000000000000000000003E
:1002C000000000000000000000000000000000002E
:1002D000000000000000000000000000000000001E
:1002E000000000000000000000000000000000000E
:1002F00000000000000000000000000000000000FE
:1003000000000000000000000000000000000000ED
:1003100000000000000000000000000000000000DD
:1003200000000000000000000000000000000000CD
:1003300000000000000000000000000000000000BD
:1003400000000000000000000000000000000000AD
:10035000000000000000000000000000000000009D
:10036000000000000000000000000000000000008D
:10037000000000000000000000000000000000007D
:10038000000000000000000000000000000000006D
:10039000000000000000000000000000000000005D
:1003A000000000000000000000000000000000004D
:1003B000000000000000000000000000000000003D
:1003C000000000000000000000000000000000002D
:1003D000000000000000000000000000000000001D
:1003E000000000000000000000000000000000000D
:1003F00000000000000000000000000000000000FD
:1004000000000000000000000000000000000000EC
:1004100000000000000000000000000000000000DC
:1004200000000000000000000000000000000000CC
:1004300000000000000000000000000000000000BC
:10044000000000200000000000000000000000008C
:10045000000000000000000000000000000000009C
:10046000000000000000000000000000000000008C
:10047000000000000000000000000000000000007C
:10048000000000000000000000000000000000006C
:10049000000000000000000000000000000000005C
:1004A000000000000000000000000000000000004C
:1004B000000000000000000000000000000000003C
:1004C000000000000000000002000000000000002A
:1004D000000000000000000000000000000000001C
:1004E000000000000000000000000000000000000C
:1004F00000000000000000000000000000000000FC
:1005000000000000000000000000000000000000EB
:1005100000000000000000000000000000000000DB
:1005200000000000000000000000000000000000CB
:10053000000000000000000000000000000000803B
:1005400000000000000000000100000000000000AA
:10055000000000000000000000000000000000009B
:10056000000000000000000000000000000000008B
:10057000000000000000000000000000FFFFFFFF7F
:10058000FFFFFFFFFFFFFFFFFFFFFFFFFFFFFFFF7B
:10059000FFFFFFFFFFFFFFFFFFFFFFFFFFFFFFFF6B
:1005A000FFFFFFFFFFFFFFFFFFFFFFFFFFFFFFFF5B
:1005B000FFFFFFFFFFFFFFFFFFFFFFFFFFFFFFFF4B
:1005C000FFFFFFFFFFFFFFFFFFFFFFFFFFFFFFFF3B
:1005D000FFFFFFFFFFFFFFFFFFFFFFFFFFFFFFFF2B
:1005E000FFFFFFFFFFFFFFFFFFFFFFFFFFFFFFFF1B
:1005F000FFFFFFFFFFFFFFFFFFFFFFFFFFFFFFFF0B
:10060000FFFFFFFFFFFFFFFFFFFFFFFFFFFFFFFFFA
:10061000FFFFFFFFFFFFFFFFFFFFFFFFFFFFFFFFEA
:10062000FFFFFFFFFFFFFFFFFFFFFFFFFFFFFFFFDA
:10063000FFFFFFFFFFFFFFFFFFFFFFFFFFFFFFFFCA
:10064000FFFFFFFFFFFFFFFFFFFFFFFFFFFFFFFFBA
:10065000FFFFFFFFFFFFFFFFFFFFFFFFFFFFFFFFAA
:10066000FFFFFFFFFFFFFFFFFFFFFFFFFFFFFFFF9A
:10067000FFFFFFFFFFFFFFFFFFFFFFFFFFFFFFFF8A
:10068000000000000000000000000000000000006A
:10069000000000000000000000000000000000005A
:1006A000000000000000000000000000000000004A
:1006B000000000000000000000000000000000003A
:1006C000000000000000000000000000000000002A
:1006D000000000000000000000000000000000001A
:1006E000000000000000000000000000000000000A
:1006F00000000000000000000000000000000000FA
:1007000000000000000000000000000000000000E9
:1007100000000000000000000000000000000000D9
:1007200000000000000000000000000000000000C9
:1007300000000000000000000000000000000000B9
:1007400000000000000000000000000000000000A9
:100750000000000000000000000000000000000099
:100760000000000000000000000000000000000089
:100770000000000000000000000000000000000079
:100780000000000000000000000000000000000069
:100790000000000000000000000000000000000059
:1007A0000000000000000000000000000000000049
:1007B0000000000000000000000000000000000039
:1007C0000000000000000000000000000000000029
:1007D0000000000000000000000000000000000019
:1007E0000000000000000000000000000000000009
:1007F00000000000000000000000000000000000F9
:1008000000000000000000000000000000000000E8
:1008100000000000000000000000000000000000D8
:1008200000000000000000000000000000000000C8
:1008300000000000000000000000000000000000B8
:1008400000000000000000000000000000000000A8
:100850000000000000000000000000000000000098
:100860000000000000000000000000000000000088
:100870000000000000000000000000000000000078
:100880000000000000000000000000000000000068
:100890000000000000000000000000000000000058
:1008A0000000000000000000000000000000000048
:1008B0000000000000000000000000000000000038
:1008C0000000000000000000000000000000000028
:1008D0000000000000000000000000000000000018
:1008E0000000000000000000000000000000000008
:1008F00000000000000000000000000000000000F8
:1009000000000000000000000000000000000000E7
:1009100000000000000000000000000000000000D7
:1009200000000000000000000000000000000000C7
:1009300000000000000000000000000000000000B7
:1009400000000000000000000000000000000000A7
:100950000000000000000000000000000000000097
:100960000000000000000000000000000000000087
:100970000000000000000000000000000000000077
:100980000000000000000000000000000000000067
:100990000000000000000000000000000000000057
:1009A0000000000000000000000000000000000047
:1009B0000000000000000000000000000000000037
:1009C0000000000000000000000000000000000027
:1009D0000000000000000000000000000000000017
:1009E0000000000000000000000000000000000007
:1009F00000000000000000000000000000000000F7
:100A000000000000000000000000000000000000E6
:100A100000000000000000000000000000000000D6
:100A200000000000000000000000000000000000C6
:100A300000000000000000000000000000000000B6
:100A400000000000000000000000000000000000A6
:100A50000000000000000000000000000000000096
:100A60000000000000000000000000000000000086
:100A70000000000000000000000000000000000076
:100A80000000000000000000000000000000000066
:100A90000000000000000000000000000000000056
:100AA0000000000000000000000000000000000046
:100AB0000000000000000000000000000000000036
:100AC0000000000000000000000000000000000026
:100AD0000000000000000000000000000000000016
:100AE0000000000000000000000000000000000006
:100AF00000000000000000000000000000000000F6
:100B000000000000000000000000000000000000E5
:100B100000000000000000000000000000000000D5
:100B200000000000000000000000000000000000C5
:100B300000000000000000000000000000000000B5
:100B400000000000000000000000000000000000A5
:100B50000000000000000000000000000000000095
:100B60000000000000000000000000000000000085
:100B70000000000000000000000000000000000075
:100B80000000000000000000000000000000000065
:100B90000000000000000000000000000000000055
:100BA0000000000000000000000000000000000045
:100BB0000000000000000000000000000000000035
:100BC0000000000000000000000000000000000025
:100BD0000000000000000000000000000000000015
:100BE0000000000000000000000000000000000005
:100BF00000000000000000000000000000000000F5
:100C000000000000000000000000000000000000E4
:100C100000000000000000000000000000000000D4
:100C200000000000000000000000000000000000C4
:100C300000000000000000000000000000000000B4
:100C400000000000000000000000000000000000A4
:100C50000000000000000000000000000000000094
:100C60000000000000000000000000000000000084
:100C70000000000000000000000000000000000074
:100C80000000000000000000000000000000000064
:100C90000000000000000000000000000000000054
:100CA0000000000000000000000000000000000044
:100CB0000000000000000000000000000000000034
:100CC0000000000000000000000000000000000024
:100CD0000000000000000000000000000000000014
:100CE0000000000000000000000000000000000004
:100CF00000000000000000000000000000000000F4
:100D000000000000000000000000000000000000E3
:100D100000000000000000000000000000000000D3
:100D200000000000000000000000000000000000C3
:100D300000000000000000000000000000000000B3
:100D400000000000000000000000000000000000A3
:100D50000000000000000000000000000000000093
:100D60000000000000000000000000000000000083
:100D70000000000000000000000000000000000073
:100D80000000000000000000000000000000000063
:100D90000000000000000000000000000000000053
:100DA0000000000000000000000000000000000043
:100DB0000000000000000000000000000000000033
:100DC0000000000000000000000000000000000023
:100DD0000000000000000000000000000000000013
:100DE0000000000000000000000000000000000003
:100DF00000000000000000000000000000000000F3
:100E000000000000000000000000000000000000E2
:100E100000000000000000000000000000000000D2
:100E200000000000000000000000000000000000C2
:100E300000000000000000000000000000000000B2
:100E400000000000000000000000000000000000A2
:100E50000000000000000000000000000000000092
:100E60000000000000000000000000000000000082
:100E70000000000000000000000000000000000072
:100E80000000000000000000000000000000000062
:100E90000000000000000000000000000000000052
:100EA0000000000000000000000000000000000042
:100EB0000000000000000000000000000000000032
:100EC0000000000000000000000000000000000022
:100ED0000000000000000000000000000000000012
:100EE0000000000000000000000000000000000002
:100EF00000000000000000000000000000000000F2
:100F000000000000000000000000000000000000E1
:100F100000000000000000000000000000000000D1
:100F200000000000000000000000000000000000C1
:100F300000000000000000000000000000000000B1
:100F400000000000000000000000000000000000A1
:100F50000000000000000000000000000000000091
:100F60000000000000000000000000000000000081
:100F70000000000000000000000000000000000071
:100F80000000000000000000000000000000000061
:100F90000000000000000000000000000000000051
:100FA0000000000000000000000000000000000041
:100FB0000000000000000000000000000000000031
:100FC0000000000000000000000000000000000021
:100FD0000000000000000000000000000000000011
:100FE0000000000000000000000000000000000001
:100FF00000000000000000000000000000000000F1
:1010000000000000000000000000000000000000E0
:1010100000000000000000000000000000000000D0
:1010200000000000000000000000000000000000C0
:1010300000000000000000000000000000000000B0
:1010400000000000000000000000000000000000A0
:101050000000000000000000000000000000000090
:101060000000000000000000000000000000000080
:101070000000000000000000000000000000000070
:101080000000000000000000000000000000000060
:101090000000000000000000000000000000000050
:1010A0000000000000000000000000000000000040
:1010B0000000000000000000000000000000000030
:1010C0000000000000000000000000000000000020
:1010D0000000000000000000000000000000000010
:1010E0000000000000000000000000000000000000
:1010F00000000000000000000000000000000000F0
:1011000000000000000000000000000000000000DF
:1011100000000000000000000000000000000000CF
:1011200000000000000000000000000000000000BF
:1011300000000000000000000000000000000000AF
:10114000000000000000000000000000000000009F
:10115000000000000000000000000000000000008F
:10116000000000000000000000000000000000007F
:10117000000000000000000000000000000000006F
:10118000000000000000000000000000000000005F
:10119000000000000000000000000000000000004F
:1011A000000000000000000000000000000000003F
:1011B000000000000000000000000000000000002F
:1011C000000000000000000000000000000000001F
:1011D000000000000000000000000000000000000F
:1011E00000000000000000000000000000000000FF
:1011F00000000000000000000000000000000000EF
:1012000000000000000000000000000000000000DE
:1012100000000000000000000000000000000000CE
:1012200000000000000000000000000000000000BE
:1012300000000000000000000000000000000000AE
:10124000000000000000000000000000000000009E
:10125000000000000000000000000000000000008E
:10126000000000000000000000000000000000007E
:10127000000000000000000000000000000000006E
:10128000000000000000000000000000000000005E
:10129000000000000000000000000000000000004E
:1012A000000000000000000000000000000000003E
:1012B000000000000000000000000000000000002E
:1012C000000000000000000000000000000000001E
:1012D000000000000000000000000000000000000E
:1012E00000000000000000000000000000000000FE
:1012F00000000000000000000000000000000000EE
:1013000000000000000000000000000000000000DD
:1013100000000000000000000000000000000000CD
:1013200000000000000000000000000000000000BD
:1013300000000000000000000000000000000000AD
:10134000000000000000000000000000000000009D
:10135000000000000000000000000000000000008D
:10136000000000000000000000000000000000007D
:10137000000000000000000000000000000000006D
:10138000000000000000000000000000000000005D
:10139000000000000000000000000000000000004D
:1013A000000000000000000000000000000000003D
:1013B000000000000000000000000000000000002D
:1013C000000000000000000000000000000000001D
:1013D000000000000000000000000000000000000D
:1013E00000000000000000000000000000000000FD
:1013F00000000000000000000000000000000000ED
:1014000000000000000000000000000000000000DC
:1014100000000000000000000000000000000000CC
:1014200000000000000000000000000000000000BC
:1014300000000000000000000000000000000000AC
:10144000000000000000000000000000000000009C
:10145000000000000000000000000000000000008C
:10146000000000000000000000000000000000007C
:10147000000000000000000000000000000000006C
:10148000000000000000000000000000000000005C
:10149000000000000000000000000000000000004C
:1014A000000000000000000000000000000000003C
:1014B000000000000000000000000000000000002C
:1014C000000000000000000000000000000000001C
:1014D000000000000000000000000000000000000C
:1014E00000000000000000000000000000000000FC
:1014F00000000000000000000000000000000000EC
:1015000000000000000000000000000000000000DB
:1015100000000000000000000000000000000000CB
:1015200000000000000000000000000000000000BB
:1015300000000000000000000000000000000000AB
:10154000000000000000000000000000000000009B
:10155000000000000000000000000000000000008B
:10156000000000000000000000000000000000007B
:10157000000000000000000000000000000000006B
:10158000000000000000000000000000000000005B
:10159000000000000000000000000000000000004B
:1015A000000000000000000000000000000000003B
:1015B000000000000000000000000000000000002B
:1015C000000000000000000000000000000000001B
:1015D000000000000000000000000000000000000B
:1015E00000000000000000000000000000000000FB
:1015F00000000000000000000000000000000000EB
:1016000000000000000000000000000000000000DA
:1016100000000000000000000000000000000000CA
:1016200000000000000000000000000000000000BA
:1016300000000000000000000000000000000000AA
:10164000000000000000000000000000000000009A
:10165000000000000000000000000000000000008A
:10166000000000000000000000000000000000007A
:10167000000000000000000000000000000000006A
:10168000000000000000000000000000000000005A
:10169000000000000000000000000000000000004A
:1016A000000000000000000000000000000000003A
:1016B000000000000000000000000000000000002A
:1016C000000000000000000000000000000000001A
:1016D000000000000000000000000000000000000A
:1016E00000000000000000000000000000000000FA
:1016F00000000000000000000000000000000000EA
:1017000000000000000000000000000000000000D9
:1017100000000000000000000000000000000000C9
:1017200000000000000000000000000000000000B9
:1017300000000000000000000000000000000000A9
:101740000000000000000000000000000000000099
:101750000000000000000000000000000000000089
:101760000000000000000000000000000000000079
:101770000000000000000000000000000000000069
:101780000000000000000000000000000000000059
:101790000000000000000000000000000000000049
:1017A0000000000000000000000000000000000039
:1017B0000000000000000000000000000000000029
:1017C0000000000000000000000000000000000019
:1017D0000000000000000000000000000000000009
:1017E00000000000000000000000000000000000F9
:1017F00000000000000000000000000000000000E9
:1018000000000000000000000000000000000000D8
:1018100000000000000000000000000000000000C8
:1018200000000000000000000000000000000000B8
:1018300000000000000000000000000000000000A8
:101840000000000000000000000000000000000098
:101850000000000000000000000000000000000088
:101860000000000000000000000000000000000078
:101870000000000000000000000000000000000068
:101880000000000000000000000000000000000058
:101890000000000000000000000000000000000048
:1018A0000000000000000000000000000000000038
:1018B0000000000000000000000000000000000028
:1018C0000000000000000000000000000000000018
:1018D0000000000000000000000000000000000008
:1018E00000000000000000000000000000000000F8
:1018F00000000000000000000000000000000000E8
:1019000000000000000000000000000000000000D7
:1019100000000000000000000000000000000000C7
:1019200000000000000000000000000000000000B7
:1019300000000000000000000000000000000000A7
:101940000000000000000000000000000000000097
:101950000000000000000000000000000000000087
:101960000000000000000000000000000000000077
:101970000000000000000000000000000000000067
:101980000000000000000000000000000000000057
:101990000000000000000000000000000000000047
:1019A0000000000000000000000000000000000037
:1019B0000000000000000000000000000000000027
:1019C0000000000000000000000000000000000017
:1019D0000000000000000000000000000000000007
:1019E00000000000000000000000000000000000F7
:1019F00000000000000000000000000000000000E7
:101A000000000000000000000000000000000000D6
:101A100000000000000000000000000000000000C6
:101A200000000000000000000000000000000000B6
:101A300000000000000000000000000000000000A6
:101A40000000000000000000000000000000000096
:101A50000000000000000000000000000000000086
:101A60000000000000000000000000000000000076
:101A70000000000000000000000000000000000066
:101A80000000000000000000000000000000000056
:101A90000000000000000000000000000000000046
:101AA0000000000000000000000000000000000036
:101AB0000000000000000000000000000000000026
:101AC0000000000000000000000000000000000016
:101AD0000000000000000000000000000000000006
:101AE00000000000000000000000000000000000F6
:101AF00000000000000000000000000000000000E6
:101B000000000000000000000000000000000000D5
:101B100000000000000000000000000000000000C5
:101B200000000000000000000000000000000000B5
:101B300000000000000000000000000000000000A5
:101B40000000000000000000000000000000000095
:101B50000000000000000000000000000000000085
:101B60000000000000000000000000000000000075
:101B70000000000000000000000000000000000065
:101B80000000000000000000000000000000000055
:101B90000000000000000000000000000000000045
:101BA0000000000000000000000000000000000035
:101BB0000000000000000000000000000000000025
:101BC0000000000000000000000000000000000015
:101BD0000000000000000000000000000000000005
:101BE00000000000000000000000000000000000F5
:101BF00000000000000000000000000000000000E5
:101C000000000000000000000000000000000000D4
:101C100000000000000000000000000000000000C4
:101C200000000000000000000000000000000000B4
:101C300000000000000000000000000000000000A4
:101C40000000000000000000000000000000000094
:101C50000000000000000000000000000000000084
:101C60000000000000000000000000000000000074
:101C70000000000000000000000000000000000064
:101C80000000000000000000000000000000000054
:101C90000000000000000000000000000000000044
:101CA0000000000000000000000000000000000034
:101CB0000000000000000000000000000000000024
:101CC0000000000000000000000000000000000014
:101CD0000000000000000000000000000000000004
:101CE00000000000000000000000000000000000F4
:101CF00000000000000000000000000000000000E4
:101D000000000000000000000000000000000000D3
:101D100000000000000000000000000000000000C3
:101D200000000000000000000000000000000000B3
:101D300000000000000000000000000000000000A3
:101D40000000000000000000000000000000000093
:101D50000000000000000000000000000000000083
:101D60000000000000000000000000000000000073
:101D70000000000000000000000000000000000063
:101D80000000000000000000000000000000000053
:101D90000000000000000000000000000000000043
:101DA0000000000000000000000000000000000033
:101DB0000000000000000000000000000000000023
:101DC0000000000000000000000000000000000013
:101DD0000000000000000000000000000000000003
:101DE00000000000000000000000000000000000F3
:101DF00000000000000000000000000000000000E3
:101E000000000000000000000000000000000000D2
:101E100000000000000000000000000000000000C2
:101E200000000000000000000000000000000000B2
:101E300000000000000000000000000000000000A2
:101E40000000000000000000000000000000000092
:101E50000000000000000000000000000000000082
:101E60000000000000000000000000000000000072
:101E70000000000000000000000000000000000062
:101E80000000000000000000000000000000000052
:101E90000000000000000000000000000000000042
:101EA0000000000000000000000000000000000032
:101EB0000000000000000000000000000000000022
:101EC0000000000000000000000000000000000012
:101ED0000000000000000000000000000000000002
:101EE00000000000000000000000000000000000F2
:101EF00000000000000000000000000000000000E2
:101F000000000000000000000000000000000000D1
:101F100000000000000000000000000000000000C1
:101F200000000000000000000000000000000000B1
:101F300000000000000000000000000000000000A1
:101F40000000000000000000000000000000000091
:101F50000000000000000000000000000000000081
:101F60000000000000000000000000000000000071
:101F70000000000000000000000000000000000061
:101F80000000000000000000000000000000000051
:101F90000000000000000000000000000000000041
:101FA0000000000000000000000000000000000031
:101FB0000000000000000000000000000000000021
:101FC0000000000000000000000000000000000011
:101FD0000000000000000000000000000000000001
:101FE00000000000000000000000000000000000F1
:101FF00000000000000000000000000000000000E1
:1020000000000000000000000000000000000000D0
:1020100000000000000000000000000000000000C0
:1020200000000000000000000000000000000000B0
:1020300000000000000000000000000000000000A0
:102040000000000000000000000000000000000090
:102050000000000000000000000000000000000080
:102060000000000000000000000000000000000070
:102070000000000000000000000000000000000060
:102080000000000000000000000000000000000050
:102090000000000000000000000000000000000040
:1020A0000000000000000000000000000000000030
:1020B0000000000000000000000000000000000020
:1020C0000000000000000000000000000000000010
:1020D0000000000000000000000000000000000000
:1020E00000000000000000000000000000000000F0
:1020F00000000000000000000000000000000000E0
:1021000000000000000000000000000000000000CF
:1021100000000000000000000000000000000000BF
:1021200000000000000000000000000000000000AF
:10213000000000000000000000000000000000009F
:10214000000000000000000000000000000000008F
:10215000000000000000000000000000000000007F
:10216000000000000000000000000000000000006F
:10217000000000000000000000000000000000005F
:10218000000000000000000000000000000000004F
:10219000000000000000000000000000000000003F
:1021A000000000000000000000000000000000002F
:1021B000000000000000000000000000000000001F
:1021C000000000000000000000000000000000000F
:1021D00000000000000000000000000000000000FF
:1021E00000000000000000000000000000000000EF
:1021F00000000000000000000000000000000000DF
:1022000000000000000000000000000000000000CE
:1022100000000000000000000000000000000000BE
:1022200000000000000000000000000000000000AE
:10223000000000000000000000000000000000009E
:10224000000000000000000000000000000000008E
:10225000000000000000000000000000000000007E
:10226000000000000000000000000000000000006E
:10227000000000000000000000000000000000005E
:10228000000000000000000000000000000000004E
:10229000000000000000000000000000000000003E
:1022A000000000000000000000000000000000002E
:1022B000000000000000000000000000000000001E
:1022C000000000000000000000000000000000000E
:1022D00000000000000000000000000000000000FE
:1022E00000000000000000000000000000000000EE
:1022F00000000000000000000000000000000000DE
:1023000000000000000000000000000000000000CD
:1023100000000000000000000000000000000000BD
:1023200000000000000000000000000000000000AD
:10233000000000000000000000000000000000009D
:10234000000000000000000000000000000000008D
:10235000000000000000000000000000000000007D
:10236000000000000000000000000000000000006D
:10237000000000000000000000000000000000005D
:10238000000000000000000000000000000000004D
:10239000000000000000000000000000000000003D
:1023A000000000000000000000000000000000002D
:1023B000000000000000000000000000000000001D
:1023C000000000000000000000000000000000000D
:1023D00000000000000000000000000000000000FD
:1023E00000000000000000000000000000000000ED
:1023F00000000000000000000000000000000000DD
:1024000000000000000000000000000000000000CC
:1024100000000000000000000000000000000000BC
:1024200000000000000000000000000000000000AC
:10243000000000000000000000000000000000009C
:10244000000000000000000000000000000000008C
:10245000000000000000000000000000000000007C
:10246000000000000000000000000000000000006C
:10247000000000000000000000000000000000005C
:10248000000000000000000000000000000000004C
:10249000000000000000000000000000000000003C
:1024A000000000000000000000000000000000002C
:1024B000000000000000000000000000000000001C
:1024C000000000000000000000000000000000000C
:1024D00000000000000000000000000000000000FC
:1024E00000000000000000000000000000000000EC
:1024F00000000000000000000000000000000000DC
:1025000000000000000000000000000000000000CB
:1025100000000000000000000000000000000000BB
:1025200000000000000000000000000000000000AB
:10253000000000000000000000000000000000009B
:10254000000000000000000000000000000000008B
:10255000000000000000000000000000000000007B
:10256000000000000000000000000000000000006B
:10257000000000000000000000000000000000005B
:10258000000000000000000000000000000000004B
:10259000000000000000000000000000000000003B
:1025A000000000000000000000000000000000002B
:1025B000000000000000000000000000000000001B
:1025C000000000000000000000000000000000000B
:1025D00000000000000000000000000000000000FB
:1025E00000000000000000000000000000000000EB
:1025F00000000000000000000000000000000000DB
:1026000000000000000000000000000000000000CA
:1026100000000000000000000000000000000000BA
:1026200000000000000000000000000000000000AA
:10263000000000000000000000000000000000009A
:10264000000000000000000000000000000000008A
:10265000000000000000000000000000000000007A
:10266000000000000000000000000000000000006A
:10267000000000000000000000000000000000005A
:10268000000000000000000000000000000000004A
:10269000000000000000000000000000000000003A
:1026A000000000000000000000000000000000002A
:1026B000000000000000000000000000000000001A
:1026C000000000000000000000000000000000000A
:1026D00000000000000000000000000000000000FA
:1026E00000000000000000000000000000000000EA
:1026F00000000000000000000000000000000000DA
:1027000000000000000000000000000000000000C9
:1027100000000000000000000000000000000000B9
:1027200000000000000000000000000000000000A9
:102730000000000000000000000000000000000099
:102740000000000000000000000000000000000089
:102750000000000000000000000000000000000079
:102760000000000000000000000000000000000069
:102770000000000000000000000000000000000059
:102780000000000000000000000000000000000049
:102790000000000000000000000000000000000039
:1027A0000000000000000000000000000000000029
:1027B0000000000000000000000000000000000019
:1027C0000000000000000000000000000000000009
:1027D00000000000000000000000000000000000F9
:1027E00000000000000000000000000000000000E9
:1027F00000000000000000000000000000000000D9
:1028000000000000000000000000000000000000C8
:1028100000000000000000000000000000000000B8
:1028200000000000000000000000000000000000A8
:102830000000000000000000000000000000000098
:102840000000000000000000000000000000000088
:102850000000000000000000000000000000000078
:102860000000000000000000000000000000000068
:102870000000000000000000000000000000000058
:102880000000000000000000000000000000000048
:102890000000000000000000000000000000000038
:1028A0000000000000000000000000000000000028
:1028B0000000000000000000000000000000000018
:1028C0000000000000000000000000000000000008
:1028D00000000000000000000000000000000000F8
:1028E00000000000000000000000000000000000E8
:1028F00000000000000000000000000000000000D8
:1029000000000000000000000000000000000000C7
:1029100000000000000000000000000000000000B7
:1029200000000000000000000000000000000000A7
:102930000000000000000000000000000000000097
:102940000000000000000000000000000000000087
:102950000000000000000000000000000000000077
:102960000000000000000000000000000000000067
:102970000000000000000000000000000000000057
:102980000000000000000000000000000000000047
:102990000000000000000000000000000000000037
:1029A0000000000000000000000000000000000027
:1029B0000000000000000000000000000000000017
:1029C0000000000000000000000000000000000007
:1029D00000000000000000000000000000000000F7
:1029E00000000000000000000000000000000000E7
:1029F00000000000000000000000000000000000D7
:102A000000000000000000000000000000000000C6
:102A100000000000000000000000000000000000B6
:102A200000000000000000000000000000000000A6
:102A30000000000000000000000000000000000096
:102A40000000000000000000000000000000000086
:102A50000000000000000000000000000000000076
:102A60000000000000000000000000000000000066
:102A70000000000000000000000000000000000056
:102A80000000000000000000000000000000000046
:102A90000000000000000000000000000000000036
:102AA0000000000000000000000000000000000026
:102AB0000000000000000000000000000000000016
:102AC0000000000000000000000000000000000006
:102AD00000000000000000000000000000000000F6
:102AE00000000000000000000000000000000000E6
:102AF00000000000000000000000000000000000D6
:102B000000000000000000000000000000000000C5
:102B100000000000000000000000000000000000B5
:102B200000000000000000000000000000000000A5
:102B30000000000000000000000000000000000095
:102B40000000000000000000000000000000000085
:102B50000000000000000000000000000000000075
:102B60000000000000000000000000000000000065
:102B70000000000000000000000000000000000055
:102B80000000000000000000000000000000000045
:102B90000000000000000000000000000000000035
:102BA0000000000000000000000000000000000025
:102BB0000000000000000000000000000000000015
:102BC0000000000000000000000000000000000005
:102BD00000000000000000000000000000000000F5
:102BE00000000000000000000000000000000000E5
:102BF00000000000000000000000000000000000D5
:102C000000000000000000000000000000000000C4
:102C100000000000000000000000000000000000B4
:102C200000000000000000000000000000000000A4
:102C30000000000000000000000000000000000094
:102C40000000000000000000000000000000000084
:102C50000000000000000000000000000000000074
:102C60000000000000000000000000000000000064
:102C70000000000000000000000000000000000054
:102C80000000000000000000000000000000000044
:102C90000000000000000000000000000000000034
:102CA0000000000000000000000000000000000024
:102CB0000000000000000000000000000000000014
:102CC0000000000000000000000000000000000004
:102CD00000000000000000000000000000000000F4
:102CE00000000000000000000000000000000000E4
:102CF00000000000000000000000000000000000D4
:102D000000000000000000000000000000000000C3
:102D100000000000000000000000000000000000B3
:102D200000000000000000000000000000000000A3
:102D30000000000000000000000000000000000093
:102D40000000000000000000000000000000000083
:102D50000000000000000000000000000000000073
:102D60000000000000000000000000000000000063
:102D70000000000000000000000000000000000053
:102D80000000000000000000000000000000000043
:102D90000000000000000000000000000000000033
:102DA0000000000000000000000000000000000023
:102DB0000000000000000000000000000000000013
:102DC0000000000000000000000000000000000003
:102DD00000000000000000000000000000000000F3
:102DE00000000000000000000000000000000000E3
:102DF00000000000000000000000000000000000D3
:102E000000000000000000000000000000000000C2
:102E100000000000000000000000000000000000B2
:102E200000000000000000000000000000000000A2
:102E30000000000000000000000000000000000092
:102E40000000000000000000000000000000000082
:102E50000000000000000000000000000000000072
:102E60000000000000000000000000000000000062
:102E70000000000000000000000000000000000052
:102E80000000000000000000000000000000000042
:102E90000000000000000000000000000000000032
:102EA0000000000000000000000000000000000022
:102EB0000000000000000000000000000000000012
:102EC0000000000000000000000000000000000002
:102ED00000000000000000000000000000000000F2
:102EE00000000000000000000000000000000000E2
:102EF00000000000000000000000000000000000D2
:102F000000000000000000000000000000000000C1
:102F100000000000000000000000000000000000B1
:102F200000000000000000000000000000000000A1
:102F30000000000000000000000000000000000091
:102F40000000000000000000000000000000000081
:102F50000000000000000000000000000000000071
:102F60000000000000000000000000000000000061
:102F70000000000000000000000000000000000051
:102F80000000000000000000000000000000000041
:102F90000000000000000000000000000000000031
:102FA0000000000000000000000000000000000021
:102FB0000000000000000000000000000000000011
:102FC0000000000000000000000000000000000001
:102FD00000000000000000000000000000000000F1
:102FE00000000000000000000000000000000000E1
:102FF00000000000000000000000000000000000D1
:1030000000000000000000000000000000000000C0
:1030100000000000000000000000000000000000B0
:1030200000000000000000000000000000000000A0
:103030000000000000000000000000000000000090
:103040000000000000000000000000000000000080
:103050000000000000000000000000000000000070
:103060000000000000000000000000000000000060
:103070000000000000000000000000000000000050
:103080000000000000000000000000000000000040
:103090000000000000000000000000000000000030
:1030A0000000000000000000000000000000000020
:1030B0000000000000000000000000000000000010
:1030C0000000000000000000000000000000000000
:1030D00000000000000000000000000000000000F0
:1030E00000000000000000000000000000000000E0
:1030F00000000000000000000000000000000000D0
:1031000000000000000000000000000000000000BF
:1031100000000000000000000000000000000000AF
:10312000000000000000000000000000000000009F
:10313000000000000000000000000000000000008F
:10314000000000000000000000000000000000007F
:10315000000000000000000000000000000000006F
:10316000000000000000000000000000000000005F
:10317000000000000000000000000000000000004F
:10318000000000000000000000000000000000003F
:10319000000000000000000000000000000000002F
:1031A000000000000000000000000000000000001F
:1031B000000000000000000000000000000000000F
:1031C00000000000000000000000000000000000FF
:1031D00000000000000000000000000000000000EF
:1031E00000000000000000000000000000000000DF
:1031F00000000000000000000000000000000000CF
:1032000000000000000000000000000000000000BE
:1032100000000000000000000000000000000000AE
:10322000000000000000000000000000000000009E
:10323000000000000000000000000000000000008E
:10324000000000000000000000000000000000007E
:10325000000000000000000000000000000000006E
:10326000000000000000000000000000000000005E
:10327000000000000000000000000000000000004E
:10328000000000000000000000000000000000003E
:10329000000000000000000000000000000000002E
:1032A000000000000000000000000000000000001E
:1032B000000000000000000000000000000000000E
:1032C00000000000000000000000000000000000FE
:1032D00000000000000000000000000000000000EE
:1032E00000000000000000000000000000000000DE
:1032F00000000000000000000000000000000000CE
:1033000000000000000000000000000000000000BD
:1033100000000000000000000000000000000000AD
:10332000000000000000000000000000000000009D
:10333000000000000000000000000000000000008D
:10334000000000000000000000000000000000007D
:10335000000000000000000000000000000000006D
:10336000000000000000000000000000000000005D
:10337000000000000000000000000000000000004D
:10338000000000000000000000000000000000003D
:10339000000000000000000000000000000000002D
:1033A000000000000000000000000000000000001D
:1033B000000000000000000000000000000000000D
:1033C00000000000000000000000000000000000FD
:1033D00000000000000000000000000000000000ED
:1033E00000000000000000000000000000000000DD
:1033F00000000000000000000000000000000000CD
:1034000000000000000000000000000000000000BC
:1034100000000000000000000000000000000000AC
:10342000000000000000000000000000000000009C
:10343000000000000000000000000000000000008C
:10344000000000000000000000000000000000007C
:10345000000000000000000000000000000000006C
:10346000000000000000000000000000000000005C
:10347000000000000000000000000000000000004C
:10348000000000000000000000000000000000003C
:10349000000000000000000000000000000000002C
:1034A000000000000000000000000000000000001C
:1034B000000000000000000000000000000000000C
:1034C00000000000000000000000000000000000FC
:1034D00000000000000000000000000000000000EC
:1034E00000000000000000000000000000000000DC
:1034F00000000000000000000000000000000000CC
:1035000000000000000000000000000000000000BB
:1035100000000000000000000000000000000000AB
:10352000000000000000000000000000000000009B
:10353000000000000000000000000000000000008B
:10354000000000000000000000000000000000007B
:10355000000000000000000000000000000000006B
:10356000000000000000000000000000000000005B
:10357000000000000000000000000000000000004B
:10358000000000000000000000000000000000003B
:10359000000000000000000000000000000000002B
:1035A000000000000000000000000000000000001B
:1035B000000000000000000000000000000000000B
:1035C00000000000000000000000000000000000FB
:1035D00000000000000000000000000000000000EB
:1035E00000000000000000000000000000000000DB
:1035F00000000000000000000000000000000000CB
:1036000000000000000000000000000000000000BA
:1036100000000000000000000000000000000000AA
:10362000000000000000000000000000000000009A
:10363000000000000000000000000000000000008A
:10364000000000000000000000000000000000007A
:10365000000000000000000000000000000000006A
:10366000000000000000000000000000000000005A
:10367000000000000000000000000000000000004A
:10368000000000000000000000000000000000003A
:10369000000000000000000000000000000000002A
:1036A000000000000000000000000000000000001A
:1036B000000000000000000000000000000000000A
:1036C00000000000000000000000000000000000FA
:1036D00000000000000000000000000000000000EA
:1036E00000000000000000000000000000000000DA
:1036F00000000000000000000000000000000000CA
:1037000000000000000000000000000000000000B9
:1037100000000000000000000000000000000000A9
:103720000000000000000000000000000000000099
:103730000000000000000000000000000000000089
:103740000000000000000000000000000000000079
:103750000000000000000000000000000000000069
:103760000000000000000000000000000000000059
:103770000000000000000000000000000000000049
:103780000000000000000000000000000000000039
:103790000000000000000000000000000000000029
:1037A0000000000000000000000000000000000019
:1037B0000000000000000000000000000000000009
:1037C00000000000000000000000000000000000F9
:1037D00000000000000000000000000000000000E9
:1037E00000000000000000000000000000000000D9
:1037F00000000000000000000000000000000000C9
:1038000000000000000000000000000000000000B8
:1038100000000000000000000000000000000000A8
:103820000000000000000000000000000000000098
:103830000000000000000000000000000000000088
:103840000000000000000000000000000000000078
:103850000000000000000000000000000000000068
:103860000000000000000000000000000000000058
:103870000000000000000000000000000000000048
:103880000000000000000000000000000000000038
:103890000000000000000000000000000000000028
:1038A0000000000000000000000000000000000018
:1038B0000000000000000000000000000000000008
:1038C00000000000000000000000000000000000F8
:1038D00000000000000000000000000000000000E8
:1038E00000000000000000000000000000000000D8
:1038F00000000000000000000000000000000000C8
:1039000000000000000000000000000000000000B7
:1039100000000000000000000000000000000000A7
:103920000000000000000000000000000000000097
:103930000000000000000000000000000000000087
:103940000000000000000000000000000000000077
:103950000000000000000000000000000000000067
:103960000000000000000000000000000000000057
:103970000000000000000000000000000000000047
:103980000000000000000000000000000000000037
:103990000000000000000000000000000000000027
:1039A0000000000000000000000000000000000017
:1039B0000000000000000000000000000000000007
:1039C00000000000000000000000000000000000F7
:1039D00000000000000000000000000000000000E7
:1039E00000000000000000000000000000000000D7
:1039F00000000000000000000000000000000000C7
:103A000000000000000000000000000000000000B6
:103A100000000000000000000000000000000000A6
:103A20000000000000000000000000000000000096
:103A30000000000000000000000000000000000086
:103A40000000000000000000000000000000000076
:103A50000000000000000000000000000000000066
:103A60000000000000000000000000000000000056
:103A70000000000000000000000000000000000046
:103A80000000000000000000000000000000000036
:103A90000000000000000000000000000000000026
:103AA0000000000000000000000000000000000016
:103AB0000000000000000000000000000000000006
:103AC00000000000000000000000000000000000F6
:103AD00000000000000000000000000000000000E6
:103AE00000000000000000000000000000000000D6
:103AF00000000000000000000000000000000000C6
:103B000000000000000000000000000000000000B5
:103B100000000000000000000000000000000000A5
:103B20000000000000000000000000000000000095
:103B30000000000000000000000000000000000085
:103B40000000000000000000000000000000000075
:103B50000000000000000000000000000000000065
:103B60000000000000000000000000000000000055
:103B70000000000000000000000000000000000045
:103B80000000000000000000000000000000000035
:103B90000000000000000000000000000000000025
:103BA0000000000000000000000000000000000015
:103BB0000000000000000000000000000000000005
:103BC00000000000000000000000000000000000F5
:103BD00000000000000000000000000000000000E5
:103BE00000000000000000000000000000000000D5
:103BF00000000000000000000000000000000000C5
:103C000000000000000000000000000000000000B4
:103C100000000000000000000000000000000000A4
:103C20000000000000000000000000000000000094
:103C30000000000000000000000000000000000084
:103C40000000000000000000000000000000000074
:103C50000000000000000000000000000000000064
:103C60000000000000000000000000000000000054
:103C70000000000000000000000000000000000044
:103C80000000000000000000000000000000000034
:103C90000000000000000000000000000000000024
:103CA0000000000000000000000000000000000014
:103CB0000000000000000000000000000000000004
:103CC00000000000000000000000000000000000F4
:103CD00000000000000000000000000000000000E4
:103CE00000000000000000000000000000000000D4
:103CF00000000000000000000000000000000000C4
:103D000000000000000000000000000000000000B3
:103D100000000000000000000000000000000000A3
:103D20000000000000000000000000000000000093
:103D30000000000000000000000000000000000083
:103D40000000000000000000000000000000000073
:103D50000000000000000000000000000000000063
:103D60000000000000000000000000000000000053
:103D70000000000000000000000000000000000043
:103D80000000000000000000000000000000000033
:103D90000000000000000000000000000000000023
:103DA0000000000000000000000000000000000013
:103DB0000000000000000000000000000000000003
:103DC00000000000000000000000000000000000F3
:103DD00000000000000000000000000000000000E3
:103DE00000000000000000000000000000000000D3
:103DF00000000000000000000000000000000000C3
:103E000000000000000000000000000000000000B2
:103E100000000000000000000000000000000000A2
:103E20000000000000000000000000000000000092
:103E30000000000000000000000000000000000082
:103E40000000000000000000000000000000000072
:103E50000000000000000000000000000000000062
:103E60000000000000000000000000000000000052
:103E70000000000000000000000000000000000042
:103E80000000000000000000000000000000000032
:103E90000000000000000000000000000000000022
:103EA0000000000000000000000000000000000012
:103EB0000000000000000000000000000000000002
:103EC00000000000000000000000000000000000F2
:103ED00000000000000000000000000000000000E2
:103EE00000000000000000000000000000000000D2
:103EF00000000000000000000000000000000000C2
:103F000000000000000000000000000000000000B1
:103F100000000000000000000000000000000000A1
:103F20000000000000000000000000000000000091
:103F30000000000000000000000000000000000081
:103F40000000000000000000000000000000000071
:103F50000000000000000000000000000000000061
:103F60000000000000000000000000000000000051
:103F70000000000000000000000000000000000041
:103F80000000000000000000000000000000000031
:103F90000000000000000000000000000000000021
:103FA0000000000000000000000000000000000011
:103FB0000000000000000000000000000000000001
:103FC00000000000000000000000000000000000F1
:103FD00000000000000000000000000000000000E1
:103FE00000000000000000000000000000000000D1
:103FF00000000000000000000000000000000000C1
:1040000000000000000000000000000000000000B0
:1040100000000000000000000000000000000000A0
:104020000000000000000000000000000000000090
:104030000000000000000000000000000000000080
:104040000000000000000000000000000000000070
:104050000000000000000000000000000000000060
:104060000000000000000000000000000000000050
:104070000000000000000000000000000000000040
:104080000000000000000000000000000000000030
:104090000000000000000000000000000000000020
:1040A0000000000000000000000000000000000010
:1040B0000000000000000000000000000000000000
:1040C00000000000000000000000000000000000F0
:1040D00000000000000000000000000000000000E0
:1040E00000000000000000000000000000000000D0
:1040F00000000000000000000000000000000000C0
:1041000000000000000000000000000000000000AF
:10411000000000000000000000000000000000009F
:10412000000000000000000000000000000000008F
:10413000000000000000000000000000000000007F
:10414000000000000000000000000000000000006F
:10415000000000000000000000000000000000005F
:10416000000000000000000000000000000000004F
:10417000000000000000000000000000000000003F
:10418000000000000000000000000000000000002F
:10419000000000000000000000000000000000001F
:1041A000000000000000000000000000000000000F
:1041B00000000000000000000000000000000000FF
:1041C00000000000000000000000000000000000EF
:1041D00000000000000000000000000000000000DF
:1041E00000000000000000000000000000000000CF
:1041F00000000000000000000000000000000000BF
:1042000000000000000000000000000000000000AE
:10421000000000000000000000000000000000009E
:10422000000000000000000000000000000000008E
:10423000000000000000000000000000000000007E
:10424000000000000000000000000000000000006E
:10425000000000000000000000000000000000005E
:10426000000000000000000000000000000000004E
:10427000000000000000000000000000000000003E
:10428000000000000000000000000000000000002E
:10429000000000000000000000000000000000001E
:1042A000000000000000000000000000000000000E
:1042B00000000000000000000000000000000000FE
:1042C00000000000000000000000000000000000EE
:1042D00000000000000000000000000000000000DE
:1042E00000000000000000000000000000000000CE
:1042F00000000000000000000000000000000000BE
:1043000000000000000000000000000000000000AD
:10431000000000000000000000000000000000009D
:10432000000000000000000000000000000000008D
:10433000000000000000000000000000000000007D
:10434000000000000000000000000000000000006D
:10435000000000000000000000000000000000005D
:10436000000000000000000000000000000000004D
:10437000000000000000000000000000000000003D
:10438000000000000000000000000000000000002D
:10439000000000000000000000000000000000001D
:1043A000000000000000000000000000000000000D
:1043B00000000000000000000000000000000000FD
:1043C00000000000000000000000000000000000ED
:1043D00000000000000000000000000000000000DD
:1043E00000000000000000000000000000000000CD
:1043F00000000000000000000000000000000000BD
:1044000000000000000000000000000000000000AC
:10441000000000000000000000000000000000009C
:10442000000000000000000000000000000000008C
:10443000000000000000000000000000000000007C
:10444000000000000000000000000000000000006C
:10445000000000000000000000000000000000005C
:10446000000000000000000000000000000000004C
:10447000000000000000000000000000000000003C
:10448000000000000000000000000000000000002C
:10449000000000000000000000000000000000001C
:1044A000000000000000000000000000000000000C
:1044B00000000000000000000000000000000000FC
:1044C00000000000000000000000000000000000EC
:1044D00000000000000000000000000000000000DC
:1044E00000000000000000000000000000000000CC
:1044F00000000000000000000000000000000000BC
:1045000000000000000000000000000000000000AB
:10451000000000000000000000000000000000009B
:10452000000000000000000000000000000000008B
:10453000000000000000000000000000000000007B
:10454000000000000000000000000000000000006B
:10455000000000000000000000000000000000005B
:10456000000000000000000000000000000000004B
:10457000000000000000000000000000000000003B
:10458000000000000000000000000000000000002B
:10459000000000000000000000000000000000001B
:1045A000000000000000000000000000000000000B
:1045B00000000000000000000000000000000000FB
:1045C00000000000000000000000000000000000EB
:1045D00000000000000000000000000000000000DB
:1045E00000000000000000000000000000000000CB
:1045F00000000000000000000000000000000000BB
:1046000000000000000000000000000000000000AA
:10461000000000000000000000000000000000009A
:10462000000000000000000000000000000000008A
:10463000000000000000000000000000000000007A
:10464000000000000000000000000000000000006A
:10465000000000000000000000000000000000005A
:10466000000000000000000000000000000000004A
:10467000000000000000000000000000000000003A
:10468000000000000000000000000000000000002A
:10469000000000000000000000000000000000001A
:1046A000000000000000000000000000000000000A
:1046B00000000000000000000000000000000000FA
:1046C00000000000000000000000000000000000EA
:1046D00000000000000000000000000000000000DA
:1046E00000000000000000000000000000000000CA
:1046F00000000000000000000000000000000000BA
:1047000000000000000000000000000000000000A9
:104710000000000000000000000000000000000099
:104720000000000000000000000000000000000089
:104730000000000000000000000000000000000079
:104740000000000000000000000000000000000069
:104750000000000000000000000000000000000059
:104760000000000000000000000000000000000049
:104770000000000000000000000000000000000039
:104780000000000000000000000000000000000029
:104790000000000000000000000000000000000019
:1047A0000000000000000000000000000000000009
:1047B00000000000000000000000000000000000F9
:1047C00000000000000000000000000000000000E9
:1047D00000000000000000000000000000000000D9
:1047E00000000000000000000000000000000000C9
:1047F00000000000000000000000000000000000B9
:1048000000000000000000000000000000000000A8
:104810000000000000000000000000000000000098
:104820000000000000000000000000000000000088
:104830000000000000000000000000000000000078
:104840000000000000000000000000000000000068
:104850000000000000000000000000000000000058
:104860000000000000000000000000000000000048
:104870000000000000000000000000000000000038
:104880000000000000000000000000000000000028
:104890000000000000000000000000000000000018
:1048A0000000000000000000000000000000000008
:1048B00000000000000000000000000000000000F8
:1048C00000000000000000000000000000000000E8
:1048D00000000000000000000000000000000000D8
:1048E00000000000000000000000000000000000C8
:1048F00000000000000000000000000000000000B8
:1049000000000000000000000000000000000000A7
:104910000000000000000000000000000000000097
:104920000000000000000000000000000000000087
:104930000000000000000000000000000000000077
:104940000000000000000000000000000000000067
:104950000000000000000000000000000000000057
:104960000000000000000000000000000000000047
:104970000000000000000000000000000000000037
:104980000000000000000000000000000000000027
:104990000000000000000000000000000000000017
:1049A0000000000000000000000000000000000007
:1049B00000000000000000000000000000000000F7
:1049C00000000000000000000000000000000000E7
:1049D00000000000000000000000000000000000D7
:1049E00000000000000000000000000000000000C7
:1049F00000000000000000000000000000000000B7
:104A000000000000000000000000000000000000A6
:104A10000000000000000000000000000000000096
:104A20000000000000000000000000000000000086
:104A30000000000000000000000000000000000076
:104A40000000000000000000000000000000000066
:104A50000000000000000000000000000000000056
:104A60000000000000000000000000000000000046
:104A70000000000000000000000000000000000036
:104A80000000000000000000000000000000000026
:104A90000000000000000000000000000000000016
:104AA0000000000000000000000000000000000006
:104AB00000000000000000000000000000000000F6
:104AC00000000000000000000000000000000000E6
:104AD00000000000000000000000000000000000D6
:104AE00000000000000000000000000000000000C6
:104AF00000000000000000000000000000000000B6
:104B000000000000000000000000000000000000A5
:104B10000000000000000000000000000000000095
:104B20000000000000000000000000000000000085
:104B30000000000000000000000000000000000075
:104B40000000000000000000000000000000000065
:104B50000000000000000000000000000000000055
:104B60000000000000000000000000000000000045
:104B70000000000000000000000000000000000035
:104B80000000000000000000000000000000000025
:104B90000000000000000000000000000000000015
:104BA0000000000000000000000000000000000005
:104BB00000000000000000000000000000000000F5
:104BC00000000000000000000000000000000000E5
:104BD00000000000000000000000000000000000D5
:104BE00000000000000000000000000000000000C5
:104BF00000000000000000000000000000000000B5
:104C000000000000000000000000000000000000A4
:104C10000000000000000000000000000000000094
:104C20000000000000000000000000000000000084
:104C30000000000000000000000000000000000074
:104C40000000000000000000000000000000000064
:104C50000000000000000000000000000000000054
:104C60000000000000000000000000000000000044
:104C70000000000000000000000000000000000034
:104C80000000000000000000000000000000000024
:104C90000000000000000000000000000000000014
:104CA0000000000000000000000000000000000004
:104CB00000000000000000000000000000000000F4
:104CC00000000000000000000000000000000000E4
:104CD00000000000000000000000000000000000D4
:104CE00000000000000000000000000000000000C4
:104CF00000000000000000000000000000000000B4
:104D000000000000000000000000000000000000A3
:104D10000000000000000000000000000000000093
:104D20000000000000000000000000000000000083
:104D30000000000000000000000000000000000073
:104D40000000000000000000000000000000000063
:104D50000000000000000000000000000000000053
:104D60000000000000000000000000000000000043
:104D70000000000000000000000000000000000033
:104D80000000000000000000000000000000000023
:104D90000000000000000000000000000000000013
:104DA0000000000000000000000000000000000003
:104DB00000000000000000000000000000000000F3
:104DC00000000000000000000000000000000000E3
:104DD00000000000000000000000000000000000D3
:104DE00000000000000000000000000000000000C3
:104DF00000000000000000000000000000000000B3
:104E000000000000000000000000000000000000A2
:104E10000000000000000000000000000000000092
:104E20000000000000000000000000000000000082
:104E30000000000000000000000000000000000072
:104E40000000000000000000000000000000000062
:104E50000000000000000000000000000000000052
:104E60000000000000000000000000000000000042
:104E70000000000000000000000000000000000032
:104E80000000000000000000000000000000000022
:104E90000000000000000000000000000000000012
:104EA0000000000000000000000000000000000002
:104EB00000000000000000000000000000000000F2
:104EC00000000000000000000000000000000000E2
:104ED00000000000000000000000000000000000D2
:104EE00000000000000000000000000000000000C2
:104EF00000000000000000000000000000000000B2
:104F000000000000000000000000000000000000A1
:104F10000000000000000000000000000000000091
:104F20000000000000000000000000000000000081
:104F30000000000000000000000000000000000071
:104F40000000000000000000000000000000000061
:104F50000000000000000000000000000000000051
:104F60000000000000000000000000000000000041
:104F70000000000000000000000000000000000031
:104F80000000000000000000000000000000000021
:104F90000000000000000000000000000000000011
:104FA0000000000000000000000000000000000001
:104FB00000000000000000000000000000000000F1
:104FC00000000000000000000000000000000000E1
:104FD00000000000000000000000000000000000D1
:104FE00000000000000000000000000000000000C1
:104FF00000000000000000000000000000000000B1
:1050000000000000000000000000000000000000A0
:105010000000000000000000000000000000000090
:105020000000000000000000000000000000000080
:105030000000000000000000000000000000000070
:105040000000000000000000000000000000000060
:105050000000000000000000000000000000000050
:105060000000000000000000000000000000000040
:105070000000000000000000000000000000000030
:105080000000000000000000000000000000000020
:105090000000000000000000000000000000000010
:1050A0000000000000000000000000000000000000
:1050B00000000000000000000000000000000000F0
:1050C00000000000000000000000000000000000E0
:1050D00000000000000000000000000000000000D0
:1050E00000000000000000000000000000000000C0
:1050F00000000000000000000000000000000000B0
:10510000000000000000000000000000000000009F
:10511000000000000000000000000000000000008F
:10512000000000000000000000000000000000007F
:10513000000000000000000000000000000000006F
:10514000000000000000000000000000000000005F
:10515000000000000000000000000000000000004F
:10516000000000000000000000000000000000003F
:10517000000000000000000000000000000000002F
:10518000000000000000000000000000000000001F
:10519000000000000000000000000000000000000F
:1051A00000000000000000000000000000000000FF
:1051B00000000000000000000000000000000000EF
:1051C00000000000000000000000000000000000DF
:1051D00000000000000000000000000000000000CF
:1051E00000000000000000000000000000000000BF
:1051F00000000000000000000000000000000000AF
:10520000000000000000000000000000000000009E
:10521000000000000000000000000000000000008E
:10522000000000000000000000000000000000007E
:10523000000000000000000000000000000000006E
:10524000000000000000000000000000000000005E
:10525000000000000000000000000000000000004E
:10526000000000000000000000000000000000003E
:10527000000000000000000000000000000000002E
:10528000000000000000000000000000000000001E
:10529000000000000000000000000000000000000E
:1052A00000000000000000000000000000000000FE
:1052B00000000000000000000000000000000000EE
:1052C00000000000000000000000000000000000DE
:1052D00000000000000000000000000000000000CE
:1052E00000000000000000000000000000000000BE
:1052F00000000000000000000000000000000000AE
:10530000000000000000000000000000000000009D
:10531000000000000000000000000000000000008D
:10532000000000000000000000000000000000007D
:10533000000000000000000000000000000000006D
:10534000000000000000000000000000000000005D
:10535000000000000000000000000000000000004D
:10536000000000000000000000000000000000003D
:10537000000000000000000000000000000000002D
:10538000000000000000000000000000000000001D
:10539000000000000000000000000000000000000D
:1053A00000000000000000000000000000000000FD
:1053B00000000000000000000000000000000000ED
:1053C00000000000000000000000000000000000DD
:1053D00000000000000000000000000000000000CD
:1053E00000000000000000000000000000000000BD
:1053F00000000000000000000000000000000000AD
:10540000000000000000000000000000000000009C
:10541000000000000000000000000000000000008C
:10542000000000000000000000000000000000007C
:10543000000000000000000000000000000000006C
:10544000000000000000000000000000000000005C
:10545000000000000000000000000000000000004C
:10546000000000000000000000000000000000003C
:10547000000000000000000000000000000000002C
:10548000000000000000000000000000000000001C
:10549000000000000000000000000000000000000C
:1054A00000000000000000000000000000000000FC
:1054B00000000000000000000000000000000000EC
:1054C00000000000000000000000000000000000DC
:1054D00000000000000000000000000000000000CC
:1054E00000000000000000000000000000000000BC
:1054F00000000000000000000000000000000000AC
:10550000000000000000000000000000000000009B
:10551000000000000000000000000000000000008B
:10552000000000000000000000000000000000007B
:10553000000000000000000000000000000000006B
:10554000000000000000000000000000000000005B
:10555000000000000000000000000000000000004B
:10556000000000000000000000000000000000003B
:10557000000000000000000000000000000000002B
:10558000000000000000000000000000000000001B
:10559000000000000000000000000000000000000B
:1055A00000000000000000000000000000000000FB
:1055B00000000000000000000000000000000000EB
:1055C00000000000000000000000000000000000DB
:1055D00000000000000000000000000000000000CB
:1055E00000000000000000000000000000000000BB
:1055F00000000000000000000000000000000000AB
:10560000000000000000000000000000000000009A
:10561000000000000000000000000000000000008A
:10562000000000000000000000000000000000007A
:10563000000000000000000000000000000000006A
:10564000000000000000000000000000000000005A
:10565000000000000000000000000000000000004A
:10566000000000000000000000000000000000003A
:10567000000000000000000000000000000000002A
:10568000000000000000000000000000000000001A
:10569000000000000000000000000000000000000A
:1056A00000000000000000000000000000000000FA
:1056B00000000000000000000000000000000000EA
:1056C00000000000000000000000000000000000DA
:1056D00000000000000000000000000000000000CA
:1056E00000000000000000000000000000000000BA
:1056F00000000000000000000000000000000000AA
:105700000000000000000000000000000000000099
:105710000000000000000000000000000000000089
:105720000000000000000000000000000000000079
:105730000000000000000000000000000000000069
:105740000000000000000000000000000000000059
:105750000000000000000000000000000000000049
:105760000000000000000000000000000000000039
:105770000000000000000000000000000000000029
:105780000000000000000000000000000000000019
:105790000000000000000000000000000000000009
:1057A00000000000000000000000000000000000F9
:1057B00000000000000000000000000000000000E9
:1057C00000000000000000000000000000000000D9
:1057D00000000000000000000000000000000000C9
:1057E00000000000000000000000000000000000B9
:1057F00000000000000000000000000000000000A9
:105800000000000000000000000000000000000098
:105810000000000000000000000000000000000088
:105820000000000000000000000000000000000078
:105830000000000000000000000000000000000068
:105840000000000000000000000000000000000058
:105850000000000000000000000000000000000048
:105860000000000000000000000000000000000038
:105870000000000000000000000000000000000028
:105880000000000000000000000000000000000018
:105890000000000000000000000000000000000008
:1058A00000000000000000000000000000000000F8
:1058B00000000000000000000000000000000000E8
:1058C00000000000000000000000000000000000D8
:1058D00000000000000000000000000000000000C8
:1058E00000000000000000000000000000000000B8
:1058F00000000000000000000000000000000000A8
:105900000000000000000000000000000000000097
:105910000000000000000000000000000000000087
:105920000000000000000000000000000000000077
:105930000000000000000000000000000000000067
:105940000000000000000000000000000000000057
:105950000000000000000000000000000000000047
:105960000000000000000000000000000000000037
:105970000000000000000000000000000000000027
:105980000000000000000000000000000000000017
:105990000000000000000000000000000000000007
:1059A00000000000000000000000000000000000F7
:1059B00000000000000000000000000000000000E7
:1059C00000000000000000000000000000000000D7
:1059D00000000000000000000000000000000000C7
:1059E00000000000000000000000000000000000B7
:1059F00000000000000000000000000000000000A7
:105A00000000000000000000000000000000000096
:105A10000000000000000000000000000000000086
:105A20000000000000000000000000000000000076
:105A30000000000000000000000000000000000066
:105A40000000000000000000000000000000000056
:105A50000000000000000000000000000000000046
:105A60000000000000000000000000000000000036
:105A70000000000000000000000000000000000026
:105A80000000000000000000000000000000000016
:105A90000000000000000000000000000000000006
:105AA00000000000000000000000000000000000F6
:105AB00000000000000000000000000000000000E6
:105AC00000000000000000000000000000000000D6
:105AD00000000000000000000000000000000000C6
:105AE00000000000000000000000000000000000B6
:105AF00000000000000000000000000000000000A6
:105B00000000000000000000000000000000000095
:105B10000000000000000000000000000000000085
:105B20000000000000000000000000000000000075
:105B30000000000000000000000000000000000065
:105B40000000000000000000000000000000000055
:105B50000000000000000000000000000000000045
:105B60000000000000000000000000000000000035
:105B70000000000000000000000000000000000025
:105B80000000000000000000000000000000000015
:105B90000000000000000000000000000000000005
:105BA00000000000000000000000000000000000F5
:105BB00000000000000000000000000000000000E5
:105BC00000000000000000000000000000000000D5
:105BD00000000000000000000000000000000000C5
:105BE00000000000000000000000000000000000B5
:105BF00000000000000000000000000000000000A5
:105C00000000000000000000000000000000000094
:105C10000000000000000000000000000000000084
:105C20000000000000000000000000000000000074
:105C30000000000000000000000000000000000064
:105C40000000000000000000000000000000000054
:105C50000000000000000000000000000000000044
:105C60000000000000000000000000000000000034
:105C70000000000000000000000000000000000024
:105C80000000000000000000000000000000000014
:105C90000000000000000000000000000000000004
:105CA00000000000000000000000000000000000F4
:105CB00000000000000000000000000000000000E4
:105CC00000000000000000000000000000000000D4
:105CD00000000000000000000000000000000000C4
:105CE00000000000000000000000000000000000B4
:105CF00000000000000000000000000000000000A4
:105D00000000000000000000000000000000000093
:105D10000000000000000000000000000000000083
:105D20000000000000000000000000000000000073
:105D30000000000000000000000000000000000063
:105D40000000000000000000000000000000000053
:105D50000000000000000000000000000000000043
:105D60000000000000000000000000000000000033
:105D70000000000000000000000000000000000023
:105D80000000000000000000000000000000000013
:105D90000000000000000000000000000000000003
:105DA00000000000000000000000000000000000F3
:105DB00000000000000000000000000000000000E3
:105DC00000000000000000000000000000000000D3
:105DD00000000000000000000000000000000000C3
:105DE00000000000000000000000000000000000B3
:105DF00000000000000000000000000000000000A3
:105E00000000000000000000000000000000000092
:105E10000000000000000000000000000000000082
:105E20000000000000000000000000000000000072
:105E30000000000000000000000000000000000062
:105E40000000000000000000000000000000000052
:105E50000000000000000000000000000000000042
:105E60000000000000000000000000000000000032
:105E70000000000000000000000000000000000022
:105E80000000000000000000000000000000000012
:105E90000000000000000000000000000000000002
:105EA00000000000000000000000000000000000F2
:105EB00000000000000000000000000000000000E2
:105EC00000000000000000000000000000000000D2
:105ED00000000000000000000000000000000000C2
:105EE00000000000000000000000000000000000B2
:105EF00000000000000000000000000000000000A2
:105F00000000000000000000000000000000000091
:105F10000000000000000000000000000000000081
:105F20000000000000000000000000000000000071
:105F30000000000000000000000000000000000061
:105F40000000000000000000000000000000000051
:105F50000000000000000000000000000000000041
:105F60000000000000000000000000000000000031
:105F70000000000000000000000000000000000021
:105F80000000000000000000000000000000000011
:105F90000000000000000000000000000000000001
:105FA00000000000000000000000000000000000F1
:105FB00000000000000000000000000000000000E1
:105FC00000000000000000000000000000000000D1
:105FD00000000000000000000000000000000000C1
:105FE00000000000000000000000000000000000B1
:105FF00000000000000000000000000000000000A1
:106000000000000000000000000000000000000090
:106010000000000000000000000000000000000080
:106020000000000000000000000000000000000070
:106030000000000000000000000000000000000060
:106040000000000000000000000000000000000050
:106050000000000000000000000000000000000040
:106060000000000000000000000000000000000030
:106070000000000000000000000000000000000020
:106080000000000000000000000000000000000010
:106090000000000000000000000000000000000000
:1060A00000000000000000000000000000000000F0
:1060B00000000000000000000000000000000000E0
:1060C00000000000000000000000000000000000D0
:1060D00000000000000000000000000000000000C0
:1060E00000000000000000000000000000000000B0
:1060F00000000000000000000000000000000000A0
:10610000000000000000000000000000000000008F
:10611000000000000000000000000000000000007F
:10612000000000000000000000000000000000006F
:10613000000000000000000000000000000000005F
:10614000000000000000000000000000000000004F
:10615000000000000000000000000000000000003F
:10616000000000000000000000000000000000002F
:10617000000000000000000000000000000000001F
:10618000000000000000000000000000000000000F
:1061900000000000000000000000000000000000FF
:1061A00000000000000000000000000000000000EF
:1061B00000000000000000000000000000000000DF
:1061C00000000000000000000000000000000000CF
:1061D00000000000000000000000000000000000BF
:1061E00000000000000000000000000000000000AF
:1061F000000000000000000000000000000000009F
:10620000000000000000000000000000000000008E
:10621000000000000000000000000000000000007E
:10622000000000000000000000000000000000006E
:10623000000000000000000000000000000000005E
:10624000000000000000000000000000000000004E
:10625000000000000000000000000000000000003E
:10626000000000000000000000000000000000002E
:10627000000000000000000000000000000000001E
:10628000000000000000000000000000000000000E
:1062900000000000000000000000000000000000FE
:1062A00000000000000000000000000000000000EE
:1062B00000000000000000000000000000000000DE
:1062C00000000000000000000000000000000000CE
:1062D00000000000000000000000000000000000BE
:1062E00000000000000000000000000000000000AE
:1062F000000000000000000000000000000000009E
:10630000000000000000000000000000000000008D
:10631000000000000000000000000000000000007D
:10632000000000000000000000000000000000006D
:10633000000000000000000000000000000000005D
:10634000000000000000000000000000000000004D
:10635000000000000000000000000000000000003D
:10636000000000000000000000000000000000002D
:10637000000000000000000000000000000000001D
:10638000000000000000000000000000000000000D
:1063900000000000000000000000000000000000FD
:1063A00000000000000000000000000000000000ED
:1063B00000000000000000000000000000000000DD
:1063C00000000000000000000000000000000000CD
:1063D00000000000000000000000000000000000BD
:1063E00000000000000000000000000000000000AD
:1063F000000000000000000000000000000000009D
:10640000000000000000000000000000000000008C
:10641000000000000000000000000000000000007C
:10642000000000000000000000000000000000006C
:10643000000000000000000000000000000000005C
:10644000000000000000000000000000000000004C
:10645000000000000000000000000000000000003C
:10646000000000000000000000000000000000002C
:10647000000000000000000000000000000000001C
:10648000000000000000000000000000000000000C
:1064900000000000000000000000000000000000FC
:1064A00000000000000000000000000000000000EC
:1064B00000000000000000000000000000000000DC
:1064C00000000000000000000000000000000000CC
:1064D00000000000000000000000000000000000BC
:1064E00000000000000000000000000000000000AC
:1064F000000000000000000000000000000000009C
:10650000000000000000000000000000000000008B
:10651000000000000000000000000000000000007B
:10652000000000000000000000000000000000006B
:10653000000000000000000000000000000000005B
:10654000000000000000000000000000000000004B
:10655000000000000000000000000000000000003B
:10656000000000000000000000000000000000002B
:10657000000000000000000000000000000000001B
:10658000000000000000000000000000000000000B
:1065900000000000000000000000000000000000FB
:1065A00000000000000000000000000000000000EB
:1065B00000000000000000000000000000000000DB
:1065C00000000000000000000000000000000000CB
:1065D00000000000000000000000000000000000BB
:1065E00000000000000000000000000000000000AB
:1065F000000000000000000000000000000000009B
:10660000000000000000000000000000000000008A
:10661000000000000000000000000000000000007A
:10662000000000000000000000000000000000006A
:10663000000000000000000000000000000000005A
:10664000000000000000000000000000000000004A
:10665000000000000000000000000000000000003A
:10666000000000000000000000000000000000002A
:10667000000000000000000000000000000000001A
:10668000000000000000000000000000000000000A
:1066900000000000000000000000000000000000FA
:1066A00000000000000000000000000000000000EA
:1066B00000000000000000000000000000000000DA
:1066C00000000000000000000000000000000000CA
:1066D00000000000000000000000000000000000BA
:1066E00000000000000000000000000000000000AA
:1066F000000000000000000000000000000000009A
:106700000000000000000000000000000000000089
:106710000000000000000000000000000000000079
:106720000000000000000000000000000000000069
:106730000000000000000000000000000000000059
:106740000000000000000000000000000000000049
:106750000000000000000000000000000000000039
:106760000000000000000000000000000000000029
:106770000000000000000000000000000000000019
:106780000000000000000000000000000000000009
:1067900000000000000000000000000000000000F9
:1067A00000000000000000000000000000000000E9
:1067B00000000000000000000000000000000000D9
:1067C00000000000000000000000000000000000C9
:1067D00000000000000000000000000000000000B9
:1067E00000000000000000000000000000000000A9
:1067F0000000000000000000000000000000000099
:106800000000000000000000000000000000000088
:106810000000000000000000000000000000000078
:106820000000000000000000000000000000000068
:106830000000000000000000000000000000000058
:106840000000000000000000000000000000000048
:106850000000000000000000000000000000000038
:106860000000000000000000000000000000000028
:106870000000000000000000000000000000000018
:106880000000000000000000000000000000000008
:1068900000000000000000000000000000000000F8
:1068A00000000000000000000000000000000000E8
:1068B00000000000000000000000000000000000D8
:1068C00000000000000000000000000000000000C8
:1068D00000000000000000000000000000000000B8
:1068E00000000000000000000000000000000000A8
:1068F0000000000000000000000000000000000098
:106900000000000000000000000000000000000087
:106910000000000000000000000000000000000077
:106920000000000000000000000000000000000067
:106930000000000000000000000000000000000057
:106940000000000000000000000000000000000047
:106950000000000000000000000000000000000037
:106960000000000000000000000000000000000027
:106970000000000000000000000000000000000017
:106980000000000000000000000000000000000007
:1069900000000000000000000000000000000000F7
:1069A00000000000000000000000000000000000E7
:1069B00000000000000000000000000000000000D7
:1069C00000000000000000000000000000000000C7
:1069D00000000000000000000000000000000000B7
:1069E00000000000000000000000000000000000A7
:1069F0000000000000000000000000000000000097
:106A00000000000000000000000000000000000086
:106A10000000000000000000000000000000000076
:106A20000000000000000000000000000000000066
:106A30000000000000000000000000000000000056
:106A40000000000000000000000000000000000046
:106A50000000000000000000000000000000000036
:106A60000000000000000000000000000000000026
:106A70000000000000000000000000000000000016
:106A80000000000000000000000000000000000006
:106A900000000000000000000000000000000000F6
:106AA00000000000000000000000000000000000E6
:106AB00000000000000000000000000000000000D6
:106AC00000000000000000000000000000000000C6
:106AD00000000000000000000000000000000000B6
:106AE00000000000000000000000000000000000A6
:106AF0000000000000000000000000000000000096
:106B00000000000000000000000000000000000085
:106B10000000000000000000000000000000000075
:106B20000000000000000000000000000000000065
:106B30000000000000000000000000000000000055
:106B40000000000000000000000000000000000045
:106B50000000000000000000000000000000000035
:106B60000000000000000000000000000000000025
:106B70000000000000000000000000000000000015
:106B80000000000000000000000000000000000005
:106B900000000000000000000000000000000000F5
:106BA00000000000000000000000000000000000E5
:106BB00000000000000000000000000000000000D5
:106BC00000000000000000000000000000000000C5
:106BD00000000000000000000000000000000000B5
:106BE00000000000000000000000000000000000A5
:106BF0000000000000000000000000000000000095
:106C00000000000000000000000000000000000084
:106C10000000000000000000000000000000000074
:106C20000000000000000000000000000000000064
:106C30000000000000000000000000000000000054
:106C40000000000000000000000000000000000044
:106C50000000000000000000000000000000000034
:106C60000000000000000000000000000000000024
:106C70000000000000000000000000000000000014
:106C80000000000000000000000000000000000004
:106C900000000000000000000000000000000000F4
:106CA00000000000000000000000000000000000E4
:106CB00000000000000000000000000000000000D4
:106CC00000000000000000000000000000000000C4
:106CD00000000000000000000000000000000000B4
:106CE00000000000000000000000000000000000A4
:106CF0000000000000000000000000000000000094
:106D00000000000000000000000000000000000083
:106D10000000000000000000000000000000000073
:106D20000000000000000000000000000000000063
:106D30000000000000000000000000000000000053
:106D40000000000000000000000000000000000043
:106D50000000000000000000000000000000000033
:106D60000000000000000000000000000000000023
:106D70000000000000000000000000000000000013
:106D80000000000000000000000000000000000003
:106D900000000000000000000000000000000000F3
:106DA00000000000000000000000000000000000E3
:106DB00000000000000000000000000000000000D3
:106DC00000000000000000000000000000000000C3
:106DD00000000000000000000000000000000000B3
:106DE00000000000000000000000000000000000A3
:106DF0000000000000000000000000000000000093
:106E00000000000000000000000000000000000082
:106E10000000000000000000000000000000000072
:106E20000000000000000000000000000000000062
:106E30000000000000000000000000000000000052
:106E40000000000000000000000000000000000042
:106E50000000000000000000000000000000000032
:106E60000000000000000000000000000000000022
:106E70000000000000000000000000000000000012
:106E80000000000000000000000000000000000002
:106E900000000000000000000000000000000000F2
:106EA00000000000000000000000000000000000E2
:106EB00000000000000000000000000000000000D2
:106EC00000000000000000000000000000000000C2
:106ED00000000000000000000000000000000000B2
:106EE00000000000000000000000000000000000A2
:106EF0000000000000000000000000000000000092
:106F00000000000000000000000000000000000081
:106F10000000000000000000000000000000000071
:106F20000000000000000000000000000000000061
:106F30000000000000000000000000000000000051
:106F40000000000000000000000000000000000041
:106F50000000000000000000000000000000000031
:106F60000000000000000000000000000000000021
:106F70000000000000000000000000000000000011
:106F80000000000000000000000000000000000001
:106F900000000000000000000000000000000000F1
:106FA00000000000000000000000000000000000E1
:106FB00000000000000000000000000000000000D1
:106FC00000000000000000000000000000000000C1
:106FD00000000000000000000000000000000000B1
:106FE00000000000000000000000000000000000A1
:106FF0000000000000000000000000000000000091
:107000000000000000000000000000000000000080
:107010000000000000000000000000000000000070
:107020000000000000000000000000000000000060
:107030000000000000000000000000000000000050
:107040000000000000000000000000000000000040
:107050000000000000000000000000000000000030
:107060000000000000000000000000000000000020
:107070000000000000000000000000000000000010
:107080000000000000000000000000000000000000
:1070900000000000000000000000000000000000F0
:1070A00000000000000000000000000000000000E0
:1070B00000000000000000000000000000000000D0
:1070C00000000000000000000000000000000000C0
:1070D00000000000000000000000000000000000B0
:1070E00000000000000000000000000000000000A0
:1070F0000000000000000000000000000000000090
:10710000000000000000000000000000000000007F
:10711000000000000000000000000000000000006F
:10712000000000000000000000000000000000005F
:10713000000000000000000000000000000000004F
:10714000000000000000000000000000000000003F
:10715000000000000000000000000000000000002F
:10716000000000000000000000000000000000001F
:10717000000000000000000000000000000000000F
:1071800000000000000000000000000000000000FF
:1071900000000000000000000000000000000000EF
:1071A00000000000000000000000000000000000DF
:1071B00000000000000000000000000000000000CF
:1071C00000000000000000000000000000000000BF
:1071D00000000000000000000000000000000000AF
:1071E000000000000000000000000000000000009F
:1071F000000000000000000000000000000000008F
:10720000000000000000000000000000000000007E
:10721000000000000000000000000000000000006E
:10722000000000000000000000000000000000005E
:10723000000000000000000000000000000000004E
:10724000000000000000000000000000000000003E
:10725000000000000000000000000000000000002E
:10726000000000000000000000000000000000001E
:10727000000000000000000000000000000000000E
:1072800000000000000000000000000000000000FE
:1072900000000000000000000000000000000000EE
:1072A00000000000000000000000000000000000DE
:1072B00000000000000000000000000000000000CE
:1072C00000000000000000000000000000000000BE
:1072D00000000000000000000000000000000000AE
:1072E000000000000000000000000000000000009E
:1072F000000000000000000000000000000000008E
:10730000000000000000000000000000000000007D
:10731000000000000000000000000000000000006D
:10732000000000000000000000000000000000005D
:10733000000000000000000000000000000000004D
:10734000000000000000000000000000000000003D
:10735000000000000000000000000000000000002D
:10736000000000000000000000000000000000001D
:10737000000000000000000000000000000000000D
:1073800000000000000000000000000000000000FD
:1073900000000000000000000000000000000000ED
:1073A00000000000000000000000000000000000DD
:1073B00000000000000000000000000000000000CD
:1073C00000000000000000000000000000000000BD
:1073D00000000000000000000000000000000000AD
:1073E000000000000000000000000000000000009D
:1073F000000000000000000000000000000000008D
:10740000000000000000000000000000000000007C
:10741000000000000000000000000000000000006C
:10742000000000000000000000000000000000005C
:10743000000000000000000000000000000000004C
:10744000000000000000000000000000000000003C
:10745000000000000000000000000000000000002C
:10746000000000000000000000000000000000001C
:10747000000000000000000000000000000000000C
:1074800000000000000000000000000000000000FC
:1074900000000000000000000000000000000000EC
:1074A00000000000000000000000000000000000DC
:1074B00000000000000000000000000000000000CC
:1074C00000000000000000000000000000000000BC
:1074D00000000000000000000000000000000000AC
:1074E000000000000000000000000000000000009C
:1074F000000000000000000000000000000000008C
:10750000000000000000000000000000000000007B
:10751000000000000000000000000000000000006B
:10752000000000000000000000000000000000005B
:10753000000000000000000000000000000000004B
:10754000000000000000000000000000000000003B
:10755000000000000000000000000000000000002B
:10756000000000000000000000000000000000001B
:10757000000000000000000000000000000000000B
:1075800000000000000000000000000000000000FB
:1075900000000000000000000000000000000000EB
:1075A00000000000000000000000000000000000DB
:1075B00000000000000000000000000000000000CB
:1075C00000000000000000000000000000000000BB
:1075D00000000000000000000000000000000000AB
:1075E000000000000000000000000000000000009B
:1075F000000000000000000000000000000000008B
:10760000000000000000000000000000000000007A
:10761000000000000000000000000000000000006A
:10762000000000000000000000000000000000005A
:10763000000000000000000000000000000000004A
:10764000000000000000000000000000000000003A
:10765000000000000000000000000000000000002A
:10766000000000000000000000000000000000001A
:10767000000000000000000000000000000000000A
:1076800000000000000000000000000000000000FA
:1076900000000000000000000000000000000000EA
:1076A00000000000000000000000000000000000DA
:1076B00000000000000000000000000000000000CA
:1076C00000000000000000000000000000000000BA
:1076D00000000000000000000000000000000000AA
:1076E000000000000000000000000000000000009A
:1076F000000000000000000000000000000000008A
:107700000000000000000000000000000000000079
:107710000000000000000000000000000000000069
:107720000000000000000000000000000000000059
:107730000000000000000000000000000000000049
:107740000000000000000000000000000000000039
:107750000000000000000000000000000000000029
:107760000000000000000000000000000000000019
:107770000000000000000000000000000000000009
:1077800000000000000000000000000000000000F9
:1077900000000000000000000000000000000000E9
:1077A00000000000000000000000000000000000D9
:1077B00000000000000000000000000000000000C9
:1077C00000000000000000000000000000000000B9
:1077D00000000000000000000000000000000000A9
:1077E0000000000000000000000000000000000099
:1077F0000000000000000000000000000000000089
:107800000000000000000000000000000000000078
:107810000000000000000000000000000000000068
:107820000000000000000000000000000000000058
:107830000000000000000000000000000000000048
:107840000000000000000000000000000000000038
:107850000000000000000000000000000000000028
:107860000000000000000000000000000000000018
:107870000000000000000000000000000000000008
:1078800000000000000000000000000000000000F8
:1078900000000000000000000000000000000000E8
:1078A00000000000000000000000000000000000D8
:1078B00000000000000000000000000000000000C8
:1078C00000000000000000000000000000000000B8
:1078D00000000000000000000000000000000000A8
:1078E0000000000000000000000000000000000098
:1078F0000000000000000000000000000000000088
:107900000000000000000000000000000000000077
:107910000000000000000000000000000000000067
:107920000000000000000000000000000000000057
:107930000000000000000000000000000000000047
:107940000000000000000000000000000000000037
:107950000000000000000000000000000000000027
:107960000000000000000000000000000000000017
:107970000000000000000000000000000000000007
:1079800000000000000000000000000000000000F7
:1079900000000000000000000000000000000000E7
:1079A00000000000000000000000000000000000D7
:1079B00000000000000000000000000000000000C7
:1079C00000000000000000000000000000000000B7
:1079D00000000000000000000000000000000000A7
:1079E0000000000000000000000000000000000097
:1079F0000000000000000000000000000000000087
:107A00000000000000000000000000000000000076
:107A10000000000000000000000000000000000066
:107A20000000000000000000000000000000000056
:107A30000000000000000000000000000000000046
:107A40000000000000000000000000000000000036
:107A50000000000000000000000000000000000026
:107A60000000000000000000000000000000000016
:107A70000000000000000000000000000000000006
:107A800000000000000000000000000000000000F6
:107A900000000000000000000000000000000000E6
:107AA00000000000000000000000000000000000D6
:107AB00000000000000000000000000000000000C6
:107AC00000000000000000000000000000000000B6
:107AD00000000000000000000000000000000000A6
:107AE0000000000000000000000000000000000096
:107AF0000000000000000000000000000000000086
:107B00000000000000000000000000000000000075
:107B10000000000000000000000000000000000065
:107B20000000000000000000000000000000000055
:107B30000000000000000000000000000000000045
:107B40000000000000000000000000000000000035
:107B50000000000000000000000000000000000025
:107B60000000000000000000000000000000000015
:107B70000000000000000000000000000000000005
:107B800000000000000000000000000000000000F5
:107B900000000000000000000000000000000000E5
:107BA00000000000000000000000000000000000D5
:107BB00000000000000000000000000000000000C5
:107BC00000000000000000000000000000000000B5
:107BD00000000000000000000000000000000000A5
:107BE0000000000000000000000000000000000095
:107BF0000000000000000000000000000000000085
:107C00000000000000000000000000000000000074
:107C10000000000000000000000000000000000064
:107C20000000000000000000000000000000000054
:107C30000000000000000000000000000000000044
:107C40000000000000000000000000000000000034
:107C50000000000000000000000000000000000024
:107C60000000000000000000000000000000000014
:107C70000000000000000000000000000000000004
:107C800000000000000000000000000000000000F4
:107C900000000000000000000000000000000000E4
:107CA00000000000000000000000000000000000D4
:107CB00000000000000000000000000000000000C4
:107CC00000000000000000000000000000000000B4
:107CD00000000000000000000000000000000000A4
:107CE0000000000000000000000000000000000094
:107CF0000000000000000000000000000000000084
:107D00000000000000000000000000000000000073
:107D10000000000000000000000000000000000063
:107D20000000000000000000000000000000000053
:107D30000000000000000000000000000000000043
:107D40000000000000000000000000000000000033
:107D50000000000000000000000000000000000023
:107D60000000000000000000000000000000000013
:107D70000000000000000000000000000000000003
:107D800000000000000000000000000000000000F3
:107D900000000000000000000000000000000000E3
:107DA00000000000000000000000000000000000D3
:107DB00000000000000000000000000000000000C3
:107DC00000000000000000000000000000000000B3
:107DD00000000000000000000000000000000000A3
:107DE0000000000000000000000000000000000093
:107DF0000000000000000000000000000000000083
:107E00000000000000000000000000000000000072
:107E10000000000000000000000000000000000062
:107E20000000000000000000000000000000000052
:107E30000000000000000000000000000000000042
:107E40000000000000000000000000000000000032
:107E50000000000000000000000000000000000022
:107E60000000000000000000000000000000000012
:107E70000000000000000000000000000000000002
:107E800000000000000000000000000000000000F2
:107E900000000000000000000000000000000000E2
:107EA00000000000000000000000000000000000D2
:107EB00000000000000000000000000000000000C2
:107EC00000000000000000000000000000000000B2
:107ED00000000000000000000000000000000000A2
:107EE0000000000000000000000000000000000092
:107EF0000000000000000000000000000000000082
:107F00000000000000000000000000000000000071
:107F10000000000000000000000000000000000061
:107F20000000000000000000000000000000000051
:107F30000000000000000000000000000000000041
:107F40000000000000000000000000000000000031
:107F50000000000000000000000000000000000021
:107F60000000000000000000000000000000000011
:107F70000000000000000000000000000000000001
:107F800000000000000000000000000000000000F1
:107F900000000000000000000000000000000000E1
:107FA00000000000000000000000000000000000D1
:107FB00000000000000000000000000000000000C1
:107FC00000000000000000000000000000000000B1
:107FD00000000000000000000000000000000000A1
:107FE0000000000000000000000000000000000091
:107FF0000000000000000000000000000000000081
:108000000000000000000000000000000000000070
:108010000000000000000000000000000000000060
:108020000000000000000000000000000000000050
:108030000000000000000000000000000000000040
:108040000000000000000000000000000000000030
:108050000000000000000000000000000000000020
:108060000000000000000000000000000000000010
:108070000000000000000000000000000000000000
:1080800000000000000000000000000000000000F0
:1080900000000000000000000000000000000000E0
:1080A00000000000000000000000000000000000D0
:1080B00000000000000000000000000000000000C0
:1080C00000000000000000000000000000000000B0
:1080D00000000000000000000000000000000000A0
:1080E0000000000000000000000000000000000090
:1080F0000000000000000000000000000000000080
:10810000000000000000000000000000000000006F
:10811000000000000000000000000000000000005F
:10812000000000000000000000000000000000004F
:10813000000000000000000000000000000000003F
:10814000000000000000000000000000000000002F
:10815000000000000000000000000000000000001F
:10816000000000000000000000000000000000000F
:1081700000000000000000000000000000000000FF
:1081800000000000000000000000000000000000EF
:1081900000000000000000000000000000000000DF
:1081A00000000000000000000000000000000000CF
:1081B00000000000000000000000000000000000BF
:1081C00000000000000000000000000000000000AF
:1081D000000000000000000000000000000000009F
:1081E000000000000000000000000000000000008F
:1081F000000000000000000000000000000000007F
:10820000000000000000000000000000000000006E
:10821000000000000000000000000000000000005E
:10822000000000000000000000000000000000004E
:10823000000000000000000000000000000000003E
:10824000000000000000000000000000000000002E
:10825000000000000000000000000000000000001E
:10826000000000000000000000000000000000000E
:1082700000000000000000000000000000000000FE
:1082800000000000000000000000000000000000EE
:1082900000000000000000000000000000000000DE
:1082A00000000000000000000000000000000000CE
:1082B00000000000000000000000000000000000BE
:1082C00000000000000000000000000000000000AE
:1082D000000000000000000000000000000000009E
:1082E000000000000000000000000000000000008E
:1082F000000000000000000000000000000000007E
:10830000000000000000000000000000000000006D
:10831000000000000000000000000000000000005D
:10832000000000000000000000000000000000004D
:10833000000000000000000000000000000000003D
:10834000000000000000000000000000000000002D
:10835000000000000000000000000000000000001D
:10836000000000000000000000000000000000000D
:1083700000000000000000000000000000000000FD
:1083800000000000000000000000000000000000ED
:1083900000000000000000000000000000000000DD
:1083A00000000000000000000000000000000000CD
:1083B00000000000000000000000000000000000BD
:1083C00000000000000000000000000000000000AD
:1083D000000000000000000000000000000000009D
:1083E000000000000000000000000000000000008D
:1083F000000000000000000000000000000000007D
:10840000000000000000000000000000000000006C
:10841000000000000000000000000000000000005C
:10842000000000000000000000000000000000004C
:10843000000000000000000000000000000000003C
:10844000000000000000000000000000000000002C
:10845000000000000000000000000000000000001C
:10846000000000000000000000000000000000000C
:1084700000000000000000000000000000000000FC
:1084800000000000000000000000000000000000EC
:1084900000000000000000000000000000000000DC
:1084A00000000000000000000000000000000000CC
:1084B00000000000000000000000000000000000BC
:1084C00000000000000000000000000000000000AC
:1084D000000000000000000000000000000000009C
:1084E000000000000000000000000000000000008C
:1084F000000000000000000000000000000000007C
:10850000000000000000000000000000000000006B
:10851000000000000000000000000000000000005B
:10852000000000000000000000000000000000004B
:10853000000000000000000000000000000000003B
:10854000000000000000000000000000000000002B
:10855000000000000000000000000000000000001B
:10856000000000000000000000000000000000000B
:1085700000000000000000000000000000000000FB
:1085800000000000000000000000000000000000EB
:1085900000000000000000000000000000000000DB
:1085A00000000000000000000000000000000000CB
:1085B00000000000000000000000000000000000BB
:1085C00000000000000000000000000000000000AB
:1085D000000000000000000000000000000000009B
:1085E000000000000000000000000000000000008B
:1085F000000000000000000000000000000000007B
:10860000000000000000000000000000000000006A
:10861000000000000000000000000000000000005A
:10862000000000000000000000000000000000004A
:10863000000000000000000000000000000000003A
:10864000000000000000000000000000000000002A
:10865000000000000000000000000000000000001A
:10866000000000000000000000000000000000000A
:1086700000000000000000000000000000000000FA
:1086800000000000000000000000000000000000EA
:1086900000000000000000000000000000000000DA
:1086A00000000000000000000000000000000000CA
:1086B00000000000000000000000000000000000BA
:1086C00000000000000000000000000000000000AA
:1086D000000000000000000000000000000000009A
:1086E000000000000000000000000000000000008A
:1086F000000000000000000000000000000000007A
:108700000000000000000000000000000000000069
:108710000000000000000000000000000000000059
:108720000000000000000000000000000000000049
:108730000000000000000000000000000000000039
:108740000000000000000000000000000000000029
:108750000000000000000000000000000000000019
:108760000000000000000000000000000000000009
:1087700000000000000000000000000000000000F9
:1087800000000000000000000000000000000000E9
:1087900000000000000000000000000000000000D9
:1087A00000000000000000000000000000000000C9
:1087B00000000000000000000000000000000000B9
:1087C00000000000000000000000000000000000A9
:1087D0000000000000000000000000000000000099
:1087E0000000000000000000000000000000000089
:1087F0000000000000000000000000000000000079
:108800000000000000000000000000000000000068
:108810000000000000000000000000000000000058
:108820000000000000000000000000000000000048
:108830000000000000000000000000000000000038
:108840000000000000000000000000000000000028
:108850000000000000000000000000000000000018
:108860000000000000000000000000000000000008
:1088700000000000000000000000000000000000F8
:1088800000000000000000000000000000000000E8
:1088900000000000000000000000000000000000D8
:1088A00000000000000000000000000000000000C8
:1088B00000000000000000000000000000000000B8
:1088C00000000000000000000000000000000000A8
:1088D0000000000000000000000000000000000098
:1088E0000000000000000000000000000000000088
:1088F0000000000000000000000000000000000078
:108900000000000000000000000000000000000067
:108910000000000000000000000000000000000057
:108920000000000000000000000000000000000047
:108930000000000000000000000000000000000037
:108940000000000000000000000000000000000027
:108950000000000000000000000000000000000017
:108960000000000000000000000000000000000007
:1089700000000000000000000000000000000000F7
:1089800000000000000000000000000000000000E7
:1089900000000000000000000000000000000000D7
:1089A00000000000000000000000000000000000C7
:1089B00000000000000000000000000000000000B7
:1089C00000000000000000000000000000000000A7
:1089D0000000000000000000000000000000000097
:1089E0000000000000000000000000000000000087
:1089F0000000000000000000000000000000000077
:108A00000000000000000000000000000000000066
:108A10000000000000000000000000000000000056
:108A20000000000000000000000000000000000046
:108A30000000000000000000000000000000000036
:108A40000000000000000000000000000000000026
:108A50000000000000000000000000000000000016
:108A60000000000000000000000000000000000006
:108A700000000000000000000000000000000000F6
:108A800000000000000000000000000000000000E6
:108A900000000000000000000000000000000000D6
:108AA00000000000000000000000000000000000C6
:108AB00000000000000000000000000000000000B6
:108AC00000000000000000000000000000000000A6
:108AD0000000000000000000000000000000000096
:108AE0000000000000000000000000000000000086
:108AF0000000000000000000000000000000000076
:108B00000000000000000000000000000000000065
:108B10000000000000000000000000000000000055
:108B20000000000000000000000000000000000045
:108B30000000000000000000000000000000000035
:108B40000000000000000000000000000000000025
:108B50000000000000000000000000000000000015
:108B60000000000000000000000000000000000005
:108B700000000000000000000000000000000000F5
:108B800000000000000000000000000000000000E5
:108B900000000000000000000000000000000000D5
:108BA00000000000000000000000000000000000C5
:108BB00000000000000000000000000000000000B5
:108BC00000000000000000000000000000000000A5
:108BD0000000000000000000000000000000000095
:108BE0000000000000000000000000000000000085
:108BF0000000000000000000000000000000000075
:108C00000000000000000000000000000000000064
:108C10000000000000000000000000000000000054
:108C20000000000000000000000000000000000044
:108C30000000000000000000000000000000000034
:108C40000000000000000000000000000000000024
:108C50000000000000000000000000000000000014
:108C60000000000000000000000000000000000004
:108C700000000000000000000000000000000000F4
:108C800000000000000000000000000000000000E4
:108C900000000000000000000000000000000000D4
:108CA00000000000000000000000000000000000C4
:108CB00000000000000000000000000000000000B4
:108CC00000000000000000000000000000000000A4
:108CD0000000000000000000000000000000000094
:108CE0000000000000000000000000000000000084
:108CF0000000000000000000000000000000000074
:108D00000000000000000000000000000000000063
:108D10000000000000000000000000000000000053
:108D20000000000000000000000000000000000043
:108D30000000000000000000000000000000000033
:108D40000000000000000000000000000000000023
:108D50000000000000000000000000000000000013
:108D60000000000000000000000000000000000003
:108D700000000000000000000000000000000000F3
:108D800000000000000000000000000000000000E3
:108D900000000000000000000000000000000000D3
:108DA00000000000000000000000000000000000C3
:108DB00000000000000000000000000000000000B3
:108DC00000000000000000000000000000000000A3
:108DD0000000000000000000000000000000000093
:108DE0000000000000000000000000000000000083
:108DF0000000000000000000000000000000000073
:108E00000000000000000000000000000000000062
:108E10000000000000000000000000000000000052
:108E20000000000000000000000000000000000042
:108E30000000000000000000000000000000000032
:108E40000000000000000000000000000000000022
:108E50000000000000000000000000000000000012
:108E60000000000000000000000000000000000002
:108E700000000000000000000000000000000000F2
:108E800000000000000000000000000000000000E2
:108E900000000000000000000000000000000000D2
:108EA00000000000000000000000000000000000C2
:108EB00000000000000000000000000000000000B2
:108EC00000000000000000000000000000000000A2
:108ED0000000000000000000000000000000000092
:108EE0000000000000000000000000000000000082
:108EF0000000000000000000000000000000000072
:108F00000000000000000000000000000000000061
:108F10000000000000000000000000000000000051
:108F20000000000000000000000000000000000041
:108F30000000000000000000000000000000000031
:108F40000000000000000000000000000000000021
:108F50000000000000000000000000000000000011
:108F60000000000000000000000000000000000001
:108F700000000000000000000000000000000000F1
:108F800000000000000000000000000000000000E1
:108F900000000000000000000000000000000000D1
:108FA00000000000000000000000000000000000C1
:108FB00000000000000000000000000000000000B1
:108FC00000000000000000000000000000000000A1
:108FD0000000000000000000000000000000000091
:108FE0000000000000000000000000000000000081
:108FF0000000000000000000000000000000000071
:109000000000000000000000000000000000000060
:109010000000000000000000000000000000000050
:109020000000000000000000000000000000000040
:109030000000000000000000000000000000000030
:109040000000000000000000000000000000000020
:109050000000000000000000000000000000000010
:109060000000000000000000000000000000000000
:1090700000000000000000000000000000000000F0
:1090800000000000000000000000000000000000E0
:1090900000000000000000000000000000000000D0
:1090A00000000000000000000000000000000000C0
:1090B00000000000000000000000000000000000B0
:1090C00000000000000000000000000000000000A0
:1090D0000000000000000000000000000000000090
:1090E0000000000000000000000000000000000080
:1090F0000000000000000000000000000000000070
:10910000000000000000000000000000000000005F
:10911000000000000000000000000000000000004F
:10912000000000000000000000000000000000003F
:10913000000000000000000000000000000000002F
:10914000000000000000000000000000000000001F
:10915000000000000000000000000000000000000F
:1091600000000000000000000000000000000000FF
:1091700000000000000000000000000000000000EF
:1091800000000000000000000000000000000000DF
:1091900000000000000000000000000000000000CF
:1091A00000000000000000000000000000000000BF
:1091B00000000000000000000000000000000000AF
:1091C000000000000000000000000000000000009F
:1091D000000000000000000000000000000000008F
:1091E000000000000000000000000000000000007F
:1091F000000000000000000000000000000000006F
:10920000000000000000000000000000000000005E
:10921000000000000000000000000000000000004E
:10922000000000000000000000000000000000003E
:10923000000000000000000000000000000000002E
:10924000000000000000000000000000000000001E
:10925000000000000000000000000000000000000E
:1092600000000000000000000000000000000000FE
:1092700000000000000000000000000000000000EE
:1092800000000000000000000000000000000000DE
:1092900000000000000000000000000000000000CE
:1092A00000000000000000000000000000000000BE
:1092B00000000000000000000000000000000000AE
:1092C000000000000000000000000000000000009E
:1092D000000000000000000000000000000000008E
:1092E000000000000000000000000000000000007E
:1092F000000000000000000000000000000000006E
:10930000000000000000000000000000000000005D
:10931000000000000000000000000000000000004D
:10932000000000000000000000000000000000003D
:10933000000000000000000000000000000000002D
:10934000000000000000000000000000000000001D
:10935000000000000000000000000000000000000D
:1093600000000000000000000000000000000000FD
:1093700000000000000000000000000000000000ED
:1093800000000000000000000000000000000000DD
:1093900000000000000000000000000000000000CD
:1093A00000000000000000000000000000000000BD
:1093B00000000000000000000000000000000000AD
:1093C000000000000000000000000000000000009D
:1093D000000000000000000000000000000000008D
:1093E000000000000000000000000000000000007D
:1093F000000000000000000000000000000000006D
:10940000000000000000000000000000000000005C
:10941000000000000000000000000000000000004C
:10942000000000000000000000000000000000003C
:10943000000000000000000000000000000000002C
:10944000000000000000000000000000000000001C
:10945000000000000000000000000000000000000C
:1094600000000000000000000000000000000000FC
:1094700000000000000000000000000000000000EC
:1094800000000000000000000000000000000000DC
:1094900000000000000000000000000000000000CC
:1094A00000000000000000000000000000000000BC
:1094B00000000000000000000000000000000000AC
:1094C000000000000000000000000000000000009C
:1094D000000000000000000000000000000000008C
:1094E000000000000000000000000000000000007C
:1094F000000000000000000000000000000000006C
:10950000000000000000000000000000000000005B
:10951000000000000000000000000000000000004B
:10952000000000000000000000000000000000003B
:10953000000000000000000000000000000000002B
:10954000000000000000000000000000000000001B
:10955000000000000000000000000000000000000B
:1095600000000000000000000000000000000000FB
:1095700000000000000000000000000000000000EB
:1095800000000000000000000000000000000000DB
:1095900000000000000000000000000000000000CB
:1095A00000000000000000000000000000000000BB
:1095B00000000000000000000000000000000000AB
:1095C000000000000000000000000000000000009B
:1095D000000000000000000000000000000000008B
:1095E000000000000000000000000000000000007B
:1095F000000000000000000000000000000000006B
:10960000000000000000000000000000000000005A
:10961000000000000000000000000000000000004A
:10962000000000000000000000000000000000003A
:10963000000000000000000000000000000000002A
:10964000000000000000000000000000000000001A
:10965000000000000000000000000000000000000A
:1096600000000000000000000000000000000000FA
:1096700000000000000000000000000000000000EA
:1096800000000000000000000000000000000000DA
:1096900000000000000000000000000000000000CA
:1096A00000000000000000000000000000000000BA
:1096B00000000000000000000000000000000000AA
:1096C000000000000000000000000000000000009A
:1096D000000000000000000000000000000000008A
:1096E000000000000000000000000000000000007A
:1096F000000000000000000000000000000000006A
:109700000000000000000000000000000000000059
:109710000000000000000000000000000000000049
:109720000000000000000000000000000000000039
:109730000000000000000000000000000000000029
:109740000000000000000000000000000000000019
:109750000000000000000000000000000000000009
:1097600000000000000000000000000000000000F9
:1097700000000000000000000000000000000000E9
:1097800000000000000000000000000000000000D9
:1097900000000000000000000000000000000000C9
:1097A00000000000000000000000000000000000B9
:1097B00000000000000000000000000000000000A9
:1097C0000000000000000000000000000000000099
:1097D0000000000000000000000000000000000089
:1097E0000000000000000000000000000000000079
:1097F0000000000000000000000000000000000069
:109800000000000000000000000000000000000058
:109810000000000000000000000000000000000048
:109820000000000000000000000000000000000038
:109830000000000000000000000000000000000028
:109840000000000000000000000000000000000018
:109850000000000000000000000000000000000008
:1098600000000000000000000000000000000000F8
:1098700000000000000000000000000000000000E8
:1098800000000000000000000000000000000000D8
:1098900000000000000000000000000000000000C8
:1098A00000000000000000000000000000000000B8
:1098B00000000000000000000000000000000000A8
:1098C0000000000000000000000000000000000098
:1098D0000000000000000000000000000000000088
:1098E0000000000000000000000000000000000078
:1098F0000000000000000000000000000000000068
:109900000000000000000000000000000000000057
:109910000000000000000000000000000000000047
:109920000000000000000000000000000000000037
:109930000000000000000000000000000000000027
:109940000000000000000000000000000000000017
:109950000000000000000000000000000000000007
:1099600000000000000000000000000000000000F7
:1099700000000000000000000000000000000000E7
:1099800000000000000000000000000000000000D7
:1099900000000000000000000000000000000000C7
:1099A00000000000000000000000000000000000B7
:1099B00000000000000000000000000000000000A7
:1099C0000000000000000000000000000000000097
:1099D0000000000000000000000000000000000087
:1099E0000000000000000000000000000000000077
:1099F0000000000000000000000000000000000067
:109A00000000000000000000000000000000000056
:109A10000000000000000000000000000000000046
:109A20000000000000000000000000000000000036
:109A30000000000000000000000000000000000026
:109A40000000000000000000000000000000000016
:109A50000000000000000000000000000000000006
:109A600000000000000000000000000000000000F6
:109A700000000000000000000000000000000000E6
:109A800000000000000000000000000000000000D6
:109A900000000000000000000000000000000000C6
:109AA00000000000000000000000000000000000B6
:109AB00000000000000000000000000000000000A6
:109AC0000000000000000000000000000000000096
:109AD0000000000000000000000000000000000086
:109AE0000000000000000000000000000000000076
:109AF0000000000000000000000000000000000066
:109B00000000000000000000000000000000000055
:109B10000000000000000000000000000000000045
:109B20000000000000000000000000000000000035
:109B30000000000000000000000000000000000025
:109B40000000000000000000000000000000000015
:109B50000000000000000000000000000000000005
:109B600000000000000000000000000000000000F5
:109B700000000000000000000000000000000000E5
:109B800000000000000000000000000000000000D5
:109B900000000000000000000000000000000000C5
:109BA00000000000000000000000000000000000B5
:109BB00000000000000000000000000000000000A5
:109BC0000000000000000000000000000000000095
:109BD0000000000000000000000000000000000085
:109BE0000000000000000000000000000000000075
:109BF0000000000000000000000000000000000065
:109C00000000000000000000000000000000000054
:109C10000000000000000000000000000000000044
:109C20000000000000000000000000000000000034
:109C30000000000000000000000000000000000024
:109C40000000000000000000000000000000000014
:109C50000000000000000000000000000000000004
:109C600000000000000000000000000000000000F4
:109C700000000000000000000000000000000000E4
:109C800000000000000000000000000000000000D4
:109C900000000000000000000000000000000000C4
:109CA00000000000000000000000000000000000B4
:109CB00000000000000000000000000000000000A4
:109CC0000000000000000000000000000000000094
:109CD0000000000000000000000000000000000084
:109CE0000000000000000000000000000000000074
:109CF0000000000000000000000000000000000064
:109D00000000000000000000000000000000000053
:109D10000000000000000000000000000000000043
:109D20000000000000000000000000000000000033
:109D30000000000000000000000000000000000023
:109D40000000000000000000000000000000000013
:109D50000000000000000000000000000000000003
:109D600000000000000000000000000000000000F3
:109D700000000000000000000000000000000000E3
:109D800000000000000000000000000000000000D3
:109D900000000000000000000000000000000000C3
:109DA00000000000000000000000000000000000B3
:109DB00000000000000000000000000000000000A3
:109DC0000000000000000000000000000000000093
:109DD0000000000000000000000000000000000083
:109DE0000000000000000000000000000000000073
:109DF0000000000000000000000000000000000063
:109E00000000000000000000000000000000000052
:109E10000000000000000000000000000000000042
:109E20000000000000000000000000000000000032
:109E30000000000000000000000000000000000022
:109E40000000000000000000000000000000000012
:109E50000000000000000000000000000000000002
:109E600000000000000000000000000000000000F2
:109E700000000000000000000000000000000000E2
:109E800000000000000000000000000000000000D2
:109E900000000000000000000000000000000000C2
:109EA00000000000000000000000000000000000B2
:109EB00000000000000000000000000000000000A2
:109EC0000000000000000000000000000000000092
:109ED0000000000000000000000000000000000082
:109EE0000000000000000000000000000000000072
:109EF0000000000000000000000000000000000062
:109F00000000000000000000000000000000000051
:109F10000000000000000000000000000000000041
:109F20000000000000000000000000000000000031
:109F30000000000000000000000000000000000021
:109F40000000000000000000000000000000000011
:109F50000000000000000000000000000000000001
:109F600000000000000000000000000000000000F1
:109F700000000000000000000000000000000000E1
:109F800000000000000000000000000000000000D1
:109F900000000000000000000000000000000000C1
:109FA00000000000000000000000000000000000B1
:109FB00000000000000000000000000000000000A1
:109FC0000000000000000000000000000000000091
:109FD0000000000000000000000000000000000081
:109FE0000000000000000000000000000000000071
:109FF0000000000000000000000000000000000061
:10A000000000000000000000000000000000000050
:10A010000000000000000000000000000000000040
:10A020000000000000000000000000000000000030
:10A030000000000000000000000000000000000020
:10A040000000000000000000000000000000000010
:10A050000000000000000000000000000000000000
:10A0600000000000000000000000000000000000F0
:10A0700000000000000000000000000000000000E0
:10A0800000000000000000000000000000000000D0
:10A0900000000000000000000000000000000000C0
:10A0A00000000000000000000000000000000000B0
:10A0B00000000000000000000000000000000000A0
:10A0C0000000000000000000000000000000000090
:10A0D0000000000000000000000000000000000080
:10A0E0000000000000000000000000000000000070
:10A0F0000000000000000000000000000000000060
:10A10000000000000000000000000000000000004F
:10A11000000000000000000000000000000000003F
:10A12000000000000000000000000000000000002F
:10A13000000000000000000000000000000000001F
:10A14000000000000000000000000000000000000F
:10A1500000000000000000000000000000000000FF
:10A1600000000000000000000000000000000000EF
:10A1700000000000000000000000000000000000DF
:10A1800000000000000000000000000000000000CF
:10A1900000000000000000000000000000000000BF
:10A1A00000000000000000000000000000000000AF
:10A1B000000000000000000000000000000000009F
:10A1C000000000000000000000000000000000008F
:10A1D000000000000000000000000000000000007F
:10A1E000000000000000000000000000000000006F
:10A1F000000000000000000000000000000000005F
:10A20000000000000000000000000000000000004E
:10A21000000000000000000000000000000000003E
:10A22000000000000000000000000000000000002E
:10A23000000000000000000000000000000000001E
:10A24000000000000000000000000000000000000E
:10A2500000000000000000000000000000000000FE
:10A2600000000000000000000000000000000000EE
:10A2700000000000000000000000000000000000DE
:10A2800000000000000000000000000000000000CE
:10A2900000000000000000000000000000000000BE
:10A2A00000000000000000000000000000000000AE
:10A2B000000000000000000000000000000000009E
:10A2C000000000000000000000000000000000008E
:10A2D000000000000000000000000000000000007E
:10A2E000000000000000000000000000000000006E
:10A2F000000000000000000000000000000000005E
:10A30000000000000000000000000000000000004D
:10A31000000000000000000000000000000000003D
:10A32000000000000000000000000000000000002D
:10A33000000000000000000000000000000000001D
:10A34000000000000000000000000000000000000D
:10A3500000000000000000000000000000000000FD
:10A3600000000000000000000000000000000000ED
:10A3700000000000000000000000000000000000DD
:10A3800000000000000000000000000000000000CD
:10A3900000000000000000000000000000000000BD
:10A3A00000000000000000000000000000000000AD
:10A3B000000000000000000000000000000000009D
:10A3C000000000000000000000000000000000008D
:10A3D000000000000000000000000000000000007D
:10A3E000000000000000000000000000000000006D
:10A3F000000000000000000000000000000000005D
:10A40000000000000000000000000000000000004C
:10A41000000000000000000000000000000000003C
:10A42000000000000000000000000000000000002C
:10A43000000000000000000000000000000000001C
:10A44000000000000000000000000000000000000C
:10A4500000000000000000000000000000000000FC
:10A4600000000000000000000000000000000000EC
:10A4700000000000000000000000000000000000DC
:10A4800000000000000000000000000000000000CC
:10A4900000000000000000000000000000000000BC
:10A4A00000000000000000000000000000000000AC
:10A4B000000000000000000000000000000000009C
:10A4C000000000000000000000000000000000008C
:10A4D000000000000000000000000000000000007C
:10A4E000000000000000000000000000000000006C
:10A4F000000000000000000000000000000000005C
:10A50000000000000000000000000000000000004B
:10A51000000000000000000000000000000000003B
:10A52000000000000000000000000000000000002B
:10A53000000000000000000000000000000000001B
:10A54000000000000000000000000000000000000B
:10A5500000000000000000000000000000000000FB
:10A5600000000000000000000000000000000000EB
:10A5700000000000000000000000000000000000DB
:10A5800000000000000000000000000000000000CB
:10A5900000000000000000000000000000000000BB
:10A5A00000000000000000000000000000000000AB
:10A5B000000000000000000000000000000000009B
:10A5C000000000000000000000000000000000008B
:10A5D000000000000000000000000000000000007B
:10A5E000000000000000000000000000000000006B
:10A5F000000000000000000000000000000000005B
:10A60000000000000000000000000000000000004A
:10A61000000000000000000000000000000000003A
:10A62000000000000000000000000000000000002A
:10A63000000000000000000000000000000000001A
:10A64000000000000000000000000000000000000A
:10A6500000000000000000000000000000000000FA
:10A6600000000000000000000000000000000000EA
:10A6700000000000000000000000000000000000DA
:10A6800000000000000000000000000000000000CA
:10A6900000000000000000000000000000000000BA
:10A6A00000000000000000000000000000000000AA
:10A6B000000000000000000000000000000000009A
:10A6C000000000000000000000000000000000008A
:10A6D000000000000000000000000000000000007A
:10A6E000000000000000000000000000000000006A
:10A6F000000000000000000000000000000000005A
:10A700000000000000000000000000000000000049
:10A710000000000000000000000000000000000039
:10A720000000000000000000000000000000000029
:10A730000000000000000000000000000000000019
:10A740000000000000000000000000000000000009
:10A7500000000000000000000000000000000000F9
:10A7600000000000000000000000000000000000E9
:10A7700000000000000000000000000000000000D9
:10A7800000000000000000000000000000000000C9
:10A7900000000000000000000000000000000000B9
:10A7A00000000000000000000000000000000000A9
:10A7B0000000000000000000000000000000000099
:10A7C0000000000000000000000000000000000089
:10A7D0000000000000000000000000000000000079
:10A7E0000000000000000000000000000000000069
:10A7F0000000000000000000000000000000000059
:10A800000000000000000000000000000000000048
:10A810000000000000000000000000000000000038
:10A820000000000000000000000000000000000028
:10A830000000000000000000000000000000000018
:10A840000000000000000000000000000000000008
:10A8500000000000000000000000000000000000F8
:10A8600000000000000000000000000000000000E8
:10A8700000000000000000000000000000000000D8
:10A8800000000000000000000000000000000000C8
:10A8900000000000000000000000000000000000B8
:10A8A00000000000000000000000000000000000A8
:10A8B0000000000000000000000000000000000098
:10A8C0000000000000000000000000000000000088
:10A8D0000000000000000000000000000000000078
:10A8E0000000000000000000000000000000000068
:10A8F0000000000000000000000000000000000058
:10A900000000000000000000000000000000000047
:10A910000000000000000000000000000000000037
:10A920000000000000000000000000000000000027
:10A930000000000000000000000000000000000017
:10A940000000000000000000000000000000000007
:10A9500000000000000000000000000000000000F7
:10A9600000000000000000000000000000000000E7
:10A9700000000000000000000000000000000000D7
:10A9800000000000000000000000000000000000C7
:10A9900000000000000000000000000000000000B7
:10A9A00000000000000000000000000000000000A7
:10A9B0000000000000000000000000000000000097
:10A9C0000000000000000000000000000000000087
:10A9D0000000000000000000000000000000000077
:10A9E0000000000000000000000000000000000067
:10A9F0000000000000000000000000000000000057
:10AA00000000000000000000000000000000000046
:10AA10000000000000000000000000000000000036
:10AA20000000000000000000000000000000000026
:10AA30000000000000000000000000000000000016
:10AA40000000000000000000000000000000000006
:10AA500000000000000000000000000000000000F6
:10AA600000000000000000000000000000000000E6
:10AA700000000000000000000000000000000000D6
:10AA800000000000000000000000000000000000C6
:10AA900000000000000000000000000000000000B6
:10AAA00000000000000000000000000000000000A6
:10AAB0000000000000000000000000000000000096
:10AAC0000000000000000000000000000000000086
:10AAD0000000000000000000000000000000000076
:10AAE0000000000000000000000000000000000066
:10AAF0000000000000000000000000000000000056
:10AB00000000000000000000000000000000000045
:10AB10000000000000000000000000000000000035
:10AB20000000000000000000000000000000000025
:10AB30000000000000000000000000000000000015
:10AB40000000000000000000000000000000000005
:10AB500000000000000000000000000000000000F5
:10AB600000000000000000000000000000000000E5
:10AB700000000000000000000000000000000000D5
:10AB800000000000000000000000000000000000C5
:10AB900000000000000000000000000000000000B5
:10ABA00000000000000000000000000000000000A5
:10ABB0000000000000000000000000000000000095
:10ABC0000000000000000000000000000000000085
:10ABD0000000000000000000000000000000000075
:10ABE0000000000000000000000000000000000065
:10ABF0000000000000000000000000000000000055
:10AC00000000000000000000000000000000000044
:10AC10000000000000000000000000000000000034
:10AC20000000000000000000000000000000000024
:10AC30000000000000000000000000000000000014
:10AC40000000000000000000000000000000000004
:10AC500000000000000000000000000000000000F4
:10AC600000000000000000000000000000000000E4
:10AC700000000000000000000000000000000000D4
:10AC800000000000000000000000000000000000C4
:10AC900000000000000000000000000000000000B4
:10ACA00000000000000000000000000000000000A4
:10ACB0000000000000000000000000000000000094
:10ACC0000000000000000000000000000000000084
:10ACD0000000000000000000000000000000000074
:10ACE0000000000000000000000000000000000064
:10ACF0000000000000000000000000000000000054
:10AD00000000000000000000000000000000000043
:10AD10000000000000000000000000000000000033
:10AD20000000000000000000000000000000000023
:10AD30000000000000000000000000000000000013
:10AD40000000000000000000000000000000000003
:10AD500000000000000000000000000000000000F3
:10AD600000000000000000000000000000000000E3
:10AD700000000000000000000000000000000000D3
:10AD800000000000000000000000000000000000C3
:10AD900000000000000000000000000000000000B3
:10ADA00000000000000000000000000000000000A3
:10ADB0000000000000000000000000000000000093
:10ADC0000000000000000000000000000000000083
:10ADD0000000000000000000000000000000000073
:10ADE0000000000000000000000000000000000063
:10ADF0000000000000000000000000000000000053
:10AE00000000000000000000000000000000000042
:10AE10000000000000000000000000000000000032
:10AE20000000000000000000000000000000000022
:10AE30000000000000000000000000000000000012
:10AE40000000000000000000000000000000000002
:10AE500000000000000000000000000000000000F2
:10AE600000000000000000000000000000000000E2
:10AE700000000000000000000000000000000000D2
:10AE800000000000000000000000000000000000C2
:10AE900000000000000000000000000000000000B2
:10AEA00000000000000000000000000000000000A2
:10AEB0000000000000000000000000000000000092
:10AEC0000000000000000000000000000000000082
:10AED0000000000000000000000000000000000072
:10AEE0000000000000000000000000000000000062
:10AEF0000000000000000000000000000000000052
:10AF00000000000000000000000000000000000041
:10AF10000000000000000000000000000000000031
:10AF20000000000000000000000000000000000021
:10AF30000000000000000000000000000000000011
:10AF40000000000000000000000000000000000001
:10AF500000000000000000000000000000000000F1
:10AF600000000000000000000000000000000000E1
:10AF700000000000000000000000000000000000D1
:10AF800000000000000000000000000000000000C1
:10AF900000000000000000000000000000000000B1
:10AFA00000000000000000000000000000000000A1
:10AFB0000000000000000000000000000000000091
:10AFC0000000000000000000000000000000000081
:10AFD0000000000000000000000000000000000071
:10AFE0000000000000000000000000000000000061
:10AFF0000000000000000000000000000000000051
:10B000000000000000000000000000000000000040
:10B010000000000000000000000000000000000030
:10B020000000000000000000000000000000000020
:10B030000000000000000000000000000000000010
:10B040000000000000000000000000000000000000
:10B0500000000000000000000000000000000000F0
:10B0600000000000000000000000000000000000E0
:10B0700000000000000000000000000000000000D0
:10B0800000000000000000000000000000000000C0
:10B0900000000000000000000000000000000000B0
:10B0A00000000000000000000000000000000000A0
:10B0B0000000000000000000000000000000000090
:10B0C0000000000000000000000000000000000080
:10B0D0000000000000000000000000000000000070
:10B0E0000000000000000000000000000000000060
:10B0F0000000000000000000000000000000000050
:10B10000000000000000000000000000000000003F
:10B11000000000000000000000000000000000002F
:10B12000000000000000000000000000000000001F
:10B13000000000000000000000000000000000000F
:10B1400000000000000000000000000000000000FF
:10B1500000000000000000000000000000000000EF
:10B1600000000000000000000000000000000000DF
:10B1700000000000000000000000000000000000CF
:10B1800000000000000000000000000000000000BF
:10B1900000000000000000000000000000000000AF
:10B1A000000000000000000000000000000000009F
:10B1B000000000000000000000000000000000008F
:10B1C000000000000000000000000000000000007F
:10B1D000000000000000000000000000000000006F
:10B1E000000000000000000000000000000000005F
:10B1F000000000000000000000000000000000004F
:10B20000000000000000000000000000000000003E
:10B21000000000000000000000000000000000002E
:10B22000000000000000000000000000000000001E
:10B23000000000000000000000000000000000000E
:10B2400000000000000000000000000000000000FE
:10B2500000000000000000000000000000000000EE
:10B2600000000000000000000000000000000000DE
:10B2700000000000000000000000000000000000CE
:10B2800000000000000000000000000000000000BE
:10B2900000000000000000000000000000000000AE
:10B2A000000000000000000000000000000000009E
:10B2B000000000000000000000000000000000008E
:10B2C000000000000000000000000000000000007E
:10B2D000000000000000000000000000000000006E
:10B2E000000000000000000000000000000000005E
:10B2F000000000000000000000000000000000004E
:10B30000000000000000000000000000000000003D
:10B31000000000000000000000000000000000002D
:10B32000000000000000000000000000000000001D
:10B33000000000000000000000000000000000000D
:10B3400000000000000000000000000000000000FD
:10B3500000000000000000000000000000000000ED
:10B3600000000000000000000000000000000000DD
:10B3700000000000000000000000000000000000CD
:10B3800000000000000000000000000000000000BD
:10B3900000000000000000000000000000000000AD
:10B3A000000000000000000000000000000000009D
:10B3B000000000000000000000000000000000008D
:10B3C000000000000000000000000000000000007D
:10B3D000000000000000000000000000000000006D
:10B3E000000000000000000000000000000000005D
:10B3F000000000000000000000000000000000004D
:10B40000000000000000000000000000000000003C
:10B41000000000000000000000000000000000002C
:10B42000000000000000000000000000000000001C
:10B43000000000000000000000000000000000000C
:10B4400000000000000000000000000000000000FC
:10B4500000000000000000000000000000000000EC
:10B4600000000000000000000000000000000000DC
:10B4700000000000000000000000000000000000CC
:10B4800000000000000000000000000000000000BC
:10B4900000000000000000000000000000000000AC
:10B4A000000000000000000000000000000000009C
:10B4B000000000000000000000000000000000008C
:10B4C000000000000000000000000000000000007C
:10B4D000000000000000000000000000000000006C
:10B4E000000000000000000000000000000000005C
:10B4F000000000000000000000000000000000004C
:10B50000000000000000000000000000000000003B
:10B51000000000000000000000000000000000002B
:10B52000000000000000000000000000000000001B
:10B53000000000000000000000000000000000000B
:10B5400000000000000000000000000000000000FB
:10B5500000000000000000000000000000000000EB
:10B5600000000000000000000000000000000000DB
:10B5700000000000000000000000000000000000CB
:10B5800000000000000000000000000000000000BB
:10B5900000000000000000000000000000000000AB
:10B5A000000000000000000000000000000000009B
:10B5B000000000000000000000000000000000008B
:10B5C000000000000000000000000000000000007B
:10B5D000000000000000000000000000000000006B
:10B5E000000000000000000000000000000000005B
:10B5F000000000000000000000000000000000004B
:10B60000000000000000000000000000000000003A
:10B61000000000000000000000000000000000002A
:10B62000000000000000000000000000000000001A
:10B63000000000000000000000000000000000000A
:10B6400000000000000000000000000000000000FA
:10B6500000000000000000000000000000000000EA
:10B6600000000000000000000000000000000000DA
:10B6700000000000000000000000000000000000CA
:10B6800000000000000000000000000000000000BA
:10B6900000000000000000000000000000000000AA
:10B6A000000000000000000000000000000000009A
:10B6B000000000000000000000000000000000008A
:10B6C000000000000000000000000000000000007A
:10B6D000000000000000000000000000000000006A
:10B6E000000000000000000000000000000000005A
:10B6F000000000000000000000000000000000004A
:10B700000000000000000000000000000000000039
:10B710000000000000000000000000000000000029
:10B720000000000000000000000000000000000019
:10B730000000000000000000000000000000000009
:10B7400000000000000000000000000000000000F9
:10B7500000000000000000000000000000000000E9
:10B7600000000000000000000000000000000000D9
:10B7700000000000000000000000000000000000C9
:10B7800000000000000000000000000000000000B9
:10B7900000000000000000000000000000000000A9
:10B7A0000000000000000000000000000000000099
:10B7B0000000000000000000000000000000000089
:10B7C0000000000000000000000000000000000079
:10B7D0000000000000000000000000000000000069
:10B7E0000000000000000000000000000000000059
:10B7F0000000000000000000000000000000000049
:10B800000000000000000000000000000000000038
:10B810000000000000000000000000000000000028
:10B820000000000000000000000000000000000018
:10B830000000000000000000000000000000000008
:10B8400000000000000000000000000000000000F8
:10B8500000000000000000000000000000000000E8
:10B8600000000000000000000000000000000000D8
:10B8700000000000000000000000000000000000C8
:10B8800000000000000000000000000000000000B8
:10B8900000000000000000000000000000000000A8
:10B8A0000000000000000000000000000000000098
:10B8B0000000000000000000000000000000000088
:10B8C0000000000000000000000000000000000078
:10B8D0000000000000000000000000000000000068
:10B8E0000000000000000000000000000000000058
:10B8F0000000000000000000000000000000000048
:10B900000000000000000000000000000000000037
:10B910000000000000000000000000000000000027
:10B920000000000000000000000000000000000017
:10B930000000000000000000000000000000000007
:10B9400000000000000000000000000000000000F7
:10B9500000000000000000000000000000000000E7
:10B9600000000000000000000000000000000000D7
:10B9700000000000000000000000000000000000C7
:10B9800000000000000000000000000000000000B7
:10B9900000000000000000000000000000000000A7
:10B9A0000000000000000000000000000000000097
:10B9B0000000000000000000000000000000000087
:10B9C0000000000000000000000000000000000077
:10B9D0000000000000000000000000000000000067
:10B9E0000000000000000000000000000000000057
:10B9F0000000000000000000000000000000000047
:10BA00000000000000000000000000000000000036
:10BA10000000000000000000000000000000000026
:10BA20000000000000000000000000000000000016
:10BA30000000000000000000000000000000000006
:10BA400000000000000000000000000000000000F6
:10BA500000000000000000000000000000000000E6
:10BA600000000000000000000000000000000000D6
:10BA700000000000000000000000000000000000C6
:10BA800000000000000000000000000000000000B6
:10BA900000000000000000000000000000000000A6
:10BAA0000000000000000000000000000000000096
:10BAB0000000000000000000000000000000000086
:10BAC0000000000000000000000000000000000076
:10BAD0000000000000000000000000000000000066
:10BAE0000000000000000000000000000000000056
:10BAF0000000000000000000000000000000000046
:10BB00000000000000000000000000000000000035
:10BB10000000000000000000000000000000000025
:10BB20000000000000000000000000000000000015
:10BB30000000000000000000000000000000000005
:10BB400000000000000000000000000000000000F5
:10BB500000000000000000000000000000000000E5
:10BB600000000000000000000000000000000000D5
:10BB700000000000000000000000000000000000C5
:10BB800000000000000000000000000000000000B5
:10BB900000000000000000000000000000000000A5
:10BBA0000000000000000000000000000000000095
:10BBB0000000000000000000000000000000000085
:10BBC0000000000000000000000000000000000075
:10BBD0000000000000000000000000000000000065
:10BBE0000000000000000000000000000000000055
:10BBF0000000000000000000000000000000000045
:10BC00000000000000000000000000000000000034
:10BC10000000000000000000000000000000000024
:10BC20000000000000000000000000000000000014
:10BC30000000000000000000000000000000000004
:10BC400000000000000000000000000000000000F4
:10BC500000000000000000000000000000000000E4
:10BC600000000000000000000000000000000000D4
:10BC700000000000000000000000000000000000C4
:10BC800000000000000000000000000000000000B4
:10BC900000000000000000000000000000000000A4
:10BCA0000000000000000000000000000000000094
:10BCB0000000000000000000000000000000000084
:10BCC0000000000000000000000000000000000074
:10BCD0000000000000000000000000000000000064
:10BCE0000000000000000000000000000000000054
:10BCF0000000000000000000000000000000000044
:10BD00000000000000000000000000000000000033
:10BD10000000000000000000000000000000000023
:10BD20000000000000000000000000000000000013
:10BD30000000000000000000000000000000000003
:10BD400000000000000000000000000000000000F3
:10BD500000000000000000000000000000000000E3
:10BD600000000000000000000000000000000000D3
:10BD700000000000000000000000000000000000C3
:10BD800000000000000000000000000000000000B3
:10BD900000000000000000000000000000000000A3
:10BDA0000000000000000000000000000000000093
:10BDB0000000000000000000000000000000000083
:10BDC0000000000000000000000000000000000073
:10BDD0000000000000000000000000000000000063
:10BDE0000000000000000000000000000000000053
:10BDF0000000000000000000000000000000000043
:10BE00000000000000000000000000000000000032
:10BE10000000000000000000000000000000000022
:10BE20000000000000000000000000000000000012
:10BE30000000000000000000000000000000000002
:10BE400000000000000000000000000000000000F2
:10BE500000000000000000000000000000000000E2
:10BE600000000000000000000000000000000000D2
:10BE700000000000000000000000000000000000C2
:10BE800000000000000000000000000000000000B2
:10BE900000000000000000000000000000000000A2
:10BEA0000000000000000000000000000000000092
:10BEB0000000000000000000000000000000000082
:10BEC0000000000000000000000000000000000072
:10BED0000000000000000000000000000000000062
:10BEE0000000000000000000000000000000000052
:10BEF0000000000000000000000000000000000042
:10BF00000000000000000000000000000000000031
:10BF10000000000000000000000000000000000021
:10BF20000000000000000000000000000000000011
:10BF30000000000000000000000000000000000001
:10BF400000000000000000000000000000000000F1
:10BF500000000000000000000000000000000000E1
:10BF600000000000000000000000000000000000D1
:10BF700000000000000000000000000000000000C1
:10BF800000000000000000000000000000000000B1
:10BF900000000000000000000000000000000000A1
:10BFA0000000000000000000000000000000000091
:10BFB0000000000000000000000000000000000081
:10BFC0000000000000000000000000000000000071
:10BFD0000000000000000000000000000000000061
:10BFE0000000000000000000000000000000000051
:10BFF0000000000000000000000000000000000041
:10C000000000000000000000000000000000000030
:10C010000000000000000000000000000000000020
:10C020000000000000000000000000000000000010
:10C030000000000000000000000000000000000000
:10C0400000000000000000000000000000000000F0
:10C0500000000000000000000000000000000000E0
:10C0600000000000000000000000000000000000D0
:10C0700000000000000000000000000000000000C0
:10C0800000000000000000000000000000000000B0
:10C0900000000000000000000000000000000000A0
:10C0A0000000000000000000000000000000000090
:10C0B0000000000000000000000000000000000080
:10C0C0000000000000000000000000000000000070
:10C0D0000000000000000000000000000000000060
:10C0E0000000000000000000000000000000000050
:10C0F0000000000000000000000000000000000040
:10C10000000000000000000000000000000000002F
:10C11000000000000000000000000000000000001F
:10C12000000000000000000000000000000000000F
:10C1300000000000000000000000000000000000FF
:10C1400000000000000000000000000000000000EF
:10C1500000000000000000000000000000000000DF
:10C1600000000000000000000000000000000000CF
:10C1700000000000000000000000000000000000BF
:10C1800000000000000000000000000000000000AF
:10C19000000000000000000000000000000000009F
:10C1A000000000000000000000000000000000008F
:10C1B000000000000000000000000000000000007F
:10C1C000000000000000000000000000000000006F
:10C1D000000000000000000000000000000000005F
:10C1E000000000000000000000000000000000004F
:10C1F000000000000000000000000000000000003F
:10C20000000000000000000000000000000000002E
:10C21000000000000000000000000000000000001E
:10C22000000000000000000000000000000000000E
:10C2300000000000000000000000000000000000FE
:10C2400000000000000000000000000000000000EE
:10C2500000000000000000000000000000000000DE
:10C2600000000000000000000000000000000000CE
:10C2700000000000000000000000000000000000BE
:10C2800000000000000000000000000000000000AE
:10C29000000000000000000000000000000000009E
:10C2A000000000000000000000000000000000008E
:10C2B000000000000000000000000000000000007E
:10C2C000000000000000000000000000000000006E
:10C2D000000000000000000000000000000000005E
:10C2E000000000000000000000000000000000004E
:10C2F000000000000000000000000000000000003E
:10C30000000000000000000000000000000000002D
:10C31000000000000000000000000000000000001D
:10C32000000000000000000000000000000000000D
:10C3300000000000000000000000000000000000FD
:10C3400000000000000000000000000000000000ED
:10C3500000000000000000000000000000000000DD
:10C3600000000000000000000000000000000000CD
:10C3700000000000000000000000000000000000BD
:10C3800000000000000000000000000000000000AD
:10C39000000000000000000000000000000000009D
:10C3A000000000000000000000000000000000008D
:10C3B000000000000000000000000000000000007D
:10C3C000000000000000000000000000000000006D
:10C3D000000000000000000000000000000000005D
:10C3E000000000000000000000000000000000004D
:10C3F000000000000000000000000000000000003D
:10C40000000000000000000000000000000000002C
:10C41000000000000000000000000000000000001C
:10C42000000000000000000000000000000000000C
:10C4300000000000000000000000000000000000FC
:10C4400000000000000000000000000000000000EC
:10C4500000000000000000000000000000000000DC
:10C4600000000000000000000000000000000000CC
:10C4700000000000000000000000000000000000BC
:10C4800000000000000000000000000000000000AC
:10C49000000000000000000000000000000000009C
:10C4A000000000000000000000000000000000008C
:10C4B000000000000000000000000000000000007C
:10C4C000000000000000000000000000000000006C
:10C4D000000000000000000000000000000000005C
:10C4E000000000000000000000000000000000004C
:10C4F000000000000000000000000000000000003C
:10C50000000000000000000000000000000000002B
:10C51000000000000000000000000000000000001B
:10C52000000000000000000000000000000000000B
:10C5300000000000000000000000000000000000FB
:10C5400000000000000000000000000000000000EB
:10C5500000000000000000000000000000000000DB
:10C5600000000000000000000000000000000000CB
:10C5700000000000000000000000000000000000BB
:10C5800000000000000000000000000000000000AB
:10C59000000000000000000000000000000000009B
:10C5A000000000000000000000000000000000008B
:10C5B000000000000000000000000000000000007B
:10C5C000000000000000000000000000000000006B
:10C5D000000000000000000000000000000000005B
:10C5E000000000000000000000000000000000004B
:10C5F000000000000000000000000000000000003B
:10C60000000000000000000000000000000000002A
:10C61000000000000000000000000000000000001A
:10C62000000000000000000000000000000000000A
:10C6300000000000000000000000000000000000FA
:10C6400000000000000000000000000000000000EA
:10C6500000000000000000000000000000000000DA
:10C6600000000000000000000000000000000000CA
:10C6700000000000000000000000000000000000BA
:10C6800000000000000000000000000000000000AA
:10C69000000000000000000000000000000000009A
:10C6A000000000000000000000000000000000008A
:10C6B000000000000000000000000000000000007A
:10C6C000000000000000000000000000000000006A
:10C6D000000000000000000000000000000000005A
:10C6E000000000000000000000000000000000004A
:10C6F000000000000000000000000000000000003A
:10C700000000000000000000000000000000000029
:10C710000000000000000000000000000000000019
:10C720000000000000000000000000000000000009
:10C7300000000000000000000000000000000000F9
:10C7400000000000000000000000000000000000E9
:10C7500000000000000000000000000000000000D9
:10C7600000000000000000000000000000000000C9
:10C7700000000000000000000000000000000000B9
:10C7800000000000000000000000000000000000A9
:10C790000000000000000000000000000000000099
:10C7A0000000000000000000000000000000000089
:10C7B0000000000000000000000000000000000079
:10C7C0000000000000000000000000000000000069
:10C7D0000000000000000000000000000000000059
:10C7E0000000000000000000000000000000000049
:10C7F0000000000000000000000000000000000039
:10C800000000000000000000000000000000000028
:10C810000000000000000000000000000000000018
:10C820000000000000000000000000000000000008
:10C8300000000000000000000000000000000000F8
:10C8400000000000000000000000000000000000E8
:10C8500000000000000000000000000000000000D8
:10C8600000000000000000000000000000000000C8
:10C8700000000000000000000000000000000000B8
:10C8800000000000000000000000000000000000A8
:10C890000000000000000000000000000000000098
:10C8A0000000000000000000000000000000000088
:10C8B0000000000000000000000000000000000078
:10C8C0000000000000000000000000000000000068
:10C8D0000000000000000000000000000000000058
:10C8E0000000000000000000000000000000000048
:10C8F0000000000000000000000000000000000038
:10C900000000000000000000000000000000000027
:10C910000000000000000000000000000000000017
:10C920000000000000000000000000000000000007
:10C9300000000000000000000000000000000000F7
:10C9400000000000000000000000000000000000E7
:10C9500000000000000000000000000000000000D7
:10C9600000000000000000000000000000000000C7
:10C9700000000000000000000000000000000000B7
:10C9800000000000000000000000000000000000A7
:10C990000000000000000000000000000000000097
:10C9A0000000000000000000000000000000000087
:10C9B0000000000000000000000000000000000077
:10C9C0000000000000000000000000000000000067
:10C9D0000000000000000000000000000000000057
:10C9E0000000000000000000000000000000000047
:10C9F0000000000000000000000000000000000037
:10CA00000000000000000000000000000000000026
:10CA10000000000000000000000000000000000016
:10CA20000000000000000000000000000000000006
:10CA300000000000000000000000000000000000F6
:10CA400000000000000000000000000000000000E6
:10CA500000000000000000000000000000000000D6
:10CA600000000000000000000000000000000000C6
:10CA700000000000000000000000000000000000B6
:10CA800000000000000000000000000000000000A6
:10CA90000000000000000000000000000000000096
:10CAA0000000000000000000000000000000000086
:10CAB0000000000000000000000000000000000076
:10CAC0000000000000000000000000000000000066
:10CAD0000000000000000000000000000000000056
:10CAE0000000000000000000000000000000000046
:10CAF0000000000000000000000000000000000036
:10CB00000000000000000000000000000000000025
:10CB10000000000000000000000000000000000015
:10CB20000000000000000000000000000000000005
:10CB300000000000000000000000000000000000F5
:10CB400000000000000000000000000000000000E5
:10CB500000000000000000000000000000000000D5
:10CB600000000000000000000000000000000000C5
:10CB700000000000000000000000000000000000B5
:10CB800000000000000000000000000000000000A5
:10CB90000000000000000000000000000000000095
:10CBA0000000000000000000000000000000000085
:10CBB0000000000000000000000000000000000075
:10CBC0000000000000000000000000000000000065
:10CBD0000000000000000000000000000000000055
:10CBE0000000000000000000000000000000000045
:10CBF0000000000000000000000000000000000035
:10CC00000000000000000000000000000000000024
:10CC10000000000000000000000000000000000014
:10CC20000000000000000000000000000000000004
:10CC300000000000000000000000000000000000F4
:10CC400000000000000000000000000000000000E4
:10CC500000000000000000000000000000000000D4
:10CC600000000000000000000000000000000000C4
:10CC700000000000000000000000000000000000B4
:10CC800000000000000000000000000000000000A4
:10CC90000000000000000000000000000000000094
:10CCA0000000000000000000000000000000000084
:10CCB0000000000000000000000000000000000074
:10CCC0000000000000000000000000000000000064
:10CCD0000000000000000000000000000000000054
:10CCE0000000000000000000000000000000000044
:10CCF0000000000000000000000000000000000034
:10CD00000000000000000000000000000000000023
:10CD10000000000000000000000000000000000013
:10CD20000000000000000000000000000000000003
:10CD300000000000000000000000000000000000F3
:10CD400000000000000000000000000000000000E3
:10CD500000000000000000000000000000000000D3
:10CD600000000000000000000000000000000000C3
:10CD700000000000000000000000000000000000B3
:10CD800000000000000000000000000000000000A3
:10CD90000000000000000000000000000000000093
:10CDA0000000000000000000000000000000000083
:10CDB0000000000000000000000000000000000073
:10CDC0000000000000000000000000000000000063
:10CDD0000000000000000000000000000000000053
:10CDE0000000000000000000000000000000000043
:10CDF0000000000000000000000000000000000033
:10CE00000000000000000000000000000000000022
:10CE10000000000000000000000000000000000012
:10CE20000000000000000000000000000000000002
:10CE300000000000000000000000000000000000F2
:10CE400000000000000000000000000000000000E2
:10CE500000000000000000000000000000000000D2
:10CE600000000000000000000000000000000000C2
:10CE700000000000000000000000000000000000B2
:10CE800000000000000000000000000000000000A2
:10CE90000000000000000000000000000000000092
:10CEA0000000000000000000000000000000000082
:10CEB0000000000000000000000000000000000072
:10CEC0000000000000000000000000000000000062
:10CED0000000000000000000000000000000000052
:10CEE0000000000000000000000000000000000042
:10CEF0000000000000000000000000000000000032
:10CF00000000000000000000000000000000000021
:10CF10000000000000000000000000000000000011
:10CF20000000000000000000000000000000000001
:10CF300000000000000000000000000000000000F1
:10CF400000000000000000000000000000000000E1
:10CF500000000000000000000000000000000000D1
:10CF600000000000000000000000000000000000C1
:10CF700000000000000000000000000000000000B1
:10CF800000000000000000000000000000000000A1
:10CF90000000000000000000000000000000000091
:10CFA0000000000000000000000000000000000081
:10CFB0000000000000000000000000000000000071
:10CFC0000000000000000000000000000000000061
:10CFD0000000000000000000000000000000000051
:10CFE0000000000000000000000000000000000041
:10CFF0000000000000000000000000000000000031
:10D000000000000000000000000000000000000020
:10D010000000000000000000000000000000000010
:10D020000000000000000000000000000000000000
:10D0300000000000000000000000000000000000F0
:10D0400000000000000000000000000000000000E0
:10D0500000000000000000000000000000000000D0
:10D0600000000000000000000000000000000000C0
:10D0700000000000000000000000000000000000B0
:10D0800000000000000000000000000000000000A0
:10D090000000000000000000000000000000000090
:10D0A0000000000000000000000000000000000080
:10D0B0000000000000000000000000000000000070
:10D0C0000000000000000000000000000000000060
:10D0D0000000000000000000000000000000000050
:10D0E0000000000000000000000000000000000040
:10D0F0000000000000000000000000000000000030
:10D10000000000000000000000000000000000001F
:10D11000000000000000000000000000000000000F
:10D1200000000000000000000000000000000000FF
:10D1300000000000000000000000000000000000EF
:10D1400000000000000000000000000000000000DF
:10D1500000000000000000000000000000000000CF
:10D1600000000000000000000000000000000000BF
:10D1700000000000000000000000000000000000AF
:10D18000000000000000000000000000000000009F
:10D19000000000000000000000000000000000008F
:10D1A000000000000000000000000000000000007F
:10D1B000000000000000000000000000000000006F
:10D1C000000000000000000000000000000000005F
:10D1D000000000000000000000000000000000004F
:10D1E000000000000000000000000000000000003F
:10D1F000000000000000000000000000000000002F
:10D20000000000000000000000000000000000001E
:10D21000000000000000000000000000000000000E
:10D2200000000000000000000000000000000000FE
:10D2300000000000000000000000000000000000EE
:10D2400000000000000000000000000000000000DE
:10D2500000000000000000000000000000000000CE
:10D2600000000000000000000000000000000000BE
:10D2700000000000000000000000000000000000AE
:10D28000000000000000000000000000000000009E
:10D29000000000000000000000000000000000008E
:10D2A000000000000000000000000000000000007E
:10D2B000000000000000000000000000000000006E
:10D2C000000000000000000000000000000000005E
:10D2D000000000000000000000000000000000004E
:10D2E000000000000000000000000000000000003E
:10D2F000000000000000000000000000000000002E
:10D30000000000000000000000000000000000001D
:10D31000000000000000000000000000000000000D
:10D3200000000000000000000000000000000000FD
:10D3300000000000000000000000000000000000ED
:10D3400000000000000000000000000000000000DD
:10D3500000000000000000000000000000000000CD
:10D3600000000000000000000000000000000000BD
:10D3700000000000000000000000000000000000AD
:10D38000000000000000000000000000000000009D
:10D39000000000000000000000000000000000008D
:10D3A000000000000000000000000000000000007D
:10D3B000000000000000000000000000000000006D
:10D3C000000000000000000000000000000000005D
:10D3D000000000000000000000000000000000004D
:10D3E000000000000000000000000000000000003D
:10D3F000000000000000000000000000000000002D
:10D40000000000000000000000000000000000001C
:10D41000000000000000000000000000000000000C
:10D4200000000000000000000000000000000000FC
:10D4300000000000000000000000000000000000EC
:10D4400000000000000000000000000000000000DC
:10D4500000000000000000000000000000000000CC
:10D4600000000000000000000000000000000000BC
:10D4700000000000000000000000000000000000AC
:10D48000000000000000000000000000000000009C
:10D49000000000000000000000000000000000008C
:10D4A000000000000000000000000000000000007C
:10D4B000000000000000000000000000000000006C
:10D4C000000000000000000000000000000000005C
:10D4D000000000000000000000000000000000004C
:10D4E000000000000000000000000000000000003C
:10D4F000000000000000000000000000000000002C
:10D50000000000000000000000000000000000001B
:10D51000000000000000000000000000000000000B
:10D5200000000000000000000000000000000000FB
:10D5300000000000000000000000000000000000EB
:10D5400000000000000000000000000000000000DB
:10D5500000000000000000000000000000000000CB
:10D5600000000000000000000000000000000000BB
:10D5700000000000000000000000000000000000AB
:10D58000000000000000000000000000000000009B
:10D59000000000000000000000000000000000008B
:10D5A000000000000000000000000000000000007B
:10D5B000000000000000000000000000000000006B
:10D5C000000000000000000000000000000000005B
:10D5D000000000000000000000000000000000004B
:10D5E000000000000000000000000000000000003B
:10D5F000000000000000000000000000000000002B
:10D60000000000000000000000000000000000001A
:10D61000000000000000000000000000000000000A
:10D6200000000000000000000000000000000000FA
:10D6300000000000000000000000000000000000EA
:10D6400000000000000000000000000000000000DA
:10D6500000000000000000000000000000000000CA
:10D6600000000000000000000000000000000000BA
:10D6700000000000000000000000000000000000AA
:10D68000000000000000000000000000000000009A
:10D69000000000000000000000000000000000008A
:10D6A000000000000000000000000000000000007A
:10D6B000000000000000000000000000000000006A
:10D6C000000000000000000000000000000000005A
:10D6D000000000000000000000000000000000004A
:10D6E000000000000000000000000000000000003A
:10D6F000000000000000000000000000000000002A
:10D700000000000000000000000000000000000019
:10D710000000000000000000000000000000000009
:10D7200000000000000000000000000000000000F9
:10D7300000000000000000000000000000000000E9
:10D7400000000000000000000000000000000000D9
:10D7500000000000000000000000000000000000C9
:10D7600000000000000000000000000000000000B9
:10D7700000000000000000000000000000000000A9
:10D780000000000000000000000000000000000099
:10D790000000000000000000000000000000000089
:10D7A0000000000000000000000000000000000079
:10D7B0000000000000000000000000000000000069
:10D7C0000000000000000000000000000000000059
:10D7D0000000000000000000000000000000000049
:10D7E0000000000000000000000000000000000039
:10D7F0000000000000000000000000000000000029
:10D800000000000000000000000000000000000018
:10D810000000000000000000000000000000000008
:10D8200000000000000000000000000000000000F8
:10D8300000000000000000000000000000000000E8
:10D8400000000000000000000000000000000000D8
:10D8500000000000000000000000000000000000C8
:10D8600000000000000000000000000000000000B8
:10D8700000000000000000000000000000000000A8
:10D880000000000000000000000000000000000098
:10D890000000000000000000000000000000000088
:10D8A0000000000000000000000000000000000078
:10D8B0000000000000000000000000000000000068
:10D8C0000000000000000000000000000000000058
:10D8D0000000000000000000000000000000000048
:10D8E0000000000000000000000000000000000038
:10D8F0000000000000000000000000000000000028
:10D900000000000000000000000000000000000017
:10D910000000000000000000000000000000000007
:10D9200000000000000000000000000000000000F7
:10D9300000000000000000000000000000000000E7
:10D9400000000000000000000000000000000000D7
:10D9500000000000000000000000000000000000C7
:10D9600000000000000000000000000000000000B7
:10D9700000000000000000000000000000000000A7
:10D980000000000000000000000000000000000097
:10D990000000000000000000000000000000000087
:10D9A0000000000000000000000000000000000077
:10D9B0000000000000000000000000000000000067
:10D9C0000000000000000000000000000000000057
:10D9D0000000000000000000000000000000000047
:10D9E0000000000000000000000000000000000037
:10D9F0000000000000000000000000000000000027
:10DA00000000000000000000000000000000000016
:10DA10000000000000000000000000000000000006
:10DA200000000000000000000000000000000000F6
:10DA300000000000000000000000000000000000E6
:10DA400000000000000000000000000000000000D6
:10DA500000000000000000000000000000000000C6
:10DA600000000000000000000000000000000000B6
:10DA700000000000000000000000000000000000A6
:10DA80000000000000000000000000000000000096
:10DA90000000000000000000000000000000000086
:10DAA0000000000000000000000000000000000076
:10DAB0000000000000000000000000000000000066
:10DAC0000000000000000000000000000000000056
:10DAD0000000000000000000000000000000000046
:10DAE0000000000000000000000000000000000036
:10DAF0000000000000000000000000000000000026
:10DB00000000000000000000000000000000000015
:10DB10000000000000000000000000000000000005
:10DB200000000000000000000000000000000000F5
:10DB300000000000000000000000000000000000E5
:10DB400000000000000000000000000000000000D5
:10DB500000000000000000000000000000000000C5
:10DB600000000000000000000000000000000000B5
:10DB700000000000000000000000000000000000A5
:10DB80000000000000000000000000000000000095
:10DB90000000000000000000000000000000000085
:10DBA0000000000000000000000000000000000075
:10DBB0000000000000000000000000000000000065
:10DBC0000000000000000000000000000000000055
:10DBD0000000000000000000000000000000000045
:10DBE0000000000000000000000000000000000035
:10DBF0000000000000000000000000000000000025
:10DC00000000000000000000000000000000000014
:10DC10000000000000000000000000000000000004
:10DC200000000000000000000000000000000000F4
:10DC300000000000000000000000000000000000E4
:10DC400000000000000000000000000000000000D4
:10DC500000000000000000000000000000000000C4
:10DC600000000000000000000000000000000000B4
:10DC700000000000000000000000000000000000A4
:10DC80000000000000000000000000000000000094
:10DC90000000000000000000000000000000000084
:10DCA0000000000000000000000000000000000074
:10DCB0000000000000000000000000000000000064
:10DCC0000000000000000000000000000000000054
:10DCD0000000000000000000000000000000000044
:10DCE0000000000000000000000000000000000034
:10DCF0000000000000000000000000000000000024
:10DD00000000000000000000000000000000000013
:10DD10000000000000000000000000000000000003
:10DD200000000000000000000000000000000000F3
:10DD300000000000000000000000000000000000E3
:10DD400000000000000000000000000000000000D3
:10DD500000000000000000000000000000000000C3
:10DD600000000000000000000000000000000000B3
:10DD700000000000000000000000000000000000A3
:10DD80000000000000000000000000000000000093
:10DD90000000000000000000000000000000000083
:10DDA0000000000000000000000000000000000073
:10DDB0000000000000000000000000000000000063
:10DDC0000000000000000000000000000000000053
:10DDD0000000000000000000000000000000000043
:10DDE0000000000000000000000000000000000033
:10DDF0000000000000000000000000000000000023
:10DE00000000000000000000000000000000000012
:10DE10000000000000000000000000000000000002
:10DE200000000000000000000000000000000000F2
:10DE300000000000000000000000000000000000E2
:10DE400000000000000000000000000000000000D2
:10DE500000000000000000000000000000000000C2
:10DE600000000000000000000000000000000000B2
:10DE700000000000000000000000000000000000A2
:10DE80000000000000000000000000000000000092
:10DE90000000000000000000000000000000000082
:10DEA0000000000000000000000000000000000072
:10DEB0000000000000000000000000000000000062
:10DEC0000000000000000000000000000000000052
:10DED0000000000000000000000000000000000042
:10DEE0000000000000000000000000000000000032
:10DEF0000000000000000000000000000000000022
:10DF00000000000000000000000000000000000011
:10DF10000000000000000000000000000000000001
:10DF200000000000000000000000000000000000F1
:10DF300000000000000000000000000000000000E1
:10DF400000000000000000000000000000000000D1
:10DF500000000000000000000000000000000000C1
:10DF600000000000000000000000000000000000B1
:10DF700000000000000000000000000000000000A1
:10DF80000000000000000000000000000000000091
:10DF90000000000000000000000000000000000081
:10DFA0000000000000000000000000000000000071
:10DFB0000000000000000000000000000000000061
:10DFC0000000000000000000000000000000000051
:10DFD0000000000000000000000000000000000041
:10DFE0000000000000000000000000000000000031
:10DFF0000000000000000000000000000000000021
:10E000000000000000000000000000000000000010
:10E010000000000000000000000000000000000000
:10E0200000000000000000000000000000000000F0
:10E0300000000000000000000000000000000000E0
:10E0400000000000000000000000000000000000D0
:10E0500000000000000000000000000000000000C0
:10E0600000000000000000000000000000000000B0
:10E0700000000000000000000000000000000000A0
:10E080000000000000000000000000000000000090
:10E090000000000000000000000000000000000080
:10E0A0000000000000000000000000000000000070
:10E0B0000000000000000000000000000000000060
:10E0C0000000000000000000000000000000000050
:10E0D0000000000000000000000000000000000040
:10E0E0000000000000000000000000000000000030
:10E0F0000000000000000000000000000000000020
:10E10000000000000000000000000000000000000F
:10E1100000000000000000000000000000000000FF
:10E1200000000000000000000000000000000000EF
:10E1300000000000000000000000000000000000DF
:10E1400000000000000000000000000000000000CF
:10E1500000000000000000000000000000000000BF
:10E1600000000000000000000000000000000000AF
:10E17000000000000000000000000000000000009F
:10E18000000000000000000000000000000000008F
:10E19000000000000000000000000000000000007F
:10E1A000000000000000000000000000000000006F
:10E1B000000000000000000000000000000000005F
:10E1C000000000000000000000000000000000004F
:10E1D000000000000000000000000000000000003F
:10E1E000000000000000000000000000000000002F
:10E1F000000000000000000000000000000000001F
:10E20000000000000000000000000000000000000E
:10E2100000000000000000000000000000000000FE
:10E2200000000000000000000000000000000000EE
:10E2300000000000000000000000000000000000DE
:10E2400000000000000000000000000000000000CE
:10E2500000000000000000000000000000000000BE
:10E2600000000000000000000000000000000000AE
:10E27000000000000000000000000000000000009E
:10E28000000000000000000000000000000000008E
:10E29000000000000000000000000000000000007E
:10E2A000000000000000000000000000000000006E
:10E2B000000000000000000000000000000000005E
:10E2C000000000000000000000000000000000004E
:10E2D000000000000000000000000000000000003E
:10E2E000000000000000000000000000000000002E
:10E2F000000000000000000000000000000000001E
:10E30000000000000000000000000000000000000D
:10E3100000000000000000000000000000000000FD
:10E3200000000000000000000000000000000000ED
:10E3300000000000000000000000000000000000DD
:10E3400000000000000000000000000000000000CD
:10E3500000000000000000000000000000000000BD
:10E3600000000000000000000000000000000000AD
:10E37000000000000000000000000000000000009D
:10E38000000000000000000000000000000000008D
:10E39000000000000000000000000000000000007D
:10E3A000000000000000000000000000000000006D
:10E3B000000000000000000000000000000000005D
:10E3C000000000000000000000000000000000004D
:10E3D000000000000000000000000000000000003D
:10E3E000000000000000000000000000000000002D
:10E3F000000000000000000000000000000000001D
:10E40000000000000000000000000000000000000C
:10E4100000000000000000000000000000000000FC
:10E4200000000000000000000000000000000000EC
:10E4300000000000000000000000000000000000DC
:10E4400000000000000000000000000000000000CC
:10E4500000000000000000000000000000000000BC
:10E4600000000000000000000000000000000000AC
:10E47000000000000000000000000000000000009C
:10E48000000000000000000000000000000000008C
:10E49000000000000000000000000000000000007C
:10E4A000000000000000000000000000000000006C
:10E4B000000000000000000000000000000000005C
:10E4C000000000000000000000000000000000004C
:10E4D000000000000000000000000000000000003C
:10E4E000000000000000000000000000000000002C
:10E4F000000000000000000000000000000000001C
:10E50000000000000000000000000000000000000B
:10E5100000000000000000000000000000000000FB
:10E5200000000000000000000000000000000000EB
:10E5300000000000000000000000000000000000DB
:10E5400000000000000000000000000000000000CB
:10E5500000000000000000000000000000000000BB
:10E5600000000000000000000000000000000000AB
:10E57000000000000000000000000000000000009B
:10E58000000000000000000000000000000000008B
:10E59000000000000000000000000000000000007B
:10E5A000000000000000000000000000000000006B
:10E5B000000000000000000000000000000000005B
:10E5C000000000000000000000000000000000004B
:10E5D000000000000000000000000000000000003B
:10E5E000000000000000000000000000000000002B
:10E5F000000000000000000000000000000000001B
:10E60000000000000000000000000000000000000A
:10E6100000000000000000000000000000000000FA
:10E6200000000000000000000000000000000000EA
:10E6300000000000000000000000000000000000DA
:10E6400000000000000000000000000000000000CA
:10E6500000000000000000000000000000000000BA
:10E6600000000000000000000000000000000000AA
:10E67000000000000000000000000000000000009A
:10E68000000000000000000000000000000000008A
:10E69000000000000000000000000000000000007A
:10E6A000000000000000000000000000000000006A
:10E6B000000000000000000000000000000000005A
:10E6C000000000000000000000000000000000004A
:10E6D000000000000000000000000000000000003A
:10E6E000000000000000000000000000000000002A
:10E6F000000000000000000000000000000000001A
:10E700000000000000000000000000000000000009
:10E7100000000000000000000000000000000000F9
:10E7200000000000000000000000000000000000E9
:10E7300000000000000000000000000000000000D9
:10E7400000000000000000000000000000000000C9
:10E7500000000000000000000000000000000000B9
:10E7600000000000000000000000000000000000A9
:10E770000000000000000000000000000000000099
:10E780000000000000000000000000000000000089
:10E790000000000000000000000000000000000079
:10E7A0000000000000000000000000000000000069
:10E7B0000000000000000000000000000000000059
:10E7C0000000000000000000000000000000000049
:10E7D0000000000000000000000000000000000039
:10E7E0000000000000000000000000000000000029
:10E7F0000000000000000000000000000000000019
:10E800000000000000000000000000000000000008
:10E8100000000000000000000000000000000000F8
:10E8200000000000000000000000000000000000E8
:10E8300000000000000000000000000000000000D8
:10E8400000000000000000000000000000000000C8
:10E8500000000000000000000000000000000000B8
:10E8600000000000000000000000000000000000A8
:10E870000000000000000000000000000000000098
:10E880000000000000000000000000000000000088
:10E890000000000000000000000000000000000078
:10E8A0000000000000000000000000000000000068
:10E8B0000000000000000000000000000000000058
:10E8C0000000000000000000000000000000000048
:10E8D0000000000000000000000000000000000038
:10E8E0000000000000000000000000000000000028
:10E8F0000000000000000000000000000000000018
:10E900000000000000000000000000000000000007
:10E9100000000000000000000000000000000000F7
:10E9200000000000000000000000000000000000E7
:10E9300000000000000000000000000000000000D7
:10E9400000000000000000000000000000000000C7
:10E9500000000000000000000000000000000000B7
:10E9600000000000000000000000000000000000A7
:10E970000000000000000000000000000000000097
:10E980000000000000000000000000000000000087
:10E990000000000000000000000000000000000077
:10E9A0000000000000000000000000000000000067
:10E9B0000000000000000000000000000000000057
:10E9C0000000000000000000000000000000000047
:10E9D0000000000000000000000000000000000037
:10E9E0000000000000000000000000000000000027
:10E9F0000000000000000000000000000000000017
:10EA00000000000000000000000000000000000006
:10EA100000000000000000000000000000000000F6
:10EA200000000000000000000000000000000000E6
:10EA300000000000000000000000000000000000D6
:10EA400000000000000000000000000000000000C6
:10EA500000000000000000000000000000000000B6
:10EA600000000000000000000000000000000000A6
:10EA70000000000000000000000000000000000096
:10EA80000000000000000000000000000000000086
:10EA90000000000000000000000000000000000076
:10EAA0000000000000000000000000000000000066
:10EAB0000000000000000000000000000000000056
:10EAC0000000000000000000000000000000000046
:10EAD0000000000000000000000000000000000036
:10EAE0000000000000000000000000000000000026
:10EAF0000000000000000000000000000000000016
:10EB00000000000000000000000000000000000005
:10EB100000000000000000000000000000000000F5
:10EB200000000000000000000000000000000000E5
:10EB300000000000000000000000000000000000D5
:10EB400000000000000000000000000000000000C5
:10EB500000000000000000000000000000000000B5
:10EB600000000000000000000000000000000000A5
:10EB70000000000000000000000000000000000095
:10EB80000000000000000000000000000000000085
:10EB90000000000000000000000000000000000075
:10EBA0000000000000000000000000000000000065
:10EBB0000000000000000000000000000000000055
:10EBC0000000000000000000000000000000000045
:10EBD0000000000000000000000000000000000035
:10EBE0000000000000000000000000000000000025
:10EBF0000000000000000000000000000000000015
:10EC00000000000000000000000000000000000004
:10EC100000000000000000000000000000000000F4
:10EC200000000000000000000000000000000000E4
:10EC300000000000000000000000000000000000D4
:10EC400000000000000000000000000000000000C4
:10EC500000000000000000000000000000000000B4
:10EC600000000000000000000000000000000000A4
:10EC70000000000000000000000000000000000094
:10EC80000000000000000000000000000000000084
:10EC90000000000000000000000000000000000074
:10ECA0000000000000000000000000000000000064
:10ECB0000000000000000000000000000000000054
:10ECC0000000000000000000000000000000000044
:10ECD0000000000000000000000000000000000034
:10ECE0000000000000000000000000000000000024
:10ECF0000000000000000000000000000000000014
:10ED00000000000000000000000000000000000003
:10ED100000000000000000000000000000000000F3
:10ED200000000000000000000000000000000000E3
:10ED300000000000000000000000000000000000D3
:10ED400000000000000000000000000000000000C3
:10ED500000000000000000000000000000000000B3
:10ED600000000000000000000000000000000000A3
:10ED70000000000000000000000000000000000093
:10ED80000000000000000000000000000000000083
:10ED90000000000000000000000000000000000073
:10EDA0000000000000000000000000000000000063
:10EDB0000000000000000000000000000000000053
:10EDC0000000000000000000000000000000000043
:10EDD0000000000000000000000000000000000033
:10EDE0000000000000000000000000000000000023
:10EDF0000000000000000000000000000000000013
:10EE00000000000000000000000000000000000002
:10EE100000000000000000000000000000000000F2
:10EE200000000000000000000000000000000000E2
:10EE300000000000000000000000000000000000D2
:10EE400000000000000000000000000000000000C2
:10EE500000000000000000000000000000000000B2
:10EE600000000000000000000000000000000000A2
:10EE70000000000000000000000000000000000092
:10EE80000000000000000000000000000000000082
:10EE90000000000000000000000000000000000072
:10EEA0000000000000000000000000000000000062
:10EEB0000000000000000000000000000000000052
:10EEC0000000000000000000000000000000000042
:10EED0000000000000000000000000000000000032
:10EEE0000000000000000000000000000000000022
:10EEF0000000000000000000000000000000000012
:10EF00000000000000000000000000000000000001
:10EF100000000000000000000000000000000000F1
:10EF200000000000000000000000000000000000E1
:10EF300000000000000000000000000000000000D1
:10EF400000000000000000000000000000000000C1
:10EF500000000000000000000000000000000000B1
:10EF600000000000000000000000000000000000A1
:10EF70000000000000000000000000000000000091
:10EF80000000000000000000000000000000000081
:10EF90000000000000000000000000000000000071
:10EFA0000000000000000000000000000000000061
:10EFB0000000000000000000000000000000000051
:10EFC0000000000000000000000000000000000041
:10EFD0000000000000000000000000000000000031
:10EFE0000000000000000000000000000000000021
:10EFF0000000000000000000000000000000000011
:10F000000000000000000000000000000000000000
:10F0100000000000000000000000000000000000F0
:10F0200000000000000000000000000000000000E0
:10F0300000000000000000000000000000000000D0
:10F0400000000000000000000000000000000000C0
:10F0500000000000000000000000000000000000B0
:10F0600000000000000000000000000000000000A0
:10F070000000000000000000000000000000000090
:10F080000000000000000000000000000000000080
:10F090000000000000000000000000000000000070
:10F0A0000000000000000000000000000000000060
:10F0B0000000000000000000000000000000000050
:10F0C0000000000000000000000000000000000040
:10F0D0000000000000000000000000000000000030
:10F0E0000000000000000000000000000000000020
:10F0F0000000000000000000000000000000000010
:10F1000000000000000000000000000000000000FF
:10F1100000000000000000000000000000000000EF
:10F1200000000000000000000000000000000000DF
:10F1300000000000000000000000000000000000CF
:10F1400000000000000000000000000000000000BF
:10F1500000000000000000000000000000000000AF
:10F16000000000000000000000000000000000009F
:10F17000000000000000000000000000000000008F
:10F18000000000000000000000000000000000007F
:10F19000000000000000000000000000000000006F
:10F1A000000000000000000000000000000000005F
:10F1B000000000000000000000000000000000004F
:10F1C000000000000000000000000000000000003F
:10F1D000000000000000000000000000000000002F
:10F1E000000000000000000000000000000000001F
:10F1F000000000000000000000000000000000000F
:10F2000000000000000000000000000000000000FE
:10F2100000000000000000000000000000000000EE
:10F2200000000000000000000000000000000000DE
:10F2300000000000000000000000000000000000CE
:10F2400000000000000000000000000000000000BE
:10F2500000000000000000000000000000000000AE
:10F26000000000000000000000000000000000009E
:10F27000000000000000000000000000000000008E
:10F28000000000000000000000000000000000007E
:10F29000000000000000000000000000000000006E
:10F2A000000000000000000000000000000000005E
:10F2B000000000000000000000000000000000004E
:10F2C000000000000000000000000000000000003E
:10F2D000000000000000000000000000000000002E
:10F2E000000000000000000000000000000000001E
:10F2F000000000000000000000000000000000000E
:10F3000000000000000000000000000000000000FD
:10F3100000000000000000000000000000000000ED
:10F3200000000000000000000000000000000000DD
:10F3300000000000000000000000000000000000CD
:10F3400000000000000000000000000000000000BD
:10F3500000000000000000000000000000000000AD
:10F36000000000000000000000000000000000009D
:10F37000000000000000000000000000000000008D
:10F38000000000000000000000000000000000007D
:10F39000000000000000000000000000000000006D
:10F3A000000000000000000000000000000000005D
:10F3B000000000000000000000000000000000004D
:10F3C000000000000000000000000000000000003D
:10F3D000000000000000000000000000000000002D
:10F3E000000000000000000000000000000000001D
:10F3F000000000000000000000000000000000000D
:10F4000000000000000000000000000000000000FC
:10F4100000000000000000000000000000000000EC
:10F4200000000000000000000000000000000000DC
:10F4300000000000000000000000000000000000CC
:10F4400000000000000000000000000000000000BC
:10F4500000000000000000000000000000000000AC
:10F46000000000000000000000000000000000009C
:10F47000000000000000000000000000000000008C
:10F48000000000000000000000000000000000007C
:10F49000000000000000000000000000000000006C
:10F4A000000000000000000000000000000000005C
:10F4B000000000000000000000000000000000004C
:10F4C000000000000000000000000000000000003C
:10F4D000000000000000000000000000000000002C
:10F4E000000000000000000000000000000000001C
:10F4F000000000000000000000000000000000000C
:10F5000000000000000000000000000000000000FB
:10F5100000000000000000000000000000000000EB
:10F5200000000000000000000000000000000000DB
:10F5300000000000000000000000000000000000CB
:10F5400000000000000000000000000000000000BB
:10F5500000000000000000000000000000000000AB
:10F56000000000000000000000000000000000009B
:10F57000000000000000000000000000000000008B
:10F58000000000000000000000000000000000007B
:10F59000000000000000000000000000000000006B
:10F5A000000000000000000000000000000000005B
:10F5B000000000000000000000000000000000004B
:10F5C000000000000000000000000000000000003B
:10F5D000000000000000000000000000000000002B
:10F5E000000000000000000000000000000000001B
:10F5F000000000000000000000000000000000000B
:10F6000000000000000000000000000000000000FA
:10F6100000000000000000000000000000000000EA
:10F6200000000000000000000000000000000000DA
:10F6300000000000000000000000000000000000CA
:10F6400000000000000000000000000000000000BA
:10F6500000000000000000000000000000000000AA
:10F66000000000000000000000000000000000009A
:10F67000000000000000000000000000000000008A
:10F68000000000000000000000000000000000007A
:10F69000000000000000000000000000000000006A
:10F6A000000000000000000000000000000000005A
:10F6B000000000000000000000000000000000004A
:10F6C000000000000000000000000000000000003A
:10F6D000000000000000000000000000000000002A
:10F6E000000000000000000000000000000000001A
:10F6F000000000000000000000000000000000000A
:10F7000000000000000000000000000000000000F9
:10F7100000000000000000000000000000000000E9
:10F7200000000000000000000000000000000000D9
:10F7300000000000000000000000000000000000C9
:10F7400000000000000000000000000000000000B9
:10F7500000000000000000000000000000000000A9
:10F760000000000000000000000000000000000099
:10F770000000000000000000000000000000000089
:10F780000000000000000000000000000000000079
:10F790000000000000000000000000000000000069
:10F7A0000000000000000000000000000000000059
:10F7B0000000000000000000000000000000000049
:10F7C0000000000000000000000000000000000039
:10F7D0000000000000000000000000000000000029
:10F7E0000000000000000000000000000000000019
:10F7F0000000000000000000000000000000000009
:10F8000000000000000000000000000000000000F8
:10F8100000000000000000000000000000000000E8
:10F8200000000000000000000000000000000000D8
:10F8300000000000000000000000000000000000C8
:10F8400000000000000000000000000000000000B8
:10F8500000000000000000000000000000000000A8
:10F860000000000000000000000000000000000098
:10F870000000000000000000000000000000000088
:10F880000000000000000000000000000000000078
:10F890000000000000000000000000000000000068
:10F8A0000000000000000000000000000000000058
:10F8B0000000000000000000000000000000000048
:10F8C0000000000000000000000000000000000038
:10F8D0000000000000000000000000000000000028
:10F8E0000000000000000000000000000000000018
:10F8F0000000000000000000000000000000000008
:10F9000000000000000000000000000000000000F7
:10F9100000000000000000000000000000000000E7
:10F9200000000000000000000000000000000000D7
:10F9300000000000000000000000000000000000C7
:10F9400000000000000000000000000000000000B7
:10F9500000000000000000000000000000000000A7
:10F960000000000000000000000000000000000097
:10F970000000000000000000000000000000000087
:10F980000000000000000000000000000000000077
:10F990000000000000000000000000000000000067
:10F9A0000000000000000000000000000000000057
:10F9B0000000000000000000000000000000000047
:10F9C0000000000000000000000000000000000037
:10F9D0000000000000000000000000000000000027
:10F9E0000000000000000000000000000000000017
:10F9F0000000000000000000000000000000000007
:10FA000000000000000000000000000000000000F6
:10FA100000000000000000000000000000000000E6
:10FA200000000000000000000000000000000000D6
:10FA300000000000000000000000000000000000C6
:10FA400000000000000000000000000000000000B6
:10FA500000000000000000000000000000000000A6
:10FA60000000000000000000000000000000000096
:10FA70000000000000000000000000000000000086
:10FA80000000000000000000000000000000000076
:10FA90000000000000000000000000000000000066
:10FAA0000000000000000000000000000000000056
:10FAB0000000000000000000000000000000000046
:10FAC0000000000000000000000000000000000036
:10FAD0000000000000000000000000000000000026
:10FAE0000000000000000000000000000000000016
:10FAF0000000000000000000000000000000000006
:10FB000000000000000000000000000000000000F5
:10FB100000000000000000000000000000000000E5
:10FB200000000000000000000000000000000000D5
:10FB300000000000000000000000000000000000C5
:10FB400000000000000000000000000000000000B5
:10FB500000000000000000000000000000000000A5
:10FB60000000000000000000000000000000000095
:10FB70000000000000000000000000000000000085
:10FB80000000000000000000000000000000000075
:10FB90000000000000000000000000000000000065
:10FBA0000000000000000000000000000000000055
:10FBB0000000000000000000000000000000000045
:10FBC0000000000000000000000000000000000035
:10FBD0000000000000000000000000000000000025
:10FBE0000000000000000000000000000000000015
:10FBF0000000000000000000000000000000000005
:10FC000000000000000000000000000000000000F4
:10FC100000000000000000000000000000000000E4
:10FC200000000000000000000000000000000000D4
:10FC300000000000000000000000000000000000C4
:10FC400000000000000000000000000000000000B4
:10FC500000000000000000000000000000000000A4
:10FC60000000000000000000000000000000000094
:10FC70000000000000000000000000000000000084
:10FC80000000000000000000000000000000000074
:10FC90000000000000000000000000000000000064
:10FCA0000000000000000000000000000000000054
:10FCB0000000000000000000000000000000000044
:10FCC0000000000000000000000000000000000034
:10FCD0000000000000000000000000000000000024
:10FCE0000000000000000000000000000000000014
:10FCF0000000000000000000000000000000000004
:10FD000000000000000000000000000000000000F3
:10FD100000000000000000000000000000000000E3
:10FD200000000000000000000000000000000000D3
:10FD300000000000000000000000000000000000C3
:10FD400000000000000000000000000000000000B3
:10FD500000000000000000000000000000000000A3
:10FD60000000000000000000000000000000000093
:10FD70000000000000000000000000000000000083
:10FD80000000000000000000000000000000000073
:10FD90000000000000000000000000000000000063
:10FDA0000000000000000000000000000000000053
:10FDB0000000000000000000000000000000000043
:10FDC0000000000000000000000000000000000033
:10FDD0000000000000000000000000000000000023
:10FDE0000000000000000000000000000000000013
:10FDF0000000000000000000000000000000000003
:10FE000000000000000000000000000000000000F2
:10FE100000000000000000000000000000000000E2
:10FE200000000000000000000000000000000000D2
:10FE300000000000000000000000000000000000C2
:10FE400000000000000000000000000000000000B2
:10FE500000000000000000000000000000000000A2
:10FE60000000000000000000000000000000000092
:10FE70000000000000000000000000000000000082
:10FE80000000000000000000000000000000000072
:10FE90000000000000000000000000000000000062
:10FEA0000000000000000000000000000000000052
:10FEB0000000000000000000000000000000000042
:10FEC0000000000000000000000000000000000032
:10FED0000000000000000000000000000000000022
:10FEE0000000000000000000000000000000000012
:10FEF0000000000000000000000000000000000002
:10FF000000000000000000000000000000000000F1
:10FF100000000000000000000000000000000000E1
:10FF200000000000000000000000000000000000D1
:10FF300000000000000000000000000000000000C1
:10FF400000000000000000000000000000000000B1
:10FF500000000000000000000000000000000000A1
:10FF60000000000000000000000000000000000091
:10FF70000000000000000000000000000000000081
:10FF80000000000000000000000000000000000071
:10FF90000000000000000000000000000000000061
:10FFA0000000000000000000000000000000000051
:10FFB0000000000000000000000000000000000041
:10FFC0000000000000000000000000000000000031
:10FFD0000000000000000000000000000000000021
:10FFE0000000000000000000000000000000000011
:10FFF0000000000000000000000000000000000001
:020000040005F5
:1000000000000000000000000000000000000000F0
:1000100000000000000000000000000000000000E0
:1000200000000000000000000000000000000000D0
:1000300000000000000000000000000000000000C0
:1000400000000000000000000000000000000000B0
:1000500000000000000000000000000000000000A0
:100060000000000000000000000000000000000090
:100070000000000000000000000000000000000080
:100080000000000000000000000000000000000070
:100090000000000000000000000000000000000060
:1000A0000000000000000000000000000000000050
:1000B0000000000000000000000000000000000040
:1000C0000000000000000000000000000000000030
:1000D0000000000000000000000000000000000020
:1000E0000000000000000000000000000000000010
:1000F0000000000000000000000000000000000000
:1001000000000000000000000000000000000000EF
:1001100000000000000000000000000000000000DF
:1001200000000000000000000000000000000000CF
:1001300000000000000000000000000000000000BF
:1001400000000000000000000000000000000000AF
:10015000000000000000000000000000000000009F
:10016000000000000000000000000000000000008F
:10017000000000000000000000000000000000007F
:10018000000000000000000000000000000000006F
:10019000000000000000000000000000000000005F
:1001A000000000000000000000000000000000004F
:1001B000000000000000000000000000000000003F
:1001C000000000000000000000000000000000002F
:1001D000000000000000000000000000000000001F
:1001E000000000000000000000000000000000000F
:1001F00000000000000000000000000000000000FF
:1002000000000000000000000000000000000000EE
:1002100000000000000000000000000000000000DE
:1002200000000000000000000000000000000000CE
:1002300000000000000000000000000000000000BE
:1002400000000000000000000000000000000000AE
:10025000000000000000000000000000000000009E
:10026000000000000000000000000000000000008E
:10027000000000000000000000000000000000007E
:10028000000000000000000000000000000000006E
:10029000000000000000000000000000000000005E
:1002A000000000000000000000000000000000004E
:1002B000000000000000000000000000000000003E
:1002C000000000000000000000000000000000002E
:1002D000000000000000000000000000000000001E
:1002E000000000000000000000000000000000000E
:1002F00000000000000000000000000000000000FE
:1003000000000000000000000000000000000000ED
:1003100000000000000000000000000000000000DD
:1003200000000000000000000000000000000000CD
:1003300000000000000000000000000000000000BD
:1003400000000000000000000000000000000000AD
:10035000000000000000000000000000000000009D
:10036000000000000000000000000000000000008D
:10037000000000000000000000000000000000007D
:10038000000000000000000000000000000000006D
:10039000000000000000000000000000000000005D
:1003A000000000000000000000000000000000004D
:1003B000000000000000000000000000000000003D
:1003C000000000000000000000000000000000002D
:1003D000000000000000000000000000000000001D
:1003E000000000000000000000000000000000000D
:1003F00000000000000000000000000000000000FD
:1004000000000000000000000000000000000000EC
:1004100000000000000000000000000000000000DC
:1004200000000000000000000000000000000000CC
:1004300000000000000000000000000000000000BC
:1004400000000000000000000000000000000000AC
:10045000000000000000000000000000000000009C
:10046000000000000000000000000000000000008C
:10047000000000000000000000000000000000007C
:10048000000000000000000000000000000000006C
:10049000000000000000000000000000000000005C
:1004A000000000000000000000000000000000004C
:1004B000000000000000000000000000000000003C
:1004C000000000000000000000000000000000002C
:1004D000000000000000000000000000000000001C
:1004E000000000000000000000000000000000000C
:1004F00000000000000000000000000000000000FC
:1005000000000000000000000000000000000000EB
:1005100000000000000000000000000000000000DB
:1005200000000000000000000000000000000000CB
:1005300000000000000000000000000000000000BB
:1005400000000000000000000000000000000000AB
:10055000000000000000000000000000000000009B
:10056000000000000000000000000000000000008B
:10057000000000000000000000000000000000007B
:10058000000000000000000000000000000000006B
:10059000000000000000000000000000000000005B
:1005A000000000000000000000000000000000004B
:1005B000000000000000000000000000000000003B
:1005C000000000000000000000000000000000002B
:1005D000000000000000000000000000000000001B
:1005E000000000000000000000000000000000000B
:1005F00000000000000000000000000000000000FB
:1006000000000000000000000000000000000000EA
:1006100000000000000000000000000000000000DA
:1006200000000000000000000000000000000000CA
:1006300000000000000000000000000000000000BA
:1006400000000000000000000000000000000000AA
:10065000000000000000000000000000000000009A
:10066000000000000000000000000000000000008A
:10067000000000000000000000000000000000007A
:10068000000000000000000000000000000000006A
:10069000000000000000000000000000000000005A
:1006A000000000000000000000000000000000004A
:1006B000000000000000000000000000000000003A
:1006C000000000000000000000000000000000002A
:1006D000000000000000000000000000000000001A
:1006E000000000000000000000000000000000000A
:1006F00000000000000000000000000000000000FA
:1007000000000000000000000000000000000000E9
:1007100000000000000000000000000000000000D9
:1007200000000000000000000000000000000000C9
:1007300000000000000000000000000000000000B9
:1007400000000000000000000000000000000000A9
:100750000000000000000000000000000000000099
:100760000000000000000000000000000000000089
:100770000000000000000000000000000000000079
:100780000000000000000000000000000000000069
:100790000000000000000000000000000000000059
:1007A0000000000000000000000000000000000049
:1007B0000000000000000000000000000000000039
:1007C0000000000000000000000000000000000029
:1007D0000000000000000000000000000000000019
:1007E0000000000000000000000000000000000009
:1007F00000000000000000000000000000000000F9
:1008000000000000000000000000000000000000E8
:1008100000000000000000000000000000000000D8
:1008200000000000000000000000000000000000C8
:1008300000000000000000000000000000000000B8
:1008400000000000000000000000000000000000A8
:100850000000000000000000000000000000000098
:100860000000000000000000000000000000000088
:100870000000000000000000000000000000000078
:100880000000000000000000000000000000000068
:100890000000000000000000000000000000000058
:1008A0000000000000000000000000000000000048
:1008B0000000000000000000000000000000000038
:1008C0000000000000000000000000000000000028
:1008D0000000000000000000000000000000000018
:1008E0000000000000000000000000000000000008
:1008F00000000000000000000000000000000000F8
:1009000000000000000000000000000000000000E7
:1009100000000000000000000000000000000000D7
:1009200000000000000000000000000000000000C7
:1009300000000000000000000000000000000000B7
:1009400000000000000000000000000000000000A7
:100950000000000000000000000000000000000097
:100960000000000000000000000000000000000087
:100970000000000000000000000000000000000077
:100980000000000000000000000000000000000067
:100990000000000000000000000000000000000057
:1009A0000000000000000000000000000000000047
:1009B0000000000000000000000000000000000037
:1009C0000000000000000000000000000000000027
:1009D0000000000000000000000000000000000017
:1009E0000000000000000000000000000000000007
:1009F00000000000000000000000000000000000F7
:100A000000000000000000000000000000000000E6
:100A100000000000000000000000000000000000D6
:100A200000000000000000000000000000000000C6
:100A300000000000000000000000000000000000B6
:100A400000000000000000000000000000000000A6
:100A50000000000000000000000000000000000096
:100A60000000000000000000000000000000000086
:100A70000000000000000000000000000000000076
:100A80000000000000000000000000000000000066
:100A90000000000000000000000000000000000056
:100AA0000000000000000000000000000000000046
:100AB0000000000000000000000000000000000036
:100AC0000000000000000000000000000000000026
:100AD0000000000000000000000000000000000016
:100AE0000000000000000000000000000000000006
:100AF00000000000000000000000000000000000F6
:100B000000000000000000000000000000000000E5
:100B100000000000000000000000000000000000D5
:100B200000000000000000000000000000000000C5
:100B300000000000000000000000000000000000B5
:100B400000000000000000000000000000000000A5
:100B50000000000000000000000000000000000095
:100B60000000000000000000000000000000000085
:100B70000000000000000000000000000000000075
:100B80000000000000000000000000000000000065
:100B90000000000000000000000000000000000055
:100BA0000000000000000000000000000000000045
:100BB0000000000000000000000000000000000035
:100BC0000000000000000000000000000000000025
:100BD0000000000000000000000000000000000015
:100BE0000000000000000000000000000000000005
:100BF00000000000000000000000000000000000F5
:100C000000000000000000000000000000000000E4
:100C100000000000000000000000000000000000D4
:100C200000000000000000000000000000000000C4
:100C300000000000000000000000000000000000B4
:100C400000000000000000000000000000000000A4
:100C50000000000000000000000000000000000094
:100C60000000000000000000000000000000000084
:100C70000000000000000000000000000000000074
:100C80000000000000000000000000000000000064
:100C90000000000000000000000000000000000054
:100CA0000000000000000000000000000000000044
:100CB0000000000000000000000000000000000034
:100CC0000000000000000000000000000000000024
:100CD0000000000000000000000000000000000014
:100CE0000000000000000000000000000000000004
:100CF00000000000000000000000000000000000F4
:100D000000000000000000000000000000000000E3
:100D100000000000000000000000000000000000D3
:100D200000000000000000000000000000000000C3
:100D300000000000000000000000000000000000B3
:100D400000000000000000000000000000000000A3
:100D50000000000000000000000000000000000093
:100D60000000000000000000000000000000000083
:100D70000000000000000000000000000000000073
:100D80000000000000000000000000000000000063
:100D90000000000000000000000000000000000053
:100DA0000000000000000000000000000000000043
:100DB0000000000000000000000000000000000033
:100DC0000000000000000000000000000000000023
:100DD0000000000000000000000000000000000013
:100DE0000000000000000000000000000000000003
:100DF00000000000000000000000000000000000F3
:100E000000000000000000000000000000000000E2
:100E100000000000000000000000000000000000D2
:100E200000000000000000000000000000000000C2
:100E300000000000000000000000000000000000B2
:100E400000000000000000000000000000000000A2
:100E50000000000000000000000000000000000092
:100E60000000000000000000000000000000000082
:100E70000000000000000000000000000000000072
:100E80000000000000000000000000000000000062
:100E90000000000000000000000000000000000052
:100EA0000000000000000000000000000000000042
:100EB0000000000000000000000000000000000032
:100EC0000000000000000000000000000000000022
:100ED0000000000000000000000000000000000012
:100EE0000000000000000000000000000000000002
:100EF00000000000000000000000000000000000F2
:100F000000000000000000000000000000000000E1
:100F100000000000000000000000000000000000D1
:100F200000000000000000000000000000000000C1
:100F300000000000000000000000000000000000B1
:100F400000000000000000000000000000000000A1
:100F50000000000000000000000000000000000091
:100F60000000000000000000000000000000000081
:100F70000000000000000000000000000000000071
:100F80000000000000000000000000000000000061
:100F90000000000000000000000000000000000051
:100FA0000000000000000000000000000000000041
:100FB0000000000000000000000000000000000031
:100FC0000000000000000000000000000000000021
:100FD0000000000000000000000000000000000011
:100FE0000000000000000000000000000000000001
:100FF00000000000000000000000000000000000F1
:1010000000000000000000000000000000000000E0
:1010100000000000000000000000000000000000D0
:1010200000000000000000000000000000000000C0
:1010300000000000000000000000000000000000B0
:1010400000000000000000000000000000000000A0
:101050000000000000000000000000000000000090
:101060000000000000000000000000000000000080
:101070000000000000000000000000000000000070
:101080000000000000000000000000000000000060
:101090000000000000000000000000000000000050
:1010A0000000000000000000000000000000000040
:1010B0000000000000000000000000000000000030
:1010C0000000000000000000000000000000000020
:1010D0000000000000000000000000000000000010
:1010E0000000000000000000000000000000000000
:1010F00000000000000000000000000000000000F0
:1011000000000000000000000000000000000000DF
:1011100000000000000000000000000000000000CF
:1011200000000000000000000000000000000000BF
:1011300000000000000000000000000000000000AF
:10114000000000000000000000000000000000009F
:10115000000000000000000000000000000000008F
:10116000000000000000000000000000000000007F
:10117000000000000000000000000000000000006F
:10118000000000000000000000000000000000005F
:10119000000000000000000000000000000000004F
:1011A000000000000000000000000000000000003F
:1011B000000000000000000000000000000000002F
:1011C000000000000000000000000000000000001F
:1011D000000000000000000000000000000000000F
:1011E00000000000000000000000000000000000FF
:1011F00000000000000000000000000000000000EF
:1012000000000000000000000000000000000000DE
:1012100000000000000000000000000000000000CE
:1012200000000000000000000000000000000000BE
:1012300000000000000000000000000000000000AE
:10124000000000000000000000000000000000009E
:10125000000000000000000000000000000000008E
:10126000000000000000000000000000000000007E
:10127000000000000000000000000000000000006E
:10128000000000000000000000000000000000005E
:10129000000000000000000000000000000000004E
:1012A000000000000000000000000000000000003E
:1012B000000000000000000000000000000000002E
:1012C000000000000000000000000000000000001E
:1012D000000000000000000000000000000000000E
:1012E00000000000000000000000000000000000FE
:1012F00000000000000000000000000000000000EE
:1013000000000000000000000000000000000000DD
:1013100000000000000000000000000000000000CD
:1013200000000000000000000000000000000000BD
:1013300000000000000000000000000000000000AD
:10134000000000000000000000000000000000009D
:10135000000000000000000000000000000000008D
:10136000000000000000000000000000000000007D
:10137000000000000000000000000000000000006D
:10138000000000000000000000000000000000005D
:10139000000000000000000000000000000000004D
:1013A000000000000000000000000000000000003D
:1013B000000000000000000000000000000000002D
:1013C000000000000000000000000000000000001D
:1013D000000000000000000000000000000000000D
:1013E00000000000000000000000000000000000FD
:1013F00000000000000000000000000000000000ED
:1014000000000000000000000000000000000000DC
:1014100000000000000000000000000000000000CC
:1014200000000000000000000000000000000000BC
:1014300000000000000000000000000000000000AC
:10144000000000000000000000000000000000009C
:10145000000000000000000000000000000000008C
:10146000000000000000000000000000000000007C
:10147000000000000000000000000000000000006C
:10148000000000000000000000000000000000005C
:10149000000000000000000000000000000000004C
:1014A000000000000000000000000000000000003C
:1014B000000000000000000000000000000000002C
:1014C000000000000000000000000000000000001C
:1014D000000000000000000000000000000000000C
:1014E00000000000000000000000000000000000FC
:1014F00000000000000000000000000000000000EC
:1015000000000000000000000000000000000000DB
:1015100000000000000000000000000000000000CB
:1015200000000000000000000000000000000000BB
:1015300000000000000000000000000000000000AB
:10154000000000000000000000000000000000009B
:10155000000000000000000000000000000000008B
:10156000000000000000000000000000000000007B
:10157000000000000000000000000000000000006B
:10158000000000000000000000000000000000005B
:10159000000000000000000000000000000000004B
:1015A000000000000000000000000000000000003B
:1015B000000000000000000000000000000000002B
:1015C000000000000000000000000000000000001B
:1015D000000000000000000000000000000000000B
:1015E00000000000000000000000000000000000FB
:1015F00000000000000000000000000000000000EB
:1016000000000000000000000000000000000000DA
:1016100000000000000000000000000000000000CA
:1016200000000000000000000000000000000000BA
:1016300000000000000000000000000000000000AA
:10164000000000000000000000000000000000009A
:10165000000000000000000000000000000000008A
:10166000000000000000000000000000000000007A
:10167000000000000000000000000000000000006A
:10168000000000000000000000000000000000005A
:10169000000000000000000000000000000000004A
:1016A000000000000000000000000000000000003A
:1016B000000000000000000000000000000000002A
:1016C000000000000000000000000000000000001A
:1016D000000000000000000000000000000000000A
:1016E00000000000000000000000000000000000FA
:1016F00000000000000000000000000000000000EA
:1017000000000000000000000000000000000000D9
:1017100000000000000000000000000000000000C9
:1017200000000000000000000000000000000000B9
:1017300000000000000000000000000000000000A9
:101740000000000000000000000000000000000099
:101750000000000000000000000000000000000089
:101760000000000000000000000000000000000079
:101770000000000000000000000000000000000069
:101780000000000000000000000000000000000059
:101790000000000000000000000000000000000049
:1017A0000000000000000000000000000000000039
:1017B0000000000000000000000000000000000029
:1017C0000000000000000000000000000000000019
:1017D0000000000000000000000000000000000009
:1017E00000000000000000000000000000000000F9
:1017F00000000000000000000000000000000000E9
:1018000000000000000000000000000000000000D8
:1018100000000000000000000000000000000000C8
:1018200000000000000000000000000000000000B8
:1018300000000000000000000000000000000000A8
:101840000000000000000000000000000000000098
:101850000000000000000000000000000000000088
:101860000000000000000000000000000000000078
:101870000000000000000000000000000000000068
:101880000000000000000000000000000000000058
:101890000000000000000000000000000000000048
:1018A0000000000000000000000000000000000038
:1018B0000000000000000000000000000000000028
:1018C0000000000000000000000000000000000018
:1018D0000000000000000000000000000000000008
:1018E00000000000000000000000000000000000F8
:1018F00000000000000000000000000000000000E8
:1019000000000000000000000000000000000000D7
:1019100000000000000000000000000000000000C7
:1019200000000000000000000000000000000000B7
:1019300000000000000000000000000000000000A7
:101940000000000000000000000000000000000097
:101950000000000000000000000000000000000087
:101960000000000000000000000000000000000077
:101970000000000000000000000000000000000067
:101980000000000000000000000000000000000057
:101990000000000000000000000000000000000047
:1019A0000000000000000000000000000000000037
:1019B0000000000000000000000000000000000027
:1019C0000000000000000000000000000000000017
:1019D0000000000000000000000000000000000007
:1019E00000000000000000000000000000000000F7
:1019F00000000000000000000000000000000000E7
:101A000000000000000000000000000000000000D6
:101A100000000000000000000000000000000000C6
:101A200000000000000000000000000000000000B6
:101A300000000000000000000000000000000000A6
:101A40000000000000000000000000000000000096
:101A50000000000000000000000000000000000086
:101A60000000000000000000000000000000000076
:101A70000000000000000000000000000000000066
:101A80000000000000000000000000000000000056
:101A90000000000000000000000000000000000046
:101AA0000000000000000000000000000000000036
:101AB0000000000000000000000000000000000026
:101AC0000000000000000000000000000000000016
:101AD0000000000000000000000000000000000006
:101AE00000000000000000000000000000000000F6
:101AF00000000000000000000000000000000000E6
:101B000000000000000000000000000000000000D5
:101B100000000000000000000000000000000000C5
:101B200000000000000000000000000000000000B5
:101B300000000000000000000000000000000000A5
:101B40000000000000000000000000000000000095
:101B50000000000000000000000000000000000085
:101B60000000000000000000000000000000000075
:101B70000000000000000000000000000000000065
:101B80000000000000000000000000000000000055
:101B90000000000000000000000000000000000045
:101BA0000000000000000000000000000000000035
:101BB0000000000000000000000000000000000025
:101BC0000000000000000000000000000000000015
:101BD0000000000000000000000000000000000005
:101BE00000000000000000000000000000000000F5
:101BF00000000000000000000000000000000000E5
:101C000000000000000000000000000000000000D4
:101C100000000000000000000000000000000000C4
:101C200000000000000000000000000000000000B4
:101C300000000000000000000000000000000000A4
:101C40000000000000000000000000000000000094
:101C50000000000000000000000000000000000084
:101C60000000000000000000000000000000000074
:101C70000000000000000000000000000000000064
:101C80000000000000000000000000000000000054
:101C90000000000000000000000000000000000044
:101CA0000000000000000000000000000000000034
:101CB0000000000000000000000000000000000024
:101CC0000000000000000000000000000000000014
:101CD0000000000000000000000000000000000004
:101CE00000000000000000000000000000000000F4
:101CF00000000000000000000000000000000000E4
:101D000000000000000000000000000000000000D3
:101D100000000000000000000000000000000000C3
:101D200000000000000000000000000000000000B3
:101D300000000000000000000000000000000000A3
:101D40000000000000000000000000000000000093
:101D50000000000000000000000000000000000083
:101D60000000000000000000000000000000000073
:101D70000000000000000000000000000000000063
:101D80000000000000000000000000000000000053
:101D90000000000000000000000000000000000043
:101DA0000000000000000000000000000000000033
:101DB0000000000000000000000000000000000023
:101DC0000000000000000000000000000000000013
:101DD0000000000000000000000000000000000003
:101DE00000000000000000000000000000000000F3
:101DF00000000000000000000000000000000000E3
:101E000000000000000000000000000000000000D2
:101E100000000000000000000000000000000000C2
:101E200000000000000000000000000000000000B2
:101E300000000000000000000000000000000000A2
:101E40000000000000000000000000000000000092
:101E50000000000000000000000000000000000082
:101E60000000000000000000000000000000000072
:101E70000000000000000000000000000000000062
:101E80000000000000000000000000000000000052
:101E90000000000000000000000000000000000042
:101EA0000000000000000000000000000000000032
:101EB0000000000000000000000000000000000022
:101EC0000000000000000000000000000000000012
:101ED0000000000000000000000000000000000002
:101EE00000000000000000000000000000000000F2
:101EF00000000000000000000000000000000000E2
:101F000000000000000000000000000000000000D1
:101F100000000000000000000000000000000000C1
:101F200000000000000000000000000000000000B1
:101F300000000000000000000000000000000000A1
:101F40000000000000000000000000000000000091
:101F50000000000000000000000000000000000081
:101F60000000000000000000000000000000000071
:101F70000000000000000000000000000000000061
:101F80000000000000000000000000000000000051
:101F90000000000000000000000000000000000041
:101FA0000000000000000000000000000000000031
:101FB0000000000000000000000000000000000021
:101FC0000000000000000000000000000000000011
:101FD0000000000000000000000000000000000001
:101FE00000000000000000000000000000000000F1
:101FF00000000000000000000000000000000000E1
:1020000000000000000000000000000000000000D0
:1020100000000000000000000000000000000000C0
:1020200000000000000000000000000000000000B0
:1020300000000000000000000000000000000000A0
:102040000000000000000000000000000000000090
:102050000000000000000000000000000000000080
:102060000000000000000000000000000000000070
:102070000000000000000000000000000000000060
:102080000000000000000000000000000000000050
:102090000000000000000000000000000000000040
:1020A0000000000000000000000000000000000030
:1020B0000000000000000000000000000000000020
:1020C0000000000000000000000000000000000010
:1020D0000000000000000000000000000000000000
:1020E00000000000000000000000000000000000F0
:1020F00000000000000000000000000000000000E0
:1021000000000000000000000000000000000000CF
:1021100000000000000000000000000000000000BF
:1021200000000000000000000000000000000000AF
:10213000000000000000000000000000000000009F
:10214000000000000000000000000000000000008F
:10215000000000000000000000000000000000007F
:10216000000000000000000000000000000000006F
:10217000000000000000000000000000000000005F
:10218000000000000000000000000000000000004F
:10219000000000000000000000000000000000003F
:1021A000000000000000000000000000000000002F
:1021B000000000000000000000000000000000001F
:1021C000000000000000000000000000000000000F
:1021D00000000000000000000000000000000000FF
:1021E00000000000000000000000000000000000EF
:1021F00000000000000000000000000000000000DF
:1022000000000000000000000000000000000000CE
:1022100000000000000000000000000000000000BE
:1022200000000000000000000000000000000000AE
:10223000000000000000000000000000000000009E
:10224000000000000000000000000000000000008E
:10225000000000000000000000000000000000007E
:10226000000000000000000000000000000000006E
:10227000000000000000000000000000000000005E
:10228000000000000000000000000000000000004E
:10229000000000000000000000000000000000003E
:1022A000000000000000000000000000000000002E
:1022B000000000000000000000000000000000001E
:1022C000000000000000000000000000000000000E
:1022D00000000000000000000000000000000000FE
:1022E00000000000000000000000000000000000EE
:1022F00000000000000000000000000000000000DE
:1023000000000000000000000000000000000000CD
:1023100000000000000000000000000000000000BD
:1023200000000000000000000000000000000000AD
:10233000000000000000000000000000000000009D
:10234000000000000000000000000000000000008D
:10235000000000000000000000000000000000007D
:10236000000000000000000000000000000000006D
:10237000000000000000000000000000000000005D
:10238000000000000000000000000000000000004D
:10239000000000000000000000000000000000003D
:1023A000000000000000000000000000000000002D
:1023B000000000000000000000000000000000001D
:1023C000000000000000000000000000000000000D
:1023D00000000000000000000000000000000000FD
:1023E00000000000000000000000000000000000ED
:1023F00000000000000000000000000000000000DD
:1024000000000000000000000000000000000000CC
:1024100000000000000000000000000000000000BC
:1024200000000000000000000000000000000000AC
:10243000000000000000000000000000000000009C
:10244000000000000000000000000000000000008C
:10245000000000000000000000000000000000007C
:10246000000000000000000000000000000000006C
:10247000000000000000000000000000000000005C
:10248000000000000000000000000000000000004C
:10249000000000000000000000000000000000003C
:1024A000000000000000000000000000000000002C
:1024B000000000000000000000000000000000001C
:1024C000000000000000000000000000000000000C
:1024D00000000000000000000000000000000000FC
:1024E00000000000000000000000000000000000EC
:1024F00000000000000000000000000000000000DC
:1025000000000000000000000000000000000000CB
:1025100000000000000000000000000000000000BB
:1025200000000000000000000000000000000000AB
:10253000000000000000000000000000000000009B
:10254000000000000000000000000000000000008B
:10255000000000000000000000000000000000007B
:10256000000000000000000000000000000000006B
:10257000000000000000000000000000000000005B
:10258000000000000000000000000000000000004B
:10259000000000000000000000000000000000003B
:1025A000000000000000000000000000000000002B
:1025B000000000000000000000000000000000001B
:1025C000000000000000000000000000000000000B
:1025D00000000000000000000000000000000000FB
:1025E00000000000000000000000000000000000EB
:1025F00000000000000000000000000000000000DB
:1026000000000000000000000000000000000000CA
:1026100000000000000000000000000000000000BA
:1026200000000000000000000000000000000000AA
:10263000000000000000000000000000000000009A
:10264000000000000000000000000000000000008A
:10265000000000000000000000000000000000007A
:10266000000000000000000000000000000000006A
:10267000000000000000000000000000000000005A
:10268000000000000000000000000000000000004A
:10269000000000000000000000000000000000003A
:1026A000000000000000000000000000000000002A
:1026B000000000000000000000000000000000001A
:1026C000000000000000000000000000000000000A
:1026D00000000000000000000000000000000000FA
:1026E00000000000000000000000000000000000EA
:1026F00000000000000000000000000000000000DA
:1027000000000000000000000000000000000000C9
:1027100000000000000000000000000000000000B9
:1027200000000000000000000000000000000000A9
:102730000000000000000000000000000000000099
:102740000000000000000000000000000000000089
:102750000000000000000000000000000000000079
:102760000000000000000000000000000000000069
:102770000000000000000000000000000000000059
:102780000000000000000000000000000000000049
:102790000000000000000000000000000000000039
:1027A0000000000000000000000000000000000029
:1027B0000000000000000000000000000000000019
:1027C0000000000000000000000000000000000009
:1027D00000000000000000000000000000000000F9
:1027E00000000000000000000000000000000000E9
:1027F00000000000000000000000000000000000D9
:1028000000000000000000000000000000000000C8
:1028100000000000000000000000000000000000B8
:1028200000000000000000000000000000000000A8
:102830000000000000000000000000000000000098
:102840000000000000000000000000000000000088
:102850000000000000000000000000000000000078
:102860000000000000000000000000000000000068
:102870000000000000000000000000000000000058
:102880000000000000000000000000000000000048
:102890000000000000000000000000000000000038
:1028A0000000000000000000000000000000000028
:1028B0000000000000000000000000000000000018
:1028C0000000000000000000000000000000000008
:1028D00000000000000000000000000000000000F8
:1028E00000000000000000000000000000000000E8
:1028F00000000000000000000000000000000000D8
:1029000000000000000000000000000000000000C7
:1029100000000000000000000000000000000000B7
:1029200000000000000000000000000000000000A7
:102930000000000000000000000000000000000097
:102940000000000000000000000000000000000087
:102950000000000000000000000000000000000077
:102960000000000000000000000000000000000067
:102970000000000000000000000000000000000057
:102980000000000000000000000000000000000047
:102990000000000000000000000000000000000037
:1029A0000000000000000000000000000000000027
:1029B0000000000000000000000000000000000017
:1029C0000000000000000000000000000000000007
:1029D00000000000000000000000000000000000F7
:1029E00000000000000000000000000000000000E7
:1029F00000000000000000000000000000000000D7
:102A000000000000000000000000000000000000C6
:102A100000000000000000000000000000000000B6
:102A200000000000000000000000000000000000A6
:102A30000000000000000000000000000000000096
:102A40000000000000000000000000000000000086
:102A50000000000000000000000000000000000076
:102A60000000000000000000000000000000000066
:102A70000000000000000000000000000000000056
:102A80000000000000000000000000000000000046
:102A90000000000000000000000000000000000036
:102AA0000000000000000000000000000000000026
:102AB0000000000000000000000000000000000016
:102AC0000000000000000000000000000000000006
:102AD00000000000000000000000000000000000F6
:102AE00000000000000000000000000000000000E6
:102AF00000000000000000000000000000000000D6
:102B000000000000000000000000000000000000C5
:102B100000000000000000000000000000000000B5
:102B200000000000000000000000000000000000A5
:102B30000000000000000000000000000000000095
:102B40000000000000000000000000000000000085
:102B50000000000000000000000000000000000075
:102B60000000000000000000000000000000000065
:102B70000000000000000000000000000000000055
:102B80000000000000000000000000000000000045
:102B9000E0800000002400D00000000000000000E1
:102BA0000000000000000000000000000000000025
:102BB00000000002011000410000000000000000C1
:102BC0000000000000000000000000000000000005
:102BD00000000000000000000000000000000000F5
:102BE00000000000000000000000000000000000E5
:102BF00000000000000000000000000000000000D5
:102C000000000000000000000000000000000000C4
:102C100000000000000000000000000000000000B4
:102C200000000000000000000000000000000000A4
:102C30000000000000000000000000000000000094
:102C40000000000000000000000000000000000084
:102C50000000000000000000000000000000000074
:102C60000000000000000000000000000000000064
:102C70000000000000000000000000000000000054
:102C80000000000000000000000000000000000044
:102C9000E0800000002400D0E0800000002400D08C
:102CA000E0800000002400D0E0800000002400D07C
:102CB0000000000000000000000000000000000014
:102CC0000000000000000000000000000000000004
:102CD00000000000000000000000000000000000F4
:102CE00000000000000000000000000000000000E4
:102CF00000000000000000000000000000000000D4
:102D0000E0800000002400D0E0800000002400D01B
:102D1000E0800000002400D0E0800000002400D00B
:102D200000000000000000000000000000000000A3
:102D30000000000000000000000000000000000093
:102D40000000000000000000000000000000000083
:102D50000000000000000000000000000000000073
:102D60000000000000000000000000000000000063
:102D70000000000000000000000000000000000053
:102D80000000000000000000000000000000000043
:102D90000000000000000000000000000000000033
:102DA0000000000000000000000000000000000023
:102DB0000000000000000000000000000000000013
:102DC0000000000000000000000000000000000003
:102DD00000000000000000000000000000000000F3
:102DE00000000000000000000000000000000000E3
:102DF00000000000000000000000000000000000D3
:102E000000000000000000000000000000000000C2
:102E100000000000000000000000000000000000B2
:102E200000000000000000000000000000000000A2
:102E30000000000000000000000000000000000092
:102E40000000000000000000000000000000000082
:102E50000000000000000000000000000000000072
:102E60000000000000000000000000000000000062
:102E70000000000000000000000000000000000052
:102E8000E0800000002400D0E0800000002400D09A
:102E9000E0800000002400D00000000000000000DE
:102EA0000000000000000000000000000000000022
:102EB0000180000000880058018000000088005850
:102EC0000000000000000000000000000000000002
:102ED00000000000000000000000000000000000F2
:102EE00000000000000000000000000000000000E2
:102EF00000000000000000000000000000000000D2
:102F000000000000000000000000000000000000C1
:102F100000000000000000000000000000000000B1
:102F200001800000008800580180000000880058DF
:102F30000000000000000000018000000088005830
:102F40000000000000000000000000000000000081
:102F50000000000000000000000000000000000071
:102F6000000000000004000000000000000000005D
:102F70000180000000880058E0800000002400D09C
:102F8000E0800000002400D0E0800000002400D099
:102F90000000000000000000000000000000000031
:102FA0000000000000000000000000000000000021
:102FB0000000000000000000000000000000000011
:102FC000E0800000002400D0E0800000002400D059
:102FD000E0800000002400D0E0800000002400D049
:102FE0000180000000880058E1800000008800583F
:102FF000E0800000002400D0E0800000002400D029
:10300000018000000088005800000000000000005F
:1030100000000000000000000000000000000000B0
:1030200000000000000000000000000000000000A0
:103030000000000000000000000000000000000090
:103040000000000000000000000000000000000080
:103050000000000000000000E0800000002400D01C
:1030600001800000008800580000000000000000FF
:103070000000000000000000000000000000000050
:103080000000000000000000000000000000000040
:103090000000000000000000000000000000000030
:1030A0000000000000000000000000000000000020
:1030B0000000000000000000000000000000000010
:1030C0000000000000000000000000000000000000
:1030D00000000000000000000000000000000000F0
:1030E00000000000000000000000000000000000E0
:1030F00000000000000000000000000000000000D0
:1031000000000000000000000000000000000000BF
:1031100000000000000000000000000000000000AF
:10312000000000000000000000000000000000009F
:10313000000000000000000000000000000000008F
:10314000000000000000000000000000000000007F
:1031500001800000008800580180000000880058AD
:10316000018000000088005801800000008800589D
:10317000018000000088005801800000008800588D
:10318000000000000000000000000000000000003F
:10319000000000000000000000000000000000002F
:1031A000000000000000000000000000000000001F
:1031B000000000000000000000000000000000000F
:1031C00000000000000000000000000000000000FF
:1031D00000000000000000000000000000000000EF
:1031E00000000000000000000000000000000000DF
:1031F000018000000088005801800000008800580D
:10320000000000C4559404000400040004000400FD
:10321000040004000400040004000400040004008E
:10322000040004000400040004000400040004007E
:103230000400040004000C44002000E80C85008019
:103240000A0600000041000000000000000000002D
:10325000000000000000000000000000000000006E
:10326000000000000000AEDE0000000000000000D2
:10327000000000000000000000000000000000004E
:10328000000000007B750000AE9E00000000000002
:10329000000000000000000000000000000000002E
:1032A0000000000000007975AEDE000000000000A4
:1032B000000000000000000000000000000000000E
:1032C0000000000000007B75FFFFFFFFFFFFFFFF16
:1032D000FFFFFFFFFFFFFFFFFFFFFFFFFFFFFFFFFE
:1032E000FFFFFFFFFFFFFFFFFFFFFFFFFFFFFFFFEE
:1032F000FFFFFFFFFFFFFFFFFFFFFFFFFFFFFFFFDE
:10330000FFFFFFFFFFFFFFFFFFFFFFFFFFFFFFFFCD
:10331000FFFFFFFFFFFFFFFFFFFFFFFFFFFFFFFFBD
:10332000FFFFFFFFFFFFFFFFFFFFFFFFFFFFFFFFAD
:10333000FFFFFFFFFFFFFFFFFFFFFFFFFFFFFFFF9D
:10334000FFFFFFFFFFFFFFFFFFFF007CA1860C4494
:10335000007000E80A0600000041AEDE0000000038
:10336000000000000000000000000000000000005D
:1033700000000000000000007B750000000000005D
:10338000000000000000000000000000000000003D
:10339000000000000000000079750000000000003F
:1033A000000000000000000000000000000000001D
:1033B000000000000000000000000000000000000D
:1033C00000000000000000000000000000000000FD
:1033D000000000000000000000000000FFFFFFFFF1
:1033E000FFFFFFFFFFFFFFFFFFFFFFFFFFFFFFFFED
:1033F000FFFFFFFFFFFFFFFFFFFFFFFFFFFFFFFFDD
:10340000FFFFFFFFFFFFFFFFFFFFFFFFFFFFFFFFCC
:10341000FFFFFFFFFFFFFFFFFFFFFFFFFFFFFFFFBC
:10342000FFFFFFFFFFFFFFFFFFFFFFFFFFFFFFFFAC
:10343000FFFFFFFFFFFFFFFFFFFFFFFFFFFFFFFF9C
:10344000FFFFFFFFFFFFFFFFFFFFFFFFFFFFFFFF8C
:10345000FFFFFFFFFFFFFFFFFFFFFFFFFFFF00FC7E
:1034600054350C44407000E80A060000004100009A
:10347000000000000000000000000000000000004C
:103480000000000000000000000000000000AEDEB0
:10349000000000000000000000000000000000002C
:1034A0000000000000000000000000007B7500002C
:1034B000AEDE000000000000000000000000000080
:1034C00000000000000000000000000000007B750C
:1034D000AE9E0000000000000000000000000000A0
:1034E00000000000000000000000000000007975EE
:1034F000FFFFFFFFFFFFFFFFFFFFFFFFFFFFFFFFDC
:10350000FFFFFFFFFFFFFFFFFFFFFFFFFFFFFFFFCB
:10351000FFFFFFFFFFFFFFFFFFFFFFFFFFFFFFFFBB
:10352000FFFFFFFFFFFFFFFFFFFFFFFFFFFFFFFFAB
:10353000FFFFFFFFFFFFFFFFFFFFFFFFFFFFFFFF9B
:10354000FFFFFFFFFFFFFFFFFFFFFFFFFFFFFFFF8B
:10355000FFFFFFFFFFFFFFFFFFFFFFFFFFFFFFFF7B
:10356000FFFFFFFFFFFFFFFFFFFFFFFFFFFFFFFF6B
:10357000FFFF008C310E0C8500500C8500C004004C
:103580000400040004000C8500500C8500A00C878A
:1035900000FF0C8300810C4000BCA49E0C8500B091
:1035A00004000400040004000400040004000400FB
:0C35B000040004000400040004000400F7
:00000001FF
