:020000040000FA
:10000000FFFFFFFFFFFFFFFFFFFFFFFFFFFFFFFF00
:100010005599AA660C8500E004008C85C0018C828D
:10002000BC108C8690778C43200008C90C8700F3A5
:100030000C83008104000400040004000400040098
:100040000400040004000400040004000400040090
:10005000040004000400CC813C138C8110812C84AA
:1000600000004C8000F88C87FFFFCC8400A0CC827D
:100070000020CC8080004C8600004C8100004C8524
:1000800000004C8300004C870000CC85D847CC434F
:1000900000000000040004000C44000000000C8577
:1000A00000800A06004019B50000000000000000B2
:1000B0000000000000000000000000000000000040
:1000C0000000000000000000000000000000000030
:1000D0000000000000000000000000000000000020
:1000E0000000000000000000000000000000000010
:1000F0000000000000000000000000000000000000
:1001000000000000000000000000000000000000EF
:1001100000000000000000000000000000000000DF
:1001200000000000000000000000000000000000CF
:1001300000000000000000000000000000000000BF
:1001400000000000000000000000000000000000AF
:10015000000000000000000000000000000000009F
:10016000000000000000000000000000004000004F
:10017000004000000000000000000000000000003F
:10018000000000000000000000000000000000006F
:10019000000000000000000000000000000000005F
:1001A000000000000000000000000000000000004F
:1001B000000000000000000000000000000000003F
:1001C000000000000000000000000000000000002F
:1001D000000000000000000000000000000000001F
:1001E000000000000000000000000000000000000F
:1001F00000000020000000000000000000000000DF
:1002000000000000000000000000000000000000EE
:1002100000000000000000000000000000000000DE
:1002200000000000000000000000000000000000CE
:100230000000000000002500000000000000000099
:1002400000000000000000000000000000000000AE
:10025000000000000000000000000000000000009E
:10026000000000000000000000000000000000008E
:10027000000000000000000000000000000000007E
:10028000000000000000000000000000000000006E
:10029000000000000000000000000000000000005E
:1002A000000000000000000000000000000000004E
:1002B000000000000000000000000000000000003E
:1002C0000800000000000400000000000000000022
:1002D000000000000000000000000000000000001E
:1002E000000000000000040000000000000000000A
:1002F00000000000000000000000000000000000FE
:1003000000000000000000000000000000000000ED
:1003100000000000000000000000000000000000DD
:1003200000000000000000000000000000000000CD
:1003300000000000000000000000000000000000BD
:1003400000000000000000000000000000000000AD
:10035000000000000000000000000000000000009D
:10036000000000000000000000000000000000008D
:10037000000000400000000000000000000000003D
:10038000000000000000000000000000000000006D
:10039000000000000000000000000000000000005D
:1003A000000000000000000000000000000000004D
:1003B00000000000000000C000000010000000A0CD
:1003C000000000000000000000200000000000000D
:1003D00000200000000000000000000000000000FD
:1003E000000000000000000000000000000000000D
:1003F00000000000000000200000000000000010CD
:1004000000000000000000000000000000000000EC
:1004100000000000000000200000000000000001BB
:1004200000000000000000000000000000000000CC
:100430000000000000000010001002100020000961
:100440000041001000100020002082210020002028
:100450000020004100100009002000090041004177
:100460000009004100090020002082200020000037
:100470000000000000090000000900000009000061
:10048000000000000000000000000000000000006C
:1004900000000000000000000080000000000000DC
:1004A000001000000000000000000000000000003C
:1004B0000000000000000000008400020002009024
:1004C0000002001000900084008400000020000062
:1004D00000000020000000020010000000100000DA
:1004E00000000000000000000000090009000900F1
:1004F00000000900000009000000000000000000EA
:1005000000000000000000000000000000000000EB
:100510000000008400000000000000000000000057
:1005200000000020000000000000000000000000AB
:1005300000000000000000000000000000000000BB
:1005400000000000000000000000000000000000AB
:10055000000000000000000000000000000000009B
:10056000000000000000000000000000000000008B
:10057000000000000000000000000000000000007B
:10058000000000000000000000000000000000006B
:10059000000000000000000000000000000000005B
:1005A00000000000008000000000000000000000CB
:1005B000000000000000000000000000000000003B
:1005C000000000000000000000000000001000100B
:1005D00000100010000000000000000000000000FB
:1005E000000000000000000000000000000000000B
:1005F00000000000000000000000000000000000FB
:1006000000000088009000000000000000000000D2
:1006100000000000100000000000000000000001C9
:1006200000000000000000000000000000000000CA
:1006300000000000000000000000000000000000BA
:1006400000000000000000000000000000000000AA
:100650000000000000000000000000000800000092
:10066000000000000000000000000000000000008A
:100670000000080000000000000000000000000072
:10068000000000000000000082058200A0000000C1
:10069000000000000000000000000000000000005A
:1006A000001000000000000000000000000000003A
:1006B000000000000000000000000000000000003A
:1006C00000000000004000C00000000040020000E8
:1006D000000000000000000000000000000000001A
:1006E00020000000000000000000000000000000EA
:1006F00000000000000000000000000008000800EA
:1007000000000000030003000000001000000000D3
:1007100000000004000000000000000000000200D3
:1007200000000000000002000000000000000000C7
:1007300000000000000000000000000000000000B9
:1007400000000000000000000000000000000000A9
:100750000000000000000000000000000000000099
:100760000000000000000000000000000000000089
:100770000000000000000000000000000000000079
:1007800000000000002090000000000000000000B9
:100790000000000000000000000000000000000059
:1007A0000000000000000000000000000000000049
:1007B0000000000000000000000000000000000039
:1007C0000000000000A000000084000000100000F5
:1007D0000000000000000000000000000000000019
:1007E0000000000000000000000000000000000009
:1007F00000000000000000000000000000000000F9
:1008000000000000000000000000000000000000E8
:1008100000000000000000000000000000000000D8
:100820000000000000000000000000004100000087
:1008300000000000000000000000000000000000B8
:100840000000000000004000000000000041000027
:100850000000000000000000820000000000000016
:10086000000000000000000000000000A0000000E8
:1008700008000000820010000000000010000000CE
:100880000000000000000000000000410000000027
:10089000A00000410000A0000000A0000000000037
:1008A0000000000000000000000000000000A000A8
:1008B0000000000000000000000000000000000038
:1008C0000000000000000000000000000000000028
:1008D0000000000000000000000000000000000018
:1008E0000000000000000000000000000000000008
:1008F00000000000000000000000000000000000F8
:1009000000000000000000000000000000000000E7
:1009100000000000000000000000000000000000D7
:1009200000000000000000000000000000000000C7
:100930000200000000000000200000000000000095
:1009400000000000000000000000000000000000A7
:100950000000000000000000000000000000000097
:100960000000000000000000000000000000000087
:100970000000000000000000000000000000000077
:100980000000000000000000000000000000000067
:100990000000000000000000000000000000000057
:1009A0000000000000000000000000000000000047
:1009B00000000200000000000000A1000000000094
:1009C0000000000000000000000000000000000027
:1009D0000000000000000000000000000000000017
:1009E0000000000000000000000000000000000007
:1009F00000000000000000000000000000000000F7
:100A000000000000000000000000000000000000E6
:100A100000000000000000000000000000000000D6
:100A200000000000000000000000000000000000C6
:100A300000000000000000000000000000000000B6
:100A400000000000000000000000000000000000A6
:100A50000000000000000000000000000000000096
:100A60000000000000000000000000000000000086
:100A70000000000000000000000000000000000076
:100A80000000000000000000000000000000000066
:100A90000000000000000000000000000000000056
:100AA0000000000000000000000000000000000046
:100AB0000000000000000000000000000000000036
:100AC0000000000000000000000000000000000026
:100AD0000000000000000000000000000000000016
:100AE0000000000000000000000000000000000006
:100AF00000000000000000000000000000000000F6
:100B000000000000000000000000000000000000E5
:100B100000000000000000000000000000000000D5
:100B200000000000000000000000000000000000C5
:100B300000000000000000000000000000000000B5
:100B400000000000000000000000000000000000A5
:100B50000000000000000000000000000000000095
:100B60000000000000000000000000000000000085
:100B70000000000000000000000000000000000075
:100B80000000000000000000000000000000000065
:100B90000000000000000000000000000000000055
:100BA0000000000000000000000000000000000045
:100BB0000000000000000000000000000000000035
:100BC0000000000000000000000000000000000025
:100BD0000000000000000000000000000000000015
:100BE0000000000000000000000000000000000005
:100BF00000000000000000000000000000000000F5
:100C000000000000000000000000000000000000E4
:100C10000000000000400000000000000000000094
:100C200000000000000000000000000000000000C4
:100C300000000000000000000000000000000000B4
:100C400000000000000000000000000000000000A4
:100C50000000000000000000000000000000000094
:100C60000000000000000000000000000000000084
:100C70000000000000000000000000000000000074
:100C80000000000000000000000000000000000064
:100C90000000000000000000000000000000000054
:100CA0000000000000000000000000000000000044
:100CB0000000000000000000000000000000000034
:100CC0000000000000000000000000000000000024
:100CD0000000000000000000000000000000000014
:100CE0000000000000000000000000000000000004
:100CF00000000000000000000000000000000000F4
:100D000000000000000000000000000000000000E3
:100D100000000000000000000000000000000000D3
:100D200000000000000000000000000000000000C3
:100D3000000000000000000000000660000000004D
:100D40000BD00660000000000BD000000000000087
:100D50000000000000000000000000000000000093
:100D60000000000000000000000000000000000083
:100D70000000000000000000000000000000000073
:100D80000000000000000000000000000000000063
:100D90000000000000000000000000000000000053
:100DA0000000000000000000000000000000000043
:100DB0000000000000000000000000000000000033
:100DC0000000000000000000000000000000000023
:100DD0000000000000000000000000000000000013
:100DE0000000000000000000000000000000000003
:100DF00000000000000000000000000000000000F3
:100E000000000000000000000000000000000000E2
:100E100000000000000000000000000000000000D2
:100E200000000000000000000000000000000000C2
:100E300000000000000000000000000000000208A8
:100E40002081008000000208208100800000000056
:100E50000000000000000000000000000000000092
:100E60000000000000000000000000000000000082
:100E70000000000000000000000000000000000072
:100E80000000000000000000000000000000000062
:100E90000000000000000000000000000000000052
:100EA0000000000000000000000000000000000042
:100EB0000000000000000000000000000000000032
:100EC0000000000000000000000000000000000022
:100ED00000000000000000000000000000008C0086
:100EE0000000000000000000000000000000000002
:100EF00000000000000000000000000000000000F2
:100F000000000000000000000000000000000000E1
:100F100000000000000000000000000000000000D1
:100F200000000000000000000000000000000000C1
:100F300000000000000000000000000000000000B1
:100F400000000000021008400000000002100840ED
:100F50000000000000000000000000000000000091
:100F60000000000000000000000000000000000081
:100F70000000000000000000000000000000000071
:100F80000000000000000000000000000000000061
:100F90000000000000000000000000000000000051
:100FA0000000000000000000000000000000000041
:100FB0000000000000000000000000000000000031
:100FC0000000000000000000000000000000000021
:100FD0000000000000000000000000000000000011
:100FE0000000000000000000000000000000000001
:100FF00000000000000000000000000000000000F1
:1010000000000000000000000000000000000000E0
:1010100000000000000000000000000000000000D0
:1010200000000000000000000000000000000000C0
:1010300000000000000000000000000000000000B0
:1010400000000000000000000000000000000000A0
:101050000000000000000000000000000000000090
:101060000000000000000000000000000000000080
:101070000000000000000000000000000000000070
:101080000000000000000000000000000000000060
:101090000000000000000000000000000000000050
:1010A0000000000000000000000000000000000040
:1010B0000000000000000000000000000000000030
:1010C0000000000000000000000000000000000020
:1010D0000000000000000000000000000000000010
:1010E0000000000000000000000000000000000000
:1010F00000000000000000000000000000000000F0
:1011000000000000000000000000000000000000DF
:1011100000000000000000000000000000000000CF
:1011200000000000000000000000000000000000BF
:1011300000000000000000000000000000000000AF
:10114000000000000000000000000001000000009E
:10115000800000010000000080000000000000008E
:10116000000000000000000000000000000000007F
:10117000000000000000000000000000000000006F
:10118000000000000000000000000000000000005F
:10119000000000000000000000000000000000004F
:1011A000000000000000000000000000000000003F
:1011B000000000000000000000000000000000002F
:1011C00000000000000000000000000000009090FF
:1011D00000000000000090900000000000000000EF
:1011E00000000000000000000000000000000000FF
:1011F0000400002000004000040000000000000087
:1012000000001100110000000000000000000000BC
:1012100011000000030011000000000000000200A7
:1012200000000000000008000000000000000800AE
:1012300000000000000000000000000000000000AE
:10124000000000000000000000000000000000009E
:10125000000000000000000000000000000000008E
:10126000000000000000000000000000000000007E
:1012700000000000008000000100000000000000ED
:10128000000000000000000000000000000000005E
:10129000000000000000000000000000000000004E
:1012A000000000000000000000000000000000C07E
:1012B000000000000000000000000000000000002E
:1012C000000000000000000000000000000000001E
:1012D000000000000000000000000000000000000E
:1012E00000000000000000000000000000000000FE
:1012F000000400044000002020200005001000022F
:101300000888088800000000001105C1001100A134
:101310000020000000000040000000100410002029
:101320000000002000C10000000003A1002003C154
:1013300000000400040404040404800100110801F6
:1013400004010001040180008400009100110021CB
:101350000401110000000000000000000000000077
:10136000000000000000000000000000000000007D
:1013700000000090009001100021012090820020C8
:1013800000A00441002000400020000400040404E8
:10139000000400A1002104410041002104A00041FB
:1013A00000C102100090002000400021002000C178
:1013B000002000000121018001A001C1084000A01F
:1013C000012001200020010204000500002004A0EB
:1013D000009001100000000000000000000000006C
:1013E00000000000000000000000000000000000FD
:1013F000000000000040002000200010002000102D
:101400008091004000400000000200900000009029
:1014100000C080000090002000010000000000C01B
:10142000004000C0009000C00084000000200000C8
:101430000088000000000000000000908000001004
:1014400000020000000000900000000000880084FE
:101450000084000400840000000000000020002040
:1014600000880000000400000000000000000000F0
:1014700000000000000000000080000000000000EC
:101480000005400200000000000500000000000010
:1014900000000000040000000080002000000000A8
:1014A0000000100000100004000000210000008077
:1014B000000000000000000082000000100020007A
:1014C000008002800000000000000000000000001A
:1014D00000000000000020000000000000000000EC
:1014E00000000000000000000000000000000000FC
:1014F00000000000000000001101000205050500C9
:1015000040C10020002040C00084000041000500D0
:1015100000000500100041000000000041004101F2
:10152000000008020500000103010000090003207B
:101530000001410041000000000000042100000003
:101540000000100121100020051004000000002000
:101550000000001000020000000000000000000079
:10156000000000000000000000000000000000007B
:1015700000000000000000000000A002008084A025
:1015800000000120C0800080C11000008241C00026
:101590008210C00000001041A000000000000041C7
:1015A000002000210880C00500040004820088009B
:1015B0000880000400000800000000000083000014
:1015C000000000000040828000800880010082004E
:1015D0000080000000C10080080000000000000042
:1015E00000000800000000000000000000000000F3
:1015F0000000000000000000000000000085030063
:10160000038440C0030000C041400091000205A0D7
:10161000201000A000880300090010000300002033
:1016200009100990400020101004400000C000057F
:1016300003C110011010201141042011000003000B
:10164000000010040800110004002000080020C061
:1016500005040900000400A010000000008400C080
:10166000000000000004000400000000000400006E
:10167000000000000000000000000000000000204A
:101680000000000000000000000000000004000056
:10169000000000000000000000000000000000004A
:1016A0000000000000000100010000000100000037
:1016B0000004000400040000000400800004000096
:1016C0000400000000800000000001000000010094
:1016D000000000000000000000000000000000000A
:1016E00000000000000000000000000000000000FA
:1016F00000000000000000000000000000000000EA
:1017000000C0050005008004200020840008A0001F
:101710008004100580048004040004100484101068
:101720000011808410858810000000002000410016
:1017300000200000050005900000030005100000D7
:1017400000000000210003000300000004000590D9
:1017500003000000410005400584000000840000F3
:10176000038400C0000000900000000000000000A2
:101770000000000000000000000000000000000069
:10178000000000000000100040800110010082C134
:101790000500048082A004800480C10001000100D3
:1017A000A00000042000C0042000001000008500FC
:1017B000080000800000C00000000000A000C00081
:1017C00000000000000000001000000000001100F8
:1017D000C000000000001000000000000000000039
:1017E000000082001000A041A00084000000000062
:1017F00000000000000000000000000000000000E9
:101800000000000011039189108408A1C00309049D
:1018100000410210000000000000000088100020BD
:1018200000021109008080804000000089038904C3
:101830000902040900000000800000000000000010
:101840008000000000000000000000000000108286
:1018500088C08940081089101010001141409190F3
:1018600011404110031100000000000000000000C2
:101870000000000000000000000000000000000068
:10188000000000000000018310C190C0010591011B
:10189000010140010000A0000000900000000801CC
:1018A0000001400100000008080801040004820152
:1018B00090014001A000000000001000000088001E
:1018C0000000100000000000880000001000000070
:1018D00000839008020401050400000104000100D7
:1018E0008882050805830102000000000000000056
:1018F00000000000000000000000000000000000E8
:101900000000000000000000410010401109051017
:101910000090018401910101000400000082000098
:10192000001001A000400100080008010400400967
:101930000100011001000101001000010020000061
:10194000001000010082000100000002000100A060
:1019500000000400051089C183900040008401C18B
:1019600001000200031089018390000000000000C4
:101970000000000000000000000000000000000067
:10198000000000000000000000002141090090114B
:1019900003910400040021110309008000090000E4
:1019A0000008090020001004100000098020000039
:1019B000808308000490020403400080000300803C
:1019C000000200800003000000200000000000046E
:1019D0000000000340112040A088C0900880020948
:1019E0002008201009042040A008A090000000005A
:1019F00000000000000000000000000000000000E7
:101A00000000000000000000000000000808008244
:101A100009909103024010020820110300001100F8
:101A2000090000000809102000041108000000004F
:101A300020000080C0A100040582908300002100E6
:101A40000400800080002100410080000080000030
:101A5000200010000000100900A004A0C0850502AD
:101A6000410240201020100980A089A0C0C00000C1
:101A70000000000000000000000000000000000066
:101A80000000000000000000000000000000010451
:101A900010C10911090501010100000191010200B5
:101AA00000000000C0000100010100004001A0048E
:101AB000C084830400408305000500A188831000D2
:101AC000000000002000080000000000200000804E
:101AD00020000100010002008204021191A188820D
:101AE000080100000101C1018202081190A1888350
:101AF00000000000000000000000000000000000E6
:101B000000000000000000000000000000000000D5
:101B1000058809A111001008018801A1000000003A
:101B2000000000820000000000100084001100008E
:101B3000080904108200A0A1018201C001880100EF
:101B4000000000100000000000000008000000007D
:101B5000008000000002000000008289C01108011E
:101B6000C104011001100001000083C188110900A7
:101B70001004000000000000000000000000000051
:101B80000000000000000000000000000000000055
:101B9000000003C1041110401180038004110811DA
:101BA0001100000000800000000008001004081070
:101BB00010008041000000000008038004110204AE
:101BC0001004000000800000000000000080000001
:101BD00000000080000000000000000088114004A8
:101BE000C00810102100101111024010A111C004F2
:101BF0009011110000000000000000000000000033
:101C000000000000000000000000000000000000D4
:101C1000000000001200000BD00000000000000BCC
:101C2000D00000000000000BD00042000000000BBC
:101C3000D00000000600000BD00000500000000B98
:101C4000D00012000000000BD00042000000000B8A
:101C5000D000060000000060000BD0000000000073
:101C6000000BD00000000000000BD00000000000BE
:101C7000000BD00000410000000000000000000048
:101C80000000000000000000000000000000000054
:101C9000000000000000FF0F6C6C3C0FFF663C3C36
:101CA0006C6C0000100000000000000000000F1F1E
:101CB0000F076F6F60600000000000000000000070
:101CC0000000000000000000000000000000000014
:101CD0000000000000000000000000000000000004
:101CE00000000000000000000000000000000000F4
:101CF00000000000000000000000000000000000E4
:101D000000000000000000000000000000000000D3
:101D10000000000000000000F0006C6C3C0F00664A
:101D2000FF006C6C001000000000000000000000CC
:101D3000FFFF00006F67606400000000000000000B
:101D40000000000000000000000000000000000093
:101D50000000000000000000000000000000000083
:101D60000000000000000000000000000000000073
:101D70000000000000000000000000000000000063
:101D80000000000000000000000000000000000053
:101D90000000000000000000000000000000000043
:101DA0000000000000000000000000000000000033
:101DB0000000000000000000000000000000000023
:101DC0000000C2080400001088610000000000004C
:101DD0000000000000000000000000000000000003
:101DE0000000000000080400401108000008040082
:101DF0004011080000080400401108000000000025
:101E000000000000000000000000000000000000D2
:101E10000000000000000000000000007E7E30F3A3
:101E200066FF3CF03C3CF03C3C3C303F0000000096
:101E300000000000007FFFFFE0F0FFFF0000000057
:101E40000000000000000000000000000000000092
:101E50000000000000000000000000000000000082
:101E60000000000000000000000000000000000072
:101E70000000000000000000000000000000000062
:101E80000000000000000000000000000000000052
:101E900000000000000000000000000000004242BE
:101EA00030F366003CF06666F03C6666303F00004A
:101EB0000000000000000000FF8000001F0F000075
:101EC0000000000000000000000000000000000012
:101ED0000000000000000000000000000000000002
:101EE00000000000000000000000000000000000F2
:101EF00000000000000000000000000000000000E2
:101F000000000000000000000000000000000000D1
:101F100000000000000000000000000000000000C1
:101F20000886041003820010088604F000B900102F
:101F3000A08650F0A0B00005008600F000B00000C0
:101F4000A0865010A3800005058604F00012001042
:101F5000A08650F0A0B00005A08650F0A0B000050B
:101F60000000A08650F4A0B00005000200A0000010
:101F70000030008600E000B000300000008000006B
:101F80000030000000000000000000000000000021
:101F90000000000000000000000000000000000041
:101FA0000000FF3CFF3C030FFFFF000000000000AB
:101FB0000000000000000000000000000000000021
:101FC0000000FFF5FFFC3CFF0CFF00000000F5F5F2
:101FD0000CFC0000000000000000000000000000F9
:101FE000000000000000000000000000BE14F5F535
:101FF000CFCF14D700000000000000007D28F5F5C9
:102000004D4D3CFF000000000000000000000000FB
:1020100000000000000000000000000000000000C0
:1020200000000000FF0AFF3A550FFFFF000000000C
:1020300000000000000000000000000000000000A0
:1020400000000000FF00FF0C5CFF5CFF00000000D0
:1020500005050CFC0000000000000000000000006E
:102060000000000000000000000000000000BE149E
:10207000A0A00C0C14D700000000000000007D2878
:10208000A0A04D4D00C300000000000000000000B3
:102090000000000000000000000000000000000040
:1020A000000000000000FFFF3C0ACF0EFFFF000011
:1020B0000000000000000000000000000000000020
:1020C000000000000000FCFCFCFC7FFF7CFF000027
:1020D0000000000000000000000000000000000000
:1020E00000000000000000000000000000000000F0
:1020F00000000010CFCF14D7000000000000000047
:10210000FA50FFC3CFCF14D700000000000000003A
:1021100000000000000000000000000000000000BF
:102120000000000000000000FFFF3C3A0C0EFFFF23
:10213000000000000000000000000000000000009F
:102140000000000000000000F0FAFCFA40FF40FF31
:10215000000000000000000000000000000000007F
:10216000000000000000000000000000000000006F
:102170000000004000000C0C14D70000000000001C
:102180000000FA503C000C0C14D7000000000000C6
:10219000000000000000000000000000000000003F
:1021A00000000000000000000000002000200000EF
:1021B0000090000400000004002000000020042023
:1021C000041000042102110211000020051021104A
:1021D00011A01102080491028020100000020000EA
:1021E00004000000000000000400000000200420A3
:1021F000042000200400040000000000000400008F
:1022000000000000000000000000000000000000CE
:1022100000000000000000000000000000000000BE
:1022200000000000000000000000000000000000AE
:10223000000000000080000000808480000000801A
:10224000008000000080848000800000008000800A
:10225000208000000080008020802080010000801D
:1022600000000000000000000000010000C000802D
:10227000008000800080000000000000000000805E
:10228000000000000000000000000000000000004E
:10229000000000000000000000000000000000003E
:1022A000000000000000000000000000000020000E
:1022B000000020C0000000000004001004C0002046
:1022C000000100000001000000001100000021904A
:1022D000000000400010200088204000C0011000D5
:1022E00080000404880000010004000511040000BF
:1022F00004000401C00108000000050004200400DF
:102300000009000100200001C000000020002000A2
:10231000000004000400040104020400040004019D
:1023200000000000000000000000000000000000AD
:102330000041001001200020001000910008001052
:1023400000900008001000029041004100110011AF
:1023500000090010000000100141090001210504DE
:1023600001100800018941100040008000C000A158
:10237000000001210104054004210000000000804C
:1023800001000020A0200080902005000000010036
:1023900001000000010001000104018001000100B2
:1023A0000104000000000000000000000000000028
:1023B00000000040000000090041000004C00020AF
:1023C000008200C00008008484080040009020853E
:1023D000000280A0040100080810002000882002EC
:1023E00000000808809000020005000280880003B9
:1023F00000000000A08840000001208500000000CF
:10240000000000C000820000000000020000800206
:10241000A1900000000000000500000000880000FE
:1024200000000000000000000000000000000000AC
:10243000000000000490000000040084001001204F
:1024400000A000000000008010414185040200004F
:10245000090490900805410290C02110A04100009D
:10246000834100210100400000111082000004009F
:1024700000040000000041001100100211020800D9
:102480000000C00000211009840084000040C00248
:102490000480040000000020000000000000000094
:1024A000000000000000000000000000000000002C
:1024B000000000000000000000900000200141C169
:1024C0000000418441040090020000050210C1C0D8
:1024D000800141400001032000008000410041A034
:1024E00088040500040185118510100041040000D6
:1024F000C10003402120000000041004C1000401B9
:102500000805100521040004000000000800100068
:102510000040000000001000000000000000000467
:1025200000000000000000000000000000000000AB
:102530000000000000000000000500000000010491
:102540000020000000000080000500000010028054
:102550004000401000100004089100090241C00929
:10256000000041A1000001024082208000000080A4
:1025700000080400C00000800000008000804000CF
:10258000010400A000A0C0800090840000000000B2
:10259000000000800000004110000000000010005A
:1025A0000080000000000000C000000000000000EB
:1025B000000000000000000000004100004000009A
:1025C000021041840040002003C000A00000030866
:1025D000418480204008404040A000000440022088
:1025E0000882000000C01100000020C0200420026A
:1025F00009844100100021000002000000002000BA
:1026000020202040400000000020002000000001A9
:10261000000408024100020021900200080010049A
:102620000500030400001000000000880000000006
:102630000000000000000000000000000410008006
:102640009011001000020000000002058420040028
:102650000091000040110080840589009010012144
:10266000A104A10402030204881188000003009061
:1026700000910021000090001000104100000003B4
:1026800000000000000210001000A08508808800F3
:10269000000400A0020984054020C01110200000A1
:1026A00000000000008000000200000000000000A8
:1026B000000000000000000000000000000000001A
:1026C0000000009008102010000002A00000001080
:1026D00082001002028441100300039005200000D4
:1026E000008508840021408403024101000021028A
:1026F00000218800A11000902100030041C00000CB
:1027000000000000200105840904100410040004E6
:1027100010004100000000040000410021C08400BE
:1027200000000000000000040000000000000000A5
:102730000000000000000000000000000000000099
:10274000000300008400000000219041881000096F
:10275000008008000080102100000800002100C156
:1027600000008210891000A0830088800002000011
:10277000008000A020000480000300000200000090
:10278000000000000000C0080000008000800880F9
:10279000A080000000000000008000000000000099
:1027A0000300000000000000C080100000000000D6
:1027B0000000000000000000000000000000000019
:1027C0000000048000001000418009028989412135
:1027D000041000030041002002C0110311204141F8
:1027E000084180809100410000801103830980042A
:1027F000090402038911111111414089008211005D
:1028000010840000C003090400410241400082021C
:102810001089200280808000820009841100080055
:102820000580040040008000850005009100000044
:102830000000400000000000000000000000000058
:102840000000000002888840838800880089820890
:10285000011100A10001000020010005010141015A
:10286000030000008882838421C0001001019001D0
:102870000400000000019100A1010001A110848466
:10288000A0000140000091010101A0000001010031
:10289000C002A0A001029004828208020040010050
:1028A00001A008C00010C100C00002000000080024
:1028B0000000100001000000000000000000000007
:1028C0000000000000000800820041888989100093
:1028D00089101011101000200500012001000100D6
:1028E000000800A10101A100050041008291010042
:1028F0000011000001018301A00491888391000070
:102900001100A00084A00000910290A090219101EC
:1029100000001188C10002A1040084040290084153
:102920000100000001C0010182000900A1401089DE
:1029300000C0000000820000000000000000000055
:102940000000000000000000410041002180C0891B
:1029500090090880104010080080C1001080090410
:1029600002004000409103094041C100A000C1891C
:1029700004000840400303091008098091C18389BD
:102980004008C00080008441000011000200048261
:10299000030940404000A10002208805002000807B
:1029A00080C008000200210003090405040085809E
:1029B00089890400000000004100000000000000C0
:1029C00000000000000000000000000200020508F6
:1029D000000209080005401021C1050021050089F9
:1029E000C108020405900009A08300900002A0091C
:1029F00080C10340000300899183114000A0208919
:102A0000918303008082002110840000401004059F
:102A1000004091030808000220002002808000800E
:102A2000100000800002C120000900030008000916
:102A300000820002001040110002000400000000AB
:102A400000000000000000000000000000820008FC
:102A50000141004000890440821001C100000001D2
:102A600000052001004101C10089898300108441D3
:102A7000918388820189000000A18983004100C1FF
:102A8000010989830108881000C1030800000100C2
:102A900000000001210101898402110001021004DB
:102AA0000490838200400010080382110091000905
:102AB00000A0001000A0000001000001C000000004
:102AC0000000000000000000000000000000900076
:102AD0004088C00000000889101109109010010002
:102AE00001C0020001000188010301000000829082
:102AF00010A08200C0A0018800020101000083C173
:102B000088838201100488021041100004880000AC
:102B1000018900090101008802890183020011A0D6
:102B2000A0A1021004009040001000090000000065
:102B300008048401100110080008000000000000D3
:102B40000000000000000000000000000000000085
:102B50000000008280410000C10310408204100088
:102B6000090008008202110003800511020511000E
:102B70008082800000000000038009030203090036
:102B80008311C120020302000000008400020080C3
:102B900000000388119102030400020840030200B0
:102BA0002000002000000000808000000091000450
:102BB000000000050040800300800080000000113C
:102BC0000000000000000000000000000000000005
:102BD00000000050000BD00000002184000BD0004A
:102BE00006000000000BD00000000000000BD00029
:102BF00000000000000BD00021000A00000BD000F4
:102C000041820000000BD00000820050000BD00079
:102C1000210000000000000BD00000820A50000BD1
:102C2000D00041000000000BD00082000000000B2B
:102C3000D00000000060000BD00000820060000B9C
:102C4000D0000000000000000000000000000000B4
:102C50000000000000000000EF20FF007FFF4FFF9A
:102C60000F0CFFFF000CF3FF00F00FFF55FF0F3CB0
:102C70007D7D0CCF0000000000FF0CFC287D5F5F15
:102C80007D7D0FFF00200000FCFC05F5000000002A
:102C900055555F00000014BE5F5F400000000CFF50
:102CA0000FFFD7D7FFFFFFFF0000FFFF000000006E
:102CB00000000F0F3C3C00000000FFFFFFFF000082
:102CC00000000004FFFB0000000000000000000006
:102CD00000000000000000000000FF00FF0040FFB7
:102CE00040FF4D4DFFFF000CF3FF00FF00FF5500BC
:102CF0000F3C41410CCF0000000000FF0CFC287D80
:102D00000A0A414100F0000000200C0C05F500000B
:102D1000000000000000000014BE0A0A00000100CC
:102D2000FFFFFFFFD7D7DFDF00000000000000003B
:102D300000000000555500FF0000000000040000E6
:102D4000000000000000FFFF000000000000000085
:102D5000000000000000000000000000FF3CFF0039
:102D6000FFFF70F3FF30FF3C00000000F0FFF000B9
:102D700000400002F0F0FF00000000003CF0F0F026
:102D80003C3CF0F0F5F5F330FC0CFAFAF5F5F03CCC
:102D900082820000000030300000FF3CFAFAFFC3DE
:102DA000FA0AFCF8FCF80038303000003C3C000027
:102DB0003C3C00000000F0F03C3C00000000FF0044
:102DC000FF00000000000000000000000000000004
:102DD00000000000000000000000000000005F0094
:102DE0005F00FFFF7030FF3AFF3A02000100FFFF73
:102DF0000000000000003C3CAAAA000000003CF0DB
:102E0000F0F0FF00AAAAA0A0F330FC0C0A0AA0A0D0
:102E1000F03CAAAA2800383830300000003C0A0AEA
:102E20003C00FA0AFFFFFFFF0038303000003C3C56
:102E300000003C3C00000000FF00AAAA00000000C7
:102E4000FF04FF00000000003C3CFFFF000000000A
:102E50000000000000000000000000000086008C60
:102E600000A000000086000C0380000001000AF0B2
:102E70000030000008860AF0001200100080009068
:102E800000100080088604F003120010050204B050
:102E900000020010008600BC0090000000000886C0
:102EA00004F000B900100086009C03800000A88692
:102EB0005490A0820015008600D000920010008679
:102EC00000AC00800000008600EC00B800000000AC
:102ED0000000000000000000000000000000FFF003
:102EE00000F0FFFFFFFFFF30FFB28F8EFFFF0000FB
:102EF000F0F000FF00000000000055FF0F3CFC0C4C
:102F0000FF55553CFF0F00000000C3C3C3FF7D28E1
:102F1000F5F5BEBE0A5F99666699669999660000E6
:102F20000000000000000000080808081414000059
:102F3000F0B43C3C0FFF0F7F000000000C001400B9
:102F4000F000FAAA0055C3D70000000000000000FE
:102F50000000000000000000000000000000000071
:102F6000F0F0F0F07FFFFFFFFFF0FFB20D0CFFFF6E
:102F70000000F0F000FF00000000000055000F3CD2
:102F8000FC0CAA00553C000F00000000FFFFFFC32F
:102F90007D28A0A014140A5F6699996699666699BF
:102FA00000000000000000000000A8A82828141459
:102FB0001C1CF0F03C3C0F000F02000000000C0055
:102FC00014003030BABA000FC3CF00000000000078
:102FD00000000000000000000000000000000000F1
:102FE0000000F3FF30000F0F0F3CFAFAFAFABCFFB3
:102FF000ACFF00003C3C0F0F000000000000000090
:1030000000007D283F3F1000040000000000000089
:10301000000000000000F5F53C55BE82AAAA5550FC
:10302000555F000000000000000000008A8A8A8AC4
:103030000F0F0A00AAAAAEA20100BFFF83808380FF
:103040000000000000000000F0F0F5FC00000000AF
:103050000000000000000000000000000000000070
:1030600000000000F3FF30000F0F0F3CF0FCFAFCF3
:103070001CFF0CFF00003C3C0F0F00000000000094
:10308000000000007D28303000000000000000003B
:10309000000000000000000005053C55BE82AAAA01
:1030A0005550555F0000000000008000000008003F
:1030B000080000000000FF00FF000F0F0F0F0000CE
:1030C000000000000000000000000000553C00006F
:1030D00000000000000000000000000000000000F0
:1030E00000000000000000110040002010820000DD
:1030F000200000842002000000000010002000A03A
:1031000008000008028802200390002000900000C0
:103110000000020004000000000020000200000087
:103120000008000000000000000021000000030073
:1031300000000000000000000000000000900000FF
:10314000000000000000000000000000000000007F
:10315000000000000000000000000000000000006F
:10316000000000000000000000400000000000001F
:1031700000000000000000800000000000808200CD
:10318000000020000000040008008200000004008D
:1031900000000000A000000000000000000084000B
:1031A000000000000000900000800000000000000F
:1031B000000000000000840000000000000000008B
:1031C00002000000000000000000000000000000FD
:1031D00000000000000000000000000000000000EF
:1031E0000000000000000000000000000008008255
:1031F0000000000011040020001000080000000082
:1032000000C000A0001000000800200000840000A2
:10321000000000000008000800100000008800887E
:10322000000000000000002000000000090009006C
:103230000000000000080000000000000000000086
:1032400004000000218200000000000000000000D7
:10325000000000000000000000000000000000006E
:10326000000000000000000000000000002000033B
:1032700000102010001000C000880008000300109B
:1032800000210008000900890021001000410041D0
:10329000002000200011000000090008002000406C
:1032A00000000003002100000000002000000011C9
:1032B0000011022000100041000000000003000087
:1032C0000020C00000090000000000000000000015
:1032D00002009000A00900000000000900000000AA
:1032E000000000000000000000000000000005C019
:1032F00082C021004088052008C00004118400908D
:10330000100203C1000204202020918410A120A0FB
:10331000000804100000001002000004009020C00B
:10332000210000C0000000000002000000000000BA
:1033300000020000202000004084040011000890DA
:10334000400002001100050011201100030041009F
:103350001100000000000000020008000000000052
:10336000000000000000000000000000000000005D
:103370000000091000104010000801080021900012
:103380000000019000020003002100000400090475
:10339000A002002090029000200000200041900038
:1033A00090200200020008009000840082000009C2
:1033B00000000804000008008800000088000000E9
:1033C0008804000000001000C004C00008000000D5
:1033D0000021A00000410000A0000020000000002B
:1033E00000000000000000000000000000000000DD
:1033F000000000000090000200010000000000003A
:1034000000008010008209900040001100000000C0
:103410000000001000A000080088009000000004D8
:103420000340000005902088000000C0100000004C
:10343000008200000004009000C011880500000018
:103440001008080000000000100005000004000043
:1034500000000000000000000090080400000000D0
:1034600000000090000000000000000000000000CC
:103470000000000000000020008000080021200063
:103480000000100002218421000000800088200834
:1034900000000008000000000000000000001020F4
:1034A00000000000000500008805000000008809F9
:1034B00000000000000000201000000000030008D1
:1034C000001100110000000000001040100000007A
:1034D000000000110000000010002000C0000000EB
:1034E00008000000000000000000000000000000D4
:1034F000000000000000000480020202000400023C
:103500000400C002108800840400008400020084CB
:10351000000280C1001020840090414000000000A3
:103520000000000000000000001000000210400039
:103530000040000000400000004005000000008244
:103540000000000800000000000000000000210052
:10355000000000000000000020000000000000004B
:1035600000880000000000000000000000000000D3
:10357000000000000000000000082000010000041E
:10358000208000210200090000000000000000036C
:103590000011000920400004000284020002100013
:1035A0000000A000902000040221022000208404DA
:1035B00020008441A004A02000000800C0000021D9
:1035C000000000050200000000004000840220000E
:1035D00000040800A00000000204020000008400B3
:1035E0000004020000110020820900000000000019
:1035F0009000000000000000000010821110808484
:103600000084000083008010000000090020008278
:10361000001000102102000000A011400090118451
:10362000001000C010840000110000000200200003
:10363000000000402000000000000000100000001A
:1036400000000000000041000040080000000000F1
:103650001000000000000000410000000000000019
:10366000000000400000000000000000000000001A
:103670000000000000000000000000000105A0059F
:103680000821000000000200201008009090008037
:103690000000000000110080000000400000001049
:1036A00000000000844082008400880000030008BD
:1036B000200800080000020084001005000004003B
:1036C000A000C04082038200002004101000080007
:1036D0000000102010000000002084000000000006
:1036E0000000C000100400000004020008110000E7
:1036F00000000800C04000000000000000000000C2
:103700000000008000008080038000204111000044
:1037100000000003000080000800004103000000DA
:103720000000000000000000000000000000000099
:103730000000000000000000000000000000000089
:103740000000000000000000000000000000000079
:103750000000000000000000000000000000000069
:103760000000000000000000000000000000000059
:103770000000000000000000000000000000000049
:103780000000000000820004820200048440010066
:1037900000828800000188008288009088830000F1
:1037A0000000000000000000000000000000000019
:1037B0000000000000000000000000000000000009
:1037C00000000000000000000000000000000000F9
:1037D00000000000000000000000000000000000E9
:1037E00000000000000000000000000000000000D9
:1037F00000000000000000000000000000000000C9
:10380000000000088800000000000488412000003B
:1038100000900804010000880001C10021C00009D7
:103820000010000000000000000000000000000088
:103830000000000000000000000000000000000088
:103840000000000000000000000000000000000078
:103850000000000000000000000000000000000068
:103860000000000000000000000000000000000058
:103870000000000000000000000000000000000048
:103880000000000000800000000000008000040034
:103890000000000003804140000000102100028071
:1038A0000003048800000000000000000000000089
:1038B0000000000000000000000000000000000008
:1038C00000000000000000000000000000000000F8
:1038D00000000000000000000000000000000000E8
:1038E00000000000000000000000000000000000D8
:1038F00000000000000000000000000000000000C8
:1039000000000000000000001100000000000000A6
:10391000000080410800004040000000000000005E
:103920000000000000000000000000000000000097
:103930000000000000000000000000000000000087
:103940000000000000000000000000000000000077
:103950000000000000000000000000000000000067
:103960000000000000000000000000000000000057
:103970000000000000000000000000000000000047
:103980000000000000000000000000000000000037
:10399000000000A0108301000001000000000000F2
:1039A00000000020908220000000000000000000C5
:1039B0000000000000000000000000000000000007
:1039C00000000000000000000000000000000000F7
:1039D00000000000000000000000000000000000E7
:1039E00000000000000000000000000000000000D7
:1039F00000000000000000000000000000000000C7
:103A000000000000000000000000008801000083AA
:103A10000000208800209008C021008300000000E2
:103A20000000028200000001408800000000000049
:103A30000000000000000000000000000000000086
:103A40000000000000000000000000000000000076
:103A50000000000000000000000000000000000066
:103A60000000000000000000000000000000000056
:103A70000000000000000000000000000000000046
:103A80000000000000000000000000000000040032
:103A900000020000800040800321008200900000AE
:103AA00000000000808000002021000500000000D0
:103AB0000000000000000000000000000000000006
:103AC00000000000000000000000000000000000F6
:103AD00000000000000000000000000000000000E6
:103AE00000000000000000000000000000000000D6
:103AF00000000000000000000000000000000000C6
:103B000000000000000000000000000000000000B5
:103B100000000000000000000000000012008148CA
:103B2000000BD00012000000000000001242000054
:103B30000000000000000000000000000000000085
:103B40000000000000000000000000000000000075
:103B50000000000000000000000000000000000065
:103B60000000000000000000000000000000000055
:103B70000000000000000000000000000000000045
:103B80000000000000000000000000000000000035
:103B90000000000000000000000000000000000025
:103BA0000000000000000000000000000000000015
:103BB0000000000000000000000000000000000005
:103BC00000000000000000000000000000000000F5
:103BD00000000000000000000000000000000000E5
:103BE00000000000000000000000000000000000D5
:103BF00000000000000000000000000000000000C5
:103C000000000000000000000000000000000000B4
:103C100000000000000000000000000000000000A4
:103C20000000000000000000000000000000000094
:103C30000000000000000000000000000000000084
:103C40000000000000000000000000000000000074
:103C50000000000000000000000000000000000064
:103C60000000000000000000000000000000000054
:103C70000000000000000000000000000000000044
:103C80000000000000000000000000000000000034
:103C900000000000AEDE0000000000000000000098
:103CA0000000000000000000000000000000000014
:103CB00000007B7500000000000000000000000014
:103CC00000000000000000000000000000000000F4
:103CD00000000000000000000000000000000000E4
:103CE00000000000000000000000000000000000D4
:103CF00000000000000000000000000000000000C4
:103D000000000000000000000000000000000000B3
:103D1000000000000000167BC2020000000000004E
:103D2000408C07000000000000003002000000008E
:103D300000004043DE6800000000000000000000BA
:103D40000000000000000000000000000000000073
:103D50000000000000000000000000000000000063
:103D60000000000000000000000000000000000053
:103D70000000000000000000000000000000000043
:103D80000000000000000000000000000000000033
:103D9000000000000000000000880000001000008B
:103DA0000000804091400000052008200820000805
:103DB000044000000000000000002100000002009C
:103DC00000400004000010000084210000000500F5
:103DD000040020A08040200000000000040000201B
:103DE00000000004000000C000048000000000008B
:103DF0000020000000000000000000002000000083
:103E00000020008800000000040000000000000006
:103E100000000000000000000000000000000000A2
:103E2000000000002000028000030280008000806B
:103E30000080000000000000002000000000820060
:103E400000000000008000000100000000000000F1
:103E50000000840001000480C10000C000000000D8
:103E60000880880000800000000000800804000036
:103E70000000000000000000000000000000000042
:103E800000000080000000000000010000000000B1
:103E900000000000000000000000000002204100BF
:103EA00000000000400000020005000400010010B6
:103EB0000000800000200000002008200000000119
:103EC0000010000000008302000010100400040035
:103ED0000410000004012001100020010000000176
:103EE000000000100010410000000001410020000F
:103EF0002000200120A004000400040404000001AC
:103F0000040100012001202000000010002000001A
:103F1000000000000000000000000000000000C0E1
:103F2000902100210400051000C004C0008300049B
:103F300000410010104190900005009004C1000065
:103F4000000400080000001104800000004101008E
:103F50000103014100410002210400052104000089
:103F60000020000000080021000084000040004103
:103F700083000100014021000100050001800500CF
:103F8000000420040204000400800000008000807F
:103F90000000000000000000000000000000000021
:103FA00000C000A100A02184048200A002400920DA
:103FB000024008020004800800C020000000000049
:103FC000000420A10004040020002040004100045F
:103FD0000088008400200420020080000984092059
:103FE0000000000010110004090500000804080486
:103FF0008800080100000800098400001004030084
:10400000100021000500000000202010110209000E
:104010000000000000000000000000000010000090
:1040200000000209000400110000000000000180EF
:1040300004000008918000C1404088210800000071
:1040400000040090202000A1010000200241008413
:104050000080000000008400210000000400000037
:10406000A000000000000020008000A000400080B0
:104070000080020000101000000000000800008016
:104080000000880000000000000000800080008028
:104090000000000000000000000000000000000020
:1040A00000000000050010100220000110001000A8
:1040B0001021400000C003010000800008C0412121
:1040C00010011000000103010001020109000008B5
:1040D0001008104000001000100008011100A0009E
:1040E0004100A000000008040500000000010000DD
:1040F000412000200801001005000990200105035F
:10410000050303010005000000900000042080105A
:1041100080910040800000000000000000000000CE
:1041200000000000000000080011008000200011C5
:10413000100300400100080308040800200808409C
:10414000C082100200100002820284028304040074
:1041500000080810C180000000408200000200003A
:104160002000880020000000009004100010104083
:10417000080088409000112000A100112003A00435
:10418000A0A010A0A02010A00009C000A01105A0B0
:104190000880041082800800000000110000000068
:1041A000000000000000000009820020030190C010
:1041B000008400002040102000880020002004100F
:1041C000200040081000021021A02040080100102B
:1041D000030100880400048800C0020008004100B8
:1041E00000200420000821C0000004080004009002
:1041F00000090901802004044100408811040300E3
:1042000009901000000021020000210010000000B1
:104210002104000000040040000000880000008825
:1042200000100000000000000000000000800004FA
:104230002000001000002080082100000005000080
:1042400041000000080501000005000090009020DA
:10425000000000040400A1000100000000000000B4
:104260000200008000800080C0000000000000808C
:1042700000001084002008840100000400008880F1
:1042800000000000840000000080880000000000A2
:104290000000A0000200000000A0000000000000DC
:1042A0000800C0000000000000000000100440C032
:1042B00010884184058400900540001104000288A4
:1042C0000008002040000540048410020420008201
:1042D00000400802000400C010840008900400059B
:1042E00088042104008220C000C108200000009042
:1042F0002082000020840000020100000000080469
:104300001000A100109080202100000000A10000FA
:10431000000021C0412000000000000000000088D3
:10432000004000900000000000000000000000C1FC
:10433000052082000041004100000480202000058B
:1043400000000005882101001090C000008000805E
:104350000221008908A1820404000900000040A095
:10436000A0824080048088002000022020A100005C
:104370000020001000008410000085400000840030
:104380000180000020000041200808050209C00249
:104390000000820008000484C00000000200A000A9
:1043A0000000A0000000000000000000000000006D
:1043B0000000040008000000900311200502030320
:1043C0008000000000000000830309110002824108
:1043D0009103900991024008A1000400020004002A
:1043E0001183000903841110030909088020094181
:1043F0000000000009008000000000000000110023
:1044000000008000000202050910110302091009D2
:1044100004A0000080000200000082898209C09090
:1044200040910000000000000000000000000000BB
:10443000000008088508009000401001C00100013C
:10444000090090000000C000000090010100100170
:1044500083011101A101C001A00089000300200017
:1044600000000589009100100000010001012001F9
:104470000101000000000100100088001000880009
:10448000200000000800A00009000001010100C197
:10449000A09000410000820000000000898290840A
:1044A000C10801080000000000000000000000003A
:1044B00000000000400010009000C005000040080F
:1044C000C121A1000002010000200000012101849F
:1044D00000030189C108890210C1110108A09000E0
:1044E000900411009000828421894101A190110063
:1044F00005889100000000C0000000100000880244
:104500001001820210910200C000080183014000E6
:104510000288000141C10000000100000000C0014C
:1045200004094003829000880000000000000000A1
:1045300000000000000000408040000080100300E8
:1045400011900288030909000410118009411183A8
:104550004100119103892080414189110309020022
:1045600009110380830804400200219103094000DF
:104570004000C00020000000090002200280020567
:1045800000890021000000408000820085409005E5
:10459000044040000911838900000020000000044D
:1045A0000808C110050483C10000000000000000DD
:1045B0000000000000000000808000008800000073
:1045C00083A10004088211030000022020110020B2
:1045D0001120100800211103402010020908118346
:1045E00080400582040480A00484008209899183AC
:1045F00004021008000841030080808004002000AD
:1046000080000080030004008080030200C00502D7
:1046100010900902001189891183008000000400B4
:10462000008002100041918508A1000000000000F8
:104630000000000000000000000004088488A08240
:1046400004881121000301850011A000000001026F
:10465000000000010101000003010011004101C13F
:1046600011118203001001C00409C002880389A04F
:10467000890300000100000011010080820201C0D6
:10468000000482400210018801000482C10300116D
:1046900000C1000300C10202A1A09141101000045A
:1046A00000C0008810898204858401830000000016
:1046B00000000000000000000000000090890802D7
:1046C000900008820110011001C10011000000419A
:1046D000000100008988C0A189009000018801A123
:1046E000004001080001008800000090098889410D
:1046F000910090410008001100010020008000108E
:1047000000400000000082090084008804A000032B
:104710000004000101C0C18900A1C10140100000D6
:1047200000100000000083008982A00304A00000A4
:104730000000000000000000000000000000001069
:10474000808000008083038020090210040800009C
:10475000001000100000838040110208110003883F
:1047600004110840218000100000000000000380B8
:10477000849140091008009100210002000000808F
:104780000080008900090000809000000000008087
:10479000021105101003100003C00911020391005B
:1047A0000000000000000009A103888210C0110071
:1047B00000000000000000000000000000000000F9
:1047C0000600000BD00000844100000BD0004248DE
:1047D0000000000BD00000000000000BD00041489A
:1047E0000000000BD00000000000000BD0004100D2
:1047F0000A00000BD00000000A50000BD00041005E
:1048000000000050000BD00041500000000BD00011
:104810000A000A50000BD00006600A00000BD0000E
:1048200000820A00000BD0000A000000000BD0003C
:104830004200000000000000000000000000000036
:104840000000000000000000000000000000000068
:10485000000000000000000000F0FF003C3C0000F1
:104860000000FF0F6C6C3F3F7E4200000000AA5525
:1048700055AA3C3C0F0F3F037E7E00000000010064
:104880000000000000000000000000000000000028
:1048900000000000000C080CCFFFFFFFFF0F3C667C
:1048A000FF3C6F6F000000000000000000000000EF
:1048B00000000000000000000000000000000000F8
:1048C00000000000000000000000000000000000E8
:1048D0000000000000000000000000F00F0F6666FE
:1048E00000804000F0006C6C03037E42000000007A
:1048F00055AAAA55FF0066663F0342420000000029
:104900000100080800000000000000000000000096
:10491000000000000000000C080C0C0CFFFF000F52
:104920003C66003C606000000000000000000000E9
:104930000000000000000000000000000000000077
:104940000000000000000000000000000000C2089D
:10495000040000108861000000000000000000005A
:104960000000000000000000000000000000000047
:104970000000000000000000000000000000000037
:104980000000000000000000000000000000000027
:104990000000000000000000000000000000000017
:1049A0000000000000000000000000000000000007
:1049B0000008040040110800000000000000000092
:1049C00000000000000000000000000000000000E7
:1049D00000000000000000000000000000000020B7
:1049E00066FFFCFC66FFFCFC7E7E30F37E7EC0FC36
:1049F00000000000CCCCF00F3C3CF0F0F6F63CFFA1
:104A0000242424F4FFFFFFFF00000000000000004A
:104A100000400000000000000000F7F7F7F700007A
:104A200066003C3C303F3636FF3C00000000000092
:104A30000000000000000000000000000000000076
:104A40000000000000000000000000000000000066
:104A50000000000000000000000000000000000056
:104A6000000066000C0C6600C0C0424230F34242B7
:104A7000C0FC00000000CCCCF00F666600FF06060C
:104A800000C324242424666646660000000000005B
:104A9000000000000000000000000000E7F7E7F75A
:104AA000000066066666303F3636003C00000000B7
:104AB00000000000000000000000000000000000F6
:104AC000000000000000000000000000A086501060
:104AD000A38000850586047003920010A08652F022
:104AE000A0380085088604F000B90010088604F09C
:104AF00000B20010A08650F0A0B000A508860410F7
:104B000001820010008600EC01B200000000A086C7
:104B100050F4A0B00005A08650F0A0B0000500063B
:104B200000FC03B000000886049003820010A086F9
:104B30005070A3900005008000800010003000003D
:104B40000000000000000000000000000000FFF076
:104B5000F7F53505FFFF000000004DFF0CFF0000DA
:104B6000000000FF00000000000000000000000046
:104B70000000FFFFFFFF0000000099666699FF201C
:104B8000FE00007F04FF00000000000000000000A5
:104B900000000000003000005555C3C300002A2A61
:104BA00000000000669999668080A8A8FF55FF7FE5
:104BB00000000000000FEB0BF5A0F3F3FF0F3C55D6
:104BC00000000000000000000000000000000000E5
:104BD000FFF0F2F03555FFFF000000004DFF0FFF22
:104BE0000000000000FF00000000100000000000B6
:104BF00000000000FFFFFFFB0000000066999966BF
:104C0000FF20FE00007F04FF000000000000000005
:104C100000000000000000300000AAAA3C3C15156E
:104C2000000000000000996666998080A0A0FF55F2
:104C3000FF7F000000000000EB0BF5A03030000FFC
:104C40003C550000000000000000000000000000D3
:104C50000000FDF1FFF10FFF0FFF0000000000005A
:104C600000A00000000000000000000000000000A4
:104C7000000000000000FFFFFFFF00000000000038
:104C80000000FFFFA0000D0F0F1F00000000B2B2D8
:104C9000F0FF000000000000000000000000000025
:104CA00000000000000000000FC355FFFCD0FCD046
:104CB000D7D7FFFF0000000000000000F0F0B2B204
:104CC00000000000000000000000000000000000E4
:104CD00000000000FCF0FEF04DFF41FF000000006E
:104CE000000000A000000000000000000000000024
:104CF0000000000000000000DFFFFFFF00000000D8
:104D000080000000FFFA00000D0F0F1F00000000E0
:104D1000F3F3F0FF000000000000000000000000BE
:104D2000000080000000000000000F3C55FFFFFF66
:104D3000FFFFD7D7DFDF0000000000000000FF000A
:104D4000B2B20008000400000000000000000000F3
:104D5000000000000000009000880504000809C061
:104D60000090000285008488002000880500110062
:104D700004102008040011000000040082890000D3
:104D8000004000000400A00520048004200500006D
:104D9000000000000200000000A000000000002051
:104DA00091008021408200110002800100028005F4
:104DB00000008000020000040000004080000000AD
:104DC00000000000000000010000000000000000E2
:104DD0000000000000000000000000000080000053
:104DE0000000000000800400200000C0000200005D
:104DF000000001000500010000000000000011207B
:104E0000000000000040000021A001C0208001A09F
:104E1000000200000002044000C0900000000000FA
:104E200084802000208800000004008004040080AA
:104E30000284000020000102048000000000040041
:104E400000400003000000000020000000000000FF
:104E500000000000000000000000004000C003202F
:104E60000320000400008002041000010000110073
:104E70000000000000008011001000000001002070
:104E800080080000000000000020000480050001F0
:104E9000A0040000202020012001000000022102C7
:104EA00020000002A00102008083800104000400B1
:104EB00000010000040020000400000100000000C8
:104EC0000000210020012000200020010084008437
:104ED0000000000000000000000000009021001011
:104EE000848200400082001040C1002100040008BC
:104EF00000002000901000022004020500100002B3
:104F0000A010108000000040000800A0008020A039
:104F100000402190002101A19104C1040000004043
:104F2000A0210103C0400520010002200208050065
:104F300001000040400201000100010000400000AB
:104F4000900000000000012001000100012000008D
:104F5000000000000005000000000000000000024A
:104F600000020084000200A002400002002000882D
:104F70000000002000000088100802020008040061
:104F800000100484000380A0890110092002092177
:104F90002005200220840082000000000084000020
:104FA0001001000100000810000811C0200180203D
:104FB00000202020800400A1219020000000088211
:104FC00020000000004080000400020400040400EF
:104FD00000000000000000000000000000000000D1
:104FE00000820082004100A120030008001000A1FF
:104FF0000000000000020000844001109100000247
:10500000010088001108C008400520020388A0A103
:1050100082040184012111020008000020200010F8
:105020000000002000400005008390000000C1083F
:10503000048010891180042090208200830984005C
:1050400084000000C000008004000300C080000055
:105050000121000900000000000000000000000025
:105060000000009000014188000120080000008439
:1050700000200801210010000801000002002000AB
:10508000000083002009C1002000089000004002B9
:105090002110040488000021800108040900410057
:1050A000098200002100008910409040001000207B
:1050B00084021010000010008004101021880520C8
:1050C000080020910402004000040040000000009D
:1050D0000040004000000000000000000000000050
:1050E000000000000010040410101004010900006A
:1050F0000000008000200010C000A0200020000060
:1051000091000000202183200200010005000041E1
:1051100008100000018004000020044010911000DD
:105120001000002100000000000400000200000048
:1051300000800521000000000002040000000000C3
:105140000880C00009040100000384000000100072
:10515000000000000000000000000004000000004B
:105160000000000000000004000400000300000034
:1051700000C141A0808300821000A1C090000900FE
:10518000102011820082000000020020008408002C
:105190000402050002C0C1058004881000C0100090
:1051A000008800A1210100000000C101888508409D
:1051B000040004002088028441C020210820080146
:1051C0001100090005000305200041A000882040CF
:1051D0000001020000000400000000880000000040
:1051E0000000000000000000408004030000844133
:1051F000020990028809042088040000021002219C
:1052000000050082000500000409040500408840F4
:1052100010000840082004032084208020008821FA
:10522000840000040040C040000000200220022052
:105230008420030001040000A041A0118390900588
:105240008204002040000002408401000020000091
:105250000180C02090001020C10084000000820066
:10526000000000000000000000000908000100012B
:1052700082000000009000000020080402020020CC
:1052800008200582028202882184090000402090C3
:1052900000102010419040002084100488048001F8
:1052A000829041008000884040880000218802A050
:1052B00010400284830800820320408504204001BE
:1052C00020201020002008000282000300A004918A
:1052D00020A021A04104009000050004000000046B
:1052E000004000040000000000000000100000204A
:1052F000040204210000000000000083408000053B
:105300000480001000110000000000000000008078
:105310009100000001000021C100010000802080F8
:1053200020042000040020020300400000000000D0
:1053300000004080000002008440820900200189B2
:105340000020008000800000000000000820000015
:105350000104050000000080C00000C004800000BF
:10536000000000000000000000001000000000002D
:10537000890040101100000000000000000000083B
:10538000804009100020C08980909011100903000E
:105390008200C1000800820389410441210580097F
:1053A00000028941400485852088041103800000A3
:1053B000A1200411000910418000092000C1202013
:1053C0008009004100100902110500090040080988
:1053D000831109028905004102C0A090044141C126
:1053E00000000000000000000000000000000000BD
:1053F00000000200010000000000000000000000AA
:10540000000002010801000005404005098205A0D6
:10541000C000A00002000100210183000001000083
:105420000800A000A00001000482A00900200108DB
:10543000000084010100C000000108900185C0093E
:10544000019110008401A000010000010001400151
:10545000010103008500100000010189418402055B
:105460000004000000000000000000000000000038
:105470000000C0008800020020A0820090020240CC
:105480000200902090C020102000080000000000C2
:1054900084004190840108100205050088400841FD
:1054A000830104400484A00202000801008400007B
:1054B000C0C0000010900288A02040C088044000B6
:1054C000050490902090040020402000059021A029
:1054D00002904000C0840800418410010400901034
:1054E00010A1821000000000000000000000000079
:1054F00000000000004000118000000900000000D2
:10550000800500000080008000A100409000100095
:1055100008008800910940108480214111004180D9
:105520009191830989808400008082108510030096
:105530000005118000000011A1800084000300829A
:1055400000002080412041009000028041419100F4
:105550001000030582000080C100A18541090911E6
:1055600010000521C1C10000000000000000000083
:1055700000000000000080000080090000000080A2
:105580000000008000800980408004804100050800
:1055900000C000084105002121A002210083022053
:1055A000008308A1910302092104400280840308BA
:1055B00080000091030800000982030409850905A1
:1055C0001088822000094040200041890010038596
:1055D000042040020282088900C005412009C1C19F
:1055E0000989002085C189400000000000000000FA
:1055F0000000000000000000828800C0002002902F
:1056000000080000008400880102002000040988CE
:105610000105A011048301890402004000C0900824
:10562000010900C001844105010400C101888240D4
:1056300000C01004820889A000000011010001844C
:10564000400120108801880102C001C00010001133
:10565000A1830001000500039102000901A001C11E
:10566000841000100082A1A0880500000000000046
:105670000000000000000000000002C0A084400004
:1056800002A001A001040000018800010102000045
:10569000000284119088080000880489A009A000F5
:1056A000A010018801210101000800C101050000CE
:1056B00000A084200802A0001000000083088400DD
:1056C0008400908204A11084900008880004018462
:1056D000010001210109000801000004008900C047
:1056E0000100002090040885890104A0000000004A
:1056F0000000000000000000000000008005001114
:1057000011000000034040000000200011080500C7
:1057100008004080808300908010008000200004FA
:1057200000200080038408110203110009200202F6
:10573000040404008300100591080000000088881C
:10574000412084004180004080000000008009204A
:1057500005041004400908A1048808040880418257
:105760004105020241808905094040108200000085
:105770000000000000000000000000000000120017
:10578000000BD00041000081000BD000000000841D
:10579000000BD00000000060000BD0008200000071
:1057A000000BD00000001100000BD000828200002E
:1057B000000BD00000501242000BD000005000003F
:1057C0000042000BD00042820000000BD00000001D
:1057D0000000000BD00000600050000BD000000063
:1057E0000000000BD0000A008200000BD000000077
:1057F00000000000000000000000000000000000A9
:105800000F0F0000FFFF0000001428000000000040
:1058100055FF555F0000000000000000FFFFFFFF84
:1058200000000000000000003C3C00FF8000000081
:105830003C0C3CFC0F0F033FFFFF0FFF00003C0040
:105840000000F0F070F03F3F3F2F0000000000002C
:1058500000003C3C303FFFF0FFFF66999966996677
:10586000669900010083080D0000000500AF1F1FAE
:105870001414000000000000000000000000000000
:1058800000000F0F000000000000000000000000FA
:10589000000014FF040F0000000000000000005F83
:1058A000005D000000008000000055550F0F000053
:1058B00040000000FFFF033F033FFFFF05FF000024
:1058C0003C280000000000003C3C3C280000000098
:1058D0000C0C000F3C3C303F0000000F99666699AD
:1058E0006699996600010083080D00003C3D3CBFAD
:1058F0000F3F003C0000000000000000000000001E
:10590000000000000000F0F00000AAAA0000000063
:10591000000000000000040700000000CA3AAAAA24
:10592000200000000000000020000000FFF03CAA62
:10593000FF0FBE82F330FF00F3F330300F005F0043
:105940004040F0F00000BC3C3C3CFAFAFAFAC100DE
:10595000C10000FFFF006699996666999966F75D38
:10596000A208BB11EE44151000000000F050EBFB44
:1059700028F82F283F3C0000000000000000000035
:105980000000000000000000F0F00000AAAA0000E3
:1059900000000000000000000707000000003ACAF5
:1059A000AAAA00000000000000000000000000F0B3
:1059B0003CAAF000BE82F0F0FF00FBFB10100000DC
:1059C00000000000000000003C3C3C3CFAFAFAFAFF
:1059D0008000800000FFFF009966669999666699CD
:1059E000FF55AA00EE44BB11151000000000A000F6
:1059F00000F000F02F280F00000000000000000061
:105A00000000000000000000A8865430A3820015AA
:105A10000886007C00900080008600EC00B000004A
:105A2000008600AC00900000A08650F0A0B8008571
:105A30000886047003990010008600F000B0000092
:105A40000086003C03B000000000008600EC00B0BF
:105A50000000A08600F000B00005018600F000B84C
:105A60000000008600FC00B80000008600F000B0D6
:105A70000000008600D0039000000000000000003D
:105A800000000000000000000000FFFF7F030FFF88
:105A90000CFF00000000003CC3FF000000000000FD
:105AA00000000FF0F00F66999966996666999966FD
:105AB00066990000000000000400000000009966E4
:105AC0006699F000D0009966669900002800DFFF13
:105AD000FFC3FFC3996666993C3CC3C30000000046
:105AE0000000003F00000000000FF0FF0000000079
:105AF0009966669999666699DD88772200000000AC
:105B0000000000000000000000000000FFFF7C001B
:105B10004DFF4DFF00000000003CC3FF00000000EF
:105B2000800000000FF0F00F9966669966999966FB
:105B30006699996600000000FFFFFFFB000000006F
:105B400066999966F000F000669999660000000079
:105B5000FFFFFFC3FFC3669999663C3CC3C30000C7
:105B600000003F00000000000000000FF0FF0000F8
:105B7000000066999966669999667722DD8800002B
:105B80000000000000000000000000000000000015
:105B900000005C0CFFFF00000000FFFFFF000000A2
:105BA0000000000000009966669941417D7D00007B
:105BB000000099666699000000000000FAFE0000EF
:105BC000000000000000FFFFFFFF3C3CC3C30000DB
:105BD00000000000000000009966669999666699C9
:105BE00000000000000000000000000099666699B7
:105BF0000000000099666699CFC03F30A55A3CC3AB
:105C00000000000000000000000000000000000094
:105C1000000000005C3CFFFF00000000FFFFE1E12E
:105C200000000000800000006699996655555555A2
:105C30000000000066999966000000000004FAFE6A
:105C40000000000080000000FFFEFFFA3C3CC3C3E0
:105C50000000000000000000040066999966669943
:105C600099660000000080000000000000006699B6
:105C700099660000000066999966FFF00F005AA52A
:105C80003CC3000000000000000000000000000015
:105C9000000000C000884002000000900490001046
:105CA0001190020005000200020004000000210023
:105CB0000300000000000208020000202100210073
:105CC0000340000000000300040003000000030084
:105CD000030000002100400021000000000000003F
:105CE0000000000041000000000000000000000073
:105CF0000000004000000000000000400000000024
:105D00000000000000000000000000000000000093
:105D100000000000880084008400000010000200E1
:105D200000000000000000008400020000000000ED
:105D300004000000000000000241024000090002CF
:105D400000000404824000400000000090000800B1
:105D500008000800000008400040024000008200E7
:105D6000900000000000000000000400000000009F
:105D700000000000000000000040040000000000DF
:105D80000000000000000000000000000000000013
:105D900000000000000000100084000008C0200087
:105DA00000000004000800A0000000000020000027
:105DB0000082000010C0000000C0000000000000D1
:105DC000410041000000000200000000000000004F
:105DD00009000000000000000000000000000000BA
:105DE00000004100410040000000000000000000F1
:105DF0000000000000000000000040004000408261
:105E00000000000000820000000000000000000010
:105E100000000000000000000020000882030005D0
:105E20000010001000200000000300090009041009
:105E3000000000098240002000210000001008102E
:105E4000000200098811200000110000000000116C
:105E50000000001100200000000000000000001100
:105E600000020000820000000005000000000000A9
:105E70000000000000000000000000000000000022
:105E80000000004000400000004000000000000052
:105E9000000000000000000000000282029000A04C
:105EA000000204001188400800000440109020887F
:105EB00020A00000008202000400004008821110AF
:105EC000091011000800004000880088020000004E
:105ED000030008000400102000000000090000007A
:105EE00000000000020002000000020000000000AC
:105EF000200020002000000020000000030011000E
:105F0000030000000900110041000500000000002E
:105F10000000000000000000000000000041000937
:105F2000C0050010002110050800402008100041A5
:105F3000A008020584000421081082080811C0028C
:105F400008200220A0201020A0050221C0208421CA
:105F5000020888411000900010004000000000215D
:105F600088119041900890091000100010108809C5
:105F7000C0001000A0090000000000001000900008
:105F800088200200C0210000000000000000000086
:105F900000210000000000000000000000000002DE
:105FA000040400400090000000A000000040100029
:105FB00009000000000400A01100000200004100E0
:105FC000000000402000030040900000000021007D
:105FD000000000400000000002A00000029000004D
:105FE0000000020000000000000020040002000485
:105FF0000500000000000582008800000900000084
:106000000004100000000000000000020002000078
:106010000000000000000000000000000000000080
:1060200090000805201120050008084000400002EB
:106030000021000008410021202000212000020052
:1060400000000000000000004000C0008409400083
:1060500000000011400000020811021100090000B8
:106060000000C02082004000000090114011400953
:106070002000002090000400000000020020020226
:10608000000210000220100020200002000000008A
:1060900000000040000400040000000000000000B8
:1060A00000000000000000400040000000000088E8
:1060B00000880800040002000000002000A00090FA
:1060C000100000000500000000100200000000A009
:1060D000000010000000100000000000000021403F
:1060E0000000000000000000000000080000001098
:1060F0000000000000000000000000000000200080
:10610000100020000000000000000000000000005F
:10611000000000000000000000000000000000007F
:10612000000000000211022088110011042000006C
:10613000041108004020C0210005000040001008A4
:106140008405A04008090211A003901100208404D6
:1061500000210010840010000000A0200211820025
:10616000022082090000A000081110201000200069
:10617000C003A021C000A000202090091000100042
:10618000A02084001000C02082210200A011A000E5
:10619000A0208403A0091000C0000000000000003F
:1061A000000000000000000000900088008800004F
:1061B000000008200000108200040888000400820B
:1061C0000310000010840002089003000000020089
:1061D00041000000000000000000009000080000E6
:1061E000000400000000000000000090000000001B
:1061F0001110000000000900000000001140000024
:1062000000080082000000080000000011000200E9
:1062100000000004000000880000000000000000F2
:106220000000009000000000000520041010104144
:1062300000090000002100210009000584008841B8
:1062400082410000200000000000A00310008441F3
:1062500000040040A0020403884088008800C009B0
:106260000041C000001110020000A0024000020026
:106270004000000000030008900000210021A00061
:1062800000210020C00400080400000000110200EA
:106290000800882000208840200200000000000044
:1062A00000000000000000000000000000000000EE
:1062B00000000000000000000000000000000000DE
:1062C00000000000000000000000000000000000CE
:1062D00000000000000000000000000000000000BE
:1062E00000000000000000000000000000000000AE
:1062F000000000000000000000000000000000009E
:10630000000000000000000000000000000000008D
:10631000000000000000000000000000000000007D
:10632000000000000000000000000000000000006D
:10633000000000000000000000000000000000005D
:10634000000000000000000000000000000000004D
:10635000000000000000000000000000000000003D
:10636000000000000000000000000000000000002D
:10637000000000000000000000000000000000001D
:10638000000000000000000000000000000000000D
:1063900000000000000000000000000000000000FD
:1063A00000000000000000000000000000000000ED
:1063B00000000000000000000000000000000000DD
:1063C00000000000000000000000000000000000CD
:1063D00000000000000000000000000000000000BD
:1063E00000000000000000000000000000000000AD
:1063F000000000000000000000000000000000009D
:10640000000000000000000000000000000000008C
:10641000000000000000000000000000000000007C
:10642000000000000000000000000000000000006C
:10643000000000000000000000000000000000005C
:10644000000000000000000000000000000000004C
:10645000000000000000000000000000000000003C
:10646000000000000000000000000000000000002C
:10647000000000000000000000000000000000001C
:10648000000000000000000000000000000000000C
:1064900000000000000000000000000000000000FC
:1064A00000000000000000000000000000000000EC
:1064B00000000000000000000000000000000000DC
:1064C00000000000000000000000000000000000CC
:1064D00000000000000000000000000000000000BC
:1064E00000000000000000000000000000000000AC
:1064F000000000000000000000000000000000009C
:10650000000000000000000000000000000000008B
:10651000000000000000000000000000000000007B
:10652000000000000000000000000000000000006B
:10653000000000000000000000000000000000005B
:10654000000000000000000000000000000000004B
:10655000000000000000000000000000000000003B
:10656000000000000000000000000000000000002B
:10657000000000000000000000000000000000001B
:10658000000000000000000000000000000000000B
:1065900000000000000000000000000000000000FB
:1065A00000000000000000000000000000000000EB
:1065B00000000000000000000000000000000000DB
:1065C00000000000000000000000000000000000CB
:1065D00000000000000000000000000000000000BB
:1065E00000000000000000000000000000000000AB
:1065F000000000000000000000000000000000009B
:10660000000000000000000000000000000000008A
:10661000000000000000000000000000000000007A
:10662000000000000000000000000000000000006A
:10663000000000000000000000000000000000005A
:10664000000000000000000000000000000000004A
:10665000000000000000000000000000000000003A
:10666000000000000000000000000000000000002A
:10667000000000000000000000000000000000001A
:10668000000000000000000000000000000000000A
:1066900000000000000000000000000000000000FA
:1066A00000000000000000000000000000000000EA
:1066B00000000000000000000000000000000000DA
:1066C00000000000000000000000000000000000CA
:1066D00000000000000000000000000000000000BA
:1066E00000000000000000000000000000000000AA
:1066F000000000000000000000000000000000009A
:106700000000000000000000000000000000000089
:106710000000000000000000000000000000000079
:106720000000000000000000000000000000000069
:106730000000000000000000000000000000000059
:106740000000000000000000000000000000000049
:106750000000000000000000000000000000000039
:106760000000000000000000000000000000000029
:106770000000000000000000000000000000000019
:106780000000000000000000000000000000000009
:1067900000000000000000000000000000000000F9
:1067A00000000000000000000000000000000000E9
:1067B00000000000000000000000000000000000D9
:1067C00000000000000000000000000000000000C9
:1067D00000000000000000000000000000000000B9
:1067E00000000000000000000000000000000000A9
:1067F0000000000000000000000000000000000099
:106800000000000000000000000000000000000088
:106810000000000000000000000000000000000078
:106820000000000000000000000000000000000068
:106830000000000000000000000000000000000058
:106840000000000000000000000000000000000048
:106850000000000000000000000000000000000038
:106860000000000000000000000000000000000028
:106870000000000000000000000000000000000018
:106880000000000000000000000000000000000008
:1068900000000000000000000000000000000000F8
:1068A00000000000000000000000000000000000E8
:1068B00000000000000000000000000000000000D8
:1068C0000000A00220414010C0A00840000040018C
:1068D0002120001000041100002004000900001015
:1068E000000004000800004004008000A0900005A3
:1068F000A0104100032184048089040004020000E8
:106900001020000003000000000820040000000028
:106910008000800100000000400000000000000036
:106920000000000000000000000000010040000026
:106930000010000000000000000000000000000047
:106940000000000041A1018201004121010000413D
:106950000120088000000080000000000440880042
:10696000A000004000000500900000052000050088
:1069700000C00540000000102080024000000080A0
:106980000002018000C000040002C080838000007B
:106990000400020020400000004000000040000011
:1069A000000000000004000000000000000800805B
:1069B0000000008000000000000000000000000057
:1069C0000000000000000091002000018001000094
:1069D000000000100040000000100004000000C093
:1069E00000000088000820C00000020080000010A5
:1069F00000880000001000080009000000090000E5
:106A0000000000000021000000000001801010893B
:106A100000000000028800010400000000010000E6
:106A200080010001000100010000000020040008B6
:106A3000000000020008000000000000000000004C
:106A4000000000000000000000200089002040201D
:106A500000000010000000409021002000100010F5
:106A60000400000900000441010000400110400042
:106A70000010000800400040002100040010004009
:106A8000C0008400000800880000000000041040DE
:106A900001040003000001000004000000000002E7
:106AA00000000420002000200020000000000183DE
:106AB0000080000000800080C00000000000000096
:106AC00000000000000000000000408800914089A4
:106AD00000050411042000820210000404100002CA
:106AE00084210921A1201184211000400008000305
:106AF0008210020100839140210080000200800189
:106B00008284000000000902108400000904A00231
:106B100080030540080011900000024000001000B2
:106B20001000020000001000004000C000A080081B
:106B300003C0830002402010032008200000000052
:106B40000000000000000000000000000100000440
:106B50000104000400200100042001100080002036
:106B6000080005A000A00880100000001009000027
:106B700088200305210400042004C0002000010037
:106B8000204021001000000000000100000090895A
:106B90002100200800000500000004001180000012
:106BA000820000000000000000000000C000C000E3
:106BB0004000000010000180008000800080000084
:106BC0000000000000000000000000000000400085
:106BD000401020A000A08000800400C090000300AE
:106BE000C140410080002101890183014102400030
:106BF00009010001000020042001040400050091A7
:106C00002085008520010000100203000388000099
:106C100021022002000820048582000020A010200C
:106C2000100041000802410041A010200520002072
:106C300000210000000010080000000100010021F8
:106C40000000000000000000000000000000000044
:106C5000010983040905822140004040C010401012
:106C6000C000401100004000100408024010C002A3
:106C70000808100284022000A000A1029004A004D1
:106C8000820201020002004000000080C04000209B
:106C90000000000020030091C0000800000004096B
:106CA000A0001000C000040200042000008000804A
:106CB000C08010200420000920800009000200107C
:106CC00000040000000000000000000000000000C0
:106CD0000000000380C120000089058803000088AF
:106CE0000940001000888390848408020400210079
:106CF0000411030388001001090800001188210213
:106D00000002850000000082840105001088000058
:106D1000100000001000210180012100000300008C
:106D20000200840040000400084011A04184028455
:106D30000084108405080800004003A0000004201F
:106D40000000000000000000000000000000000043
:106D50000000000000044004011190024000C00047
:106D60000800000900000000200821000180000048
:106D7000000001A010A00510C004000900000000E0
:106D80000080848020000000000021408803002152
:106D90000000010000000000C0042008C0009004B2
:106DA000000001000500C000A100830000000000F9
:106DB00000000000C000C020001100801000900002
:106DC000018000000000000000000000C000000082
:106DD00000000000000009041185031010002004C9
:106DE000020205404110208500884090000800C143
:106DF0000884202080200900850000000404900001
:106E0000000000002100204000820004A04041104A
:106E10004110091004100000A000119180401041A1
:106E20008000410000408004004009000220021060
:106E3000100000C0009000041004042000914101E3
:106E400080100001002180100000000400000000FC
:106E50000000000000000000C08410400404002175
:106E600005100900100884088402104111218400D3
:106E700084100141848040A100412000004109C1EB
:106E80004004001110051000010000000000400047
:106E90000000000500000100000005400020048003
:106EA00008A020200000002020001000C0040400E2
:106EB00020804000042120000000040304A00020E2
:106EC000002020800004000410800000000010005A
:106ED0000000000000000000000020030504000383
:106EE0000304009040801011008000034011001046
:106EF0000041008303C00080000000030000800008
:106F000000040003088485410011000341090021A9
:106F1000000500008000100000000000200041007B
:106F2000210021004141412180404121A1A0840351
:106F3000890908C191A1090341C011414000000025
:106F400080000400028091804180058000000000E4
:106F5000000000000000000000000000C10101016D
:106F600020004100000388A02184002000010000CF
:106F70000001000100830003080800040401000070
:106F800010000000908390850209000000010000BD
:106F9000000000000000C00001000000000004002C
:106FA00008008800000000000000020091018982B2
:106FB0009190408901C104040800024100A1010030
:106FC00000000800000000820304030200400000EB
:106FD00000000000000000000000000000000102AE
:106FE0000004012001000210900100208291090894
:106FF0002001A000C10108000000020083C1400878
:10700000020041820900400101000202858205015F
:10701000C0004002C19100000000004001000000DB
:1070200008C09000C1820301080083820305820129
:107030008801A09189208291080085C14120A0C1CA
:10704000200204004090C000820103010288829166
:107050000000000000000000000000000000000030
:10706000108002002104034180C11103408080414F
:1070700010000303030003108000000080008391D0
:1070800080800021C00083032140410809008391D2
:107090000810050989808308050003000400032106
:1070A00000008500822141000910210041000540B7
:1070B000A1090302408390C0A18311052003900918
:1070C00011038400A1008200210041032010C1802F
:1070D000A1A000000000000000000000000000006F
:1070E000000041051005000208030000910040C0A7
:1070F00000110011001002C00003808000800040D9
:1071000000838000040020C08083001180090221D8
:1071100000038003001111918083808000800000B3
:107120000000000080200485200500851008002054
:1071300005058240910800A08320C088898800113D
:10714000838209030004021021030005002000C10E
:10715000A1A08083000000000000000000000000EB
:107160000000000000000100000021014020028812
:10717000A0848820880000A1018400018210000200
:10718000000800830202000200054083A0C08802BC
:1071900001119041820200020004088320080008C7
:1071A0000082A09000008201010800A0C0820101BD
:1071B000000101C010A0830302C0910889838205E9
:1071C0000800A1A120A0000000000000020104A00E
:1071D000200808A0888200000000000000000000D5
:1071E0000000000000008920C0830200A00084008D
:1071F0000300040440020111002000000188830400
:1072000084010800001101010108000000020310C0
:1072100003C01100208821209108910885A0000456
:10722000000200010000000000400021000100A059
:107230000120018200010000820990010200C104C6
:107240000104C0004000A02000010010000000C0A8
:10725000828584040801C0040000000000000000D2
:107260000000000000000000038041A08303020032
:107270008804A0000000008003C105000300048012
:107280008300000985000083034021000000000006
:107290008380A000400083A003842100028021009D
:1072A00000000003002100000000008800200040D2
:1072B000000009000504000200008391410403401E
:1072C00009202100C1048304210000020080000481
:1072D00000008091000580400000000000000000D8
:1072E000000000000000000000008100000BD00042
:1072F00041500048000B040082000A00000BD0003F
:1073000042000048000B040011820000000BD00076
:1073100000000000000BD00000484100000BD0002E
:1073200021004188000BD000000000000000000B8D
:10733000D00042008241000BD00000000000000B92
:10734000000012424100000B000012420000000B3E
:10735000D00000000000000BD00011000000000071
:107360000000000000000000000000006F603F3FD0
:10737000CF0C7E7E00FFFF0000FFFF003333FF00D5
:107380003333FF000F0F0000FF000000FF0000007C
:10739000FF000000F00F3C3C3333FF003333FF00AD
:1073A000C33C0F0F000000000000000000000000C0
:1073B00000000000000066669999AA5555AA0000D1
:1073C00010000000040000000000000000000000A9
:1073D0000000FF20202000000000AA5555AA000050
:1073E00000000000000000000000000000006F60CE
:1073F0003030CF0C424200FFFF0000FFFF0033336C
:10740000FF003333FF000F0F0000FF000000FF00FC
:107410000000FF000000F00F3C3C3333FF0033332B
:10742000FF00C33C0F0F0000000000000000000040
:107430000000000008000000FF00FF0055AAAA5548
:1074400000000000000000000000000400000040F8
:1074500000000000FF6666660000000055AAAA55FD
:10746000000000000000000000000000000000001C
:10747000000000000000000000000000000000000C
:1074800000000000000000000000000000000000FC
:1074900000000000000000000000000000000000EC
:1074A00000000000000000000000000000000000DC
:1074B00000000000000000000000000000000000CC
:1074C00000000000000000000000000000000000BC
:1074D00000000000000000000000000000000000AC
:1074E000000000000000000000000000000000009C
:1074F0000000303F6F6FF0F03C3CF0F00F0FF00FEA
:10750000F00F00FFCCCC00FFCCCC000000FF00004F
:10751000666600003C3C000000FF00FFCCCC3C3C19
:10752000F00FF0F03CC33C3CF00F000000000406FC
:10753000030300000000000055AAAA55AA5555AA49
:1075400060F944DD000000000200000000000200BD
:107550000000000000000000C0F00000000000007B
:1075600000100909000000000000000000000000F9
:1075700000000000303F606000FF6666F0F00F0F13
:10758000F00FF00F00FFCCCC00FFCCCC000000FFD0
:107590000000666600003C3C000000FF00FFCCCC11
:1075A0003C3CF00FF0F03CC33C3CF00F000000000E
:1075B00000660303000000000000AA5555AA55AA62
:1075C000AA5560F960F90100000000000000000009
:1075D00000000000000400000000000000000000A7
:1075E0000000000009090000000000000000000089
:1075F000000000000000088604F003B20010C686F8
:1076000001F608B408401286217043940048C64130
:10761000019608044940A2C751F0A0B4494512861A
:1076200021B0409408481286217043940048008697
:10763000007C039000100000A08650F0A0B0000570
:107640000086007C03B000000600008000000800F7
:107650000086008003801000008600F000B00080EB
:10766000A00250B0A0000085000000000000000053
:10767000000000000000000000CF0000000000003B
:10768000FFFF830099666699000000000FFF0FFF5F
:10769000FF00F0F0000F0C0C00000000CC3333337F
:1076A000996666999966669900000000FCFC000CDA
:1076B00000000000FFFF5F7F000000000000FFF5FA
:1076C000F5F50000000000FFFF00F03CAAFFFF3CC2
:1076D0000F55CF00CF0000FF00AA000000000000FF
:1076E0000000AA3CAFAF3C3C0F0F000000000000C0
:1076F0000000000000000000000000CF00000000BB
:107700000000FFFFAF0066999966000000000FFFC0
:107710000FFF00000000000F0C0C00000000CC3335
:107720003333669999666699996600000001FCFCFE
:10773000000C00000000FFFF555500000000000095
:10774000FFF5FFFF0000000000FFFF00F03CAA0073
:10775000003C0F5580008000001400000000000075
:1077600000000000AA3CA0A0555500FF000000004A
:107770000000000000000000000000000000000009
:107780000000000014001400999933330000000039
:107790003C000000F0003C000055003C00000000F0
:1077A00099666699FA0AAAAA5541557D000000001B
:1077B00099666699000000000000000000000000CB
:1077C0000000414141FF00000000003C0F3FAA3C87
:1077D000AFAFCFCF14D70A0A8A8ABEBABEFF000065
:1077E00000009966669900100040FF0F3C550000AC
:1077F0000000000000000000000000000000000089
:107800000000000000001400F4F06666333300004E
:1078100000007C505050F0003C000055003C00003F
:10782000000066999966FA0AAAAA5541557D00009A
:10783000000066999966000000000000000000004A
:1078400000000000F1F1F1F100000000003C0F3FEA
:10785000AA3CA0A00C0C14D700000000BEBABEFFCA
:10786000000000006699996600000000000F3C557A
:107870000000000000000000000000000000000008
:10788000A0024010C090C004001000088004000452
:10789000802191018400C111000080C000201111DD
:1078A00000010000000002A0880104000000104058
:1078B0000000A1400000000000880000200000003F
:1078C000000000000000050000000400000000416E
:1078D0000000000000000000800000000000000028
:1078E0000000000000000000000000000000000098
:1078F0000000000000000000000000000000000088
:10790000000041A101002100218000000010108032
:1079100000804082400241004082002108008280B5
:1079200000A0001000000000010909100100000083
:10793000008000000280020900000000000000003A
:10794000000000C000000003000000000000004034
:1079500000200040000000000000080000000000BF
:107960000000000000000000000000040000000211
:107970000000000000000000000000000000000007
:107980000000000004880020802000200041000446
:10799000040100C0000100010020000000000010F0
:1079A00000000000808800000001000000010021AC
:1079B00000C10088400000020002009100000000A9
:1079C000008800C00000000000000000000080A04F
:1079D000808580108000000000040000000400008A
:1079E0000001000000000000000100000401000090
:1079F0000001000100010000000000000000000084
:107A00000000000000000100008040900000080419
:107A100000890104000000100010008000008800B0
:107A200000410000000008200020004000208220CB
:107A300000A00040000000410000000000400021C4
:107A400000030021042100000000000000110000DC
:107A500020002004200020000000008000000080A2
:107A600000000004002000000000000400000104E9
:107A700000000004000400200000000000000000DE
:107A8000000000000000000020A0200140000010C5
:107A900000201100000000908410840188008410F0
:107AA00080118484201000100011900100110282C6
:107AB00004210410022002A0000102041001002091
:107AC00002000084020003000000000000400000EB
:107AD00010000404040200040404000080019190DA
:107AE00080080004000010000004000205021003DA
:107AF0000002000000000200000000000000000082
:107B000000000000000000000000011089020103D5
:107B1000C041008000000000000909054120090063
:107B20004102081005000000840010900240080285
:107B30001141C190850201000100000411A102025F
:107B40000080C000C0030000100000000000000022
:107B50000200820001C11100008001908400082011
:107B600004000400A08000000008C0A084200020C1
:107B70008240000010000000010000000000000032
:107B800000000000000000000000000010000400E1
:107B90001100A000000000050000100540000800D2
:107BA000100010000200000010001000C000400093
:107BB00000004000040084000000000000000000FD
:107BC0000000000041000000000200000000110061
:107BD0000900110000C010200020042021008003B3
:107BE0009002800380000002000285020000000174
:107BF000000000010003000300000001000000007D
:107C00000000000000000000000000000000040967
:107C10009041100304031000002000048320110091
:107C200001000004A0009000A00000110000092144
:107C300011000000010403000502000040110000D3
:107C400000050011004100410010A021A02000000B
:107C50000000000988410000C08202800080880284
:107C6000200420212004200004400011200088006E
:107C70000004C00000040004000400000004000030
:107C800000000000000000000000000000000000F4
:107C9000408400C0809000098088100000204108C6
:107CA000004100084082004040010001C0A0C0889F
:107CB0004108000041414140C0A1C08440A00340B0
:107CC000C0028002800400054100000000C00000E6
:107CD000000000C00010000000A000001010008292
:107CE000051080850000800400088001A00180212B
:107CF0008901000005001082000000002000000043
:107D000080200000000000000000000000000000D3
:107D1000000004080000201004020410001008C134
:107D2000084100020821010502050102820241000A
:107D300041001000000010C0902105100521010035
:107D400040A140C040802083008490208400001027
:107D500084000000840000000000A000102100004A
:107D6000000310000410840008800000082009208F
:107D70000490041000009000002000009000850096
:107D8000C000020000000000000000000000000031
:107D90000000000020C0200220A010840902000082
:107DA0000210822100C011000000118210004088E2
:107DB00000A0C0900210410002C002880011028899
:107DC000400040820004400400821002400000C0D5
:107DD000008240040000000000000284090010003E
:107DE00010000400008500400084028409848200A1
:107DF000A040804080000088C082808240880000CF
:107E000080200020800000000090000000000000A2
:107E10000000000000004009020008030803A00061
:107E20000441000040028841000000000000000002
:107E30001100A00508000291C00088000800009011
:107E4000004001049100008001800000A084C04037
:107E500040009003000200000000000008008410B1
:107E600000000009880000208200880000004020F7
:107E7000201120002003200200002000200000002C
:107E80000040200000002000000000000000000072
:107E90000000000000000000830340210841204151
:107EA00040000000910040800083801105100041D7
:107EB0000003800882000041000300031108000055
:107EC0000083C01180080080800300028010200021
:107ED00000000000000000000000000000000000A2
:107EE0000000000021A1002141C188838009418355
:107EF00000808083802041031000000309100041AE
:107F00000000000300410003030000000000000027
:107F1000000000000000000000008905A1840005A9
:107F20000100009000080800000804830402028396
:107F300000A020019001210000008801A000830121
:107F40000000A00920840201008408010000400113
:107F50000100000000000000000000000000000020
:107F60000000000088001020A01101408983908546
:107F7000A00400048883908402A001040001010190
:107F800008010000000100000000000000000000E7
:107F90000000000000000000000000000800820255
:107FA000108901200801A10000200901C001020080
:107FB000080183828301408288888390A000890021
:107FC000040083211100C000C12083850501A000A9
:107FD000830191C0000000000000000000000000CC
:107FE00000000000000010002000000140200200FE
:107FF000A000890083918900402091008391400076
:10800000A00001000501C000004001004101000086
:108010000000000000000000000000000000C1009F
:10802000210041A0038000100810030090200020D0
:108030004100A0108380081041802080838040414F
:108040004100200083088211050020008385404004
:1080500000001010030000000000000000000000FD
:1080600000000000000000004000A1000041C1A18C
:1080700082200000A10083891002800021008389F2
:10808000850020002103830920004180210083090D
:1080900000000000000000000000000000000000E0
:1080A00005820021032103830003004082400083F6
:1080B00000410041048300830282002010838083FA
:1080C0000202004008110083030800C041820083BF
:1080D00002400080219000830000000000000000AA
:1080E000000000000000000000000808808820A1B7
:1080F00090C10280008282838083008000A01109E9
:10810000C08305050002091000830000004100093A
:10811000400300000000000000000000000000001C
:1081200000000020040082100089A090000005A03B
:10813000000800820403A04088830121008901A077
:10814000888301C100C001C000910183C002020503
:1081500002410083000800850009000000000000C3
:108160000000000000000000000000000189C021A4
:1081700083A121400104900490A08883000882C05C
:1081800091918983008800010101001100C0000065
:1081900000010101000000000000000000000000DC
:1081A0000000000011A088820500091010050040A1
:1081B000080002008202840002010490830589887D
:1081C000C0001090090290822100A1400120C0004F
:1081D0000401A182A1028540A001A040000000008E
:1081E000000000000000000000000000000089897D
:1081F0002183110140208301890890000840838970
:108200008890A10088A0018801200000004001881A
:108210000104000000A000000000000000000000B9
:108220000000000000000309A1204005900080909C
:10823000008080050000A010000005100000839160
:108240008400A000800003C1410082004180030936
:10825000C040200808828341408002400080000026
:10826000000000000000000000000000000000000E
:108270000808C1101021C1808911C000030380804B
:108280008391A0200200000003A1040003000080ED
:1082900003800480050000000000000000000000D2
:1082A00000000000000000000A00000BD0000600E3
:1082B0000088000BD00000000000000B00000060F0
:1082C0000000000B000042000000000B0000000056
:1082D0000000000B000041820000000BD0000000F5
:1082E000000000000000000000000000000000008E
:1082F00000001182000BD00000000000000BD00035
:1083000000000000000BD00000000000000BD000B7
:1083100000001200000BD000000000000000000070
:10832000000000000000000000000F55FF3C3F3F30
:10833000505F00000000000000000A0A5F5F0000BC
:10834000303F00000F0F0000033F00000CCF000083
:10835000033F00003C0F0000303F0055050500FFC3
:10836000003C0000000000000000000000000000D1
:108370000000000000000B030C0C0000FF0FF000D9
:10838000FFFFF0AAFFFF00F0FFFF0F00FFFFAFA00D
:10839000FFFFF330FFFFFF00FFFF0F0000000000B2
:1083A0000000000000000000000000000F55003C2D
:1083B0003030505F00000000800000000A0A5F5F5C
:1083C0000000303F000000FF0000033F00000CCF22
:1083D0000000033F00003C0F0000303F0055050542
:1083E0000000003C00000000000000000000000051
:1083F00000000000000000000B030C0C0C00FF0F3D
:10840000F000FFFFF0AAFFFFFFF0FFFFFFF0FFFF0C
:10841000AFA0FFFFF330FFFFF0F0FFFFFFF0000021
:108420000000000000000000000000000000F0FF5D
:108430003CAA3A3AFFF0000000000FFFFFFFFC0CDF
:108440000000FF000000FF000000FCC00000FF0073
:108450000000FC0C0000FF000000872D7D7DF0F087
:10846000F000FF003C0000000000000000000000E1
:108470000000000000000000828A828A0000282894
:1084800000F0FFFF00FFFFFF550FFFFF41EBFFFF75
:108490000F0FFFFFC0FCFCC055F0AAF0F303FC0C6B
:1084A00000000000000000000000000000000000CC
:1084B000F0003CAA3A3A0F0000000000FFFFFFFF67
:1084C000FC0C0000F0F000003C3C0000FCC0000090
:1084D000F0F00000FC0C0000F0F00000D27828283A
:1084E0000000F00000003C00000000000000000060
:1084F000000000000000000000000000000008086C
:1085000028280FFFFFFFC3C3FFFF550FFFFF41EBFD
:10851000FFFF00FFFFFFC0FCFCC055F0AAF0F30313
:10852000FC0C000000000000000000000000000043
:1085300000000886041001820010A086529CA080D2
:1085400000050240018000044940024301A00004EC
:108550004940024701E000B449400247018000B4AD
:108560004140088604F00092001000000000000066
:108570000000000000000000000000000086009CD9
:1085800003800000C040C09030004903C041C0904B
:1085900030004903C0C7C0F030904903C0C7C07065
:1085A00033905103000000000000000000000000B4
:1085B00000000000FF30FF000014FFFF3E3E343497
:1085C00014D700FFFF3CF0AA303F5F5F3F30AFAFF2
:1085D000D7D705F50200030300000004F330F330A1
:1085E0003FFF0FFF2000000033CCCC330000000021
:1085F0000000000000000000000000000000FCFC83
:10860000FFFF3C3C30007D28F5F5BEBE05AFEB28F2
:10861000AFAFFF550F3C0000000000003C3C0000E5
:108620000000C3C3C3C3000000000000000000003E
:10863000000000000000FF00FC0000007DFF3E3E47
:10864000343414D700FF003CF0AA303F50503F3084
:10865000A0A0141405F50000030300000000FB10A7
:10866000FB103CFF00FF0000000033CCCC330000C7
:1086700000000000000000000000000000000000FA
:10868000C0F0FFFF000000007D28A0A0141405AF7B
:10869000EB28A0A000550F3C0000000000003C3C6F
:1086A00000000000C3C3C3C30000000000000000BE
:1086B0000000000000000000FFA0FF000F1F0F1FC0
:1086C000FF3CFFFF3C3C0F0FF0FFAA3C303FF5F5AD
:1086D00000000000FF0F3C5500000000383D0F0F68
:1086E000FFFFD755FF2F002800000000996666990C
:1086F000000000000000000000000000000000007A
:108700000000FCF8FCF83C3C7575AFA03F3FD7D7A4
:108710000CCF3C3C3A3AFF553C0F00000000666627
:108720009999000000009696696900000000000019
:1087300000000000000000000000FF00FA000D0F24
:108740000D0FC30000000F0F0F0FF000AA3C303FC9
:10875000050500000000000F3C5500000000287DCA
:108760005F5F28AA0000000700280000000066994B
:1087700099660000000000000000000000000000FA
:1087800000000000FFFFFFFFFFFFFFFFAFA0303042
:1087900014140CCFFF003A3A00553C0F00000000C3
:1087A00099996666000000009696696900000000CD
:1087B00000000000000000000000000000000000B9
:1087C00000000000000000000000000000000000A9
:1087D0000000000000000000000000000000000099
:1087E0000000000000000000000000000000000089
:1087F0000000000000000000000000000000000079
:108800000000000000000000000000000000000068
:108810000000000000000000000000000000000058
:108820000000000000000000000000000000000048
:10883000000000000000000000000000000000A197
:1088400000208000202000000000002020080021DF
:10885000110140002004000000000500100000008D
:10886000000820100020210000000000800004000B
:1088700000000008800000004001400040010000AE
:108880000001001082000001200000000020000014
:10889000000000040004000000080000000080C187
:1088A00000000001000000010000000000000000C6
:1088B00000000000000000000000000000000000B8
:1088C00000200091200000C1000000000080000096
:1088D00090840004000002800000000000000000FE
:1088E000000000000100000000000021000902005B
:1088F00001000003840002000000000200000040AC
:1089000000C0001000800300004000000003008051
:1089100000000000408000C1000000800000000056
:1089200010400000000400000004000000000002ED
:108930000000000000000000000000000000000037
:1089400000000010800000848090802080012008BA
:1089500040200000200080010300800080202020B3
:1089600080208000000000004000402000202020E7
:10897000100000019121040100010001000000002D
:1089800000000040800040040000040000000000DF
:1089900000000500040000001010000000A000000E
:1089A00000000001000000000000000000010002C3
:1089B00000030000000000000000000000000000B4
:1089C000000000000000200000092002408040203C
:1089D000010000A00000010920200021401040A05B
:1089E00001902010400800000000010001C0008933
:1089F00001800000000404040504000400100000CD
:108A00000008001000004000018004020100400343
:108A100000000009000000000041002100210011B9
:108A200000000011004000000000000500000020D0
:108A300000000020000300000000004100000000D2
:108A40000000000000008002008204020040008458
:108A500000C00988050400400020208400410091E6
:108A600000400584112000840084002000080010CC
:108A700000100810821000020002800100080800A7
:108A80000084800080A000000084000000108001AD
:108A9000041000A100021000000400000000040205
:108AA00000002088000000400082210010C000A0CB
:108AB00000900000000000000040008800400040DE
:108AC000000000000000000004050005010800028D
:108AD0001000C002821104411010040003000020A5
:108AE00000200000820000080400002000001000A8
:108AF00084A10080010021A1008000800202020008
:108B00000111000002002000000000000000000031
:108B100004020100002000000100028000000000AB
:108B20008300000001080000008000000000000039
:108B30000000000000040000000000000000000031
:108B4000000000000000000000004084400110010F
:108B500080A108080000000000010204002108C1F3
:108B60000505090009000001210509C020020000D7
:108B70000900020000040400A0002100030010907E
:108B800008019100000000851100000080004000F5
:108B9000000484040000000204000510000300002B
:108BA00000080900800210891002100080400000B7
:108BB0000000000100000000000080200000000014
:108BC000000000000000000000000000110401404F
:108BD00020404040C0100810A009100400889020D8
:108BE000002000A0C0000008002004A000000180B8
:108BF0000000C021001090850000404100000010DE
:108C00000000400208050000822004000000082047
:108C1000002000A105C0000020800000841000108A
:108C2000000004000008040004020400000010001A
:108C3000000000000420400440004000200000002C
:108C40000000000084000000000000000000004060
:108C5000090040001040400009401000098804C08D
:108C6000002004101040090000200502004005C04B
:108C70000320410009200088110021200588000000
:108C800010000020041008200520008208200000A9
:108C900005000000414000001040000000200210CC
:108CA0000084C100000009210000400021080001EB
:108CB000008409C00040000000C000200000000047
:108CC00000400440004000400000000000000000A0
:108CD000908000080000C003401108218400082192
:108CE000000010000003A0000003000000000000CE
:108CF0000021008084009083C00000000003100069
:108D0000C000000008001100008000800000C0804A
:108D10000000000000000000000000000000000053
:108D200001000000040000000084000001000000B9
:108D3000C0088420000000800000000000800000C7
:108D4000840000000000000000000000000000009F
:108D500000000084088421031084008410C008A04F
:108D600002408800111003C021100884008409000B
:108D7000218420200940082008010405400020002B
:108D800000200588020000104104091000001010A6
:108D90001000000011000000020204A010004004B6
:108DA00021110020008202202000000010A00003FA
:108DB00000038400032000008085410200000000C1
:108DC00000904020000000000000000000000000B3
:108DD00000000000080010048820A000020002002B
:108DE0008408A0910400A000000000408408000056
:108DF0000000100800800000008000040002010054
:108E000001000080A0208400840002000000040013
:108E1000002188000000820300000400000390414C
:108E200000000004C085001100C08820C00091002F
:108E3000002000A00400000000001020844010006A
:108E4000C040C041C080000000000000000082005F
:108E5000000000002000038305C1400283C003031B
:108E600008030011400802020303C18241100203FB
:108E7000030380208320900309040002040889036F
:108E80004004000909100000000011000008000063
:108E90008000020000000000890302040502200493
:108EA00002000000030002000080200020000000FB
:108EB00011408000C100080391050940800811415C
:108EC00000000000000000000000000000000000A2
:108ED00000000000000000000211001008038210D2
:108EE0001001A001200008010101400083C0C11150
:108EF0001191C1C108014021820100010801A000B7
:108F000082010108080002000000080010000001B2
:108F10000000C0000800000000008201880100017C
:108F2000030000009000080000000002019011C042
:108F300000000001C000900001008801000108004D
:108F40000000A000000082000000000000000000FF
:108F50000000000000000000000010A08821032194
:108F6000090000040183014101000000830008089A
:108F7000C0C04100C1A19183090900400110010254
:108F8000010101400003000501002002210090C002
:108F9000080004020200020283000000880083042B
:108FA0008909830001900000012000000801900061
:108FB000082082C0052020000503050020842084AD
:108FC00091C0200000040100010200010000000027
:108FD000000000000000000000000000C005418308
:108FE00002900305038008C10383030900001000F9
:108FF00083088080880010C1038383C00980040433
:10900000029103400800042009A003040080082105
:1090100000000020A00091000980832100000200D0
:109020000484022083102000200020802000801073
:109030000004808080859180000088058341048041
:109040001100058441004000410005802109000015
:1090500000000000000000000000000000001040C0
:1090600009412020218303402104108303030000D1
:109070001020000200000911090811030383910860
:109080002004100208039104208402894083000018
:1090900004112100000000802080008000800080FA
:1090A000900200840902888300C020890040008566
:1090B000000080008280800000C020C000A010035B
:1090C000040840090004C004001104000000000866
:1090D0000000000000000000000000000000000090
:1090E00003080010C083A08905100041000903C1D6
:1090F00000C00809080100008488A00100050909D2
:1091000082010001000110018288004001024183B8
:10911000409001200040C000000400100084C00204
:10912000008082A000C1000311830021000400839D
:10913000A021A0908820A1844088004001410085A2
:109140000389000000010000090000000000000089
:10915000A00100000000000000000000000000006E
:109160000000C10484908910C00801880188002093
:1091700001000890081000010400C10001C0890826
:1091800003000182011101820100011000C090C0A2
:1091900001080040010800000088000100010001F2
:1091A00000A00080018201C001C000400088004191
:1091B0000000000084400482100008400100010803
:1091C0000101000400C00011000000040000004183
:1091D000000100000000000000000000000000008E
:1091E0000000000003004103208908C103000305BB
:1091F00011C0021091400388052000000300039174
:109200002040200403800408028440110300091157
:10921000080908210091080000000000002000114A
:1092200000100000008003890411020941090000B8
:1092300000080041000080830080000000800305DA
:1092400008801010008011051084110808800000AB
:10925000008800080000000000000000000000007E
:109260000000000000000000000BD0000A600600B3
:10927000000BD00042420000000BD0000081000033
:10928000000BD00082420000000BD0001250000002
:10929000000BD00012000000000BD00000000050B6
:1092A000000BD000000000001200000BD0001200E4
:1092B0000000000BD00000004100000BD000420075
:1092C0000000000BD00000000000000BD0000000E8
:1092D0000000000BD000000000000000000000C8EB
:1092E000000000000000000000000000000000007E
:1092F00000000000000000009F0F060F9F069F0661
:10930000000000000000000000000000000000005D
:1093100000000000000000000000FF0000000F0F30
:10932000000000000000000000000000000000003D
:10933000000000000000090009000000000000001B
:1093400000000060060080004000DF1C1C1C3C0F79
:109350003C0F000000003C3C00000000000000004A
:1093600000000000000000000000000000000000FD
:10937000000000000000000000009F0F060F0F0F0C
:109380000F0F0000000000000000000000000000BF
:10939000000000000000000000000000FF000000CE
:1093A0000F0F00000000000000000000000000009F
:1093B000000000000000000089000900000000001B
:1093C000000000000060060000000000C704040464
:1093D00066660000000000003C3C00000000000049
:1093E000008000000000000000000000C20804002F
:1093F00000108861C20804000010886100000000AD
:1094000000000000C208040000108861C2080400C7
:1094100000108861C208040000108861000000008C
:109420000000000000000000000000000000C20872
:10943000040000108861000000000000000000002F
:10944000000000000000000000000000000000001C
:10945000000000000000000000000000000000000C
:1094600000000840000000000000000000000000B4
:109470000000000000000000000000000000F03CC0
:10948000F0F0FFF6FFF60000000000000000000012
:1094900000000000000000000000000000003C3C54
:1094A0000000F0F000000000000042420000000058
:1094B000000000000000000000000000FFFFFFFFB0
:1094C000000000000000000000001818003C000030
:1094D000F0D0F0F43FFF1FFF000000000000F0D4C8
:1094E000000000000000000000000000000000007C
:1094F000000000000000000000000000000000006C
:10950000F03CF0F00090009000000000000000002F
:10951000000000000000000000000000000000004B
:109520003C3C0000F0F0000000000000424FF0FF63
:109530000000000000000000000000000000FEFF2E
:10954000FFFF0000000000000000000018180000ED
:109550003C009090F6F600C000E000000000000023
:10956000F0F000000000000000000000000000001B
:109570000000058604F000B20010008600F003B27F
:10958000001000860090008000000086009000829D
:109590000010058604F000B20010050004F000324F
:1095A0000010A88654F0A0B20015008600EC00B0B0
:1095B000001000000586047003B20010008600F061
:1095C00000B00080A08650B0A3900005058600F092
:1095D00000B900A0008600F000B00000008600F096
:1095E00000B00000000010100000000000000000AB
:1095F00000000000F328302800350F35000000007F
:109600003C0C3CCF3CFF3C007C7C7C7C3C3CF0F048
:1096100000FF00FF00000000000000000000F0F06C
:109620003C3C0FF000000000FFFFFFFF00000000C7
:109630000000FFAA0000000000008282000A000073
:109640000000FFFFFFFBFF99009988DD22770000F3
:10965000000000000000000000000000000000000A
:1096600000000000000000000000000000000000FA
:10967000000000000000F328302800350F350000FE
:109680000000000C00CF3C3C3C3C2C2C2C2C3C3CE7
:109690003C3C00FF3C3C00000000000000000000DB
:1096A000F0F03C3C0FF0000000007FFF7FFF000067
:1096B00000000000FFFE0000000000008282004960
:1096C0000000000000000004FF66006688DD2277CD
:1096D000000000000000008000000000000000000A
:1096E00000000000000000000000000000008000FA
:1096F0000000000000000000FCFCF000140C14CF7F
:1097000000000000000000007C7C7C7C00FFF0FF7B
:109710003CBE3C143C3C0CFC00000000000000007F
:109720000000FF005555000000000000FFFFFFFF94
:1097300000000000001055550000000000005D5DB5
:109740005D5D0000000000000000F0AAAAAA00056C
:1097500001FE00000000000000000000000000000A
:1097600000000000000000000000000000000000F9
:10977000000000000000000000000C0CF000140CC1
:1097800014CF00000000000000002C2C2C2C00FF47
:10979000000F3CBE3C143C3C0CFC000000000000F0
:1097A00000000000FF0055550000000000007FFF92
:1097B000FFFF0000000000000000000000000000AB
:1097C000FF5D5D5D0000000000000000AAAAAAAADB
:1097D000000000FF0000000080000000000000000A
:1097E00000800000000000000000000000000000F9
:1097F0000000000000000000000000002100001038
:10980000000821004000000800C000200000000106
:109810000001009000002000000000000000000097
:1098200020000008040000010000000100A1000564
:1098300000000020000100110021022100001101A0
:109840001101000100010000000000000000000103
:109850000001000100010001001180000001000072
:1098600000010000000100010001000200010002EF
:1098700000020002000200000000000000000000E2
:1098800004800000000000000000000000800000D4
:10989000000420041000000001000003000000008C
:1098A00000008300004000000004000000040002EB
:1098B000008282000080000200820082018200C0DB
:1098C0000002000200020002000000000000000090
:1098D0000002000200020002000200024004000236
:1098E00000000020000000200002000200800002B2
:1098F0000080008000800080000000000000000068
:109900002040200002050905A04000410040004021
:10991000000000A02000040000000400040004C0B7
:109920000021000800090020000100004001009013
:109930000001000000012100000000000300000001
:1099400000002100000000000900000000000000ED
:109950000000000000000000000000010000030003
:1099600000010000000000000000000000100020C6
:109970000020000000000000000000210021000184
:10998000002101900100018800882180008400806E
:109990000080002100000121014100100100012090
:1099A0000109008200000020009100100000010465
:1099B0000000002000000020002000200000000027
:1099C000000000000020001002090000001100004B
:1099D000000000000000000000000000002000095E
:1099E00000100020000000020002000000000080C3
:1099F000008000800000000000000005008200825E
:109A0000000200840084088208C083002110908432
:109A1000048200900010412000102004000000A0EB
:109A200000200082000284A1800800022002009031
:109A300080020900204000204040404004200410E3
:109A400004200590000000200009108400084084D4
:109A5000400040004084000000A000A00010001062
:109A6000804100020010400040004000040100104E
:109A70000004000000202000000000200020000161
:109A8000000500010001200000000211201000412B
:109A90000421012104091009000210118941A0418B
:109AA0008220000804400480112004200804910052
:109AB000000520080040010300C10109014101081F
:109AC0008310010884000000000000101000000056
:109AD000010085058505010000090003080000005C
:109AE00002000820901090211100110001000002D6
:109AF00000A00041004100840000000000800080C0
:109B000000020082000400048002200300000084A0
:109B10000001002000000040000100C00801000416
:109B2000802000C01090210000880000210000006B
:109B30008004000000000008200002000000000077
:109B4000000040A000A00000000000008000000114
:109B500080400000000000A0022100010020080059
:109B60000020208420002040204002000902020240
:109B70000002001000001121112000000000000070
:109B8000000000000000000100001091A088000506
:109B900000020020008000100000000400000240CD
:109BA00082A120840000840088000000001084103E
:109BB0000021088090000000820000008241A04146
:109BC00084000010A000000000030000000002005C
:109BD0000240040000000000000008A000200080F7
:109BE00000000080A00000050200008001000000CD
:109BF000830200000080000000A000800040000000
:109C00000000000000000000002000400500048863
:109C100000200402100400200805000400A003A096
:109C200040A00082008821400204000904110008BD
:109C30000400108804100088040005020040004061
:109C40000384004000020010008209100000008818
:109C50000010002002A000840000000000000000AE
:109C60000000000000020090804000904140800011
:109C70000000800000004100000441004104002079
:109C80000020000000000000000000000000102183
:109C90000109400309200000C0038884848940082A
:109CA000100300044000A000840510C1A00402209D
:109CB000009184098804040084118911880000003F
:109CC00000050003A005000004840010000000004F
:109CD0000421A0809082410010000000000090004C
:109CE0000000840000008410000008100000000044
:109CF00002412011021100200000000500000000B8
:109D00000080C08000000000000000000000000093
:109D100004C00040041011A1028841041090108278
:109D200000880241A18202001104110410040804F9
:109D300010C01085050004002010400440004104BC
:109D400020C00200000021000000000809C00040FF
:109D500000000200411010100290004011020302A6
:109D6000200200000040802000C0000000100820F9
:109D700088001040000000000020020041000000A8
:109D800000000200020002000200000000000000CB
:109D90000000090010800103824000030000000061
:109DA000880000000004020000100080008810807D
:109DB0000082004001080000850000808480C0000F
:109DC0000880880088000000821100041041000013
:109DD0008409000000000000820004201041C0003F
:109DE0000000000300000000028090000005000059
:109DF0000080020500000000000000008420000038
:109E00000000020000000000000000000000000050
:109E100000000000200009410980109000C00005EA
:109E2000210000400002A040020008080910004183
:109E300000100000020000000200080004200020C2
:109E40000804000000030020000000000003802040
:109E500080000000000080038410800000000003E8
:109E60000021210000000003002100000000800309
:109E70008021020000008003004182000000800376
:109E80000000890000000003002000000000111104
:109E900000090005090908C003C008040010008972
:109EA0000002418800010801C10189000001000091
:109EB00000008800000041C0008410A001080001DB
:109EC000C0004100000000010001900000000001FE
:109ED0001000A0000000000088011101A000000097
:109EE000000140000100000000010000A00000008F
:109EF0001001C0001100000008838488100400884D
:109F000008018400090000000201000110000000A7
:109F1000010100011000010110401040A18289A040
:109F20008804040488400889A00005100908C001BD
:109F300001400000001000000100C000A108400026
:109F400001001008A008820100A00000000201002A
:109F500000A001200004010100004003040040A013
:109F600083C1A00002000400110002100800880252
:109F7000890000900000008401002002882010A0C9
:109F80008940080082001088830000A00000018240
:109F9000010000A0018800A101010205419110000B
:109FA0000305008005808080840940004080A00077
:109FB0008040100010001088000020092000088058
:109FC00041001000000082848905000000400580E7
:109FD0000300000008000080030500000008830063
:109FE0000000838500008000800083418080850020
:109FF0000080030000000000000003020089000050
:10A000008500030080000000058083000000000040
:10A01000400003000000418005210309830811412D
:10A02000030909830010210500A0838380900000AC
:10A030000888204008020408400080110002000443
:10A0400009218003020200000204000880001000C1
:10A050000020000300002000082100830000008091
:10A060000200001080830000008040A180030000F7
:10A070000200032180030000020003A1808300800E
:10A08000808080C1800305800005008080830040BF
:10A090000200000080030202201109058203090466
:10A0A000880082090883009004048211200804407B
:10A0B000008401410109000101000000820000C18B
:10A0C000000101A184410189008400880041100041
:10A0D0000100000190010040018200009083000017
:10A0E0000090008800010483008200C000848891F1
:10A0F00000000100000040010004010800108283FC
:10A100000002C010C08402410090001000A08883AB
:10A11000000100000000C001010101010100400137
:10A12000050405400400028203880490840110881D
:10A1300001880140000500A0001000A000000100FF
:10A14000C0900821A00100000140011001000000A2
:10A1500000000002000000000100000000000000FC
:10A160000000010088000000004001210100000003
:10A1700000A0012101000000008201200100000078
:10A180000000038402108200C0A001010000000052
:10A19000008801000002010000000100010300002E
:10A1A00001000989100210100080208009020003BC
:10A1B00003004000028004880080408010080000F6
:10A1C0002000001000200041000003004004200097
:10A1D0004100000000000000050003000000000036
:10A1E0000000000003088300000000000383040057
:10A1F00000050000038804000000008003800400C4
:10A20000000500008384008000008000031100002E
:10A210000500008003000000400000000200111152
:10A22000050020000000000BD00041600000000B82
:10A23000D00000600000000BD00000000000000B08
:10A24000D00000410000000BD00000004100000BD6
:10A25000D00000000000000BD00000000000000B48
:10A260000000000000000000000B000000001200D1
:10A27000000B000021000000000B00000050000057
:10A28000000B000000500000000B00000000000068
:10A29000000B000000000000000B000000000000A8
:10A2A000000BD0000000000FF0FF3C3C555500FFB4
:10A2B00000FF3C3C0CFC0FFF0F0F3CFF3C3C283CDC
:10A2C0007D3C0808FDFD000000000000FFFF0808BD
:10A2D0000AFF41557D55C3C3C3C3FFFFFF00FFFF06
:10A2E0000000FFFFFF000000FFFFFF00FFFFFF0077
:10A2F000FFFFFF00FFFFFF00FFFFFF00FFFFFF006A
:10A30000FFFFFF00FFFFFF00FFFF0000FFFFFF0058
:10A31000FFFFF0F0FFFFF0F0FFFFF0F0FFFFC3C31F
:10A3200000400000005A003900FF00FF3C3C505F35
:10A3300000C33CFF3C3C0CFC0F000F0F3C003C3CBE
:10A34000283C7D3C0808FDFD000000000505003CA0
:10A35000080800F541557D55C3C3C3C3FFFFFF0087
:10A36000FFFFFFFFFFFFFF000000FFFFFF00FFFFF9
:10A37000FF00FFFFFF00FFFFFF00FFFFFF00FFFFE9
:10A38000FF00FFFFFF00FFFFFF00FFFFFFFFFFFFDA
:10A39000FF00FFFFF0F0FFFFF0F0FFFFF0F0FFFF26
:10A3A000C3C3000000000055003CEBAAEBAAAAAA18
:10A3B0003C3C3CBE3C14FFFF0A0AAABEAA82FC0C2D
:10A3C000FC0CFFFF0F00F078F07800000000DFFFCA
:10A3D000FFFFFFF00F00BEFF140000FFFFFF00FFB4
:10A3E000FFFF00FFFFFF0F0FFFFF000000FFFFFF59
:10A3F0000F0FFFFF00FFFFFF0000FFFF00FFFFFF49
:10A400000F0FFFFF00FFFFFF0000FFFF00FFFFFF38
:10A4100000FFFFFF0000FFFF00FFFFFF00FFFFFF47
:10A42000FF000000D020F0005A00550028AA28AAFA
:10A43000FA0A3C3C3CBE3C14F5F50000AABEAA82D8
:10A44000FF00FF00F0FF0000F078F078000000004F
:10A45000FFFFFFFFFFFF0000BEFF140000FFFFFF34
:10A4600000FFFFFF00FFFFFF0F0FFFFF000000FFD7
:10A47000FFFF0F0FFFFF00FFFFFFFFFFFFFF00FFCA
:10A48000FFFF0F0FFFFF00FFFFFFFFFFFFFF00FFBA
:10A49000FFFF00FFFFFFFFFFFFFF00FFFFFF00FFC9
:10A4A000FFFFFF000000F000F0005A005500A086FA
:10A4B00050F0A0B20015008600F000B00000008649
:10A4C00000F000900000008600F000B00000008660
:10A4D000008000820000050600F003A00000A2C674
:10A4E00051F000B4494002C701E000B44940000007
:10A4F00002C701E000B4494002C70160039449402B
:10A5000002C701E000B4494002C701E000B449407D
:10A5100002C701A000944940024701E0008449407D
:10A5200002C701E000B45140018600F000B2001003
:10A53000D7C355007D7D007DFF3CF0000C0C505FC3
:10A5400000000000555517550000000000000000F5
:10A55000AAAAFA0A551455D700000000000000000E
:10A560000000000000000000000000000C0CC0C053
:10A570000000FFFFFFFF0C0C30300000000006471A
:10A580000505000000000000000000000000380089
:10A590000C0CF3FBFBFB0004FBFF000000000004BD
:10A5A000F0000000000000000000000000000000BB
:10A5B0000000F7F3F5F00000007D003CF0000C0C0B
:10A5C000505F000000000F0F0F0F000000000000A0
:10A5D0000000AAAAFA0A551455D70000000000008E
:10A5E00000800000000000000000000000000000EB
:10A5F00000000000FFAAFFAA000000000000000009
:10A600000A5F0505000000000000000000000000D7
:10A6100000000C0C30101010000FF0FF00000000C4
:10A6200000040F0000000000000000000000000017
:10A6300000000000C3E8FFE8BAFFBABAF5AAF500C7
:10A64000000F353500000000003C550F00000000F1
:10A6500000000000FF3FC000FF0FFFFF00000000F0
:10A66000000F0F00000000000000000000000000CC
:10A6700000000000000000000000000000000000DA
:10A680000000FFFF341400000000282828280000E4
:10A69000000000000000BEF082F00CFC05F5000098
:10A6A00000002882184200000000000000000000A6
:10A6B00000000000000000283C2830FF3030A0AA35
:10A6C000A000000F353500000000003C550F0000D1
:10A6D000000000000000FF3FC000000000F000008C
:10A6E0000000000F0F00000000000000000000004C
:10A6F0000000000000000000000000000002020056
:10A700000000000000003414000000002C2C2C2855
:10A710000000000000000000BE0082000C0C0505D7
:10A720000000000014410C030000000000000000C5
:10A73000000000000000000080100000800084A0E5
:10A74000800020080009000000A000842084082068
:10A75000000100042100049100000000000000013D
:10A7600080000004202104052000110000000420C6
:10A770000000000000000000000000000040080190
:10A7800000000000000000000000000000010000C8
:10A7900000010000000000908000000000000000A8
:10A7A0000020000100000000000000000000000088
:10A7B0000000000000000000000020000000200059
:10A7C0002021201101000004002100000000C10030
:10A7D000218000100000000001200000000540055D
:10A7E00090402000008001A083A000000000000035
:10A7F0000080000000000000000000C00000000019
:10A800000008000000000000000000000000002020
:10A810000000002000000000000002000000000016
:10A820000000008000100000000000000000000098
:10A8300000000000000000000000000000210820CF
:10A84000002000110200000008102001008880880C
:10A850000005800300000000009000A00000200020
:10A860002010C0002000410080110820401000008E
:10A87000080180C000C000000004000100001100B9
:10A880000000000100000000000080000001000046
:10A890000090008200000020000000000000000086
:10A8A0000010000004000000000000040020000070
:10A8B0000000000000000000000000000000C09048
:10A8C0000180908000A001410020010001040010DF
:10A8D000040090A010900000000000000010002074
:10A8E00001000100210000000011042021A10185C8
:10A8F000000001200421000002410083A04000006C
:10A9000000000000C0080000000000000221000458
:10A910000003040020030400008000000000000089
:10A9200000000080A00001400011000000800080B5
:10A930000000000000000011000000000000000006
:10A940004140008421020400050005200002028924
:10A9500009880084049188020384000083840085B0
:10A9600004C0038809A00900050410202082881172
:10A970000090008884841090009100210001004123
:10A9800000000021412000400510000000000000F0
:10A9900010002000000085404110000080080008E1
:10A9A0000004000021010820000100000000000553
:10A9B0000000000000000000000000000000000097
:10A9C000000084000841A000914100048810C041AB
:10A9D0001020100010000120049000000008020860
:10A9E000002082210021A02100210080008585090E
:10A9F00009A000038400200000090020C0C000203E
:10AA000000A0000000820080000800030008000091
:10AA100000000000200000002000000000000200F4
:10AA200020000000000000100000002000000000D6
:10AA300000400000000000000000000000000000D6
:10AA40000000000000880800028511840340000017
:10AA5000000080A0000005040400C01110000300E5
:10AA600003A1100002020302000041C009C020A19E
:10AA70000501A00104008300002084010000000003
:10AA8000210000010000000220008000408500003D
:10AA9000000000004000000400040000000400006A
:10AAA0000000004000A000008000400400040004FA
:10AAB0000001000000010000000000000000000094
:10AAC00000000000000002030841A0108400000004
:10AAD00008210803201000200400011041A00004F8
:10AAE000880400080220008004800004C0050000E3
:10AAF00001200020052003100408109041040000EC
:10AB0000000010001040000000A1004020000420C0
:10AB10008811A00500050100008400A100058480C3
:10AB20000009000900A1A0000000080010820080B8
:10AB3000008000040000000400000000000000008D
:10AB400000000000000000000090200000A0414034
:10AB500000890020112000000082088841A08401A3
:10AB6000C108100005100500000000002140000091
:10AB7000110000000421A121418404841000001070
:10AB800000C0020004A021A100000040002003003A
:10AB90000010000000000200218810A02100020423
:10ABA000212000402000000411C0000400000088A3
:10ABB00009C000000000004000000000000000008C
:10ABC000000000000000000000001005090208411C
:10ABD000080500201080908400032000C041000080
:10ABE00009020809001000109011000040008421A3
:10ABF00010210000C00009A008A000000041900042
:10AC00000080001101000103002000008400C080CA
:10AC100000080000002100001000000420000000D7
:10AC20000100000000008911A080002100800000C8
:10AC3000002008200000A0000080A000000000000C
:10AC4000000000000000000000000000091008A043
:10AC5000029000A0000041402190000911000490E2
:10AC6000048808211100008483888501400180093F
:10AC700041058001208420904120001000C0830302
:10AC8000000041C0040000000004C10400000020D6
:10AC90000090202041200010118440840400020311
:10ACA00000900021000020C000200320022002208C
:10ACB00008040082042000000000000000010000E1
:10ACC00000000082000000000000000000000040C2
:10ACD0000800020300200003840000210840000057
:10ACE0000000010005A082000010101020020020CA
:10ACF000040482A040200000882000800090000012
:10AD000020900000002101098240008002800000A4
:10AD100000C100008880008000030200C021030001
:10AD20001140C000884000009104008000A1018013
:10AD3000000001800200858000000000000000206B
:10AD400000000000C0000000000000000000000043
:10AD50000003410980000084008300090011000005
:10AD600009030010802010000802091109000041A9
:10AD700008030340000803100002004080418908D6
:10AD80008303090400091041020300040302034184
:10AD90000000110000000000090000090008214126
:10ADA000002000030009404000800803C02110007B
:10ADB000090900030009004000110003800909008F
:10ADC000040400000000000000000000000000007B
:10ADD000000000010001C00000040283A0854008BB
:10ADE00000080001000110010000A1018500000021
:10ADF0000001400108004000030100000001A00024
:10AE000090011101000008000290C001900088002C
:10AE1000A1000000010000004000010000009001BE
:10AE2000890000010089102108110040A1010300E0
:10AE30004100000000010001100100008801020132
:10AE40008200000000000000000000000000000080
:10AE5000000000000005110000100101002000C0EA
:10AE60000088010000010000898800910000A00016
:10AE700004208200001000C0001101010101010046
:10AE8000880000900104A0020021010008118583C0
:10AE90000821110900000090010001900001040048
:10AEA0000488030010001000C10021011111890461
:10AEB0009000898289C1000000080101010182001F
:10AEC000A00041108301000000000000000000000D
:10AED0000000000000000040410000000309048061
:10AEE0000080000003114002400089804091000072
:10AEF00000000000801121004002082003401008DB
:10AF00004000800502842180111009A003040990EB
:10AF100020C1858383C000000900410005000909A4
:10AF20008000001110088421800941004008830935
:10AF3000100900002100830910000080214003094E
:10AF400008000000A180830900000000000000004C
:10AF5000000000000000000000C0090041090003DB
:10AF600000000302099100030440090202418585A3
:10AF700000820011098088880321040805038403E6
:10AF80000000000400410090C00341044009830315
:10AF9000828908A0048503030080000010110010BE
:10AFA00000034080008000000880118880404089B4
:10AFB00000030080048000A1C0830091004041098B
:10AFC000008311800082099080830000000000004F
:10AFD00000000000000000000000C00800000001A8
:10AFE000100100400005A1088811010101000001C5
:10AFF00089890009008401A0894141A00000000066
:10B000000801000000000000008911A000010100FB
:10B01000050104100089018409C10080C0000100FD
:10B02000000040010102002000A0400400091005BA
:10B03000408500910002001000048311A008000167
:10B0400000A10083009000C1010520050000000060
:10B05000000000000000000000000000018801C0A6
:10B0600000000000018800C0010000008200888507
:10B0700000018888009100900000004001880011C4
:10B08000004101008302890400008889011000C189
:10B0900091080000830411039089A09000800002B1
:10B0A00000000000000000080110010000108509E8
:10B0B00083A09001C00811210182020005C001880F
:10B0C000018300000000018901C0000000A0000011
:10B0D00000000000000000000000000000000380ED
:10B0E0000400040400000380090002110000800035
:10B0F00080C1000380800083000000000080030006
:10B10000088403902041C000880041418089038069
:10B11000092102902010030984834103C1000080AB
:10B120000080000900110000089004802100080040
:10B13000890240000002000083890480090904009C
:10B14000038004C00000000003A0040004041100F8
:10B1500000000000000000000000000000000000EF
:10B160002100000BD00000000000000BD000000008
:10B170002184000BD00000820600000BD0002100CB
:10B180000000000BD00042488100000BD0000000FE
:10B190000000000BD0000A500000000BD00012424B
:10B1A00000000081000BD00000000000000BD00068
:10B1B00000000000000BD00000000000000BD000D9
:10B1C00082882100000BD00082000000000BD0001C
:10B1D000000000000000000000000000000000006F
:10B1E00000000F0000003C0000000F0F00000F00E7
:10B1F00000000000000000000000000000003636E3
:10B200000000000000000000000066666F600F0F85
:10B210000F0F000000000000000000000000000010
:10B22000000000000000000000000066FF3CC300BA
:10B23000000000000099FF99C0CFFFFF03F3FFFF5C
:10B240009999FFFF0066FFFFC0CFFFFF303F3F30FF
:10B25000F0F0FFFF00000000000000000000000010
:10B26000000000000F0000003C000000FF00000094
:10B270000F0000000000000080008080000000003F
:10B2800036360000000000000000000066666F60B7
:10B29000FF0F000F00000000000000000000000091
:10B2A000000000000000000000000F090F6F2727BA
:10B2B0002727000000000099FF99C0CFFFFF03F38C
:10B2C000FFFF00FFFFFF99FFFFFFC0CFFFFF303FF1
:10B2D0003F3000FFFFFF0000000000000000000002
:10B2E000000000000000000000000000000000005E
:10B2F000000000000000000000000000000000004E
:10B30000000000000000C208040000108861000076
:10B31000000000000000C20804000010886140081E
:10B3200004000010082000000000000000000000E1
:10B33000000000000000000000000000000000000D
:10B3400000000000000000000000000000000000FD
:10B3500000000000000000000000000000000000ED
:10B3600000000000000000000000003C0000F0F0C1
:10B37000000000F000003C3C90F000FF2800002896
:10B38000240024660000000000000000000000000F
:10B3900030003FFF0C0CFCFC00000000000000002F
:10B3A0000000000000000000000000000000F0FFAE
:10B3B000D0FF6678FF78000000FFFFFFF000FFFF7E
:10B3C000000FFFFFDB18FFFFFF00FFFFF303FFFF8E
:10B3D000E781FFFF3C0000FF00FF000000000000CD
:10B3E000000000000000000000000000003C000021
:10B3F0000000000000F000000000F090FF0041009D
:10B40000004124002466000000000000000000004D
:10B41000000030003FFF0000FFFF000000000000C0
:10B42000000000000000000000000000000000001C
:10B43000F0FFF0FF00789978000000FFFFFFFF0F9A
:10B44000FFFFFF0FFFFFDB18FFFFC3C3FFFFF30387
:10B45000FFFFE781FFFFFFC33C3CC3C300000000C8
:10B46000000000000000000000000000C041C0F02B
:10B4700033304903C0C7C0F030B0430300820AAC88
:10B48000038000000086027003900005058604F02A
:10B4900000B20010008200B003800000050004F03C
:10B4A00000320010008600F000B0000000000086AE
:10B4B00000EC00B2000000860CF000900000C0C656
:10B4C000C0B030904903C0C7C0F030B04903C0C716
:10B4D000C0F033104903C0C7C0F0309051030000E2
:10B4E000000000000000000000000000000000005C
:10B4F000AAAA3C3C000000000000003CFF3CD7280A
:10B50000D7D7FFFF0000000000000FFF04F4000089
:10B510000000C3C3C3C3D728D7D7FFFF0000000074
:10B52000F0F03C3C000000000000000001000000C2
:10B53000000000000000000000000000FFFFFFFF0F
:10B54000F8F0D0F00004FBFFF0F028280000000025
:10B5500000000000003C3C0000000000C3C7C3F72F
:10B5600000000000000000000000000000000000DB
:10B570000000AAAA3C3C000000000000000F000FE1
:10B58000FF002828FFFF00000000000000F004F486
:10B59000000000003C3C3C3CFF002828FFFF00006E
:10B5A0000000F0F03C3C0000000000400000000003
:10B5B0000000000000000000000000000000080083
:10B5C0003C3CFFF000F00055AAFFF0F00000000046
:10B5D000000100000000003C3C00000000000005ED
:10B5E00000F5000000000000000000000000000066
:10B5F000000000003C3C0F0F00000000F0000000C5
:10B6000000000000000055AA55AA000000000FFF2E
:10B61000500000000000000000000000000055AADB
:10B6200055AA00003C3C0F0F000000000000FFFF87
:10B63000FFFF00000000000000000000000000000C
:10B640000A0A0A3AFCAC0CAC0A1E5F1E000000009D
:10B6500000000000000000000000000000000000EA
:10B66000005D5D5D000000000000000000000000C3
:10B670000000000000003C3C0F0F00003C3CF000CC
:10B68000000000000000000055AA55AA00000000BC
:10B690005FFF00000000000000000000000000004C
:10B6A00055AA55AA00003C3C0F0F00000000000006
:10B6B000FF7FFFFF0000000000000000000000000E
:10B6C00000000F0F0F3FF0A000A000145514000061
:10B6D00000008000000000000000000000000000EA
:10B6E000000000FF5DFF00000000000000000000FF
:10B6F0000000000000000010200000A00000040373
:10B700000000041004002000200220002008000097
:10B71000210000000008000000200020210040005F
:10B7200000001090210000000200800021C00020D5
:10B730000000002080200000000000008000202089
:10B74000041004018001800100400000000400009A
:10B7500000000000000000000000000000000008E1
:10B7600000000000000400000000000000000000D5
:10B77000000000000000000000800000A0000000A9
:10B7800001A000000100A100010001000100A100D2
:10B790000000001000009000000000800080000009
:10B7A0000100000001000000000000000400000093
:10B7B000008000000080108000C000000000040035
:10B7C00001800180010404400404008000000000A6
:10B7D0000000000000000000000000000000000069
:10B7E0000080000000000080000000000000000059
:10B7F0000000000000000000000040820000000186
:10B8000000400000000240010090001040828020B3
:10B8100040000800000800000010000100A1000026
:10B820000001000000000000800400000000000093
:10B8300000410000000400000000000000000000C3
:10B8400000C0000100000000210000000000000016
:10B8500000008204008200000008000000000000D8
:10B860000001002000010000004100010000000074
:10B8700000000000000000000000000000000003C5
:10B880000002009000200080000200210000012141
:10B8900040800110010400800003008000040004C7
:10B8A00000110004000300000021208004020000B9
:10B8B000042100C0000000900000000000000021F2
:10B8C0000011001000040400900004000400002196
:10B8D00000000000218000000009C00000000000FE
:10B8E00000030040008300100000008400400000BE
:10B8F000000000000000000000000000000008033D
:10B90000200290022102100008000882008908012C
:10B9100003020210008205200320100003A004008F
:10B9200010C003C00500000284010508000000A04B
:10B930000084800000840005024000020201000033
:10B94000008284040020841000C0000000008040B9
:10B95000000200A0800280901102008803A10084F0
:10B9600000C1800400200000101010200304000417
:10B9700000000000210000000000000005000000A1
:10B980004090C084041000850009000000000020E1
:10B9900000200008C008000000800480100088001B
:10B9A00001000200820002030083100800C1900021
:10B9B0000000C000200010000084011000000104FD
:10B9C00000000011209000002110000582000005F9
:10B9D0000280848982040200204082C1900900080C
:10B9E0000002000440800000100000800000008081
:10B9F00000880000000000000000000000000000BF
:10BA00000000084000401010000000A0800000105E
:10BA1000102180010000000010001001000190C101
:10BA200080010084098200910010092000004188F3
:10BA3000802000889000820080100500028880012C
:10BA40000040000000004104C10010040300000099
:10BA500000100000008400014100C1902184110009
:10BA60000400044100A000820020008200000008C1
:10BA700000010004000000000000000000000000C1
:10BA80000000000001900080840008008410042061
:10BA900000410002402000000011002000040010BE
:10BAA00008201020000002100004000000800000A8
:10BAB00000000280881004000309048000050000D3
:10BAC00002040080000000000080040000800010DC
:10BAD00000008200840000000020000040210000DF
:10BAE000000000000484000004000000C002000008
:10BAF0000080000400800000000000000000000042
:10BB00000000000000000290080800C0020002824D
:10BB100010201100020041081020108400C0008491
:10BB20000000108203050010808408000085114089
:10BB300009C002080990001083C10004080080C0F9
:10BB4000800380890021000009C0200084211004A6
:10BB500008004100104005110020100000C103053D
:10BB600041200002050005080000030083200305B2
:10BB700000000000000108040000000000000000B8
:10BB8000000000000000000010000010080010007D
:10BB9000840910C100000009900008800000022103
:10BBA00082414000104104880000200088200020CD
:10BBB00000000000C1801000840210088480000092
:10BBC00004002020040484A000000000050005A05B
:10BBD00010C14109001101058840008000050020C6
:10BBE000C0A0000500028405A02102200020200042
:10BBF000A0880008C00800040080000000000000C9
:10BC0000000000000000000000000840114020A0DB
:10BC1000008800C000400020000410880040004060
:10BC20008000008880048084094004840010031090
:10BC30002110108483009008850004000800024051
:10BC40000200008310000040008400000000088211
:10BC500000822010100000900210034000400220DB
:10BC600003040520418400080084802000000001B6
:10BC7000414082080088004000040000000000905D
:10BC80000300000000000000000000000110100090
:10BC90008400001000000000008000080000004147
:10BCA00000000400002010A020008200000000100E
:10BCB0009000000000000400048020030141000007
:10BCC00001800000004000008800004000000000EB
:10BCD00000000000012083030000820002A0000099
:10BCE000000000001000040000000008040800002C
:10BCF0000008008004A00000000000800000000098
:10BD00000000000000000000000000000000C183EF
:10BD1000C0042008C18209C10010104104030000C2
:10BD2000000040040080000000000000000000054A
:10BD30000008111008118800840009001100030098
:10BD400000002100200080008900040000000000A5
:10BD5000001180414140000811050840054041089C
:10BD6000A0400002001103104000800020000300EA
:10BD7000000000000000000040008000A10003005F
:10BD800000000000000000000000000000000000B3
:10BD900040101010C11085A0A01000058302010002
:10BDA00000008840889000100000000088000020FB
:10BDB000009000C1C001010290001100400000008D
:10BDC00001000000C1000000040209848802000094
:10BDD00000000000020100000000C00190011001FD
:10BDE000010008910088109001900000C0009000B0
:10BDF000000000000000000000000100C000400042
:10BE00000100000000000000000000000000000031
:10BE10000000400190848500820000A1110302828D
:10BE2000090088C18201904020410090010000106B
:10BE30000100010041880988080005A010001120B8
:10BE40000500C10484000910050940090101002012
:10BE500002880000890008C102A08201910285A029
:10BE6000A191820108A08510040389090000000047
:10BE7000000000000900890003008300C000830067
:10BE8000C1888200000000000000000000000000E7
:10BE900000000000C10309032109A14108C082A0DC
:10BEA0000583040200022003000000400000080394
:10BEB00000801000021188009003000008000800B4
:10BEC000080008000810C0000800101180092010A8
:10BED00020808891000002001189C080880911002B
:10BEE0004000C008A0054003051102882089090010
:10BEF000090040001141A0004021100083210900E9
:10BF000040002080892100000000000000000000A7
:10BF1000000000000000059020102102111088850B
:10BF200000412020C088000000200900000080009F
:10BF30001000020000000811808800100083000833
:10BF4000410800108003000204A040C000850000EA
:10BF50002180900000800000038000000080C180EC
:10BF60000289048820A01108051004200020889070
:10BF7000002100410040802100800000210000805D
:10BF80000082001002840005000000000000000094
:10BF90000000000000000000840900A183409021FF
:10BFA00002100001830309101000084040900008AF
:10BFB000108801000100080000C040410001000895
:10BFC0000000004000112009000100110085A011AF
:10BFD0002040001005A090100000019000A000A0DB
:10BFE000418801040002002004910001210020A0EA
:10BFF0000211000400A100A0048890900000000439
:10C000000088009000850088A00300000000000068
:10C010000000000000000000000010C10511040035
:10C0200004A010410240C100000090009010900058
:10C0300000000004008202010002C003410401016B
:10C0400002000002008300000008821004000801C2
:10C0500088C088820888820120000000000001104A
:10C060000001014000000040000001A040C010019C
:10C07000400002C0000000080000000000010005B0
:10C08000000000400020000000010000000000004F
:10C0900000000000000000000000000088410810BF
:10C0A0002008050082034141C002100000110080F9
:10C0B00004000000008000858008008009C088110D
:10C0C00010020000008900840020008080090040E8
:10C0D0008008000080808008000300000000200924
:10C0E000109100101000100508202008080008001A
:10C0F00089031104080000000091001000000003F3
:10C100000090000400800083000000210000000077
:10C1100000000000000000000000000000000A0015
:10C12000000B000081000000000B00000641000031
:10C13000000BD00006000000000BD0004200000001
:10C14000000BD00000000000000BD0004100008177
:10C15000000BD00042000000000BD0004160000046
:10C160000A50000BD00042000000000BD00000007D
:10C170000050000BD00011480000000BD000000060
:10C180000A00000BD00006000084000BD000006005
:10C19000000000000000000000000000000000009F
:10C1A0000FCC33F0151FEAE0FFF0AAC314EBD72839
:10C1B0000F0F00000F0F0000000000000000000043
:10C1C0000050FF5F303C3F3C00000000CFDF0F5FBE
:10C1D0000000000000FFF7FF00000000000000006A
:10C1E000000000000000000000000F410F7D053539
:10C1F0000F3F0737C7F700002000000000000000D5
:10C20000000000000000000000000000000000AA84
:10C21000F1FB000000000000000000000000000032
:10C2200000001B1B1B1B101AEFE5000F553C0CF305
:10C230000CF30F0F00000F0F0000000000000000C3
:10C240000000555555550000FFFF000000000F5F2E
:10C250000F5F0000000000FFFFFF00000000000073
:10C26000000000000000003C000000000041007DD4
:10C27000053500300434C4F4000000000000000064
:10C2800000000004000000000000000000000000AA
:10C2900000AA51FB000000000000000000000000A8
:10C2A0000000000014D7EB2843BC6B940757F8A894
:10C2B0004B4B55FF0000F0F00000F0F000000000D4
:10C2C000F0F000003FFF3000AFBFAFBF0000000044
:10C2D000BFAA80AA00000000FF45FF550000000033
:10C2E000FAAAAAAA0000C7D7FFFF5C1C3C3CFBEBE4
:10C2F00008283AAAAAAAFEF4AEA4F0F0F0BA000008
:10C300000000A0FFA000000000002C0C0B030000A8
:10C310000000FCF0FCF00000000000000000000045
:10C32000000000000000CFCF303057A87F80A7F773
:10C330005808B4B4AA000000F0F00000F0F00000CB
:10C340000000AAAA00003CFF3C00A080A0800000E2
:10C35000000080AA80AA00000000004500550000EF
:10C360000000500000000000FFFFFFFF3C3C3C3C91
:10C37000AAAAAAAA3C3CAAAA5E540E04F0F0BABA31
:10C3800000000000BCFF8000000000000C0C030354
:10C3900000000000FCF0FFFF0000000000000000B3
:10C3A00000000000000000000286016003A40840B5
:10C3B0000286018000840040A8865490A082001567
:10C3C000A00050F0A0300000008600900080000027
:10C3D000008600F000B90000008600EC00B000000C
:10C3E000A08650F0A0B0000500000086706C0380AD
:10C3F0000000008600F000B8000000860CEC00B8D9
:10C400000000008600F000980000A0865070A39005
:10C4100000A5008600EC00A0000000000000000065
:10C4200000000000000000000000C3C3C2C70E0EE1
:10C430000E4FAAF0AAAA41557D55FFF50A00AFAAF2
:10C44000FFFF0000F0F03C3C00003C3CAA3C010136
:10C45000FDFD00000000000F505F2000FFFF000006
:10C46000000AF7FFFFFFCFDFDFDF00000000000062
:10C470000020FF7F0000000000000000AEAEFF00C3
:10C480000000FF000000000000FF00FF00000000AF
:10C49000003CC3FF0000000000000000000000009E
:10C4A000000000000000000000000000C3C3C2C77D
:10C4B00000000041AAF0AAAA41557D55FF00FF00E7
:10C4C000000050550000F0F03C3C00003C3CAA3C11
:10C4D0000101FDFD00000000000F000F2000200002
:10C4E0000000000AFFFFFFFFFFFFDFDF000000008A
:10C4F00000000000A0A000000000000040000000BC
:10C50000FF000000FF000000000000040000000029
:10C510000000003CC3FF0000000000000008000015
:10C52000000000000000000000000000000000FF0C
:10C5300000FF00800505FF0FFF00F0FFFFFFACAA22
:10C54000ACAACFC3FFFF00003C3C555500003CBEE9
:10C550003C1400FF00FF0000000075BAFFFF000060
:10C560000000FFFFFFFFFFF0FFFFC3C3000000005C
:10C57000000000003C3C7D71000000000020FFFF37
:10C580000000000000053C3C00000000000000002E
:10C5900000000000F0F000000000000000C30C3CB0
:10C5A000000000000000000000000000000000008B
:10C5B00000FF03F300000505F000FF0000000F007E
:10C5C0003C3C3C3C0000303C00003C3C55550000ED
:10C5D0003CBE3C1400F00FFF0000000075BA75BAB5
:10C5E000000000007FFFFFFFFFFFFFFFC3C300004D
:10C5F00000000000000000007D7D00000000000041
:10C60000FF001000000000053C3C0000000000009E
:10C61000000000000000053105010000000000C31B
:10C620000C000000000000000000000000000000FE
:10C63000000000000002049000001100118409A015
:10C6400004A0090021040088000003000084408445
:10C65000000000000000200040000000000000007A
:10C6600000000490000041000900000000002000CC
:10C6700000000000000000000000000000000000BA
:10C680002100200000000000000000000000000069
:10C69000000000000000000000000000000000009A
:10C6A000000000000000000000000000000000008A
:10C6B0000000000000002000000004000000000056
:10C6C0000000000800000000000000000000000062
:10C6D0000400000000000000000000000004020050
:10C6E000000000000000000000000000000000004A
:10C6F00000000000008000000000000000000000BA
:10C700000000000000000000000084008400000021
:10C710000000000000000000000000000000000019
:10C720000009000000000000000000000000000000
:10C7300000000000000000000000000400000010E5
:10C74000008800000002000000000200000000005D
:10C75000000010000008000000000084000000023B
:10C76000000000020088000000000000000000003F
:10C7700000000000000000000000000000000000B9
:10C7800000000000000000000000000000000000A9
:10C790000000000000000082000000000000000017
:10C7A0000000000000000000000000000000000089
:10C7B0000000000000000000000300050004000865
:10C7C00000030000000800080000004100080441C8
:10C7D000000000000002000800210000000000200E
:10C7E000000800050000000988004000400000002B
:10C7F000A000000000000000000000000000000099
:10C80000000300000000A00500200000002100003F
:10C810000000000000000000000800000000000010
:10C820000000000000000000000000000000000008
:10C8300000000000000000000000088441A0030880
:10C8400000821020000010A0021041A0030003008D
:10C850001040000000A0008200880200000002409A
:10C8600000020090009000000010002010200090B6
:10C870004100100000000000000000000000000067
:10C880000000210000001100080000002100110834
:10C890000400020040000000000000001100002021
:10C8A0004100040002000000000000000000000041
:10C8B000000000000000000000000000020308115A
:10C8C00000080021004000218803880300110000B7
:10C8D000000300410000001184001021A02000008E
:10C8E000002140101021C0004021A0410003004160
:10C8F0008400000200000020002000100000000062
:10C900008408002084000041000082200800A0204C
:10C9100000400020082100200000A00008200000A6
:10C920000000840000000000000002000000000081
:10C9300000000000000000000000000000002100D6
:10C9400010900004000000040000034040040000B8
:10C95000410000000000000010820088000000007C
:10C9600000002088041000880020008200000000E1
:10C9700000100020000000000090004005000000B2
:10C980000000000000000004008800900040000249
:10C9900000020000034010000500000000900500A8
:10C9A0000000000000040000000000000000000083
:10C9B0000000000000000000000000000000000077
:10C9C0008241820320400408000900000200840024
:10C9D00000040020000400020211000904110008F4
:10C9E00000200400A00000200000A0118800002109
:10C9F0000041001000000000000090410000000015
:10CA0000000090208200100040000000900088008C
:10CA10008800000000088802000000098200100061
:10CA200000000000200090032040000000400000B3
:10CA300000000000000000000000000000000000F6
:10CA4000000000A009020088401000A000C004847B
:10CA500002020040004011400082000000000088F7
:10CA600000400000000004000040000000000088BA
:10CA700000000090000000400000002000001000B6
:10CA8000000200000020000000001000000005006F
:10CA90000000090000000084100000820000000077
:10CAA0000000000200000000000000000000000084
:10CAB0000000000000000000000000000000000076
:10CAC00000000000C008202000088400A0411010D1
:10CAD000080004C00003A02100051000000500119B
:10CAE000000800080220C020102000089003A009C0
:10CAF000100810409003000088400200902084003D
:10CB000088210021000040000005000800004008C6
:10CB100000030041C00904410805A01108020200F9
:10CB200040000011A003000000000000C000000051
:10CB300000008400C00000000000000000000000B1
:10CB400000000000000000100008008241C00082C8
:10CB5000008400C000C000C00002119000A000C00E
:10CB600000900000008400840084008400400000E5
:10CB70000000091000000082110000820204000081
:10CB80000200000002000000000040000040002001
:10CB90000000000000000000100000000004100071
:10CBA00000000000202000400000000009000000FC
:10CBB0000020000000000000000000000000000055
:10CBC00000000000000000008840A003202020009A
:10CBD0000809A0004000040010400003A000040267
:10CBE000000000000000000004088804200020412C
:10CBF000041182410000400000000000C00000005D
:10CC00000009000000000004000000030000100004
:10CC10000000000000048221000382200400402163
:10CC2000044000090000000888099021000000204D
:10CC3000A020C000000010001040A0000000200054
:10CC400000000000000000000000000003000041A0
:10CC50000000000000000000000000000000008054
:10CC600000000300030000000000000000000000BE
:10CC700000000000000000000000000000000000B4
:10CC800000000000000000000000000000000000A4
:10CC90000000000000000000000000000000000094
:10CCA0000000000000000000000000000000000084
:10CCB0000000000000000000000000000000000074
:10CCC0000000000000000000000000000000010063
:10CCD0000801000800000000000000000000000043
:10CCE00000820000010009000000000000000000B8
:10CCF0000000000000000000000000000000000034
:10CD00000000000000000000000000000000000023
:10CD10000000000000000000000000000000000013
:10CD20000000000000000000000000000000000003
:10CD300000000000000000000000000000000000F3
:10CD400000000000000000000000000000000000E3
:10CD500000000000C18800000000000000900000FA
:10CD6000000000000000001100010041010000006F
:10CD700000000000000000000000000000000000B3
:10CD800000000000000000000000000000000000A3
:10CD90000000000000000000000000000000000093
:10CDA0000000000000000000000000000000000083
:10CDB0000000000000000000000000000000000073
:10CDC0000000000000000000000000000000000063
:10CDD00000000003000041000000000000004100CE
:10CDE000000000000000000040900002000341002D
:10CDF0000000000000000000000000000000000033
:10CE00000000000000000000000000000000000022
:10CE10000000000000000000000000000000000012
:10CE20000000000000000000000000000000000002
:10CE300000000000000000000000000000000000F2
:10CE400000000000000000000000000000000000E2
:10CE5000000000000300000011400000000003007B
:10CE6000000000000000000000000040000008106A
:10CE700000000000000000000000000000000000B2
:10CE800000000000000000000000000000000000A2
:10CE90000000000000000000000000000000000092
:10CEA0000000000000000000000000000000000082
:10CEB0000000000000000000000000000000000072
:10CEC0000000000000000000000000000000000062
:10CED0000000000000000000000000C00000000092
:10CEE00001000000000000000000000000890000B8
:10CEF0000001000000000000000000000000000031
:10CF00000000000000000000000000000000000021
:10CF10000000000000000000000000000000000011
:10CF20000000000000000000000000000000000001
:10CF300000000000000000000000000000000000F1
:10CF400000000000000000000000000000000000E1
:10CF50000000000000000000018890C008090100E6
:10CF600000010000000000000000000000000001BF
:10CF700001010000000000000000000000000000AF
:10CF800000000000000000000000000000000000A1
:10CF90000000000000000000000000000000000091
:10CFA0000000000000000000000000000000000081
:10CFB0000000000000000000000000000000000071
:10CFC0000000000000000000000000000000000061
:10CFD0000000000000000000000008000080801039
:10CFE000020000030000000000000000000000003C
:10CFF0000903100200000000000000000000000013
:10D000000000000000000000000000000000000020
:10D010000000000000000000000000000000000010
:10D020000000000000000000000000000000000000
:10D0300000000000000000000000000000000000F0
:10D0400000000000000000000000000000000000E0
:10D0500000000000000000000000000000000000D0
:10D0600012002148000BD000124200000000000016
:10D07000000000000000000012420000000000005C
:10D0800000000000000000000000000000000000A0
:10D090000000000000000000000000000000000090
:10D0A0000000000000000000000000000000000080
:10D0B0000000000000000000000000000000000070
:10D0C0000000000000000000000000000000000060
:10D0D0000000000000000000000000000000000050
:10D0E0000000000000000000000000000000000040
:10D0F0000000000000000000000000000000000030
:10D10000000000000000000000000000000000001F
:10D11000000000000000000000000000000000000F
:10D1200000000000000000000000000000000000FF
:10D1300000000000000000000000000000000000EF
:10D1400000000000000000000000000000000000DF
:10D1500000000000000000000000000000000000CF
:10D1600000000000000000000000000000000000BF
:10D1700000000000000000000000000000000000AF
:10D18000000000000000000000000000000000009F
:10D19000000000000000000000000000000000008F
:10D1A000000000000000000000000000000000007F
:10D1B000000000000000000000000000000000006F
:10D1C000000000000000000000000000000000005F
:10D1D000000000000000000000000000000000004F
:10D1E000AEDE0000000000000000000000000000B3
:10D1F000000000000000000000000000000002002D
:10D20000000000000000000000000000000000001E
:10D21000000000000000000000000000000000000E
:10D2200000000000000000000000000000000000FE
:10D2300000000000000000000000000000000000EE
:10D2400000000000000000000000000000000000DE
:10D2500000000000000000000000000000000000CE
:10D2600000001660C002000000000000408C0100B9
:10D2700000000000000000000000000000000000AE
:10D28000000000000000000000000000000000009E
:10D29000000000000000000000000000000000008E
:10D2A000000000000000000000000000000000007E
:10D2B000000000000000000000000000000000006E
:10D2C000000000000000000000000000000000005E
:10D2D000000000000000000000000000000000004E
:10D2E0000000000000840400000000204002000054
:10D2F0002100004004000000041020010004080088
:10D30000000000000400C0840400900104900000AC
:10D310000400040004008000040004000000110167
:10D3200000000000000009100400000004000000DC
:10D33000001000C0000000000000000000200000FD
:10D3400000000000800000000000008400000000D9
:10D35000002100000021000000000000000000008B
:10D36000000000000000A0009000C00000800184C8
:10D370000000000000000100000005110104008011
:10D38000010000000000010041000100410801000F
:10D390000000010001000000020000000000000089
:10D3A00000100000000000C00000000000000000AD
:10D3B000000000800000000000000000000000806D
:10D3C0000000000000000200000300000000000058
:10D3D000000000A0000000A000000000000000000D
:10D3E00000000000000000000408002000A104006C
:10D3F0008010800200A10004000000100000000066
:10D400000002001000A1002000828001000880912D
:10D410000000800080020005000080010000004044
:10D4200000000000000000000000000400040002F2
:10D430000002002000000485000000000000000041
:10D4400000000000000000200000000000000000BC
:10D45000000000110020002000210000000000005A
:10D460000000000000000000000001020082002017
:10D470000110040040C1004000000000000800004E
:10D48000000200910080002000880021404000C17F
:10D490000408001004052000008800002010000887
:10D4A00000800021000000100000000000800080CB
:10D4B000008000800090000001200000000000219A
:10D4C00000000000000000000088000000030000D1
:10D4D000000000000090008000800082000000003A
:10D4E0000000000000000000000000002120049067
:10D4F000412041A005A0001080A005A084A141C149
:10D5000011C121038011001180050083009090005B
:10D5100000009008000004034140400002884104DC
:10D520002184008500400004000480040000000401
:10D5300000040004040480100420A1000000008204
:10D540000400840011000000040021008400040095
:10D5500004A0044041C000000000040100200000BD
:10D560000000000000000000000000000000108526
:10D570000900008800000000820504050041210424
:10D58000000400200020400200A0048200020005E8
:10D59000400000110388000000A0001101090100F3
:10D5A0000080000000400000008000910480000026
:10D5B00000800080008001800800008002000000E0
:10D5C000000001000200A021000001410000200035
:10D5D0000100010001800000900000000120008097
:10D5E000000000000000000000000000000000003B
:10D5F0000400200000000003000000000000800084
:10D600000300890020000000A01084112021840163
:10D610000300090000000000830003A0090020208F
:10D620000000410002050401110300010001030193
:10D630000000200100011004000020002000100460
:10D640009011100080000001020100011000020092
:10D6500020000300000100000000000000010001A4
:10D66000800000000000000000000000000000003A
:10D67000000000102108001084200020021100008A
:10D6800004100009040901090000419021A005A02F
:10D690004110000082002000000004000000100083
:10D6A00005A1000500100084040482849004400257
:10D6B000C0020000400210022080400801098900D9
:10D6C0009080202000410200002005400020004101
:10D6D0000000000500411040000000040000002090
:10D6E00000200420000000000000000000000000F6
:10D6F0000000000000000400A011108408C004080D
:10D7000003A110850082101105C0108408040404D0
:10D7100040000082410003884100038800408000EF
:10D7200084100440050008902089004009C000844E
:10D730002101004000001000000010000904100842
:10D740000400040804010000200010040388000005
:10D7500003040000028441C02000000490A00002E5
:10D760000002000400200000000000000000000093
:10D770000000000000000005010505200000000079
:10D78000010000040404000588200000000005805A
:10D7900001808510000000000000000088000000EB
:10D7A00002080440840000000109014084110000C7
:10D7B0000000004088000000000000000000008021
:10D7C0008400010000000040900001000080020879
:10D7D000000000800000010500000100008004003E
:10D7E0000080008000800080000000000000000039
:10D7F00000000000000000004040409009884011F7
:10D80000008200400291088400C000104090008215
:10D81000C0102003A0038802000021410008050079
:10D8200010A0088200C002008005800483C0A0020E
:10D8300000850001000100040000080000900000C5
:10D840000400081000000282030000C10300000071
:10D850001000000420002002052010C010C002C0EB
:10D86000000000018005000180050000009000001C
:10D870000090000000000000000089000510080270
:10D88000A104401100A10040000810210010020076
:10D8900088402180111041040500002084A00085EB
:10D8A0000400002000050005C105208240C14000A1
:10D8B0004120C00410020004048400000100102074
:10D8C000C021C02001C082030220A040C02000006F
:10D8D00084008400C084C000214004850041100001
:10D8E00000000000901004A0202004C000000000F0
:10D8F000000000000000000000000000030303021D
:10D9000091089040C1030203801090200300100989
:10D9100011C140411103890821410811400320022F
:10D920009004401140050020881002400003890047
:10D9300000090080000380000200090000000003CD
:10D9400080400200000080032009910000000003D5
:10D950008009050000098003080920000009000370
:10D960000020000000008203828410822110000049
:10D970000000000000000000000000000000831113
:10D98000100582040308110100012001410001007B
:10D990000108204001A101019101C1010100010024
:10D9A0000100A10000000100020110010001008936
:10D9B00090400040001000019000000000000000B6
:10D9C000900140010100000088012001A00000003A
:10D9D000A0018201C00000000201850104000000D6
:10D9E00000010001C000A00083050809A011031177
:10D9F0000000000000000000000000000000000027
:10DA0000C100A1080483050809044083112189008D
:10DA100008000100400008080401050888058290FC
:10DA2000A0051009884011C0412190400220A008A3
:10DA3000100040008800C1080400880008000500AC
:10DA400000008200400890888300090201842008B9
:10DA5000830020030588834085890140000001C1BF
:10DA600001010221218803202189100105410502BD
:10DA70008300000000000000000000000000000023
:10DA800000001009020208900385900520C183035D
:10DA90000320000040008041898000021080C011F6
:10DAA000918908A0A19005A083881103001100901E
:10DAB0000910802100000000830000008400800025
:10DAC00003000000090000800000830090000800AF
:10DAD000808083088088880021808389100000006E
:10DAE00021C0030989888800A1808389892084A1B5
:10DAF0000205830500000000000000000000000097
:10DB0000000000008820000890080803A1102003EE
:10DB1000200383030000000010C1098902880091DE
:10DB2000088985830810024021A088204082414056
:10DB300004C0084000408000000000830400008012
:10DB400000000083008000000080054000831090EA
:10DB50004111210940830888418202098083109085
:10DB6000108202898003080820410009C003C1898E
:10DB70008004094104830000000000000000000050
:10DB800000000000000011A0101008050805400169
:10DB9000010001012101000004C0004090080108BB
:10DBA000009100A18983014101A00085051100A019
:10DBB00000C000029088009110A082000083002025
:10DBC0000020000000830080008200020191008993
:10DBD00001090082002103830105000300410403C1
:10DBE000012101030005822101010000000105015E
:10DBF000831088848210008900000000000000006B
:10DC00000000000000000000C100908905A0C102D2
:10DC10000988058503040210000108034000C000C4
:10DC2000838988C0050185840941080141000803F2
:10DC30001089088440010802888840200400009070
:10DC400001010008010000A000800102000800009E
:10DC5000008801890109000000A0918885088800DA
:10DC6000C140018801A00000000089880508A0408B
:10DC7000C0028590A0C000C188080000000000001C
:10DC80000000000000000000000003090841082116
:10DC900008108308030810912004000220C1894164
:10DCA0001100839189110210858008C003110203BD
:10DCB0009120041003098505880000918000091156
:10DCC00000000340000020000000008003000080EE
:10DCD0000000000010830440000000000383048063
:10DCE00000102080038004000002400083838480B1
:10DCF00004800080838321024120C1820000000053
:10DD00000000000000000000000000000A00000BFE
:10DD1000D00021420000000BD0000A420000000B9E
:10DD2000D00042000660000BD00000000050000B45
:10DD3000D00000000000000BD00006000A50000BCD
:10DD4000D00000001242000BD000000000000A8149
:10DD5000000BD00000000000000BD00041000000CC
:10DD6000000BD00042000000000BD0000048000073
:10DD7000000BD00000001200000BD00012000000C9
:10DD80000000000000000000000000000000000093
:10DD900000000000000000000000000000007C1CEB
:10DDA0007C1CFFFF66FF3F037E7EFF0F6C6C7E7E58
:10DDB000CF0C09FF3DFF7E7E4242F0F6FCFE0F0FC6
:10DDC0000F0F3C3C00000F0F0000FFFF00000000A1
:10DDD000FFFF0000FF00000000FF0000C0FCFFFF8D
:10DDE00000FFFFFFC0FCFFFF81BDFFFFC0FCFFFF86
:10DDF00000FFFF00C0FCFFFF00000000000000006B
:10DE00000000000000000000000000000000000012
:10DE10000000000000000000000000000000000002
:10DE20007C1C7C1C000066003F034242F0006C6CCE
:10DE30004242CF0C09093D3D3F033F0300663C7E53
:10DE40000F0F0F0F3C3C00000F0F00000000000000
:10DE5000000000000000FF00000000FFFFFFC0FC0A
:10DE6000FFFFC3C3FFFFC0FCFFFF81BDFFFFC0FC7E
:10DE7000FFFF0F0F0F0FC0FCFFFF000000000000AE
:10DE80000000000000000000000000000000000092
:10DE90000000C208040000108861C20804000010DD
:10DEA0008861000000000000000000000000000089
:10DEB0000000000000000000000000000000000062
:10DEC0000000000000000000000000000000000052
:10DED0000000000000000000000000000000000042
:10DEE0000000000000000000000000000000000032
:10DEF000000000000000000000000000C208040054
:10DF00000010886100000000000000000000000018
:10DF10000000000000000000000000000000000001
:10DF200000000000107F107F6666F0F066FFB4B45A
:10DF3000FFFFFFFF003CC3FFFF4FBD0D24BD24BD0D
:10DF4000FFFFFFFF0000F0F00000FFFF0000FFFFF9
:10DF50000000F0F00000000000FFFFFFC3C3FFFF60
:10DF6000FF00FFFF8D8DFFFFFF00FFFFF000FFFFB1
:10DF7000FF00FFFF3C00FFFF99990CFC03F300003A
:10DF80000000000000000000000000000000000091
:10DF90000000000000000000000000000000000081
:10DFA000000000000000107F107FF0F0F0F00099FA
:10DFB000B4B4F6FFFFFF72727272FFF2BDB09090C0
:10DFC000F6F67E7EFFFF0000F0F00000000000008B
:10DFD00000000000F0F00000000000FFFFFFC3C3DE
:10DFE000FFFF9999FFFF8D8DFFFFC3C3FFFFFF0F59
:10DFF000FFFFC3C3FFFFFFC3FFFFFF000CFC03F3E2
:10E000000000000000000000000000000000000010
:10E0100000000000000000000586041003820010CC
:10E02000008600F000B20010008600900080000022
:10E03000080204BC0302008000860CEC00B0001053
:10E0400000860CF0A0B80085C2C6C17C33344943B9
:10E05000C2C7C17C331449430000C2C7C17C33949A
:10E060004143C0C6C0F030B04903C0C7C0F030B0B3
:10E070004903C0C7C0F030B04903C0C7C0F030B0DA
:10E080005103050604300382001000000000000068
:10E0900000000000000000000000FF3CFF303C7D5D
:10E0A000FDFD42020000000000003C3C3C3C0F55DE
:10E0B0000F0FF330EBEBF5F50CFCD3D350507EFF94
:10E0C000DBFFCCEEFFFFFFD3FF50F0F0F0F0CFCF3F
:10E0D000FCFC00000000AAAA505000000000000054
:10E0E0000400040000000000000CC3DF000000007A
:10E0F000000000000000000000000400000000011B
:10E1000000000000FFFF82001414FFF00000000078
:10E11000000000000000000000000000FFBCFFA0A5
:10E120003C7D3D7D4202000000000000FC0CFC0C28
:10E130000F550F0FF330282805050CFCFFD3FF50B7
:10E140007EFFDBFFCCEECCEED3FF50FFAA00000039
:10E150000F0FFFFF00000000303000000000000043
:10E1600000000400FFFA000000000000EBFF0000C8
:10E17000000100000080000000000000000000001E
:10E18000000000000000FFFF82001414FFFF0000E9
:10E190000000000000000000000000000000FFFE82
:10E1A000FFF03C7DFDFD00000000FFFFFFEF7C2C39
:10E1B0007C2CFF3CFFFF00000000BEBE05AF00004E
:10E1C0000000FFFF5ADB0000000050D350D30000D6
:10E1D00022114010010400000000008800440000EB
:10E1E0000000000004FF040400000000003C0014D4
:10E1F00000000000001C000C0000000000000000F7
:10E2000000000000000000000AAA8AAA2C0CAF0F30
:10E2100000000000000000000000000000000000FE
:10E22000FF14FF003C7D3D7D00000000FFFFFFFF6D
:10E230007C2C7C2C003C000000000000141405AF76
:10E24000000000005ADB5ADB0000000050D3FFFF43
:10E250002211000080200208000000008800440015
:10E2600000000000000004FF0404000000000000A3
:10E27000000000000000000000000000000000009E
:10E2800000000000000000008000AAAAAAAA28003E
:10E29000AA000000000000000000000000000000D4
:10E2A000000000A000008000000840040004208559
:10E2B000000100000010004000000000A10020004C
:10E2C000200000000000000000000400000000002A
:10E2D000400000000000110400200000040880003D
:10E2E00080000000000080010000C1200400000048
:10E2F0000000840500000000000100200000000173
:10E3000000000021000000000000000500020000E5
:10E3100000010004000000000000000000000000F8
:10E3200000000000000000000400008000850000E4
:10E330000004000400000000008000000000200035
:10E3400001000100000000000000000000000000CB
:10E35000000000000000000000800080000000803D
:10E360000200040000C00000204000000480000003
:10E370000000000004A00000000000200080000059
:10E3800000400000008400000000000000A00080A9
:10E3900000000008008000000000000000000000F5
:10E3A0000000000000000001000100010001000069
:10E3B000000000014000000000000000000000001C
:10E3C000000000000010000000000000000000013C
:10E3D000000100000000000100010000000000003A
:10E3E000000000000000000000000000000000012C
:10E3F000000000000000000000000000000100001C
:10E400000000000000000001000100000000000109
:10E4100000000000000000000000000000000000FC
:10E42000000000000000000000200020002000206C
:10E430000000000000400000002100210010002129
:10E4400000080000000000000000000200020002BE
:10E450000002000200000000000200100010000096
:10E46000000000000000001000000011002100006A
:10E470000020000000000000001100000000000863
:10E480000011000000000000000800020000000071
:10E490000004000000000000000000000000000078
:10E4A0000000000000000000000004000010082030
:10E4B00000008082200010402008801180018088A8
:10E4C0008200000100010000008402C102A00201DC
:10E4D000028200000000000880408485C021840181
:10E4E000841000000800100020900000001040413F
:10E4F00080008411000000000000840000410485B9
:10E50000820105821100A091000400004002808277
:10E510002083000440000000100000000000000004
:10E52000000000000000000000000000890300114E
:10E5300010900021200383100089110840104040F2
:10E540004003414100201020100000080102890012
:10E55000890201100003004010A1408005020582DD
:10E56000051021850000010001410141000000105B
:10E5700001820200052000000000000021000020B0
:10E580000110110800000000110800808200838043
:10E590001000A14084800100000001000000000084
:10E5A000000000000000000000000000000000006B
:10E5B0000003410009000001020000000000050006
:10E5C0008000030002019000000000000900090023
:10E5D0008000110041004000000109010004080012
:10E5E0000000000004000000000010000000000017
:10E5F000C0002000020004010500000000004000EF
:10E600000000080004000501410010002001100076
:10E6100000000000000041000000000000000000B9
:10E6200000000000000000000000000000000000EA
:10E630000009102000210000004000000000000040
:10E640000000080000000040200000210008000039
:10E6500000102010000000040000002000040082D0
:10E660000100000004020110000000000000100979
:10E67000000008000000010003200000000000006E
:10E680000109000001000000000400000000000873
:10E69000010000000000000000020000000900006E
:10E6A000000000000000000000000000000000006A
:10E6B000000000041100410141100000040105C0E8
:10E6C000898400828810000800008000800080207B
:10E6D00090002000840003000902000083008000F5
:10E6E0000210848388858811882105C0008200007B
:10E6F00004A10000200080842040000805000500DF
:10E70000410083004184800010C041A0000440A06B
:10E71000030000C040000382200441820002000187
:10E7200000000020000000000000000000000000C9
:10E73000000000001080202108041004C000010423
:10E740000041040810090390C0000021404140002E
:10E750004085400505054105000000850041022176
:10E760000200844109020920212021840000840044
:10E77000820001200000C10040000180C083000031
:10E78000A0000004040800000800110084000080BC
:10E790000100900084000121C00001801000C080B1
:10E7A000C008000010A1000000000000C000000030
:10E7B00000000000000080900082049020402010A3
:10E7C0008010110200902010200020002090009066
:10E7D000410000000020020000840000022011001F
:10E7E000000204C1040040844020001040840082E4
:10E7F00000000488000000000204208420008082C1
:10E800000004029000A02082038402000008828598
:10E8100011020000200411C0000000820020A100AD
:10E8200000880000004000000000000000000040E0
:10E83000000000000000000020000000C0000000F8
:10E840000000040000000000018001000100010040
:10E8500000000000000000800000000000000040F8
:10E860000000000000200100000001000000010085
:10E870000000000000000000000000020000000096
:10E8800020000000000000000100000000000080E7
:10E890002040008000000000000000000000000098
:10E8A00020001000000000800000000000000000B8
:10E8B00000000000000000000000802104080303A5
:10E8C000008800030900002141900003852000001A
:10E8D00000000003000080050000008300C14180AB
:10E8E0000000831000092004024010C0800803408B
:10E8F00005400540030480404041000080000000C6
:10E90000110000002010000203410810082100043B
:10E910004005020509090304A1081108110080003F
:10E920001000090000058040800005400000000044
:10E9300000000000000000000000000088C105C1C8
:10E94000C1C000C00402000400C0014100019000E9
:10E95000000000000001000020000000008900020B
:10E960009004000089010400900100002183828549
:10E9700088210020020100000401010100000400C0
:10E9800084000000000001010801000000010000F7
:10E9900020000200000002000001C0000001010090
:10E9A000C00089000100020008018400000100008D
:10E9B0000000000000000000000000000000A001B6
:10E9C0008241A040A00802018500A000A002C00171
:10E9D0002000A00083C10010000100100101000010
:10E9E000820140880500022020850820A0210841DE
:10E9F00002C010008311090091008200A0010000F4
:10EA00004000400001008391410002C102A02100AA
:10EA10000108A121404103010000000100000102A2
:10EA200000000100020001000500820083020201D3
:10EA300000000000000000000000000000000000D6
:10EA4000040300C00291808080084000842120A13E
:10EA5000001000410000838300800020008003201C
:10EA6000030000208080030080840010001100401B
:10EA700020A083A1830983A0100041002100410947
:10EA80000000A0080541200083409100A108C011AA
:10EA900089001180410821C0092005004120200083
:10EAA00020410500400020000920C00041002180D5
:10EAB000030900000000000000000000000000004A
:10EAC0000000100080052189A0A04008808420A1BA
:10EAD0008080800000030980008300002105200061
:10EAE000000300410080C1808083020321410903AB
:10EAF00090034083000541088283404000C000022B
:10EB000083850000008000004180800005A000C1D6
:10EB10002085898840100408400940832002009124
:10EB200010880503002000A0208900030082004017
:10EB300002A18303000000000000000000000000AC
:10EB40000000000003C004C140418811010002C15F
:10EB5000018488020220008400020083A0000000DB
:10EB600001009001020000C04004882100040088D8
:10EB70000004832000022008828840830191002144
:10EB80000000888200009090004000A088400002B1
:10EB900000C0008488030009014000C00483A088ED
:10EBA000000501050121008900020185000300051F
:10EBB0000005000502030000000000000000000046
:10EBC0000000000000000400C088A100090891C0F6
:10EBD0008820A000C102049102C0020008C0010008
:10EBE000008200000000830104022000C000050133
:10EBF00088C008002102820285899100101000025D
:10EC00000001000100040000200284820201024091
:10EC1000010001010000014000C0008901010090D5
:10EC200082C0C08488000400000900840000000045
:10EC300000000000000000A0000000000000000034
:10EC40000000000000000000C11104A10904C00080
:10EC50004021000084210880009100000020200055
:10EC600003000080030500000303800080004100D2
:10EC700010200300C1001005C091412120094080EF
:10EC800000800004002100800000008000858003D7
:10EC900080800221080340211080400203024110BD
:10ECA0004080000000040005800000820003002076
:10ECB0000000000400050009000000000000000042
:10ECC000000000000000000000002184000BD000C4
:10ECD00081842100000BD00000000600000BD00052
:10ECE00000500000000BD00082000000000BD0009C
:10ECF0000A000000000BD0000A412184000BD00064
:10ED00000A008241000BD000000000001200000B3E
:10ED1000D00042600A50000BD00082000050000B6F
:10ED2000D00000000000000BD00000000000000B2D
:10ED3000D00000000050000BD000000000000000D8
:10ED40000000000000000000000000000F1F0F0F77
:10ED500000FF0F0F1E1E0F0FFF3FFF3F3C3C3C3CD0
:10ED600000000F0F00000F0F00000F0F00003C3CD1
:10ED700000003C3C417D3F3F00AAF0FA033F7D7D0F
:10ED8000417D3F3F00000000FF4FFF4100000000B9
:10ED900000000000000003D73FD71417D7D7033F68
:10EDA0007D7D1EBE00A000000000143455F500005B
:10EDB000000022221122000000003CFC00030000A1
:10EDC00000000000000000000000000000000F0F25
:10EDD0000F0F00FF0F0F1E1E0F0F003000303C3CC6
:10EDE0003C3C00000F0F00000F0F00000F0F000051
:10EDF0003C3C00003C3C417D03033CBEFCFE033F29
:10EE00004141417D0303000000004FFF41FF00002E
:10EE1000000000000000000003143F140003C3C3FF
:10EE2000033F41411E1E00000000000000000000E2
:10EE300000000000111100330000000000F0000F7E
:10EE400000000000000000000000000000000000C2
:10EE5000FFFF00003CBE3CBE3C3C3C3CFF0FF000D2
:10EE6000FF000000FFFF0000F0F00000FFFF0000C7
:10EE7000FF000000C3C3FFFFFF55B4B40000000053
:10EE8000EBEB28283A3AFFF024000024D4F0F0F00D
:10EE900000000000000034001000FCC0EBEB3FAFAE
:10EEA0003CA0BEBE1414AA7F002000002000000079
:10EEB000000000000000201075BA280000000000CB
:10EEC0001010000000000000000000000000000022
:10EED0000000FFFE00003C143C14FCFC0C0CFF0086
:10EEE000FF00FF00000000000000F0F00000000044
:10EEF0000000FF000000C3C3FFFFAA00B4B400007D
:10EF00000000F330F3303A3A0F0081000081F0F056
:10EF1000F0F000000000000000000000FCC0282805
:10EF2000FFFF3C00FA50FA507F7F202000000000D5
:10EF30000000400000000000000055AA280000006A
:10EF4000FF00FF10000000000000000000000000B3
:10EF5000000000000086000C0380000000860030E6
:10EF600003900000A2465170A3344945A2C751F056
:10EF7000A0B44945A2C751900084414000860CF0DE
:10EF8000A0B8008500000C9C03020010008600EC75
:10EF9000031000000000A0865070A39000A500861A
:10EFA0000C6C0398000000860CEC00B90000A086F1
:10EFB00050F0A0990085008600F0009200000086C5
:10EFC00000EC0099000000000000000000000000BC
:10EFD000000000000000BEBCFFBC1F15FFFFF0F8E2
:10EFE000F0F00F0F00FFFF1FFF0F0FCFFFFC00001F
:10EFF000000000000000F0003C00000A005FC0FFBD
:10F00000C0C04141FF41AAF0FF3CCFCF14D7000060
:10F01000000030300C0C000080000000A000828254
:10F020000000000000FF00FF00000000000C0000D6
:10F03000FCF0F0F0417D515D0000000005053C054D
:10F0400000000000000F000F0000000000000000A2
:10F050000000000000000000BEBCBCBC1415FFFF97
:10F06000F0F0F0F00F0F00FFFFFFFFFF0F0FFFFFAB
:10F070000000000000000000F0003C00000A005FFB
:10F08000EAFFEAEA4F4FFF4FAAF0003C0C0C14D7FE
:10F090000000000030300C0C000000000000A0A0B8
:10F0A0008282000000000F3F0A7F000000000F0F67
:10F0B000F5F50C000000417D515D000000003C3C76
:10F0C0003C3C00000000003F000F0000000000007A
:10F0D00000000000000000000000FFFF7C703C7D8D
:10F0E000FDFD0602000055555555000000003C7C12
:10F0F000FFEF0000000000000000F000F0000F0033
:10F100000FFF00000000D7C3F7F3AAAAFF0005F520
:10F110003F3F0000000000100F1F00000000000033
:10F12000FBFBCFCF00000000F8FCF0FC000000006B
:10F1300000550F5500000000000000000000000016
:10F1400000FF00FF00000000FFFFFFFF00000000C5
:10F15000000000000000000000000000FFFF3C2055
:10F160003C7D3D7D06020000155555550000000010
:10F170003C3CFFFF0000000000000000F0F0000039
:10F1800000000000000000005500F5F03C3CF0F0ED
:10F1900005F530300000000000100F1F00000000D7
:10F1A0000000FBFBCFCF00000000080C000C0000AB
:10F1B00000000055005500000000000000000000A5
:10F1C000000000000000000000000004000000003B
:10F1D000000000000000000000000000000000042B
:10F1E00000000000000000080000000800100000FF
:10F1F000400000000000000020000400000021008A
:10F20000000000000090000000000000000000006E
:10F21000200000002000000020002000000000006E
:10F22000000000000000000021000000400000007D
:10F2300000000000000000000000000000000000CE
:10F2400000000000000000000000000000000000BE
:10F2500000000000000000000000000000000000AE
:10F260000004000400000000000000000000000096
:10F2700000000000000000000000A00000000000EE
:10F28000000000000000000000000000000000007E
:10F29000000000000000000000000000000000006E
:10F2A000000000000000000000000000000000005E
:10F2B0000000000000050000000000000000000049
:10F2C000000000000000000000000000000000003E
:10F2D000000000000000000000000000000000002E
:10F2E00000002000000000000000000000000000FE
:10F2F000000000000000000000000000000000000E
:10F3000000000000000000000000000000000000FD
:10F3100000000000000000000000000000000000ED
:10F3200000000000000000000000000000000000DD
:10F3300000000000000000000000000000000000CD
:10F3400000000000000000000000000000000000BD
:10F3500000000000000000000000000000000000AD
:10F360000000000000090008000400040000000084
:10F370000000002000000011001100080011001121
:10F38000000800080000000000000010000000005D
:10F39000000000110000000000000000000000005C
:10F3A000000000000000000000000000001100004C
:10F3B000000000000003000000000000000000004A
:10F3C000000000000000000000000000000000003D
:10F3D000000000000000000000000000000000002D
:10F3E000000000000000050041A010A0050005007D
:10F3F00000000000000805000000000010000000F0
:10F4000000000000000000000000000000000500F7
:10F4100041000300020000000000000000000000A6
:10F4200000000000000000000000000000000000DC
:10F4300000000000000000000000000000001000BC
:10F4400000000000000000000000000000000000BC
:10F450000000000005004100000000000000000066
:10F46000000000000000000010008200C00010003A
:10F4700000001000002100410021000000000000F9
:10F4800000000000000020038400840084000021AC
:10F4900000000000000000000000840800000008D8
:10F4A0000000002100210003000000008400000093
:10F4B000000300008400000082000041000084037B
:10F4C0000021000800088400C00000008203000042
:10F4D000000000000000000000000000000000002C
:10F4E000000000000000000000000000000002001A
:10F4F000000000000000000000000000000000000C
:10F500004000200004000400000000000000000093
:10F5100000000000000000000020000000000000CB
:10F5200000000020000002000000000000000300B6
:10F53000090002000000000000000200110041006C
:10F54000000000000000000000004100000000007A
:10F5500000000000000000000000000000000000AB
:10F56000000000000000000000000000000000009B
:10F57000000000000000000000000000000000008B
:10F58000000000000000000000000000000000007B
:10F59000000000000000000000000000000000006B
:10F5A000000000000000000000000000000000005B
:10F5B000000000000000000000000000000000004B
:10F5C000000000000000000000000000000000003B
:10F5D000000000000000000000000000000000002B
:10F5E000000000000000000000000000000000001B
:10F5F00000000000001000000000000000000000FB
:10F6000000000004000000000000000000000000F6
:10F6100000000000410000000000000000000000A9
:10F6200000000000000000000000100000000000CA
:10F6300010000000000000000000000000000000BA
:10F640000000000000000000000000001000008228
:10F650000000410000000000000000000000000069
:10F66000000000000000000000000000000000009A
:10F67000C0030011841100001000000010000803F6
:10F6800010088400C00000000000000000040021F9
:10F690000000000300030008C0008800C003001041
:10F6A0000008100888080003000800000008000097
:10F6B0000000000000000000002100000000C00861
:10F6C0000003000010000000C00000081000000847
:10F6D000C000C0000000000000001000000010008A
:10F6E000000000000000000000000000000000001A
:10F6F0000000020200900000002009000208000241
:10F7000000000000000000080000040204000400E3
:10F7100000001100000000000008000004000000CC
:10F720000088000000000000000000001000000041
:10F730000000000000001104002000000000000094
:10F74000040000A00000000009000002000000000A
:10F750000000000800000000090000000000000098
:10F760000000000000000000000000000000000099
:10F77000000000000000000082008800000000007F
:10F780000000000000000000000000000000000079
:10F790000000000000000000000000000000020067
:10F7A0000000000000000000040000000000000055
:10F7B0000000000000000000000000000000000049
:10F7C0000000000000000000000000000000000039
:10F7D0000000000000000000000000000000000029
:10F7E0000000000000000000000000000000000019
:10F7F0000000000000000000000000000000000009
:10F8000000000000000000000000000000000000F8
:10F8100000000000000000000000000000000000E8
:10F8200000000000000000000000000000000000D8
:10F8300000000000000000000000000000000000C8
:10F8400000000000000000000000000000000000B8
:10F8500000000000000000000000000000000000A8
:10F860000000000000000000000000000000000098
:10F870000000000000000000000000000000000088
:10F880000000000000000000000000000000000078
:10F890000000000000000000000000000000000068
:10F8A0000000000000000000000000000000000058
:10F8B0000000000000000000000000000000000048
:10F8C0000000000000000000000000000000000038
:10F8D0000000000000000000000000000000000028
:10F8E0000000000000000000000000000000000018
:10F8F0000000000000000000000000000000000008
:10F9000000000000000000000000000000000000F7
:10F9100000000000000000000000000000000000E7
:10F9200000000000000000000000000000000000D7
:10F9300000000000000000000000000000000000C7
:10F9400000000000000000000000000000000000B7
:10F9500000000000000000000000000000000000A7
:10F960000000000001000000000000040000000092
:10F970000000000000000000000000000000000087
:10F980000000000000000000000000000000000077
:10F990000000000000000000000000000000000067
:10F9A0000000000000000000000000000000000057
:10F9B0000000000000000000000000000000000047
:10F9C0000000000000000000000000000000000037
:10F9D0000000000000000000000000000000000027
:10F9E0000000000000004000000000000080000057
:10F9F0000000000000000000000000000000000007
:10FA000000000000000000000000000000000000F6
:10FA100000000000000000000000000000000000E6
:10FA200000000000000000000000000000000000D6
:10FA300000000000000000000000000000000000C6
:10FA400000000000000000000000000000000000B6
:10FA500000000000000000000000000000000000A6
:10FA60000000000000000000000000000000000096
:10FA70000000000000000000000000000000000086
:10FA80000000000000000000000000000000000076
:10FA90000000000000000000000000000000000066
:10FAA0000000000000000000000000000000000056
:10FAB0000000000000000000000000000000000046
:10FAC0000000000000000000000000000000000036
:10FAD0000000000000000000000000000000000026
:10FAE0000000000000000000000000000000000016
:10FAF0000000000000000000000000000000000006
:10FB000000000000000000000000000000000000F5
:10FB100000000000000000000000000000000000E5
:10FB200000000000000000000000000000000000D5
:10FB300000000000000000000000000000000000C5
:10FB400000000000000000000000000000000000B5
:10FB500000000000000000000000000000000000A5
:10FB60000000000000000000000000000000000095
:10FB70000000000000000000000000000000000085
:10FB80000000000000000000000000000000000075
:10FB90000000000000000000000000000000000065
:10FBA0000000000000000000000000000000000055
:10FBB0000000000000000000000000000000000045
:10FBC0000000000000000000000000000000000035
:10FBD0000000000000000000000000000000000025
:10FBE0000000000000000000000000000000000015
:10FBF0000000000000000000000000000000000005
:10FC000000000000000000000000000000000000F4
:10FC100000000000000000000000000000000000E4
:10FC200000000000000000000000000000000000D4
:10FC300000000000000000000000000000000000C4
:10FC400000000000000000000000000000000000B4
:10FC500000000000000000000000000000000000A4
:10FC60000000000000000000000000000000000094
:10FC70000000000000000000000000000000000084
:10FC80000000000000000000000000000000000074
:10FC90000000000000000000000000000000000064
:10FCA0000000000000000000000000000000000054
:10FCB0000000000000000000000000000000000044
:10FCC0000000000000000000000000000000000034
:10FCD0000000000000000000000000000000000024
:10FCE0000000000000000000000000000000000014
:10FCF0000000000000000000000000000000000004
:10FD000000000000000000000000000000000000F3
:10FD100000000000000000000000000000000000E3
:10FD200000000000000000000000000000000000D3
:10FD300000000000000000000000000000000000C3
:10FD400000000000000000000000000000000000B3
:10FD500000000000000000000000000000000000A3
:10FD60000000000000000000000000000000000093
:10FD70000000000000000000000000000000000083
:10FD80000000000000100000000000000000000063
:10FD90000000000000000000000000000000000063
:10FDA0000000000000000000000000000000000053
:10FDB0000000000000000000000000000000000043
:10FDC0000000000000000000000000000000000033
:10FDD0000000000000000000000000000000000023
:10FDE0000000000000000000000000000000000013
:10FDF0000000000000000000000000000000000003
:10FE000000000000000000000000000000000000F2
:10FE100000000000000000000000000000000000E2
:10FE200000000000000000000000000000000000D2
:10FE300000000000000000000000000000000000C2
:10FE400000000000000000000000000000000000B2
:10FE500000000000000000000000000000000000A2
:10FE60000000000000000000000000000000000092
:10FE70000000000000000000000000000000000082
:10FE80000000000000000000000000000000000072
:10FE90000000000000000000000000000000000062
:10FEA0000000000000000000000000000000000052
:10FEB0000000000000000000000000000000000042
:10FEC0000000000000000000000000000000000032
:10FED0000000000000000000000000000000000022
:10FEE0000000000000000000000000000000000012
:10FEF0000000000000000000000000000000000002
:10FF000000000000000000000000000000000000F1
:10FF100000000000000000000000000000000000E1
:10FF200000000000000000000000000000000000D1
:10FF300000000000000000000000000000000000C1
:10FF400000000000000000000000000000000000B1
:10FF500000000000000000000000000000000000A1
:10FF60000000000000000000000000000000000091
:10FF70000000000000000000000000000000000081
:10FF80000000000000000000000000000000000071
:10FF90000000000000000000000000000000000061
:10FFA0000000000000000000000000000000000051
:10FFB0000000000000000000000000000000000041
:10FFC0000000000000000000000000000000000031
:10FFD0000000000000000000000000000000000021
:10FFE0000000000000000000000000000000000011
:10FFF0000000000000000000000000000000000001
:020000040001F9
:1000000000200000010000000000000000000000CF
:1000100000000000000000000000000000000000E0
:1000200000000000000000000000000000000000D0
:1000300000000000000000000000000000000000C0
:1000400000000000000000000000000000000000B0
:1000500000000000000000000000000000000000A0
:100060000000000000000000000000000000000090
:100070000000000000000000000000000000000080
:10008000004000000000020000000000000000002E
:100090000000000000000000000000000000000060
:1000A0000000000000000000000000000000000050
:1000B0000000000000000000000000000000000040
:1000C0000000000000000000000000000000000030
:1000D0000000000000000000000000000000000020
:1000E0000000000000000000000000000000000010
:1000F0000000000000000000000000000000000000
:1001000000000000000009000000000000000000E6
:1001100000000000000000000000FFFFFFFFFFFFE5
:10012000FFFFFFFFFFFFFFFFFFFFFFFFFFFFFFFFDF
:10013000FFFFFFFFFFFFFFFFFFFFFFFFFFFFFFFFCF
:10014000FFFFFFFFFFFFFFFFFFFFFFFFFFFFFFFFBF
:10015000FFFFFFFFFFFFFFFFFFFFFFFFFFFFFFFFAF
:10016000FFFFFFFFFFFFFFFFFFFFFFFFFFFFFFFF9F
:10017000FFFFFFFFFFFFFFFFFFFFFFFFFFFFFFFF8F
:10018000FFFFFFFFFFFFFFFFFFFFFFFFFFFFFFFF7F
:10019000FFFFFFFFFFFFFFFFFFFFFFFFFFFFFFFF6F
:1001A000FFFFFFFFFFFFFFFFFFFFFFFFFFFFFFFF5F
:1001B000FFFFFFFFFFFFFFFFFFFFFFFFFFFFFFFF4F
:1001C000FFFFFFFFFFFFFFFFFFFFFFFFFFFFFFFF3F
:1001D000FFFFFFFFFFFFFFFFFFFFFFFFFFFFFFFF2F
:1001E000FFFFFFFFFFFFFFFFFFFFFFFFFFFFFFFF1F
:1001F000FFFFFFFFFFFFFFFFFFFFFFFFFFFFFFFF0F
:10020000FFFFFFFFFFFFFFFFFFFFFFFFFFFFFFFFFE
:10021000FFFFFFFFFFFFFFFFFFFFFFFFFFFF0000EC
:1002200000000000000000000000000000000000CE
:1002300000000000000000000000000000000000BE
:1002400000000000000000000000000000000000AE
:10025000000000000000000000000000000000009E
:1002600000000090000000020000000000000000FC
:10027000000000000000000000000000000000007E
:10028000000000000000000000000000000000006E
:10029000000000000000000000000000000000005E
:1002A000000000000000000000000000000000004E
:1002B000000000000000000000000000000000003E
:1002C000000000000000000000000000000000002E
:1002D000000000000000000000000000000000001E
:1002E0000000004000010040000800000000000085
:1002F00000000000000000000000000000000000FE
:1003000000000000000000000000000000000000ED
:1003100000000000000000000000000000000000DD
:1003200000000000000000000000000000000000CD
:1003300000000000000000000000000000000000BD
:1003400000000000000000000000000000000000AD
:10035000000000000000000000000000000000009D
:100360000000000000000004000000000000000089
:10037000000000000000000000000000000000007D
:10038000000000000000000000000000000000006D
:10039000000000000000000000000000000000005D
:1003A000000000000000000000000000000000004D
:1003B000000000000000000000000000000000003D
:1003C000000000000000000000000000000000002D
:1003D0000000000000000000000000160000000007
:1003E0000000000000000000000000818181818188
:1003F000311C81000000000000000000000000002F
:1004000000000000000000000000000000000000EC
:1004100000000000000000000000000000000000DC
:1004200000000000000011000000000000000000BB
:1004300000000000000000000000000000000000BC
:1004400002000000000000000000000000000000AA
:10045000000000000000000000000000000000009C
:100460000400000000000000000000000000000088
:10047000000000000000000000000000000000007C
:10048000000000000000000000000000000000006C
:100490000000000000000000000000000000030059
:1004A000000000000000000000400000000000000C
:1004B000000000000000001100000000000000002B
:1004C00000000000000000000000084000000041A3
:1004D000000000000000000000000000000000001C
:1004E000000000000000004000400000000000008C
:1004F00000000000000000000000000000000000FC
:1005000000000000001000000000000000000000DB
:1005100000000000000000000000000000000000DB
:100520000000000000000000000000C000200020CB
:1005300008A000204120000800200520002000889D
:10054000000800A0002000C000200020002000C003
:1005500010400020002000A000400010004000C01B
:10056000004000C0008800C0001000000000002013
:100570000020002000A010C0004002A00020008841
:10058000002000C08810002000C000A0000800C0AB
:1005900000A000C00000102000C0002084A00010B7
:1005A00000A0002000A0001000A000200009001002
:1005B000002100110041000800100040004100022D
:1005C00000200020000900100011000800100008A1
:1005D0000010001000100005004000100041002134
:1005E0000020001000200002004000410000002018
:1005F0000041004100100041004000200041004146
:100600008441004100100541004100100009002014
:1006100000210020001000200040004000100920B0
:1006200000200010004184200003002000210084ED
:1006300000040010044000100010094000080010E1
:10064000091000100088000400080002008202A0C7
:1006500000100282008200C0202009A0098400024C
:1006600000A000900002000800100020000200001E
:100670001184008409C01184009000A00084000847
:100680000010000200900084000210840084029098
:1006900000C0040200100002004000840002008438
:1006A0000010004000A000100010008400040010A2
:1006B0000021002100040002000000000020004092
:1006C0000000000400410041000300030010000589
:1006D0000008024000200009000000030009000299
:1006E00000000041000000000000000400000000C5
:1006F00000000000000000000000000000000000FA
:1007000000000000000000000000000000000000E9
:1007100000000000000000000000000000000000D9
:1007200000000000000000000000000000000000C9
:1007300000000090000021A000A000A0000000C068
:1007400000A00084008200000084000000840000FB
:100750000090000000000008000000000000000001
:1007600000000000000000000000000000840010F5
:100770000000000000A000A000A0000000A000C039
:1007800000A000000000000800A0000000A0001071
:10079000000000000000000000C000000000000099
:1007A00000C000000000008400C0000000A00000A5
:1007B00000000000C0090005A0000011A0052041B4
:1007C0000021820500080021C00500210041082108
:1007D00000210010104100030041004140080021A9
:1007E0000041001100210010A00500200041000080
:1007F0009005004100000041080000050041004153
:1008000000050041004100050011004100410008C1
:100810000010904100000021A02100000005001000
:1008200000410000002100410000000000080841D4
:100830000000002100000902009004080088002048
:1008400000A00002002000C0004000820040001014
:10085000002000200040004000000002000200A034
:100860000010000200400000004000000040002096
:1008700000C0000200000000008800880010002076
:10088000000200020040000200A00010051000A0BD
:10089000000000A000900088402000C0000000C0C0
:1008A0000084002021100040004000900000000063
:1008B00000000020000000C00008002000008800A8
:1008C00000000000000000000000000500400010D3
:1008D000000200000009000000000000000000000D
:1008E00000090008000000000000000000000021D6
:1008F00000051000000000000000000000000000E3
:1009000000000000000000000000000000000020C7
:1009100000000000100000000000000000000000C7
:1009200000000000000000000000000000000000C7
:10093000000000000000000000000010000800821D
:10094000000800C00084008200C00082009000A067
:100950000082000800C0000800C00000008400847D
:10096000008400840000000000A0008400820010C9
:1009700000C0001000A00000009000000010001057
:1009800000000000001000102110001000C000A0A6
:100990000084210000C000C000A0001021840010CD
:1009A00000A000000008001000840000000000000B
:1009B000000000840000000000100000C041A041C1
:1009C0000041004100088203000500108821A04179
:1009D0008800040400008800000500210005004193
:1009E000000240210011A0050410000000080000D2
:1009F00088410005002108000041000500000000BA
:100A0000004100000021002100000008A000A0001B
:100A10000000000000000005A0100400000000100D
:100A200000000000000084000000000082000000C0
:100A30000000000000000000002000000000000096
:100A400000000000000000000000000000000000A6
:100A50000000000000000000000000000000000096
:100A60000000000000000000000000000000000086
:100A70000000000000000000000000000000000076
:100A80000000000000000000000000000000000066
:100A90000000000000000000000000000000200036
:100AA0000000000000000000000000000000000046
:100AB0000000000000000400000000000000000032
:100AC0000000000000000000000000000000000026
:100AD0000000000000000000000000000000000016
:100AE0000000000000000000000000000000000006
:100AF00000000000000000000000000000000000F6
:100B000000000000000000000000000000000000E5
:100B100000000000000000000000000000000000D5
:100B2000A100000000000000000000000000000024
:100B300000000000000000000400000000000000B1
:100B400000000000000000000000000000000000A5
:100B50000000000000000000000000000000000095
:100B60000000000000000000000000000000000085
:100B70000000000000000000000000000000000075
:100B80000000000000000000000000000000000065
:100B90000000000000000000000000000000000055
:100BA0000000000000000000000000000000000045
:100BB0000000000000000000000000000000000035
:100BC0000000000000000000000000000000000025
:100BD0000000000000000000000000000000000015
:100BE0000000000000000000000000000000000005
:100BF00000000000000000000000000000000000F5
:100C000000000000000000000000000000000000E4
:100C100000000000000000000000000000000000D4
:100C200000000000000000000000000000000000C4
:100C300000000000000000000000000000000000B4
:100C400000000000000000000000000000000000A4
:100C50000000000000000000000000000000000094
:100C60000000000000000000000000000000000084
:100C70000000000000000000000000000000000074
:100C80000000000000000000000000000000000064
:100C90000000000000000000000000000000000054
:100CA0000000000000000000000000000000000044
:100CB0000000000000000000000000000000000034
:100CC0000000000000000000000000000000000024
:100CD0000000000000000000000000000000000014
:100CE0000000000000000000000000000000000004
:100CF00000000000000000000000000000000000F4
:100D000000000000000000000000000000000000E3
:100D100000000000000000000000000000000000D3
:100D200000000000000000000000000000000000C3
:100D300000000000000000000000000000000000B3
:100D400000000000000000000000000000000000A3
:100D50000000000000000000000000000000000093
:100D60000000000000000000000000000000000083
:100D70000000000000000000000000000000000073
:100D80000000000000000000000000400000000023
:100D90000000000000000000000000000000000053
:100DA0000000000000000000000000000000000043
:100DB0000000000000000000000000000000000033
:100DC0000000000000000000000000000000000023
:100DD0000000000000000000000000000000000013
:100DE0000000000000000000000000000000000003
:100DF00000000000000000000000000000000000F3
:100E000000000000000000000000000000000000E2
:100E100000000000000000000000000000000000D2
:100E200000000000000000000000000000000000C2
:100E300000000000000000000000000000000000B2
:100E400000000000000000000000000000000000A2
:100E50000000000000000000000000000000000092
:100E60000000000000000000000000000000000082
:100E70000000000000000000000000000000000072
:100E80000000000000000000000000000000000062
:100E90000000000000000000000000000000000052
:100EA00000000000000000000660000000000BD001
:100EB0000000000000000000000000000000000032
:100EC0000660000000000BD00000000000000000E1
:100ED0000000000000000000000000000000000012
:100EE0000000000000000000000000000000000002
:100EF00000000000000000000000000000000000F2
:100F000000000000000000000000000000000000E1
:100F100000000000000000000000000000000000D1
:100F200000000000000000000000000000000000C1
:100F300000000000000000000000000000000000B1
:100F400000000000000000000000000000000000A1
:100F50000000000000000000000000000000000091
:100F60000000000000000000000000000000000081
:100F70000000000000000000000000000000000071
:100F80000000000000000000000000000000000061
:100F90000000000000000000000000000000000051
:100FA0000000000000000000000000000208208196
:100FB00000800000000000000000000000000000B1
:100FC00000000000020820810080000000000000F6
:100FD0000000000000000000000000000000000011
:100FE0000000000000000000000000000000000001
:100FF00000000000000000000000000000000000F1
:1010000000000000000000000000000000000000E0
:1010100000000000000000000000000000000000D0
:1010200000000000000000000000000000000000C0
:1010300000000000000000000000000000000000B0
:1010400000000000000000000000000000000000A0
:101050000000000000000000000000000000000090
:101060000000000000000000000000000000000080
:101070000000000000000000000000000000000070
:101080000000000000000000000000000000000060
:101090000000000000000000000000000000000050
:1010A0000000000000000000000000000000000040
:1010B00000000210084000000000000000000000D6
:1010C00000000000000000000000021008400000C6
:1010D0000000000000000000000000000000000010
:1010E0000000000000000000000000000000000000
:1010F00000000000000000000000000000000000F0
:1011000000000000000000000000000000000000DF
:1011100000000000000000000000000000000000CF
:1011200000000000000000000000000000000000BF
:1011300000000000000000000000000000000000AF
:10114000000000000000000000000000000000009F
:10115000000000000000000000000000000000008F
:10116000000000000000000000000000000000007F
:10117000000000000000000000000000000000006F
:10118000000000000000000000000000000000005F
:10119000000000000000000000000000000000004F
:1011A000000000000000000000000000000000003F
:1011B000000000000000000000000000000000002F
:1011C000000000000000000000000000000000001F
:1011D000000000000000000000000000000000000F
:1011E00000000000000000000000000000000000FF
:1011F00000000000000000000000000000000000EF
:1012000000000000000000000000000000000000DE
:1012100000000000000000000000000000000000CE
:1012200000000000000000000000000000000000BE
:1012300000000000000000000000000000000000AE
:10124000000000000000000000000000000000009E
:10125000000000000000000000000000000000008E
:10126000000000000000000000000000000000007E
:10127000000000000000000000000000000000006E
:10128000000000000000000000000000000000005E
:10129000000000000000000000000000000000004E
:1012A000000000000000000000000000000000003E
:1012B00000000000000000000001000000008000AD
:1012C000000000000000000000000000000000001E
:1012D000000100000000800000000000000000008D
:1012E00000000000000000000000000000000000FE
:1012F00000000000000000000000000000000000EE
:1013000000000000000000000000000000000000DD
:1013100000000000000000000000000000000000CD
:1013200000000000000000000000000000000000BD
:10133000000000000000000000000000909000008D
:10134000000000000000000000000000000000009D
:10135000000000009090000000000000000000006D
:10136000000004880420049004400088004000200D
:10137000004000A004C003C000040420042000407A
:10138000044004A004000400048800900390082096
:101390001010119011890440000204400440000024
:1013A0000400000000820000040000000020000093
:1013B000020004000400000004000000000000908F
:1013C00000200004000000100400000000400000A5
:1013D000040000000420020000000000002000883B
:1013E00020000800000000800000028000000000D3
:1013F00000000080000000000000008000000000ED
:1014000000000000010001000000010000000000D9
:101410000000010000000002000000800000000049
:101420000000000000C000000000000000000000FC
:10143000000001000010000000000000000000009B
:101440000000000000C0000000000000000000805C
:10145000000000000000000000000000000000800C
:101460000000010000000020008800C0402080C073
:1014700000200011002000200302002040880010FE
:1014800000C00020002000210988808200C00020C8
:1014900000C100C000210020004100040004804081
:1014A00000200088004000000010021105200020EC
:1014B0000010022000C000C1052000210091002082
:1014C00000A18011000403110020004100C1002090
:1014D000002004010404048800900000008880209B
:1014E0000040801000208020001000100420001117
:1014F00020208241002000100010008200090140DD
:101500000241020900410021000400200440004083
:1015100000410040002100C000210220009000C0D6
:101520004090021000200020000004200010001055
:101530000090001100100221822000A00020002055
:1015400000400404080200900002009000200020E7
:1015500000100011014001900041004000200020D7
:1015600004900010109000100809008200C00020B4
:1015700000A00084A040001000040000002000042F
:10158000200200A0000400040004002080840084E5
:1015900000840005002002840008000400100020E0
:1015A0004010008500900008008200000004000246
:1015B00000218090801000C00002008200C0001155
:1015C000000400118003800202020010008400C0A9
:1015D000001000A0004100040084008400100010EE
:1015E00000100002004010910040000520000000A3
:1015F00000800020001010C10010004000410000D9
:1016000000C100090005008400A100C00000200006
:101610000010000200200005910900820000000077
:1016200000000002000200410090002000000011B4
:101630000080109010204080004000041000002125
:101640000402004100200402044001C000820002A4
:10165000004010110000000800900000100200403F
:101660000000004100210021012000000090040042
:101670000004100008044100410141004101410102
:101680000001000000004100410000204103100063
:1016900002001090000000004100050000820000E0
:1016A00020000001002005008000100080200000C4
:1016B000200190018000100100840040001000888B
:1016C00010004184000041040000000008A00084D4
:1016D000850000021008000180202004A0C020C165
:1016E000000000000000000100104120201141A076
:1016F0000141908500210090C0050020C010C00469
:1017000000028420881000020003C002C0C1002033
:101710000010101008091010004084100010000084
:101720000000110482200880001140000300088599
:101730000000011020024003001008411009102190
:10174000000500051005000000C100211005010979
:101750000003100500091085842010908580410049
:10176000852000000000100500200885088083A067
:10177000A01020A0050220112084048420821110D2
:10178000C020002005100084021000400488C1849D
:10179000801000A0004000021088808841028085EF
:1017A00009C100A0080200A0098803C0400000A0F1
:1017B00010A000008020C1021005850200400985AC
:1017C00000002002418240400910044100840404CA
:1017D00000C000414100008210C021C000840040D0
:1017E0000504210409C020404182040000880884C7
:1017F00020842040000000000004000400000100DC
:1018000000051180008000020000010000000000BF
:101810002000020000000000000001002000000085
:10182000040420040000000000000021000000006B
:10183000000001000000408004004004400000005F
:10184000000200000100000001000000000400038D
:1018500001800000002000000000000020000000C7
:101860000000008000800000010000040100000072
:101870000000010001008040080003848904112059
:101880004100411003C000A08000C12000202005BD
:101890000010418200C000A002C005052020008485
:1018A000008805C000024111008941000040008805
:1018B0009102000890100000008440C1000200095D
:1018C00021C00082009100C0001008A00084808424
:1018D000831000A080841000A1C0108410A0108488
:1018E00000A1000000A000A000C1808480A080842E
:1018F00080019001C105042120800041100904C12C
:1019000002C1C010C009C000000220000285008092
:1019100001A0C0418410C000C0020002108891C123
:10192000001000000800A00000200040C00000835C
:10193000A00304808485110500009000410210007E
:1019400082880000A0000004080082050000002139
:10195000020008009009024100212003010000005C
:101960000100000800000011001000081000100025
:1019700010000410090808A00184800420092088B0
:10198000101102000080A0008880840321210940FA
:10199000022005080910C008004184800800118059
:1019A0000880110089008200110011030240892083
:1019B0001140000009008500028000000803200497
:1019C000800820C10800090003001000000080000A
:1019D00090000000808080009100004010080809FD
:1019E00080020041050500090008098900408008BF
:1019F0004011080083838041884009900409A1A117
:101A0000091100C002C08408410282021001400195
:101A1000880140010001030141010001088801081B
:101A200000C00010020005000900000000010400D1
:101A3000C0000000000800028308010200008801C5
:101A40000001400000090200840001000100A00024
:101A5000C00009000000888290C002820089410114
:101A600000014001000109A1000510C101050000AD
:101A70001001010000008983908503419108A104B1
:101A800009012103A0000890030003208803082017
:101A90009008A1200501C10810010341100190A187
:101AA00082018988C00002200000A120010200916B
:101AB00000000010010801010000410020000000AA
:101AC000002001A0112100018500C101C000830098
:101AD0000008010000820101900082009040829085
:101AE000011001000010010100200010014100411F
:101AF00000000188010000018801880088008390AF
:101B000021000441080821218302041105800210EC
:101B1000C10011A0400303100400884108044009DB
:101B2000211011108200801000410021058010203A
:101B300003C003004080038010034000050008003C
:101B4000000009801020A19021101000900885004D
:101B500083041180410040000309001104110000BA
:101B600080A11000410004000809080410002102AF
:101B70000409000008002100110900080200820089
:101B80008984008204880982828880204090908025
:101B90000009834105401040C1830810209040C0D7
:101BA000000300C0000308A0801000880390031108
:101BB00080084109058840028203000810900088CF
:101BC00080030080080821C008100503008200A0DF
:101BD000200480838000400000008000808080809E
:101BE00083848080000002200809002102109000F8
:101BF00009090404008800020911408009020082DA
:101C00008209C0820003C011898540050400C0021A
:101C1000898440A004C000A1012104090103000936
:101C20000084200220A1848401A0108990050189EC
:101C300000A020020004000900050305004004097B
:101C4000028584410080000101080101C101009169
:101C500000110003880910880188008204C00490E4
:101C600004C091848882000000000101020101018A
:101C700041000301200000110005010409880089CA
:101C800084A09041918201A10000010000024085E2
:101C900084A0100000C001090184010200C001906D
:101CA0000088010001C1889088409000100002085F
:101CB00088851000A04008888290A000880082A03B
:101CC000C001840190C00080019009C100010000A2
:101CD000000000C100010088002000210000000079
:101CE000820103208400C04001900120018800008F
:101CF00009848483C000020000880188000100017B
:101D000082908805C00088100983094110001100E5
:101D100080C000028020000003204041408211204A
:101D200002031180021140900003809100048000A2
:101D300000900040000000000000000800080000C3
:101D4000801100048005001100800300820303025B
:101D50004000000000030008000000000011001116
:101D600000008008A08080000000020008800200BF
:101D70000900038004880808090008800400112174
:101D8000001080088041000200000000000BD0001D
:101D900041000000000BD00000428200000BD00088
:101DA00000000000000BD00000000000000BD0007D
:101DB00000000041000BD00041000000000BD000EB
:101DC00000000000000BD000418400000000000B68
:101DD000D00082000600000BD00082840000000BBF
:101DE000D00000000000000BD00000600000000BDD
:101DF000D00000000060000BD00082000600000B45
:101E0000D00000000060000BD0002100FFEF7F6FCA
:101E1000FFFFFF3F000000006E6E0E0E000000008E
:101E200000000000FFFF7F4FFF7FFF7C00000000ED
:101E3000EFCB6E4A00000000000000000000000030
:101E400066FF3C0F000000003C00000000009F0601
:101E5000BDBD3C66FF0F00000000FF0F6C6C000072
:101E60000000000000000000FF000000FF003F3005
:101E70003C3C9F06FF0009090F0C00000024FF0FE7
:101E8000F0003F0F3F0F0000000062046600FFEF0C
:101E90007F6FFFFF0F3F0000000068680808000028
:101EA000000000000000FFFF7F4FFF7FFF7C00006D
:101EB0000000AD892C080000000000000080000038
:101EC000000066003C0F000000000C003000000025
:101ED0009F0624243C66000F00000000F0006C6C9C
:101EE00000000000000000000000FF000000FF00F4
:101EF0003F303C3C9F06FF0000000F0C0000240018
:101F0000FF00FF00030F030F0000000066006600E3
:101F100000000000000000000000000000000000C1
:101F2000C2080400001088610000000000000000EA
:101F300000000000000000000000000000000000A1
:101F40000000000000000000000000000000000091
:101F50000000000000000000000000000000000081
:101F60000000000000000000000000000000000071
:101F70000000000000000000000000000000000061
:101F80000000000000000000000000000000000051
:101F90000000F4F7FFFF6CFFFFFF00000000B9B97D
:101FA00000FF0000000000000000FCFFFFFFFCFF3E
:101FB000FFFF000000000000000000000000000023
:101FC0000066FF3C66F0FFF0663C00000000F4FF96
:101FD000F0FF000024BDF9F9FFFFF0F00000000061
:101FE0003C66FFF00000000000FF3C3C3C3C000071
:101FF000F0F0000000FF30F3F0F0C0FC00001080B3
:1020000040000000660666F600FFF0FF04000404CE
:1020100000606606F4F7FFFF6CFFFFFF00000000A2
:10202000292900FF0000000000000000FCF0FFFF75
:102030000CFFFFFF00000000010001000000000095
:1020400000000066003C66F000F0663C0000000006
:10205000F0FFF0FF000024BD6060FFDBFFDB00004D
:1020600000003C6600F0000000006666F0F03C3CBA
:102070000000F0F0000000FF30F3F0F0C0FC0000C2
:10208000009000000000660666F600FF000F0000EA
:10209000000000006666008600E000B00000A08638
:1020A00052F0A0B00005058604F003B200100086CF
:1020B00000E000B00000A0865010A0800005A086BF
:1020C00050FCA0B00005008604F000B200100082B1
:1020D00000A0009200800000080004F000320080A0
:1020E0000086007003920010008600F000B000101F
:1020F000A8805490A0120015008600F000B00000E7
:10210000058600FC00B0000000860070039004000B
:1021100000000A9C0000000000000000002D002DBF
:102120000000AA000A5F0000000000003F3F505F6F
:10213000000000001717033FFFFFFBBA3F5FFFFFE0
:10214000F050FF50AF14FFFFBF1FB5150000000097
:1021500010002C3CFFFFFF7F00000000FF000F0F6E
:102160000000000000003CFF3FFF000000000000F6
:102170000000ACACFF0FD7D70F55000000000000E7
:102180000000BFFFFFFF000000000000000000553E
:10219000F3F37D28F5F5FF5517170000000000FF49
:1021A000002D0000A0A00000000000000000303062
:1021B000505F000000001414003CFFFFFBBA3F5FBB
:1021C000FFFF7D7D7D7DAF14AA00BA1AB01080009C
:1021D000000010002C3CFFFFFF7F00000000FF000C
:1021E0000F0F0000000000007DFF7DFF00000000D9
:1021F00000040000ACACF00014140F550000000007
:1022000000000000FFFFFFFF0000000000000000D2
:102210000000F3F37D28A0A000551717403C4014A0
:10222000004141413F30FAFAFC50FC5F00000000E1
:10223000552DFF2D000000003C4DFF4DFFFBFEFA29
:102240003FFFFFFF00000000FF14FF14000000002C
:10225000000000003CF03CF0000000000000000026
:102260003C3C00FF00000000000000013C3D00007D
:10227000000000000000FA507D7D02000800000010
:10228000000000000000000000000000000000004E
:102290000000000000003F30AFAF7D7D0FFF402801
:1022A0004000050545453F300A0A0C500C5F000010
:1022B0000000002DAA2D00000000004DC34DFFFBC3
:1022C000FEFA3CFCFFFF00000000001400140000B8
:1022D000000000000000FFAA00AA00550000000056
:1022E00000003C3C00FF00000000000000013C3DFD
:1022F0000000000000000000FA5028280000000044
:1023000000000000000000000000000100000000CC
:1023100000000000000000003F30A0A0414100F09C
:102320002120200804082088040811200020040827
:102330000421040804C004C10408002000080402A9
:1023400002A100080420044002200020029000089E
:1023500000202140000800200020002000880010FC
:102360000000002000000409001000A0000002048A
:10237000002000A0000221100008008800080008CA
:10238000001000080004000200000008000800001F
:1023900021040020000404900508009000080010AB
:1023A00000100000010000000140000004000000D7
:1023B00000800120014001000120010000A00080F8
:1023C0000190010400110000008000801000000056
:1023D0000009008082000000000000000080000072
:1023E000108000C00080004000200080000000003D
:1023F000018000800000008000000000000000005C
:102400000000000000000090008000008800000034
:10241000000000800000008090000000000000002C
:10242000000000000040052080408008002003C01C
:10243000001000200408008900200010009004080B
:1024400000840420002100201140002000C0002052
:102450000840002000044004001102200008008809
:1024600000840010000002000021111000A00021D3
:10247000000300020011000200040041009000A0CF
:1024800002C0119000080020032000C0004020205E
:102490000020212002200088000100C000040090DC
:1024A00000C000A1000000080221044104200041F6
:1024B0000440000900400310080200A00040001082
:1024C0000103001001410040020902030008000955
:1024D00090A10020002104900290021084908210AC
:1024E000004002100409000000409010009090404D
:1024F000000400A000A0000400900290000400105E
:1025000000200010002002110090A04000090021CE
:1025100000090021A0C100900010002000210091BE
:10252000000000400020024000A084202084001011
:10253000008504100008A083048400100010200807
:10254000000203C00408840420412010201004C0AD
:1025500080048004848880410082000300020020FF
:102560000004829020C0048400008090800100104C
:102570000020040800C00040000200020002200801
:10258000400280050020000584024004404100A074
:10259000002000100020201000840005000400101E
:1025A000000400C00085200200A000000400010318
:1025B00000118402201110400402010400020008EE
:1025C0000011C04100040111212101C01040000888
:1025D0008211201020A0210820A020410210000418
:1025E0000021008320100108010300002003402087
:1025F0000020408201110008000000C00040840853
:10260000842102844020000540202105918084021D
:10261000C0100810004190109102000300880010C3
:102620008240021102109020414040408020091059
:102630008310000009018090080020880290008229
:10264000840082000001108490C0000410A1A10148
:10265000038400010009088205000001058510417E
:1026600010C110C000848200052002090000102162
:1026700000A0008490400021008510C1000000826D
:102680000082212100112090202020C0C08800A1BC
:10269000838890200020808500C000840082020092
:1026A00021208200020011C00000110011012080D1
:1026B00000412011001100042009C1410100000067
:1026C00000200521040510200010042110A0820420
:1026D0000404A0110004000482000041000408105A
:1026E00000200020000088000805A003000400006E
:1026F000841000100041400310020004002000215B
:1027000000030005000200849141834183052121DB
:10271000001008210885008320208200100000415D
:10272000004100C1204109000000000000210020FC
:102730000010059000020284848288C08000A1906D
:10274000038484C104C0850204A0409041020804AF
:10275000000921912183A11000C020A041901040C8
:102760008240C1080004098204012002000510040F
:102770000000C108C0088383000800400002000078
:10278000009000040410098404004040000340004D
:10279000004000820420080008024120002000843C
:1027A000028900400421000209400320001000C0FB
:1027B000009000101000002188200900050320006F
:1027C0000841A0032108100520000900882000030B
:1027D0002003004000040004202184051108882102
:1027E00004412111201102A1040305100108002059
:1027F0008400000040102003400440400403000314
:102800009021000800A111C1004184210000002096
:10281000010000400000008000000088001000005F
:1028200000008540000001A00040021084800000EC
:1028300040038800051000820482008209A010086D
:10284000008809102020A1A002040320218400A0F8
:1028500011840008021121A088A000849084021035
:1028600082840210008841884184A0091000000081
:10287000001000040000108441C0008841100010C6
:1028800002A002081184C109802080918088008400
:10289000404000A00090008400080404890402C0A5
:1028A00041204108410802820008000000000004A5
:1028B00000040200000400410000040000000010B9
:1028C00000008200000801000400C0800009000030
:1028D000000000000009014000002000000020006E
:1028E000001120000000A0000000000909040009F8
:1028F000C000C08000910000880088110011000312
:1029000000000010001084020820040004100405D8
:10291000002101200810400500002000008808A1C7
:102920000009008500000005000004080000000008
:102930000080008000000080A183200902090010AF
:1029400008000200808000001000038000802080CA
:102950000382099080A04002008308090080008063
:102960004003002005000000008309020041000030
:10297000C0830320C080000000000803000880839B
:10298000100800000004000009008080800003009F
:1029900009801103050900030505000000108000EF
:1029A000008008088941C011044080808000050033
:1029B00000808000030000000000828801A1012047
:1029C000008900000000C008000000080008041092
:1029D00000C00189000808A10141020985410002E7
:1029E00000C0A10104018200000000830102020175
:1029F00000001183842104C0000400009101000143
:102A000040100100A0000000820000008882908435
:102A100021048804A10100018200000010000000D0
:102A20000800001000010301210001004010020411
:102A300000820084040000000800000085C02140DE
:102A4000890020030002100101A0000040000000E6
:102A5000890010010000C0A08804C100A00040044B
:102A600041008905019000A0018801010002C00217
:102A700001A00101910188A19000831100000010C4
:102A80000084001001880890A000402040009000C1
:102A9000820404888290002000A00021010000042C
:102AA00000858808000001C0004001A10000A008C6
:102AB00040A1040140010020000100C0000004000A
:102AC0001040C100208905808510090020214100A7
:102AD00005118500C1100000844180838908000031
:102AE0008408A100038940000000210003090000C0
:102AF00002002100030940040010000083C0000010
:102B00000880030040110380800000020080000262
:102B10000920004100808082088020800911030084
:102B200000000008000000091000400021034020C0
:102B300000008010002080100080000400000005CC
:102B400020400008002080C08008410521050005C4
:102B5000002000C020C10090020500A004050882EA
:102B60008000008480894083008003001089400336
:102B70000000A0020009000300000000800940835B
:102B80000000080304210310400300002100050099
:102B90000000410080008900808040021005090883
:102BA000910380004011028000000811038441401D
:102BB00088100080808021800000800010000200CA
:102BC000000000200002042088C120010000004015
:102BD0002000089100100010A088010800080108DA
:102BE0000188102088C010850303001000C001096F
:102BF0009105000009C00001A00100080888A0910B
:102C0000918300000000010000C1050104000000E4
:102C100000008800048802089004888200010100F6
:102C2000010011011000000001104000008801099E
:102C300001880220900408041084004082000000F3
:102C400001004000034089840201C00200020084A8
:102C5000000190008802C0A01001C0880900880807
:102C6000C100111003858884A000C0040100000089
:102C70000000000001880900000000008388212175
:102C80000800C00200000110014000000004000123
:102C9000000201000010820104908800C004018835
:102CA000012100010000000800048801000001402B
:102CB0000089000000008400000801000988000469
:102CC0000010000000008900A0002003A100000007
:102CD0000040001000000000000080210000A00063
:102CE0008500A000208083C08300000080000300D6
:102CF00000000000090003808400000000008389B8
:102D000004C00000808000000300028821051080BC
:102D1000004000004004000080110000000000801E
:102D200003800491050303000080000000400000C0
:102D30000200080840111000824009004000A00075
:102D400000800080000000000000000BD000218205
:102D50000000000BD00000008100000BD00000003C
:102D60000A50000BD00006000050000BD0000000FD
:102D70002160000BD00000000050000BD0000000CC
:102D80000050000BD000000000000000000BD0003D
:102D900000008200000BD00000000000000BD000FB
:102DA00000848200000BD00000880000000BD000DF
:102DB00000000042000BD00041410000000BD00099
:102DC00000000000000BD00041003FFF3FFF4DFF1F
:102DD000FFFF000000000C005FFF000000000CD7A8
:102DE000CFD730F53FF5CFAACFFF0000000000009D
:102DF00000F000000000000000AA00000000000039
:102E000000F000000000000000AA00000F55FF3C89
:102E10001717C3FF0F0F0000FFFF0000FFFF0000A8
:102E2000FFFF00005C5C0FFF505F00FFFFFF000032
:102E30000F0F00000FFF0FFF5CFF0CFF00000000F2
:102E40000000000000000000000000000FFFFFFF76
:102E50004DFFFFFF000000000C005FFF00000000BE
:102E60000C14CF1430053F05CF00CFC3000000FF86
:102E7000000000F000003C3C000000AA000000FF41
:102E8000000000F0000000FF000000AA00000F5545
:102E9000003C1717003C0F0F00000000000000006E
:102EA0000000000000005C5C00F0505F3C3C000053
:102EB00000000F0F00004F7F4F4F5CFF3CFF800072
:102EC0000000000000000000000000000000FFFF04
:102ED000FFFFFFFFFFF300000000EFECE3E0000066
:102EE000000000000000FF0FACAC0F0F0000550009
:102EF00000000F00000000AA0000C300000000F066
:102F000000000F00000000AA000082820000000004
:102F10003F30FAFA3F30FAFA0000FF000000FFFFEE
:102F20000000FFFF00003C3CFF3CB2B2F0F0FF00AD
:102F30000000FF000000FFFFFFFF7DFCFFFF343FAC
:102F40000000000000000000000000000000000081
:102F5000FFFF3F30FFFFFF30000000002F2C232039
:102F6000000000003C003030F000ACAC0F0F00005F
:102F7000550000000F00000000AA0000C300000080
:102F800000F000000F00000000AA00008282000094
:102F900000003F300A0A3F300A0A0000FF0000002C
:102FA00000000000000000003C3CC300B2B23C3C0A
:102FB000AAAA0000FF0000000000FFFF00C0FFFF02
:102FC000343000000000000000000000000000009D
:102FD00000000086000000800000A00052F0A03831
:102FE0000005A0865090A380008500860C84038095
:102FF0000803C0C7C02430B04903C0C7C0E433B021
:103000004903C041C0E430304903C041C0843000AE
:1030100043030000080004F000320010A88654F0BA
:10302000A3B20015A8005490A0020015088604F071
:1030300003B20010A80054F0A0320015008600EC86
:1030400000B00000A0865030A0B00005A08650F06F
:10305000A0B00005FFFFFFFF7DFF3FFF00003C3CED
:1030600000FF0000FC0C3C3C000CFFFCF330FF00B8
:10307000000CFFFCFFFFFFFC0003C0C300000000CA
:10308000553F55550000FF000F0F0000F0FFAA3C10
:103090003C55FF0F00000000FFFF00FF0000000094
:1030A000000000000000F03CAAFFFF0F553C0000AC
:1030B0000000000000000000F0F000FF0000000031
:1030C00000007D7D7D7FC3C30000FFFFFFFF000088
:1030D000000000000000FFFFF3307DFF3FFF000015
:1030E0003C3C00FF0000FC0C3C3C000CFFFCF330BF
:1030F000FF00000CFFFCFFFFF3F0000000000000E9
:103100000000550355550000FF000F0F0000F000B0
:10311000AA3C3C55000F00000000000000FF00002A
:103120000000000000000000F03CAA00000F553C29
:1031300000000000000000000000F0F000FF0000B0
:10314000000000000000000FC3C30000F7FFFFFFF6
:103150000000000000000000FFFFFFFC1FDFFFFF7A
:103160000000F0F00F0F0000FC0C3C3C00FF14D7F7
:103170003FFF300000FF05F5050000003F503F5FB6
:10318000000000000000000000FFAAAA0F0F0000CE
:103190003CFFAAF03CFF550F00000000F0F0555531
:1031A000000000000000C2C13834AFA03F3FFF550F
:1031B0000F3C000000000000000000003C3C00FF4D
:1031C00000000000000000000000FFBF0080FFFFC3
:1031D000FFFF0000000000000000FFF3FFF01FDF12
:1031E000FFFF0000F0F00F0F0000FC0C3C3C00FF64
:1031F00014D73FFF300000FF05F5080008003050ED
:10320000305F000000000000000000FFAAAA0F0FBE
:1032100000003C00AAF03C00550F00000000F0F058
:103220005555000000000000FAF5FAF5AFA0303067
:1032300000550F3C000000000000000000003C3C76
:1032400000FF00000000000000000000FFFF000081
:10325000BFFFFFFF000000000000000004200490FA
:1032600011A00440210804A0214004200440048847
:1032700021100488044004A011881140008804082B
:1032800021402140020821820490021000C003085E
:103290000410040800400488110804C0000000A0C5
:1032A0000290112000200408051000880440000846
:1032B0000420008800080088044020A01020000896
:1032C00000200000009000C000C000C003200040AB
:1032D0000000000000A00090000000002108000095
:1032E000000000000000040090000000000000004A
:1032F000004004000000000000001000000000007A
:1033000084000021040900210400000000000000E6
:1033100084000000000004009011040090000040B0
:103320000000A000000000000000000000000000FD
:10333000000001000000000000000000000001008B
:10334000000004000000000002000800000000006F
:10335000000000000000000000000000000000006D
:10336000008810A00020008800C0001009C00208DA
:10337000110009C020C008A000200010009003C068
:1033800000C003C0219000200020031000A000A076
:103390000210004000080010002000081110000278
:1033A0000000038800400090008800C0002000A0BA
:1033B00000C0002004088020802000A0002080821F
:1033C0008040000000C00020000820828208002009
:1033D000008800080020112000200020000804843C
:1033E0000082821000100010001000200040001029
:1033F00000118210001000200010000802080008D0
:10340000A010001002020010001000110041002066
:1034100082208220001000200021A0110041822083
:10342000002000000220202004219010A04000086D
:103430000008002000418240084002119040001125
:103440000420201100050003000500400010214069
:10345000009000100010000800110008004000104B
:10346000000300101104119002400388048411200D
:1034700041020010008400A00982094011900088D8
:1034800040841184008809020920094021044182F6
:103490000920094000080090022008A0001000C088
:1034A000208204840000200800A000400040110297
:1034B0000040001000820082004000A0004000A0F8
:1034C00000A000900084410400841008004000081F
:1034D000202021040088041000A000C0042000085F
:1034E0000010041040A0000504020003200508217C
:1034F0002008400500400803880500040002004041
:10350000A00484040809840440040020A041902100
:103510000205004000009020000008038802000817
:103520000000000588030000C010101000081008FB
:10353000C010100302210005001000000003000568
:10354000884082111010002100400021001000105E
:1035500000211010840500040082000500100040C6
:103560008489002101020003054000900040000012
:1035700000A000A010C0030200000000200400A072
:103580000088050403A000A010C011A0100005A031
:1035900010002000058810001000000020004100ED
:1035A0004190000005000008000000A0000000405D
:1035B0000088204000C000900000209000904090C3
:1035C0000488088200C0208811C0004000C183C068
:1035D000000100840040000800A1000100C1800239
:1035E0000040000010010001100008080820080831
:1035F0000020000908410821002100218408202121
:103600000041844100210041000882039010842081
:10361000000320108211022100080809C003A00540
:10362000082000090811080084100000024100056C
:103630009010A0110005200508030010A00584418A
:10364000A110A010914188020908A0208283820461
:103650000210820882038220C04000028408100207
:10366000088900830010001084040105419000883F
:10367000202000C00010044000200088000800C086
:103680001188058200A02020000200200808008880
:1036900002C000902190000241880004008841A0EF
:1036A000000000880000000200000000000000820E
:1036B00000000004008400820088100000080088D8
:1036C00000A009880004100240001004100800083F
:1036D0000500410202104102401000001000008469
:1036E00000040040001000100002008400100003DD
:1036F000C0000021000200418803001100002002E8
:103700000002000500042005021100110002002142
:103710000005004040050000044108100020C000E2
:10372000104000218403044000050004000900004B
:1037300000000008002000210021A004C005200096
:103740000000820010111000010885000011000027
:1037500002C040209089C040088020820000000400
:10376000844084100000080904A100000008080338
:1037700000C000C0100000A00000039000082184D9
:103780001190029020080008201000C0022010C0F4
:10379000008400C00808000200C0000808080920D2
:1037A00000840084419003900084001000A00082F7
:1037B00000000000000000A00800110404A0002088
:1037C000004000880410000800C0001008100082AB
:1037D00000100010821084841140100020C00001ED
:1037E000800085408000031000A004088084000051
:1037F000000400029021824100080004A009840016
:10380000C04182410000A0410000000382038410F7
:10381000040300408809C02100080040082100413D
:1038200082210021824084418209824100090000F6
:1038300004410000880900410841080308410821AB
:103840000000842100400409000008110800090557
:103850000408202090050200081108109009840037
:103860008204100802000440904082000041402081
:10387000000010C100000000000000000000000077
:103880000000000000000000000000000000000038
:103890000000000000000000000000000000000028
:1038A0000000000000000000000000000000000018
:1038B0000000000000000000000000800000800008
:1038C0000000008080030000000000030000800072
:1038D0000000808808008000000000000000808058
:1038E00020008041021100000000000300000000E1
:1038F00003008089080000000000000000000000B4
:1039000000000000000000000000000000000000B7
:1039100000000000000000000000000000000000A7
:103920000000000000000000000000000000000097
:103930000000000000000000000000000082000005
:103940008200000000101000009020000001000024
:103950000882008404A000008200000000820008A9
:1039600082080088104100000090880000010000DB
:103970000088011010C000000000000000000000DE
:103980000000000000000000000000000000000037
:103990000000000000000000000000000000000027
:1039A0000000000000000000000000000000000017
:1039B000000000000000000000000000820000087D
:1039C00000000000830000100000830001000040A0
:1039D0000000820011820082008500089000000033
:1039E00000004082098200A00020090001010000BF
:1039F000000011001082009101840000000000000E
:103A000000000000000000000000000000000000B6
:103A100000000000000000000000000000000000A6
:103A20000000000000000000000000000000000096
:103A30000000000000000000000000000000000086
:103A400000000000000004000080000008000811D1
:103A500000000000000082800080000300000000E1
:103A60000000000000000480008000900800411069
:103A7000000000118200C08000034100000000002F
:103A80000000000000000000000000000000000036
:103A90000000000000000000000000000000000026
:103AA0000000000000000000000000000000000016
:103AB0000000000000000000000000000000000006
:103AC00000000000000000000000000021000020B5
:103AD0000000400000000000008003000000000023
:103AE00000000000000000000080908841000011EC
:103AF00000000000000000000000000000000000C6
:103B000000000000000000000000000000000000B5
:103B100000000000000000000000000000000000A5
:103B20000000000000000000000000000000000095
:103B30000000000000000000000000000000000085
:103B400000000000000000000000000000880000ED
:103B500000010000000090000000000891820000B9
:103B600000000000000000000000000221A1410050
:103B700000000000000000000000008888820000B3
:103B80000000000000000000000000000000000035
:103B90000000000000000000000000000000000025
:103BA0000000000000000000000000000000000015
:103BB0000000000000000000000000000000000005
:103BC00000000000000800010000002001000200C9
:103BD000000000830100000000008282000201005A
:103BE000C0080000019000C10000080000820882A7
:103BF000C0A0008200000000000008820008010050
:103C00001083000000000000000000000000000021
:103C100000000000000000000000000000000000A4
:103C20000000000000000000000000000000000094
:103C30000000000000000000000000000000000084
:103C400000000000000000000041000000800400AF
:103C50008800000000824100000000000080008019
:103C6000020980850000100000C1000080004000B3
:103C700003A0000500880000000000000080000094
:103C80000210804100000000000000000000000061
:103C90000000000000000000000000000000000024
:103CA0000000000000000000000000000000000014
:103CB0000000000000000000000000000000000004
:103CC00000000000000000000000000000000000F4
:103CD0000000000012008148000BD000120000001C
:103CE000000000001242000000000000120000006E
:103CF0000000000012428148000BD00012000000BA
:103D0000000000001242000000000000000000005F
:103D100000000000000000000000000000000000A3
:103D20000000000000000000000000000000000093
:103D30000000000000000000000000000000000083
:103D40000000000000000000000000000000000073
:103D50000000000000000000000000000000000063
:103D60000000000000000000000000000000000053
:103D70000000000000000000000000000000000043
:103D80000000000000000000000000000000000033
:103D90000000000000000000000000000000000023
:103DA0000000000000000000000000000000000013
:103DB0000000000000000000000000000000000003
:103DC00000000000000000000000000000000000F3
:103DD00000000000000000000000000000000000E3
:103DE00000000000000000000000000000000000D3
:103DF00000000000000000000000000000000000C3
:103E000000000000000000000000000000000000B2
:103E100000000000000000000000000000000000A2
:103E20000000000000000000000000000000000092
:103E30000000000000000000000000000000000082
:103E40000000000000000000000000000040000032
:103E50000000000000000000000000000000000062
:103E6000000000000000000000007B75AEDE0000D6
:103E70000000000000000000000000000000000042
:103E8000000000000000000000007B750000000042
:103E90000000000000000000000000000000000022
:103EA0000000000000000000000000000000000012
:103EB0000000000000000000000000000000000002
:103EC00000000000000000000000000000000000F2
:103ED00000000000000000000000060000000000DC
:103EE0000000300200000000000040431E68167B06
:103EF000C002000000000000408C0700000000002D
:103F0000000030020000000000004003DE68009066
:103F10000488002020202140040200408240040840
:103F2000048982A0034011080420032004A0044156
:103F3000A0118408841004200440044004090410E3
:103F400020A02040044104A000090210219000009C
:103F50000000021000C010A000900202A020040087
:103F6000044004A08010A00804C0008800080000DD
:103F70000420042004A090040440081108410420F7
:103F80000040001000000000080411081111110089
:103F9000021000410011008008000080000003C0F2
:103FA00001002104040000000409910004800100C4
:103FB000210420202100050801880100912000042F
:103FC000A0000040000000040000002000080020C5
:103FD00000C000008400000001000000852002886D
:103FE00002000000000002002100000000000000AC
:103FF0000400010000000100038001000110012005
:104000002080000000000000840000800000000408
:1040100000000402402040C0001100C0004002081F
:1040200000004140211000C080C080200490112079
:104030001088A0900004C10003C0084000200010B8
:10404000912002A0410921200820002000A00000AA
:104050000084000000088004008802040040008200
:1040600000C00000100000200020A02082902182CB
:10407000800200C0000080888020800100040004CD
:1040800000848204404080C00020802000000001A5
:10409000A084002000A0019005050040201000A190
:1040A00000108221901000200410041004900310CE
:1040B000A0100020212090A0044100200220022115
:1040C000A04104400020022002100241841002108E
:1040D00000200041008000111088A0110484040415
:1040E0000010040900410020028004A02089201053
:1040F000022002A0000000100410024010400090B6
:1041000000C0042108900041104002A02080A010AF
:1041100000040409008840C0800820210808200805
:10412000001000904084020580C004820002110249
:10413000208420040010840000908282008500A06A
:1041400004102090002020082040200800082009AA
:104150002002040420080000200584C00410020886
:10416000C020000480C080100211000400908588E7
:1041700000904020200400842004200400208204B9
:104180000841041008020003048404A00010100475
:1041900004880088400400100008020201C02109C0
:1041A000100400004041010800A0400301218403E5
:1041B00000001008000320410421820004001004C4
:1041C0001003110305080090018401821185008805
:1041D00091200140018011880000002009040104A1
:1041E00001212000100820032005002000100008F5
:1041F0002021000900080000001001400121881062
:104200000508012001020105001000030102000859
:1042100000900005040082082040050103A008006A
:1042200000004101410510402120880308010000E1
:1042300000000020219004000584414011901100ED
:10424000A0C00320040141018800100004204100A7
:1042500021024100104010841001000000012000E4
:1042600002050000402020001040820040000500B0
:104270004100C0C000030085100003010090410010
:10428000210010000000044004040400002010007D
:10429000000040000020022011000004040400116E
:1042A0000010000282200220100910C10408102012
:1042B0002021200800800211C10500218241100048
:1042C000081021020291830400200441C009C0416A
:1042D0002011008302008480880002200000200456
:1042E00010209104C00301C00120C0051140894184
:1042F00020200003030340820002040388400020C2
:1043000000110003080904039103C19101211091D8
:104310000220000301210091009000058485804067
:104320008304112088820002050402200003000299
:10433000C009A0088004004005414104024004086F
:104340000408050409A009081190082089A000C0EC
:104350002088004000A000C0200409C00420000004
:104360000000400208080410024021200000040858
:104370000440402021000804804020C18984A1021B
:1043800021202182A008118800200808021004C002
:1043900000100582059002C000000000218409047D
:1043A0000400200500084000020000080180404091
:1043B00000000402200204A10000882084080811E3
:1043C0002009034000214003008000080485040305
:1043D0008800000000880205000000000000202185
:1043E00000000000000000004000001040800010AD
:1043F00040034004000840040005040000200403BA
:1044000004A100008800200004004010010000000A
:1044100090030002001000008803042140400000C7
:104420004002008802880584020400C020022000A7
:10443000A11021A0A12021C010100084009002A092
:10444000212008882183200408200304410200A0C1
:104450000584002010C02120802041C010881184D4
:1044600010400000100021001000102010841002E5
:1044700005C004A0040000C003A00384410882100A
:104480008911C1080088200088C02140110910C08E
:1044900004082084004000080290219010C000828F
:1044A000000400828404C004822010800800000000
:1044B0001005200300001000C04000098221000404
:1044C0000211C0890010080485800089008000C0A6
:1044D000000090000080004190A10280000920406F
:1044E000004088C10000C010C011204188A0A00871
:1044F0001100202041049003C003900010200020F0
:104500002103100820030008820902200483001000
:10451000400501410409820000848200004100003E
:1045200082000041C0210003840903410309008384
:104530008003048800200011090800A00082830382
:104540000403808320840089040980910004000012
:1045500020808000800003108004400021080000BB
:10456000820041008000000010008800110003005C
:1045700088114002200241040040844020090010BC
:10458000830309040305034182000400C000020004
:10459000088803044010410580058082020300035F
:1045A0000408808340084010080140000201000018
:1045B00088820490030400090004004008110005EB
:1045C00088A101C0081000C140080085C010008902
:1045D00000A00102C01008C0910010000300A0015B
:1045E0000400A0004100820000000100030002005E
:1045F000010008004100090101000001C000110094
:1046000000009001C101900140019000890010005C
:104610000000408391910905010208898210014040
:1046200000400409020201410091A0824000118271
:10463000414041911084882040200008880888006B
:1046400010010000890188000501080409008801A3
:10465000A1010804822088C005C01021401020025A
:10466000080201210100002000100000A121A10189
:104670004020044102820801100209100890400005
:10468000C020830005414188094105118990A1009E
:104690008840410005019020A0018304089110C0CA
:1046A0001090411082009084030540109091910475
:1046B000A10083840403A0211003208900000005C9
:1046C0008003004111004120A1000308088041003F
:1046D000C0082009910008C08405080391A19085B5
:1046E0008985891040C0041110800921000091A023
:1046F0000510110040C11185091005809003C0000C
:104700004100838008109083410405918309400093
:10471000A0214100C1051040408003418400800376
:104720008900800020004004030090A14091800097
:10473000210204080083050084009100C0001000DD
:1047400000800400208000A011900041210380021D
:10475000009011890020808000002080800000A04F
:104760001090040288890000208020000080000052
:10477000008908412102809088C02011208982A0F0
:104780001120100909C009C02120020520889103C9
:1047900000A010411002802003C10083A02188885E
:1047A000020000800200400004A10040044008080C
:1047B000404000A10085084141101002098211907B
:1047C000208800C00110118884A000C100090805DC
:1047D000208300A100A110A1200200C00008100445
:1047E000200501A000C103082004000800044008BF
:1047F0000000400200C000A10283210200A00010BE
:1048000010050005010800400809004100C0010929
:1048100041A12041008401A010910104A00408C01E
:10482000418201A040C0108241880020C010A040F9
:104830000808830188021100900482C003C191001E
:10484000C108C01011A01000054108008821100106
:1048500008098304C1844000C00088008841050124
:104860000001C108A020C000C0C010000440A0008A
:10487000C0000000100888820800C0A01001C08895
:104880000410A0080011008400000004098902211E
:10489000090010080040001100010040834191020E
:1048A0001100A110914110080800404089218501A4
:1048B0000801408283102000C00011800009A02060
:1048C00020102080020084008400881080008088EE
:1048D0000004001009004000110000000900848855
:1048E00021200840408810A0110804000000008228
:1048F000000200000000000900808000000000208D
:104900000004808880000002000500080000838207
:10491000409182202100001000C000030000884068
:1049200041A1021141000803908402040900088398
:104930000441880340800000000BD0008300000089
:10494000000BD0000A001200000BD00000000A008B
:10495000400B000000000A50400BD000000006424F
:10496000400BD00000001100000BD000820000417D
:10497000000BD000004100000600000BD0004250A8
:104980000000000BD00042000000000BD00000002F
:104990000000000BD00082000000000BD00000508F
:1049A0000084000BD00082000A88000BD000820037
:1049B0002184000BD00021603333FF00F00FFFFF94
:1049C00000260026000000004ECF4E0C0000000024
:1049D000FFFFFFFF00007E7EF6FF0600CF0CFF000A
:1049E000FF6CFFFF00000000666666763C3CBC3C46
:1049F000000000000000000000000000000034384B
:104A0000C2C100000000FF3C662400000000FF3C23
:104A10000F0CFF003C3C00020000000000000400FE
:104A20000000FFFF7C40FF1CFFFC0C0000000000AA
:104A30000000FFFF0FCBFF0CFF0F3333FF00F00F21
:104A4000000000020002000000000F0F0F0F000026
:104A50000000FFFFFFFF00107E6EF6FF0600CF0C88
:104A6000FF00006C000000000000666666463C3CEB
:104A70002C3C0000000000000000000000000000CE
:104A8000F6F9F6F9000000000F0C06040000000023
:104A9000FF3C0F0C0F0F66660000000400000000D2
:104AA00000000000FFFF7F40FF1CFF0C0000000023
:104AB00000000000FFFF0F08FF4EFF4E0000000047
:104AC00000000000000000000000000000000000E6
:104AD00000000000000000000000000000000000D6
:104AE00000000000000000000000000000000000C6
:104AF00000000000000000000000000000000000B6
:104B000000000000000000000000000000000000A5
:104B10000000000000000000000000000000000095
:104B20000000000000000000000000000000000085
:104B300000000000000000000000000000003C3CFD
:104B4000F00FF0F03CC36610669164E57CFD3CF02C
:104B50003C3CFFFFFFFF0000002076F6800000FFD6
:104B6000303FF0F0C0FC00000000FFFF72FF24E7C0
:104B700000FF66FC666600000000E66666660000F0
:104B80000000000000000030BB00BBBB00FCFCFCD0
:104B9000707E707EF0FF727E66FFFCFC66FFF03C6C
:104BA0000000000000000020F3B0FFFF1F3CFFFFEB
:104BB0000000002060600606F3B0FFFF03BFFFFFA8
:104BC0003C3CF00FF0F03CC30010009140C158D9BC
:104BD0003C663C3CFFFFFFFF0000002076F6000033
:104BE00000FF303FF0F0C0FC000000000000720049
:104BF00024E700FF66C06666000000002666666661
:104C000000000000000000000030BBBBBB000064DF
:104C100064640000707E6666666666000C0C660062
:104C2000F03C000000000000000030B0FFFF103C2E
:104C3000FFFF000000006666666630B0FFFF00BC44
:104C4000FFFF128621F040B4004800860CF000B04F
:104C50000085A0865090A380086500E6008003C010
:104C6000550000A6009C03C00400A0A6509CA3C051
:104C70000485A08652F0A3B00005A08650FCA0B029
:104C800000050000A08650F0A3B80005A08650F0F3
:104C9000A0B80005008602F000B80000088604F005
:104CA00000B90010A08650F0A0B800050000008CEC
:104CB000000000000086021C038000000086000C3B
:104CC00003800000F0F0AAAA50505050C13CC1002F
:104CD00000000004FC3C0C3C000CFFCFFF30CF0078
:104CE0003C3C303FF03C3C3C0F0F033FFFF00F00DB
:104CF0003C3C303FFFFFEFE35C5F5555F0FAF07846
:104D0000755555550000331111330F00F3FF7D0D1C
:104D1000D7070C3C0FFF00000000FAAF382CFF3C17
:104D2000F030A2A85154000000000003282BF0AA84
:104D30003CFF3C3C5555FFFF70F35C0CFFFFFFFF51
:104D4000F0820FFF0CFF3C3CFF000C0C000F803C7E
:104D5000800000000000FC3C0C3C000CFFCFFF304A
:104D6000CF003C3C303FF03C3C3C0F0F033FFF008A
:104D7000FF003C3C303F00002C205C505555F0506B
:104D8000F078455555550000FF5555FF0055FFEB90
:104D90000D7D07D70414055500000000FAAFC2834B
:104DA000AA28A020F3FCF3FC000000000000282843
:104DB000F0AA3C000F0F00FFFFFF70305C3CFFFFCC
:104DC000FFFFF0B24DFF4DFF000000003131013117
:104DD000ACACFFF00F3C0F0FFC0C3C3C00FF05F5AA
:104DE000FC0C3C3C00FF05AFFC0C3C3C00FF0CCF36
:104DF000F330FF0000FF0CFC00000000ABBFFFFF22
:104E00000000000000000000000000000000007D25
:104E10007D7D00000000003F3F3F00000000C238E1
:104E2000832C00000000000000040000000082004D
:104E30008F0F3CF0FFAA0FFF3535F8FBFAFB2D056D
:104E4000FFFFFCFEFFFE5C0CFFFF00000000010105
:104E50000131ACAC0F000F550F0FFC0C3C3C00FFB8
:104E600005F5FC0C3C3C00FF05AFFC0C3C3C00FF96
:104E70000CCFF330FF0000FF0CFC00000000011518
:104E80000000000000000000000000000000000022
:104E9000000D0D0D000000000015151500000000AC
:104EA000FAFAAFAF000000000000000000000000B0
:104EB000FFFFFFFF3CF000AA00F03535F8F8FAF8E4
:104EC0002D0FFFFFF0F2F0F25C3CFFFF82A00441E7
:104ED00004A1031000C0008804C0044020C0822048
:104EE000040804912020A040209020209188119057
:104EF000914084402108842004052108042004C036
:104F000004A0A1114011084110A00321000021417B
:104F10001100020208029120800880401120081030
:104F2000202021C000A000A010080400400821207B
:104F300000100420A102002000080010C010088802
:104F40000810212002000090110804000008200031
:104F5000000400040040004020200000082002005F
:104F60000480A1210104098021C1112005A0200095
:104F70000000200820880010058509A00000050811
:104F8000091005410420052004200900002000C06C
:104F90000004000000C104800480040002410000FD
:104FA000000000000010A01004000000000001102C
:104FB00000800008009008000000000000000200CF
:104FC0000120010000C101000010000000020200E9
:104FD0000002002000C0000200200009C040008242
:104FE000002000C0009021820020000400C00004C6
:104FF00003400002020405008020020411208210F8
:10500000028403A000088040009000100090000877
:10501000000000880240022100000400002000A0DF
:10502000A108024000A0204000002000201000C085
:1050300000A00020000103A00008040100408041FE
:1050400040400004040400080000210200A00021E8
:105050000090C090A090C01000A10010C0020520D8
:105060000210041000100220021000100490001022
:10507000009002100210A0A1901004A0A0A1821024
:10508000042000100220000920209020022004208B
:1050900000100000202088200240022001400090E3
:1050A000020904210020024102219008010891A177
:1050B00090200040A0100020042090002120000239
:1050C00004200220909003C0822000400289021038
:1050D00000840010402020820920092004048082DE
:1050E0000410A00800840084200400022082824171
:1050F000030405C0A00320C005C002414084201065
:105100000040840420842005200208840040002000
:10511000042000010000001020840010090920086C
:1051200002840888092000A0000400104004001038
:10513000401080200088080200840804101000102D
:105140000020042040200491002000410020022083
:10515000040200000484008388080082209141A09A
:105160000404910504030004081110C002880140E2
:1051700003C00085881102040108021009C0002044
:1051800089118808210321400120A110000800A1F5
:1051900010000141100800001000C108C010A0203C
:1051A0000204094111020011104182080088842084
:1051B00008410802020502028308000585009005E7
:1051C00000080080910810859120008288400083AB
:1051D00000A100C100080805100085C021040500D9
:1051E00002210890808203080401040221001000BB
:1051F0000200880010214100202000058040882105
:10520000880420209004102020A02000200510C138
:105210000540030490A090040000100809100390BA
:10522000030082040402A0010401410500110000F2
:105230000811000000C0100011001000090020003B
:1052400020011020112020208020040100000220D5
:10525000C1C01101900010C0900182414021200383
:1052600008100082081004080005C120A1080421CC
:1052700000210008020510200008000800A02003FB
:1052800002C020A1218804C18284C100110801A0AC
:1052900082040000008020101100000000001000B7
:1052A0009041C02105100120042001200020902001
:1052B000820382102000101184051002C0410000FA
:1052C0000005002000800090008204800120100072
:1052D0001180040000042004A005202005020440E1
:1052E00003C08082100880C0082180200090002028
:1052F0000420408402C08209054020A09082100052
:105300001041024103C0030203040905200020C02C
:10531000100403820808210000041040000041002E
:1053200005C0028405211002000320009010209087
:105330000020412010A010820588001020200004C9
:1053400010A100081102110021000088210800822C
:10535000118441C00484419003201102084088094F
:105360001105400820210205200384844089040897
:1053700000820120A1050421032000A108210409C5
:105380000000004009C08840A0000403A0042000E1
:105390008911A084002002000008080884C00000D1
:1053A000882100002020200208051020C0100408D9
:1053B00010001005108090029000100582088821CE
:1053C0000041001040050002000008004000C00934
:1053D0008400C0080005892140028880C0809005B3
:1053E00000040220C1A00088418808200090090420
:1053F00002900082A1100484208402402109002030
:1054000003A0054000200841048205820388002093
:10541000832020408091A020400441400240880029
:1054200000000540100240084100021111A00809C7
:105430000220401003100904000800400088089072
:1054400000850020080403A0038410880020414048
:105450000000108400200021092100840282001035
:1054600088840021020040004008002010800400D1
:1054700090800000000304004100012001898204A3
:10548000000300000080008000C0012108008800A7
:10549000C080208000002020058901C1A0800080FC
:1054A00020000000000502001000000500409000F0
:1054B000842001808491008000000004000002002C
:1054C0000000C020000000050000000000000000F7
:1054D00000802000000000009004A0048400000070
:1054E0008200400980830310A0900980800340045B
:1054F00080040008821110028000080380098509D9
:105500008800000500890409081185850089218922
:105510000041414188000008802000022080008076
:105520008800000000008803080420090521A1C0AC
:1055300000090889412083841105C1100510210349
:10554000802189200820911003040021101190214E
:1055500000108511081003030541410803200000D5
:105560000900800000000489048503040004880900
:105570000084C090009188890110C0820140100011
:10558000410103000001400401C190108511A008F1
:10559000010982C00101890000C1088300021110C5
:1055A00090020282C040000041018801900000008A
:1055B000C0838884A0400021888209A003830088DA
:1055C00000019000200001000401010540000000DE
:1055D000110004010200010101000800890001001E
:1055E00000000000080000000204850889014182D3
:1055F00009888900888411000083890288211000AD
:10560000840302018340048304830300040284C1F1
:105610000110A1A18900A1010800C10089C00200F8
:1056200010080800044008840000C010A000040412
:1056300009010810020305051091908340058902B5
:1056400083912100840090004009010800090010A6
:1056500000018810A041C0A14001C0100440911178
:1056600082000008000000C0000190050802A104AB
:1056700083828280400491008302109020058985F6
:105680001109402084402180840988A0C10811802C
:1056900004050480A1C19000200984000200A0003C
:1056A00002000510C1030200822100000900C12090
:1056B0000880C103C18088031084840303822141D0
:1056C000A084C083080483092000A18308002083EC
:1056D00020C10341050009032102A103208041806C
:1056E0002103A0400000000200800020C09080C183
:1056F000418000830011000202900003A0091141C3
:105700004041829108082190090980040080A1404D
:1057100083898004008000101009002000900000A0
:105720000020400400A120C0881100830000918463
:105730001091032100C184C02104030821410521E7
:1057400008828341A1821088001103838091900315
:1057500003100420C1208884100803200803094195
:10576000401040201090800004000511900041047A
:105770000203A00488890420008500A09089038585
:1057800001880110888811090008001140400010AC
:1057900040C00309208800A000C0844100A1A0A04F
:1057A000901000A1010440A0A009080420090000F5
:1057B0000221010201820888820521C021C109411C
:1057C000822091C0918988821140008401A0888242
:1057D000820800000100830083080021010810A056
:1057E0000090018501A0C1830400000000001000AA
:1057F00005890240C082C08291C089A0100090003B
:105800000900880300114188838805821100110274
:10581000890005A0080010038288C0A02100A11102
:10582000098889A09002040010C00404C00004028A
:105830000000000400A100010020A120411090827E
:105840008308820188C020000210C0A09010C00010
:1058500008000000080400000009000100400101E8
:105860000104018900010000001000000008000090
:10587000000083038980000000840380A100890068
:105880001100C000904102042000418290808200FB
:105890001080090402008400A01002800000820031
:1058A0002010C080840002800910808800800000E1
:1058B00000850000000900C1412000031005A0116F
:1058C000852108808911A0050421058000000008B9
:1058D000000480004000A188040803402021110832
:1058E0001041084021022021201120800000118851
:1058F000000000000000000BD00041501200400BDF
:10590000D00000004100000BD00021000050000B2F
:10591000D00041001250000BD00041821242400BD7
:10592000D00000000A50400BD00000008181000B25
:10593000D000000000004100000BD0000042000039
:10594000000B000012420000000B0000214200008A
:10595000000BD00000420000000B000012410000CC
:10596000000B000012420041000BD000114100006A
:10597000000BD00000005555FF000F0FC3C33C3C87
:105980000FF03C3C0FF055555D5D000F7D7F0F0F14
:10599000033F00FF0CCF000CFFFC00FF0F0F0303C1
:1059A0003F3F00FF0F0F00FF0CFC5555553C00001A
:1059B00000000004002000000F0F00004010010450
:1059C0004010010424000024020108040000812486
:1059D000000000000088004400810024200810041A
:1059E00000008844000081240FFF0FFF8FFF8EFF0F
:1059F00000FF000000FF0000555500FF0F0F3C3C6A
:105A00003C3C0FF03C3C0FF055555F55000F282FE4
:105A10000F0F033F00FF0CCF000CFFFC00FF00FF47
:105A20000F0F0F0F00FF00FF00FF0CFC5555553CFA
:105A3000000000000004002000000F0F0000802084
:105A4000020880200208810000818040201081240B
:105A50000000000000008800440081002400800253
:105A6000400188440000812400004F7F4F4F0DFF0C
:105A70000CFF00FF000000FF00000F0FFF00C33C01
:105A8000F0F00FF03C3C0FF03C3CFFFF0082AAAA74
:105A9000FCAA3C3CFF00F330FF00F330FF00FC0C9D
:105AA0003C3CF330FF00FC0C3C3CBA8ABA8A3CF028
:105AB000F0F00000000003000000000033000000D0
:105AC000208008022080080220108040220011005F
:105AD0002080080230C00000208010402400810097
:105AE000201080406000090060090000FFFFF0D333
:105AF000FFFF343F0000AAAA0000AAAAF0F0FF00AE
:105B0000C33CF0F00FF03C3C0FF03C3CFFFF0000CA
:105B1000AAAA0CAAFF00FF00F330FF00F330FF0039
:105B2000FC0C3C3CF330FF00FC0C3C3CBA8ABA8ACB
:105B30003CF0F0F000000000030000000000003323
:105B4000000010400401104004010804020100227A
:105B50000011104004010C0300000802040100249D
:105B60000081080402010060000900006009FFFFD5
:105B7000F010FFFF34300000AAAA0000AAAA128683
:105B800021904084084812A6219043840048A0A692
:105B90000C90A3C80085008600FC00B00000009EA9
:105BA00000FC03B0000000AE009C03C0040000BE77
:105BB000009C03C0A400A08650FCA3B9000500000F
:105BC000A8C6597003900800008600E000B00800E5
:105BD0000000008000001000A0C659F0001008006E
:105BE000000000E000300800008600E000B0100077
:105BF000008600EC00B00000A88654F0A0B20015AA
:105C00003C3C3CB40020FFFFFF30CF000F0F0F3CA7
:105C1000EB28FF00000CFFFC000000005555D55597
:105C2000AAABAAAA80000000FCF0C0F03C3C303FC8
:105C3000F330FF003C3C3C0F3C3C3C7CFDFFFFFF55
:105C40000000000000000202FF02CF0C0C0C143C0C
:105C500055FFEB28F3F355FF3F3F60F069FFBEBEF1
:105C600005AF0000FF003C3C000000000000AA82DD
:105C7000AF87000000000030053500000000000084
:105C800000003C3C3C3C0000FFDFFF30CF000F0F2A
:105C90000F3CEB28FF00000CFFFC0000070B5555E4
:105CA0001555AAA8AAAA80000000FCF0C0F03C3C50
:105CB000303FF330FF003C3C3C0F3C3C3C2C0100AF
:105CC00000000000000000000000FF000C0C0C0CA5
:105CD000040C050FEB28303055000303090F69FF52
:105CE000141405AF0000FF003C3C00000000000061
:105CF000AAAAAFAF000000000000053500000000B8
:105D000000000000FFFF000000FF00FFF330FF0075
:105D100000FF0CFCFCC0F0F000FF05F500000000E7
:105D20003C3C0F3CFBFBFFF35555CF55FF0FFFFFEE
:105D300000FF05F5E8F0E8F000FF0CFCAAAAFACA9B
:105D400057555555000000000000555555550000A9
:105D500010000C0F3CFFFCC0EBEBBEBE05AF00001B
:105D600000000000000C0000FF005555000000007E
:105D70000000CCCC8844000000005551FFF3000027
:105D8000000000000000BFFF100004FE00FFF33021
:105D9000FF0000FF0CFCFCC0F0F000FF05F5000068
:105DA00000003C3C553C08080C0055550C55F000D3
:105DB000000000FF05F5E8F0E8F000FF0CFCAAAADF
:105DC0003A0A545555550000000000005C555555E1
:105DD0000400000004051455FCC02828141405AF65
:105DE000000000000000000C0000FF0055550000FE
:105DF00000000000FFFFAA55000000005555FFFFFE
:105E0000000000000000000004080490112004407D
:105E100004200220418821820910042020C00400AF
:105E200020204090039004C020200408048820A073
:105E300011C000C021900410000800C004C002106E
:105E40002120208211C00340000040100810029061
:105E50002010000800100420118811C0114004080F
:105E600000C0049003401140048800820090032089
:105E70000300001020C000880000042020100088CB
:105E800011C00800031004102010821020002011FF
:105E90000041004184410040C0118809A041021125
:105EA000021102000241844002110241904120404F
:105EB0009000000990009009000300002009A0094B
:105EC0008200000000088809A020000000030440B0
:105ED0000000904084002000000000000000000945
:105EE00020102010004000000009080000000002FF
:105EF00020000021000000000000000084000010CD
:105F00000000002100000041000088410020002026
:105F1000004000A0009021A000900040004000A0A0
:105F2000002000A0030841A000A000080010008885
:105F300000C000400020039000A0059003A0404056
:105F400000204120054000A0009000C0000000A0FB
:105F5000110041A0000811C00088008800000088DE
:105F600000100090000000820082008421002110B7
:105F70000088210000000000000000C00088000030
:105F8000000000200088008200000008001000408F
:105F90000010041020100210901000108210024116
:105FA000901082108220A0109010021020219009E1
:105FB0000010021002082010201082200041001062
:105FC0000410001004418210041000102010000082
:105FD00000200020404104410010A020A021A0206A
:105FE000A020004100410220022004200420821051
:105FF0008220A0419011A00940400010002100081B
:10600000902104209011A0100020A00302209020D5
:10601000024000A02084110211A005A009A0408424
:106020004008059020040910022009A0004021101A
:106030004084098440C00010408400C00210000465
:10604000110411A0080021040090112008082090DC
:10605000000021C0030800000200020411C0040473
:10606000094009040988090440842008000809102F
:10607000058202A0041009A011C000820484081047
:1060800011022182002003902102000000024182BF
:1060900011A0C005C0410420000000098208A01121
:1060A000A00900050800820588402040844188023C
:1060B000A0200002901182089021020488040804A4
:1060C000C000C00208028221C00082408241080252
:1060D00040050000C009881184218803C003C00363
:1060E0000840A003020500410002880300100420BC
:1060F00082058800400504020010044090210441FC
:10610000C04120210000401108400003000300218D
:106110002020880908900320000841404100100217
:10612000100000044182218200900508418810A0DF
:106130004188210211A002A000A0108210200808AE
:1061400009400308020010C0088209020590058872
:1061500010A0100000001090080000C003A00884E8
:10616000118405A000A00510218802A021900090B4
:106170004084080200841000080410001000000091
:106180004100090240000000009020C000C0000053
:106190000090000410C0C009A0090841084188050A
:1061A000001182058408840202088440C041104125
:1061B000884010419000004102034000A02082115D
:1061C0001021100008400021020584048408C00842
:1061D00010200411C0030000820388410040000029
:1061E00000118408C0038205824120218400C00080
:1061F000A009824084210821C0411005000000212F
:106200000040002010218400080882050010202191
:106210008209100500118808408202900340054061
:10622000000400C020C008A0009005C0108808002D
:106230000982030800C009881008402000020040BD
:1062400000880084004021C005200500099020A09E
:1062500010C041002000050000000220008410084A
:1062600000020090080400C0108800880584210006
:106270001088008400C000000040000441000000BD
:106280004100002000000390084000C041A0002011
:1062900000900020000800A00082C0419008021178
:1062A00000110003882190119009900940081041C5
:1062B0000209900520200000A0048402200402119D
:1062C0008411080000020009C0031000C009000882
:1062D00090009011A011080008210000082104403E
:1062E000C00910418841A00088082004A0210008AE
:1062F00040008400C021C00090089004080988086C
:106300000808020888419011840884059010000351
:106310000005A0094011A0110240004000A04084E7
:1063200000A02182210821824108030000C00390BF
:1063300000A000A003004088000821C0008204C023
:1063400021000304210811900502050820002108FE
:106350000040020000A000A0208400C000000088CF
:10636000208220100040102003A004101110000013
:106370000082038421A02020001000820008002059
:1063800000C01184201000040000002000C000881C
:10639000000009A0008800000082008400200000A6
:1063A00088408800A00882409020021110410420FB
:1063B0000021900000050421002082400421822059
:1063C00084200203A04100418400202102400009F2
:1063D0008820001188092005844082418200000045
:1063E000C0039021820000052000901104000008E5
:1063F00000092004844104008200A0212011000033
:1064000084080802C0000800820008004004100050
:1064100004000841100000001041C0108440020038
:10642000000000000000000000000000000000006C
:10643000000000000000000000000000000000005C
:10644000000000000000000000000000000000004C
:10645000000000000000000000000000000000003C
:10646000000000000000000000000000000000002C
:10647000000000000000000000000000000000001C
:10648000000000000000000000000000000000000C
:1064900000000000000000000000000000000000FC
:1064A00000000000000000000000000000000000EC
:1064B00000000000000000000000000000000000DC
:1064C00000000000000000000000000000000000CC
:1064D00000000000000000000000000000000000BC
:1064E00000000000000000000000000000000000AC
:1064F000000000000000000000000000000000009C
:10650000000000000000000000000000000000008B
:10651000000000000000000000000000000000007B
:10652000000000000000000000000000000000006B
:10653000000000000000000000000000000000005B
:10654000000000000000000000000000000000004B
:10655000000000000000000000000000000000003B
:10656000000000000000000000000000000000002B
:10657000000000000000000000000000000000001B
:10658000000000000000000000000000000000000B
:1065900000000000000000000000000000000000FB
:1065A00000000000000000000000000000000000EB
:1065B00000000000000000000000000000000000DB
:1065C00000000000000000000000000000000000CB
:1065D00000000000000000000000000000000000BB
:1065E00000000000000000000000000000000000AB
:1065F000000000000000000000000000000000009B
:10660000000000000000000000000000000000008A
:10661000000000000000000000000000000000007A
:10662000000000000000000000000000000000006A
:10663000000000000000000000000000000000005A
:10664000000000000000000000000000000000004A
:10665000000000000000000000000000000000003A
:10666000000000000000000000000000000000002A
:10667000000000000000000000000000000000001A
:10668000000000000000000000000000000000000A
:1066900000000000000000000000000000000000FA
:1066A00000000000000000000000000000000000EA
:1066B00000000000000000000000000000000000DA
:1066C00000000000000000000000000000000000CA
:1066D00000000000000000000000000000000000BA
:1066E00000000000000000000000000000000000AA
:1066F000000000000000000000000000000000009A
:106700000000000000000000000000000000000089
:106710000000000000000000000000000000000079
:106720000000000000000000000000000000000069
:106730000000000000000000000000000000000059
:106740000000000000000000000000000000000049
:106750000000000000000000000000000000000039
:106760000000000000000000000000000000000029
:106770000000000000000000000000000000000019
:106780000000000000000000000000000000000009
:1067900000000000000000000000000000000000F9
:1067A00000000000000000000000000000000000E9
:1067B00000000000000000000000000000000000D9
:1067C00000000000000000000000000000000000C9
:1067D00000000000000000000000000000000000B9
:1067E00000000000000000000000000000000000A9
:1067F0000000000000000000000000000000000099
:106800000000000000000000000000000000000088
:106810000000000000000000000000000000000078
:106820000000000000000000000000000000000068
:106830000000000000000000000000000000000058
:106840000000000000000000000000000000000048
:106850000000000000000000000000000000000038
:106860000000000000000000000000000000000028
:106870000000000000000000000000000000000018
:106880000000000000000000000000000000000008
:1068900000000000000000000000000000000000F8
:1068A00000000000000000000000000000000000E8
:1068B00000000000000000000000000000000000D8
:1068C00000000000000000000000000000000000C8
:1068D00000000000000000000000000000000000B8
:1068E00000000000000000000000000000000000A8
:1068F0000000000000000000000000000000000098
:106900000000000000000000000000000000000087
:106910000000000000000000000000000000000077
:106920000000000000000000000000000000000067
:106930000000000000000000000000000000000057
:106940000000000000000000000000000000000047
:106950000000000000000000000000000000000037
:106960000000000000000000000000000000000027
:106970000000000000000000000000000000000017
:106980000000000000000000000000000000000007
:1069900000000000000000000000000000000000F7
:1069A00000000000000000000000000000000000E7
:1069B00000000000000000000000000000000000D7
:1069C00000000000000000000000000000000000C7
:1069D00000000000000000000000000000000000B7
:1069E00000000000000000000000000000000000A7
:1069F0000000000000000000000000000000000097
:106A00000000000000000000000000000000000086
:106A10000000000000000000000000000000000076
:106A20000000000000000000000000000000000066
:106A300000000000000000000820020800C104025D
:106A400041418241031184059120200904098241BA
:106A50002005842120412021020440832003A0013D
:106A60002011200441202020202004014100022088
:106A700004030420208903030000212004111110C5
:106A800002102010111020212020041000200404E6
:106A9000002080828211031102C100C1020400049F
:106AA00011400021008420C0A091001011824110EB
:106AB0000010110200200920110884080803024078
:106AC00082A100200204000404C020C18504A004A7
:106AD00003C003A00420002040202083904000A099
:106AE0004004054090808280C1A00000082008007A
:106AF000208020A00210042000A000C00800A020D8
:106B00008240A0000391029083040121008002C111
:106B100000A000A040210482009090100004028098
:106B2000008000A090A0040800110340002100088C
:106B30000000000000A10080008000000040000371
:106B4000092010400020000800A040088020008894
:106B5000804082208088800004C08004000010C033
:106B600000100000008211A0004000A000A0002042
:106B700002100040092100404020002000000002D7
:106B80000020000800C000000005081100090001F5
:106B9000200000414041040002880040000100A0A4
:106BA0000310000000000002020202A000884088DA
:106BB00040100004020400C000100090002000906B
:106BC00000840021002100410010902000100411D9
:106BD00000100410204004102010031020A1821087
:106BE00004200020041002000210001090109010E9
:106BF00000210021A020000400A10010A00000003E
:106C000002100041C0108240004100A000A000100E
:106C10000020052000A0011002200410000920041B
:106C200000100020201002100011C0110003020803
:106C300005110321A0A19088000000410020201030
:106C400011050304111100038302400209A020086A
:106C5000211141201140821121040991049104085D
:106C60000203401121050004800582010202820214
:106C70000289108882C082042140800540000211F0
:106C800000002120898420848288088400021084E6
:106C90000488210800040310050404111104A02035
:106CA000840803C00440044004A104850002048455
:106CB000A084400804020400000004A0400000A0DA
:106CC00000852004842002022040208303048811D0
:106CD00082110804000482000340004100041004F3
:106CE00090219020032002049002202021200140C6
:106CF000212121200908050821900880048201082B
:106D00000104008000892020010241111021100897
:106D100004418520881104410090200803A00482CA
:106D2000081009100008010001000104A020001053
:106D30000041032100210404010800410100010079
:106D4000840800200240020210000000218809008F
:106D500008A0200002A108204104829100000882BE
:106D6000000410C0038909C02188050803A0100091
:106D700021000000008202041040410408C02000ED
:106D800011A1108400000008090004014190800155
:106D900080902000089000052000080010040800E2
:106DA000080104040441088203A000C0020004009A
:106DB000004000A08200219005A003A000840500EF
:106DC00020C0098810900005110300082021100838
:106DD00090058802C0002004208220830340000325
:106DE000200900C1A011100204219041C041881166
:106DF000A008A00010080002001084110085000502
:106E00000003A004840900800009A00804200005F4
:106E10000404200510091021044040002005084109
:106E200003000110A10011028411100400031004DA
:106E30000341C01184212100C00500111002C020AF
:106E40000200830010000800080305108005850279
:106E500000020985822185020008004021A1A1418C
:106E60001084050441A0410580080891A120A18556
:106E700089900421A188022008400300880205C0EF
:106E80004190030400020020000040214103909043
:106E90001003002109A0200103098410C01009007B
:106EA0009104041084A01005A102902009200388F9
:106EB00003A08040408810881084000140204000DA
:106EC00080820820051085884191C00200002004BE
:106ED00020038800202002204004C004002140201C
:106EE00002C00000000900099020024000040208CE
:106EF000044020000004200000002000900010202A
:106F000020038840000800090800000091040002E6
:106F100040200004020400030004000440004090EC
:106F2000000820030180090088A004110421000842
:106F30008808000004000000C008C0110020008084
:106F400000030402000000402021C00400824184AC
:106F5000020802110884202008090084108810000B
:106F6000058402410508410803080204048241081F
:106F700040844120100800C02008048200080282DA
:106F8000200021C020100020088220C00000102016
:106F900000C005202083201021C0000810100082AE
:106FA00000821104041008C00884410980C003C095
:106FB0000084100010A0100841900082001005000D
:106FC000030020040090090810840002020200411E
:106FD0008411C0000820004110000002002184023A
:106FE0009003400941C09008022104050889080562
:106FF0000000081102410003840211400800104003
:107000008309C0001000000084090041000800004E
:1070100082002020A0088220840900040800A0002B
:1070200008418211C021A000011188080210081136
:107030000000C000C0400141080088040000820533
:10704000820400002020020400040200840420883E
:1070500080039004C00880400003A102A00800093A
:10706000829111098808858509A1088941C188890B
:1070700080000984A00000808021210941058080D2
:1070800003A1C04089402108800080414000008069
:10709000000011030908840308410402418900101B
:1070A0008010C08340210083884090032104008227
:1070B00008100000890002000000848040800580E4
:1070C00002808303110300090408880305040002F9
:1070D0000811028908052001C001000141000300D8
:1070E0000000118888A1C108858500A1080504C198
:1070F00008084008401121040210C089080983A033
:107100000810000909C1020300C104048204A1821D
:107110000008000001018900400001010000000991
:1071200090008200A083000310082010830100015A
:107130004009A001A000100089000000088885C057
:10714000010400041101000110004000820100014F
:1071500040010400820488001108898288214000CF
:10716000412089C00200112089098585828308C0D9
:107170008811A1082090A000119010C0C003090040
:1071800008020921092088000290C1000090000037
:10719000002000A0000000900008019101010021E2
:1071A000C10000A1010009A011200502830008020E
:1071B0000120012001000020000000900101830057
:1071C00021002004040100080141012101000110F7
:1071D00001050120010008910841A1000382084037
:1071E0008002408003C18920828084028589041046
:1071F000080091A1208800058041C000808520A062
:1072000041008880A00990800200080090200011B1
:10721000001000800021000005004000211103093A
:1072200041C0080010410900900021890285832097
:10723000C080041102080303030005410900410353
:107240000900C00080000009090008410303030988
:10725000408004080211031100C000C02090008388
:107260008009202041888003021100021109884111
:1072700041080091030921200000A08040410080C6
:1072800040022090090500A0850290400202A14022
:107290008000118241000080008020081082208937
:1072A00011031002211009020040C110412108847D
:1072B0004003C008404111204003808003000300C8
:1072C000008000A080C0808200C1C00908041003B3
:1072D00004039104100421024003024100C1010390
:1072E000100940200041000820C10140824120894E
:1072F0000908080288100809A1A10288A0028304D5
:107300009010008902118504084110A1A10509020D
:10731000830920049008C0029008008000A00103A7
:10732000000991A1000100C0010002010501A001B6
:10733000014103018301010000C11001400800A0C8
:1073400000A0C004000582C11085A00382000100D6
:1073500000019101820001010001200111910890BA
:107360001100C00411414121052088A1C10088C13C
:10737000100084850901C105A008A0A1C0A104A036
:1073800010021010C10205401120C1A00008001118
:107390000082080204000888400010000080018874
:1073A00000210100000001100083000800010140DD
:1073B00001910110410801908841018801000000FD
:1073C0000020000000000004000200000020010076
:1073D0000109010201000182010801880000830304
:1073E0002100020002808390088382000890210916
:1073F0008883912040100920C12109089183804091
:1074000002008000808041894080028008830089DA
:1074100000080011808080000000080580000080C6
:107420000380111102030500090010840900040300
:10743000030021040488901103004104200808047B
:107440000000001100110000002100000011008068
:107450000300030308910809038004830208090854
:107460000000000BD0000AC40000000BD00009008F
:107470000A50400BD00011002184000BD020005096
:107480000000000BD00000000050000BD0200000D6
:107490000000000BD00000820060000BD0000A004A
:1074A00000000000000BD00000000A50000BD000CC
:1074B00082420A00000BD00000000000000BD00048
:1074C00012000000000BD00000500A50000BD0004A
:1074D00041000000000BD00012420000000BD00061
:1074E00012003333FF003333FF003333FF003333F5
:1074F000FF00FFBFFFFFFF10EF00FFFF40007F40D6
:10750000FF000000FF000000FF003F303C3C0F3C4C
:107510003C3C000000006666666700000F0F00003C
:107520000F0F0000FF007E42FF3C4E4E4EFF4E000C
:107530003F3639300000000000000000000000006D
:10754000000000000000000000000000000000003B
:107550000400000000000000000000000000000027
:10756000000000003333FF003333FF003333FF00EC
:107570003333FF0000200000FF00FF00BFFF0000CA
:10758000FF00FF000000FF000000FF003F303C3C18
:107590000F3C3C3C000000006666666400000F0F74
:1075A00000000F0F00000F0F7E42C3004E4E4EFF33
:1075B0004E003F363930000000000000000000009F
:1075C00000000000000000000000000000000000BB
:1075D00000000000000000000000000000000000AB
:1075E000000000000000000000000000000000009B
:1075F000000000000000000000000000000000008B
:10760000000000000000000000000000000000007A
:10761000000000000000000000000000000000006A
:10762000000000000000000000000000000000005A
:107630000000000000000000C20804000010886183
:10764000C208040000108861000000000000000073
:107650000000000000000000C20804000010886163
:10766000C20804000010886100FFCCCCF0F03CC3DD
:10767000F0F03CC366663CC300FF00FF66666C66C4
:1076800000FF02FF66666C6600FF000000FF00005E
:1076900000FFF0FFF0F0C0FC7FFFFFFF3C3C363CFA
:1076A00000FF0000FFFF00000000F6F63CFF3C3C3E
:1076B000F0F0303F303F0078FF780000000000001D
:1076C00000000000000000000000000000000000BA
:1076D000002000000000FFFFFFFF0000000000008E
:1076E0000000000000000000000000FFCCCCF0F023
:1076F0003CC3F0F03CC366663CC300FF04F766661B
:10770000666600FF00FD6666666600FF000000FF1B
:10771000000000FF000FF0F0C0FC100000006666E3
:10772000666600FF000000000000000006063C0046
:10773000666600FF000FF0FF0078FF780000000091
:107740000000000000000000000000000000000039
:10775000000000000000000003030303000000001D
:10776000000000000000000000000000128621F070
:1077700040940848128621F040B400480086009CDE
:1077800003E000000086009C03C00000A88654F0BF
:10779000A0B20015008600FC00B00000008600F0DA
:1077A00000B00000A88654FCA0B2001500000886B6
:1077B00004F000B20010000000FC033000000500DF
:1077C00004F003320010050004F000320010A0861F
:1077D00050F0A0B000050086004C03B00000008609
:1077E00000F000B20010058604F000B20010AAAA52
:1077F000FCAA0C1C0C0CF07DF0F03C3C5C5CFF0225
:10780000FD0080000000AAAAAAAA55555555AAAAAB
:10781000AAEA0F0F3C0FFFFFFFBF55555555C3C3D5
:10782000C3C30A3C5F3C3C3CF53C575555550000F2
:1078300000000000E7E700E70000AAAA0F0F000021
:1078400000003C3C00FF00000000FF0000FF0000C3
:1078500000000000FFA53C24000000000000000420
:107860000000000000000000000000000000000018
:10787000AAAAC0AA0C0C0C0CF028F0F03C3C0CFCA2
:10788000FF00FF0080800000AAAAB2AA5555553516
:10789000AAAAAA2A0F0F550F000000805C55555563
:1078A000C3C3C3C33C3C3C3C3C3CA03C5455555535
:1078B000000000000000E7E7E7000000AAAA0F0FA1
:1078C000000000003C3C00FF00000000FF0000FF43
:1078D000000000000000FFA5C381000000000000C0
:1078E0000000000000000000000000000000000098
:1078F0000000FF00FFFF575555550000000055558B
:107900003F55FFFB040000FF02FFABA8AAAA00FF3F
:1079100040FFAAABAAAA3C3CBC3CF0F0BEF05C5FC6
:107920005555AAABAAAA55555555F371F0F000006C
:107930000000000000000000000000000000FF0048
:107940000F0F0000DFDFFF0000FFBBBB0000F0F007
:107950003C3C0000000000000000000030AA30AAFB
:107960000000000400000000000000000000000013
:1079700000000000FF00FFFF5455555500000000B7
:1079800055553055FFFF000000FF00FDAAAAAAAA26
:1079900000FF00BFAAA8AAAA3C3C1C3CF0F082F061
:1079A0005C505555AAA8AAAA4D555555B230F0F0CD
:1079B00000000000000000000000000000000000C7
:1079C000FF000F0F0000DFDFFF0000FFBBBB000068
:1079D000F0F03C3C00000000000000000000FFFF51
:1079E0003000000000000000000000000000000067
:1079F00000000000000002088200A008100304211B
:107A0000212020211104800940210220A111809110
:107A100002218221112120A1022084A120400404FE
:107A200008010805A085A04184218220214120C0B1
:107A3000028811100400008004C011A021880010E9
:107A40000920020184040202201020100501A090E8
:107A50001101A02180A0A020822100058404201112
:107A60002011031100110090032000080320A10140
:107A70000400840004018409040002401009038406
:107A800083840402900490C010200040A080200451
:107A90004020822003C004840020048002200200D1
:107AA000008800049088020402C02084208900A07D
:107AB00082049002A041000900C00008002000419B
:107AC000200004410020208008004108A111082066
:107AD000050500081184101011804084908440A096
:107AE00000840020008408840000009004100080BE
:107AF0002004010041004108214080110021C09074
:107B000000108008910420C004088040009000000C
:107B100000100500000004040208804089000202F1
:107B2000A0000002000010200500829000C002208A
:107B3000002000400900008200200000000000003A
:107B4000000800A002A00010102000040810C1C00E
:107B5000A100000405210011000508040001000136
:107B60004021001004010001001003030001002166
:107B70000021000100000001000000000220202080
:107B800002100008201020900110A12010210010E8
:107B900020100221201004109090021020102010BC
:107BA000211021080010201020102010211000109A
:107BB0002111001000100010002100100000001022
:107BC0000010041000200110002100110090010598
:107BD00002210210409002200210009091A100109A
:107BE0000210019002A101100020C00000840010CA
:107BF00020200090002000009002001100202002B0
:107C00000910040420040002040400080410000207
:107C10000404808404040285C0C0824080200202E3
:107C200020058241041010030203024004908041A9
:107C300002402010A0A000C00090110202400000ED
:107C40000840100400A00904098200210284840372
:107C5000204020C1A084000200118084022020C0A6
:107C6000C02180209110C0212003080200030410CD
:107C70002000001008044010090102020220100038
:107C80000809000809020102902101050404090203
:107C900010100121020885201104024103851009FA
:107CA0000105034003C001400140C1200100210043
:107CB00002C020A121212108202188029041C00377
:107CC00000008803410490041000A008004009004F
:107CD000204001A103202104C0400284020200824E
:107CE0000104210420C1200821208302049084A0E3
:107CF000899182218840002188C0000210108302EF
:107D000011034084098421010201080003011000CD
:107D10001000820190900201900408882100020264
:107D2000050440042000C1044190080190881041DE
:107D3000C008020941C000082002089003C010409A
:107D400000A00000052020C0008241822001A00187
:107D50000900200110001000050008201084100206
:107D60002104218220A010820000000010001000D9
:107D7000112005901000838800902084004080909E
:107D8000000011000009A020002000400003002096
:107D90008200080903081111C1400209840808047F
:107DA000090800000880000802880041C02040083F
:107DB000C020402101400020000508118208002059
:107DC00010080041000082210811882000200120B5
:107DD00020040000A140000084081000200040059D
:107DE000200020892010000000000000024100094E
:107DF000004110050802400440118220892000053E
:107E000010110802A003400590C041C08584009075
:107E1000030802911100030008089005404000C0CB
:107E200083008541200221844102A041114041A0EC
:107E3000400000C009028440212010400088000258
:107E4000028404000040000041021090208840A0FD
:107E50000004100810C082204188204005041084CE
:107E600003024188410410029004C00208854109C0
:107E7000008204902108844005840020218810009D
:107E800010200088058288400220040304050400B5
:107E900000049005402040200800C0080240C04176
:107EA0000021200402C082041005000002C002402C
:107EB00040099109C0110000038540020000A01193
:107EC0009009002110212000000020050803004136
:107ED0000802C0A1002140000411041108094084D7
:107EE00090119011044000C1040940004185040232
:107EF00084020008400090001008000804411004AB
:107F00000408004088110441404100A00002119083
:107F100004C0088421822184030010821190104043
:107F2000020888A0C008024082844184038408417A
:107F300000A000C009824190100880C0000320000A
:107F400010822082000811821184000009C00008FC
:107F5000088802020004218910202082002020C00D
:107F600020202040000421001008410802020400E3
:107F7000204040004190208404C002044188034016
:107F8000200011052002A1014108C10400000000E9
:107F900010050000000000054005A00303021000CA
:107FA00089A0010010001000898202020008000070
:107FB000A0C010022005A000082008C10202004055
:107FC00041410005C0092000000408090000000527
:107FD0008200840090110041004002801000008067
:107FE000C1419000A1000080000008400800A0836B
:107FF000A003C1218321080008000404104140416E
:10800000A0118441080820834008080240850341EC
:10801000802005414002838384892040080880082D
:108020000021108400840809830990C0C1800321C5
:10803000040908208304080941C082208390852117
:10804000C089A12004A00000000000000000000082
:10805000000000800000000020080911000380419A
:1080600008A1000980000008050840098005208952
:108070000000000000000000800000000080000000
:1080800000000580800000009000840020001000A7
:108090000104A0C104880040880283C190A0118916
:1080A00010A11085020800049088108483094104FF
:1080B0002191900911A12002A0104009024140C065
:1080C00040C1088503090109000000000000C0004C
:1080D0000000000000A000000000058511C0908293
:1080E0000811010500092088A08800010101400055
:1080F0000141000000C0200000000400000008044E
:10810000000000000008C000000091002100910064
:10811000010008C10002092082C08211C1208840EC
:1081200083204021880008A00940112190092121C5
:108130009021A0211002A120C18321110508031163
:108140001182089004041020C1100082000100A0D8
:108150000001000000000000000000000421C185B3
:108160000220C0044020C104109083900141020805
:10817000012001C00002050000A000000004C001B1
:108180000020010000400200004000010308A000A0
:108190004004C10100A0080584800800020282900A
:1081A000831109400583410311000900888821A03B
:1081B00008C0038220C040C19091A085C0A1A04109
:1081C00002C0C02185400591058389A100000041BE
:1081D000000000200000000000000000000009C0B6
:1081E000840808800990048908000400890021C0DF
:1081F000A0A1208308A10000880300000011410015
:108200000020000003200080000000800010088093
:1082100003008380034102859021C010408284C105
:1082200040409009A1104084A1202000C0C191418C
:10823000850841918088404021028589212010C114
:108240002104218209848585A00500052182000082
:108250000400000000000000000000000002000018
:108260000484A1A14189800982020340020485405F
:1082700009094120200283401100201008008000DD
:10828000200041001002000000002100000000005A
:10829000008804000088808320C0091110A109090A
:1082A00011C140408383882183080841108221093D
:1082B0004091A04110840811A088A0098511214196
:1082C00020C18889021020A1858540C0C0A009A1D5
:1082D00040000100000000000000000000900001CC
:1082E000000000104005A0092010830100011100CA
:1082F0000200890100C100011001080001C1010054
:108300000200910000C0000090000000000000008A
:10831000A0000005012000204021822002859090CD
:108320008284028888824000A084900489C00290E0
:1083300020900200884111848884C108020384854A
:108340000940A141029084201184098410038441D2
:108350009110002000000000000000000208000052
:1083600000A000010903C0888201C190410410A04F
:10837000A001C0C08290881111010001009000A0EE
:108380000400000000028409010000000000A000B9
:108390000000000000C10089000100A04180C14030
:1083A000020405008308C011404002001008400587
:1083B00000030205081005A188A00341A1858304DC
:1083C00088852185C1C102041102040009C08520ED
:1083D0000282210000800000000000000000808078
:1083E000000000400020890811001104201109003C
:1083F000848011020400A10020834009054100008F
:108400000080000011000000001040020000000089
:1084100000000000000000200011004100000000EA
:10842000000BD00007001242000BD0002188005042
:10843000000BD00042000000000BD0000081008241
:10844000000BD00006500000000BD000000000829E
:10845000000BD00000000000000000000000000041
:1084600000000000000000000084000BD0000000AD
:108470000050000BD0000A000A00000BD0004200A0
:108480008100000BD00000001182000BD000000022
:108490008241000BD00000000042000BD000000021
:1084A000F0F0F3030F0FD70FFFFFBFFF00BF40FF38
:1084B00000C30000FFFFCFCF0C0C3C3CFF7FFFFF51
:1084C0005555555500FF00FFFDFFFFFFBFFFFFFFA4
:1084D0000000FFFFFFBFFFFF0000000000000000E2
:1084E00000000000000000000000000FFF0F00FF70
:1084F0004D4D000FFF0F5503553F143C55FFFAAF8C
:10850000382C3C3C00000F0F00000F0F000000FF54
:108510000000000000000000000000000000005506
:108520003C7D0000F3030F0F140F0000100000FF4C
:1085300000FF00C30000FFFFCFCF0CAE3CBE0040E9
:10854000000055554D5500FF01FD010000000100E0
:1085500000000008FFDF00000040000000000040B5
:10856000000000000000000000000000003CFF3C94
:1085700000FF4D4D003CFF3C5503553F040C050FDB
:10858000FAAFC2833C3C00000F0F00000F0F000049
:1085900000FF0000000000000000000000000000DC
:1085A00000553C28BEBEFCC0FFFFFFFFFF00FF00E0
:1085B000FFFF000040000000FB551000FFFFFFFF21
:1085C000F3F071F0FF00FF00ABA8AAAA00001000B2
:1085D00008000000FF00FF00FFFF00000000000097
:1085E0000000000000000000000000000000FF3C50
:1085F000003CFC0CFFFF3C3CFF00F0FFF0002000C3
:108600000000E0EBD0D70000FFFF0000F0F000001A
:10861000FFFF2828FFFF000000000000000000000E
:10862000000000C0C0008282FCC0AFFFFFFFFB085B
:10863000FF00FDFF080000000000EB550000000FE8
:108640000000B2F030F0FD08FF00AAAAAAAA0000BC
:10865000000000000000FD08FF00FBFF0800000014
:10866000000000000000000000000000000000000A
:10867000F03CF03CFC0C0000AAAAFF003CFF3C00D0
:10868000000000000BEB07D7000000000000F0F036
:10869000000000002828000000000000000000008A
:1086A000000000000000282800860CF000B0000543
:1086B000008E009C03800400008600EC00B00000E7
:1086C000A08650F0A0B80005009600FC00B0800025
:1086D000A08652F0A0B00085008600FC00B000002B
:1086E000000000000000000000000000000000008A
:1086F0000000008600FC00B00000008600FC00B016
:108700002000A00450F0A3300005A80054F0A332CC
:108710000015A80054FCA3320015000000EC03B0C3
:108720000085008602EC00B90015AAAAABAAFFD703
:10873000F0D7FE04FF00FFFFBFFF3C3C3C3C0000C5
:108740000000FFFFFFBF7FFFFFFFFFFFFFFBFFFFFB
:10875000FFFFAAFAAA3A0080FFFF01000000575568
:10876000555500000000000000000000000000005F
:1087700000000000FF80FF000000000C82FFBEFF31
:1087800000000000F0F0FF000F0F00000000F0F00C
:108790000F0F00000000FF000F0F00000000FF009F
:1087A0000000000000000000C381FFA5AAAAA8AA3B
:1087B00000D700D7FF00FF00000000403C3C783CA1
:1087C00080000000004000007FFF7FFF00000008E5
:1087D000FFF7FFFFAACAAA0A0000FF7F00000000FF
:1087E0005455555500000000000000000000000036
:1087F000000000000000FF00FF00000000008203F6
:10880000BE0300000000A0A0AA000F0F000000009F
:10881000F0F00F0F00000000FF000F0F000000003D
:10882000FF000000000000000000FFA5C38102005F
:108830000000FFD7FFFFFFFBFFFF00FF40FF20000E
:108840000000000000003C3CFA3C00002828AAAAD6
:10885000AAAAFF00FF003C3C3C3C3C3C3C3CD555BC
:10886000C00055553C55000000000000000000000D
:108870000000000000000000AAAAAAAA55553F5512
:10888000300000001C1C005F00003C3C0F0F00008B
:108890000000FF000F0F00000000F0F00F0F0000BD
:1088A0000000FF000F0F000000000000FF960F0601
:1088B00000000000FFD7FFFF0010000000FF00BF16
:1088C00000000000800000003C3C503C000F282FBE
:1088D000AAACAAAAFF00FF02B4BEB4143C3C1E3CE2
:1088E000C000C00055550F550000000000000000FA
:1088F00000000000000000000000FCAA0CAA555572
:108900000355000000001C1C005F00003C3C0F0FE2
:1089100000000000FF000F0F00000000F0F00F0F3C
:1089200000000000FF000F0F000000000000FF9695
:10893000F09000006B7308007069046D0000035430
:10894000E2D402D7FAFBD0443F84D2D04808401486
:1089500040100180801260201040041008208088A0
:108960000085B00410818150908400000000000058
:108970000000000000000000000000000060E81897
:108980000100000000100060000000000000000076
:1089900000000000000000000000000000000000D7
:1089A00000000000000000000000000000000000C7
:1089B000000000008420880803890490114191215F
:1089C0002021C040402000000240042110880404FF
:1089D000108904A020900440400002102000C00331
:1089E000050182091141202100200021A001A001E0
:1089F00000050008000008218891118908209111C4
:108A00009103040882211021042004A104054000E0
:108A1000110200A0000320910240048204104008CB
:108A200004100400059011004010000020200002F6
:108A300000A080004020098805110010830904046B
:108A40002020050203880540020883000004050079
:108A500002800102112004080400C011210002005C
:108A6000408220080240209000020008208440102C
:108A700040021008208000C0A010090208108310D6
:108A80004002048200C140A003A0A18901102188F6
:108A9000040040800820A084010408800010080021
:108AA000200000400008200800000090200000A0E6
:108AB00000800400200001800840820884108008A3
:108AC000C0088205C010A041C10041100010000084
:108AD0000008200800200420040110040440008342
:108AE000000010000001000808119090000800002C
:108AF00008C0000800401083000004400340084103
:108B000000410089080890414008081004038010C3
:108B10000811A0200409A01185104001A000000840
:108B20001008020100890400002100210009091138
:108B300000100400004000200001912004900990E2
:108B4000042121104082401003C010109021C00861
:108B5000822100100110C01005A000080290210819
:108B6000004000080020400820890140211090901A
:108B7000000001100010008800400000009140A19A
:108B800004880088040804A002C005902190039086
:108B90000890A18205A10584058808900340094139
:108BA0000020834101200210010008900090002065
:108BB00000A000800000008000800040082009889C
:108BC000044005C020841040C14082040040414060
:108BD00040C000A08009A0C00000000810020802E8
:108BE000084004A00008000820088241090200880B
:108BF000200104020040204000100510008002A166
:108C00000203030302A004C004A0828409A1080592
:108C100008104141090840110011212008080401F1
:108C200004032085804000110000001000080900A6
:108C3000200009100420002040910004008311034B
:108C400004044108C040041188202011400300039F
:108C50008405000300000288024004402010012027
:108C600002001080010000838482008803C02088F5
:108C7000000000400100002000C0000400030000CC
:108C800083402002001083090340040003054002D2
:108C9000110411208204C0838890A0A000C0C1A14B
:108CA000202011049120020010842008C080008040
:108CB000002183030090081008C109200808080457
:108CC0000520A120042108A183050321A021820100
:108CD0008221022090200820820040A0414000888C
:108CE000100008400402000910008805104182406D
:108CF000C1094184080410000988088441C100C0EA
:108D000000000308080040C0A00040A002C0880086
:108D10002000A1A08821080021118820852102219E
:108D2000840102A10008208820820882852088848E
:108D300002901182000002000901094020C0008455
:108D40000400001008A18390850802C008824140F9
:108D500041041188A1901180C0801100010000041D
:108D60000421C0000000C0A00808A01004080908E1
:108D700011820284402100C1820300059000040892
:108D800000210000009000100808080800050805F0
:108D90004021000004020990410084A00480049056
:108DA00008100920080884C1C1000911000040838F
:108DB0001000A02110110803C021C004C010882198
:108DC0000010C000888404400508030382021111CA
:108DD0000504110220C00804088441882088098203
:108DE00000C008C0110805401088C14041011010A2
:108DF0000010208910854090108400080820C0844D
:108E000010414002000005A1C14005054183050352
:108E1000099080412100048280C0840009A109409A
:108E2000884004A0080800000500080080004102F6
:108E300089404001080003021002880403040482F0
:108E400083024002041005000204C080402021007B
:108E50000002888884108820881108218800040274
:108E600010044020C0052090000040020202A00231
:108E70004000100310404010000804202040200251
:108E800008040040C0000000881040009040000826
:108E90000808024002C00209840820080504902046
:108EA000C0080908010820000002C00800002021B5
:108EB00000052000000400050808009020030002BF
:108EC00000002005000884008311C121C0A0841087
:108ED00040A0C005030403034084101021020200D7
:108EE0000800052040080310408902418210400418
:108EF00003854140C00983118800084021081110F2
:108F000010C090080882218400002084900002A0F4
:108F100010101008110803404084888304C0052104
:108F2000211085110310A101832110004120C021CF
:108F3000412000C0200009821004000221001040DE
:108F4000200240A000841108200810200488092174
:108F5000052101204184008000841100A00082804E
:108F60004100A009000011031000822004204141AB
:108F700010419020109104C0040202020090C0C170
:108F80000800A00502C104050010000004210841EA
:108F90000000044101800020008000000920010041
:108FA000209000C108A08480041008A08408A004B8
:108FB000104000800011C0410000C082A0C1A00587
:108FC000884010C00000881008008809028303410F
:108FD00080028204A0830000218200004002C0A120
:108FE00000C180409005090503C12111A00409902A
:108FF0000911A0C109911010001090880811831167
:1090000021821002110500910482028500008880EF
:109010009102104040111103200490C1410880C00A
:109020008911001180088383110410111120108907
:109030008505048541400480040080804100C00310
:10904000210480028310A003210489031010C1832E
:109050008584C001830191A1A000219102A001108B
:10906000C1091009101108058908050911040989A9
:10907000850510A0038520A00184048505C0039008
:10908000A0A00011014103A14008890501080000CA
:109090000282909185900082898901219104018941
:1090A000048390880021C041858301A10110000143
:1090B00002040484201001A0908200C0200801A0B6
:1090C0000201000102C121011001A00120000801DC
:1090D000C185C19000408240051008058820858226
:1090E0001040A000880210828900C0A091010808E9
:1090F0009021090341030982412088C00002110127
:1091000000858808A00082C10320038391A083000A
:109110000000C01109A09108839005840804A000F4
:1091200003091000109005008320884105001105F7
:10913000838210210400040210A000A0000110048A
:109140000101090800100120010009030490020236
:10915000C10110C08821408891C0200310900000F8
:10916000838485110500418021C12002C0808502D1
:1091700011C010A1080505C04080088009001182B7
:10918000830503A004A0410885849091200310006A
:10919000830000000583C1111000838808808808BF
:1091A000090283A1040009028510842184218241DF
:1091B00005898390004085418080004100001004B3
:1091C00090000308902103880283031190C01103CB
:1091D00005A003032104029188111182A000400818
:1091E000000804034184100411A0848910C00804FD
:1091F00085A008904184200921C104108841A00560
:109200004090084083880840208809C0C0A00840DA
:1092100021104183008000820083A1090391080886
:1092200002908885918391000400401089A10089F3
:10923000C0112009A1808403200041088383800994
:10924000A108111080088310200408042003C01016
:1092500010411183A00309001189908585838988B5
:1092600000040083018983080101048502040105CB
:109270000282C1052104014008A0008421040402E7
:109280008241A084A04120A08910C08400218308CD
:109290000420A091C08300800009A0049184098368
:1092A000090801A0A08521892020A04001208983F0
:1092B000109089109108028220108400088982830E
:1092C0000200080000A102010301010101A1A001A7
:1092D000100500C0008440058200018500010911CD
:1092E000032088A1039002088511A0820801C11102
:1092F000418540C08384418884101004838810A075
:109300008505098988010082841184C00401A1882F
:10931000A0858489C00102C00080839111849001DE
:10932000858341008883850003A083080508039195
:109330008900821010C08304018208C00188C10125
:1093400003100000004008010000010201910141EA
:10935000000103200441A040C010910002880908C8
:1093600090C18340C191C0008000A08202A0801003
:109370002011A184C0101080A00084C0854141103C
:109380008280A002401109030420C103412103048B
:10939000024184910911102190020080C011210422
:1093A00009042040C0008491C0400200902004883D
:1093B00091A1020084800482400021808811401025
:1093C000200840000000000880100000038004080E
:1093D000041040080309410403A008040A50000BCC
:1093E000D00081844188400BD00000500000000B69
:1093F000D00013608241000BD00000840084000B79
:10940000D00000480081000BD00011500A50000B22
:10941000D00042002184000BD044210000001182C2
:10942000000BD0840A880A50000BD00011000A8279
:10943000000BD00000001242000BD0004148000099
:10944000000BD00000480A00000BD00000000A000A
:10945000000BD00042480000000BD0000048FFFF86
:109460007FFF6E0C0C0CFF000F0006066600C300A9
:109470000000080000000F004F4200000000000440
:1094800000000000000000000000000000240202B4
:10949000FF0200000000000000003F3F3F660000A8
:1094A000000000000400000000000000CFCFCF66E5
:1094B00000000000FF00FFFF0400000000000000AB
:1094C000000000C066663C3C000000006363FF0FC4
:1094D000000000000000000000000000000000008C
:1094E000FFFFFFFF6600000000000F000606660099
:1094F000C3000000080000000F000F00000800007B
:109500000000000010000000000000800F0F0F2F6F
:10951000020202020002000000000C00303030663F
:10952000000000C0000000000000000000800C0CE3
:109530000C6600000080FF00FFFF040000000080B8
:109540000080000000C066003C0000000000636373
:10955000000000000000000000000000000000000B
:1095600000000000000000000000000000000000FB
:1095700000000000000000000000000000000000EB
:1095800000000000000000000000000000000000DB
:1095900000000000000000000000000000000000CB
:1095A00000000000000000000000000000000000BB
:1095B00000000000000000000000000000000000AB
:1095C000000000000000000000000000000000009B
:1095D00000000000C208040000108861C2080400F6
:1095E000001088616050F0F0000040006666F0F006
:1095F00030302424FFF7FFFF7E7E707FF0F0F0F024
:1096000000000010343CFFFFFFFFFFFF00002000C0
:109610007E72FFF06666FC663C3CF03CFFFFFFEFAD
:10962000663C3C3C0000100010003CF0F0F066FC92
:10963000FCFC727EF0FFFFFFFFFF4000000066664B
:109640000030666600307F7E4F4E666666660000BC
:10965000000000FFF0F0000000000000000000002B
:109660000000000000006060F2F000000000000058
:10967000000030302424FFFFFFFF00FF00FFF0F068
:1096800071F0000000103C3CFFFFFFBFFFFF000037
:109690000000427200F06666C0663C3C663CFFFF1C
:1096A000FFFF66F0F0F00000100010003C666666F8
:1096B00066C0C0C0424E000FFFEFFFFF0000000079
:1096C00066660030666600307372434260606060B8
:1096D0000000000099FF6060000000000000000032
:1096E00000000000000000000100049C0300008056
:1096F000088604BC03B20010018602F000B8000026
:109700000186006C03900080018600EC00B0000030
:10971000008602FC00B80010A006507CA3980085CB
:10972000000600FC033200100000000002FC0330C1
:1097300000100186049C03920410A1005214A3009F
:109740000085A000541CA3000015A08650F0A0B90D
:109750000005A00050F0A33000A5050004F003327E
:109760000010058604F000B20010AAAA282800FF05
:109770000F0FFF02FF000000FFFF00000010FFFFBF
:10978000FF3C100000003C3C3C3C0000000000FF9F
:1097900010FFFFFFFFF00C0C0CFFFFFF100000009C
:1097A0000030800000000F5555550000EB28EF2FCA
:1097B000BEAF3C0FFFF0CFC00017FF1730303C00AA
:1097C000000C003CAA00F00004040005FFFFFFFFAE
:1097D0003C3C55550000F0F000FF00000000AAAA34
:1097E00000FF0000000000800000000000002828AA
:1097F00000000000FD00FF000004FFFF000000006B
:10980000FFFFFFFF00000000343C3E3C000000BCB6
:1098100000FF00FFFFFFFFF00C0C0CFFFFFF00003C
:10982000808080B0800000000F3C3C3C0000EB28B2
:10983000E02014053C0F3F300F000017FF17000019
:109840000000000C00000000000004040005BFBF81
:10985000FFFF003C00550000F0F000FF000000009A
:10986000AAAA00FF00000000008008000000FF001E
:10987000AA0014140C0C0303000000000000FFFFFA
:10988000FFFF000000400000000000000000FFFF9C
:10989000FFFE00000400FFFFFFFF00000404FF20A4
:1098A000FF00FFFF000F00000000FF1E1E1E000053
:1098B000BE82BF8FFF171717FCC0FFFF008000009C
:1098C0003000A000000F0C0CF000A0A00014000558
:1098D000FBFFFFFF5D7D5D28FBFBFF0000FF00003D
:1098E0000000F0F03C3C000000000000FFEFFFFF34
:1098F0000000AA0014140C0C030300002000000058
:10990000FFFFCFFF000000000020000080000000EB
:10991000FFFFFFFE00000000FFFFFFFE0000000051
:1099200020200000A0FF000F00000001001E1E1EEE
:109930000000BE82B08000171717FCC00000008036
:1099400000003000A0000000000000000000001433
:109950000005FFFFFFFF087D0828FBFBFF0000FF5D
:1099600000000000F0F03C3C000000000000FFFFA1
:10997000FFFF0004100484411020A0208489840289
:10998000880204210821A11110C10421042004200F
:109990000421102102030208200010041005840194
:1099A000200220212021A00120100411020905100D
:1099B000002000000888200903880820048340084C
:1099C0008402C020042121100403041182C1C0A11B
:1099D00011A1024102010220800080042011200216
:1099E00002902110040020000410000100A00001DA
:1099F0000400800020C011880204210205C109046E
:109A0000058805C1A004A10408840320A0400080AB
:109A10008882C0C0018201C02188840820A12188D9
:109A200005040290042090041008A020000408906F
:109A30002008020800C02003892000000440832081
:109A40009108080805889084040220040504200475
:109A50000504000482A000200080040040800082F1
:109A6000008004212080000000000200024000006D
:109A7000002002000400048800102020040908A12E
:109A8000C0108020A008000802C002118920002018
:109A9000200402A00211414000C110830208000806
:109AA00008418420020203040000902020088082E4
:109AB00020089109800500000040208500900009E1
:109AC000C0108020402089208020C0050809901007
:109AD000049080A01108800880050004400900401F
:109AE00010044005000540210011100990010008F4
:109AF00000040009201180010210901000100404DD
:109B0000052020902090412100412021A010041028
:109B1000208821909110214000900040050801907C
:109B2000000090080590010000800000119141881C
:109B300020080110200420400000C08801024010CD
:109B400000400889089101104021409005A00110B3
:109B5000089105212010C010402140C00085090453
:109B60000880058009900482019000400490104014
:109B7000009000800004000410044184800205A0CD
:109B80008990A003A1838484880388208821881178
:109B900041200411898800088403400908C1050395
:109BA00010C010111041000210C109100410100063
:109BB00004822008040220400240000008820000C5
:109BC000004004C080A0081188A0902008108421C3
:109BD00082A08421044000400401A1100010402113
:109BE000000000A104110021001108210002000062
:109BF00008040000800208A0002040C0820210106B
:109C000000051021418204042141058209210990A7
:109C100005A084A1834002020800104089408240D0
:109C200040400100084020881005C0084040114015
:109C30000102910200898241088211020000102174
:109C400010031082A10904001110050908C105853F
:109C50000590040309A003C11085054020001010E1
:109C6000094008218420A190088800A00090C0002D
:109C70008220840010040421090002A09010020830
:109C80000290908803901111C005C02088A00400A4
:109C90001084A02188214041A0400082100103C00F
:109CA000402088208820100000010404910080409A
:109CB000020002C00800021120000009800000001C
:109CC00020C14020200100C0080208111001884175
:109CD0008421C08288418310118841A004038088B8
:109CE00041000208410280000885118505C1040574
:109CF0000808082003880088A109088210820082D1
:109D000085C1032103110003909005900589094145
:109D10002141A04110A0059084C041801020C120A5
:109D200084041188109002850000000801081021A9
:109D300040400102090810110040A02100401021FC
:109D40000000882008100820080009A10110002048
:109D5000091041900909052008900200884109C0B6
:109D60004020000521201082400900201010A02072
:109D700083A00010004000210209102004002004EC
:109D8000000008880088009080C0A083080588052E
:109D90000303100008210509100105892121200471
:109DA000899008401010904111004084080008403C
:109DB000039004038402201120A1091000840008EC
:109DC00005020000008400204088034004080002CF
:109DD00005C0802004A103100810050140004100C7
:109DE0001000040020844100410020C00520200311
:109DF000042005A020882040410209001110100114
:109E00000300082001088440A0000410051001A0F0
:109E100005848890851103A09020022008408202CA
:109E20001003104008821009114010214021000247
:109E30001003C008C0C010402108084008021000EC
:109E40001089A0000000081020058203C080C10016
:109E50000810020408824010A0852190A020012053
:109E6000A0050020C005C00010040000822108C029
:109E7000C010918910030100008300049008C00401
:109E800082080002C00800C00282111000C0C12078
:109E900020100821202102854121C1012104824096
:109EA000C1020401824020902185C1008010080079
:109EB000400800010009C08400409084081002029C
:109EC00000218508001000000001008409A0008422
:109ED0009085008588110411002088000011898573
:109EE000C120A1900040048241028390110010041F
:109EF0000310101108110420000020000000208829
:109F00001040008421911001000000009000022107
:109F100040A191C00382C182821082100810828009
:109F200005800411022011C00440004010031020DD
:109F3000000310900420008440008800101090035B
:109F400085100010100000210000000800080241E8
:109F50000000200482200490012000A105008482DA
:109F6000040240094005A085410000414041000431
:109F7000080010890090899001C10000890002004A
:109F80000000000088202008102010A00002108887
:109F90002090808389000989C1090283210400106F
:109FA0000341A10880898804051004088311050471
:109FB0001103830503A0824121021105A008890233
:109FC0008208A0418890C0020502000009830509AB
:109FD00083200805008300804011000000830400F6
:109FE000081180000083410040110000800304003C
:109FF00009110080008308840041009041208210F4
:10A00000218280218000918010001000C108848985
:10A01000000501099083C102A00891001083050189
:10A020002000C1820941848520C00090010384A0E2
:10A03000C1014002A00904098590100840A183C114
:10A0400004C1021004C0A00203910808000000101F
:10A050009103200301080083001001000020908379
:10A060009084000820900241C0028982000210A161
:10A0700005904084000800830840028800C01191C8
:10A080000302100988C10200A010080001A003A06B
:10A090000900109182858890840109408388040119
:10A0A0000091010082C041909000118291C0A08275
:10A0B00004008804A104089084090421034189C193
:10A0C0001108100389080001841008C1899000005C
:10A0D0001010C140211184010088C00188008384D0
:10A0E000A09102000800830004C00401C010A10177
:10A0F000900940008802410308880020082082C09F
:10A10000050005010204C040010182020310C0C025
:10A110009103902180C0890280800002910983848C
:10A1200082094183400085A1054105028500204147
:10A1300011A08302100003808410901020C0A1831E
:10A140001110A12188884121000280C14083022191
:10A150000000A000A1080590400200800003090053
:10A1600083000010801009008309801100218900FC
:10A17000031000409108418083418011001000903D
:10A1800080A1C00420101000902141020441100061
:10A19000C084838885031040028884000820A009B9
:10A1A0000083094100C10821A1851040834100823C
:10A1B000844111A102050391C0C0A0088021822121
:10A1C00009A0A004042121C12008030900A021093D
:10A1D0004188000010040908C1848040000009097A
:10A1E0000300008380800089820080830000A10931
:10A1F000C10080038080088908800083C11100802D
:10A2000083800080034180C008110382808804C1DC
:10A21000110880A1204082048820418804000005A4
:10A22000A100028304A10404090191820005904069
:10A230008884030504410191008440A183031088B0
:10A24000A18988102010109102841091A00288101A
:10A25000C01084820000A090200982852090902068
:10A26000898882822083C0020088A00088839004AD
:10A2700002A004C0404104C010A09184200582C007
:10A28000001003020082402182C0022008832005C2
:10A290001009C001408302044102090190408388F3
:10A2A000088290C100018304851100900011A02054
:10A2B000A0A1A001104140202085C021042140051B
:10A2C0001041A000021020400005C102041041838B
:10A2D000910408004102000000890802210009825F
:10A2E00083C084000840900883020882C0002002D6
:10A2F0000540A02004820000A120A12090000402BB
:10A300008300012002400802881184880488C0A0CC
:10A310002005A120008200009103200921040300F0
:10A320008380C10980024140A104208509C0022028
:10A33000008805880203000508100911040380083D
:10A3400091C008211105400909881104108440803A
:10A3500008C104002040088000002003A0C00220A3
:10A360000800831100000080048083001180000039
:10A370000080838011008000000403C140000004BD
:10A380008000830820008804C00200A100088084A7
:10A39000000004410980034111008100000BD0003E
:10A3A00082001242000BD00000001200000BD0000F
:10A3B0000A410081000BD00000820060000BD00039
:10A3C00041504100000BD00041500050000BD00024
:10A3D00082000A00000BD040828400000084000B41
:10A3E000D00082882148000B040021000A81000B64
:10A3F000D00041000000000BD00000000081000BE5
:10A40000D00000004188000BD00082608200000B69
:10A41000D0000A000082000BD0000000FFF7FFFF11
:10A42000000000001414005500FF000FFFFFFFF3B1
:10A43000FFFFFFFFF0FFF0FFFFFFFBFF000FFFFF3D
:10A44000000F282FFFFFFFFF000000040000100096
:10A450003C003C0000000080000000000000FFFF06
:10A46000F7FFFF7FFFFF00003C3C00000F0F0000E4
:10A4700000FF00000F0F000000FF00000F0F0000A2
:10A4800000FF00000F0F00FF57573C3C000000008A
:10A49000000000553C0F3C3C0CCF000FFF3CFFF789
:10A4A000FFFF00000800141400550000000FFFFF1C
:10A4B000FFFFFFFFFDFFF0FFF0FFFFFFFFFF000FBB
:10A4C000FFFF000F000FFFFFF7FF0000000000007C
:10A4D00000003C003D05000000000000800000007E
:10A4E000FFFFFFFFFFFFFFFF00003C3C00000F0FDE
:10A4F000000000FF00000F0F000000FF00000F0F22
:10A50000000000FF00000F0F00FF54543C3C00000F
:10A510000000000000553C0F00000CCF000F003C75
:10A5200000100000000000003030F0F0AAAAAA00DD
:10A530000000BFFFFFFFFFFFEB00FFC000000000B7
:10A5400004000000FFC3FACA0020FFFF507C003C5B
:10A55000FBFFFFFFF3F0B2F0FFFFFFBC00000000C5
:10A5600000003C3CFF0000080000F0F00000FF008D
:10A570000000F0F00000FF000000F0F00000FF001D
:10A580000000F0F000000FF0FFFFFCFCFF000000F7
:10A59000FFFFCE0EFE3E0F3C0F3C00000000FCCC47
:10A5A0003C0C0000000000000404303000000000FB
:10A5B000AA000008FFFFFF7FFFFFFF00FFC0004071
:10A5C0000000000000003C003A0A0000FFFF003CD1
:10A5D000003CFFFFFFFF71F030F0FFFFFFA000FF26
:10A5E00000000000F0F0FF0000000000F0F00000AC
:10A5F000FF000000F0F00000FF000000F0F000009D
:10A60000FF000000F0F000000FF00000FFFFFF006F
:10A6100000000000C000F030FFAA000000000000B1
:10A62000F0C03000A1865070A39804050800049C77
:10A6300003020010A0005A90A3000005008600EC61
:10A6400000B00080008600FC00B80010A0865270A8
:10A65000A3A00005A08650FCA0B80005A08650F07D
:10A66000A33000050000008600FC00B00080C64159
:10A6700001160B044940A2415114A3044945A2C745
:10A6800051F0A0B44945A2C751FCA0B40148A800AC
:10A69000541CA3020015A0865070A3300005A086AC
:10A6A000509CA0000005FFFFFFFF00FFFFFFF00030
:10A6B000FF0055550505FF00AA000F0F3C3C0000A8
:10A6C0000000005503574040FF400000000000001C
:10A6D0000000FF3FFF5F00000000002000000000BE
:10A6E0000000505F00FF000000300030000000005C
:10A6F000F0003C000005000C2800A0001414040425
:10A70000FFFAFFFFFFBFFFFF00002000FFFFFFFF7A
:10A710003030A0A0000F003C0AFF3EFF00102020B8
:10A72000FFAA5500FFFF2F2FFFFBFFFF00EFEFEF0A
:10A73000F0000000000005050000AA000000000075
:10A7400000800000005500550000FF008000000060
:10A750000000040000300050000001010000000073
:10A76000200000005C5C3C3C000000300030000831
:10A770000000000000000005000C2800A000000000
:10A780000404FFFAFFFFFFFFFFFF00000000FF7F50
:10A79000FFFF00000000000000000A0A3E3E00101B
:10A7A0000000FFFF0000FFFF0707FFFFFFFFF3FFB1
:10A7B0000041F0F0F000003C000F2828AAAA3C3C21
:10A7C00055553E3C0A0000000000FFFFFF3C3DFFE6
:10A7D000FFFF00000000AAA59695200000000000E1
:10A7E0000000FFFFFFFF000000000000200000004D
:10A7F000000000002828AA00000F0005F00030002B
:10A80000000C00050000000400C000002000000053
:10A81000000001003C003030003C0055FFFFFFFF0E
:10A82000000000017D3C7D3C00FFF0FFEFFFFFFFDB
:10A83000F3FF00000000F000003C000F282800009B
:10A84000000000000A000A0000001000FFFFFF3CAB
:10A850003EFFFFFF00000040555555550000000029
:10A8600000000020FFFFDFFF0A00000000000000E2
:10A8700000000000010000000000000000050000D2
:10A880003000000C00050000000000C000000000C7
:10A890000000000000000000000000000000FEFFBB
:10A8A000FFFF00000000283C283C00FF000F219122
:10A8B0008490881104200241112121A1A01111A02E
:10A8C00005C0024040A102210241042004A102046B
:10A8D000040402010004828404900008040820910A
:10A8E000200920840440009008400800082000004F
:10A8F00020400220042002A1821008218220919091
:10A900008804202111100205404004400411020077
:10A9100004000000000020048000A00080088400E3
:10A92000200804A10020000082C0202004000400B0
:10A93000001008100510C1A0A0A0C0200020022017
:10A94000000490219003A020032082C0A091904099
:10A9500004802080200402A12041C000A011010435
:10A96000012005200240008204009088820002211C
:10A9700000C00580048000C10020080001904080D4
:10A9800008000480048420C184A0208020A190209D
:10A99000200020002000900088802000200020005F
:10A9A00020008500021000800000200088809100B7
:10A9B0008400041111A0C18400020020000800409E
:10A9C000100820102000040405C0020400202011FB
:10A9D00002912000820100C00040880404080400A5
:10A9E00084888008841180828010C002C020C0202A
:10A9F000C0200000801080058000401003080890EF
:10AA00000010000804A14090102140110411800999
:10AA10008085800480908409A09080088040838293
:10AA20008209901040108011001088218000009051
:10AA3000000080C0C0200010080890100021001005
:10AA400090C10421051100100590041084A120106C
:10AA500002202104012002400010001004A1012165
:10AA60002020211040212120201020202110219081
:10AA70002190219000004003204020100120001070
:10AA8000830882110421042000100284042003049E
:10AA900004040404048804082140050804100491F7
:10AAA000040805880510008020A088002090020876
:10AAB0000000002002088485882140A1C0212010C8
:10AAC000094002088502410309084008C10221C06B
:10AAD00004012182821190080208A040410905105A
:10AAE0000305020010840582858210880208002078
:10AAF000020800C0414000000320418241020509D4
:10AB00009011081009000810401089108482041167
:10AB10000000204040401010401004000583410018
:10AB200004020910210408820084008800040088BF
:10AB300011040000092004840510059000100890FD
:10AB400082401040014002409020881120000241C4
:10AB500020101104202103201005831002210082FF
:10AB6000C0400204A021040820104041401185107B
:10AB70000485114008029080000008882021000808
:10AB8000004020901185000502A182800880050503
:10AB900089908400908200802000101082021002B0
:10ABA000080290041011C00088000810A04140085D
:10ABB00008008200100910030803840584040400BF
:10ABC00084041000004009002100054000204100DD
:10ABD000110102000200200420C180010400108243
:10ABE000092110202000820408880820040085081C
:10ABF000910002000082102020000000C104A1404A
:10AC00000804910091C008201102891011912111AE
:10AC100004001121040000024100000188411000DD
:10AC200020211000100000041000400420C10090FA
:10AC300020018500410020012000000005900588CA
:10AC4000110205C1000382418410080002410891ED
:10AC50000005000411042140400020200240400073
:10AC60000411828400C141090389000800A009047D
:10AC700040410210112088092003020800000288C8
:10AC800020100009200304408988900804089020BF
:10AC900000A0111102908200002002048840204090
:10ACA0000802084004090004408320090510102010
:10ACB000400401102008821105400920900480837F
:10ACC000824084212111418802902120020421A088
:10ACD00041A1000203200520052004400508404052
:10ACE000020210401084080808020240050004A077
:10ACF0000000032008A082020383000202910000EA
:10AD000004400484000021A088888421831021C18C
:10AD1000C111881003112109858489400889210106
:10AD200089882103202040830800101000881088A3
:10AD3000108821040888052000A008021020C10204
:10AD400004100411059088A0000011000480010384
:10AD500000008840C02090210285028300414041CC
:10AD60000090854141080011041000101185202138
:10AD700005104040C00504030308884082080440D1
:10AD8000000002808405A004C0054100419004A198
:10AD9000880240A04180908284024000400000026E
:10ADA00000024021A002C000000200000884082028
:10ADB0004104C0008402100340201020000090884D
:10ADC0000411088208108882088504900900021086
:10ADD00041A02000200405820208022002A0A188D0
:10ADE0008840A10500040040040411900290031162
:10ADF00020C000C00404408200412140118440C0B2
:10AE0000090800000584C1A0A08280C1082005A017
:10AE10004121042084008420882008200900008229
:10AE20000300410009820882208200A10011021063
:10AE30008202C088089021A0088410A0840000909D
:10AE400000892010010985A009418510900882041D
:10AE50000803400000000080A00401042185054192
:10AE60002000020302408480000000040040C01162
:10AE7000004004030000C00040058882024000201A
:10AE8000C009100000000008400840002040C183B5
:10AE90009010909001890920050009910589020010
:10AEA00000409005000384410020A041104084022E
:10AEB0001140400003400403A040C041200205416E
:10AEC000044184408500808305898080104100030F
:10AED00009800041008880838889100088881003D9
:10AEE00004899080038080048804908400C1030852
:10AEF00011898891024080838400C0890400000386
:10AF00000009910021000000000388800800000073
:10AF10008091844180800080808302090808084174
:10AF200008030410000808C121038302C088000937
:10AF3000901000A0081102C0000300090000028266
:10AF4000000320090200000020832091C0100000AF
:10AF500000A101409021A005044102A14102C005C9
:10AF600010210005200400C008828221C0021002C6
:10AF7000018982A109020111040382C0C004008278
:10AF80000091208808900040000090090210A190D4
:10AF9000000804822100880800C010838410838286
:10AFA00088032103A090829010038903104082C07F
:10AFB00000401002000591A0010400010001900072
:10AFC0000040200591C1411000A000904000010305
:10AFD000839110211100090211C102204000832138
:10AFE000A10990A0A1000910C10501010002C00241
:10AFF00085C1C105C0202103408200839000081054
:10B000001100880290110240898300009004880199
:10B0100008208540C041840001A082C1C008010110
:10B02000020883A0082141010820910340211084D7
:10B030001190A1C000200408092189020004000128
:10B04000A140010184200500C09041090000801149
:10B050000208830900030800A1A0038980808900F9
:10B060002188038920820400A180030940200491E3
:10B0700041912010040489208804890200040905F4
:10B0800000808300004000418080034000000009F0
:10B09000000400800300000900110400C1848880BE
:10B0A0004002840083918810C0219080038808C0EA
:10B0B0000011A000031104A00388408210C000000A
:10B0C000000321800309098041038000838921A1B5
:10B0D0008280400900830808100209A100838000D3
:10B0E000A109848990838580C00010899003108015
:10B0F0008040081082A020208008008504C0000045
:10B100008000008000038000040020800003000015
:10B1100000809040050082830080900008410082FA
:10B1200000009185082000830080838008048083CC
:10B130000000A18208C1808308880420200404A1A3
:10B1400000000202090000030909218209800003AE
:10B1500088024140010104830101A001A10288117C
:10B16000888210C003852011024008820285109158
:10B1700011840408014188080020C0848485118955
:10B1800090080440C08400851008008801840401F0
:10B1900000008884828389C0094108042088C0880F
:10B1A000008308A002020001008308C0050200A07D
:10B1B000A0410810830304081041C1C101A1C009C6
:10B1C0008983100000010110040100A04109C1049D
:10B1D0008885828841C040890008898990C089009B
:10B1E00084C0C18584A04000C0088588C182A0A019
:10B1F0000402C04008A011010800911089098500CF
:10B20000A004C0108810820040008500A0108400B7
:10B21000901000001184000882001088830821002B
:10B22000902000A0834002A091C00289891085A0CF
:10B23000112010A04108419003100289A1100302BF
:10B240000411C001011000A0C0820001C18809C022
:10B2500004001090A18984850083000083C1000050
:10B2600082111000038310008011108083800480FD
:10B27000050010218980C182822090000980889079
:10B280008508090000008000000090008303009002
:10B2900000000080000083A0008000109000A0212A
:10B2A00084008000008083919000820011C103829D
:10B2B0000880C00084108340C0108280004090400D
:10B2C00008901188201109800080000209088380FD
:10B2D0000400110000004100000BD00000820000BB
:10B2E000000BD00011000000000BD0000A0000008D
:10B2F000000BD00082001200000BD00021000A5089
:10B30000400BD00041001182000BD000420021848C
:10B31000000BD000000000000050000BD0004100E6
:10B320004148000B040000001242000BD000000056
:10B330000041000BD0000A000000000BD0000A8181
:10B340000042000BD00000001200000BD0000600ED
:10B350000A00000BD000000000FF9999003CFFFF9D
:10B36000E1E1FFFF30F3FFFF81BDFFFF000FFFFFB3
:10B37000C0FCFFFF0066FFFF00000100FFFFFF0FA2
:10B38000F6FF0600CF660C663C3C3C3CFFFF00002D
:10B39000FFFF0000FFFF000000003C3C00000F0F1B
:10B3A000000000FFFF0000FFFF003333FF00F0F05C
:10B3B000FF00C33C0F0F00FF6666F00FFFFFF00FAA
:10B3C0006666602F6F2F7030FFFF3C3C00000F0F50
:10B3D00000000F0000000C0C000000FF9999C3FF53
:10B3E000FFFFE1E1FFFF30F3FFFF81BDFFFFF0FF53
:10B3F000FFFFC0FCFFFF99FFFFFF00000000FFFF01
:10B40000FF0FFCFF0C00666666663C3C3C3C00009F
:10B410000000000000000000000000003C3C0000B4
:10B420000F0F000000FFFF0000FFFF003333FF009D
:10B430000F0FFF00C33C0F0FFF006666F00F000008
:10B44000F00F666660206F2070303F3F3C3C00008C
:10B45000000000000F0000000C0C000000000000C5
:10B4600000000000000000000000000000000000DC
:10B4700000000000000000000000000000000000CC
:10B4800000000000000000000000000000000000BC
:10B4900000000000000000000000000000000000AC
:10B4A000000000000000000000000000000000009C
:10B4B000000000000000000000000000000000008C
:10B4C000000000000000000000000000000000007C
:10B4D0000000000000000000000000000000FFFF6E
:10B4E000FF00FFFF9900FFFF0F0FFFFFF000FFFFBE
:10B4F000E7810FFFFF0F99FFFF990CFC03F300009A
:10B5000000200000000000FF60F9F0F0F07E000075
:10B51000F0F00000F0F0000000FF000066660000A0
:10B5200000006666FFFF000000FFFF0000FFFF0055
:10B5300000FFCCCC00FFCCCC00FFCCCC00FFCCCCAF
:10B540003C3CF00F66663CC3000F000F003C003C23
:10B550000000003C000000FF000000FF0000303051
:10B56000FFFFC3C3FFFF99FFFFFFC3C3FFFFFF0F31
:10B57000FFFFE78100F0F000006666000CFC03F3BB
:10B58000000000000010000000FF24BDF0F0F042B9
:10B590000000F0F00000F0F0000000FF0000666620
:10B5A000000000006666FFFFFFFF00FFFF0000FFD6
:10B5B000FF0000FFCCCC00FFCCCC00FFCCCC00FFC8
:10B5C000CCCC3C3CF00F66663CC30C006C00001811
:10B5D00000780000003C00000000000000000000B7
:10B5E0003030C040C09033004903C0C7C0F030B015
:10B5F0004903C0C7C0F030B04903C0C7C0F030B085
:10B600005103A08652F0A3900005008E009C039089
:10B610002000C2E6C19C33B44943C2C7C1FC33B465
:10B6200049430000C2C7C1FC30B44143C600011603
:10B630000B0408401200211C43040848128621FC18
:10B6400040B40848128621F040B40048A18652F464
:10B65000A0B80005C040C0F033304903C0C7C0F0F7
:10B6600031B04903FF00F0000F0F0C0C0000000088
:10B67000000000FFC000000001000000000000000A
:10B6800000200000F2F0F0F0FFFFD3DFBFB01F108A
:10B690000045FFEFFE04FF00000000200000100046
:10B6A0000000000000002020000000000000AA00B0
:10B6B000F000003C0C0CF0003C000C0C05052000D8
:10B6C0000000FFFFFFCF000000007D7D4141FFBF74
:10B6D000FFFFBCBC005F0000F0F000FF00000F0F98
:10B6E0000F0F55F500F00000F00000000C0C0000FA
:10B6F0000001000000FF00000000000000008000CA
:10B70000000000200000F0F0F0F00000101CFF002E
:10B71000FF000004FFAEFE04FF0000000000000078
:10B7200000000002000200000000000000002000F5
:10B730000000000000000000000000000000000009
:10B7400000000000FFFFFFFF00000001003F003F7E
:10B75000FFFFFFFFBCBC005F0000F0F000FF000037
:10B760000F0F0FC37DFD3CFCAA00A0A005050F0F25
:10B77000200000000000000000100000FFFEFFFF9E
:10B78000400000000000000400000001000000FF75
:10B79000F330AAAA00008000BE3C1E3C0000F0006E
:10B7A000FFFFFFF300000000000004000000FFFFA7
:10B7B000FFFF2020282805050C0C2020A000003CBD
:10B7C0000055FFFFDFFF00001000C300FF3C3F5F9C
:10B7D0003F50FFFFFFFFFFFFFFFF00003C3C00FF6B
:10B7E00000005D0C5D0C00350F35AA00A0A005051A
:10B7F0000000000000000040000000000000FFFF0B
:10B80000FFFF000000000000000400000001000035
:10B8100000FFAAAAAAAA00008000B43C143C0000C1
:10B82000F000FFFFFFF30000000400000000000034
:10B83000FFFFFFFB20200000000000002020A000F0
:10B8400000000000FFFFDFFF00000000E828E828FC
:10B85000005F0050FFFFFFF30FFFFFFF00003C3CC5
:10B8600000FF0000FFFF5D0C00350F354110829096
:10B8700084082020412002204109200884108420CF
:10B8800004C121092000200011000500111004202E
:10B890000000020420A040A10000201004A0842089
:10B8A000848484A08400209083100310000008404A
:10B8B00004412140800810A004208240114004006F
:10B8C0008411052020402000841000080311040189
:10B8D000A000840091002000040100000401040085
:10B8E0008400820082000200008211000000000833
:10B8F00021022020A041201101202020C02009C1C8
:10B9000004C1C12010209000A04120112009004056
:10B910000085020090C10404090220050400050905
:10B92000210521002011202104002004100800C05E
:10B93000008000C084840205040000002084A080F0
:10B94000200920100841038021000880A00004A0E5
:10B9500084042100200020000100040420000204CF
:10B960000200040004040400000000009000000035
:10B9700085890041802041C10541200800C0004068
:10B980000521000410040804040010A000040504AC
:10B9900000C00088412000A1002000088020A104F0
:10B9A000050400882020A0002000040220A0002020
:10B9B00000000020904104040441200220400804BB
:10B9C0000008804000200040004040048004201017
:10B9D00080058004000500030020409004042090AE
:10B9E000080400010090000500201020000000A0C5
:10B9F00080C02020002002900420842041104010AC
:10BA0000409004109090009001A10110001004904B
:10BA100004A10011001004100020008020101090DC
:10BA200020A08290A01001900510C1108310A108E1
:10BA300000A00000009002C0218801C0C100A11038
:10BA4000008800102088000804080090040820885E
:10BA5000019020A002A004C000400091A00803882B
:10BA6000114100830040A010000200A0000000115E
:10BA70000011400000C04008C191201000080020C3
:10BA8000022080C088058821882104210804400400
:10BA90000320028210040582040441C09041C020AA
:10BAA00010020284820809C010C041202002A002B6
:10BAB0000840C0080000914020210900C008002073
:10BAC00082841120802000051140208500C00811CB
:10BAD0008421052104080009000183410008008534
:10BAE00041A1200105041102088411841084000280
:10BAF000002041200520000300050240C005C000D1
:10BB000000040900044009900990059091A008885C
:10BB10008291840900088880004182C000004008AA
:10BB200010910085040320051003A00802858808F1
:10BB300020084041201000000288C0C0C01020052D
:10BB400000852103C08520800084C080C10482213B
:10BB5000C0840984A08401212004C004208484219D
:10BB60000804100400042009A083A0200040A000C5
:10BB7000C08000809000108041411010040202003B
:10BB8000200590400204800120A004C008A0040405
:10BB90000220002009040900042020040540200898
:10BBA00005021009110091050920C120200205C0DD
:10BBB000A10980848900048400801084A0902090D2
:10BBC0002011050000400010A02008040805800591
:10BBD0001001842188910404C10288082011040105
:10BBE000A004A02002010821C1208000110010083B
:10BBF00004090011C1404141114090C020091003C7
:10BC000001090084020910852004001020080105A4
:10BC100091A08421109100881004008800A04008A1
:10BC2000100200800988040220A090C12088080327
:10BC3000A0080420040004208309000088032121B7
:10BC4000012100042010100840102004008200840C
:10BC50002040C04020A008100080040420000040C4
:10BC60000004029020C1004000840284200484105B
:10BC70000009000210404080208200880840209087
:10BC800000840088008408044184008200100001C0
:10BC900088C110A0090404A008C0050211004002D8
:10BCA000824009200588C09000084008038400A055
:10BCB00000200500088200400920041000000490C4
:10BCC000401008044182204040C00810008200104B
:10BCD000038209C1888284A1881102108483C10073
:10BCE000A0C000100500204021C105100910210846
:10BCF000214002048010000841004108089084009F
:10BD00000002000504058821C0A100020005848806
:10BD100000200510C003C005C10000020804A005F2
:10BD20009021038484900200110402040905040098
:10BD3000040004C1902190038805109100210000A7
:10BD400000219005200304000500042100050005E2
:10BD5000C021841000042021052009A010820510B4
:10BD600020092021A04000211180000410020809B0
:10BD7000820040A0200002002004C000C010100576
:10BD800082880004A09080080800808405041104C3
:10BD9000C12088848811201040C00801C020A01054
:10BDA00004214103824009C1210882A108022085A3
:10BDB000080208840000080004C088C003828010C4
:10BDC0000000A00003890000080809080820038873
:10BDD00008A01140040440100009200520840882B6
:10BDE0000404208408080882A00400A011040308A9
:10BDF0000204808421020040102080041008A00862
:10BE00001090210400A120092000002104040080DA
:10BE100000802083200421A00041C000040404808D
:10BE2000040204840020218404040000100882809D
:10BE3000410482000000040090000103202100045E
:10BE400020000000210004400004000000000080E9
:10BE5000000400000000008208400004008400107C
:10BE60000000038000000000000020800010A0847B
:10BE700000000082040000800080200004032040B5
:10BE8000040900400003A1090040030400830909DC
:10BE900000C111C0038300090011000480838009E0
:10BEA000031010102108C1090309051040A0A004C7
:10BEB000840504804083410905822008200382898B
:10BEC000838840C00000A1834009400202021003A1
:10BED00000890004042009889110C111042040C188
:10BEE000101089C004841002052140C108102103EC
:10BEF0000404210404048804848800A120210391FF
:10BF00002021088941080041049104910190A00575
:10BF1000002120110041018300C1020000A010890E
:10BF20000885419000080889028991200089914084
:10BF300040C190840008C189A005C04101C001052D
:10BF40000205C103C1110000A1031121C09100909D
:10BF500088210011822011410020A1822100018945
:10BF60000082830008890020890988C0A009000494
:10BF700088A008044010200405910804C040010274
:10BF80000940C1041104010500C04000A1A1C18203
:10BF9000080488090904918382C04000A12083918C
:10BFA0008400208202108391049111041141410404
:10BFB00082001182A088A18389912184400583C1D8
:10BFC0001100098289C103050000218888A0890920
:10BFD000211190C002C0028389C0040840080440B7
:10BFE000042100108282080882A1C00020844182BE
:10BFF000C0011011A084401108C0092085850204E9
:10C00000C008100210080282000800008400C0402E
:10C01000830300400984048403090000840321048D
:10C0200083890005040884090304A1028403C12153
:10C0300089C00041418000C103094002104189A02C
:10C0400003890210414188080389000021101180F2
:10C0500021A08389040889009084040991838411B4
:10C0600089898483090010A0A00489C10400040305
:10C07000C185050803C1040589C18583C0822110DB
:10C0800005092111A09102A1090921A18084201193
:10C0900009090883801002890389090300840002CA
:10C0A0000921028380849090A189840321A0808249
:10C0B0000905850903058088830200030920009093
:10C0C000C1892083212180080289A00300001191E9
:10C0D0008402894084038302888404090403890854
:10C0E0000088040908918804000488914085890823
:10C0F00090200321C0418904C0840885081103856C
:10C1000021041020098890099102212188108204BD
:10C11000898488C1C1A18808891090850411880884
:10C1200020210185838310020202020388890021F5
:10C1300002A1C1058820A002C01108A002A100032D
:10C1400084090441A18901030211840989030000C3
:10C15000A002A00903891085852104200801C08957
:10C160008241000300204082020008A009020482EC
:10C1700010100208009108C082004020C1844000D5
:10C1800011100210A110901105040408C0028301CF
:10C19000C1A0100810841101854021098204A084E7
:10C1A0008388211140900100218903A09000C0895B
:10C1B0004100888285118508C10088A12101030200
:10C1C00083908911C091A10905888911210502A0D8
:10C1D00000004108408382004020894084A00485FB
:10C1E000A002214021098201034083100811902000
:10C1F0000311A188A1A001820402C000020204A0D0
:10C200009110A1030900820020C0C009A102C10849
:10C21000010489000011899008048391A183098990
:10C220008000838004C19111020003C184101010AA
:10C230000008890083838505048041048311400838
:10C240004100092190C10003A020838984A0C0C0BF
:10C2500004C10000832184A0090289000380040432
:10C2600084908489A08521100920C080A089218420
:10C27000088482C141C141C02008880091092088FA
:10C280000404211188C088080511C11021409003C1
:10C29000820240002160000BD00005600050000BBE
:10C2A000D00011000A50000BD00082002184000B46
:10C2B000D00000840660000BD00042842184000B73
:10C2C000D00041000A00000BD00000822100000BCA
:10C2D000D000008400000000000BD00041000000EE
:10C2E000000BD00006418200000BD0004284060003
:10C2F000000BD00021008200000BD00000410000A4
:10C30000000BD00042008248000B040041000000F6
:10C31000000B000042410808CBCB000000F00000F9
:10C320005050000003F3000001F100001E0A00005D
:10C3300000F0000030300007FFF70F140FBEC200FE
:10C3400000000F3F0000143CD7FF3F3F3F3F7D7D83
:10C350007D7D1CDF1CDF00002D7D2D7D3CFF3CFF23
:10C360005D7D5D7D3F3F3F3FF07DF0287777772211
:10C370007D7D28283F3F303087D787823CFF3C00B7
:10C38000FD0DF808CFCFC0C00AF55FA0131FECE089
:10C3900049B65DA235CA35CA0808CBCB00000CFCF3
:10C3A000000000FF000000F0000001F100001E0A84
:10C3B000000005F5000000FF0004FFF40F0F0F0F51
:10C3C000830000000F3F5555143C14FF005F005FD1
:10C3D000005F005F1C1F1C1F00000D5D0D5D0D0D3B
:10C3E0000D0D087D087D007D007D0F7D0F282277D3
:10C3F00022220FF00FF055AA55AA2D7D2D285A5A4A
:10C400005A5A0DFD08F855AA55AA14EB14EB101C46
:10C41000EFE308F71CE300FF0FF05D08000055F59F
:10C4200000001F1000000A0A00001F1000005050FA
:10C430000000CB080000505000007D28FF00F77579
:10C44000A22000000000AAAA0505FEAAFEAAFEF48A
:10C45000FEF4FAFAFAFAFCE8FCE80000FF3CFF3CC4
:10C46000FAFAFAFAFCFCFCFC14BE0F0F003CFF3C8D
:10C4700000F0FFF041717D710C0CFCFC0C0CFCFC1D
:10C48000003CFF3C41717D710F00FFF0417DBE8299
:10C490001717C3FF53AC53AC50CFAF305D0800004B
:10C4A00000A000001F100000FA0A00001F1000008A
:10C4B000FF000000CB080000FF000000F5A0FF0017
:10C4C000FFFF00000000000FF0F0AAAA7C287C28E3
:10C4D000AAA0AAA0FC00FC00FC28FC280000E82878
:10C4E000E828FC00FC00FA00FA0014BEF0F05A5AEA
:10C4F0005A5A9696969682B2BEB255AA55AA55AA8F
:10C5000055AA5A5A5A5A82B2BEB296969696CFCF2A
:10C510003030E8E83C000FF0FF005FCFA030C0C62D
:10C52000C0FC33B04903C0C7C0FC30B04903C041B0
:10C53000C09C33004903C0E7C09C33C0470300964A
:10C54000009C039000000186028C03890010C0C685
:10C55000C09033804903C0E7C09033804903000096
:10C56000C0C7C0F030B04903C0C7C0F030B0090345
:10C57000C086C0F033300803C000C0103300080389
:10C58000C086C07033900803C086C0F030B000038E
:10C59000C68601F609B40840028601E000B40840EE
:10C5A00000030303FFFFFFFCFFFDFFFF00C30303C6
:10C5B000F00000000C0C000FFCAC3C3C555555FC49
:10C5C000EFE02F2050535C5FF7A2FF005555553F19
:10C5D0007F2AFF000015FFBFB4B4FF005555033F8D
:10C5E0000000C3C3000000000000000000000000C5
:10C5F00030302000000055CFCFCFF0003C000505C3
:10C600000055C3000000000000000FFF00F0FFFF16
:10C61000FFFF0FACFFACC000000000FF00FAF0F01D
:10C62000F0F003030303FFFFFFFFFFFFFFFF00C363
:10C630000303F000FF000C0C000F0CAC3C3C555504
:10C64000550CFF00FF00555555557520FF005555F9
:10C6500055307520FF000001FFABFF00FF0055556E
:10C6600055550000CBC30A0000000800000001007F
:10C670000000303000000000550C0C0C00000000E1
:10C6800000000000C300000000000004ACACA0A04B
:10C690005FFF5FFF00A0F0A0CFFFFFFF00FF05FFDF
:10C6A000D2F0D2F0000000000000F0000000001006
:10C6B00000550055AA0028280C0C003C7F2F702044
:10C6C000FAFEFFFEF775FFFF0B000000B2FFFFFF51
:10C6D0003C3C3CAFEF2FE0203C2D3C2DFDFF5DFFAF
:10C6E00000FF45EF00008000000000010000000096
:10C6F0000000FFFFEFFFC30000002000000028281B
:10C70000A0A00005000F44400000FFFFFFFFC0BCD9
:10C71000FCBCD3FFD3D3FFFFFFFF3C287F6B5D0C36
:10C720005D0CAAAAAAAA000000010000F000000007
:10C7300000000C55CF55AA0028280C0C003CFFFF28
:10C74000000000040504A22000000B000000B2005D
:10C7500000003C3C3C05FFFF00003C283C7DA8005D
:10C76000080000FF04AE0000000000000000000010
:10C7700000000400FFFFEFFFC30000000000000006
:10C78000000000000005000044400000FFFFF7FF2C
:10C79000C080FC8050FF5050FBFFFFFF1400574348
:10C7A000FFFF5D0CE8AAE8AA04A0042020100420E2
:10C7B000219004101110400841004020210820A0C1
:10C7C000110804C02000201004A011C0209020A057
:10C7D000009004A04190110311A004A000002100CA
:10C7E0001000028821A00400000002C021081000EF
:10C7F000020820A00400200805900900110002088A
:10C80000040810000201030104900000040020004D
:10C81000030003001190020021842000008402A084
:10C8200004C00090200002A020000009A011900088
:10C8300000094021A000200040110441A021042053
:10C8400088118420A00900218411A000020304089B
:10C85000A000040000052003A0024000A020A011B9
:10C86000A003040400032011A00400C0000500047C
:10C87000A041200090000000900090004011A00016
:10C8800084049000910020022040200420094000F0
:10C89000020520002009041190000400000002009D
:10C8A0008204020400009000042090000020004058
:10C8B00000880090000200A000C000A0001021022B
:10C8C0000008002000C000A000C004C0002000102C
:10C8D0000020008200C00590410800A000820008EE
:10C8E0000088000800020090008800020000000894
:10C8F00000A0000821900082088410022010200867
:10C90000000200C00084000000020084000800C093
:10C91000000800C0000200C000C000900082008437
:10C92000000800A000000008000000C00000401047
:10C9300000214020001000080041040890108220CF
:10C94000901002100410001040100410402102103A
:10C9500004080010821004102010001000080010BD
:10C9600000109010001000100010041002100000C1
:10C97000A01100112002001002089002021000080D
:10C98000001000080010C01000029008040290106F
:10C990000008820590080008A0020004200204108C
:10C9A000000800030008A0084085000520080010CA
:10C9B00003082110000803A0051005084084054065
:10C9C0000384038211C0039005C00908408441829A
:10C9D000050804840584050841A0110803A005107A
:10C9E000050209A00984408409020908408840849E
:10C9F00000000410001004101184022000A0028422
:10CA00000840000805A041880384000821828510A1
:10CA1000200805000800051005100920090811A0CC
:10CA20000582090005900082410241400590030003
:10CA30000591844000200821840908110811080983
:10CA400008020809084082090808100382039003BD
:10CA5000000088050821822010088802C0411011BA
:10CA6000100320410800104010098440020884414E
:10CA7000A0210000A00590034003C0098810840590
:10CA800040034021840302419008100382100410E7
:10CA900004100905901008218205C0201009844067
:10CAA0008220900408038240101084059005A02184
:10CAB0000209A00821400502409021084100408859
:10CAC00000404000000010C0110800001100059057
:10CAD0000300050220882190088803004190098402
:10CAE00000880000000005000000098220000540C9
:10CAF00003C020080000030003C0030410A00304C7
:10CB00004100100411040200204020001000100019
:10CB10000500414040000200080009001000090023
:10CB200020000000200410001000000020002085DC
:10CB30001001208800000003901102110211402111
:10CB4000C0030202A002C00984202003C0410821C2
:10CB500040410009000840210009002190032008FD
:10CB6000400090110004000888048800002102059C
:10CB700090000011900400002011202190099011D4
:10CB80000040200484200404002002030004100953
:10CB9000A00510090009080808020005000300218B
:10CBA0008809002084100000020000040002000038
:10CBB000881000020110001109C0034000840084A5
:10CBC00003C040C005A0098800C00040418405A002
:10CBD000218441A00088090200C0092009042082A4
:10CBE000118403400202002040A000C00090030214
:10CBF000008204020804058800000200100221409F
:10CC00000220050221000200100000902120009067
:10CC100021C000C008000082210021A00000000007
:10CC20000940000040A008000040008840A000002B
:10CC3000050021C0401005C1108500089000840344
:10CC40000040882090210220402100030000842021
:10CC500084090209A0110821000082009002C0117D
:10CC6000840888000200904008001040C005C021E0
:10CC70000800C004C0040008820200004011400205
:10CC800040084040400390000421844110020210FB
:10CC90008805101190212121900890118241840370
:10CCA0001010C003C003A0201041C002A011C0207A
:10CCB00084091003840284894020080404A004C06D
:10CCC00010C004C000900400118240C0200211A0D6
:10CCD00000A021880500000204C002C003A00202D7
:10CCE00000200900048805C000C010C00382210094
:10CCF000212041C0000800A000080082000040A0E0
:10CD000021020884098821A00482210000024188B0
:10CD1000102003A0000208004120209010004120B4
:10CD2000081004000284051008821100080805009C
:10CD300041102090091000A0009000012100000483
:10CD4000C004901120090004A0040041820088035F
:10CD500088008200021100114000001104114000FF
:10CD6000000388020000840400000200002000008C
:10CD70008202000084038821040504099009000050
:10CD80000420002004042004204108082000040599
:10CD900000000200904002000900C0008300090862
:10CDA0002000C000C000C00000000000840082001D
:10CDB0000000A0000041100088090809004000415F
:10CDC0000000000000000000000000000000000063
:10CDD0000000000000000000000000000000000053
:10CDE000000003008041000000000000000000007F
:10CDF00000000000008000000300030000000000AD
:10CE00000000800010000000008080001000000082
:10CE100080410000000000030000000003000088C3
:10CE200008008000000000000000800011000000E9
:10CE30000004000000000003000000000300008860
:10CE400008000000000000000000000000000000DA
:10CE500000000000000000000000000000000000D2
:10CE60000000000001000801009000000000000028
:10CE7000000000000000008288000100890000001E
:10CE80000000000082000000008200C0820000005C
:10CE9000008808010010C00000010000000001002F
:10CEA00040C1000082000000008200888200000073
:10CEB0000088400000C040000001000000000100A8
:10CEC00040C1000000000000000000000000000061
:10CED0000000000000000000000000000000000052
:10CEE00000000000000000000000098800000000B1
:10CEF00000000140000000000000000000A1000050
:10CF00000009010000000000820000100000000085
:10CF1000C100000010000500050000A00000010095
:10CF2000000000010140000020000000000000009F
:10CF300041000001C00021088201008800000100BA
:10CF4000000000010182000000000000000000005D
:10CF500000000000000000000000000000000000D1
:10CF6000000000000000000000000000C100000000
:10CF70000000000010000000000000000000088217
:10CF800000110003410000000000000000800000CC
:10CF900000000400001100004000820900000000B1
:10CFA000200000000003418000000000000000009D
:10CFB00000000400000480009080100800000000C1
:10CFC0000800000000034100000000000000000015
:10CFD0000000000000000000000000000000000051
:10CFE00000000000000000000000000008000841F0
:10CFF000000000000300000000000000000000002E
:10D000000088000040100000000000000000000048
:10D0100000000000000000001100000200000400F9
:10D020008000000000008000000000000000000000
:10D0300000000000000000001000000200000800D6
:10D040000000000000000080000000000000000060
:10D0500000000000000000000000000000000000D0
:10D0600000000000000000000000000000000000C0
:10D0700001858800000001000000000000000000A1
:10D08000000000080000010188000000000000000E
:10D09000000000000000000000C0000000010000CF
:10D0A0000000080000000000C08200000000000036
:10D0B000000000000000000000040100000100006A
:10D0C0000000C0000000000090C000000000000050
:10D0D0000000000000000000000000000000000050
:10D0E00000000000000000000000000000100188A7
:10D0F000820808C0010000010000000000000000DC
:10D100000000000001090101000000000000000013
:10D11000001000C1000000000100090400000083AD
:10D12000010000000000008200400000901000207C
:10D1300001000083000000000002C0000000008227
:10D14000010000000000000000820000829000004A
:10D1500000000000000000000000000000000000CF
:10D1600000000000000000000000000000000000BF
:10D1700002000000000402000003000000000000A4
:10D1800000000000000002830441000000000000D5
:10D190000000118000C100000000400008000000F5
:10D1A00000C14100000000000080000010000008E5
:10D1B0000000040000020000000040809100000018
:10D1C00000C04100000000000000008011000003CA
:10D1D000000000000000000000000000000000004F
:10D1E000000000000000000000000000000000003F
:10D1F00000000000000012002148000BD000124285
:10D2000000000000000000000000000000001242CA
:10D2100000000000000000001200000000000000FC
:10D2200012008148000BD000120000000000000036
:10D230001242000000000000120000000000000088
:10D2400012008148000BD000120000000000000016
:10D25000124200000000000000000000000000007A
:10D2600000000000000000000000000000000000BE
:10D2700000000000000000000000000000000000AE
:10D28000000000000000000000000000000000009E
:10D29000000000000000000000000000000000008E
:10D2A000000000000000000000000000000000007E
:10D2B000000000000000000000000000000000006E
:10D2C000000000000000000000000000000000005E
:10D2D000000000000000000000000000000000004E
:10D2E000000000000000000000000000000000003E
:10D2F000000000000000000000000000000000002E
:10D30000000000000000000000000000000000001D
:10D31000000000000000000000000000000000000D
:10D3200000000000000000000000000000000000FD
:10D3300000000000000000000000000000000000ED
:10D3400000000000000000000000000000000000DD
:10D3500000000000000000000000000000000000CD
:10D3600000000000000000000000000000000000BD
:10D37000000000000000AEDE000000000000000021
:10D38000000000000000000000000000000000009D
:10D390000000000002000000AEDE000000000000FF
:10D3A000000000000000000000000000000000007D
:10D3B0000000000000007B75AEDE000000000000F1
:10D3C000000000000000000000000000000000005D
:10D3D0000000000000007B7500000000000000005D
:10D3E000000000000000000000000000000000003D
:10D3F00000000000000000001660C00200000000F5
:10D400000000408C0100000000000000000000004F
:10D41000000000000000000000009667C00200004D
:10D4200000000000408C07000000000000003002F7
:10D430000000000000004003E6699667C00200009B
:10D4400000000000408C07000000000000003002D7
:10D450000000000000004003E66920410390041131
:10D460000310401004104020201002100020004043
:10D47000112004A0202084210004A0908400119099
:10D480008400840484004008200404A040418420D7
:10D490008401404040008200820900008400402056
:10D4A000C000A000C0104040850911108420040174
:10D4B000A10804024020030241000500200021C011
:10D4C00000900200000004000090020002A0110081
:10D4D0000200820000000400000400000084080034
:10D4E000001000004180C08021804000000000004A
:10D4F0000400208000000482402082804000400020
:10D50000C000410040214041200000800000012077
:10D5100041894120018905044000400200C04008C3
:10D52000830005054010410021804020000041009B
:10D53000A102400000800200900082008204A0004E
:10D54000040420090400A0050000000082009020CF
:10D55000020005410305000420009080000440A063
:10D56000000400C10021002009A0051100A0002135
:10D5700000410082001000C020090020002080022D
:10D580000508800000040020000808C08820808270
:10D590008004000000200011002000110020000085
:10D5A000000002020090000800400020008300827A
:10D5B00080C00020002011088082801000820004BA
:10D5C000008309404004008204832020802000035F
:10D5D00000090002008480100002001100040020F5
:10D5E000011082A0204040400410001002020011EF
:10D5F00000400040002000080010411090902010D2
:10D600000420202104100090A09100100420041098
:10D61000041004C10002009000204090202090904F
:10D620000000202103100010041004C10210024069
:10D6300002020241028002A100021008102100082B
:10D64000C090004004C000900010012001820490AE
:10D650002020041000004003200300850082000900
:10D6600000081082C0100502A00804410940080803
:10D67000040811C000100010008800038003048417
:10D68000040820840011209005880404039082C0BF
:10D69000040085211184A1821004050280402040ED
:10D6A00000820000C00385031100808402208005F1
:10D6B000031090A0002009830410801190402140A5
:10D6C0001004004009104010104005008501804002
:10D6D0000808000105210200038211202140218455
:10D6E000024002410041400400410403822000083E
:10D6F000010011091000A0080008000200044020E9
:10D7000089410900054100040120080200A1A0216F
:10D71000412101400484002104118480820540805D
:10D7200088C10041000040100810040004029088E5
:10D730004020201102030880A04011204020040056
:10D740002000008510009003C000408840110404B0
:10D750000400C02100044084101000009083108059
:10D76000C00801020184840282C0910402A1042045
:10D770000440400000C082004100410102820300D9
:10D780008400A082842000109020000090848500F6
:10D790000503050141100902410020082102000093
:10D7A00020004084A10000000200100105000301D8
:10D7B000020041A00502C008210040002100000035
:10D7C00009011000C12005200940080000010201E4
:10D7D000A00008001020840000A0850103C090086C
:10D7E0001100110000011001040805100488000256
:10D7F0008280A0411103000504410009002082023B
:10D800008408052004084183000004A000080411D6
:10D8100004009004C00488088289000820020403E0
:10D82000A003000200110204000001100440104196
:10D83000082021001008A0414100A0032140202120
:10D84000000000400820028302C000A00020004029
:10D85000A0040402001000110520A00504400005EA
:10D8600002008403C0008440104003A0414003A094
:10D87000854003840220400280A00508102000207B
:10D880000004809100C08840912000890484200316
:10D89000008241000488024000C10982402009043E
:10D8A00011A01008038203044090000008400910F2
:10D8B000C1202140080440C0108441A0418510844B
:10D8C00003112010052002081000020800C00040CB
:10D8D000050000C0410003028488108408C000C015
:10D8E0000889804000100210090000C0A005000057
:10D8F00000000200A000008221200808040520800A
:10D90000020090000202C02120110483C02088215F
:10D91000400200110800210001801020000201884F
:10D9200000C000020400000540008800000009A0BB
:10D93000008804828400A009000002100200201068
:10D940008809A040001100038400400089000009FC
:10D9500000800000820810098203050200084100CF
:10D96000002088200200000209800810C0100284F4
:10D970004108400880C02082410284200010020437
:10D980000302A00210A00004841080204089210816
:10D9900008909002402011C000C08241400202085D
:10D9A0000084401021001100840810080490000039
:10D9B000A1200205C18441204040094040000009E7
:10D9C0004008400808020282411020094010410826
:10D9D0000885800900840084080820C0000100C078
:10D9E00088048000080441000810032010400588C6
:10D9F00000101011C1020205000010084003008849
:10DA00000041000002000005000805030402902008
:10DA100010208440040084898210100503C0054052
:10DA20000002040840110008000002410000C0008C
:10DA3000000008009010040800800011040020037A
:10DA400000201110820420008300100402204002F4
:10DA50000840C0042040000002000000081000043C
:10DA60001041031120040280002120918200408394
:10DA700084000083002109800200008308001080D8
:10DA800080808590000800852188008300800988B7
:10DA90001100088302008000000080032100800044
:10DAA00009008083408080000000038803A004C038
:10DAB00090880000098280880588C1C1038303C063
:10DAC000808289880821C0100041090800904088A0
:10DAD00005900090000380002000008008031000E3
:10DAE0000380000800030400091104000383A0035D
:10DAF00000404011088384A1102001020283C1A0CC
:10DB000004040240A01000A082400084200384028C
:10DB1000014000C0018900000290009088890084C3
:10DB2000C04000000889014040A088001021C0408A
:10DB3000104182020000A0021091041140029110D5
:10DB4000104120100805001109A020110011000843
:10DB5000001188080040000520A0C10200040091C7
:10DB6000048801C000110005409090040002910952
:10DB70009011001020A004100800A104C11110830E
:10DB8000A001028982C1021090114005858510080C
:10DB9000A0008840A100820000009088C100200001
:10DBA00004002000A100820001018888C100040255
:10DBB0000903A10321090000412190C021898205A8
:10DBC0000488A1A14009410004A021C100218211C3
:10DBD00004908404102005C0840104010800830817
:10DBE000C0001000100011C0C011C010C020830878
:10DBF000A0009109090183A0800280108480038520
:10DC000083A0090289C18803A180054111200883EE
:10DC10008021001080000341000000040080830286
:10DC2000000080100000030400000804008083024C
:10DC3000C00988A1400420C10000A1820911A0826E
:10DC4000A190080008908402A008C005C0100290AE
:10DC5000C19080088080000083800020080580003B
:10DC6000838080040000800083800083888080009F
:10DC70008389400088410303830300800300100070
:10DC8000000380900011809188830390218803C055
:10DC9000058880808080048080839000008004005C
:10DCA00000031100008004800083110000804010F8
:10DCB000808308C082049090034000804040404030
:10DCC00090C0C088410391210309110820408511AB
:10DCD000C104A00285800400000000A01011800093
:10DCE0000080800300000080880080030080040022
:10DCF0000800800388C000049003038308A09040BC
:10DD0000200010091005C0A002408883820920A0CD
:10DD1000838410C140104008A0A08883410000A067
:10DD200000080089040000A000842089080000C0C9
:10DD300001A188A1911104000209110400808591BC
:10DD40002011A003898291400441C004C0039005C2
:10DD50004088090902040204059088849004C110D7
:10DD6000048404A088910040821008828809C09031
:10DD70000108C08802112090000321C19183030192
:10DD80002010414008848301A001A08904C0202103
:10DD9000884140000404890088049000088911002B
:10DDA00088C0910000000902888484010000C10439
:10DDB00088400220000008894190890191C00080BC
:10DDC0000800080020082010200120889108010880
:10DDD00010880411A000C004C11000C0A0C11182AD
:10DDE000C1900090A1001082891010880200088460
:10DDF0000120108210001082098911C1080420043A
:10DE00008320808008808000834102100210020875
:10DE100009410983912002801004808900008090CC
:10DE20000300800008400021032180008021400081
:10DE3000030089008080000010200403400340801C
:10DE4000008002204009888908C104200502418819
:10DE5000218082218884090920102180100010105F
:10DE600040808389000088000080030880404000D3
:10DE70008000034100000000808083110383C09173
:10DE800091880000000BD00000001100000B000082
:10DE900021420000000B000042424100000BD00074
:10DEA00000000600400BD00000008200000BD000F4
:10DEB00000008100400BD00000001100000B0000AA
:10DEC000005000000A00000B000000000000000BE2
:10DED000000041000000000B000000000000000BEB
:10DEE000D00000508200000BD00000500A00000B50
:10DEF000D00000840000000BD00006501200000B80
:10DF0000D00012420F0F0000FFFF00009199FFFFA9
:10DF100030C000004488000014820000FFFF0000B1
:10DF2000FFFF00000F0F0000666600003C3C000091
:10DF3000FFFF0000FF000000FF000000665966655B
:10DF4000FFFFB0F200003CC3FF000F0F714D596698
:10DF500065665A665A66D32CDF20F00F0F0F00005B
:10DF60000000FFFF00000F0F00003C3C00000F0FFF
:10DF7000000066660000FFFF0000FFFF00000000D9
:10DF80000000000000000F0F000000000000919949
:10DF9000FFFF30C000000000448800001482FFFF33
:10DFA0000000000000000F0F0000666600003C3C0F
:10DFB000000000000000FF000000FF000000669964
:10DFC000666600004F0D00007C83FD020F0FF00F0E
:10DFD000996666665A6A5666C33CFF00E80F2B0FC7
:10DFE00033300000FFFF00000F0F00003C3C00003A
:10DFF0000F0F000066660000000000000000000037
:10E000000000000000000000000000000000000010
:10E010000000000000000000000000000000000000
:10E0200000000000000000000000000000000000F0
:10E0300000000000000000000000000000000000E0
:10E0400000000000000000000000000000000000D0
:10E0500000000000000000000000000000000000C0
:10E0600000000000000000000000000000000000B0
:10E0700000000000000000000000000000000000A0
:10E080000000C208040000108861000000FFFFFFCC
:10E09000FF000000999900410028000011220000B3
:10E0A00011220000F0F0000066660000FFFF000093
:10E0B000FFFF0000FFFF0000FFFF0000FFFF000068
:10E0C000F0F000FF00FF6A666A6900006666996604
:10E0D000F00FF0F066666699DFFFC7C35C5A3C5AE2
:10E0E000666666990000C3000000FFFF0000FFFFA6
:10E0F0000000F0F000003C3C00006666FFFF0F0FE0
:10E10000FFFF0F0F0000000000000000000000FFF4
:10E11000FFFFFF0000009999410028001122000034
:10E12000112200000000F0F0000066660000000010
:10E1300000000000000000000000000000000000DF
:10E140000000F0F004FBFD02666669690000566697
:10E150009566D417F0F0666656592000383C3C3A74
:10E160003C5A66665659000030000000000000006E
:10E1700000000000F0F000003C3C00006666FFFF7D
:10E180000F0FFFFF0F0F0000000000000000A2C7EC
:10E1900051F0A0B44140064100800305090000860B
:10E1A00000E000B01000A2C65130A3844945A2C7C8
:10E1B0005190A3844D45A2E75190A3944D45A2C729
:10E1C0005190A3C44D45028601E003B4084000000D
:10E1D000020601E003040840028601E000B40840A2
:10E1E000028601E000B40040008600F030B0480331
:10E1F000C0C7C07033904903C0C7C0103380490303
:10E20000C0C7C0F030B041030006007003320010F8
:10E210003F3C3A3C08080000AAF03CFFF5F5303FCF
:10E22000F3F0F0F000C030F0FF00FD02002010AA73
:10E23000FFF00F000F0F00FFFFF00F00000FFF0FA8
:10E24000F0F0FF000F000FFF9F9FFF9FFF00FF00F8
:10E250000000248100000F0F5555FFFFFF0FC3C3BF
:10E26000C3C30F0F3C3C0000000000000101000090
:10E270002060F8F8F0F002F203F3FAFAFAF03D3D0C
:10E28000FF7D0F0F0F0FFFFFFFFE030000003F3C5D
:10E29000F3FF353C303C00000000AAF03C000505CF
:10E2A000303F30F0F0F000C030F0FF00FD02000021
:10E2B00000AAFFF00F000F0F00FFFFF00F00000F8C
:10E2C000FF0FF0F0FF000F000FFF9696FF96D7822A
:10E2D000FF000000000024813C3C00FFFFFFFF0F17
:10E2E000F0C3C3C3FF00AA000C0C0030FFFFFDFD0C
:10E2F00000002060F0F0F0F007F703F3FEFCFAF006
:10E300003D3D3D7D0F4B0F4BFFFFFFFFC0C00000A9
:10E310003C3CFFFFEB28FCFC085D5D5DFFF03CAA88
:10E32000505F3F3FB4F5F0F07DFF7F7F10000000AD
:10E33000AE82AED73F3F30303C003CFFF0F0FF00F4
:10E3400000000000FF0FF0003C3C00FF0000000850
:10E350000F0F3C0F0000248100002D2DAAFF240088
:10E360008100550F5555CFC30F000D0D7D7D100059
:10E370000000000020608100240004000100FFFF75
:10E38000FE3C3C7DFDFD00C30000CFCF30300000DF
:10E39000000001FFFFFEEB28C0C008085D5D00F033
:10E3A0003CAA505F3030F0F0F0F041C3434300002E
:10E3B0000000048204D73F3F30303C003CFFF0F0C7
:10E3C000FF000000C000FF0FF0003C3C00FF000019
:10E3D00000000F0F550F0000000024812D2D005567
:10E3E00000240081553C5555EFEBAFAA0D0D000000
:10E3F00010001000000020600081002400000000D8
:10E40000FFFF0A003C7D3D7D00300000CFDF303053
:10E41000C330000000FFFFFFC00884A00420A1104B
:10E4200000100408041004C0031011A1031004100C
:10E4300003200408201020101110210804902090BF
:10E44000020802840400A0080404404004210000E3
:10E4500021890201840420A00000210804200888EA
:10E46000210404040420201004C00408A1040408AA
:10E4700021084020204040084000C00240008300A6
:10E48000C00000008000400040009100000000003B
:10E490000000049004000400040840004000200034
:10E4A0004020A0000000900000219000404020107B
:10E4B00000050000004100004000A00020400000D6
:10E4C000A020010041082005044020800180A1A077
:10E4D0002000040421042084C10000C000090000C1
:10E4E00004080080048090800080020520002080C5
:10E4F0002000000000030580210505004100904038
:10E500002000210000030204210820044000200410
:10E5100020040000C1050100210001000820102195
:10E52000419100200040411000210020402041C0C6
:10E53000094004C000080040000800020020082133
:10E540000020000040010020000000020008091027
:10E550008009000800A02005210100080000000437
:10E5600000A080000008090208A0000804100000B4
:10E5700000A0080300008400001100A100000001B9
:10E5800088090001000100010000000000010001F5
:10E5900000000020000000000000000880010110C1
:10E5A0000020001000A10090004000400010004139
:10E5B00000100082012100100010004100A000A105
:10E5C00000C00088001000400010001000100091F2
:10E5D000000810200010001000C0004000100000D3
:10E5E0000090000820100010902101080020032155
:10E5F000001004080040001040020082004000109B
:10E6000000204020402000200002000000100020D8
:10E6100000200000009000020000000500A102049C
:10E62000822020100884044004101140098205C093
:10E630000040800900852120050100110383054069
:10E64000000803100211044000414188909000042A
:10E65000090900A180202084004040090210041014
:10E660000000204105400020054008112091841041
:10E6700020200585A0404140000000A000080010B7
:10E6800082020284204100088000100404840320D8
:10E690000502801189854009002000C00090900883
:10E6A00080830991C10383100083840882C04004E1
:10E6B000004182880240C00290A11002C002C00244
:10E6C000001082418405850284C1008482002004F8
:10E6D00010838240080410A1C1218888C040041121
:10E6E00041400000858408808483008011108520CB
:10E6F00009030988884021C010918241C04110411E
:10E70000C009050583410502000040211085110460
:10E71000848004C004024020010200A110100841BE
:10E720001083400290A0202102A1020003000200F9
:10E7300002008000108810000200842109201110BE
:10E74000401011842000020020904120850020000C
:10E7500000002000800010002101002105001000B1
:10E7600005004000000020012020202190C1040568
:10E770009100040402012100A004101041030200D2
:10E7800084040400C000410002A082001001900136
:10E790000503080010004000000110004121410065
:10E7A0001000000009040241004000201008004150
:10E7B0000003000804030041001100410590408956
:10E7C00010830080022040001011004100882003C7
:10E7D0000202000801404011400210041002C04033
:10E7E00000210000C04000001120A1900104202061
:10E7F00011A020411190200400410982001000085E
:10E800000100410911030341101185094010004026
:10E810004040208400020400001100040005008232
:10E82000200800031000008402840540404000C01E
:10E830008040858402C12191808285C000108909B1
:10E8400000A00484409000088000000241840089F8
:10E8500000A020040502052000840084A11141C00D
:10E8600020002000A183801000000000004041042F
:10E870000040A020092121048411118220011000F0
:10E880000200200102000284858283080082404049
:10E890002010108211829100408405200400052080
:10E8A00085820000020010014002410490000188AE
:10E8B000900940C040110002040240214021402143
:10E8C000040282410510840590034002009100007B
:10E8D00090020041418588090480200040400420C6
:10E8E0004011850905102004200300004011908389
:10E8F0008489042121A0C090C09109900221C10403
:10E900001003030300041010001102080803C005DF
:10E910001185C000840820000205012100898310B0
:10E9200010884010C0050100A1088585A00411C011
:10E930000090208409A005400484110220820084F4
:10E94000040840200285091004C004C110400001E1
:10E950000200100009102004400120840210000071
:10E960000400000020002020050820040000894049
:10E97000C104008440400804080402110820000279
:10E98000800010000200A008100011C01140A0106B
:10E99000101021100204C100400408830220A104C9
:10E9A0009020112003A00202000810090203089120
:10E9B000000240080020000000A10000000800053F
:10E9C0000003000000C100100000010001100089D8
:10E9D00040400000000000001000000400030000A0
:10E9E00020020100000040004100400001800000C2
:10E9F00020802080000404800189418010A00184CF
:10EA000000002000000001000400820000000080DF
:10EA100009000000000000030400410400200189F7
:10EA200004804080008000000180000001C010824E
:10EA300021838000000300000003058841000000DE
:10EA400000038080400000A08083110221000000AC
:10EA500080830084408000000008098580C1008018
:10EA600000C00085808308840003050909800080B8
:10EA70000000008300898400000000830009090071
:10EA80000080409191A100894190008341902080B5
:10EA90000000000300808308000000034010848011
:10EAA000000000030003040000801102200905207B
:10EAB000904101838490A0200090C0214085018274
:10EAC00000C00091101001C00010888385850100EE
:10EAD0000082201100C10810009000000184200570
:10EAE000041002A100408402000200214121000222
:10EAF0000810000000090005119000820083200921
:10EB00008808000201419104C0020111004120C1A6
:10EB1000C104000800090208080000A004010185E2
:10EB2000020400C00091A08800040004000201C09B
:10EB30002005419108A00800A00483C12000A00086
:10EB40004110839040008400A000110304000000E5
:10EB5000880483C190049000880491008400080018
:10EB600020002103A0008404890485402000820045
:10EB7000A120C189000088A18800910889C1048270
:10EB80004009098883050200A0210300A00808109D
:10EB900021004010C10402A0410102108388040832
:10EBA00000000402C18288018800900411820209D9
:10EBB00004C1052009008021800380008308002013
:10EBC0000000210083038041800020008311800029
:10EBD0000000A08083910000004121000303004059
:10EBE000052100000989000909118902A191000588
:10EBF000000021808309000000C0000021000309FB
:10EC0000800480C121808309000408832009858055
:10EC1000800508118080838980008840000083205F
:10EC20004084001180008380000200200000838067
:10EC3000041002831080820200008480828000839E
:10EC400080808088808080030000038080090083AA
:10EC5000008080800083008300808903828000839D
:10EC60000000008240898083040880204002110354
:10EC7000800000804009008300000000210003891B
:10EC800080038080800040890083408580848041AB
:10EC900000C00000088080100083808004002010E5
:10ECA0000083008002008490800380800011200097
:10ECB000800302209002040204A00800A0A008849F
:10ECC000A0030290101108A0888300A00002A08277
:10ECD00090C1000488880090008300084000C08430
:10ECE00004050000000300A18802080304C1842178
:10ECF00008A140880010008500090000409088901D
:10ED0000C08502859020040882A1028301100802B8
:10ED1000049020834008400408C11083089000A09C
:10ED2000C1090441900282081005400302089002C4
:10ED300010904091010303C100048409838584106D
:10ED400000014020000040009000C0088340408245
:10ED50001000A0A083908400000004888503842014
:10ED60000240A002402088848801888202030211A8
:10ED7000A000040885918482908890820000C101DF
:10ED800082100400108883910882200020A00500D2
:10ED90002000020010A0030002C020080490C1005F
:10EDA00005C004001004838811840000C01089404D
:10EDB00003829001C0044082080082019090038287
:10EDC00000800004900000040000000000808385A3
:10EDD0008080A000000083802100000080808320CC
:10EDE00021000000800005830800050500808540A3
:10EDF00089C10302118089030000008000800000A7
:10EE00008303008080008900832000008000800050
:10EE1000C0020004C00488009002800080800000CE
:10EE2000831188008000808003208800000000801B
:10EE3000038404000021008080008411044003004A
:10EE40000A00000BD00000004100000B0000000091
:10EE50000600000B000011000000000B0000000085
:10EE60002100000B000000000660000BD0000082B3
:10EE70004100000BD00000000660000BD0000650DF
:10EE800000000060000BD00011000660000BD000F5
:10EE900000000600000BD00021000000000BD00095
:10EEA00000008200000BD00000000000000BD0002A
:10EEB00000500A00000BD00000600050000BD00092
:10EEC0000A0000003C3C00005555FFFFFFFFFFFF1C
:10EED000F0F0FFFFF0F0FFFFFF00FFFFFF00FFFF7C
:10EEE000FF00FFFFFF00FFFFF0F00F0F00FF00FF2C
:10EEF0000F0FF1FDFFFF0FFFCFFF0000FFFF00002E
:10EF000000FF000000003C3C000000FF0000FFFF8D
:10EF1000000000FFAAAA0000150500000000FFFF86
:10EF2000000000FF000000FF000000FF000000FFE5
:10EF3000000000FF000000FF00000F0FC300C3002F
:10EF4000F0F0500000003C3C00005555FFFFFFFF73
:10EF5000FFFFF0F0FFFFF0F0FFFFFF00FFFFFF00FB
:10EF6000FFFFFF00FFFFFF00FFFFF0F00F0F00FFAC
:10EF700000FF0F0F010D00000000CFFF0000FFFF9A
:10EF8000000000FF000000003C3C000000FF00000B
:10EF90000000000000FF080800000105000000005C
:10EFA000FFFF000000FF000000FF000000FF000066
:10EFB00000FF000000FF000000FF00000F0F030033
:10EFC0000300CFCFC0C0F0F000000000FFFF00FF43
:10EFD000FFFF00FFFFFFC3C3FFFF00FFFFFF00FFB6
:10EFE000FFFF00FFFFFF00FFFFFFFF000000FFF03B
:10EFF00000F0FFFFF0F0FF7F007055555555FF0002
:10F000000000FF0000000000FF000000FF00000003
:10F01000FF00000000FFFFFF00000000F0F0F0F034
:10F02000FF000000F0F00000F0F00000F0F0000041
:10F03000FF0000003C3C0000FF0000000000FFFF5C
:10F04000EBEBEBEBFFFFFFFFF0F00000FFFFFFFF3C
:10F0500000FFFFFF00FFFFFFC3C3FFFF00FFFFFF35
:10F0600000FFFFFF00FFFFFF00FFFFFFFF000000AA
:10F07000FFF000F00F0F0000FF2F00205555550F37
:10F08000FF000000FF0000000000FF000000FF0084
:10F090000000FF00000000FFFFFF0F0C0F00F0F06A
:10F0A000F0A0FF000000F0F00000F0F00000F0F031
:10F0B0000000FF0000003C3C0000FF000000FFFFDC
:10F0C000FFFF00F00000ABAAA900A2C751F003B4F3
:10F0D000414002C601600394494002C701600394A5
:10F0E0004940024101000004494002C701E003B465
:10F0F0005140008600FC03902000A0865270A3A916
:10F100000085C0C6C07C339049030000C0C7C0FC66
:10F1100030B04903C041C09C330041030086706099
:10F1200003380000A2C651F000B44940A2C751F014
:10F13000A3B44945A2C751F000B44940A2C7511039
:10F140000384414000860CEC00B8000000000082FF
:10F150000F0F0F0F0000000000FF40F0FFFF000046
:10F16000FBFFFBFFFFC3FFFF003CE7DBC303C00067
:10F17000008228AAFFFFFFFF00FF0F0FFFFF8000A4
:10F18000030F000FFFFFFFFF0000040000005A5AAA
:10F19000FF5A7EFFDBFF3CAAF0FF5C5C0FFFAAAAD0
:10F1A000FACAFF0CCFCFC3FFB0B008080AFF0000B7
:10F1B00000000000000000FF00FFF2F070F0FF7D93
:10F1C000FF300F3FBFBF4440000000201020000070
:10F1D0000000FFFFFF0F0200020000FF00F0FFC26F
:10F1E0003D000000A0A0FFC3C3C3003CDBE7C30396
:10F1F000C000008228AAFFFFFFFE00FF0F0FFFFFE5
:10F200000000030F000FFFFFFFFE000000000000E2
:10F21000DBDBFFDB7EFFDBFF3CAAF0005C5C00F089
:10F22000AAAA3A0A003CFFFF003CB0B0080800F56B
:10F23000C03000300000000800FF41EBF2F070F039
:10F24000FF38FF300F3F1F3F4440000000201020D8
:10F250000F0FAF053C7C0050A0A0BE14CFCFFFDF46
:10F260000000000028F8AAFA2828FFC3003CD7D7DE
:10F27000AAFBAABA757555F5C000C00055FC5555D6
:10F28000FFBFAFBF00EF00EF300000000000200024
:10F290000000EFBFEBBEFFFF30BAFAFA3F300FFFBE
:10F2A000553CAAFAAACAFFFF7530090900003C3C88
:10F2B000F53CFFFFFFC3170F0F0FC3C2C3C282008D
:10F2C0000000FFFFFE3C0E3EFFFF44400000002018
:10F2D00010200C0CAE0400100000AAAABE14CFCF60
:10F2E0000010C000000000F000F02828FFC3003C20
:10F2F000D7D700510010202000A0C000C000550C3E
:10F3000055555010001000FFAAFF3000000000000B
:10F3100000000000CF3FC33C30BAFFFF0A0A3F3075
:10F320000F00553CAA3AAA0A7530FFFF60000000A2
:10F330003C3C053C003C0000170F0000C3C7C3C79E
:10F34000FFFF7DFF3E3C3E3C043CFFFF444000008D
:10F3500000201020110800C021204020219041A051
:10F36000200811C01108201020A021A0040811209D
:10F370002090410011081110041021080490200869
:10F3800020A004A00410049020C0049000001100EC
:10F3900020101108000020900400020021900408B1
:10F3A00020200008118220100488049020A02090C2
:10F3B00011102000040020C011000400040011906E
:10F3C00021C021000000049000A0000804000000FB
:10F3D0000008040800A0C005002000110000004142
:10F3E00000102000A0000000900000002000200974
:10F3F00000000000004000110000000400000004B4
:10F40000004020402000C000A00000009005042023
:10F41000A000900020050000A02120410221000052
:10F42000A000040940002000080020050009A000F9
:10F430009000A000400020050421200020000000D2
:10F4400020000403400400210000A00290210011CC
:10F45000900400000000040000A00908008200C021
:10F460000082002000900090000200A00010000226
:10F470000000008800C000A0008200901100000081
:10F4800000840020000041200002000000000082F3
:10F490002002210841900000000000C00000002070
:10F4A00000000090000000820082000000100000B8
:10F4B0000000400000000008000000000000000004
:10F4C0000000000800000000201000000000000004
:10F4D00000000000000000000000001000100010FC
:10F4E000000800100008001000210020002000206B
:10F4F000001000210010000300100010A0200009DF
:10F500000010001000210008000800042010001066
:10F510000008001000110000041000000010000896
:10F52000001000080010002100210021000988209F
:10F530000010001000100008041100080010002145
:10F540000020000800022005000800020008001149
:10F55000900900050008001000100010038804C086
:10F5600005C01082038410A04102051040C00508A8
:10F5700004A011080290100800200082008440C0FE
:10F5800000841182000841A0000400100082008461
:10F590000008020003840584054040A0000010C05C
:10F5A00004020208040020A0030402A02040200856
:10F5B00021080808058205A002C041C00810058284
:10F5C00003000010031005840308008440A000A07D
:10F5D00004C04100020005A003004182410800026E
:10F5E00084110008040584020003104184081021DE
:10F5F000002100410040C010002110001002004115
:10F60000000900024002840084031011C003C021DD
:10F6100000028405000000031021000500410000E5
:10F6200084080003C0418440C0001003C0021010D1
:10F63000000484080000002188051003C000820532
:10F6400084081021100300211021042184110000DE
:10F650008400C0218410C0108200C0008400C0213A
:10F660000502110000002000100205000004000047
:10F6700003001000400005000000110003004000DE
:10F6800009000000000041000900020041001100D3
:10F6900009000000050000000500090202A00200A8
:10F6A0000000000000020500100205000520100007
:10F6B00000000384020002004104080802084120FF
:10F6C00009000088080020404100020005004100B8
:10F6D0000900040008001000009000000000000075
:10F6E0000000004100200005002100410041000809
:10F6F0000021000900090000004100020041002132
:10F70000004100000008002100000000000000008F
:10F7100000000040000000020000000000000002A5
:10F7200000000000002100000011900088028809FC
:10F730002008000900000000000000210000000077
:10F740000000000000000000C000000000090000F0
:10F750000000000000400004000000000002000063
:10F7600000000000008202A003A000100008034077
:10F7700000A00020008400C0000041A000C0008262
:10F780000008000800A00000008200C0004040C047
:10F7900010100088000203C010C0000000C000105C
:10F7A000000000000000002000100810008400008D
:10F7B00010080582218210000300000010000300E1
:10F7C00000000310000000C000101000000008003E
:10F7D00002004100000800001000050000000010B9
:10F7E0000000410005001000102090110400C0210D
:10F7F000C000000890000003040020200403000063
:10F8000000000400001110000005024184210005E1
:10F8100084001021042182218421002184214008B8
:10F820000400404110050000400300059003024120
:10F830000221C010001084088408022182001008F0
:10F8400000000221C02110218420840800088400C7
:10F850000811C0030003C003820000100021022130
:10F8600010038421C020000020A02084000009C0D3
:10F8700000884002008410200010008200880020D0
:10F8800000880084008402A0020004A000880020F8
:10F8900000880410108240C002842008112000104B
:10F8A00009A003C0100809820000098405A0100205
:10F8B000091011840202000002A0029000002184BD
:10F8C00000C009002084000004820484028220A079
:10F8D000029009000002112000880490030804002F
:10F8E000032011C000820904208800090011900043
:10F8F000902000000000000900000000000000410E
:10F90000000040004000000000000000000900026C
:10F9100000000000000000000400000000000000E3
:10F9200000020200000000000000000000000005CE
:10F93000000000000000000000000000880000003F
:10F9400000000000000000000000000000000000B7
:10F9500000000000000082000000840000000000A1
:10F960000000000000000000000000000000000097
:10F970000000000000000000000000000000000087
:10F980000000000000000000000000000000000077
:10F990000000000000000000000000000000000067
:10F9A0000000000000000000000000000000000057
:10F9B0000000000000000000000000000000000047
:10F9C0000000000000000000000000000000000037
:10F9D0000000000000000000000000000000000027
:10F9E0000000000000000000000000000000000017
:10F9F0000000000000000000000000000000000007
:10FA000000000000000000000000000000000000F6
:10FA100000000000000000000000000000000000E6
:10FA200000000000000000000000000000000000D6
:10FA300000000000000000000000000000000000C6
:10FA400000000000000000000000000000000000B6
:10FA500000000000000000000000000000000000A6
:10FA60000000000000000000000000000000000096
:10FA70000000000000000000000000000000000086
:10FA80000000000000000000000000000000000076
:10FA900000000000000000000100000000000088DD
:10FAA0000000000000000000000000000000000056
:10FAB00000000000000000000090000000000000B6
:10FAC000000000000000000000000100000000A095
:10FAD00000400000000000000000000000000000E6
:10FAE0000000000000000000000000000000000016
:10FAF0000000000000000000000000000000000006
:10FB000000000000000000000000000000000000F5
:10FB100000000000000000000000100000000000D5
:10FB200000000000000000000000000000000000D5
:10FB300000000000110000000000000000000000B4
:10FB400000000000000000000000000002000000B3
:10FB500000000000000000000000000000000000A5
:10FB60000000000000000000000000000000000095
:10FB70000000000000000000000000000000000085
:10FB80000000000000000000000000000000000075
:10FB90000000000000000000000000000000000065
:10FBA0000000000000000000000000000000000055
:10FBB0000000000000000000000000000000000045
:10FBC0000000000000000000000000000000000035
:10FBD0000000000000000000000000000000000025
:10FBE0000000000000000000000000000000000015
:10FBF0000000000000000000000000000000000005
:10FC000000000000000000000000000000000000F4
:10FC100000000000000000000000000000000000E4
:10FC200000000000000000000000000000000000D4
:10FC300000000000000000000000000000000000C4
:10FC400000000000000000000000000000000000B4
:10FC500000000000000000000000000000000000A4
:10FC60000000000000000000000000000000000094
:10FC70000000000000000000000000000000000084
:10FC80000000000000000000000000000000000074
:10FC90000000000000000000000000000000000064
:10FCA0000000000000000000000000000000000054
:10FCB0000000000000000000000000000000000044
:10FCC0000000000000000000000000000000000034
:10FCD0000000000000000000000000000000000024
:10FCE0000000000000000000000000000000000014
:10FCF0000000000000000000000000000000000004
:10FD000000000000000000000000000000000000F3
:10FD100000000000000000000000000000000000E3
:10FD200000000000000000000000000000000000D3
:10FD300000000000000000000000000000000000C3
:10FD400000000000000000000000000000000000B3
:10FD500000000000000000000000000000000000A3
:10FD60000000000000000000000000000000000093
:10FD70000000000000000000000000000000000083
:10FD80000000000000000000000000000000000073
:10FD90000000000000000000000000000000000063
:10FDA0000000000000000000000000000000000053
:10FDB0000000000000000000000000000000000043
:10FDC0000000000000000000000000000000000033
:10FDD0000000000000000000000000000000000023
:10FDE0000000000000000000000000000000000013
:10FDF0000000000000000000000000000000000003
:10FE000000000000000000000000000000000000F2
:10FE100000000000000000000000000000000000E2
:10FE200000000000000000000000000000000000D2
:10FE300000000000000000000000000000000000C2
:10FE400000000000000000000000000000000000B2
:10FE500000000000000000000000000000000000A2
:10FE60000000000000000000000000000000000092
:10FE70000000000000000000000000000000000082
:10FE80000000000000000000000000000000000072
:10FE90000000000000000000000000000000000062
:10FEA0000000000000000000000000000000000052
:10FEB0000000000000000000000000000000000042
:10FEC0000000000000000000000000000000000032
:10FED0000000000000000000000000000000000022
:10FEE0000000000000000000000000000000000012
:10FEF0000000000000000000000000000000000002
:10FF000000000000000000000000000000000000F1
:10FF100000000000000000000000000000000000E1
:10FF200000000000000000000000000000000000D1
:10FF300000000000000000000000000000000000C1
:10FF400000000000000000000000000000000000B1
:10FF500000000000000000000000000000000000A1
:10FF60000000000000000000000000000000000091
:10FF70000000000000000000000000000000000081
:10FF80000000000000000000000000000000000071
:10FF90000000000000000000000000000000000061
:10FFA0000000000000000000000000000000000051
:10FFB0000000000000000000000000000000000041
:10FFC0000000000000000000000000000000000031
:10FFD0000000000000000000000000000000000021
:10FFE0000000000000000000000000000000000011
:10FFF0000000000000000000000000000000000001
:020000040002F8
:1000000000000000000000000000000000000000F0
:1000100000000000000000000000000000000000E0
:1000200000000000000000000000000000000000D0
:1000300000000000000000000000000000000000C0
:1000400000000000000000000000000000000000B0
:1000500000000000000000000000000000000000A0
:100060000000000000000000000000000000000090
:100070000000000000000000000000000000000080
:100080000000000000000000000000000000000070
:100090000000000000000000000000000000000060
:1000A0000000000000000000000000000000000050
:1000B0000000000000000000000000000000000040
:1000C0000000000000000000000000000000000030
:1000D0000000000000000000000000000000000020
:1000E0000000000000000000000000000000000010
:1000F0000000000000000000000000000000000000
:1001000000000000000000000000000000000000EF
:1001100000000000000000000000000000000000DF
:1001200000000000000000000000000000000000CF
:10013000000000000020000001000000000000009E
:10014000000000000000000000000000000000208F
:10015000000001000000000000000000000000009E
:10016000000000000000002000000100000000006E
:10017000000000000000000000000000000000007F
:10018000000000000000000000000000000000006F
:10019000000000000000000000000000000000005F
:1001A000000000000000000000000000000000004F
:1001B00000000000004000000000020000000000FD
:1001C00000000000000000000000000000000040EF
:1001D000000000000200000000000000000000001D
:1001E00000000000000000400000000002000000CD
:1001F00000000000000000000000000000000000FF
:1002000000000000000000000000000000000000EE
:1002100000000000000000000000000000000000DE
:1002200000000000000000000000000000000000CE
:1002300000000000000000000000090000000000B5
:1002400000000000000000000000000000000000AE
:100250000000000009000000000000000000000095
:100260000000000000000000000000000900000085
:10027000000000000000000000000000000000007E
:10028000000000000000000000000000000000006E
:10029000FFFFFFFFFFFFFFFFFFFFFFFFFFFFFFFF6E
:1002A000FFFFFFFFFFFFFFFFFFFFFFFFFFFFFFFF5E
:1002B000FFFFFFFFFFFFFFFFFFFFFFFFFFFFFFFF4E
:1002C000FFFFFFFFFFFFFFFFFFFFFFFFFFFFFFFF3E
:1002D000FFFFFFFFFFFFFFFFFFFFFFFFFFFFFFFF2E
:1002E000FFFFFFFFFFFFFFFFFFFFFFFFFFFFFFFF1E
:1002F000FFFFFFFFFFFFFFFFFFFFFFFFFFFFFFFF0E
:10030000FFFFFFFFFFFFFFFFFFFFFFFFFFFFFFFFFD
:10031000FFFFFFFFFFFFFFFFFFFFFFFFFFFFFFFFED
:10032000FFFFFFFFFFFFFFFFFFFFFFFFFFFFFFFFDD
:10033000FFFFFFFFFFFFFFFFFFFFFFFFFFFFFFFFCD
:10034000FFFFFFFFFFFFFFFFFFFFFFFFFFFFFFFFBD
:10035000FFFFFFFFFFFFFFFFFFFFFFFFFFFFFFFFAD
:10036000FFFFFFFFFFFFFFFFFFFFFFFFFFFFFFFF9D
:10037000FFFFFFFFFFFFFFFFFFFFFFFFFFFFFFFF8D
:10038000FFFFFFFFFFFFFFFFFFFFFFFFFFFFFFFF7D
:10039000FFFFFFFF00000000000000000000000061
:1003A000000000000000000000000000000000004D
:1003B000000000000000000000000000000000003D
:1003C000000000000000000000000000000000002D
:1003D000000000000000000000000000409200004B
:1003E000000000000000000000000000000000000D
:1003F00000000000000000000000000000000000FD
:1004000000000000000000000000000000000000EC
:1004100000000000000000000000000000000000DC
:1004200000000000000000000000000000000000CC
:1004300000000000000000000000000000000000BC
:1004400000000000000000000000000000000000AC
:100450000000000000000000004100000041000812
:10046000000000000000000000000000000000008C
:10047000000000000000000000000000000000007C
:10048000000000000000000000000000000000006C
:10049000000000000000000000000000000000005C
:1004A000000000000000000000000000000000004C
:1004B000000000000000000000000000000000003C
:1004C000000000000000000000000000000000002C
:1004D000000000000000000000000000000000001C
:1004E00000240000000000000000000000000000E8
:1004F00000000000000000000000000000000000FC
:1005000000000000000000000000000000000000EB
:1005100000000000000000000000000000000000DB
:1005200000002500000000000000000000000000A6
:1005300000000000000000000000000000000000BB
:1005400000000000000000000000000000000000AB
:100550000000000400000000000000000000000097
:100560000000000000000000150000000000000076
:10057000000000510000000000000000000000002A
:10058000000000000000000000000000000000006B
:10059000000000000000000000000000000000005B
:1005A0000000000003000000000000000000000048
:1005B000000000000000000000000000000000003B
:1005C000000000000000000000000000000000002B
:1005D0000000000003000000000003000000000015
:1005E000000000000000000000000000000000000B
:1005F00003000000080000000000000000000000F0
:1006000000000000000000000000000000000000EA
:1006100000000000000000000000000000000000DA
:1006200000000000000000000000000000000000CA
:1006300000000000000000000010000000000000AA
:1006400000000000000000000000000000000000AA
:10065000000000000000000000000000000000009A
:10066000000000000000000000000000000000008A
:10067000000000000000000000000000000000007A
:10068000000000000000000000400000000000002A
:100690000000000000000011000000000000000049
:1006A0000000004000C000000540000000200000E5
:1006B00000000020008800C0002000400020000052
:1006C00000C00020000008A000200820004000A07A
:1006D000002000C00088008800A000A000C000002A
:1006E000000000A000A0002000A000C000A000109A
:1006F000009000C000200090092000100020002081
:1007000000400010002000C00020001010A00008D1
:10071000089000A0008810400020002000880020E1
:100720000010000000000000000000200000004059
:1007300000000021001000200000002100410008FE
:1007400000200010001008200009041000210020E3
:10075000004100210008002100100020004000207E
:1007600000200000000800080011004100210020C6
:1007700000210010001000119021004000410011E4
:10078000000800090041001000200041004100095C
:1007900000100020001000100009000800100021C7
:1007A0000008002000001100000000000000000010
:1007B00000000000000200840010000200A0000001
:1007C00000000000008400840000000200A000205F
:1007D0000900090200C000C000C0008800100040ED
:1007E000000000A00000001000C000A000200020B9
:1007F00000080020000200C0001000400084000437
:10080000029000C0008811C000400090008400A049
:1008100000020440008800A000020010004000A078
:1008200000080082008400000000000000000000BA
:1008300000000000000000000000000000000000B8
:1008400000000000000000000000000000000000A8
:100850000000000000000000000000000002000096
:100860000000000000000000000200000000000284
:1008700000080000004000080021000000100041B6
:100880000002004000110002000200050008000004
:1008900000000000000000000002004000020021F3
:1008A0000004001000000003000000100010000011
:1008B000000000000804001000000000000000001C
:1008C0000010009000A000100000000000000000D8
:1008D0000000000000C000820000000000A0000036
:1008E00000C0001000000000000000000010219077
:1008F000000000A000100008000000080000000038
:10090000001000A00010000000C00000000000A0C7
:1009100000C0008200100084000821200082000036
:100920000020000800C000C000A000100005000565
:10093000000000410000A0100000001000000000B6
:100940000000000082000000000000000021000004
:1009500000410041000000000021001000050010CF
:10096000004100218800002000050000084100210E
:100970000005000308100841004100050003004184
:100980000821002108088221001008050008002124
:10099000001100210005004100030041A041004179
:1009A000004100100005842100218408000000C0DF
:1009B0000000200000100000000000000000000007
:1009C00021000084000000840000000000000000FE
:1009D000000000000000008800100010000000105F
:1009E000000000400040000200A000C0000000A085
:1009F00000020010008800020000200000A0000299
:100A00000008410000402182000800400040000032
:100A100000C000840888000200A00002008400904A
:100A2000040800400088008200020004004000002A
:100A300000000000000000000000000000000000B6
:100A40000000000000000000000000100000000096
:100A5000000000000000000900000000000000008D
:100A60000000000000000000000000100000000076
:100A70000000000000000011000000000000000065
:100A80000004000404000000000000200021000019
:100A90000000000000000011000000000000000045
:100AA00000000000000000000000000088000000BE
:100AB0000000000000000010000000000000000026
:100AC0000000000000000000000000000000000026
:100AD00000A0000000840000008400A000000000CE
:100AE00000A000A000000084008200080084001024
:100AF000000000820000000800A0008200A0008228
:100B00000084008400840008008810C000840084F1
:100B100000A00084000800C000100000008200A0B7
:100B200000A0008210A000A010C000C000820084BD
:100B300000C0000500000810000500000010820041
:100B40000000000000000041001000000000C00094
:100B5000000500410000004100000000000000000E
:100B6000001100000000A00000210003004100412E
:100B70000003000000000000000000100041000021
:100B80000021080000118221A04188088805001179
:100B900008031010840000000010820800410000CB
:100BA00082410000000800050005000582000000E9
:100BB000A0109000000000000000000000000000F5
:100BC0000000000000000000000000000000000025
:100BD0000000000000000000000000000000000015
:100BE0000000000000000000000000000000000005
:100BF00000000000000000000000000000000000F5
:100C000000000000000000000000000000000000E4
:100C100000000000000000000000000000000000D4
:100C200000000000000000000000000000000000C4
:100C300000000000000000000000000000000000B4
:100C400000000000000000000000000000000000A4
:100C50000000000000000000000000000000000094
:100C60000000000000000000000000000000000084
:100C70000000000000000000000000000000000074
:100C80000000000000000000000000000000000064
:100C90000000000000000000000000000000000054
:100CA0000000000000000000000000000000000044
:100CB0000000000000000000000000000000000034
:100CC0000000000000000000000000000000000024
:100CD0000000000000000000000000000000000014
:100CE0000000000000000000000000000000000004
:100CF00000000000000000000000000000000000F4
:100D000000000000000000000000000000000000E3
:100D100000000000000000000000000000000000D3
:100D200000000000000000000000000000000000C3
:100D300000000000000000000000000000000000B3
:100D400000000000000000000000000000000000A3
:100D50000000000000000000000000000000000093
:100D60000000000000000000000000000000000083
:100D70000000000000000000000000000000000073
:100D80000000000000000000000000000000000063
:100D90000000000000000000000000000000000053
:100DA0000000000000000000000000000000000043
:100DB0000000000000000000000000000000000033
:100DC0000000000000000000000000000000000023
:100DD0000000000000000000000000000000000013
:100DE0000000000000000000000000000000000003
:100DF00000000000000000000000000000000000F3
:100E000000000000000000000000000000000000E2
:100E100000000000000000000000000000000000D2
:100E200000000000000000000000000000000000C2
:100E300000000000000000000000000000000000B2
:100E400000000000000000000000000000000000A2
:100E50000000000000000000000000000000000092
:100E60000000000000000000000000000000000082
:100E70000000000000000000000000000000000072
:100E80000000000000000000000000000000000062
:100E90000000000000000000000000000000000052
:100EA0000000000000000000000000000000000042
:100EB0000000000000000000000000000000000032
:100EC0000000000000000000000000000000000022
:100ED0000000000000000000000000000000000012
:100EE0000000000000000000000000000000000002
:100EF00000000000000000000000000000000000F2
:100F000000000000000000000000000000000000E1
:100F100000000000000000000000000000000000D1
:100F200000000000000000000000000000000000C1
:100F300000000000000000000000000000000000B1
:100F400000000000000000000000000000000000A1
:100F50000000000000000000000000000000000091
:100F60000000000000000000000000000000000081
:100F70000000000000000000000000000000000071
:100F80000000000000000000000000000000000061
:100F90000000000000000000000000000000000051
:100FA0000000000000000000000000000000000041
:100FB0000000000000000000000000000000000031
:100FC0000000000000000000000000000000000021
:100FD0000000000000000000000000000000000011
:100FE0000000000000000000000000000000000001
:100FF00000000000000000000000000000000000F1
:1010000000000000000000000000000000000000E0
:1010100000000000000000000000000000000000D0
:1010200000000000000000000000000000000000C0
:1010300000000000000000000000000000000000B0
:1010400000000000000000000000000000000000A0
:101050000000000000000000000000000000000090
:101060000000000000000000000000000000000080
:101070000000000000000000000000000000000070
:101080000000000000000000000000000000000060
:101090000000000000000000000000000000000050
:1010A0000000000000000000000000000000000040
:1010B0000000000000000000000000000000000030
:1010C0000000000000000000000000000000000020
:1010D0000000000000000000000000000000000010
:1010E0000000000000000000000000000000000000
:1010F00000000000000000000000000000000000F0
:1011000000000000000000000000000000000000DF
:1011100000000000000000000000000000000000CF
:1011200000000000000000000000000000000000BF
:1011300000000000000000000000000000000000AF
:10114000000000000000000000000000000000009F
:10115000000000000000000000000000000000008F
:10116000000000000000000000000000000000007F
:10117000000000000000000000000000000000006F
:10118000000000000000000000000000000000005F
:10119000000000000000000000000000000000004F
:1011A000000000000000000000000000000000003F
:1011B000000000000000000000000000000000002F
:1011C000000000000000000000000000000000001F
:1011D000000000000000000000000000000000000F
:1011E00000000000000000000000000000000000FF
:1011F00000000000000000000000000000000000EF
:1012000000000000000000000000000000000000DE
:1012100000000000000000000000000000000000CE
:1012200000000000000000000000000000000000BE
:1012300000000000000000000000000000000000AE
:10124000000000000000000000000000000000009E
:10125000000000000000000000000000000000008E
:10126000000000000000000000000000000000007E
:10127000000000000000000000000000000000006E
:10128000000000000000000000000000000000005E
:10129000000000000000000000000000000000004E
:1012A000000000000000000000000000000000003E
:1012B000000000000000000000000000000000002E
:1012C000000000000000000000000000000000001E
:1012D000000000000000000000000000000000000E
:1012E00000000000000000000000000000000000FE
:1012F00000000000000000000000000000000000EE
:1013000000000000000000000000000000000000DD
:1013100000000000000000000000000000000000CD
:1013200000000000000000000000000000000000BD
:1013300000000000000000000000000000000000AD
:10134000000000000000000000000000000000009D
:10135000000000000000000000000000000000008D
:10136000000000000000000000000000000000007D
:10137000000000000000000000000000000000006D
:10138000000000000000000000000000000000005D
:10139000000000000000000000000000000000004D
:1013A000000000000000000000000000000000003D
:1013B000000000000000000000000000000000002D
:1013C000000000000000000000000000000000001D
:1013D000000000000000000000000000000000000D
:1013E00000000000000000000000000000000000FD
:1013F00000000000000000000000000000000000ED
:1014000000000000000000000000000000000000DC
:1014100000000000000000000000000000000000CC
:1014200000000000000000000000000000000000BC
:1014300000000000000000000000000000000000AC
:10144000000000000000000000000000000000009C
:10145000000000000000000000000000000000008C
:10146000000000000000000000000000000000007C
:10147000000000000000000000000000000000006C
:10148000000000000000000000000000000000005C
:10149000000000000000000000000000000000004C
:1014A000000000000000000000000000000000003C
:1014B000000000000000000000000000000000002C
:1014C000000000000000000000000000000000001C
:1014D00000000000000000000800040004000400F8
:1014E00011000000000011000400040000000400CE
:1014F0001100050004001100000020000000200081
:101500000400200000C000001100080000000800D6
:10151000000004000300030000001100022011007D
:101520001100040011C00300080000A02120009059
:101530000000020400020020112011C02040119080
:1015400020C0000400880040000000A0042000C06B
:101550000090040002400020049000000000010000
:101560000100000000000000000000000100000079
:10157000000000100000000000000000010000005A
:101580000100000001000020000000000100000038
:101590000100000000000000004000C0000000004A
:1015A0000000001001000000000001000000000029
:1015B00000000000008000800000004000000121C9
:1015C0000000010000C000000000000000000080DA
:1015D00000000000004008000040000000028020E1
:1015E0000040002080C0000080A00000802000009B
:1015F00000A0808800010220000080C089202020F7
:1016000080200088C0C091C08002C020002000213E
:10161000001089A10040020500100904000000210B
:10162000804000A000C08020404080A08390002126
:1016300011040505021000100820001000040040ED
:1016400002C080A0002080028920C020802100C02C
:101650000010022000C00988001000A000A0049023
:101660000410000000102020004120410020041040
:10167000001000200410000200410020201004216E
:1016800005102010001021104021209121419010C0
:101690000004002004048241008200200090000029
:1016A00000044021001000210810052004410420FE
:1016B0000220028900A00141002090038240009096
:1016C000A01001112010000904A004C005030402A9
:1016D000002000200010002090200090001000103A
:1016E0008040000200020090001000100002004044
:1016F00000C0009000C0008800A000100090000210
:10170000001000400040000400840010801000849D
:1017100080040004000000000002001040040002E9
:1017200000000010000400200020000080C000C065
:101730000010008400200040002000C10041009102
:10174000004000A00002000200828082008500A00C
:101750000010202000A08021208400210002002011
:10176000000204000080840000000000000002105D
:101770000000000000000000000000000000000069
:10178000001100800002000000800003000004003F
:1017900000000480000000009041008000051080DF
:1017A00000090000004000A10009008000000800BE
:1017B000C000002020110080000200800002000410
:1017C000000400C000110009000900050810000411
:1017D0000041000501A000112020010000848803C1
:1017E0009091000903000000030083009000900026
:1017F0004120040000020500002005000400100044
:101800008000040090C04101051041010501030062
:101810000001000008C0212008831000850003019A
:101820000300100100000484904090A08001030098
:1018300004820300080041844110080010C0050024
:101840000000100003A120C000001001090004A046
:1018500084C0848284A1C0880088058805A041C016
:10186000410041A0411084000009A0032009044167
:101870000421C089010500C18200C0C1C00001006F
:10188000C005041001002000001000A1102000106D
:10189000840084101010C1091090C104012120415E
:1018A000C0201041000200C0912108102103200433
:1018B00010050105C0110009001010218410110548
:1018C000000084200811841001050041822000419D
:1018D0000105051005050520041000030041004125
:1018E000840500110041000900020000050004A069
:1018F00011000002419011A0412002C041C011021C
:1019000000A040A0084000C000100084050420880A
:10191000C102820040C1418341820484040410005A
:101920000902101005208940000020832082000257
:10193000100241A000100800020010C0004041A0A9
:10194000000200C010202005102100A0101041C08E
:10195000C1A010200402082084400004002004A03C
:10196000831041A005200085C120840000000000F4
:101970000000000000000000000000000000000067
:1019800000000000000000000000000000000080D7
:1019900000000400040000200020000000000100FE
:1019A00000000000000000800400000001040100AD
:1019B00000000000000000000100400000000000E6
:1019C0000000000000000080000200020002000091
:1019D00000000210008001000080110000000040A3
:1019E00001000400000400800004040000A00000C6
:1019F000051000000082208403C0201000C0008475
:101A0000000021840000800010A010001004880451
:101A1000102080C008000082088400001000089098
:101A200008000010101005C0808400880000000429
:101A30008804838500A1C185118988118385108858
:101A400003820000058205881084414003900882CB
:101A500000C004A010C003101088100210204182A2
:101A600003C10082008882104184C18421C100002A
:101A70000009000300000005011110000121000908
:101A80008200C010C00000100403C04100020080AA
:101A9000048000800800000000410041A0210000F7
:101AA0000005C000000000211021400000000000DF
:101AB000828521802004100420029004400420022A
:101AC0001002840000008209C000101102A18441AC
:101AD000110082000100900000C100020010408946
:101AE000004100048205004108050041080500107E
:101AF000A0A04040034004908989800911911111F0
:101B000000808040A0020008008805400982412032
:101B100000000000800080000000000080000091B4
:101B20000000000080000300000080004008110059
:101B3000000090001000080041000000008000003C
:101B40000000200885411141110804038008882104
:101B500020084040020911414141088383822085C9
:101B600008800008200903040411831089098040BB
:101B7000009189088841A183000808881085A00881
:101B8000008800881011418800C0048988891008E5
:101B9000010500000000088802000000000010009D
:101BA000009188000000100001C0A00082008300A6
:101BB00000000000890485840188012000000008DD
:101BC000A000000000010801C00100000401200085
:101BD00005010001A101040100010000A189C10566
:101BE000838900C000910141019000021100C101F0
:101BF00008009004080010C08800C10988008540D2
:101C000088011111820011411088C08882011041A1
:101C100004881091002010010010000100029101C1
:101C200000A0000001A0000105A001000201820047
:101C300002200282000000000000000000010040BD
:101C4000112100100001098210004010A1010001C3
:101C500082848808118403018410891082010201A2
:101C600083C089A18382912110829102C100010465
:101C70000011010400C1880984218008832009091A
:101C80004100910210090009C04182821002004007
:101C900000040091000300408040000000200091FB
:101CA0009121008000211004114005000840080324
:101CB0000020800080A000001000040208000840FE
:101CC000008008100000001010804000088090087C
:101CD000042020001083038840021000A111C109D4
:101CE000090210808420A082100384001000890063
:101CF000040040C10200088900C080050910C0002E
:101D0000119089028990881008008080090284045B
:101D1000008400C0020289200000030010000000BF
:101D2000809110002100000080400208081000404F
:101D30008080008008000000000000408084098846
:101D40008084118004112000000041C10305048833
:101D50009105044000040020830390101011020438
:101D600004210211800800098590119100828902E6
:101D70008008404004040908804000098284080863
:101D800088880009118911A08990001010C08282F2
:101D90008840000288C105048805100000900000FA
:101DA0002000020301000000C000080000C1000183
:101DB00002011002000200C000900000A000C00953
:101DC00040A188820808000000000200000400C052
:101DD0000084081100C0009100840841029001882D
:101DE000000800A100018800820089880010000915
:101DF00011838889C000000101000801101089903A
:101E00004100890885C10884100088101111848957
:101E1000C100C0C089048804C00109080000004056
:101E200000000000000200C001000000001000855A
:101E30000001000008010208C000418200000010FB
:101E400000A000000000000008A00000000000A0AA
:101E50000085000000108390110484000190C08868
:101E6000054011891008919111020201C088A190CA
:101E7000884091011084011101000000000083C01E
:101E8000C00008004180091089099011098040882C
:101E900008C01009830040088200C040C0800000D4
:101EA0000080000000000000000011000000008021
:101EB00000100010000080038080000008800000F7
:101EC0000080001100000000000080000000000001
:101ED00000080008000300008311C12083400200B5
:101EE00041A1A09102A0C1008391C0110402008011
:101EF0000900C00010419100098240000810021141
:101F00000041000BD00042840000000BD000000014
:101F10000000000B000000000000000BD020004279
:101F20000000000BD00000008181000BD0000000F9
:101F30000082000B900000810000000BD000426086
:101F400000000600000BD00000000000000BD000D5
:101F5000000021000009D0000A000000000BD000A2
:101F600000002100000BD00000000600000BD00094
:101F700021840000000BD00081840000000BD00001
:101F80000A0066FF66001C041C04FFFF00040F0F1C
:101F90000F0F9F9FBD2400FF00003CFF660FCFC3C3
:101FA0000C00000000000000000000000F0F000007
:101FB0003C3C000000000FFF0F0000003C3C000014
:101FC000FFFF000000000000AD8981810000FFFFDD
:101FD00000000F0F000000007E4242420F0FFF0082
:101FE0007E7E9F060F0F0F0FFFFF000066000606A4
:101FF000BFBF3F2FFFFFFF3FFFFFFF3FFF3FFF3F01
:10200000FF7FFF7C3C0F3C0F18001800FFFB000017
:102010002D0F0F0F0606BD2400FF00003C00660FC9
:10202000C3C30000000000000000000000000F0F0C
:1020300000003C3C000000003C003C0000003C3C38
:10204000000000000000000000002C08000000005C
:10205000000000000F0F00000000764646463C3CA2
:10206000666618189F060F4F0F0DFFFE0100000057
:1020700000009F9F1F0FFFCFFF0FFFFF3C3FFFFFA1
:102080003F3FFF7FFF7C00000000000000000000D9
:102090000000000000000000000000000000000040
:1020A0000000000000000000000000000000000030
:1020B0000000000000000000000000000000000020
:1020C0000000000000000000000000000000000010
:1020D0000000000000000000000000000000000000
:1020E00000000000000000000000000000000000F0
:1020F00000000000000000000000000000000000E0
:10210000000000000000000060306F303C3CF0F048
:1021100000FF407FF0E0F0F83F063F066060606F30
:1021200030363F36FFFFFFFF0000000000000000D8
:102130003C3C0000F0F000000000000000FF000048
:10214000F0F000003C3C000000000000000040D91E
:1021500064FDFFFF0000F0F0000000902CBC000EBA
:10216000FFFFF0F000FFC3FFE4E400FF00FF02FF09
:1021700000FF00F0006690FFF6FFFFFFFFFFFFFF8C
:10218000FFFFFFFFFFFFFCFFFFFF60306F303C3CB5
:10219000F0F000FF00FFF0F0F0F030063006000035
:1021A000000F30363F360000000000000000000045
:1021B00000003C3C0000F0F000000000000000FFC8
:1021C0003636F0F000003C3C00000000000000004B
:1021D00040D964FD00000000F0F0000000FF00FFA7
:1021E0000008FFFF66663C3C003CE4E440FD00FF65
:1021F00000FD00FF0000000024FF24FF30F3FFFF7C
:1022000030FFF3FFF0F3FCFFFCF0FFFF0086008CD3
:10221000008300100086009000800000008600808F
:10222000008300000086008000830000A00050F0C2
:10223000A0300005A80054F4A1320015A00050EC15
:10224000A0300005A88654B0A08200150000A0862A
:102250005050A3900085A80054F0A03200150086CD
:10226000007003B00000088204B000B200100086C5
:10227000007003A000000806049003880000008698
:10228000000000800000000000E000300000FF00BF
:10229000FD8055755555FFFF000000FF00FF3D3CD8
:1022A0003C3C0F0F0F0FFF10FF000F0F0F2D000012
:1022B000AAAA0F0F00000000AAAA3C3C00000000E0
:1022C000AAAA0F0F0000AC3C0C3C3C103CBF000025
:1022D00000000000555555F50000FF003C3C000093
:1022E0000000000000FF00FFA000AA0030FF30FF48
:1022F000B2B2FF00FFFFFFFE8020202055550000F6
:10230000FFFEFBFA7D3FFFFF0000FFFFFFFF000025
:10231000FF00FF0055455555FF7F002000EF10FFDF
:10232000383C3C3C0F070F2FEF00FF000F0F0F0F43
:102330000000AAAA0F0F00000000AAAA3C3C00005F
:102340000000AAAA0F0F0000ACAC0C0C3C103C1013
:10235000000000000000000000F00000FF003C3C16
:1023600000000000000004040E0EA000000000FFAA
:1023700055FFB2B2FF00FFFFFFFF2020202000002A
:102380000000FFFEFBFA7D3FFFFF000000000000A1
:102390000000F0B2F0F010FF00FFFEFF040008FFA5
:1023A00000FFFEFF40003D3C3C3CFBFF08003C3C86
:1023B0003C7C0000F0F00F0F000000003C3C0F0FD1
:1023C000000000003C3C00FF00000000000007038C
:1023D0002F3F000003C30141000000000000FF0088
:1023E0000F0F00000000000014D7CFCF0000000046
:1023F0000FAA0FFF00000000141F14FFDF002000D1
:102400000C080408FFFCFFFF4FFF7FFF00003C3C6F
:10241000FFFF0000F0F0F0F000EF00FFFFFF000012
:1024200000F700FFFFFF0000383C3C3CFFFF0000CE
:102430003C3C3C2C0000F0F00F0F000000003C3C46
:102440000F0F000000003C3C00FF000000000000F7
:102450000703070300000FFF055500000000000000
:10246000FF000F0F00000000000014D70C0C00004C
:1024700000000F000F5500000000141F1400FF00A3
:10248000000000040408FFFCFFF04FFF7FFF000086
:102490003C3C000000001100210021000000000869
:1024A000042004000420210021000000000011404D
:1024B00000001120040111A021C0112010C02188AA
:1024C000040011C004904000400840A040200408CF
:1024D00084C004C00490000002200200200002100A
:1024E00011042104040204020408048800048490F6
:1024F0002020200804000408000421200400000219
:1025000004040404040404C1008200A02108002083
:10251000041004200420042000000000000000003B
:1025200000000100000001000000000000000000A9
:10253000000000000000001000000000008001000A
:102540000000000000000000050001000100018003
:10255000A00021000000090000C0000000000900E8
:102560000100048000801080908000A100000080A5
:1025700008000100010000000000008000000000D1
:1025800000800080008900A00020001100000000F1
:102590000080008000000000008021100500022063
:1025A000042020A0080400040004000000200040D3
:1025B0002001030810900040052000200020002189
:1025C000000400C0409010200020002000898020DE
:1025D000002080820082080800A000008485C111CC
:1025E000002004200801400000100010002000C15D
:1025F00000C000A000100082822084A000200240C1
:102600000021042040C0008800A041A00011412109
:10261000024109C0032000C0088800A004900010F7
:10262000009000A001100280A090049090219040A2
:10263000A0200504040900108210900800100490E6
:1026400090040089002001100011001000100010FB
:102650000808000820419020002090200000202041
:1026600020208290044100100121009000200040B1
:10267000820482080010822100212010211000080D
:1026800003100020A0030010041002080020022004
:102690000220012002400290900802100020001148
:1026A00000A00020002000C000000008008400916D
:1026B00000080082200200030002008400100004D1
:1026C0000003001080844008000420C000C0808403
:1026D00000200020888402A0000000A000A00000CC
:1026E000009000C00002002004840820002008851B
:1026F000004000C00084004000A009100240000219
:102700004004000900200010008200084010002052
:10271000800080C082108210008400C1040800087C
:1027200000900008008300A1004100210020A000CB
:102730008402C02102050305009000210040000032
:1027400000C1000400050408C00090A18505000038
:1027500020040082C0842109841040000011200858
:1027600000000010C003080802A1010801A0A08217
:102770000120822100058402002000048803A103B7
:10278000902101400004000808080008C0038221CD
:1027900084082000201020400241C002842001054E
:1027A0000004080010040409000904C0200004000B
:1027B00021000808100041000000890021001001DC
:1027C0000001100900009000080104040500000247
:1027D0000504080910900588020004000290880092
:1027E0008582000080C00400829084000501000002
:1027F00002010200030841A000A141C008C00283F9
:1028000000C0000009911041030400080520108851
:10281000048891110084100000821000850041108E
:10282000C1210021012102000120C0020100110884
:102830000105002000100000002100100400100914
:10284000824002400020000804030020A1C10000D3
:10285000009000A100100010001000038303820903
:102860000400200000C00408010505002102000248
:1028700010208404000800C10800100200001008A5
:102880001010C021C002002000A008040003C005F1
:10289000102001200404000884098221000820403F
:1028A0000041201000100091080400004082000246
:1028B0004000910821A01000022000202004000008
:1028C000402083C0830000A000840008088200022A
:1028D0000502048804840040208420A00040008277
:1028E000048202842110000010000000100441083E
:1028F000000203000388030403110010054005A033
:1029000002C021A0002003200400802080100520A8
:102910000020202004C009900002000400042002CE
:1029200000042090009020A0001010824008400079
:1029300000400411204102410000C020A02003807B
:102940000040A080040304030003102100000800DD
:10295000008000000100030400090141C10088213A
:102960008841C1080000001000008400100802C067
:102970008800A000C0080008A000020800028889A2
:1029800000200000042004030041000940852009C4
:102990000083000041800021080090210021008276
:1029A00001110021C14182000120C0040883A0025E
:1029B00020100204418400A02140000041100210B8
:1029C000800900100010080800C0009090C002901C
:1029D00090A00010040810900202C1000982008239
:1029E000411005042184008310100000418800007C
:1029F00010A0008800900310418241040988040857
:102A00000010050800820382008202881010000274
:102A1000A103090500C090C000820000108241A0FF
:102A20004140028840A09189000200C00980000254
:102A30000580010000800000000000000000000090
:102A40000000202000020880014000400000040037
:102A50008400111000000100400084A00400000068
:102A600020000000000500100004402100000000CC
:102A70000021022000001000A00000000080A0083B
:102A80009100884000008809000000088820C000EC
:102A9000000004C000C0000004008400A000002169
:102AA0008408C00000000008201000008410020309
:102AB000002080090320C0C080058204081005059D
:102AC00000051140000800030005804100020000DD
:102AD00000000000000000800000110000800000E5
:102AE0000020000000008505091189030909000084
:102AF0000805800902090505A083404021910510C1
:102B0000850880041010050585050009804004052E
:102B100010038020214040081004401105020041AC
:102B20000803A009910200100091039120C108043C
:102B300001010000080101000389820821C0001181
:102B400008004000000100010000000008880000AB
:102B500000000000040000000088020204080008D1
:102B6000C00000018200001088041110408200049F
:102B700000004100080105000000208391C1020807
:102B800000858501C001210100000400000102014F
:102B90000000010110000500880091000000000104
:102BA000000121000501C001000100824020110345
:102BB0000121410020828988830083000804118953
:102BC00010100000000500000001C02088831021C3
:102BD00082000010000000900000880102008800C0
:102BE0001010000820000020000182001008098851
:102BF000A105000090042182030220014100C110C0
:102C0000820183C08221910002218804A0000982F0
:102C1000200141000405C182014105C191018308E1
:102C200088408300032009C00420850083212100FF
:102C300020A182030200402190A183404009058029
:102C400090A003000900008300080003008002C177
:102C500084A08441028008040200080900080003DF
:102C600080000003008000410080002005041080E7
:102C7000A1892009000020004080A12104099020A2
:102C800008800508838041834000004021850500BD
:102C9000C1804102090982408880108303400221DB
:102CA0001080C1000200108090030800080010820C
:102CB00008000341A0090808000808110383201137
:102CC0008085800340A0002000A0020408A000002E
:102CD000210541C183828000110002000000000034
:102CE00000912100888000C0100041000000030412
:102CF0008091808920900000404020054009040414
:102D000003C00088080388830282001141100289F1
:102D1000838220C00289098902A002400085110334
:102D20000002000441094020101102840388804100
:102D300090900083000980830821000100004089F1
:102D400001080210A0108989009100030108010305
:102D500000000008010220820800000001000400B9
:102D60002040C0C0101088089011010000008800A9
:102D70000104021008A12189000001830108000854
:102D8000A0400103840209A0028301410091008355
:102D900001212109010500090482000800890008B9
:102DA00002090083009001092120018801410041AE
:102DB0002041830384C00409048201000010004103
:102DC00001880900890320008888000200000000B3
:102DD0000100010000A0000009C0000200C00001C5
:102DE0000000020189A010010240008800858800CF
:102DF0000000108808A00301C190000001000040FD
:102E000000000088830821034101081083C00105E8
:102E1000840000840100001100000120110008A1BD
:102E2000000011080390C1408301C19001900190FE
:102E30000141010883089088090109100300210855
:102E4000032108C04120A02103092100080020001F
:102E500041001000104040414141100000000000BE
:102E6000000800000003880080108000000000407F
:102E7000000002001089831182212000000009084F
:102E8000098905050900830502412020A0808309E6
:102E9000209080000200091105C0090220000311E2
:102EA000881021200880890090002140C100090875
:102EB0001000080421808905090090034180210049
:102EC000000BD00000820000000BD0002100068221
:102ED000000BD0000A420000000B0000420000601E
:102EE0000009D00000000000000BD00082000000AC
:102EF000000BD00000000000000BD00041000000DB
:102F000000000009D00006000000000BD0004200C5
:102F10000000000BD00042000000000BD000210098
:102F200000000009D00006410000000BD0000000A6
:102F30000000000BD00000000000000BD000068253
:102F400000FF3C3C2D2D55FF557D5F7F14FF1FFF7B
:102F50000C0CFCFC00048286707A757F0000F00087
:102F6000000000000000000000FF00000F0F000044
:102F70003C3C00003C3C00000D8F0F0F00FF00FFA9
:102F800000001000DFFF555555550FFF5C5C0CCF5E
:102F9000D7D7001414000007282F0000FFFF00FF00
:102FA00000FF00FF0F0F303FF5F53FFFFFFF5DDF34
:102FB000FFFF3FFF3FFF5CFFFFFF5F7FDFFF3FFF44
:102FC000FFFF0F0F55552D2D00AA003C0F3F141485
:102FD0001F1F05F505F500048286202A252F000015
:102FE000F000000000000000000000FF00000F0FD4
:102FF00000003C3C00003C3C00000F0F0F0F00FDA8
:1030000002FF00000000FFFF55554D5500F05C5CCD
:103010000CCF1414001414000000FFFF0001FEFF89
:1030200000FF10BF3C3C5555303F05050FFFCFFF5B
:103030005DDFFFFF0FFFFFFF5CFFFFFF5F7FDFFF35
:103040000FCFFFFF3A3AFFF0B2B2FF3CFFBCFFA048
:10305000FEFAFCF0F0F03CAA3C3C3C3C0CAF0CA06F
:10306000F555A000000000003000FFFF0000AAAAF4
:103070000000FFFF0000FF000000AAAAFFFFFEFF04
:10308000FF00FF020000FF02FD00FF00FF00AAFF9B
:10309000F03CF0F03C3CB2AA82AAFFFF5454FF007F
:1030A000FF00FFFF0010AAAA3C3CF330EBEBFFFE51
:1030B000FFF2FFFFFFF3FFFFFCFCFFFFFFF3FFFF4B
:1030C000FFF0FFFFFFF33A3A0F00B2B2C300BCBCFF
:1030D000A0A0BEAA3C00F0F03CAA3C3C3C3C0CAF9B
:1030E0000CA0A000A0000000000030003000000094
:1030F000AAAA000000000000FF000000AAAA000029
:103100004000FF00FD000000FF00FF00BF10FF00B7
:10311000AA00F03CAAAAFF00B2B28282FFFF545478
:10312000FD08FF00FFEF0000FF00F0F0F33028285B
:10313000FFFEFFF2FFFFFCF0FFFFFFF0FFFFFCF0E0
:10314000FFFCFFFCFFFFFF30080604F003820010C5
:1031500000860090008000000086006403938000D9
:10316000000000E000330000A08650FCA0B0000585
:10317000A8865490A0820015A80054F0A032001533
:1031800000860090008000000000008600F000B083
:1031900000000800049000020010058600B00090B6
:1031A0000080008600F000900000088604F000B265
:1031B00000100086002000800000008600E000B0C3
:1031C00000000000008000000000000000003C3C07
:1031D0000000FF00FF000400F7FF000000000000F7
:1031E000040000003C3C00FFF0F000000000000084
:1031F0000000FF00FD080F0F0F0F0000F0F03C3C37
:1032000000003C3C3C3C0010EFFF000000000000D0
:103210000F3C0F3CF0F03C3C0FFF3C55A0A0AAAA8D
:103220001050555500000000C3FF0FFFFFAA00AA71
:10323000551EFF1EFFFEFFF24F7FFFFF0000000044
:103240005F3F5F3FF5A07D7D5F5F287D0000000050
:103250003C3C0000F720FF000000FFFF00000000E2
:103260000000000000003C3C00FFF0F00000000007
:1032700000000000FF00FF000F0F0F2D0000F0F016
:103280003C3C0000B43C3C3C0000FFFF0000000060
:1032900000000055FF55FF00AAAA0F003C55000092
:1032A00000000000000000000000C3FF0FFF3CAA68
:1032B0003CAA001EAA1EFFFEFFF24F7FFFFF000088
:1032C00000000F00FF00F5A028280A0A287D000052
:1032D00000003E0A3400BFFF80003C3D3C3C000043
:1032E0000000000000000000F0F0FFFF17000000E9
:1032F000000000000000FFFB001000FF00FF0000C6
:103300003C3C0F0F0000B2F0F0F03C3C3C3C0000B5
:10331000000000003030305F3CFFF0AAF5F5303F90
:10332000000000004171FFFF0000000038003F0F67
:10333000000000001C1CDFDF000000003DFDFFFF5F
:10334000000000000737C7F73C3CFF00D7D7033F1A
:10335000000000003E0A3400FFFF00003C383C3C07
:1033600000000000000000000000F0F00000170066
:103370000000000000000000FFFF000000FF10DF61
:1033800000003C3C0F0F0000F0F0F0F03C3C3C35FE
:10339000000000000000303030503C00F0AA05056D
:1033A000303F000000000030FFFF00000000000080
:1033B0000F0F000000001010D3D3000000003DFDEF
:1033C000FFFF000000000434C4F4AAAAF0F01414B3
:1033D000033F0310001011A01100110004004190E0
:1033E000080002A004C0410800401190039004C0EE
:1033F000020820202100210820080290119004C01A
:1034000004A011080008200800002090040804A06F
:10341000020800002108109021A02100200804A02B
:103420000020110804C0214021901108200821C06B
:1034300021082088219021200520049002081120D5
:1034400021A004C0210804402008219011A011A04F
:1034500000101188000000000000000000000800BB
:10346000900000000000200000000000200000008C
:103470002000000000009000A00000000000880074
:10348000000000000000C00000000000000000007C
:10349000900004000000020004000400000004008A
:1034A0000000A0000000000000000000000000007C
:1034B00000002000000000000000080000000000E4
:1034C0000400000000000000A00000000800000050
:1034D0000000000000002120202020C003C00000C8
:1034E0000220038803C0008203100088049003A018
:1034F0004020050000C000900310089008C000089C
:1035000008200020002021C020A000A008200020CA
:1035100000A0000000C00000001000200000000813
:10352000009000080040004008104120001000C03A
:103530000020009000100010002000A0008800C0B3
:10354000009000C00820008841A0008805C04010FD
:1035500000200920412000A002210010202020206E
:1035600004108221001000102008A020001000008C
:103570000210001000110011001000200041001086
:10358000821000410021901004110210000300403D
:103590000010202008202009000000210041000325
:1035A0000010002000090010A010002120100000D1
:1035B00000100011082100200021202100410221DB
:1035C000A0100002821002110210022000108203DB
:1035D0000020000302090005001000400082008264
:1035E000088400A000882084048211C00908000219
:1035F0000810110221A041C00510008405400904F3
:1036000010044004400800880090008800A000C01A
:10361000000800200088001000820000402000A068
:103620000040098400A04102108420A0040202C0CE
:1036300004C00002208400A009C0040811101182F7
:1036400020C021A0400200C01190000205401102DC
:10365000119040900308200000C010C00005000039
:1036600088100808000200081021000020118800BE
:1036700084410803004110051010820090080008E2
:1036800084020005000900110020000890111003B9
:103690000002902110410000100090050000104130
:1036A00004200808100002412009840400020811C7
:1036B000A00810058221C041000210218441104160
:1036C000C0410003200300052021884000059041EF
:1036D00000031021000900200010104000400000ED
:1036E0004110000003A00504020020A000400000DB
:1036F0000382009005A0000805880000100010203B
:1037000000900220008200C0009021900004000080
:1037100000C000040000008403102090111000007D
:1037200004A00290088820C002000000418210001E
:1037300000A0418808C0002000000804000041A04B
:10374000218800A01010008809C0059000A041C089
:10375000100011844100000800C010402000200823
:1037600000210211840800000041001000410800FF
:103770000010000588030005000000008408904147
:1037800084090005880002008409000084100821D3
:1037900000100008A0210005A0090009100900215F
:1037A00000002000822010000041840500418208B2
:1037B00000418211000510088800080910098805D9
:1037C00088030821101100218241A0210800202037
:1037D00084082021024108090020082120099005C1
:1037E00020030008001000C000000040004020003E
:1037F000004010400020100000C00004000800023B
:10380000000200000004008400A000841084000076
:103810000000008400001004002000A0008204903A
:1038200000000000000221000010084003004000DA
:10383000008200200082008200020084201000101C
:1038400002900002000821080040008802400008A1
:1038500000C000820004050800C00384109000C06E
:103860000004020800001005000000030000C0086A
:1038700084400400000000210000C0080021C000B6
:1038800000110000000000001021C0001000000026
:10389000A003000982210011000004119000100013
:1038A000C009040900004000A00800000009001041
:1038B00088108800A005C000000088110400840062
:1038C000080884031000A0118211C004881110118F
:1038D000000000080204C003002100001040001096
:1038E0000408040808021000001011000090008273
:1038F0000000100010080088410009902100090014
:10390000030841000084029000C002C000000000D3
:1039100000C00040008200040000410000C0000818
:1039200000A000A000C000000482001010820082ED
:10393000009000A000820000040800A0080021C040
:1039400010A000C000000088002020100008090816
:1039500003202082009000A000100020008200C000
:10396000098800A0008200A00041024182001010DE
:10397000A00500410000000500000041880500008E
:103980000009000084210010A005002102000200AF
:10399000002100008408004104008803C000880062
:1039A000000008418408A00000000041000510212B
:1039B0009041000004000841880000410811C04106
:1039C000900300030008C000040384000000C0400E
:1039D00002050010040008000400001188111010F6
:1039E000A0212004204082112020000000000000BF
:1039F00000000000000000000000000000000000C7
:103A000000000000000000000000000000000000B6
:103A100000000000000000000000000000000000A6
:103A20000000000000000000000000000000000096
:103A30000000000000000000000000000000000086
:103A40000000000000000000000000000000000076
:103A50000000000000000000000000000000000066
:103A60000000000000000000000000000000000056
:103A70000000000000000000000000000000000046
:103A80000000000000000000000000000000000036
:103A90000000000000000000000000000000000026
:103AA0000000000000000000000000000000000016
:103AB0000000000000000000000000000000000006
:103AC00000000000000000000000000000000000F6
:103AD00000000000000000000000000000000000E6
:103AE00000000000000000000000000000000000D6
:103AF00000000000000000000000000000000000C6
:103B000000000000000000000000000000000000B5
:103B100000000000000000000000000000000000A5
:103B20000000000000000000000000000000000095
:103B30000000000000000000000000000000000085
:103B40000000000000000000000000000000000075
:103B50000000000000000000000000000000000065
:103B60000000000000000000000000000000000055
:103B70000000000000000000000000000000000045
:103B80000000000000000000000000000000000035
:103B90000000000000000000000000000000000025
:103BA0000000000000000000000000000000000015
:103BB0000000000000000000000000000000000005
:103BC00000000000000000000000000000000000F5
:103BD00000000000000000000000000000000000E5
:103BE00000000000000000000000000000000000D5
:103BF00000000000000000000000000000000000C5
:103C000000000000000000000000000000000000B4
:103C100000000000000000000000000000000000A4
:103C20000000000000000000000000000000000094
:103C30000000000000000000000000000000000084
:103C40000000000000000000000000000000000074
:103C50000000000000000000000000000000000064
:103C60000000000000000000000000000000000054
:103C70000000000000000000000000000000000044
:103C80000000000000000000000000000000000034
:103C90000000000000000000000000000000000024
:103CA0000000000000000000000000000000000014
:103CB0000000000000000000000000000000000004
:103CC00000000000000000000000000000000000F4
:103CD00000000000000000000000000000000000E4
:103CE00000000000000000000000000000000000D4
:103CF00000000000000000000000000000000000C4
:103D000000000000000000000000000000000000B3
:103D100000000000000000000000000000000000A3
:103D20000000000000000000000000000000000093
:103D30000000000000000000000000000000000083
:103D40000000000000000000000000000000000073
:103D50000000000000000000000000000000000063
:103D60000000000000000000000000000000000053
:103D70000000000000000000000000000000000043
:103D80000000000000000000000000000000000033
:103D90000000000000000000000000000000000023
:103DA0000000000000000000000000000000000013
:103DB0000000000000000000000000000000000003
:103DC00000000000000000000000000000000000F3
:103DD00000000000000000000000000000000000E3
:103DE00000000000000000000000000000000000D3
:103DF00000000000000000000000000000000000C3
:103E000000000000000000000000000000000000B2
:103E100000000000000000000000000000000000A2
:103E20000000000000000000000000000000000092
:103E30000000000000000000000000000000000082
:103E40000000000000000000000000000000000072
:103E50000000000000000000000000000000000062
:103E60000000000000000000000000000000000052
:103E70000000000000000000000000000000000042
:103E80000000000000000000000000000000000032
:103E90000000000000000000000000000000000022
:103EA0000000000000000000000000000000000012
:103EB0000000000000000000000000000000000002
:103EC00000000000000000000000000000000000F2
:103ED00000000000000000000000000000000000E2
:103EE00000000000000000000000000000000000D2
:103EF00000000000000000000000000000000000C2
:103F000000000000000000000000000000000000B1
:103F100000000000000000000000000000000000A1
:103F20000000000000000000000000000000000091
:103F30000000000000000000000000000000000081
:103F40000000000000000000000000000000000071
:103F50000000000000000000000000000000000061
:103F60000000000000000000000000000000000051
:103F70000000000000000000000000000000000041
:103F80000000000000000000000000000000000031
:103F90000000000000000000000000000000000021
:103FA0000000000000000000000000000000000011
:103FB0000000000000000000000000000000000001
:103FC00000000000000000000000000000000000F1
:103FD00000000000000000000000000000000000E1
:103FE00000000000000000000000000000000000D1
:103FF00000000000000000000000000000000000C1
:1040000000000000000000000000000000000000B0
:1040100000000000000000000000000000000000A0
:104020000000000000000000000000000000000090
:104030000000000000000000000000000000000080
:104040000000000000000000000000000000000070
:104050000000000000000000000000000000000060
:104060000000000000000000000000000000000050
:104070000000000000000000000000000000000040
:10408000000000008010052100002088119004002D
:104090000200040404002020202091080090022146
:1040A000110003A00000022002A0110804C00404B3
:1040B0008405020484C0C1A0844004200840042078
:1040C0000320000800000008022002A01120112097
:1040D00011A183A00440200908010420A082040447
:1040E00004400402912005900208030421002008E6
:1040F0000400029004C000900404020420C00440A4
:1041000002080490000808800040004000000021E0
:1041100002000121018000000180018004000000F4
:1041200000040000000020000080010000000000EA
:10413000008002A0008004000400040001000000D0
:1041400001090000000000C00000048001000080A0
:104150002000000202000000000420040284020388
:1041600000880000A08008919000900000808200EC
:1041700004410000090000000000028000A00000CF
:1041800000A100000021000008410540001040058A
:104190004088020800901100002004080020838855
:1041A0008510090820C010202088A0208340A090FE
:1041B0000004051005089082C1008988210009408B
:1041C0000500030405040490000009C080C0030832
:1041D0000020090283C080C002A000201090008847
:1041E000000203201020001003C0001003102088DC
:1041F00040900002091002204021001004C0030278
:104200000008009020A000104102042002080805C8
:1042100001A0041091090010002020108240041019
:10422000201108412000101020900110051020419D
:10423000201084900088C010021120412000A0109E
:1042400000090210049000C101410000001020107C
:104250000410001000900220402090200010021056
:104260000010001000100010A020002000410021CC
:10427000041005200090000201900040000320205F
:1042800004900210001001100008029000030020AA
:1042900082900041000300020004842000409090BE
:1042A000040904028004401100040000008200841C
:1042B0000082000004020402000210030010000447
:1042C000040840842090038203100084000000044E
:1042D000000440880940002100000910000221402C
:1042E000000040840002110380210220A01120025E
:1042F00040A1000211101104202002A000100802A9
:10430000000908202010000000C005020220201033
:104310008280050410400004820000C0051004C023
:1043200004020120012120C1882000000000C000FB
:104330000000C0080005010001411040002090204D
:10434000000200410400014182000008000000005A
:1043500000000008004110030004880300082088C2
:10436000008000000000000890A002840188400442
:1043700089001104004100000080000811020209B8
:1043800001820002018501C10808000000210189A5
:1043900000A04110002008110004004041A010C0FE
:1043A000200804840484040010A0100010001000F1
:1043B0000201410841004100031000020040108842
:1043C0000090000085042008090008C01000054086
:1043D000000083C000880901050021A00204050037
:1043E0000500418210C0C1C0410021400000009082
:1043F00000408584890080400800C19100C1050209
:1044000003000000418505000001050110021103B1
:104410000000100020A020080408840000411008BB
:10442000000805000941910009100800902182410F
:1044300084002140C0002040020020A084102004FD
:1044400002040005101020211108C02182208421BF
:10445000C08900400221002100040009A0080011C9
:10446000021100091005821040410020C085A041C2
:10447000C01000850408044104039008024084022F
:1044800082850808080810200011C002A0022091AF
:1044900002C01041004010100208C00220C0A084D9
:1044A00009020004034010011082900400202090B3
:1044B000008480894002412000C041200300004068
:1044C000039110C02004040841844110004083047B
:1044D00040000001000000040900000008081088E6
:1044E00010C010C0A040218821040089218900C08B
:1044F0000908088241C021A000C00921C1C004A050
:10450000000204400485A0858504000403054002E0
:1045100020A0200410840080000001840800000016
:104520002000000000000000002000000400000047
:10453000000000002020000000000010400084085F
:10454000000020400000200201418203C0000080E2
:1045500004008400C0040000008000000000040982
:1045600000004008002104000000000500040004D1
:104570000000000000050009C041000200022011F7
:1045800001004040011121202020080000002020CF
:104590000000000200000400038488A0000003045F
:1045A00021080582028800900000412021A002001D
:1045B000008800A002049120200890A00000109024
:1045C00000C000A002C00084410841A00304020012
:1045D000020000A1001010200000214011820204FE
:1045E00090C002C0001141820010110240A12008B9
:1045F00040C021A0080283A041080402030420A0B7
:104600000021088284880208210110C021100202C2
:10461000058402209120202000A0880009000810B5
:104620008241820000100140100300058280004199
:104630000000A0088241028004808220040420112E
:104640004040902190030003821000408204021138
:104650008800A105001088890810000000000041B2
:1046600004002000884100100800A0048280094056
:1046700082009100A00300912041020000C00020B0
:1046800020088820A100034021002002840000416E
:1046900000081000C0890280C18410001011801130
:1046A0000320401000032009400000000003088997
:1046B000410000800003000982000000000304099B
:1046C0000000000000038209040000000083A1092B
:1046D0008280000000834009000000800000000389
:1046E000038900000080002008044000000000034F
:1046F0008890C14100C08003000810218000800321
:104700008021C00800800091C104C1800000808326
:10471000A004A188004180030090820880890205DE
:10472000902000410009000191010100000000A15A
:10473000A00901080002C00504A109C000C0009141
:104740000089009000820201100100000000008931
:104750008203C0020002008301A100C000C000006B
:104760000011C103029000C0C001A00105000000BB
:10477000000520020221001108A1A084A01008A0B9
:1047800088034085210200400008204021080004E1
:1047900040830521400200910491080203820488AD
:1047A00000A1400105028304000101008802C1A1AB
:1047B00082018900A088031188018300408883A1B9
:1047C000880009000200C1A1A040850002C0830149
:1047D000820103000288030300010100000001A11F
:1047E000000010004110040091010400901110001D
:1047F0000091A0011100200185101040200041040B
:104800000300020040018900A1A09021A1008804BA
:1048100082040500081111C083080821090009203D
:1048200003A04040830490008841000241000080C2
:10483000830900024100008083890040410000009C
:10484000838900114100800083090080412000809D
:1048500083090003410000800309000341000000B8
:10486000030900008021410000000309000408043E
:10487000000011410510C1089020830821A089087B
:104880004000830800028921A000030800A008045A
:104890000080C14182202084A100830490408804CC
:1048A000A180030411912090212009830080000041
:1048B00005890083000000800089800300808080DB
:1048C00000890083000000008009000300801000C0
:1048D0004009008300000080000980030000000000
:1048E00000090083000000808000058900030000AB
:1048F000009121000088808980C0414100038080B0
:1049000002A0A0200003000080C19090008300005E
:10491000900004848008004090C0101080830082C2
:10492000A0A1C108008320400904C0000283000246
:10493000008201110089108840C0C00388090084EA
:10494000C088A085028900000000020190010008D3
:1049500000820011028300C0C0C002C188910040E3
:104960000008A0C190830000A002C0822103401172
:104970001000000801008883824010C1119190410D
:104980008208901008C008C1100204058204408902
:10499000100205A088842091048541C020900283E4
:1049A000048910020401200383050201110911A0EA
:1049B000092004088400100091898990A00088884B
:1049C000058488908200890841890990A000108898
:1049D00001890190000000A0038803902000C0829C
:1049E000A188899040008400000009841020820082
:1049F0000282408984000000100889000408000039
:104A000003828300200202009000050289A040007A
:104A10004002C008110008001002830385028900CB
:104A2000401011011140110004C08811840840C0D9
:104A3000A100898000000000800003838400000042
:104A400080800380800000009000038384000000C9
:104A50008000038304000000000003A00400800025
:104A6000008003808400800000000000838000003C
:104A700000008080110800000000000003210000F9
:104A8000110040808303830091000000838584002F
:104A90009140808010C184008000000483902180B8
:104AA0004000808083032080C00005002181000B2E
:104AB000D00000008181000BD00000000A50000BE4
:104AC000D00082000A50000BD00000000050000B04
:104AD000D00021000A50000BD00042000050000B13
:104AE000D00006600A50000BD00082000000005089
:104AF000000BD00082410048000B04000000005071
:104B0000000B90008250000000099000820000001D
:104B1000000BD00000600048000B04000000000003
:104B2000000BD00000000000000BD0000600C333D3
:104B300000003F037E7EFFFF0000FF000000FF003B
:104B40000000FF0000003C3C0000FF000000FF00F0
:104B50000000FF000000FF000000FF000000FF0059
:104B60000000FF000000FF000000FF000000000048
:104B7000FFFF0000FF0000000000FFFFF0F00F0F3C
:104B800033336666F00F3C3C0F0FFF00FF000F0F42
:104B90000F0FFF00FF000F0F00FFFF0000FFFF00DF
:104BA000F00FFFFFC33C0F0FF00F3C3CC33C0F0F57
:104BB000C33300003F034242FFFF0000FF0000003C
:104BC000FF000000FF0000003C3C0000FF00000070
:104BD000FF000000FF000000FF000000FF000000D9
:104BE000FF000000FF000000FF000000FF000000C9
:104BF000000000000000FF000000FFFF0000F0F0D8
:104C00000F0F33336666F00F3C3C0F0FFF00FF00C1
:104C10000F0F0F0FFF00FF000F0F00FFFF0000FF3F
:104C2000FF00F00F0000C33C0F0FF00F3C3CC33CF3
:104C30000F0F000000000000000000000000000056
:104C40000000000000000000000000000000000064
:104C50000000000000000000000000000000000054
:104C60000000000000000000000000000000000044
:104C70000000000000000000000000000000000034
:104C80000000000000000000000000000000000024
:104C90000000000000000000000000000000000014
:104CA0000000000000000000000000000000000004
:104CB000000000001010191900C33CFF000000FFA5
:104CC0000000F0F0000000FF0000F0F0000000FF26
:104CD0000000F0F0000000FF0000F0F0000000FF16
:104CE0000000F0F0000000FF0000F0F0000000FF06
:104CF0000000F0F00000000000FFFFFF0F0F00FFBA
:104D0000FF00F0F00F0F3C3CF00F3C3CF00FF0F0D8
:104D100000FF3C3CF00FF0F000FFFFFFF00F00FF42
:104D2000FF00F0F00F0FF0F03CC3F0F03CC3F0F0E8
:104D30003CC3F0F03CC300069096727272720000A1
:104D400000FF0000F0F0000000FF0000F0F00000A5
:104D500000FF0000F0F0000000FF0000F0F0000095
:104D600000FF0000F0F0000000FF0000F0F0000085
:104D700000FF0000F0F00000000000FFFFFF0F0F39
:104D800000FFFF00F0F00F0F3C3CF00F3C3CF00F39
:104D9000F0F000FF3C3CF00FF0F000FF0000F00FDF
:104DA00000FFFF00F0F00F0FF0F03CC3F0F03CC349
:104DB000F0F03CC3F0F03CC300020C6C033900057A
:104DC000C0C6C07C33904903C0C7C03C3380490390
:104DD000C0C7C03C33904903C0C7C03C30B0490392
:104DE000C047C07C33B04903C0C7C09C3080490372
:104DF000C0C7C03C33B049030000C0C7C0BC30903E
:104E00004103C68601F608940840128621EC40A4AE
:104E10000848128621F040B4084812862190408448
:104E20000048C68601F608B40840120021904004EC
:104E30000848128621F040B408480078FFFFBFBF41
:104E4000D7D7FF00AAAA0200F1F30F00FF004A0A19
:104E50000B0AAA553CF700A0FFFF0A000A02000057
:104E6000000000000000417DCFCF3C3C3C3C0F0FD8
:104E70000F0F0000FF003C33000C0000B2AAF0AAA4
:104E80000F0F0CCFBEBE14BE55550505EB28EB2801
:104E9000032B173F002000043C083C1CFB10FF00C4
:104EA0000001FEFFBEBE1414282F3C3FFF3CE8E883
:104EB0000F0F5555FCFCC0C008080A0A0078000016
:104EC0003F3FFFFF3C3CF0F00000F3F30F00DF201A
:104ED0000F0F0F0FAA143CB600A0BFBF0F000F03A7
:104EE0000000000000000000417D0C0C783C3C3CC0
:104EF0000F0E0F4F1010FF103C33000C0000B2AA31
:104F0000F0AA00FF00FFBE141414AAAA0505FF3C76
:104F1000C3000028143C002000040808081CFF00FF
:104F2000FF000000FFFFF5A0F5A0000F141FC30055
:104F3000E8E800FF3C3CBE82BE8208080000F0F0BA
:104F4000FF00F5550A0A00000000000000FFFF3CCA
:104F5000F0AA3C303C00FFFFFFFFC3AA0F00F0FFA8
:104F6000FFFFF0F070D00000000030103010FEFFA6
:104F700040003C3E3C3CC000CFCF000000000000A1
:104F8000BEBCAAA01415FFFF000000000CCF0CCF80
:104F90003C3CAAAA0303033FBF001F000C0C000007
:104FA000FF00F72000FF01FDF7B6E3A200000000BC
:104FB000FF0F3A3AD7D70CCF0FA000A0D7D7033FA7
:104FC0003C3CAAAAF555000000000000000000FFCC
:104FD000003CF0AA3C603C00FFFFFFFEC3AA0F00AC
:104FE000FF3CFFFFF0F020800000000000003010C8
:104FF000FFFF00003C343C3C0000CFCF000000002D
:1050000000003CBC00A01415FFFF0000000014D7F6
:1050100014D7FF00F0F00707072FB4001400000FAB
:105020000000FF00FF0000FF00FF75346120000852
:105030000028F0003A3A14140CCF0CA00CA0141461
:10504000033F2004040004C004A000080208040078
:1050500000082020108821201108040804A0000066
:10506000A1000400401008A00400404011400020AE
:10507000C004000221A1832104A020202190A1824C
:1050800004090000200020002088209021820409CB
:1050900002200582881040900200110021A0020425
:1050A0000021022111200421049000200441110458
:1050B000020482200288002021C00420000402098A
:1050C0000403200404800000012109000400000002
:1050D000010004000000000000800000200000002B
:1050E0000000040000000400014001000000020074
:1050F00000802080908000202084880000900000A4
:105100000400002000C021002140A1000100040093
:1051100002040100004009800000A100000004001A
:1051200090820284208202C1008484000080840274
:1051300004A001A041002041A0800400008008C01C
:105140002004218408C0110003019091880084206C
:1051500005C091C121001108081020200500210080
:105160004000094000A1C088880004089040022047
:1051700004000408004110100488008802904108CF
:105180000802001080820000101008100410024075
:1051900008100902090008080802410880024108B5
:1051A000009120C0401020C0202020A08004208832
:1051B0000520100300A00008009000200020000837
:1051C000410300C0002080100010080404040220E5
:1051D00021C00410204000400410900800A02020AE
:1051E0000010900882A1822005100508914109084D
:1051F00091084010008000820021841000200109E5
:1052000000400010002010200000041101080020C0
:1052100003A100110090C0080010A18800104011E7
:1052200000100020A11001210110011001100290B6
:105230008920041000040403A010001000100011C5
:1052400020100002A0100010029000020084001044
:105250000008000200A00020848400C000844008F0
:1052600004200002001080100011009000020002D3
:10527000009000100010000304C000C000020004F1
:105280000002118820048021001000000484200402
:1052900004900090402000020489804088104088DB
:1052A000008400040002008208020008A0840002BA
:1052B000102020400404008400100984200200848F
:1052C00004A00084001021400484084082210000D2
:1052D0002000004100004004900405038200840384
:1052E000001011910021880420000020000400001B
:1052F00010100010000800800020000002408811FB
:1053000010C00000201101020220000000009000E7
:105310008902080590080221902040040421050913
:105320001104840440020820882010201000052069
:10533000080008A085210983A0039020080003210C
:105340000808001008400840A0850941098589081F
:1053500004C0000141200004A0830820A0C0031164
:10536000802105040220888488A041088500080463
:1053700009A01190000000400220038800080901E4
:10538000000080000001058410A0028211100000BE
:105390008000092011201020110140840488A0847D
:1053A000888400C011A009108000020800C009C054
:1053B00080200840080008400888000404001020ED
:1053C000804108C08805080109C0002008000808BD
:1053D00020112103104010C10005054010202010AD
:1053E000022020A008A00100021102411021200883
:1053F00005412003C000C0400004000800100088E0
:1054000010020000202100200000080801110011F6
:1054100000C004210085001100089004084100101C
:1054200004000520C0210208000520081111020314
:10543000902008210883C00504C1082000210141F3
:10544000082102020020020200020000824100083E
:10545000A0410084000241020805081003C00803AF
:105460004120412000881090081000040391114051
:10547000410241020300419020A0000000004000D2
:10548000001000020300008480080421402011A0C5
:1054900000880000000010C089000204020211020E
:1054A00000A0C02011040584100000202002038504
:1054B00040402104100904028402040809C0882025
:1054C00008080020208410020584050203080888CB
:1054D0000582082000400020C011000408400000A0
:1054E00000200021080000000004002100039004B7
:1054F0000004000000080400000088000000000014
:105500000009C041000000000000200001100088D8
:105510000000004000008800000220000102880016
:1055200000020004200440C000020211102041A02B
:105530000202402008204002018041218320040013
:10554000401104400289000800C1000888000205DB
:10555000400284401011A1A004090000218211C062
:1055600020A11084410088409020004085A0A00028
:105570000390008808204090088402A0100000A03A
:1055800011A002820284092000080010001000848B
:10559000C100C108040000000820081082C00011EA
:1055A000020820002000410205A09090021188A06E
:1055B00003C008A12108080411C003080008101046
:1055C0000808041011020804104000A04040052003
:1055D0001082100209A008020400C04000009020C0
:1055E000004100209000A0002080020910802000CF
:1055F000210000048211008000050009000004055C
:10560000040000000000000000A10840002040004D
:10561000100004000205410400000000018005089C
:1056200000200100A00084031000000302020440D7
:10563000400208104040080008800000400400209C
:10564000A009880001004080C08384C10000C080A0
:105650000021000000A1000005A180034009100006
:1056600000000003200985000000008300092000DD
:1056700000000003A00941800080C190852109C17C
:105680000300C003A0C0C0A002C00003090388201B
:105690004120200321081000090800004141410970
:1056A000004141410040C0844141008480800500A8
:1056B00002888080008304100203090000031003A5
:1056C000832000000003852041020000000020022A
:1056D000830000C000032010410000090201850181
:1056E0000900000000010101C0000000400908C1DC
:1056F0009188001000110309000800080883900039
:105700000509000408C082082009001188018500ED
:105710000301890104004000820000010000000034
:105720000001A00100000088038421050011880405
:10573000858882C084A0020904008202004004011E
:10574000A10040010000C00140012001000004C090
:10575000C18404A00205020182000100000184A1AD
:105760000400A1C0A1050821C0009040A189A0109B
:1057700010001182C105200140000900C101C001D3
:10578000010488C0839120002185050109000002E1
:1057900000090104010008A08800A1208301000085
:1057A00008820940082011011001110010008884AE
:1057B00088041000854082C008A1840089A0C182AD
:1057C00020C02100088283A0409008010584C10008
:1057D000044008000400C040A00084888503110331
:1057E000000380112180038980A0800000800305D0
:1057F00000858000A100030980208000210083092A
:10580000040904C19108A083890020408820412117
:10581000418000C120A00341088010008580C1059F
:10582000000082802080C141894010031002830063
:1058300008848011801021808810849089102100B4
:1058400083900941C1100500831000000920A100C8
:105850008310000080020000848484008090400255
:105860008320000020800989800300004100048912
:105870008083000008000009000300000080100978
:1058800080030303000583A080A00991009100021A
:10589000008509002100028003030910050809831F
:1058A000A0400000028209410989408421000000D3
:1058B000058005001000841021808002888011106E
:1058C000C02100039011409008820003904003041F
:1058D0000204800300000480828280A011100090E6
:1058E0000404008300880108004182110090000434
:1058F0000009200500C0C0C088418809009082C00E
:1059000082C18889A000040490A08882000804C095
:1059100000909082218800080008C089001100844E
:10592000001040900000000800820011A182A10830
:105930001004020820C0848882C0892008A1A00821
:10594000040009910291A020010801850201A0A193
:10595000018901C008A1840020400884104002C1D0
:1059600000C000C020050501409088000810418952
:10597000C19002000802090104202000A002891041
:105980000420050008A08203A188C00000C0010116
:1059900000000100012000000100000001000040A3
:1059A0000004000000C0000001050120000100907B
:1059B00088C0A085C010100440C0A00082008820CC
:1059C000A10002A0040002A011A18840080090A03C
:1059D000011001210002008884C140008301028877
:1059E00083A08502080004408302800000001100AB
:1059F000838204000011008083030080000009807E
:105A00000304008084000000A0910480A1050580AB
:105A10000820000240042000020020002041200055
:105A200000400003000800000000098820C1200297
:105A3000020800110084804000108480890000006A
:105A400000100300A1009100111003030480110055
:105A5000841003C121C00580110084418000082109
:105A6000801083412180801000808241000BD00093
:105A70000A608241000BD00000001242000BD000EF
:105A800006000A50000BD00000004100000B00008F
:105A900000420000000BD00082000050000B90007C
:105AA00000002100000BD000000000000600000BE9
:105AB000D00011000050000B900006004148000B80
:105AC00004000A000088000BD000005000500009BC
:105AD000D00041000000000B900042000048000B85
:105AE000040000000A50000BD000000000003C3C05
:105AF000000000FF000000FF000000FF00003C3C31
:105B0000000000FF00000F0F000000FF0F3C0F3CE3
:105B10000005C0C50000F0F03C003CFFD7D70CCF1B
:105B2000FFFF0000000000000505AFAF000000000F
:105B3000FFFF00EF10FF000000000000000000FF6A
:105B4000FF000F0FF0F000FF333300FFF0F000FF15
:105B5000333300FF33330F0F3CC33C3C0FF00F0FC8
:105B6000F0F000FFFF00FFFF55AA3C3C0FF00000E3
:105B70003C3C000000FF000000FF000000FF0000B0
:105B80003C3C000000FF00000F0F000000FF55002C
:105B900055FF00000303181818180F550F5514145B
:105BA0000CCF000000000000000014BE14BE000076
:105BB0000004FFEF00FF00FF0000000000000000F5
:105BC00000FFFF000F0FF0F000FF333300FF0F0F57
:105BD00000FF333300FF33330F0F3CC33C3C0FF067
:105BE0000F0FF0F000FFFF00000055AA3C3C0FF043
:105BF000FF000000FF000000FF000000FFFF0000AA
:105C0000FF000000FF000000FF00000000FFFFFF9A
:105C10000F0F00000CF0003FC3C30000FED6EAC225
:105C20000E02FFFF3C000000BEFF1400BC80BC80E1
:105C30000000FB08FF00FFFF1000E3FFE33F00014F
:105C400082010F0F0F0F00FFFF0000FFF0F00FF0B9
:105C50003C3C0F0FFF00CCCCFF0000FFF0F00FF03A
:105C6000AAAAC33CC33C0000FFFF00FF3C3C00FF6E
:105C70003C3CFF000000FF000000FF0000000000AF
:105C80000000FF000000FF000000FF00000000FF18
:105C9000FFFF0F000F000C000030CC00CC007C5444
:105CA00068400E020000000000003C3C3C3CFCC090
:105CB0003C000000FF00FF00EFFF0000EFFFEF3FA0
:105CC0002801AA01F0F0F0F000FFFF00FF00F0F063
:105CD0000FF03C3CF0F0FF00CCCCFF00FF00F0F0F8
:105CE0000FF0AAAAC33CC33CFFFF0000FF003C3CEE
:105CF000FF003C3CC0C7C0FC33B04903C0C7C0FC78
:105D000033B04903C0C7C0FC33B04903C0C7C07C2F
:105D100033904103000000800303000000860CE084
:105D200000A08005A09E20E440B3A008008600F0FB
:105D300001B000000000008600F001B00000A08665
:105D400050ECA0B00085C60601560BB40840128680
:105D500021DC40840848128621FC40B408481286A1
:105D600021F040B40048C68601B608940840128667
:105D7000217443A40848FF557878303FF5F5AF3FCC
:105D8000A03F1C20BC7FEB28FCFC04142C3C20050D
:105D900020000F2B0F03FFF0AAFFF5F50FFF000007
:105DA00000004D4DC3FF000000001400140000006F
:105DB0000000CFDFEFFF000000000000030000C084
:105DC000C3C3C3C350005000000000080000FFE33D
:105DD000FFFFB0800028D7FF7D7D282800FF00FF4F
:105DE0000000000000000000FC3C0C3C505F505FD5
:105DF000C00000000055CFDFAA007878303F0505CD
:105E0000AF30A0301C20BC7FEB28C0C00010283869
:105E1000200520000F0B0F0300F0AA00050500F07D
:105E2000000000004D4D003C000000009292101058
:105E3000000000008F9FAFBF0000000000000300C3
:105E400000C0C3D3D3D3A1A1010100000000000012
:105E5000FFFFB080B08000FF00FFF5A0F5A05C5C04
:105E60005C5C0000000002000000FF3C003C505F52
:105E70005555C000C00000550C5D00000000000E2C
:105E80000F0E00000000022A022ABEF5BEA05555E2
:105E90000F0FF82FC82C287D5F5FFAFA7D7DD7D7CA
:105EA0003CFFAA3CAC3AC7C7FFC700000000000097
:105EB000000000000000000A0000000000000000D8
:105EC00040004000FFFF40009FDFBFFFF4FCFCFCF0
:105ED00001FF05057F7F7D7D00FF072F000000008B
:105EE0001E1E55FF0000000000000000FFFFFE3CEA
:105EF000141F141F00000000055505450000000098
:105F000000040F040000000002022A2A14F514A065
:105F100000FF3C3C38230820287D0A0A50502828DE
:105F2000141400C3AA3CAC3A0404000400000000AE
:105F3000000000000000000000824141000000005D
:105F4000000010505050400040008FCFAFEF143C85
:105F50003C3C01FF05052020282800FF072F0000FA
:105F600000001E1E00AA0000000080000000FFFFCD
:105F70003E3C000F3C3F0000000000550041032064
:105F8000110804000008110021A00420212000C0F5
:105F90000440029002C0110802102110041004886D
:105FA000044004882040114000400200040800C062
:105FB00004400040110004A004C000200240000082
:105FC00020900440029004400400098804C00200AC
:105FD000030004901100004021C021100220041091
:105FE000049021C04100048402A011A0202004A03C
:105FF00000C0040820A020A021A0040821C002881D
:1060000000008200000008004000020000000000C4
:1060100000008241004000000041000000099000A3
:1060200000000000000000000200040000008405E1
:10603000004002000020C00000000000A010080086
:10604000000000001002900000000000C00084006A
:1060500000200010900000008400000900000000F3
:1060600082009020042190008200040002000000C1
:1060700082000400002190118211100900008800A4
:10608000002040A0408210C0212020100308098277
:1060900020A0034021A0080800200010009002402A
:1060A00009C021882090059008C0008400A003A0AA
:1060B0000090008200A000882008089000100002D4
:1060C0000320000008024000201008100002001009
:1060D0000908110000080510410800080090001090
:1060E0001010009021100020211009080808000855
:1060F00041C040100810009010C000C00490414002
:10610000402000109008840900100403024140114F
:106110009010824188090010A010A01000210810E2
:106120008220000900101020A0100021C011A0083A
:106130000002001000100810C010041090080009A0
:106140000008902100004010A010002082212010A3
:106150002010001000100008A0080010001002100D
:106160000008200320200008021000210010001069
:1061700000100008902000200210041000080010F9
:10618000001002100021201011822084112020080C
:1061900002C040A0001010104002000200A011C078
:1061A000090400840090008821A004020008110264
:1061B000000041080400000009404008000221409E
:1061C000000840A000000000080005020984000843
:1061D00021A0048211880008090221000382110213
:1061E0000302000241A0001020000488000204C045
:1061F0000082108220A0090409A000A0000211045E
:10620000204003021190004000001000A04188418E
:10621000000500408808902000088408C041C004A0
:10622000A002844010008202001184410011820209
:106230000021001110110000C00000008411900026
:106240000041000300108441000000090403040819
:1062500084029009040500000040844182414040CE
:106260008420104100098411C0000420900888098E
:106270000002C011104008200820C011A020841185
:106280002000102110038203C011008800A003A089
:106290000984100404A002C00808100400A00288A9
:1062A000218220820004418808A00804008400881C
:1062B0004182208400040210410400C000A010822A
:1062C00000A00288001000840908000004C020001B
:1062D0000500000041C00090031011A0094000A07B
:1062E00011A010880240108411844084058400C0ED
:1062F0000300418405C003C01084058221842188E5
:1063000008A041A04188418409A000C008032041A1
:10631000400920020008100982098220101182031E
:1063200084048211100210408208884190210010DC
:10633000C02108101041042182048821A0112003EB
:106340002021044100100021841104030000900862
:106350000421200400210408882108000003C02132
:106360008804A0410003000808030211882182204C
:106370004003881184210009021100100808020955
:10638000A020840288401041A041A009A00303007E
:106390000040000208820582008808200000059065
:1063A00000900000418402A000C00000218800028B
:1063B000000003C002A0004000C000020088008866
:1063C0001000000000400000000000C000A000001D
:1063D000000004C00040049000821100020202C0CC
:1063E000030009A01184008800A003C0004003201E
:1063F00000A000041008004000A0040040C00000FD
:1064000000C000C0200021880002002041840888CC
:10641000102104410003A0400021C000000384219A
:106420000802900900050208840090219040840031
:106430000004041100092008880982020204A04017
:10644000880040110040000088098440900004103A
:1064500000008402041110400409020920080420ED
:10646000000090000421880088210409A0098809FF
:10647000A020A01100200000021190094011C009C5
:106480000011844182000000021000040409100081
:10649000000405200200049005100440051021842A
:1064A0000000048409C00220094000000902000025
:1064B000000800C004880090004000100002048220
:1064C0000020000810821190118209A0049010048D
:1064D0001088000000A00008001000C00284000224
:1064E00009C010840082002005000084419020A093
:1064F00000C00808088820A0008208402120002051
:10650000218200A02108100200C00202000800A0A1
:10651000000810A0880084102004C04100418804B5
:1065200084118400A0410404001140020220C0082C
:1065300084219002C0030040C004A04100008410E8
:10654000A0210040002190080405080582040405EC
:10655000C003200800001005882020214009821176
:106560000000000500000409020920110241040591
:10657000880940030441880084009021400940407C
:106580008421884088408200A011A0000841840234
:1065900084000441840000000000000000000000AE
:1065A00000000000000000000000000000000000EB
:1065B00000000000000000000000000000000000DB
:1065C00000000000000000000000000000000000CB
:1065D00000000000000000000000000000000000BB
:1065E00000000000000000000000000000000000AB
:1065F000000000000000000000000000000000009B
:10660000000000000000000000000000000000008A
:10661000000000000000000000000000000000007A
:10662000000000000000000000000000000000006A
:10663000000000000000000000000000000000005A
:10664000000000000000000000000000000000004A
:10665000000000000000000000000000000000003A
:10666000000000000000000000000000000000002A
:10667000000000000000000000000000000000001A
:10668000000000000000000000000000000000000A
:1066900000000000000000000000000000000000FA
:1066A00000000000000000000000000000000000EA
:1066B00000000000000000000000000000000000DA
:1066C00000000000000000000000000000000000CA
:1066D00000000000000000000000000000000000BA
:1066E00000000000000000000000000000000000AA
:1066F000000000000000000000000000000000009A
:106700000000000000000000000000000000000089
:106710000000000000000000000000000000000079
:106720000000000000000000000000000000000069
:106730000000000000000000000000000000000059
:106740000000000000000000000000000000000049
:106750000000000000000000000000000000000039
:106760000000000000000000000000000000000029
:106770000000000000000000000000000000000019
:106780000000000000000000000000000000000009
:1067900000000000000000000000000000000000F9
:1067A00000000000000000000000000000000000E9
:1067B00000000000000000000000000000000000D9
:1067C00000000000000000000000000000000000C9
:1067D00000000000000000000000000000000000B9
:1067E00000000000000000000000000000000000A9
:1067F0000000000000000000000000000000000099
:106800000000000000000000000000000000000088
:106810000000000000000000000000000000000078
:106820000000000000000000000000000000000068
:106830000000000000000000000000000000000058
:106840000000000000000000000000000000000048
:106850000000000000000000000000000000000038
:106860000000000000000000000000000000000028
:106870000000000000000000000000000000000018
:106880000000000000000000000000000000000008
:1068900000000000000000000000000000000000F8
:1068A00000000000000000000000000000000000E8
:1068B00000000000000000000000000000000000D8
:1068C00000000000000000000000000000000000C8
:1068D00000000000000000000000000000000000B8
:1068E00000000000000000000000000000000000A8
:1068F0000000000000000000000000000000000098
:106900000000000000000000000000000000000087
:106910000000000000000000000000000000000077
:106920000000000000000000000000000000000067
:106930000000000000000000000000000000000057
:106940000000000000000000000000000000000047
:106950000000000000000000000000000000000037
:106960000000000000000000000000000000000027
:106970000000000000000000000000000000000017
:106980000000000000000000000000000000000007
:1069900000000000000000000000000000000000F7
:1069A00000000000000000000000000000000000E7
:1069B00000000000000000000000000000000000D7
:1069C00000000000000000000000000000000000C7
:1069D00000000000000000000000000000000000B7
:1069E00000000000000000000000000000000000A7
:1069F0000000000000000000000000000000000097
:106A00000000000000000000000000000000000086
:106A10000000000000000000000000000000000076
:106A20000000000000000000000000000000000066
:106A30000000000000000000000000000000000056
:106A40000000000000000000000000000000000046
:106A50000000000000000000000000000000000036
:106A60000000000000000000000000000000000026
:106A70000000000000000000000000000000000016
:106A80000000000000000000000000000000000006
:106A900000000000000000000000000000000000F6
:106AA00000000000000000000000000000000000E6
:106AB00000000000000000000000000000000000D6
:106AC00000000000000000000000000000000000C6
:106AD00000000000000000000000000000000000B6
:106AE00000000000000000000000000000000000A6
:106AF0000000000000000000000000000000000096
:106B00000000000000000000000000000000000085
:106B10000000000000000000000000000000000075
:106B20000000000000000000000000000000000065
:106B30000000000000000000000000000000000055
:106B40000000000000000000000000000000000045
:106B50000000000000000000000000000000000035
:106B60000000000000000000000000000000000025
:106B70000000000000000000000000000000000015
:106B80000000000000000000000000000000000005
:106B900000000000000000000000000000000000F5
:106BA00000000000000000000000000000000400E1
:106BB000080004001140200104A04101002004103D
:106BC000004008400483202084002020200004206E
:106BD00004200920020804201100000000200440C5
:106BE000202091A1110002A00090024000000000AE
:106BF00000C0042010200020C005A008A009A0406B
:106C000004008404820803A18440A04004A08210F0
:106C1000000084910421910402C120048020820498
:106C20000803022102C000A02003030404912020D5
:106C3000A00000000500C00021200902000408A0F7
:106C40000000880000000020018420000180010075
:106C5000008020A000020140000920000000000088
:106C6000A0000080022002110000040000000000CB
:106C700000C0000000800180C0004182210021048A
:106C80002111200020C020008804200003002000E3
:106C9000200008002004040420809120218020800E
:106CA00020A002840002004004000084028020042E
:106CB0000280048211102008000080104090009093
:106CC0000001C104000202A01120004008900490BD
:106CD00000204110030904C0A090204184C08820F6
:106CE00084A0100240080884002080900020091031
:106CF000800800008420828885A00408C0A080202D
:106D0000859008A0030808A01000088220881108B8
:106D1000080000401010022000048908A120020091
:106D2000408841041002048205A0109000081090D1
:106D30004041410903204041A010A0090420002047
:106D40000402204002A004418910409020882010B5
:106D5000001000A02040C04090100410C12021105D
:106D6000208821412041100090400090020920908D
:106D7000A02102100000040805200441A141411097
:106D8000202120108210080200100410002083200F
:106D90000010020800880010000800910410021082
:106DA00000100008009000100110001000100010EA
:106DB000001001A000040009000821028040059095
:106DC00080200010C01020050490042040C0200046
:106DD0001120004009840004048900830020004041
:106DE000000800840002200900024110204004082D
:106DF0000440044004040000001000100010204073
:106E0000408320838285040803852004202120A05C
:106E1000201120022002200220C12020208420A056
:106E2000A08384080503A08441C00984000200C037
:106E300004841002044004020004820290000480D2
:106E4000C009209000402040C02001021100200213
:106E50000004028200802040000901048420844153
:106E6000C0A10002000000090820000000021189F2
:106E7000001100A100C1110200000404000400413F
:106E800001801102894003040100000441820104D1
:106E90008908C120010001040309A1040180854083
:106EA000890921042102200403410005C04088090A
:106EB0000800110408000105211021899020008498
:106EC00011A01040058820200488000900A1200896
:106ED000212141024102200210100883208405A1D3
:106EE00010020810889108A00004C1202100088821
:106EF0000808A02000040005028500000000080822
:106F000041200000C0419004A0A0A0048301824160
:106F100083049085C191A084C140A083A000A004F7
:106F20008540A08490C0C1C08588A00141A0039085
:106F30000583410505400202080810A00020020355
:106F40008402101008C120101088C120902008046D
:106F50008411200408050811A008102102408802AD
:106F600002408221C0110840C010A000029082059A
:106F7000A00820080410028810A082200000080940
:106F800085C110088221418220902108218520207E
:106F900020A0209120202040210920052104210942
:106FA000218520100505200820052010212010092A
:106FB000100010028820C0831005A010A01100A0AE
:106FC00000C0A004038509200004200520000082E1
:106FD000008420050204419004040002C1088004DA
:106FE000400403098389001010840202000088888D
:106FF0000511A0A108A010200400042021400000D9
:107000000521008403001010C00220902004A0403D
:107010000500412000A182888008800080040921A9
:10702000880300A041082002A19110402005C1A1C1
:1070300003024104410800400300800441C0C00233
:10704000900000000400000400000400A0200000E4
:1070500040009041000401800810832100000400DA
:1070600020200020A00404040408000000032008DD
:10707000211100042020A040048004000000000032
:1070800000000420000000410000218989002180C7
:10709000210000008208820421412000040004C075
:1070A00004A020040210C021010004040003058490
:1070B000044000000008C0000002000204000000BC
:1070C0000220021004048382202020A00420100447
:1070D000400800C0040109C108841040008805A0D0
:1070E000218311080982C0A0094004000802002081
:1070F00000100004001110820004030103880088BE
:10710000021100000300000802100000A009A00006
:107110000504A004032002000441808220C009016C
:10712000A00580882082411120C084A02100044055
:1071300010201008418421A00304050200A00803C8
:1071400041C0C1A040038384204140C1001184415B
:1071500090041041002121408820840804218840A7
:10716000824102408405901004410041080582419B
:107170001004C009880902A020094085A004040465
:107180000000880400000000000403210000210426
:10719000210902C120A10011400582202004C10064
:1071A00002040584200585040004210520098420AB
:1071B000838082C1104088058403404140800011D3
:1071C00000C0400340058003800903000000000365
:1071D0000009880000008083800909000080808306
:1071E00005894180008080830009108000800003B1
:1071F000200983800080000382090880008000034A
:107200000009820000800000102020038008401147
:1072100011118009031189092040080540208303CA
:10722000204080040809020521030902008241C1AF
:107230000203840382200389000040410090008003
:10724000008302100420004108A1080582040010F8
:107250000089040902A000400211200590C00040EE
:107260000803A02190040004100900859002000486
:10727000200385892008908400C182C109C00008CC
:1072800004898803119000200000010001004001E2
:1072900000008983C0C1090421C1C001C1004101AE
:1072A0008300A002A091210800028441004108C18E
:1072B0000008089104884140001004A000881011C3
:1072C000A0C01009000911820001840305004002DA
:1072D0000583842041010240A18988211000A0205B
:1072E0000905402185010220410500020100882096
:1072F000410540A09100C0A02141A0888900A002C2
:10730000830040040500042009010000C0844000FF
:10731000418482C19041C0C182C08389881121A06B
:107320008811218205100403208503C140880504CB
:1073300040C0C10088824002031004C14020208464
:107340004120C1000220A100030811A10040C1405A
:10735000000083890088C105008003090020000027
:10736000808003828003C1040080030900904100F3
:107370000080030900034100000083890000210010
:107380008080834180824100808083090000080062
:107390000021050021908391A1881121898903830F
:1073A000848403820380A0112183852008030200C6
:1073B00020A10910830002824180040584A000807E
:1073C00000412180104100828802900003038080E8
:1073D000C100108900038000020040898083000002
:1073E000A080008980830080400020090003000005
:1073F0009080200900038080A18091090083800093
:107400002000828980830080408020098003000062
:10741000030821020403A0A0020200C10921028383
:10742000039108200502C0031020904004038283CA
:1074300082058890C18485030282118984054003F6
:107440000000C18283C08080804003A0C14000034F
:107450000484A082098520A188C084828485400993
:10746000C040A0400403020900040088010588C14F
:1074700000108340011184C14010A0A040892083E6
:107480008820A084081102830002880802050221D6
:10749000000001C101890084048383A1104001839D
:1074A00002890040008301C005890903108391020D
:1074B0002011880089C0108488110205882008C125
:1074C000110904008909048410884001010408009E
:1074D00020A11100049088008809A140C1209000DB
:1074E0009082038803A04001900821891190020036
:1074F00010A009880120020010A1038983208400C4
:10750000A0010140019000000010C188C102A0004C
:107510000210000002011004020102829191090888
:107520000800C1C090C105408201038409A005A0E4
:10753000048490830984844111010088C14191A091
:10754000820121828401880000000489A100A12019
:10755000C0010802894180000000008403A021804E
:1075600000000085038084008040000003888400C0
:1075700080008000038004000000802083830400DA
:1075800080000004030521000000008003850480C2
:10759000000000050000004080A00008008009896C
:1075A0008241850240000040C0A0030320008341C7
:1075B000042002820821039105A10404118203C062
:1075C0002104081040009003800000000090831107
:1075D0000880092041808241000BD00000600A50E1
:1075E000000BD00000501182000BD000000021845D
:1075F000000BD00041002184000BD0000A000A508B
:10760000000BD00041002184000BD0000A0021842F
:10761000000BD000000000000A00000BD000114851
:107620000000000BD00000840000000BD00041607F
:107630000000000BD00012422100000BD00000001F
:107640000000000BD00082004148000B04008200C3
:107650000000000BD0008250FFFF0000FF00000080
:10766000FF000000FF000000FF000000FF0000001E
:10767000FF000000FF000000FF000000FF0000000E
:10768000FF000000FF000000FF000000FF000000FE
:10769000FF000000FF0000000000000000006EFF7F
:1076A0000C0C91990800500A90097E1E7E1EFC0C5D
:1076B0000000F63C00003F030000BDB400006F6016
:1076C00000004ECF0000CF8D00000000FFFFF00F44
:1076D000F00FC33C0F0FC33C0F0FFFFF0000FF0074
:1076E0000000FF000000FF000000FF000000FF009E
:1076F0000000FF000000FF000000FF000000FF008E
:107700000000FF000000FF000000FF000000FF007D
:107710000000FF000000FF0000000000000000006B
:107720006E0C0C0C99990000300C6006181E181E87
:10773000F6060000063C0000272700002D2400006C
:107740003F3000004E0C00004E0C0000FFFF000018
:10775000F00FF00FC33C0F0FC33C0F0F00000000F1
:107760000000000000000000000000000000000019
:107770000000000000000000000000000000000009
:1077800000000000000000000000000000000000F9
:1077900000000000000000000000000000000000E9
:1077A00000000000000000000000000000000000D9
:1077B00000000000000000000000000000000000C9
:1077C00000000000000000000000000000000000B9
:1077D00000000000000000000000000000000000A9
:1077E00000FF0000F0F0000000FF0000F0F00000DB
:1077F00000FF0000FFFF000000FF0000F0F00000AD
:1078000000FF0000F0F0000000FF0000F0F00000BA
:1078100000FF0000F0F0000000FFFFFF0F0F00006E
:107820000CFC0CFC24E700FF0096148299B90020A0
:10783000F4FFFFFF0000303FFC99FCFF24E7E7E77F
:10784000000000FF0000427E000090F6E6FE1901F5
:10785000F00FF00F00FFFF00F0F03CC300FF0F0F30
:10786000000000FF0000F0F0000000FF0000F0F05A
:10787000000000FF00000000000000FF0000F0F02A
:10788000000000FF0000F0F0000000FF0000F0F03A
:10789000000000FF0000F0F0000000FFFFFF0F0FEE
:1078A00000000606F6F66666666600960096667640
:1078B0000010F4FF00000000606FFC00FC6630F375
:1078C000F3F3000072720000C0FC0000187E809884
:1078D0007F67F00FF00F00FFFF00F0F03CC300FFE8
:1078E000F0F0C0C6C0FC33B04903C0C7C0FC33B021
:1078F0004903C0C7C0FC33B04903C0C7C0FC33B0A4
:107900004903C0C7C0FC33B04903C0C7C0FC33B093
:107910004903C0C7C0FC33B04903C0C7C0FC33B083
:1079200041030000008600F003B00000008600F074
:1079300000920000C086C0F030B04903C087C0F09C
:1079400030B00903C0C7C0B033904903C0C7C0F00E
:1079500030B00103C68601B60B940840128621F0B0
:1079600040B408483E320E0255550CFC3CF0AAFFCC
:107970000F8FCFCFAFAFFC0C033F7D7DC240C24025
:10798000F530F53F20202020060C6FCFC2C2C24048
:10799000F0FF3535000000000F0F3C3C3A3A3AAC9E
:1079A000F035FF350000FF003C3C000C0C00FE7C75
:1079B000FE7C1800425AFFFC3F3C140FBE0F28000B
:1079C0002800F37DF37DFF00F0F00F0F00FF0505A9
:1079D000BFB500000001FF3CC300000FF0FFFDF841
:1079E000FDF80F0F5555E3E0232000000CFC3CF0A0
:1079F000AA000F2F3F3FA0A0FC0C033F4141C2C291
:107A000040400530053F05050000060C6FCF000023
:107A10000000000F353500000000555500FF3A3AD0
:107A20003AAC00350F350000FC0C3F30000C0C0068
:107A3000FEFE3C3C00005A5AEFEFEFEF000F000F44
:107A40003C3C3830FF3CFFFFFF00F0F00F0F00FF21
:107A500005051F1500000000FF3CC300000FF0FFEC
:107A6000FFFAF0F00F0F5555ACACFF0F55553C3CED
:107A70003A3A0C0C5F145FBEA03AA03A447705F581
:107A80000F030C0041014141FEFEFEC20055AAFF5A
:107A9000F5A000000F3C0F3CBCD3A892140B000BC8
:107AA0003CAAF00010101C1C00000000000000AAFE
:107AB00000AAFFC93600FFAA80AA000000005555A1
:107AC0000F0FEB28F3F31717C3FFAAAAAAAE575557
:107AD0005555200000003C003CFFAAAAAAEA175511
:107AE0005555FFFFFFFF1CDC1FDFACACF00000FFB3
:107AF0000F0FF000AFA00A140ABEFC0F0C00447771
:107B000005F50F030C0000010041FEFEFEC200550A
:107B1000AAFF3C3C00000000FFFF94518010000FC2
:107B2000000F00F03CAA003C003C000000000000F8
:107B30000A0A1E1EFFC93600FFFF80AA00000000CF
:107B400000FF3C3CEB2830301717003CAAAAAAA241
:107B500054555555000000000F550F55AAAAAA2AE2
:107B600055555555FFFFFFF010D013D304202103C6
:107B70000200042020028200A020820220A0200017
:107B8000204020202000004000C0020402044008E1
:107B9000022000A004400401044020098490044114
:107BA0008420004104202082119011000000021066
:107BB000042021200020040004C08241A18909A1E1
:107BC00004211010A1080500040011C004C0041015
:107BD0000404400000200009110804211110024093
:107BE00011A104A102C121080490041004A004C141
:107BF0000020044090A00103200003802020050005
:107C000001200100A1C1024000000220018001808A
:107C1000028001A0A00000000020000005844009AF
:107C200000A020C00004004000408800A00000C068
:107C300000210021000000002000C10020200404D9
:107C40000402840201002080200020080220A000FD
:107C50000000058004001000000200209002204077
:107C600091800002A004A1040440900200111000C1
:107C700084A080080010C0830040A11121900288D8
:107C800004400020002082200010004004902009C1
:107C900004A008008200004088080040020003A001
:107CA000000000100409089005C0090805204040A4
:107CB000000010C0108800A0208880880408008878
:107CC0000882000000101040A19010018382410042
:107CD000042000412101400403910920022040209A
:107CE000219000C0029082020220419000024100D7
:107CF00000A003000210001004400010044088108F
:107D0000830301A0908402910410004102800510B9
:107D100004084120002004102010021000900908DF
:107D200000108210001001400010A010022000215D
:107D3000002000000003001100109011101000102E
:107D4000001000210010200804A0081000020410F8
:107D500000100108008482400190002004900190EE
:107D6000009004080408011003109108001000108E
:107D70000021001010040005040200010240400828
:107D800000A0042009400910004004042001001054
:107D90000088042104900400000204C100A0000433
:107DA000041004030002000200108203008400207B
:107DB00004100010000000C0001000C000C00484C7
:107DC0008000200804A0008400C10010832020103F
:107DD000409000840010840984082009A010000449
:107DE0000002000940022010000340084010000279
:107DF000040204880088008210044102000401008B
:107E00008802022085092004000302891021012034
:107E10004002902091200100010000809104002088
:107E2000A011891103202000A040080002020021B7
:107E300000408800002100000003001108009005A8
:107E4000C10410000102091004008840C0004089EC
:107E5000910005022003000003024104A120030455
:107E6000C00910200010012109021004410221095B
:107E700000008821A040C002000241041140110806
:107E80002002109000041140200809404108080811
:107E9000A1002008840208A020C0C1842008400856
:107EA00000880082200241C000200300000010046E
:107EB0002000218203C00082000000820290400264
:107EC000054004409008108240048290020082889D
:107ED00008000200080010004120858320020800ED
:107EE00041020005088408200800092105880800CF
:107EF00010C10300020841A008001010820502080A
:107F000082058408904188082020A0000880A000F5
:107F10002002020211092182A011840820111021DF
:107F200010C000200010A021000288418404020437
:107F300084C140080010004084050000A000C00477
:107F40001009902140801182901188894109840292
:107F50001020200900000211A00800820240904178
:107F600088000485000440004003000000402021F8
:107F70000920080400218420080902211088882093
:107F8000040205A091A003010004030009100208E7
:107F900010100800100004090340A0000020828295
:107FA000200420020340218509208821800400C08C
:107FB00009820520099000A00040008800001100FF
:107FC00000C000880808C020000383A121404008A9
:107FD00000840884020541C004844000A184A000FC
:107FE00008100240A08483C00005A004110400030F
:107FF0000288C14000A005880084029040C00803A8
:108000000403012188000400002004004000040053
:10801000101102020000200501A000052004400408
:1080200021110000880000004020000040400408AA
:10803000042020000891080000400800884100004A
:108040000002000000030000050840200404009125
:1080500000030003004000204005410001414004AE
:10806000032140020480050802054082020582C106
:108070000802000808030011000840110400020370
:1080800008081188020408100483050205834010C3
:108090002184020211200500A0A021002008001068
:1080A0001008101000034104C100200800C108108E
:1080B000404000000088110800C0021011024090EA
:1080C000000002020008200803840201910020C081
:1080D00090080004002008080008100240081182DF
:1080E0000982C141840011004000082010C0000531
:1080F00080021040080300880010118403C00208A9
:108100002008880488022091A004102020208220CA
:1081100010088240881188C09041050840048904F5
:1081200040009090A0080004028804414004082008
:108130009008002140004000820290119002A008A7
:108140001010000010008441842190100020024192
:108150008900040400000040080000400003C00241
:108160008408000002C020000000001084110020DC
:1081700082040200A0C1041008000409004188091B
:108180000011402080831189A000008080830909AC
:10819000000000000083200941000000C021894048
:1081A0001041820485A140030920C0C100918304CD
:1081B000050500038320201082000310000000004A
:1081C000000000000000000000000000000090001F
:1081D00000808380040089C103C120A14000800485
:1081E0000002000080800003A0408220800880837D
:1081F000058400A00888008385050882000500002A
:108200000400800080008203A01141880802020956
:108210000003A0400040A0030085A19010C040C012
:10822000A10208100810C04101A0820241080211F9
:108230004103088800A089010101C100000100007C
:1082400000C000000000000000000000000000006E
:1082500005A08440402000A0404001C001C10004AE
:10826000029100210882822088418320C1210801D7
:108270001083000282050021A083910488100084ED
:10828000000000008200C000A02190000920211100
:108290008811A0008320C1A1880420000320850547
:1082A0001020A0880590C1010140C082058884008B
:1082B000094008A00410C102081040040284890487
:1082C00000A000010090000000000000000000007D
:1082D000000000840004018201011110410990098D
:1082E000218490200840211011000920C10090082D
:1082F00011C008910200000483114101090004A08B
:10830000C1820090000000000000809000002180E9
:108310000309008880002180830900A10000A1805A
:1083200083098500202105040820110404884108E0
:1083300085400991A0C141038380A082830520214B
:108340000202000000020000000000000000000027
:10835000000000000200032021900409A0914003C6
:1083600003820341008000412100C041A1830841F4
:10837000118003418821854111000341021084418D
:108380000580834100000010000000000000210073
:108390004089000300802000A00900830000210024
:1083A000C109808303C0208921A0C0C121A121C1AE
:1083B000A1418310020021A1A0C08808214003210F
:1083C00004C084858000410000118000000000008E
:1083D000000000000000008420210520000000882B
:1083E00000088088A08380000000C1900021808860
:1083F00009214140000380001041414180038082F7
:10840000C14041100083000000000800000000820D
:1084100004C0028520C10004049008892021009036
:10842000C082084120A10303880400852102214065
:108430000008088821900190A09108202190012037
:1084400000C001082041200001840000200000003D
:10845000000000000000000000100283024120889C
:10846000902100C004850989400084C0A084C01107
:1084700040020003000290894000A10190000283A5
:108480004011030584211083820000000100840054
:108490000388A10204820240C18841A008020200B0
:1084A000C18909A00288904001A09008050020031E
:1084B0004102091008A00402A1414010040108C0B3
:1084C0001102050490004108002000000004000093
:1084D0000000000000000000000000880485C001CA
:1084E000010082038891A0000520840988000040D3
:1084F0001010110003A0400008A0110941A00400C1
:1085000000A041202110890040000000000000046C
:10851000000083C18480808080808380040080800C
:10852000800383A10400000000C0209005410203E5
:108530000908830490048304C1C141400285880274
:10854000C103A041A1400005020000002105002157
:108550000000000000000000000000400800401083
:10856000080441008510410404029080C10380008A
:1085700000800083030510000500910303030480BD
:10858000050011000300040040002000000000006E
:10859000000000031182000BD00042882184000BF0
:1085A000D00000000A50000BD00000001182000B28
:1085B000D00041008181000BD00042600A00000B16
:1085C000D00006008100000BD000820000000000F7
:1085D000000000000000000000000000000000504B
:1085E000000BD00000414100000BD00021000648E4
:1085F000000B040006500000000BD000060006002F
:10860000400BD00082000600000BD00000000000EC
:10861000000000000084000000FF000000FF0000D8
:1086200000FF000000FF000000FF000000FF5F5F90
:10863000287D2D2D2D2D4D4DC3FF0FFF3C554D4D4C
:108640004D4D000FF0FF00003C3C000F000F0000FC
:10865000000000000000000000000000000000001A
:108660000A0A00FF00140014BE005F00505F3F3F85
:10867000FFFF000000FFFF003C3C0FF03C3C0FF010
:108680003C3C0FF00F0FFF0000FF333300FF33338C
:108690000000000000000000000000FF000000FFDC
:1086A000000000FF000000FF000000FF000000FFCE
:1086B0000A0A287D0055AAFF4D4D003C0F003C558D
:1086C00000C33CFF000FF0FF55000055000F282F9E
:1086D000000000000000000000000000000000009A
:1086E0000000282800FFF0F4F0F4BE000A00505FFC
:1086F00030300000FFFF00FFFF003C3C0FF03C3C2F
:108700000FF03C3C0FF00F0F00FF00FF333300FF72
:1087100033330000000000000000FF000000FF00F5
:108720000000FF000000FF000000FF00000000FF4D
:10873000FFFFFECEF2C2FFFF5110FFC3B2B205A091
:108740000000FEFB02F8BEBEF5A07D28000000027E
:108750000082000000000000000000000000000097
:108760000000000000000000C300C300000A000079
:10877000FFF0D7DF00FFFF0000FFFF000FF03C3CE1
:10878000C33CF0F0CCCCFF00CCCCFF00CCCCFF0045
:10879000CCCCFF000000000000000000FF00000043
:1087A000FF000000FF000000FF000000FF000000CD
:1087B00000FFFFFF3E0E3202FFFFA2203C00B2B2DC
:1087C00004200420FE0B02081414F5A028285500EC
:1087D000FFFFFFFF0000000000000000000000009D
:1087E00000000000000000000000C300E3A0000A39
:1087F0000000FFF0141C00FFFF0000FFFF000FF05F
:108800003C3CC33CF0F0CCCCFF00CCCCFF00CCCC4B
:10881000FF00CCCCFF000000000000000000C0C73B
:10882000C0FC33B04903C0C7C0FC33B04903C0C764
:10883000C0FC33B04103A18650FCA3B00005A5865F
:1088400050FCA3B8000500860CF003B800A5008614
:108850000CF0A3B8000500000000000000000000BC
:108860000000000000000000008600EC00B80000DE
:1088700000860C70039900A0C68601B60B940840D0
:10888000128621F040B40848128621F043F40848CB
:10889000128621F0433400480000000110600000FF
:1088A0000000C0823C3C7E7EE8E8E8E8303F000003
:1088B0000FAC00AC0454AEFEFC0CFC0C1414BEBE99
:1088C000C355C553006A95FFBE82F3F3008241C3CE
:1088D000FFAA5500355C553C000000000000000078
:1088E000000000000000000000000F000F00FFFF6C
:1088F000FFFF00002800081CCBDFFF3CC3000F0F68
:1089000000FFFF7DFCFF0C5C0C5CF050F000FFFFF3
:108910000000FFFBFFF8D3DF505F00000000000005
:108920000000302800003C7E3C7EFF3CC300303F0E
:1089300000003A0F3A000454AEFEFC0CFC0C05AFEC
:1089400005AFC355C553006A95FFBE82303003039F
:108950000303B4B4B4B4355C553C0000000000001F
:108960000000000000000000000000000F000F00E9
:10897000080D787DF5F5AAAA081CCBDFFF3CC300E3
:108980000F0F00FF3C7DFCFF0050FFFFA000F00038
:10899000FFFF00000F0B0F08101C505F00000000CD
:1089A00000000000D351E9A84D4D4D4D08002004B2
:1089B0000F3C3C0FF775B63415001500ABA8FE024E
:1089C0000CD7CFD7FF00FCC050555F55F838CEC24A
:1089D000428263C3000000000000000000000000AD
:1089E0000000000000000000000000000000BEA029
:1089F00014A000000000FFF0FFFC003F000FFFFF8D
:108A0000FFFDFDFFFFFFFFFFF0002D2D55FFFAFAE0
:108A10003F301414D7D7F0FF3CAA0003C303000073
:108A20000000000000009210C18000C33CFF081449
:108A300020100F3C3C0FE361A22000005500ABA8C2
:108A4000FE020C14CF14F0F0F3300500F5FFC80857
:108A50000E0200002141000000000F410F7D0000C8
:108A60000000000000000000000000000000000006
:108A7000A07DA02800000000FFFFFFFC7D7D7D7D24
:108A80000000000801000000FFFFF0002D2D00AAEB
:108A90000A0A3F300F0F0F0FF0003CAA0003C30378
:108AA00000000000000000000000000000000000C6
:108AB00000000000000000000000000000000000B6
:108AC00000000000000000000000000000000000A6
:108AD0000000000000000000000000000000000096
:108AE0000000000000000000000000000000000086
:108AF0000000000000000000000000000000000076
:108B00000000000000000000000000000000000065
:108B10000000000000000000000000000000000055
:108B200000000000000000000000020800C0020079
:108B300002401020212002401100C01010C002206D
:108B40001100800400054005200280A14040104033
:108B5000000420012020004021202040002000842B
:108B60000001002000200040002000000200040856
:108B70008420200104000200200108C1202040417F
:108B800011000009110040902100000011080008A8
:108B900000000040020402042004000502200290AC
:108BA00000202020840808080441040800800240B6
:108BB000010205A01088022100210020040000000D
:108BC0000190080004C102A002A0000020200000C3
:108BD000050402880220004002000000040000801A
:108BE00000000004009000A10000000000C0000090
:108BF00001200500010200000100080404044000F7
:108C0000212000410004000084000000A0110200A7
:108C1000020084000200008810808280048291801B
:108C20000300028082820803A100030401020204FF
:108C300000211001104002201040022080018220FB
:108C4000200800042011A000020884081004A003DA
:108C5000A110400480088040002004089010040007
:108C600080020000C04000A0A008040000110080A5
:108C700011000820201091C110020409002040209A
:108C80000008A021001080002020A0844010910442
:108C90004020C0042010A008080204C000200208E0
:108CA000000504200040004010A084100020A020F7
:108CB00041A000040104008241A1A08801410202F8
:108CC000112001A140A0032040200182210005A025
:108CD00020401020008404880483009001081008BC
:108CE000032140210021112100084010A110002083
:108CF00000002008049040000404001000200082BE
:108D0000C0A000900508020004108210211020402D
:108D100020A00010049002212120001083200408CC
:108D200000100082008800100090011020900010B8
:108D30001110000400080000A00420A0041100117C
:108D4000001000850203002002020010091000023A
:108D5000000441100808080388020208090841407D
:108D6000008800400020800480880011400200201C
:108D700041A0000002100984050500020020001037
:108D8000414080A000C08084400504030902020421
:108D90000220881000840284414011402184000890
:108DA0002010201040112040210300A0404000402E
:108DB00005A08288000010880000208008020102BF
:108DC0008820A000822010028800C104042108022B
:108DD00008100809000908040820200010401008A5
:108DE000108010040088C089040204410220004160
:108DF00000000005000084044002A0A002000082E0
:108E00000000008020000011040889048508000883
:108E1000852182080800000504118421A009022090
:108E20004041900000210020A0002020C00040838D
:108E300008838408040311C0039040C0020410405A
:108E40001100100009040300C10220200508A10838
:108E500000090840214110000804080004020082B3
:108E600004402102A1410401020010012020100849
:108E7000100008820000000000030483A0210020ED
:108E80001104040208014020900884009100A0020F
:108E900020900220048804C0108420881082902032
:108EA000048410112184001002820200104003A0EB
:108EB000A0049010100003208400900410100210F1
:108EC00008040402004110911004041010900041A5
:108ED00020C18220108500A011000084020821100A
:108EE000C00004899000208240200108204021A178
:108EF000050201022041100800800040412009A025
:108F00004090000588090010011020052000202055
:108F10002040200320052004410590051109100878
:108F2000041010000020001000050121C1090003F9
:108F30000808028209A10041048900000490410848
:108F4000418308001020839040022008400589409A
:108F50000010900420044190200841C0418508057C
:108F600008A1201009C0210210A1210202A00000C6
:108F700011020020098520050001000000200440A6
:108F80001004A008004008402084000803880484DE
:108F90000088028800404102410300080384200247
:108FA000210205844002098402A000040210C0903E
:108FB00040400404880208110088080440080000AA
:108FC00000020020400410A00400C0000002202085
:108FD0002004040002000900C00000000204082070
:108FE0000840834010029020001000200021080457
:108FF000000810400000000400C000040000000051
:1090000001004083050000210082010000030000F0
:10901000A1108800400000A1000000408405020368
:10902000A1009011C000A00900050820082011101F
:109030000420008000080300009040032010091065
:10904000C04008852084081003C00208A102210442
:10905000880821082084080208A0081009C0002000
:109060002040088208004000009009840820211058
:109070001010080040102004002020000004000010
:10908000A19041044121098402000090839084044E
:1090900080020200A0090411028200A08240A08484
:1090A00003C041C021C009C02082040009C00011D2
:1090B000029010100208412090A1004104C004C099
:1090C00010042010840410400440101040040408D0
:1090D0000890020490881002820882114004C01097
:1090E000008801000800000900004009C00008894C
:1090F0009000201100000808088500801108004138
:1091000000000200002120200040831120202010B8
:1091100010051005400010020008000300000200C6
:1091200002418804044084404000000540100000D3
:10913000902001088400040504800940C090910536
:109140008503A104850503A0910421880510A105CC
:10915000C08291A004A041080209801040A0A14152
:10916000080341208520C08202A183100010A08541
:1091700020100082110880050809C09010850403A2
:10918000808400000888098888A0091109A10004CA
:109190008008091003200002009120040305000844
:1091A00020020900080500898004090090830884D2
:1091B000800041C01103040880081110402140883C
:1091C000211111041190830004084000A1C0004047
:1091D0004041820204A1C011A0900090100285407D
:1091E00082090120100983C02004001040C110C171
:1091F0000341C0A004A00004081100082102850852
:10920000210820C000000182820888889120028302
:10921000040920C1008840910084400800908541E5
:1092200000889141008800A10002A0059190914121
:1092300000A1828800C188400141400004400140F3
:10924000001102890091880120A19010C021040220
:109250000500118308C1209188021020890410059F
:1092600011020502C0080320C010C003C010400452
:10927000A10002210488C0040201020211C00940B9
:1092800009A0110884C000008240C191C0899102E8
:109290002003C110412184829000410908009101FE
:1092A00088410889090309018208408805080500EA
:1092B000A0C090A08800A00000210011000502417C
:1092C00000A00382094183010208820221058890DF
:1092D00084820802A00582A0410308C1830441A141
:1092E00084A0404008902103408211210482910310
:1092F0000280040304852100109104044184039139
:10930000209005218582C005000009912103C090AD
:10931000898091C108909005C1A040001041800251
:1093200003040082888985040909008009800504F6
:1093300089088200050203021120088308040984B9
:1093400003410280C0A185C0C10284A1A0094111CE
:109350002005C188A009108290102109A188214010
:1093600004030889A12105902089840090A003208E
:109370000809A008204000082040104008202008CC
:109380000020849003842105400200000309210885
:10939000C08808904104C02083040811A1408220A5
:1093A00010C1408480200041050480C000408083BB
:1093B000008480900802A003218390A009894121A4
:1093C00020020805A0082009858808C04108C1407E
:1093D0008410891109101108041020892002A0119D
:1093E000C00220C020200811824141A00220A0A17B
:1093F0009183218482410000002084A02001C100CB
:10940000A001200104A11102028421A0000088C053
:10941000828388A0C1A000A0A011100211A0410168
:1094200088088984C0892000088301050210400053
:1094300088088284888985048800A0840888A0C060
:10944000000489032182050401001008848240047D
:1094500090419005C021820541100291081008C179
:1094600010902011418240C0A09010A0401082C0F6
:1094700088408804094110004009A000A008C108E4
:109480008482C020110085030441A00040820000B6
:1094900082C184119089C0A18404084110A083096D
:1094A00085000888A100000882000310C0002090F9
:1094B000854188100120059085C1A0C00402018962
:1094C00009A0889008001000851009048200888295
:1094D000102020C1098404A10303A109820200C154
:1094E00085A090091082A091848009401120858276
:1094F00084081188048821A0200489210205000025
:10950000209105000490A021884120C0080283001A
:109510000000C0021109918811A182A084848408EE
:10952000218383104010A0204000A01188800900F2
:10953000C0009003838002801004A0C091410541C7
:1095400005C0C080080891040908918021034004E7
:1095500010418182000BD00006001200000B902009
:1095600081501182000BD0000A608241000BD000B4
:1095700000811242000BD0000AC80A00000BD00084
:1095800006000A00000BD00000008181000BD00013
:10959000420000000A50000BD0000A008200000BBD
:1095A000D00000600A50000BD00000000A50000BF1
:1095B000D00011000660000BD00021008181000B5B
:1095C000D00000840050000BD00042004100000B8E
:1095D000D00021007E7E42426960292066F6660640
:1095E0009FBD9F24CB3D4A193C3C0F0F5ECB1C4ACC
:1095F000FF0FFFCC00007F106FF6600600000F66C3
:109600003C6F3C0970734043CF0C3C3CBDBD2424EF
:109610008F0F2F0F0000C300FF3C6A660000060694
:109620000606060624000000000090000081FFFFEF
:109630007FFF66666666FFFFFFFEFFFFFFEF080025
:109640009900F7C73707BD9FBD06CFE70CE7FFFFBF
:10965000FFFF08000000CF0CCF0C6060000066F632
:10966000660606BD0624892508016666FF00468950
:109670000408F00033000000BC2C6F6F6060000035
:109680000F663C663C0070734043CF0C00009F06A1
:109690009F068F0F2F0F00007272727266660000B5
:1096A0000E0F0E06060600000010000190660081F5
:1096B00000004000666627660001000000000020F0
:1096C00000009900F4C43404249F2406CF240C2401
:1096D000BFFFFFFF000000000000000000000000CE
:1096E000000000000000000000000000000000007A
:1096F000000000000000000000000000000000006A
:109700000000000000000000000000000000000059
:109710000000000000000000000000000000000049
:109720000000000000000000000000000000000039
:109730000000000000000000000000000000000029
:109740000000000000000000000000000000000019
:1097500000000000000000000000F000F0FF009991
:1097600066FF42427E7E7E7E30F3FCFC24E70038BA
:1097700000FB0FFF6C6CC2CEF2FE00FFF0F0F06653
:109780003CFF0000000042FC7EFCF030F0F30000E3
:109790000030F0F03C3C60FF62FF00004C7C4F7FEB
:1097A000003CFFC300000000FFDBFEFEFF0CFF0CCF
:1097B000FFFF3636F000F0FF00F00FFFF000F0FF83
:1097C00000F00FFFFFFF0081BDE3FFE3303F303FBC
:1097D0002424BDBDFFFEFFFFFFFFFFFF663C663C8C
:1097E00078787878C0FCC0FC424230F3C0C024E7EF
:1097F000002000E300F06C6C020E323E66663C3CDA
:10980000F0663C00C0D9E4FD42C07EC000C0FFFC51
:10981000C030000000FF666690FF91FF00004070BE
:1098200043730010908000224466FFDBDADAFF0CFD
:10983000FF9C00003636F000F0FF00F00FFFF00054
:10984000F0FF00F00FFF00000081BDFBFFFB0606EC
:10985000F6F690F690F6FFFFFFFFFFBFFFFFA08632
:10986000507CA190000500860CE003B00085A08626
:1098700050FCA3B00085A08650FCA3B80005A086CC
:1098800050FCA3B0000500860CF003B00005008674
:109890000CF003B000A5A08650FCA3B0008500002A
:1098A00000860C340180000000860CF0A3B0000597
:1098B000A58650BCA3900010008600FC03B00000F9
:1098C000008600BC03900000A0862CBCA398000575
:1098D000A08E00FC00B30000A10650F0A30000051C
:1098E000FA0AFA0A00080000AAFFF03C441477D7ED
:1098F0003CFFF0AAF5F5303F3F30FAFAF50F305C47
:109900004B4BFFAA35003500FFFCFF0314BE3C3C67
:109910003CF0FFAA00000000F7A2752000C2000082
:109920000000B23C3C3C000400003C3CBEBE3C0C91
:109930003CFCFFF000F0000FF0FF050004000F00FA
:109940005500FF3CC300000FF0FFFFF000F0003CAB
:10995000C3FFFFFFBFFF00300F3F03000000003CCC
:1099600000553F3F303000000000AA00F03C441496
:1099700077D73C00F0AA0505303F3F300A0A0500C2
:10998000305C4B4B5500000000FF0300FC00287DBD
:1099900000FF3CF000AA0000000000000000FFFFF4
:1099A000FFFF00003C3C0000000000002C0CBEBE8D
:1099B0000030FF3FFFF000F0000FF0FF0500040053
:1099C0000F005500FF3CC300000FF0FFFFF000F058
:1099D000003CC3FFFFFFFFFF00300F3F030000000C
:1099E000003C0055FAFA505000700F7FAA007D2805
:1099F0003C0F0055FFAA00AA3C0F3C0FBE82FCFCA6
:109A000011DD417DA435A430A4A50405FCF3C030CC
:109A100028AF5F28A0A0AA003FFCFCFCAAF0AAF097
:109A20000055005500003A3AF0FF3C3C3437004105
:109A3000F0F02D2D2D2DAAAAABAAFDFFFFFF0040AF
:109A4000000055555555AAABAAA8FDFFFFFFAAAACD
:109A5000AAAA5555555500000000FFFF0000000060
:109A600000000055000FF5F5A0A000200F2FB4B4A2
:109A700050500F00553C3CF03CF00055FF55BE8265
:109A8000C0C011DD417D04350430A0A10001FCF30C
:109A9000C03028050A2855001414300C0C0CFF3C6B
:109AA000003C0055035700003030505F3C3C3C3FC9
:109AB000004133330055AAFFAAAAA8AA010000005A
:109AC000004000000C00FC00AAAAAAAA080000009E
:109AD000AAAAAA3A551755550000C300FFFF000077
:109AE000000000030055000F8000040804820921D3
:109AF000001004200400040440411141824111A0DF
:109B000010200021202002400485002120208021F7
:109B1000219104C104050404000504210405042066
:109B20000002000000001108000002900020040064
:109B300011C10420048880C00440022004904040E9
:109B4000208911A0008800C00420910080900408A2
:109B50009002044000900040802191888208800893
:109B60008220A010028204A0A0C0040011200240A4
:109B700088A002000280020002800104040405A003
:109B800000020100002020A0820001040020908437
:109B900020208204200484A0008020A0000482C031
:109BA000C080000000009003024000C0000000C020
:109BB0004000A020004121000200000000008800B9
:109BC0008800002088008200020002100200084085
:109BD000900005800000000888001008100011C0E7
:109BE00010A011C008890008850004050204104077
:109BF000052080020020A010040408202008C08452
:109C000090412090844010104000200421208010BA
:109C100004A010900020102008C0212010200090E7
:109C20000000A1202020002080202020000004022D
:109C30008410088480042020000800000020804058
:109C4000052084C000A02010A0A020002000024019
:109C5000002040C10002000821C003404008210844
:109C6000002000020010C021C0208820100803211D
:109C70000200A0A0201020800308219040104088FE
:109C800020410384012021900108821004880221D0
:109C900002210503401082900010021000100810ED
:109CA00000090010021000900090209105900080A3
:109CB00090200508400004A000090010901000103A
:109CC00020100010202004100120051091211121E6
:109CD000409000202040201090022020009005108D
:109CE000041004880820040804820810080204A054
:109CF0000000004103050440809080851189200800
:109D0000841009020211091000400840211121832A
:109D1000208810040204008421024084410204A02F
:109D200004408410048220840002008440000088E3
:109D3000000000100002208200C009100403048407
:109D4000028203840590008409C0080800084010BE
:109D500040848241214041A0218200020884828502
:109D6000A11100004000108200A14000C0038484C3
:109D700004101000A0A004A0048904084008900862
:109D8000844041020211214084049084848584042B
:109D9000A00400218483C0C11009A0040211A041C5
:109DA00083050983030409058520102000000404AD
:109DB00000050080824008088302081000418320CB
:109DC000004188089021000088080002001004412A
:109DD0000420200403C08490040288020020104163
:109DE00003400890040290020800A00211090882B2
:109DF0000440C121409010040404088890044104E8
:109E0000029082014091042082034008C189A0C0D1
:109E100002204000210300084100A14021408800A9
:109E20002001088202A10000020420C040000200BC
:109E3000100002000000A004008541000000112174
:109E400010041004800203848204052085A002040B
:109E50008290020282000340C08241A0100000886C
:109E6000000503030841400104A01020008288205F
:109E7000084180090420900000000020A008108400
:109E8000001041022020090421801108118804409B
:109E900004008480A00000208802000004C1008823
:109EA00002110040204189040008A1084021C00897
:109EB000C10984100300000020A10804900284005E
:109EC0008204048000822005901104820421041180
:109ED00082030441A000042010884108C005200826
:109EE0000211024000408240002020200090C0412A
:109EF000099085081020039104A020400940210208
:109F0000204020020300400421820910A04109A042
:109F10008208000310400003214004C0080210041E
:109F20000084000511200004109005411020094014
:109F30000000030000880340000000000582054087
:109F40000284008284C0000200C0000809A005103D
:109F5000040811C008824082001084404010411063
:109F600041C002C0101085880988A0090011414035
:109F700000028485104100200490A110201110904F
:109F800010C040824040900904098811A02003C0FD
:109F900020032111A004A184A0204041010204114A
:109FA0002011840988200080000010418220A0A098
:109FB0002008840388080021400000408820001108
:109FC00000218808000905098809A005C0208841EA
:109FD000A003910520208804042140000280200075
:109FE000082102100300A00502034020028284021F
:109FF000048884110920850884A1A110200840103C
:10A000004000200841028402110802C040C003C180
:10A0100090C0820421010340410002100410080096
:10A020004008410400C041A01108410910840040CB
:10A0300010400820A0042090100883C000001140A8
:10A0400004020420092000A021C04120410020205A
:10A050000091410080882010C18441082120A1C1C5
:10A06000200041A00384000040000440088400C098
:10A0700041C040C004850408888890830984022078
:10A08000C0408808048500052100880001410100C6
:10A09000884003030500004010001000910090006C
:10A0A0008804C00082848209A0114000044000405E
:10A0B0000000908000800380010320000202000065
:10A0C00000200511400840A0C005880500090421B2
:10A0D000010890208400201091210400880000A134
:10A0E00002400211C00004219010851088804103B5
:10A0F00000032021C12104080188090905208241AB
:10A10000831104C084A0094110901084C000908283
:10A1100080A14011099180C12040000420048511D4
:10A12000000380090200000000030009C080808055
:10A130000083040982800080000300092100800060
:10A14000000000830809008080008083008920804F
:10A1500000008003008900000000000300890080E7
:10A160000000110590C10005050400111109210529
:10A170002041110320118441030911A0A0C08021B6
:10A1800010A00205A103200800050041090282A0D9
:10A190000340904184C002040804C190208910400B
:10A1A000040802A1A005108200A0049100850940C6
:10A1B00010081009841140080008004120051040D3
:10A1C000888200000011019140C0022004A1900388
:10A1D0000010009010210003408290200021000315
:10A1E00090108820008890A008210088209040903E
:10A1F000C1910191890984000985018291821184AC
:10A20000088300C0A0020900820304C0102040049B
:10A21000C0C088C0000341910520000404A0098447
:10A22000900289038811C000081009900420A00042
:10A2300089A0C105002000A0054001C11041020015
:10A2400021C01188000020A0100089008901A00110
:10A250000200A14085A18200100003848901A08230
:10A2600082002109110110A084C00103C1C01001A6
:10A270008209820889910821401040054120008907
:10A28000A08900898385880388052005C09185A061
:10A2900084A010A102212120040320A00321908387
:10A2A0008408048820820021801180800304808437
:10A2B00000002100030900820080A100038980843E
:10A2C0008021040003200000008080042100030995
:10A2D000000200002180830900008000A100030922
:10A2E0008080000021048309110980042005038374
:10A2F00088200883100003910584118811910300C0
:10A30000058803022108832011909040088341A012
:10A310000503A021411020119100C08040048088D5
:10A320000389A121902109050080A100850980836E
:10A33000000021802089000380000380050980033C
:10A3400000009000A0898083000000008000008948
:10A350000083000020808589808300008000A08920
:10A360008083000009002089008383C103A100C10C
:10A3700083840409212189028404111105910810A4
:10A380001103022121110885028320A02088A10445
:10A3900003411088112182201040020809A0C00842
:10A3A00082101108100308C008850408408241A1EA
:10A3B000820900822004101184A10202010801A177
:10A3C000042100820908408502050000A0408800A1
:10A3D000848582892082C140A00304410040880016
:10A3E000A1851089A000098883850089852000C087
:10A3F00082C0888200020803020310030490200236
:10A4000091088311010120A1091009834009859158
:10A410009001C0050889892111048989C08420031D
:10A420008384A0094008041102114121C1848403DE
:10A4300010002008C18911822008A082098484822A
:10A440000200C005918984A0110020A1000085416F
:10A450008402A00000218588C1A00400C0028541BB
:10A460008802830000208584888284000082080896
:10A4700088900801C141828540034008C14005859C
:10A480008491C10002910900C1030300049083205C
:10A4900010031040001089A0408390844088C18040
:10A4A00083200591C008808384400482219009881C
:10A4B00000A10000800203A10480808080800380CE
:10A4C00000000000004103030080840080100000B1
:10A4D000832100008000104183910480800000806F
:10A4E000830880000400000083208000000000003A
:10A4F00082004190C1412083A102A1919088210056
:10A5000003821111201188201111901188099100E6
:10A510008241000BD00041000660000BD000838117
:10A520000A50000BD00041C40A50000BD0000600B6
:10A530001242000BD00000481242000BD0004250E3
:10A540001242000BD00042008241000BD0001100EB
:10A5500000000A50000BD00000001160000BD0007A
:10A5600000002184000BD00000000660000BD0002A
:10A5700006004188000BD00011500B60000BD0008A
:10A5800021000660000BD00000600650000BD000D8
:10A5900000000F55555514BEAFAF0F3CFF55505F2F
:10A5A000FCFCF5F50CFC00FFFF005C3C5C3C000093
:10A5B000C3C30000FFFF000000FF000000FF000019
:10A5C00000FF0000FFFF000000FF00000F0F000071
:10A5D00000FF000000003C3C000000FF000000FF06
:10A5E000000000FF00000F0F000000FF00005555A5
:10A5F000000000FF00150005FFCFFF7D00000000F8
:10A60000C3C3C3C3553C3C3C535FC3FF00040000BD
:10A61000555900040F55555514BE05050F3C0055FE
:10A62000505F0C0C05050CFC00FFFF00355535553F
:10A63000018301830000FFFF000000FF000000FF16
:10A64000000000FF00000000000000FF00000F0FEE
:10A65000000000FF000000003C3C000000FF000084
:10A6600000FF000000FF00000F0F000000FF0000CF
:10A670005555000000FF00100005FFCFFF41C0FC52
:10A68000003CFF00F0F0550F0F0F505C003C000045
:10A69000000000000004FB79BA38BEBE14143C0070
:10A6A00000002F2F0F0C3C3F3C303F3F3030F55027
:10A6B000F55FFFFF0000FF000000AAAA0000FF00F6
:10A6C0000000FF000000FF000000FF000000FF008E
:10A6D0000000FF0000000000FF000000FF0000007D
:10A6E000FF000000FF000000FF000000FF0000006E
:10A6F000FF00000000FFFFFFA000B0000082C3C306
:10A7000000AA00AAFF0FBE8E3C3C3CAAFCFCFCAA9F
:10A71000000C000C3C3C1428D3519210FA50FA5013
:10A720000082008220200300FFFC000CAFA0AFA03D
:10A73000FFCFFFCF04080408FF000000AAAA000012
:10A74000FF000000FF000000FF000000FF0000000D
:10A75000FF000000FF0000000000FF000000FF00FD
:10A760000000FF000000FF000000FF000000FF00ED
:10A770000000FF00000000FFFFFFE000F00000828B
:10A780000082008E00AAF000B282F0F0F0AA0C0C59
:10A790000CAA555D000CFCFC54A800860CE4A3B880
:10A7A0000005A08650FCA3B00085A08652FCA3B88B
:10A7B0000005A08650FCA3B00005C0C6C0FC33B0A5
:10A7C0004903C0C7C0FC33B04903C0C7C0FC33B0A5
:10A7D0004903C0C7C0FC33B049030000C0C7C0BCB8
:10A7E00033904903C0C7C03C31B04903C0C7C0BCA7
:10A7F00033904903C0C7C0BC3390410300860CECC2
:10A800000310001000820CFC01B00010088604FC4C
:10A8100003B20010000600D4030200107878000094
:10A820003C553C55EBEBFCC0AAAAAAAABEBE82824C
:10A830000CFC0CFCFFF03A3A7D7D0CCFFFFF3C3C5A
:10A8400000AA55FFFBD3BA92102CBF7C1F001A0040
:10A850001C5D9EDFFFFFF73400FF00000000FFF0EB
:10A8600000F0003CC3FFE3FF203CFF00FF00FFF0CF
:10A870000F00003CC3FFFFF00F00000FF0FFFF0FC1
:10A88000FF0F00F30033300000000A5F0A5FFFFF94
:10A89000FFFFFFFFFFEF00000000000F0F0FFA5057
:10A8A00000000F000FFF2828FCC06AAAAAAAF330F4
:10A8B000F3300505F5F50F003A3A41410CCFFA5057
:10A8C000FA502D2D2D2D79513810102CBF7C1500EC
:10A8D000100008498ACBFFFFA22002FF0000000001
:10A8E000FFF000F0003CC3FFEFFF2C3CFF38FF00FF
:10A8F000FFF00F00003CC3FFFFF00F00000FF0FF60
:10A90000FA0AFC0C000C00333000FF5C1414BEBECD
:10A91000FFEFFFFFFFFFFFFF20000000000F000020
:10A92000EBEBF3300A7D5F7DFFB2C3B2553C0FFF06
:10A930003CF0FFAA5AF05AF0023E003CD0D3DCDFD4
:10A94000BF1FB51543734F7FEBF3EB3055FF1E1E52
:10A950000003000055AA55AAFFB455B455555545F6
:10A960000000AAAAAAE8FF7FFFFFA0A0A0A00055B0
:10A970000055AAAAABAA3CBC3C3CFFFEFFFF5C3CD6
:10A980003C3C00000000171700000000000282801D
:10A990000000FFFFFFFF00000000303000000F0F3D
:10A9A00005052828F3300A285F283CB200B2553C40
:10A9B0000F003CF000AA5AF05AF0000000001013FB
:10A9C0001C1FBA1AB01040704C7C28F3283000AA23
:10A9D0001E1E0003000055AA55AAAAB400B41455BF
:10A9E00014550000AAAAAAAA002000002828FF00E7
:10A9F00000550357AAAAA8AA3C1C3C3C000400002E
:10AA00003C3C3C3C00000003171700000000000025
:10AA100082020000EFEFFFFF8000000030300500F1
:10AA20000000050540840082400088032000844126
:10AA300082A104A08010A021A021A00404900240C3
:10AA40000040044020410211024000A000400204E6
:10AA500002200209000002200421212000C004205D
:10AA60000220212000800420210141A0401000107C
:10AA7000004100000320A0840410201084A00220C4
:10AA80000211A00104830490049020400090022051
:10AA90002111802004110408849020A002080310D2
:10AAA000842102A0214102044003000220A091025F
:10AAB00021840340892004092184218421C002408B
:10AAC00000080202040005C0904090002040C041F0
:10AAD00000008589000402400004002000000000FE
:10AAE00090804009001000C00040001004000000E9
:10AAF000000000A0000004902000200902002000B7
:10AB00000311039005202004000002009000C00003
:10AB10001100A0100200A0408400400300210000AA
:10AB20000008021000030040802080000908A040B7
:10AB30000240A00402092000A1A082042010408449
:10AB400010042002202020102141800309C0A00908
:10AB500020084020024000032020841104C0A020CF
:10AB60000420002004402020000000108202004049
:10AB7000048220902000002000A0008804020088A9
:10AB800000080000202000004040008840201020E5
:10AB90002020004000C000400002800220882020C9
:10ABA0008000002040400820400402C1040004212D
:10ABB0001011211021900140A108200821A1A1100D
:10ABC0004121208001108390C12140A0202020003D
:10ABD00003200121009005A10020019021400310D5
:10ABE00020100090021041900588000020410908C3
:10ABF00000119141012101100488C0200041091079
:10AC00000408201000080510902083A09020001058
:10AC100082100588A01100200288A0884020A01082
:10AC20000510201002219110901001880900402089
:10AC30000804404040041121A00503040804200931
:10AC40008505841010A00301400210028310418486
:10AC5000C000111004208540101004840300020875
:10AC6000099010841010404140082110000009A0F4
:10AC70002020050804844009210208A003C0090817
:10AC800083020402050200110509201004092008AE
:10AC90002010058200100840A108208409A005109A
:10ACA00004A00282850202050083004008C010084B
:10ACB000A0840083A021108284840584409010C069
:10ACC0008304208421021002104000051041020379
:10ACD00004080211100200900405102100109000D9
:10ACE000820400040800000588A0000000050000A0
:10ACF00000001102000083200040000010400021ED
:10AD00000021201182410800C020C0200004C12081
:10AD10000209A1101010A00521880221014104415F
:10AD200000210105054104050140824004C00002E4
:10AD30000084004003210520110090098404202094
:10AD40002041A003020085410985002004089040AD
:10AD5000850502000000050205020341024020A013
:10AD6000A000000410021020100521004004000083
:10AD700000000241080011C1000211010500A002FB
:10AD8000044002880409209000400902400210405B
:10AD900021000088202003000040000420A04190F2
:10ADA0000500008220100808100010202004200454
:10ADB00004008408888882848441C00020042183A0
:10ADC000A12121822184890820840420008002405E
:10ADD00004100240882002100011100010848582A7
:10ADE0001040040240118241C01084040000828996
:10ADF00008110000C0042105900420000020100468
:10AE0000200000828400A1204109A0410082028329
:10AE10000280021000022190882102008800C011E7
:10AE20008200C002A041C1050408200200108882EF
:10AE300000821010101041000340801100C08010EB
:10AE400082100820058203052005C00505C00340C7
:10AE500041000282C1410488102005C000880520FD
:10AE6000820441204140102010A0100041080382BC
:10AE700041A011C0000003C000C0001011840010E8
:10AE800040A005854010020204000040A000000020
:10AE900009A000C009820010041009002002081057
:10AEA00000C00910004002A10004084109824010BE
:10AEB0000008000800842004082040030204C005A4
:10AEC000200903048889041040044184208410115F
:10AED00004089040100804C041208485C0098803FC
:10AEE000A02103C14020A003108310001008C0213E
:10AEF0000008A003002100000005001000118803D5
:10AF0000C0009008C02000030010010510040403D5
:10AF1000004000030000901008050108040005111E
:10AF200002098204900402828820084140C08840BF
:10AF3000882108409003000910C1041004A011C02A
:10AF4000C1080404824002104004000210024104BF
:10AF5000900041881000C1A00240410020A004825E
:10AF6000210421002040002102851008050910411C
:10AF7000414080008910800000000208110040401C
:10AF800080C0C040002021109100402002102110FC
:10AF9000402102200000050800100000C140088484
:10AFA00004844000400000022020098511088240EE
:10AFB00000A18010048400C040A100200009050900
:10AFC00084084089418403A11141018288900209CB
:10AFD0009088021000040002020485898803412140
:10AFE000050088090408109188400140821000047F
:10AFF000C0A090A020100440020400004103822160
:10B0000090802000202000A11011200882039009C8
:10B01000840000A08480001140412010882004207A
:10B0200002204104C00084042004890490204004CC
:10B0300003820402400084081000C040900585404F
:10B04000C1050211000082091000000080038989F7
:10B0500004000000800300891000008080030409C0
:10B060008080008000038489A08000000003A00984
:10B070008400008000038089A0000000000080831D
:10B080008089028000000083900990000080000306
:10B090008089000080009183A020C0042140828527
:10B0A0000889000009058309A11010A0C1108203BE
:10B0B0000821850209C00303834191020940A002CF
:10B0C0004091419101C0400288C18882A00204A140
:10B0D00005A10810001008C1841111880008880318
:10B0E00089C1048888C000090241C0200004000111
:10B0F0000301C00000102003820521400008000069
:10B1000002211009010400C000058341C08890029B
:10B110000021A003409020902003A141212140095B
:10B1200041210121208289902008900882218340BA
:10B13000A189400502099003A1219088020990216C
:10B14000C104A0208405050090050104A0828309A4
:10B1500088208901088811890211090020C0C111C5
:10B160000410C000C0040502C091A100C020C101AC
:10B17000A0200300880841091041A0001182A1000D
:10B180000000A004C000900009009008210008827F
:10B190000503040083000240910108840988210509
:10B1A00011822082208883C19100A10111009102A7
:10B1B00083210020110821822101048290088984C2
:10B1C000210108001004208588110083411080842B
:10B1D00003890000C120800083890084C1400000F1
:10B1E000038980008000000083C10021410000002D
:10B1F0000309000841000000038900C0000084002A
:10B2000003000000000880000000034000A0C1000F
:10B210008080838980004100800003099008A0217C
:10B22000040303218080808805820900A102C140B7
:10B230001080840910C1A19002828304890041908A
:10B2400002050302414191C01089904000009080A6
:10B250000889800300000280088980030000A18023
:10B260004009008380000800040980038000110069
:10B270000089800300001080008900030000400066
:10B280002009000300800080008080898083000006
:10B29000208082890083000000008289008383214E
:10B2A000102000844083802140A1A08200900400EF
:10B2B000800841090488C0210020108402831109FC
:10B2C0004141040240834090822008840802822089
:10B2D00005A0A185108540A0C12003212009009070
:10B2E0000440A08908A1889001200189A09110A0A4
:10B2F000A088008510890090004010850889001002
:10B30000088802C1100300800004C02040A102830D
:10B3100000A0A0404085084140004000A085C01129
:10B32000210588059085A18382008802A085C089B7
:10B330000090A08920910083059184010185838973
:10B34000A008411091A14083204088014101890457
:10B35000A0410802831011888982849088409082DD
:10B3600083C00440048410A10584A10882C00200A7
:10B3700085880308020010A08989C14020000202CC
:10B380008989C1108800C008008005890310020067
:10B390004010110002082000840285892108000065
:10B3A000C0888540850241848309844188820400E5
:10B3B00001898821408408022008919189838510A1
:10B3C000048891A010C101100308838904100210A1
:10B3D000C041218902800200218003910000808009
:10B3E000108009C180000080800483822100001049
:10B3F0000000838004008000000003C004000000FF
:10B40000000003C0040000000080008003C00404AA
:10B41000000080808302800000000900838804808F
:10B42000000000908310208904051084A1A0A100D1
:10B430008305108800910020008000100341A0C106
:10B44000844041100303C141020982101182000BA4
:10B45000D00007008241000BD00041841141000B55
:10B46000D00041828181000BD00000008284000B5B
:10B47000D00000000A50000BD00000000A50000B62
:10B48000D00000002184000BD000820000000A5090
:10B49000000BD00000002184000BD00006410A847C
:10B4A000000BD00000000000000BD00011410A503A
:10B4B000000BD00012002184000BD00000420A00D3
:10B4C000000BD00082840600000BD00021007EE734
:10B4D0004EE4EF6ECB4A3F3FF606FF0000003C3CD7
:10B4E0000000FF000000FFFF0000FF000000FF0061
:10B4F0000000FF000000FF000000FF000000FF0050
:10B500000000FF000000FF000000FF00000000003E
:10B51000FF000000FF0000003C3C0000FF000000B6
:10B52000FF000000FF00000000000000000000001D
:10B53000FF7FFFFFFFFFFFEF00000000F6F6FF00B8
:10B5400000000000000000000000000000000000FB
:10B5500072274224AD2C89083030F606FF00000027
:10B560003C3C0000FF000000FFFF0000FF00000067
:10B57000FF000000FF000000FF000000FF000000CF
:10B58000FF000000FF000000FF000000FF000000BF
:10B590000000FF000000FF0000003C3C0000FF0036
:10B5A0000000FF000000FF0000000000000000009D
:10B5B000000000010000000000200000000006065E
:10B5C000FF0000000000000000000000000000007C
:10B5D000000000000000000000000000000000006B
:10B5E000000000000000000000000000000000005B
:10B5F000000000000000000000000000000000004B
:10B60000000000000000000000000000000000003A
:10B61000000000000000000000000000000000002A
:10B62000000000000000000000000000820804008C
:10B630000010884000000000000000000000000032
:10B6400000000000C208040000108861C208040065
:10B65000001088613CF0F0662038627A00FF00FF3D
:10B660000000F0F0000000FFFFFF0F0F000000FFE0
:10B670000000F0F0000000FF0000FFFF000000FFEE
:10B680000000F0F0000000FF0000F0F0000000FFFC
:10B69000000000FF0000000000FF000066660000E0
:10B6A00000FF0000F0F0000000FFFFFF0F0F0000A0
:10B6B00000000000000000C33CFF00FF00FF00FF8F
:10B6C000F0FFF042F07E00000000000000000000EB
:10B6D00000000000000066F0F03C40C158D900FFB7
:10B6E00000FF0000F0F0000000FFFFFF0F0F000060
:10B6F00000FF0000F0F0000000FF0000000000006C
:10B7000000FF0000F0F0000000FF0000F0F000007B
:10B7100000FF000000FF0000000000FF0000666660
:10B72000000000FF0000F0F0000000FFFFFF0F0F1F
:10B73000000000000000000000C33CFF0000FFFF0D
:10B7400000FFF4FFF042F07E000000000000000067
:10B75000000000000000000000860CE4A3B000051B
:10B76000A086C0FC33B44903C0C7C1FC33B4414315
:10B77000C0C6C0FC33B04903C0C7C0FC33B04903E6
:10B78000C0C7C0FC33B04903C0C7C0FC33B04903D5
:10B79000C0C7C0FC33B049030000C0C7C07C331031
:10B7A0004903C0C7C0FC33B04903C0C7C0BC339015
:10B7B0004103058604F000320010008600BC0390AF
:10B7C000040000060CFC0330000005860490039280
:10B7D0000010058604F0033200103FFC300C040E0C
:10B7E000F4FE3A3AFF0F140A140AFF3C003C4141B0
:10B7F0007D7DFAFCFA0C010115150F0F3F303C0C52
:10B800003CFCFFC9360014CFD7CFBEFCBEC02D2DE7
:10B810002D2DFAF950907D037D3F0000AAAC3C3AF3
:10B820003C3CAAAFF5F5BE1400A02020FF3C003C34
:10B83000FFFF00FFFFFFFFFF0F0F28AAFFF00F0021
:10B84000000FF0FF20000000FF5C5C5CAFA03F3009
:10B8500000D7FFD700C30000FF1717173FFC300CBD
:10B86000000000003A3AF0000528AF7DFC3F0C30A4
:10B870000CCF0CCF0AFC0A0C0141155500003F30DB
:10B880000030FF3FFFC93600140CD70C82FC82C089
:10B8900000AA55FFFAF950904103413F0000AAACBD
:10B8A0003C3A3C3C0005A0A0BE1400050404FF3C4B
:10B8B000003C000000FFFDFFFFFF0F0F0082FFF0C4
:10B8C0000F00000FF0FF00000000005C5C5CAFA008
:10B8D0003F300014FF1400C3000000171717A03FEB
:10B8E000A0307D7D05AF0C0A0F00FF00FF003C3C3F
:10B8F000F0F0091B8D9F3B0BCE0E41550A0A000349
:10B90000FFFC003FC0FFF5F6A060807F00FFC3C3CF
:10B91000C3C300AA55FFFF00F0F00505303F00004B
:10B92000EB28EB2803033F3FFF7DBE3C00AA55FFF9
:10B93000FFFEFFFF75555555200000000000FFFF7A
:10B94000FFFEFFFF7555555500000000FF17171744
:10B95000B4B4FF00A0000000FFFFFEFFFFFFFFFFE9
:10B96000FA0C0A0C282805AF0C0A0000FF82FF0021
:10B97000AAAAFF00001284963808C20200140A0A1C
:10B980000003FFFC00C03FFFF5F6A060807F00FFD2
:10B990003C3C3C3C1E1E1E1E3C3CAAAA0CFC050561
:10B9A0000000F3F33030417D417DFCFCBCBC1E1E29
:10B9B0001E1E004000004555555500000000350092
:10B9C00035000002000045555555004000000017A5
:10B9D0001717B4B4FF0000000000FFFFFFFFBFFF18
:10B9E000FFFF02C000C104080220841000080021EB
:10B9F00004A1202020A0200920110209210202090F
:10BA0000049104C020A0200011080221A0202010D1
:10BA10008421049004A02140021004200041202031
:10BA200004080000110804100400210882A080A06E
:10BA3000A120C10004C004C003A003A0042082050B
:10BA40000820002100200408048804C000A08220EF
:10BA500011210020040804900021024080A1201040
:10BA60000390410940000020000201000420C000B2
:10BA70000020900404400400042000200020042042
:10BA8000052020209010000504029040012005218F
:10BA900001A020202003820300A1902000090020A3
:10BAA0000000000500C0040001000100000020208B
:10BAB000200020A0200010000000C00000090000AD
:10BAC0004190008004C000000020080000200020F9
:10BAD000030400400009A000000000400080042092
:10BAE00000000000002004000004009004844101D4
:10BAF000000000028908009100202000802000043E
:10BB00002090048400200401848220200020114021
:10BB100004C11188020200202040048300419020CB
:10BB2000080800200020000000102008208889C09C
:10BB3000084009202040002100880000000220A0C9
:10BB40000200801000020008008880882108404020
:10BB500002C040080040110400410020414000089C
:10BB60008402050040C10040A12188101010A110DE
:10BB700002204000202140A0002000880111400840
:10BB800088A10121012100A00140031021A0009003
:10BB900004C1A140004120081010119083400020F2
:10BBA00002A104000090A0C10000A011011001102A
:10BBB00020100400A01002C120208821A010041031
:10BBC0000410011040208221840000100410821013
:10BBD000001001030010201004102040001020105D
:10BBE000002102080040024020830200202021089A
:10BBF000A10811000804024008822010081040101B
:10BC0000000410402000041020842084000205104D
:10BC100010C000A111100408401005A011208210CE
:10BC2000044021C00302210021C0008000C00502A1
:10BC3000808410C00509841004002010001009023F
:10BC40000002800884201120821120042108088825
:10BC50000490040804C004A0A084080840844004A0
:10BC600000A0848202100408041008C0A021A0884B
:10BC7000080510410002000088A10010000000101B
:10BC8000A003C08300900040900000088208880351
:10BC900000408440A004002185100009000484882D
:10BCA00021034109201010418803000900000021F0
:10BCB000A0210404C0210020050011101010020072
:10BCC000400820080440218890881104A1901009A0
:10BCD00084000005820083088908044000052010C4
:10BCE000000500210210010401030100840210403C
:10BCF000908420082083020000080082824009907E
:10BD00000240048210C020000809048882402021DB
:10BD100011080040918485840088058941820904C6
:10BD2000000021A091002004039100018800000080
:10BD300089081000214000020040080011209100F5
:10BD400011012083000020000301008510884002BB
:10BD500000880400400508401182080411000440D6
:10BD60000582000009821002028210A01101004029
:10BD700000800200002010200100A01100100482A9
:10BD8000820200800305100000200020200320080C
:10BD90000004880540412000200200080010000532
:10BDA000088090098402202100118204000402020C
:10BDB000008020040002C01188050080101100419D
:10BDC0000202000404048204002000044002000077
:10BDD00002850000830341022003901000028208C4
:10BDE00090C10041000908080011212188418820E4
:10BDF00002A1C008080205084004000890200504BC
:10BE000011830520C100414009040083030200C0E2
:10BE100004C00810214008A02140049041C020C067
:10BE20000340032041C0218403080004058510C09D
:10BE300040840000210200C02102080200C000402E
:10BE40000982084005000420050020040500400088
:10BE50004188204041C01000090004000882009081
:10BE60001000C18300890890104041A00202030223
:10BE700008021104042040000204000504030480A9
:10BE8000401000200085040400820211C02090416F
:10BE90008410C01000408400902000828341000381
:10BEA000000388000085000010401005009000206D
:10BEB00082400020000084110000C0404020C040AB
:10BEC00040080000881100080980001184804000AB
:10BED00021218800400220110000002141000203BE
:10BEE000040500410220881001088880000221001A
:10BEF00008118808201020100082820840051104D3
:10BF00000010109002900008009002400001118281
:10BF1000204003040290080041A1A040112020828B
:10BF20000282200241C1C189200808082082408382
:10BF3000C0A000904104000084000090100800049C
:10BF400082A0000202840984A0A041840841C0901C
:10BF500011022182200811000984C0C00890898440
:10BF60001002040003824004000088C01100202059
:10BF700004C0410010080082000000000500048297
:10BF8000900000000400000800210040080040402C
:10BF9000000300804080404008024020040402006A
:10BFA000000800000010C04002200008A00440204B
:10BFB00082200200C00200800000200290000209DE
:10BFC00000002009042190090421200088030004B6
:10BFD00004008220000000004000000404400041F2
:10BFE00004000020040040000402880008024041D0
:10BFF0000009000900400000880500A01005410567
:10C00000000891118308A041414183A10888880854
:10C0100008208003840941000000800309094000D2
:10C02000000080838089C1000080000388098000AF
:10C0300000000083C0892080000000000003100978
:10C040000280000080830589C10000800083108980
:10C0500000800000000302A1050405820003408463
:10C0600080C109112083049000C10040050321A074
:10C07000910900200003050889820400A04103847F
:10C0800091C1000302C10821048301200508841125
:10C09000118900A108C1C0090904048204918585A1
:10C0A000A12000904083400508820008000508890F
:10C0B000020804040041A109054000C0000002C1BB
:10C0C00040C1011000A020110303038200080005F5
:10C0D000010390C000200489084002A000C100A113
:10C0E0000002200200A001090005044100912091F6
:10C0F0008485C0040005902111844002000040099D
:10C1000041A104080909A090840002C0A010900475
:10C110002110089121200240880104108508101088
:10C12000A0010410050040100400C190A1010010FE
:10C13000040005C08501A0100800099011C100008D
:10C1400082014000091085C102840400059041036A
:10C1500020008800030003014011402120C0110984
:10C160000290040103A00300028210C02084A100F9
:10C1700084080503094083100982C0000820C10912
:10C18000890804A0828020902041831009410890F2
:10C19000410584044005020480410004808083C17D
:10C1A000088480080080830080A00000210003092B
:10C1B000008000002180830900848000A100838921
:10C1C000000000020000218083890002801021000D
:10C1D000830900000000A100830980900984911167
:10C1E000830489008203A110830484804180850038
:10C1F000030504098203218083090888C10000C067
:10C200008385080882C103040403A1040885034050
:10C210008308C1C10983092105A080008480900999
:10C220000003808003800489808300801100050959
:10C23000800380809180008900830080A0808289B3
:10C24000800300000000800090890003000010803F
:10C250000009808300808000008980832100100015
:10C26000200040820390002180A1008302050890F5
:10C2700020090083809080C00088118302891021EA
:10C280000020088389030920102111A003C088041D
:10C29000009111404002C0A0408409218204214045
:10C2A00002C1849108401108410582A1A002A08228
:10C2B000858320912040A0408805884100024008E5
:10C2C000028510910000000820208309000500006D
:10C2D000C008C00582A10020880008858889112037
:10C2E000A088C09011820820C000C085908900C03D
:10C2F000A00882A0840902104005C0A1C08304C028
:10C300000004008984110310848821C00403C1083B
:10C310004104050002C185009000028990A021100F
:10C32000028202400282A1898982028404090521D5
:10C3300004A0A0000802C18809C0A000A0000989CB
:10C3400003A0040002A00000838484048800041079
:10C3500005C04084A0840204218584020000C0201E
:10C3600011000802840090A085218888820000883E
:10C37000831041200000C00209900284410510048E
:10C380000900C10010101010A0A103080421A02072
:10C390008240840004000388C01105108920418078
:10C3A00009A080000091808003C104008080808407
:10C3B0008383008005000090038084000000000259
:10C3C0000382848080008000000003900000000051
:10C3D00009800302800000800900838300000000C0
:10C3E0000910A10509004100040083A089C10200D1
:10C3F0004180030008111000C18003A01000042038
:10C40000418083412005824041000641000BD0005D
:10C4100000001200000B900000C20A50000BD00078
:10C4200041001242000BD00011481242000BD00014
:10C4300041410660000BD0000A001242000BD00000
:10C4400000001242000BD000000000000A50000B58
:10C45000D00000608241000BD00000500660000B4D
:10C46000D00021000660000BD00000004100000B4E
:10C47000000041000000000B000082000600000BDD
:10C48000000081000000000B00004200000033FFAC
:10C490000C03CF3F1ABA10B02400240030303F3FC5
:10C4A000417DCFCF0000FFFF000000FF000000FF34
:10C4B000000000FF00000F0F000000FF000000FF61
:10C4C000000000FF000000FF000000FF000000006F
:10C4D0003C3C000000FF00003C3C000000FF00006E
:10C4E0003C3C000000FF008AFF8A0000000050D1A1
:10C4F0008124FCF0030C000300CC02CB8124030355
:10C5000000CC28B8900640F19006FC3000CC00002A
:10C5100000CC0C03CF3F1ABA10B00000A50005F5FF
:10C5200005F5417D0C0C0000FFFF000000FF00003E
:10C5300000FF000000FF00000F0F000000FF0000E0
:10C5400000FF000000FF000000FF000000FF0000EF
:10C5500000003C3C000000FF00003C3C000000FFED
:10C5600000003C3C000000FF0008FF080000FFFF47
:10C5700050D181243000C03003FFCC0002CB812495
:10C5800003CFCC0028B8900640F190063030CC00A4
:10C59000F0F0BE14FFF03A3AFFFF0000FF33CC008A
:10C5A000C302C302FB3BF838FF000000FFFF00009E
:10C5B000FF0000003C3C0000FF000000FF00000006
:10C5C000FF000000FF000000FF000000FF0000006F
:10C5D0000000FF000000FF000000FF000000FF005F
:10C5E0000000FF00000000FFFFFFFF0A3C3C000FBF
:10C5F000FFFF33000C0C22111D0C30C0C0002211B3
:10C600000C2E600980F233000C00A00A0F002222D9
:10C610001D1DF0F07D280F003A3AFFFF2C20FF335C
:10C62000CC003E3E0202CB0BC808FF000000000019
:10C630000000FF0000003C3C0000FF000000FF0085
:10C640000000FF000000FF000000FF000000FF00EE
:10C6500000000000FF000000FF000000FF000000DD
:10C66000FF000000FF00000000FFFFFFF5003C3C62
:10C67000000FFFFF00333F0C22111D0C0C03F3F0E1
:10C6800022110C2E600980F20033FF0C5005AF0A16
:10C6900011110C0C00860CFC03B0000500860CE0A8
:10C6A00003B8000500860CE4A3B00005C0C6C0FCBA
:10C6B00033B04903C0C7C0FC33B04903C0C5C0FC98
:10C6C00033B04903C0C7C0FC33B04903C0C7C0FC86
:10C6D00033B049030000C0C7C03C33A04903C0C702
:10C6E000C0FC33B04903C0C7C0BC33904103A0862F
:10C6F0002CFCA3B0486506C700A00390490000C702
:10C7000000E000B04900004700E00330490000C7E6
:10C7100000E000B0510002A207A77D3C0FFF3FAF31
:10C7200030AF0770C7737D7D28280F3C0F3CFCFCA1
:10C73000AFA00000AAAA7E7D24281E1E1E1E300A5D
:10C740000A3014BE14BEFFCC3300FF00FF00753466
:10C750006120303030300000FFFF7C3CFE7C7C7C70
:10C76000490841000005FFFFFF003C3C003CC3FFBF
:10C77000000000007D7D05AFFFF00F00003CC3FF0F
:10C780000000003C000C3000555455540CFC3C3C5F
:10C79000E8C02800FCEBC02852F257F77D3C0F00A0
:10C7A0003FA030A00440C443F5A0F5A000005555BB
:10C7B0000C0CAFA000006AAA7E7D24280055AAFFB9
:10C7C000300A0A300A0A5F5FFFCC3300FFC0FF0067
:10C7D000E9C1A88000AA55FF0000FFFF3C3C042CE3
:10C7E0002C2C410041000500FFFFFF003C3C003CB9
:10C7F000C3FF00000004282805AFFFF00F00003C35
:10C80000C3FF0000003C000C30000000FFFF05F5F6
:10C81000555500000000FCC3C0003CFFAAF0C31740
:10C82000FF17FEAB02A84101C3C3FBF8CBC84D4DB7
:10C830003CFF0C0C303005AFAFAF7DFA7D50AAFF46
:10C840002D2D0802FFFFC3FF1717FFC3B2B2F00F71
:10C85000F0F0ACFFACF05C5C5C5C0000F0F0F0F081
:10C860000FFFCFFF7D553C0000000100AAAAABAA34
:10C87000FF7FFFFFCE0EE3E02CAE6DEFFFFFFEFF6C
:10C88000555555550000F03C080800FF3C383C3039
:10C89000303F00FF000000F00F2FFFFF3C00AAF028
:10C8A00000173C17FEAB02A80001C3C33B380B08BE
:10C8B0004D4D00C3AFA0FA0A14BEBEBE28FA2850E0
:10C8C00000552D2D08020000003C17173C00B2B2A5
:10C8D000F00FF0F0AC0FAC00000FF0FF0000FAF228
:10C8E000F8F04FFF4FFFBCA0BCA000000002AAAAB6
:10C8F000A8AA00020000C2022320048645C7000047
:10C9000002005517555500FFAAFF080800FF3838E8
:10C91000303035355555000000F00028FFFF20026B
:10C9200004A0048804002090048441002000021028
:10C930002020000804200420040000080020041027
:10C9400004824008042000200404111020882110D3
:10C9500000C0110004A0000004002010030000002B
:10C96000020020100410021011C004A000C000102A
:10C9700004A041201100119011C002881108042068
:10C9800004A0040804201188009004A0021000C034
:10C99000040811C0040804A040100408212020C08D
:10C9A0008820001000030020020220000221A04085
:10C9B0000011A0412020001100419003001104212A
:10C9C00002090208022002410000A0210203900592
:10C9D00000020002000900110000000520210000F3
:10C9E00000000009000020004000020002020002D6
:10C9F00000008800A0108408000084000020A0200F
:10CA00000000000020004000A021C000C010201144
:10CA10008811002100200041000820000000820849
:10CA200004050402008200100308090200880008BF
:10CA300000201008090000900002008241901008B8
:10CA400041080082102000C020A004081108040240
:10CA500000900008090800C0410800840820410235
:10CA60000088000000A000200090000800200020A6
:10CA70002084411000880008002000A00008040263
:10CA80000082002000824182001000C0000803885C
:10CA9000008200200010000800820590000800C0FD
:10CAA0000040002000100008002100042021A010F8
:10CAB000401120210408902100104008201002207D
:10CAC00002210010841020212010C010021000103C
:10CAD0002010020890082010001000100010001113
:10CAE0000020001000009010001000210021A02163
:10CAF00000080410002000109010041000104010D6
:10CB0000C01002100010001040210808041002415B
:10CB1000004100080210A0200210C01020100021C7
:10CB200000200010001005C002A0400204C004C094
:10CB300040844020111003084008038805000508C0
:10CB40000008090204402108008209820908002027
:10CB500000C010841110030205844082214003406C
:10CB6000039005C0400800000308008441A000C0F5
:10CB700004A000824190000811824084118409C001
:10CB800002840940090004C003020402008200027A
:10CB900009020890118405844084048403840202FD
:10CBA00004400910118402080408820384108210D2
:10CBB0008810882110100840C011902110058205AE
:10CBC000A00584028210022184028408C021002171
:10CBD0001041C02010021041821000098840844199
:10CBE000C0218210820808030000404082008410A7
:10CBF0000011C01000408220C003880888419008BE
:10CC00000440400204210805A00390088810200574
:10CC10000003901000414041202088418809C00253
:10CC200008090802080510090821048421004008A9
:10CC300041A020884100202020002020090005007C
:10CC400008000000200241C02100200209041090C9
:10CC5000098810100382038210A008C00088118484
:10CC600000900510414020040384000000001040A3
:10CC700008202088050241020900020000840804FF
:10CC800000A01004050041841004200040004182EF
:10CC9000038800004100204000900200098240907B
:10CCA00020880000100040C020C0050082208408B9
:10CCB000040004202008040804200404400508415E
:10CCC00090410210C00920100441840200118241E9
:10CCD0002041C0031005A009020810022021844150
:10CCE00088008204102090210210904000008802E9
:10CCF0004009042000200003880902001002882057
:10CD0000A003840902200000020320038805844157
:10CD100020004000200240008821001140008221B4
:10CD2000000300400821820900039021C003000095
:10CD300000000900408210000300004021C00008EC
:10CD400000820040412000C000A008C00000008216
:10CD50000008050005C01088411005A0108410824D
:10CD600041A003A041020004408421A00010000063
:10CD70000000004000001000000000A000A000A083
:10CD800000C00000048800080002030000C04190B9
:10CD90000082004000A0000000A04108050040887B
:10CDA000002010A00082008405A002A005900020B1
:10CDB0000200041004039000A04090028421840823
:10CDC00088201005A01004410403844084214021E0
:10CDD000C02120080004A02190408421104110109F
:10CDE000C005100000414000C005840000038440DD
:10CDF00000000002084000404002C0410010020351
:10CE000084410040002100008409400040081021B6
:10CE10008421042090218810020510419003C0094C
:10CE2000C0080809A0020221A041C00290008803A6
:10CE300004090084009021A040A00000009004C0DC
:10CE400041904100040208A021044088098409029D
:10CE500002000000408802840040002041000020C1
:10CE6000114003000390110811A000080002208265
:10CE700000A0000010C00008000809A00000000089
:10CE80002020098420A000200090098804A000C070
:10CE90000002000800A000C0201008A000840002CA
:10CEA00002A000C0112000C021C0099004C0418828
:10CEB000088240840009C00088008400C00440410A
:10CEC0008200202190219010C01104000040904168
:10CED0001040C0042041C0102009900920090421FD
:10CEE0000411102040098420040440108803881194
:10CEF0000004C01100000420880340410203901187
:10CF0000204120092009000040008420A0210002C7
:10CF1000000988210002A011904088410409880975
:10CF2000400900002021C00482208400020900037F
:10CF30000400041100410000000000000000000097
:10CF400000000000000000000000000000000000E1
:10CF500000000000000000000000000000000000D1
:10CF600000000000000000000000000000000000C1
:10CF700000000000000000000000000000000000B1
:10CF800000000000000000000000000000000000A1
:10CF90000000000000000000000000000000000091
:10CFA0000000000000000000000000000000000081
:10CFB0000000000000000000000000000000000071
:10CFC0000000000000000000000000000000000061
:10CFD0000000000000000000000000000000000051
:10CFE0000000000000000000000000000000000041
:10CFF0000000000000000000000000000000000031
:10D000000000000000000000000000000000000020
:10D010000000000000000000000000000000000010
:10D020000000000000000000000000000000000000
:10D0300000000000000000000000000000000000F0
:10D0400000000000000000000000000000000000E0
:10D0500000000000000000000000000000000000D0
:10D0600000000000000000000000000000000000C0
:10D0700000000000000000000000000000000000B0
:10D0800000000000000000000000000000000000A0
:10D090000000000000000000000000000000000090
:10D0A0000000000000000000000000000000000080
:10D0B0000000000000000000000000000000000070
:10D0C0000000000000000000000000000000000060
:10D0D0000000000000000000000000000000000050
:10D0E0000000000000000000000000000000000040
:10D0F0000000000000000000000000000000000030
:10D10000000000000000000000000000000000001F
:10D11000000000000000000000000000000000000F
:10D1200000000000000000000000000000000000FF
:10D1300000000000000000000000000000000000EF
:10D1400000000000000000000000000000000000DF
:10D1500000000000000000000000000000000000CF
:10D1600000000000000000000000000000000000BF
:10D1700000000000000000000000000000000000AF
:10D18000000000000000000000000000000000009F
:10D19000000000000000000000000000000000008F
:10D1A000000000000000000000000000000000007F
:10D1B000000000000000000000000000000000006F
:10D1C000000000000000000000000000000000005F
:10D1D000000000000000000000000000000000004F
:10D1E000000000000000000000000000000000003F
:10D1F000000000000000000000000000000000002F
:10D20000000000000000000000000000000000001E
:10D21000000000000000000000000000000000000E
:10D2200000000000000000000000000000000000FE
:10D2300000000000000000000000000000000000EE
:10D2400000000000000000000000000000000000DE
:10D2500000000000000000000000000000000000CE
:10D2600000000000000000000000000000000000BE
:10D2700000000000000000000000000000000000AE
:10D28000000000000000000000000000000000009E
:10D29000000000000000000000000000000000008E
:10D2A000000000000000000000000000000000007E
:10D2B000000000000000000000000000000000006E
:10D2C000000000000000000000000000000000005E
:10D2D000000000000000000000000000000000004E
:10D2E000000000000000000000000000000000003E
:10D2F000000000000000000000000000000000002E
:10D30000000000000000000000000000000000001D
:10D31000000000000000000000000000000000000D
:10D3200000000000000000000000000000000000FD
:10D3300000000000000000000000000000000000ED
:10D3400000000000000000000000000000000000DD
:10D3500000000000000000000000000000000000CD
:10D3600000000000000000000000000000000000BD
:10D3700000000000000000000000000000000000AD
:10D38000000000000000000000000000000000009D
:10D39000000000000000000000000000000000008D
:10D3A000000000000000000000000000000000007D
:10D3B000000000000000000000000000000000006D
:10D3C000000000000000000000000000000000005D
:10D3D000000000000000000000000000000000004D
:10D3E000000000000000000000000000000000003D
:10D3F000000000000000000000000000000000002D
:10D40000000000000000000000000000000000001C
:10D41000000000000000000000000000000000000C
:10D4200000000000000000000000000000000000FC
:10D4300000000000000000000000000000000000EC
:10D4400000000000000000000000000000000000DC
:10D4500000000000000000000000000000000000CC
:10D4600000000000000000000000000000000000BC
:10D4700000000000000000000000000000000000AC
:10D48000000000000000000000000000000000009C
:10D49000000000000000000000000000000000008C
:10D4A000000000000000000000000000000000007C
:10D4B000000000000000000000000000000000006C
:10D4C000000000000000000000000000000000005C
:10D4D000000000000000000000000000000000004C
:10D4E000000000000000000000000000000000003C
:10D4F000000000000000000000000000000000002C
:10D50000000000000000000000000000000000001B
:10D51000000000000000000000000000000000000B
:10D5200000000000000000000000000000000000FB
:10D5300000000000000000000000000000000000EB
:10D5400000000000000000000000000000000000DB
:10D5500000000000000000000000000000000000CB
:10D5600000000000000000000000000000000000BB
:10D5700000000000000000000000000000000000AB
:10D58000000000000000000000000000000000009B
:10D59000000000000000000000000000000000008B
:10D5A000000000000000000000000000000000007B
:10D5B000000000000000000000000000000000006B
:10D5C000000000000000000000000000000000005B
:10D5D00021100411201011000420212004A0028831
:10D5E00020A1022103204005002100A00220000408
:10D5F00083C00302034000200200022004008409CB
:10D600000000000800100220000403200410201174
:10D610000000000804010420002004A000080410F9
:10D62000040111C008041120820804C00420042051
:10D630008408020884A0040400A0210420202120E2
:10D6400011A04004020584100441040404040404ED
:10D650000004000888044003000282022000202009
:10D66000000804200020841009A000C00000004031
:10D6700040A104000000901002A1004101830000BD
:10D680000520000000210021A1002080A0800220B0
:10D69000900400C0000020202080008000000000D6
:10D6A000000000040021C180A0210310A100A008F7
:10D6B00001A00520000508202080200000894000EE
:10D6C000A041202188800084200000844080828046
:10D6D00090800080049000200020000800A04008F6
:10D6E0001084800080000000202000020002000062
:10D6F0000009052002900020000000020010001028
:10D70000000800A1400900210009210910C1000002
:10D7100000C0C020000020A100200008212100C07E
:10D720000009002104C01020800200080021050229
:10D730008010000400C100C1400800A00040088221
:10D7400000A140040010002100A100C000900011C1
:10D750000091402000100120A0A090A10410001012
:10D760000021000320100420004100A1020020102D
:10D770000009042002900310A0900441002000083A
:10D780000200021004200040000200204020C020BF
:10D790000021000804A000000020009000210002E9
:10D7A0000010022002042020001008100010024087
:10D7B000902040210490040400042110001000086F
:10D7C000011020040590A008042020200008020871
:10D7D00000400040901000884020099104400390D0
:10D7E000408241822140824000004108908204082A
:10D7F00000900010004003080502000041202009AD
:10D800000002000200028420094000100002001003
:10D81000000020020000008200004082040200A0FC
:10D8200040080402201120900008210421C10005B5
:10D8300000000404020420030082200309410802BE
:10D8400020100590C1102108050320400311032179
:10D8500009098440411040C08210908000200002DD
:10D860000805004100218411040302410000041155
:10D87000111020000008400588850041100200C0FA
:10D88000408400000000004021A100050000840049
:10D89000080000000108004100080000001100001D
:10D8A00000000040011090040005100900910040A4
:10D8B00000840210038900C10020004100104004D0
:10D8C00001400140004104410800820401900040F1
:10D8D00084840020040208400008050210040500AA
:10D8E000100002000004850091000000402041006B
:10D8F000400891001000052041C02008100083005E
:10D9000005089000412009000520080304200200BA
:10D91000A0A00001400002000001000100801000F2
:10D920000001082000000201100082104000028463
:10D9300088014000110041081100A002208420103D
:10D94000080040082102002020820202000004A0FA
:10D9500010820588020008200220828202A020A0F6
:10D9600090000405014100800200201010200000FA
:10D970001010400302048408208040000420900816
:10D980000203400004101084000300A100880190ED
:10D9900001000403100200108404002000400080F5
:10D9A000001040400490A04141042041400011106B
:10D9B0000105414001002000C00320024005841001
:10D9C000C021010302418889828520208441000210
:10D9D0008405100890418821000901A00504110266
:10D9E00000000308A0820020050021400010020270
:10D9F000100404000200040221841000054040A02D
:10DA0000030400840002050205C0100489C0C1029D
:10DA10001010C020100009900882400041A105A00C
:10DA20000000050211C00000091000400040042061
:10DA3000021140848510000010854002050821A0D5
:10DA4000C18883104121009191C008410840841091
:10DA500088C00008100209A00502058340080040A4
:10DA600005C00021000005410080C0110011080020
:10DA7000010020000004840000000000000000A15C
:10DA800001000000000000050084A0000000040068
:10DA900004000000048000210000010000000004D8
:10DAA00000000000001000000000000000A1008045
:10DAB00000800120010008834000A004011000083C
:10DAC00000400400040200A000200400A020410047
:10DAD0000905050088000221000040008202214162
:10DAE00088829009030402020420052003081083A1
:10DAF0004088000202900202400220C00840084014
:10DB000020100401040208C041A00208008240085D
:10DB100005A004101088100408A00220082102109B
:10DB2000108380400000004000904121008280204E
:10DB30004000210800840084080800C0404003A081
:10DB400000C0040083842184119085200810108275
:10DB50000041020410A0020241020002401002082B
:10DB6000408402024082408001040800000000045A
:10DB7000000440212000C0102100020200000041EA
:10DB8000C08200001040C140000882202111000026
:10DB9000000040084109002100002000C08000086A
:10DBA0000100014010000000000202104008820045
:10DBB0004004C1059005100088040140820203A1C1
:10DBC00020100010030804020002C041408085A11B
:10DBD000000800100210040301C100C1848405057F
:10DBE00082218221C185212000038009108000004C
:10DBF0000083118908808000201190054110834026
:10DC0000052090900589C10883A1C08909104103AE
:10DC10008090C0A0400503A10488022020884141D3
:10DC200003C0A120008510400000850280C00202D0
:10DC3000059100031100C000000300039180410919
:10DC40000000800305800280009080830011200086
:10DC5000008000830880898000114083800082005A
:10DC60000080800305800089918000038241410487
:10DC70000020C00508210104C00200C10290200359
:10DC8000C1100011410490C020214041A110908892
:10DC9000011088032003911000080040109191A109
:10DCA000A04103404084201000C10000C0040209CC
:10DCB00082C00020009110204140000000411190DE
:10DCC0000140002008110084010200219083840299
:10DCD0008804002002839010C00200C10109820460
:10DCE000020800101089200282104084A010090050
:10DCF000208491114085050902A005052004112109
:10DD000020880304A0C004A0410820A0089011208E
:10DD10000502C1C011200484042085C09020C008E1
:10DD20002003020889C011A1C18982020000088273
:10DD3000090408201109C04040010420C1C082012B
:10DD40009001400891100801100110048584A083FF
:10DD50000200020883C0C0010200024083C0020426
:10DD600004C0200409C04004900090C04184000217
:10DD7000C100000003098002C1C080000389C011F6
:10DD8000A0210311C0411105098305102110A10331
:10DD90000403858288419180C10990A0C0C1C185DA
:10DDA000419189A0C141202108C02041C0840000C8
:10DDB00009A1A009A141051000858003808003907E
:10DDC00000100040000003890009A11080008309B1
:10DDD000000303410000830200118004808083104F
:10DDE00000058020800083200988001000800388BF
:10DDF00000808200888980830000000005098083FC
:10DE0000051084C19085840882A0A1C0A0051110CE
:10DE1000800510A18541882041910808C191040521
:10DE2000208290088290099003898889890410C112
:10DE300000009090080283059085800083002008F0
:10DE400000830008848008008083808000009008A0
:10DE500080838000090021A1808380001109820055
:10DE600000830300038040800083000010801000C6
:10DE7000800300840410402182A10090408221A1EF
:10DE80004009001108A0218421200311100321045E
:10DE9000088440820940C1202102010404918210BB
:10DEA0000020100910C0408420C19020021004827C
:10DEB000C002000002851003C0A002A110020410DD
:10DEC00088A020A1100583C0A0201083820208C072
:10DED0001083C0410488C002100388830890C111D8
:10DEE0000420008308020008108404414020C02060
:10DEF00082200221890120908884200803848420C4
:10DF0000900090A085A121100400850808018900D7
:10DF1000020088A0400341A10421910802858402E7
:10DF2000850085A00505040504010205850384100C
:10DF30000401100900008801104088840508880247
:10DF40008984408490820388104084001100030576
:10DF50008802200041038310A09090004004839128
:10DF6000A0400441908341C11041020004418389D3
:10DF700003A08410A0410302800000801000839061
:10DF80000000000000108203C0918209058020106B
:10DF90000220C10403211108A0A1038220001083E4
:10DFA0000900A0034002881020A10540C1A0A021C3
:10DFB0008505C104C0A000000021800021800980E7
:10DFC00000A010000085000083800084800008000D
:10DFD00003080000800002918321800000008480FB
:10DFE0008384008080829089838300A1000000C127
:10DFF0008308A080808080030660000BD0008282AE
:10E000000082000BD00000008100000B90200581F1
:10E010000600000BD02000000A00000BD0200000FA
:10E020002184000BD00081608100000B0000000003
:10E030001200000BD0000A0000000A00000B0000D4
:10E0400011000A50000BD00042000A50000BD00013
:10E050000A004188000BD00041008160000BD00015
:10E060000A001188000BD00000488100000BD0008E
:10E070000A000000000BD00000413C3C0000FF0003
:10E080000000FFFF0000FF000000FFFFBF3EBD24B7
:10E09000BD2460F0600019180118EFADCB892D2D5B
:10E0A0002D2D6C6CFFF03F3F03037F5B6743FF0048
:10E0B0006666FF3C0F661E1EFF6600000000000043
:10E0C00064640404FF00FF00FF0000003C3C00000B
:10E0D0003C3C00003C3C0000FF0000003C3C0000D9
:10E0E000FF0000003C3C00000F0F0000FFFF00009D
:10E0F00066660000FF000000FFFF00003C3C0000DF
:10E10000FF00000000000000FF000000FFFF3C3C9B
:10E110006F6F090944CC4400190001006E2C4A08B5
:10E12000FF6699006C6C0F003FCF030C3D19250171
:10E130000F0F3C3C003C0F661E1E99000000282873
:10E14000282866600600FF00FF00FF0000003C3C3E
:10E1500000003C3C00003C3C0000FF0000003C3C58
:10E160000000FF0000003C3C00000F0F000000001A
:10E17000000066660000FF000000000000000000D4
:10E18000000000000000000000000000000000008F
:10E19000000000000000000000000000000000007F
:10E1A000000000000000000000000000000000006F
:10E1B000000000000000000000000000000000005F
:10E1C000000000000000000000000000000000004F
:10E1D000000000000000000000000000000000003F
:10E1E000000000000000000000000000000000002F
:10E1F000000000000000000000000000000000001F
:10E20000000000FF0000F0F0000000FFFFFF0F0F14
:10E21000F8FFF8FFB400F600666600FF24FFF4F490
:10E2200066F0003C20B02FBF606F606F300C3FFC89
:10E23000FCFC427EE7E7C0FC232FE3EF52D376F7E6
:10E2400000000C6FFC6F30C0F3FC00003C3C000091
:10E25000FFFF0000F0F00000666600003C3C00009C
:10E26000F0F0000000FF0000F0F000003C3C000077
:10E27000FFFF0000FFFF000066660000F0F00000F6
:10E280003C3C000000FF0000F0F0000000FFFFFF3A
:10E290000F0FF8FFF9FF7800F900F0F03C3CF4F4C0
:10E2A00024FF66F0003C000000000C0CFCFC3C006D
:10E2B0003CFFC0C0427E2424C0FC202CE0EC109126
:10E2C00034B500000C60FC6030C0F3FC00003C3C46
:10E2D000000000000000F0F00000666600003C3C1A
:10E2E0000000F0F0000000FF0000F0F000003C3CF7
:10E2F0000000000000000000000066660000F0F072
:10E3000000003C3CC0C7C0FC33B04903C0C7C07C60
:10E3100030B0450300860CE003B8000500860CE031
:10E3200003B0000500860CE003B0000500860CEC8D
:10E3300003B8000500860CE003B80080A08650F00A
:10E34000A3B00005000000860CE003B00000A2C6E8
:10E3500051FCA3B44945A2C7517CA3344945A2C787
:10E36000515CA3A44945A241519CA3044945A24143
:10E37000519CA3044945A2C751F0A3B44945A2C783
:10E3800051F0A0B44945F7E37561AF14AFBEFDADE0
:10E390005D0DD703D73FFF55AA00000048487D7D9B
:10E3A00028287D7D0A5F5A7E0A7400F0005A00001A
:10E3B0000000057DAF7D557800780A0A5F5FF5F5AE
:10E3C000A0A00030000C0000FDFCF5F014BE14BE4F
:10E3D00030A030000F3C0F3C828282825A5A555541
:10E3E000AABEAAB22DAFFFFF3F3FAFA03535F0FF69
:10E3F000F0F0FF00287DAFAFBD399C18303F505F73
:10E40000FD7D028200000000B6A23420051405BE86
:10E41000F8A858081403143FC0C0C0C00048004802
:10E42000F5A0F5A028280A5F502E002430301818D7
:10E43000FFF3FFF00528AF28B455B40014BE14BE96
:10E44000BE14BE14000000000000FCFCF0F00A0A3C
:10E450005F5F00A00000550055FF303C30005A5A65
:10E46000D755AAAAAAAA2DAFFFFF3030AFA03535E5
:10E47000000FAAAA3C3C287D0505A5218400000FB9
:10E48000000F7D7D8282C0000000FCFCBE82D0DCDB
:10E49000D3DFEF2FE3230F3CFF55B4B4B4B42C6D9E
:10E4A000AEEFAAFFAA0086C7AEEF404000FFFF0F05
:10E4B0003C55120012000D000D00AFA03F3F287D1B
:10E4C000287DBEBE82820004009F00003FFA30FA21
:10E4D00030303F3FAAAAAAAA4DC34DFF0000A0A218
:10E4E00000000030FFFFFFFF3CFF3CFF3CAAFFF0B5
:10E4F0003F3F05F5FF3CB2B2C3FF4D4D00000000A9
:10E500000A0A5F5FA8A0A0A000040000C0C0BE82ED
:10E51000101C131FEC2CE0200F3C0055FF55AA00E7
:10E52000044586C7F03CF03C04452C6D000000FF1C
:10E53000000F3C551212000000000F00AFA0303059
:10E540000A0A5F5FFCC0FCC00000000000003F0A38
:10E55000300A505F505FFAAAAAAA4D004D3C000055
:10E560000000000000307D2878783CFF3DBF3CAAC9
:10E5700000F0303005F5C300B2B2003C4D4D300024
:10E58000000014BE14BE000000000000000011A036
:10E5900091204091040903A1022040C002A08410F0
:10E5A00082088208831184210285200004C102A010
:10E5B000A010002040090410201011200410C0A158
:10E5C0008409A0108410A0908400A0C084000000E2
:10E5D0000805210800A00420040804048420211058
:10E5E000049041204120042004208408030040C0FE
:10E5F0009120030820C084108010A008842091047A
:10E6000004A0110480A020C0842084408088801051
:10E6100004400485202090040020918040400100A7
:10E620002000210921002020202001200408902022
:10E6300005000400C090002000210000000005003B
:10E640002020022020202000200021002000210086
:10E6500000C000A020000008008000000580050028
:10E660000000000000800008A0002000021120200F
:10E67000A011040020000008081040114021408330
:10E680004080000000A04000000040A140A04000E9
:10E6900040410000000000050082000000048000EE
:10E6A00040204121402004104000000800C0032009
:10E6B00000000820000010C04021002102040000DA
:10E6C00000200020000800C000010000001000022F
:10E6D000000000000020000000000088400040C052
:10E6E00000C0008800200000002000C1000020823F
:10E6F00000082008009000C00010031000C0002196
:10E70000008300210021000200C10010100500213B
:10E7100000C100210010000000A00010002000A196
:10E720000410008800200080010200410010002039
:10E730000090081000A000110010000400C0018229
:10E74000001000A100910002000800200008002035
:10E75000041000100000001000100041000800200C
:10E760000010001000200090000800A10020000808
:10E77000011000100120001000100090000900207E
:10E780000084000400C0000400100004002100C048
:10E790000084000400C0044089040010040000103C
:10E7A000001003084000009004C000200011048401
:10E7B00080848085110200400408000800020008DF
:10E7C00004200420004040108084008409020010CE
:10E7D000000800840008000011C004A0004000C030
:10E7E0000010000210041110004140C0021000048B
:10E7F0002110008940C0008480A0048480020402AB
:10E80000041100400410004040418840054009A127
:10E81000008404100084208283A102A140058500A9
:10E8200004088802A0058210A0088521C0210220CA
:10E83000A10320082020A0052008C10540C0829027
:10E84000A00383A11088A08800022041A003A00497
:10E8500088098420000882000000820800050491D5
:10E860000004400304088288880200041002114159
:10E8700000A10421004084408421080811110441B2
:10E88000010885048285840584A0A04041C10082DE
:10E8900000020203C0100008100500010000100073
:10E8A0000204C005400804052001400009001000D2
:10E8B00003002004100002002004030010000001E7
:10E8C0001000110310000300800820001100100048
:10E8D00020001000100000001004000020000200C2
:10E8E0008000088400000200800009C12000400070
:10E8F000008300840500020000011089100440829A
:10E9000000020002410010002008000880201000D2
:10E9100021040008001000004001001100048400E0
:10E92000400221800404100000A090200000A010EC
:10E93000004000410080000201028282400000008D
:10E94000000400410004000000052020000804101D
:10E9500000200000002004410000008200000003AD
:10E9600001032000001000200411042100040421F0
:10E970000200000400100003410090040020008900
:10E980008200002100051008000300000041401033
:10E990002008001100410021000810200004050992
:10E9A00003841102040010C0030405081000088449
:10E9B00010880084208203104100214005822088B5
:10E9C00000C010400282412141020505008210046E
:10E9D00009000020800841040400050200820000B4
:10E9E00021A1100141A0409100000002048405080B
:10E9F0002084004000408040820441A01085031024
:10EA000091C00003038383414100111000020910EB
:10EA1000028210840008000203C00510000203C037
:10EA2000842000100008890388410040C0080009C4
:10EA300088030002A0200021C021040300028408F2
:10EA40009004081000854100C020042110C0000976
:10EA5000A041C003048902038421A1000008A04052
:10EA600000008420202000100840C0000020010881
:10EA7000102000082090040804C021000005881020
:10EA8000840504000010202004040004A0020004F7
:10EA900010008511000010218211000202030410F1
:10EAA00088218000100040004084412020C0048262
:10EAB0000001000002C00500114040C020110920E3
:10EAC00000A000044120100200A120C00208090497
:10EAD00041C082A020042000400040C005200490D6
:10EAE000050000009040419009C108828004118413
:10EAF0000988000091C08884020804C000C0029008
:10EB0000008241C020848220A18420822040009085
:10EB100011821184110802A0044010832084022075
:10EB2000022020082000000000000000000040003B
:10EB30004002000400000000000240080000002025
:10EB4000000020048200002000412020000000007E
:10EB500040000009200000004000000000000020EC
:10EB60000040204100002080400000204000208024
:10EB700000008800000020002000000000080000C5
:10EB80000000880000000100208020004141008931
:10EB9000000000000009000000004090002000116B
:10EBA0004003C00040000003000900808000008393
:10EBB00000094180000000038089000000808083FC
:10EBC000848988000080894103842008C18400036F
:10EBD00000890900000000030309410000800003D0
:10EBE00000090800008000000003898989000000F6
:10EBF00000030009080000000083000984800080F1
:10EC000000830589088000000083820982800080DB
:10EC1000800302009000008000038091200000002B
:10EC2000008340008203808000A1000990A004A01E
:10EC3000C04108052010000200A1100390C000048C
:10EC40000205C121219000C008048484218840402D
:10EC50004003040504820002C0A1200911820020A3
:10EC6000028390030082000200000041032120A0E3
:10EC700000A00009A0C101A000020041C0A103043E
:10EC800000020083090900C00082C0830211034012
:10EC900000104003844082040008C09190400004AA
:10ECA00000041003A09040880240A0110400100846
:10ECB0008309A01108002110A18320C088000982C7
:10ECC000850320109008021083840311408288106D
:10ECD000058208910801408809C020081000A1841D
:10ECE000C101C0414000A002912000008802A000A4
:10ECF0000410C18590C02000210085110210400041
:10ED0000C110110120104000910085C104041008B9
:10ED1000C10083910490A0014002C1C10009840098
:10ED200040088904034040009004C10409088000A1
:10ED3000800003888088000521800389001100007D
:10ED4000A180830909A000808080838320C08989F5
:10ED500041A1C1098821802080000341800000007A
:10ED60002100030900080000800003A00000000546
:10ED700000000080030900030000210083090080D7
:10ED80008000218083090003000021000309800521
:10ED900080A1A10083090000001080808304090283
:10EDA000000980000300A091000900008389000091
:10EDB000C000A08900830000028003890003008056
:10EDC000880080090083008004008409800340A03B
:10EDD00090918284038200804000A089008300001B
:10EDE0009100050900030000030020890083000052
:10EDF00000800380800980030000000041090003B7
:10EE00000080208020090083808003008389000324
:10EE1000008000808089808300118800098002833F
:10EE200000002083898080830000048009A0008383
:10EE300000824188038510210088A14088850891BF
:10EE40000004A04008A110090090C00240A1820562
:10EE5000000205A1100440400040841082211011DE
:10EE6000008202A0839108830008004009850041C8
:10EE7000000000C005200811820300A08202C089A2
:10EE80000091001002200591840502100088841171
:10EE900000850804A0C020054083884009C0881070
:10EEA00091A10200840482A0888304880202A084C5
:10EEB000A005210004402000A0A085880390400008
:10EEC000880285890988080040028500A0408800E2
:10EED00040098908A1088290A02083219020100079
:10EEE000080285050890020002A085882120902054
:10EEF00040890000C10020A0020104204185900447
:10EF0000820040020585840202002020838903A03C
:10EF10000420A008834010080800A00810418420A5
:10EF200090844040894020100800A0020101400464
:10EF30008800C010830400008000090083898400D9
:10EF40008000008383908400000000808311008093
:10EF50000000808810A140801003898009C10080D2
:10EF60008000800083838000000009008391049169
:10EF7000008000C100008311808080218980038887
:10EF800000000000098083820080000089800384E3
:10EF90008400808080808385008080000080000362
:10EFA00000800088A08003808000830000000308A8
:10EFB0000080000010890660000BD0000000118264
:10EFC000000BD00000500660000BD00000412184EF
:10EFD000000BD00000410600000BD000420006608C
:10EFE000000BD00000820660000BD0000A002184D4
:10EFF000000BD000000000000660000BD000418232
:10F000008241000BD00000001242000BD000000033
:10F010000A50000BD00000008142000BD00000001D
:10F020000A50000BD0000A810050000BD000006095
:10F030000A82000BD000000000003C3C000000FFF2
:10F04000000000FF000000FF000000FF000000FFC4
:10F050000000FFFF000000FF0050F050032B173F9F
:10F060000000FFFF000000FF00003C3C000000FF2C
:10F07000000000FF000000FF000000003C3C00001A
:10F0800000FF00003C3C000000FF00003C3C000092
:10F0900000FF000000FF000000FF0000FFFF000075
:10F0A00000FF3C3C3C3C00003C3C00000F0F0000DB
:10F0B0000F0F00003C3C000000FF00003C3C000043
:10F0C00000FF000000FF000000FF000000FF000044
:10F0D00000FF00000000000000FF0044CC440317C4
:10F0E0002B3F0000FFFF000000FF00003C3C000041
:10F0F00000FF000000FF000000FF000000003C3C9B
:10F10000000000FF00003C3C000000FF00003C3C11
:10F11000000000FF000000FF000000FF00000000F2
:10F12000000000FF3C3C3C3C00003C3C00000F0F5A
:10F1300000000F0F00003C3C000000FFFF0000003B
:10F140003C3C0000FF000000FF000000FF0000004A
:10F15000FF000000FF000000C3C3FFFF7D7DFA50E9
:10F160003F30F0F0FF0000003C3C0000FF000000DA
:10F17000FF000000FF000000AAAA00000000FF003E
:10F180000000FFFF0000FF000000FF000000FF0084
:10F190000000FF000000FF000000FF000000FF0073
:10F1A000000000FFFFFFAAAA0000FFFF0000FF0011
:10F1B00000003C3C0000F0F000003C3C0000FF0080
:10F1C00000003C3C0000FF000000FF000000FF00CA
:10F1D0000000FF000000FF000000C3C3FFFF28285D
:10F1E000FA503F300000FF0000003C3C0000FF00F0
:10F1F0000000FF000000FF000000AAAA00000000BD
:10F20000FF00000000000000FF000000FF00000001
:10F21000FF000000FF000000FF000000FF000000F2
:10F22000FF00000000FFFFFFAAAA0000000000008E
:10F23000FF0000003C3C0000F0F000003C3C0000FF
:10F24000C0C7C0FC33B04903C0C7C0FC33B04903DA
:10F25000C0C7C0FC33B04903C0C7C0FC33B04103D2
:10F2600000860CF0A3B00085C0C6C0FC33B04903D3
:10F27000C0C7C0FC33B04903C0C7C03C339049038A
:10F280000000C0C7C0FC33B04903C0C7C03C33A0B6
:10F290004903C0C7C0FC33B04903C0C7C07C33902A
:10F2A0004903C041C09C33004103A2C651FCA3B432
:10F2B0004945A2C7517CA0144940A2C751FCA3B440
:10F2C0004945FF3CE8E8303F0CFCFEFEAEAE004195
:10F2D00082C30F0E05043FCF3F3FFFF5FAF08002D7
:10F2E0008080696F00064D4D00FF69D36951033F6F
:10F2F0007D7D3C30003028287D7DFFFCFFFC0FFF2A
:10F300000FFF0000C0EBBEC0129A33BBFFFF3CFEF4
:10F310000505F5F53C300C0080D582D7FF00FF4095
:10F3200000000010BE14F5F53F3F14D73C3C000030
:10F33000AAAAAAAAFFFFFFFF5000A0A0F0A0F0A079
:10F3400005F50CFCC300E8E8303F0CFCFE54AE04AD
:10F35000024302430A0E0004030C03033F353A3014
:10F360008AA28A8AAAAF000500FF4D4D00920010C4
:10F37000033F41413C3000300A5F0A5FFF7CFF3CA5
:10F3800005FF0DFF0000C02882C0008821A9FFFFF3
:10F390003DFF1455D7553C300C0000550257FF0077
:10F3A000FF0000000000BE14A0A0030314D73C3CE3
:10F3B0003C30282000200015555550000000D0801A
:10F3C000D0800CFC0CFCE8E8FF3C1C5D9EDF3A3A68
:10F3D0003A3A545EF4FEF5A0F5A04103C3037D283C
:10F3E0007D28DF006060C303C202145FBE5FEB28AC
:10F3F000F3F302432A6BB4B4B4B41E1EAAFFFFFC9D
:10F400003F3C0C0C5D5D00000A300A30FFAFC000CD
:10F41000F5F5F5F0B4FFBEFFF3F330300000000463
:10F420000FFFFFC300000AAA3CF0FFAAC3FF4D4D27
:10F43000F5F0F0F0FFFEAAAAD0C0100000FF00AF68
:10F44000FFBAFF303075FFFFE8E8C30008498ACBF8
:10F45000FF0FF000040EA4AE7D7D28280003820378
:10F46000FAFA5050FF006060C000C202140ABE0ADF
:10F47000EB283030042C86AEFFAA55001E1E005526
:10F48000000000000CFF5DFF0000FCAF0CA0FFAF10
:10F49000CFFFF1F1F1F114FF1EFFBE82BE8200002A
:10F4A00000000FFF3C00000008AA3CF000AA003C4E
:10F4B0004D4DE1F0F0F0FFFFAAAA1000100000FF90
:10F4C00000AFBABA303030753075108408002000B3
:10F4D00011002000212011A0200821A0211020903F
:10F4E00000100408211004080510400800A00420A2
:10F4F00021902000119004200400200811400410E5
:10F50000001004A00410200804C00000040840A05B
:10F510004088002004A0040804080410042004A06B
:10F520000088000804A00400040804A0410820206A
:10F5300000202008040820C0410820C0210820081D
:10F5400000200000418241A0040811080021200091
:10F5500000202021400084100408A0110420044051
:10F56000C0000408901090009010040500000000F6
:10F57000C00020094000000520000000002100001C
:10F580002000001100002020040000000000000006
:10F590000000001020000011000000200000C0004A
:10F5A000004100110000A0080040200900080000F0
:10F5B000A008000040412000A02100110009001116
:10F5C00000110021004000410010200900410010FE
:10F5D00000000010000000080000000040000000D3
:10F5E00000A000200000002000A000820000409049
:10F5F00000C04000000000820020008800080020B9
:10F60000001000020020090000020020002000007D
:10F610000020000000080090000000A00082000010
:10F62000000800000020002000100008001000204A
:10F6300000A010C00082002000A000881020002040
:10F64000008200A0000200A0002000C040C000888E
:10F650000402002100110021001000110020000010
:10F6600000108208001000210000000300020010BA
:10F670000010001000100010001000100003002106
:10F68000001000100021902100080040002100100F
:10F6900000000010A0100021001000100010004118
:10F6A00000080010001000100010000200100021DF
:10F6B00000100010001000210010002000100010A9
:10F6C000002100100010001100110010000800219E
:10F6D0000010050000020890050805C0031000A0F6
:10F6E00003840908210805404102110010C020824E
:10F6F0000502200204C04084410800080384200859
:10F7000000100040050811C00504000003A010000F
:10F710000382000005A005080310108403A0410225
:10F72000088202A000820402058440880582408489
:10F7300000820488000204080010418800101102B1
:10F7400003844110050204020310030200C01102E9
:10F7500009904084C0100810820500102004842005
:10F76000840010108404902184418421840082024A
:10F770008404C00810219009200884058403001126
:10F780008410842100021021000882088210C00821
:10F7900082040005000000410003840300210040B2
:10F7A0000021821000044021000810410000841054
:10F7B0008440C021904184218821C00884058203AF
:10F7C000000320209021100584418440000900217D
:10F7D000C003840300032082000005000800108895
:10F7E000100020004100110020000090118800A0AE
:10F7F00005001100000000004100110041901100BF
:10F8000010900082400000C0209000200000000006
:10F81000050000902000000000000200100000021F
:10F8200020C0000040844182008841000200400066
:10F83000002020000500410009000904100200001A
:10F8400000C005021008100003880300002000001B
:10F8500002022002030020A00000000000000000BF
:10F860000000880000000000000000000000000010
:10F870000000000000410003000000000000000044
:10F880000041000200000000000000000000000035
:10F890000041000000210000000000000000000006
:10F8A00000090000000000400000001100000008F6
:10F8B000000000410041000000000009004100116B
:10F8C00000000004000900080003002104210000DA
:10F8D00000100011004100200000080000C0410895
:10F8E000008200020000001009A041000000410059
:10F8F000008200000008100003A00084000805A09A
:10F9000041C010A000A003C008A010000582414023
:10F9100041A003A000C00000410800000082400098
:10F92000000003080090000000C0008400000020D8
:10F9300000000082000000020000000010C00584EA
:10F94000024002C00540100041A0038800001040A2
:10F9500000C005C0000805A00010100200214041B1
:10F960001010020802210005000384210021200359
:10F9700082219040024100080805020584008200AF
:10F980008203C0212004840000002041000382057E
:10F990008221C011C0000003002084000000000587
:10F9A000C02100404041000800008404840200009F
:10F9B00000210021842184000421000284210220EE
:10F9C000C004404004008400820884008411C00800
:10F9D000C0200221022010111000C000000904C044
:10F9E0000500020009C0412020000200110004208F
:10F9F0000500108420401184000209A0040420C0E6
:10FA0000100009C010880040090000A0202000A0BC
:10FA100005C00002094040880284111000880000DF
:10FA2000009000C0092009000002009004000904B1
:10FA3000048402A04100098441A002900020040433
:10FA40000482108202A0048204A0412020C0400849
:10FA500000C00900410800080382098811C00000A5
:10FA6000000000000000400088000000000090003E
:10FA70000041000000020000000000000000004102
:10FA8000000900020000000000000000400000002B
:10FA90000400000200000000000000000000000060
:10FAA0000000000000000000000000004000000016
:10FAB0000000000000000000000000000000004105
:10FAC0000003000020000000002190020000000858
:10FAD000004100000000000000090005020088004D
:10FAE00004410000000000000000000000000000D1
:10FAF0000000000000000000000000000000000006
:10FB000000000000000000000000000000000000F5
:10FB100000000000000000000000000000000000E5
:10FB200000000000000000000000000000000000D5
:10FB300000000000000000000000000000000000C5
:10FB400000000000000000000000000000000000B5
:10FB500000000000000000000000000000000000A5
:10FB60000000000000000000000000000000000095
:10FB70000000000000000000000000000000000085
:10FB80000000000000000000000000000000000075
:10FB90000000000000000000000000000000000065
:10FBA0000000000000000000000000000000000055
:10FBB0000000000000000000000000000000000045
:10FBC0000000000000000000000000000000000035
:10FBD0000000000000000000000000000000000025
:10FBE0000000000000000000000000000000000015
:10FBF0000000000000000000000000000000000005
:10FC000000000000000000000000000000000000F4
:10FC100000000000000000000000000000000000E4
:10FC200000000000000000000000000000000000D4
:10FC300000000000000000000000000000000000C4
:10FC400000000000000000000000000000000000B4
:10FC500000000000000000000000000000000000A4
:10FC60000000000000000000000000000000000094
:10FC70000000000000000000000000000000000084
:10FC80000000000000000000000000000000000074
:10FC90000000000000000000000000000000000064
:10FCA0000000000000000000000000000000000054
:10FCB0000000000000000000000000000000000044
:10FCC0000000000000000000000000000000000034
:10FCD0000000000000000000000000000000000024
:10FCE0000000000000000000000000000000000014
:10FCF0000000000000000000000000000000000004
:10FD000000000000000000000000000000000000F3
:10FD100000000000000000000000000000000000E3
:10FD200000000000000000000000000000000000D3
:10FD300000000000000000000000000000000000C3
:10FD400000000000000000000000000000000000B3
:10FD500000000000000000000000000000000000A3
:10FD60000000000000000000000000000000000093
:10FD70000000000000000000000000000000000083
:10FD80000000000000000000000000000000000073
:10FD90000000000000000000000000000000000063
:10FDA0000000000000000000000000000000000053
:10FDB0000000000000000000000000000000000043
:10FDC0000000000000000000000000000000000033
:10FDD0000000000000000000000000000000000023
:10FDE0000000000000000000000000000000000013
:10FDF0000000000000000000000000000000000003
:10FE000000000000000000000000000000000000F2
:10FE100000000000000000000000000000000000E2
:10FE200000000000000000000000000000000000D2
:10FE300000000000000000000000000000000000C2
:10FE400000000000000000000000000000000000B2
:10FE500000000000000000000000000000000000A2
:10FE60000000000000000000000000000000000092
:10FE70000000000000000000000000000000000082
:10FE80000000000000000000000000000000000072
:10FE90000000000000000000000000000000000062
:10FEA0000000000000000000000000000000000052
:10FEB0000000000000000000000000000000000042
:10FEC0000000000000000000000000000000000032
:10FED0000000000000000000000000000000000022
:10FEE0000000000000000000000000000000000012
:10FEF0000000000000000000000000000000000002
:10FF000000000000000000000000000000000000F1
:10FF100000000000000000000000000000000000E1
:10FF200000000000000000000000000000000000D1
:10FF300000000000000000000000000000000000C1
:10FF400000000000000000000000000000000000B1
:10FF500000000000000000000000000000000000A1
:10FF60000000000000000000000000000000000091
:10FF70000000000000000000000000000000000081
:10FF80000000000000000000000000000000000071
:10FF90000000000000000000000000000000000061
:10FFA0000000000000000000000000000000000051
:10FFB0000000000000000000000000000000000041
:10FFC0000000000000000000000000000000000031
:10FFD0000000000000000000000000000000000021
:10FFE0000000000000000000000000000000000011
:10FFF0000000000000000000000000000000000001
:020000040003F7
:1000000000000000000000000000000000000000F0
:1000100000000000000000000000000000000000E0
:1000200000000000000000000000000000000000D0
:1000300000000000000000000000000000000000C0
:1000400000000000000000000000000000000000B0
:1000500000000000000000000000000000000000A0
:100060000000000000000000000000000000000090
:100070000000000000000000000000000000000080
:100080000000000000000000000000000000000070
:100090000000000000000000000000000000000060
:1000A0000000000000000000000000000000000050
:1000B0000000000000000000000000000000000040
:1000C0000000000000000000000000000000000030
:1000D0000000000000000000000000000000000020
:1000E0000000000000000000000000000000000010
:1000F0000000000000000000000000000000000000
:1001000000000000000000000000000000000000EF
:1001100000000000000000000000000000000000DF
:1001200000000000000000000000000000000000CF
:1001300000000000000000000000000000000000BF
:1001400000000000000000000000000000000000AF
:10015000000000000000000000000000000000009F
:10016000000000000000000000000000000000008F
:10017000000000000000000000000000000000007F
:10018000000000000000000000000000000000006F
:10019000000000000000000000000000000000005F
:1001A000000000000000000000000000000000004F
:1001B000000000000000000000000000000000003F
:1001C000000000000000000000000000000000002F
:1001D000000000000000000000000000000000001F
:1001E000000000000000000000000000000000000F
:1001F00000000000000000000000000000000000FF
:1002000000000000000000000000000000000000EE
:1002100000000000000000000000000000000000DE
:1002200000000000000000000000000000000000CE
:1002300000000000000000000000000000000000BE
:1002400000000000000000000000000000000000AE
:10025000000000000000000000000000000000009E
:10026000000000000000000000000000000000008E
:10027000000000000000000000000000000000007E
:10028000000000000000000000000000000000006E
:10029000000000000000000000000000000000005E
:1002A000000000000000000000000000000000004E
:1002B000000000000000000000000000000000003E
:1002C000000000000000000000000000000000002E
:1002D000000000000000000000000000000000001E
:1002E000000000000000000000000000000000000E
:1002F00000000000000000000000000000000000FE
:1003000000000000000000000000000000000000ED
:1003100000000000000000000000000000000000DD
:1003200000000000000000000000000000000000CD
:1003300000000000000000000000000000000000BD
:1003400000000000000000000000000000000000AD
:10035000000000000000000000000000000000009D
:10036000000000000000000000000000000000008D
:10037000000000000000000000000000000000007D
:10038000000000000000000000000000000000006D
:10039000000000000000000000000000000000005D
:1003A000000000000000000000000000000000004D
:1003B000000000000000000000000000000000003D
:1003C000000000000000000000000000000000002D
:1003D000000000000000000000000000000000001D
:1003E000000000000000000000000000000000000D
:1003F00000000000000000000000000000000000FD
:10040000000000000000FFFFFFFFFFFFFFFFFFFFF6
:10041000FFFFFFFFFFFFFFFFFFFFFFFFFFFFFFFFEC
:10042000FFFFFFFFFFFFFFFFFFFFFFFFFFFFFFFFDC
:10043000FFFFFFFFFFFFFFFFFFFFFFFFFFFFFFFFCC
:10044000FFFFFFFFFFFFFFFFFFFFFFFFFFFFFFFFBC
:10045000FFFFFFFFFFFFFFFFFFFFFFFFFFFFFFFFAC
:10046000FFFFFFFFFFFFFFFFFFFFFFFFFFFFFFFF9C
:10047000FFFFFFFFFFFFFFFFFFFFFFFFFFFFFFFF8C
:10048000FFFFFFFFFFFFFFFFFFFFFFFFFFFFFFFF7C
:10049000FFFFFFFFFFFFFFFFFFFFFFFFFFFFFFFF6C
:1004A000FFFFFFFFFFFFFFFFFFFFFFFFFFFFFFFF5C
:1004B000FFFFFFFFFFFFFFFFFFFFFFFFFFFFFFFF4C
:1004C000FFFFFFFFFFFFFFFFFFFFFFFFFFFFFFFF3C
:1004D000FFFFFFFFFFFFFFFFFFFFFFFFFFFFFFFF2C
:1004E000FFFFFFFFFFFFFFFFFFFFFFFFFFFFFFFF1C
:1004F000FFFFFFFFFFFFFFFFFFFFFFFFFFFFFFFF0C
:10050000FFFFFFFFFFFFFFFFFFFF000000000000F5
:1005100000000000000000000000000000000000DB
:1005200000000000000000000000000000000000CB
:1005300000000000000000000000000000000000BB
:1005400000000000000000000000000008000000A3
:10055000000040000000000000000000000000005B
:10056000000000000000000000000000000000008B
:10057000000000000000000000000000000000007B
:10058000000000000000000000000000000000006B
:10059000000000000000000000000000000000005B
:1005A000000000000000000000000000000000004B
:1005B000000000000000000000000000000000003B
:1005C00000000000000000000000000000000041EA
:1005D00000000041000000000000000000000000DA
:1005E000000000000000000000000000000000000B
:1005F00000000000000000000000000000000000FB
:1006000000000000000000000000000000000000EA
:1006100000000000000000000000000000000000DA
:1006200000000000000000000000000000000000CA
:1006300000000000000000000000000000000000BA
:1006400000000000000000000000000000000000AA
:10065000000000000000000000000000000000009A
:10066000000000000000000000000000000000008A
:10067000000000000000000000000000000000007A
:10068000000000000000000000000000000000006A
:10069000000000000000000000000000000000005A
:1006A000000000000000000000000000000000004A
:1006B000000000000000000000000000000000003A
:1006C00000000000000000000081000000000000A9
:1006D000000000000000000000000000000000001A
:1006E000000000000000000000000000000000000A
:1006F00000000000000000000000000000000000FA
:1007000000000000000000000000000000000000E9
:1007100000000000000000000000000000000000D9
:1007200000000000000000000000000000000000C9
:1007300000000000000000000000000000000000B9
:1007400000000000000000000000000000000000A9
:100750000000000000000000000000000000000099
:100760000000000000000000000000000000000089
:100770000000000000000000000000000000000079
:100780000000000000000000000000000000000069
:100790000000000000000000000000000000000059
:1007A0000000000000000000000000000000000049
:1007B0000000000000000000000000000000000039
:1007C0000000000000000000000000000000000029
:1007D0000000000000000000000000000000000019
:1007E0000000000000000000000000000000000009
:1007F00000000000000000000000000000000000F9
:1008000000000000000000000000000000000000E8
:1008100000000000000000000000000000000000D8
:1008200000000000000000000000000000000000C8
:1008300000000000000000000000000000000000B8
:1008400000000000000000000000000000000000A8
:100850000000000000000000000000000000000098
:100860000000000000000000000000000000000088
:100870000000000000200000000000000000000058
:100880000000000000C00000000000000010000098
:100890000010000000100020000000000000000018
:1008A0000000000000000000000000000000000048
:1008B0000000000000000000000000000000000038
:1008C0000000000000000000000000000000000028
:1008D0000000000000000000000000000200000016
:1008E00000000000000000000000000000410000C7
:1008F00002410010000000000000000000000000A5
:1009000000000000000000000000000002000000E5
:1009100000000020001000000000000000000000A7
:1009200000000000000000000000000000000000C7
:100930000000000000000000000000000000002097
:100940000000000000000000000011000000000096
:100950000000000000000000000000001100000086
:100960000000000000000000000000000000000087
:100970000000000000000000000000000000000077
:100980000000000000000000000000000000000067
:100990000000000000000010000000000000000047
:1009A0000000000000000000000000000000000047
:1009B0000000000000000000000000000000000037
:1009C0000000000000000000000000000000000027
:1009D0000000000000000000000000000000000017
:1009E0000000000000000000000000000000000007
:1009F00000000000000000000000000000000000F7
:100A000000000000000000000000000000000000E6
:100A100000000000000000000000000000000000D6
:100A200000000000000000000000000000000000C6
:100A300000000000000000000000000000000000B6
:100A400000000000000000000000000000000000A6
:100A50000010000000100010000000000000000066
:100A60000000000000000000000000000000000086
:100A70000000000000000000000000000000000076
:100A80000000000000000000000000000000000066
:100A90000000000000000000000000000000000056
:100AA0000000000000000000000000000000000046
:100AB00000000000000000000000A0000041000055
:100AC000000000000000A000000000210000000065
:100AD0000000880000000000000000000800000086
:100AE0000000000000000000000000000000000006
:100AF00000000000000000410000000000000000B5
:100B0000000000000000000000000000000500419F
:100B100000000000000000000000000000000000D5
:100B200000210000000000000000000000000000A4
:100B30004000000000000000040020000000000051
:100B400000000000000200000088400000000000DB
:100B50000000000000000000000000000000000095
:100B60000000000000000000000000000000000085
:100B7000000000000000000009000000000200105A
:100B80000000000000000000000000000000000065
:100B90000000000000000010000000000000000243
:100BA0000000000000000000000000000000000045
:100BB0000000000000000000000000000000000035
:100BC0000000000000000000000000000000000025
:100BD00000000000000000000020000000000000F5
:100BE0000000000000000000000000000000000005
:100BF00000000000000000000000000000000000F5
:100C000000000000000000000000000000000000E4
:100C100000000000000000000000000000000000D4
:100C200000000000000000000000000000000000C4
:100C300000000000000000000000000000000000B4
:100C40000000000000000000000021000000000083
:100C50000000000000000000009000000000000004
:100C60000000000000000000000000000000000084
:100C70000000000000000000000000000000000074
:100C80000000000000000000000000000000000064
:100C90000000000000000000000000000000000054
:100CA0000000000000000000000000000000000044
:100CB000000000000000000000000000820540006D
:100CC000004100008200A000A0000000000082009F
:100CD00000000000840000000000001100008200FD
:100CE0000800A0000800000000000800000000004C
:100CF00008000000000000000000000000410000AB
:100D00000000000082000000000000000000000061
:100D1000000000100005001000000010000000415D
:100D20000000000000100041001000000000000062
:100D300000000000000000000000000000000000B3
:100D400000000000000000000000000000000000A3
:100D50000000000000000000000000000000000093
:100D60000000000000000000000000000000000083
:100D70000000000000000000000000000000000073
:100D80000000000000000000000000000000000063
:100D90000000000000000000000000000000000053
:100DA0000000000000000000000000000000000043
:100DB0000000000000000000000000000000000033
:100DC0000000000000000000000000000000000023
:100DD0000000000000000000000000000000000013
:100DE0000000000000000000000000000000000003
:100DF00000000000000000000000000000000000F3
:100E000000000000000000000000000000000000E2
:100E100000000000000000000000000000000000D2
:100E200000000000000000000000000000000000C2
:100E300000000000000000000000000000000000B2
:100E400000000000000000000000000000000000A2
:100E50000000000000000000000000000000000092
:100E60000000000000000000000000000000000082
:100E70000000000000000000000000000000000072
:100E80000000000000000000000000000000000062
:100E90000000000000000000000000000000000052
:100EA0000000000000000000000000000000000042
:100EB0000000000000000000000000000000000032
:100EC0000000000000000000000000000000000022
:100ED0000000000000000000000000000000000012
:100EE0000000000000000000000000000000000002
:100EF00000000000000000000000000000000000F2
:100F000000000000000000000000000000000000E1
:100F100000000000000000000000000000000000D1
:100F200000000000000000000000000000000000C1
:100F300000000000000000000000000000000000B1
:100F400000000000000000000000000000000000A1
:100F50000000000000000000000000000000000091
:100F60000000000000000000000000000000000081
:100F70000000000000000000000000000000000071
:100F80000000000000000000000000000000000061
:100F90000000000000000000000000000000000051
:100FA0000000000000000000000000000000000041
:100FB0000000000000000000000000000000000031
:100FC0000000000000000000000000000000000021
:100FD0000000000000000000000000000000000011
:100FE0000000000000000000000000000000000001
:100FF00000000000000000000000000000000000F1
:1010000000000000000000000000000000000000E0
:1010100000000000000000000000000000000000D0
:1010200000000000000000000000000000000000C0
:1010300000000000000000000000000000000000B0
:1010400000000000000000000000000000000000A0
:101050000000000000000000000000000000000090
:101060000000000000000000000000000000000080
:101070000000000000000000000000000000000070
:101080000000000000000000000000000000000060
:101090000000000000000000000000000000000050
:1010A0000000000000000000000000000000000040
:1010B0000000000000000000000000000000000030
:1010C0000000000000000000000000000000000020
:1010D0000000000000000000000000000000000010
:1010E0000000000000000000000000000000000000
:1010F00000000000000000000000000000000000F0
:1011000000000000000000000000000000000000DF
:1011100000000000000000000000000000000000CF
:1011200000000000000000000000000000000000BF
:1011300000000000000000000000000000000000AF
:10114000000000000000000000000000000000009F
:10115000000000000000000000000000000000008F
:10116000000000000000000000000000000000007F
:10117000000000000000000000000000000000006F
:10118000000000000000000000000000000000005F
:10119000000000000000000000000000000000004F
:1011A000000000000000000000000000000000003F
:1011B000000000000000000000000000000000002F
:1011C000000000000000000000000000000000001F
:1011D000000000000000000000000000000000000F
:1011E00000000000000000000000000000000000FF
:1011F00000000000000000000000000000000000EF
:1012000000000000000000000000000000000000DE
:1012100000000000000000000000000000000000CE
:1012200000000000000000000000000000000000BE
:1012300000000000000000000000000000000000AE
:10124000000000000000000000000000000000009E
:10125000000000000000000000000000000000008E
:10126000000000000000000000000000000000007E
:10127000000000000000000000000000000000006E
:10128000000000000000000000000000000000005E
:10129000000000000000000000000000000000004E
:1012A000000000000000000000000000000000003E
:1012B000000000000000000000000000000000002E
:1012C000000000000000000000000000000000001E
:1012D000000000000000000000000000000000000E
:1012E00000000000000000000000000000000000FE
:1012F00000000000000000000000000000000000EE
:1013000000000000000000000000000000000000DD
:1013100000000000000000000000000000000000CD
:1013200000000000000000000000000000000000BD
:1013300000000000000000000000000000000000AD
:10134000000000000000000000000000000000009D
:10135000000000000000000000000000000000008D
:10136000000000000000000000000000000000007D
:10137000000000000000000000000000000000006D
:10138000000000000000000000000000000000005D
:10139000000000000000000000000000000000004D
:1013A000000000000000000000000000000000003D
:1013B000000000000000000000000000000000002D
:1013C000000000000000000000000000000000001D
:1013D000000000000000000000000000000000000D
:1013E00000000000000000000000000000000000FD
:1013F00000000000000000000000000000000000ED
:1014000000000000000000000000000000000000DC
:1014100000000000000000000000000000000000CC
:1014200000000000000000000000000000000000BC
:1014300000000000000000000000000000000000AC
:10144000000000000000000000000000000000009C
:10145000000000000000000000000000000000008C
:10146000000000000000000000000000000000007C
:10147000000000000000000000000000000000006C
:10148000000000000000000000000000000000005C
:10149000000000000000000000000000000000004C
:1014A000000000000000000000000000000000003C
:1014B000000000000000000000000000000000002C
:1014C000000000000000000000000000000000001C
:1014D000000000000000000000000000000000000C
:1014E00000000000000000000000000000000000FC
:1014F00000000000000000000000000000000000EC
:1015000000000000000000000000000000000000DB
:1015100000000000000000000000000000000000CB
:1015200000000000000000000000000000000000BB
:1015300000000000000000000000000000000000AB
:10154000000000000000000000000000000000009B
:10155000000000000000000000000000000000008B
:10156000000000000000000000000000000000007B
:10157000000000000000000000000000000000006B
:10158000000000000000000000000000000000005B
:10159000000000000000000000000000000000004B
:1015A000000000000000000000000000000000003B
:1015B000000000000000000000000000000000002B
:1015C000000000000000000000000000000000001B
:1015D000000000000000000000000000000000000B
:1015E00000000000000000000000000000000000FB
:1015F00000000000000000000000000000000000EB
:1016000000000000000000000000000000000000DA
:1016100000000000000000000000000000000000CA
:1016200000000000000000000000000000000000BA
:1016300000000000000000000000000000000000AA
:101640000000000000000000000000000000040096
:10165000000000000000000000000000000000008A
:101660000000040004000000000000000300080067
:101670000000000000000000000008001100000051
:101680000000000004000000050000004000000011
:101690000000000000000000000008000000000042
:1016A0000000000000000000080004000400040026
:1016B000040004000000000002000200100000000E
:1016C00040000000000020000000040002000200B2
:1016D0000100000000000000000000000000000009
:1016E00000000000010001000000000000000000F8
:1016F00000000000000000000000000000000000EA
:1017000000000000000001000000000000000100D7
:1017100000C0000000000000000000000000000009
:1017200000000000000000000000010000000100B7
:1017300001000100010000000000000000000100A5
:101740000000010000000000010000000000020095
:101750000000800000000000000000000000000009
:101760000200800084008000100082008000880059
:101770008000000000200001000080008000840143
:101780008000800088080000000000008010000039
:101790008020000008000800050008000400040084
:1017A00084200404000000000810000400118001DF
:1017B0000401000080000000A021A020000088009B
:1017C000001080C0082084208508841000000000DC
:1017D00011A00804080000000800000084000000B8
:1017E000000001000400050010000100210020009D
:1017F00011001000040000800040000020002000C4
:10180000052004000400048004000400000002001D
:101810000000049000000100010000000100010030
:10182000010003000180820000100010008000040D
:1018300004080104001020000010050805C1001074
:101840004000002104100100052008A0099082102A
:1018500000100209009000000000000000000000DD
:1018600000000000000000008000000080008020D8
:10187000000080018010000400400090000400C0BF
:1018800000200020004000C0004000000000009048
:101890000004000000840000000000100020002070
:1018A00000100084000000900000000000200000F4
:1018B0000084001100100001001000400000001022
:1018C0000040000000020000001000000010002096
:1018D0000000000000020000000000000000000006
:1018E00000000000000000000000200000002000B8
:1018F000088000000410200000000000000000002C
:1019000000000080000000000000880000000000CF
:1019100000000000000000000000000000000000C7
:1019200000800000000000000000000000000080B7
:10193000000000000004000000040000000000009F
:101940000000000000000000000000000000000295
:101950000000000000000000000000000000000087
:1019600000000000000003000000000084000400EC
:10197000840080098008800482418001A104000164
:1019800080008400830020A0A084800100A090003B
:1019900010200000000080001000000088000800F7
:1019A000080008008000000110080010000000106E
:1019B000000008008000802000200020000080043B
:1019C0000000000000014000100080200020800086
:1019D0008000000440000000100010000000000023
:1019E00000000000000000000000000000001100E6
:1019F0000100410020842085028009A002080280A5
:101A00000002020021002011852105400420000071
:101A100004101080081000000210C00000C0050073
:101A20000100C010C11004008240009008000000B6
:101A3000008500000000082104C1C08500A100004D
:101A400004800800000000020100010020A10080C5
:101A50002000040000809100C00084000105000007
:101A600000000000400000000000020040000400F0
:101A7000000021200400049002020804202000003D
:101A8000088404200020209020200920404003905A
:101A90004100000080200084200409004140000033
:101AA000100000C008848802084000000300020003
:101AB000028408000021058400004000000210900C
:101AC00020C00000002008020000090800C0030434
:101AD000000220100900004010400800108210048D
:101AE00000000000000000000000000000000000F6
:101AF00000000000008000000100010000800100E3
:101B000000000000008000800100000000002000B4
:101B100000000000000020000000010000000000A4
:101B20000000000000000100200000000000000094
:101B300001000000010000A0000000000100000002
:101B40000000000000000000000000000080000015
:101B50000080008001000000000000000000000084
:101B60000000000000000000000000000000000075
:101B700000848000000180011100A0A120A120C0EC
:101B800080050085008441C100910401A005200565
:101B9000200510C12100211121014100024000A0B7
:101BA00003200000830104000490049000008000E2
:101BB00000001000000003014100031100000800B4
:101BC00000000300002000000000008480011100DC
:101BD0000089000000C000011084800410A0008370
:101BE0000888C0880000000000000000000000001D
:101BF0000010000004210020040400050504010475
:101C0000410208840020824084048804012005A049
:101C100001A0A1A0852000418420402084050180EE
:101C200000000082000020200100010001000000EF
:101C3000040000000000000000408200102082002C
:101C40000000820000000080000000000000400250
:101C50001000000808000000001083000283000547
:101C60000010C0100500000000000000100000007F
:101C7000000000000000808304880811040809891E
:101C800089050990090940400208808808418210AE
:101C9000C009000800800304208489040304910320
:101CA00080022100100000000441004100111020BA
:101CB00004002000200020000000000000000000C0
:101CC00000080209001100090303090400020208C8
:101CD0001100800002000000034009410040114053
:101CE0000900020000001100000000000000910047
:101CF00000000000000000009089410820880001D9
:101D000001821183040501A104C0008304100011A5
:101D100089911185088900080108C1C00240918895
:101D20001001A0010300010000001001008508005F
:101D300000010000A1002100010000008800100047
:101D400000000001010010000000C101000190012D
:101D50000001900008008900000001014109900085
:101D600000000000C10008000000000000000000AA
:101D700000000000000000000000880190004040CA
:101D8000000105010810A1118201A088840010C083
:101D900008C1910008408889C1C0C0018982A11092
:101DA00010C140010800418488080000012088C05B
:101DB00000040000101110001004C0020100110006
:101DC0000182010308008201888882C100080000A6
:101DD00000100000000001000000010103900189D3
:101DE0000103010101000100018401000000000065
:101DF0000000000000000000000000000902400098
:101E00000500094109081000C104C011401140003B
:101E100004008240100990009108898000030800A6
:101E2000059080C01103820002800485000020809C
:101E300080804110080880208000800080400202DD
:101E400041002180038380090020008080A0008061
:101E50000000000000080000410008000309910094
:101E6000088841880909080008001080410900001D
:101E7000000000000000000000000000000008005A
:101E800000102140909108020589C010110908082E
:101E900020080982884040100011108902C01040BB
:101EA0004004088810098405110500040804008016
:101EB0000000044000880000008810C020880088CE
:101EC0000080000000000080888000002000088062
:101ED0000040042020400008001000C040000083A3
:101EE0000208100841C14083002000400008008320
:101EF00000000000000000000000000000000000E2
:101F0000019040908300918901410003880290086C
:101F1000000183A088A0101100910088090901899F
:101F200000890985821101A0110401A000A108A067
:101F300000C0040000010088040000100010010827
:101F40000811000800040000008205080088010054
:101F50000188040000010000A001008800C1019078
:101F60009011010101A10111918300000088000876
:101F700000830008000000000000000000000000D6
:101F80000000909188C090004010821110048301DD
:101F900083101101892005008900918888090900B2
:101FA000000088108404110085840411044010008E
:101FB00010880080000800A0000008008841880008
:101FC000C00090100209400002010800904188887A
:101FD000C000888800080020000000000008000100
:101FE0000000000000400010000002000000000897
:101FF00000010000000000000000000000000000E0
:102000000000000000108011001000008903100083
:1020100009400200830310081008100010C0C00817
:1020200002000000219140809000400000080089DB
:1020300000118000008000000900101080000002E4
:102040000000000000800008000000030004801170
:102050000080800080800000000000000000000080
:1020600000020011000000001180004091000000FB
:1020700000C0004100008181000000000BD0000082
:102080000000000000000A600009902000000660C7
:10209000400990200600064140099000110021846B
:1020A0000009900000002184000990000641814150
:1020B000000B9000210000008160000B90000000E8
:1020C0008181000BD00000008100000B90000042D5
:1020D0008141000B900000008181000BD0000600C0
:1020E0000081000BD00000008181000BD0001100A6
:1020F0000000000BD0000000000000000000000005
:10210000000000000000000000000000F00F0FF0D1
:10211000AA5555AAAA5555AAF00F3333998019002C
:1021200000009F06C3C1020014000014FFFF00005E
:1021300000000000FFFFF42F0000F000F00000009E
:10214000000000000000E3E3606000000000000009
:10215000000000000000000000000000000004205B
:10216000081000000000B9B94F4FFFDBFFDB24204F
:10217000181F000000002424820002082081008033
:1021800000000000000000000000000000000FF050
:10219000F00F55AAAA5555AAAA55F00F33339981C5
:1021A00018000000FF00C3C10200820000829D6E83
:1021B0009162000000000000D00B000060606060D1
:1021C0000F660F6600000000FFE3FF6000000000E4
:1021D00000000000000000000000000000000000FF
:1021E0000240018000000000B9B94F4F000000001C
:1021F000242418180000000024240200000002100B
:102200000840000000000000000000000000000086
:1022100000000000000000000000000000000000BE
:1022200000000000000000000000000000000000AE
:10223000000000000000000000000000000000009E
:10224000000000000000000000000000000000008E
:1022500000000001044000000000000000008010A9
:10226000000000000000000000000000000000006E
:10227000000000000000000000000000000000005E
:1022800000000000000000000000000000005555A4
:1022900055AACFCF0C0C55AAAA5533CCCC33BF3C92
:1022A000000000010E0F06F60000C080C0C2999920
:1022B0009900000F000F99990099C36366660000AA
:1022C0000C000C0F000000000000000000000000E7
:1022D0000000000000000000C3FFE4E40000000074
:1022E00000000000000000000000000000FF606F20
:1022F00066F066F0303CF3FF00000000000060F97B
:1023000000000000000000000000000000000000CD
:10231000AAAAAA55DB18DB18AA5555AACC3333CC88
:10232000203C000000030C0F66660000C080C0C2A5
:1023300099999901000F000F000000993C6C6666A6
:1023400000000C000C0F00FF3C3C000000000000EF
:1023500000000000000000000000003CE4E4000079
:10236000000000000000000000000000000000006D
:10237000606066F066E4000CC3CF0000000000005F
:1023800024240000909000000000000000100000D5
:10239000000000960A9CA388200500BE00DC03E034
:1023A000240005A6009C03C004000086009C038056
:1023B00000000086009C038000000086047C0190E1
:1023C00000800000000000FC03300000008600ECEC
:1023D00003B00005008600E003000000A00650AC3A
:1023E000A3800085A08600FCA3B00005008600EC59
:1023F000009900A0000070EC03390000008602E0A4
:1024000000190005000000000000000000000000AE
:10241000000000000000BC1C4040434355AA9966E0
:1024200080828082996666990FF0F00F0000FA0AA8
:1024300000C003C30000FEFA400043C3BEBAEBEA8B
:10244000EFFFFFFB000000003C3C00FF00002010FD
:102450000804F1FFF1F11F1FFF1F000000008800BA
:10246000A0000C0C000000000000000000000000B4
:102470000000AFEFAAEB00003C3C0F0FFF00000094
:10248000000000000F0F00010000000080000000AD
:102490000000000000000000BC1C4141414155AA61
:1024A000996600008082669999660FF0F00F00002F
:1024B000AAAA00C300C30000020A410041C3BABA7D
:1024C000EAEA00000004000000003C3C00FF0000BD
:1024D0008040020141FF41411414FF140F0F3C3CA6
:1024E000A000A0000C0C0000000000000000000094
:1024F0000000000000C000C300003C3C0F0F00FFC4
:102500000000000000FF00FF0000000000000000CD
:1025100000000000000000020000000000000000B9
:10252000F00F3CC39696669999666699CC3333CC86
:102530000000FC0C030300C30F000E04207000F029
:102540000000000000F0AAFA00000000FF000F0FDA
:1025500000000000000041FF4141000000000000B9
:10256000000000000000003800180000000000001B
:10257000000000000000000000000000FF003C3CE4
:10258000000000000000000000000000000000004B
:1025900000000000000000000000FFA05F00555C8C
:1025A000555C0FF0C33C696966996699996633CCAE
:1025B000CC3300003C3C030303030F000C0C303011
:1025C00000F0000000003CFCBEFE00000000FF0028
:1025D0000F0F0000000000004FFF4F4F00000000F1
:1025E0000F0F0F0F00000000000400180000000093
:1025F0000000000000000000000000000000FF00DC
:102600003C3C000000000000000000000000000052
:102610000000000000000000000000002000040096
:102620000000000000000000001008000000000092
:10263000000000000000040002000400800000020E
:10264000020091092000000020001101000000009C
:1026500000000000820000000300040000000200EF
:102660002000200009000000000000000400040019
:1026700021000000090000202000042002000400C6
:10268000020000000400200002008200040000009C
:102690000000000000000000000000000000010039
:1026A0000100000000000000000000200000000009
:1026B0000000000000000800010088000100100078
:1026C0000480000020C0010000000100000400C0E0
:1026D00000000000000008000000000000000000F2
:1026E00001000000010000000000000000000000E8
:1026F0000100900000000000008001000080000048
:102700000000000082000000010000002000000026
:1027100000000000000000000000000000000000B9
:1027200082000000020000000000000000008001A4
:102730000200000000000000800040040000900043
:102740000000802000009008020020A100842000EA
:1027500000002010200080008000020088408010CF
:102760008410090004000010850002C00000002051
:10277000001088208800840888A020C100852020BF
:10278000801000A0911090C08384100100042121CA
:1027900004C1000000000000000000000000000074
:1027A0000000210000000100000000000000000007
:1027B0001004010000000000080004210180000056
:1027C00021000000048000000380010009200010A7
:1027D000010000000100011020000410010021A1EF
:1027E00020A02141A0210121820020100900002009
:1027F000048802C1051005102100212003100010DB
:102800000190209000102008201004100220009059
:102810000084012000000000000000000000000013
:102820000000000000000000000080000001000027
:102830000001000000A100A00008A0000084000426
:10284000002000A000A00001800090410084002131
:1028500000C000840000000000000082002080848E
:1028600000100010008800000082000000000084BA
:102870000010000000C0008400200002004000841E
:1028800000C10010001080C00002004000820084DF
:102890000000801080020000000000000000001016
:1028A00000000400840004000000820040030410C3
:1028B0008404200440000020000000804120200902
:1028C00020A12041204102000202024103C08200F7
:1028D00040A04010400000008400000004000020E0
:1028E000200590410020000082100000001100200F
:1028F000080508000000000500000080000000003E
:10290000000500200088008820210011000000023E
:1029100000108400040020100000000000000000EF
:102920000000000000000000000000000300112073
:10293000804080408040004000088802214191850D
:102940008982801080048840021082A0C184801196
:1029500000840000021008820000A1000000820034
:102960008500088408100801000088A0200000826B
:102970000840108400040004802080A02010002162
:102980000000008500890000118504A000840088F3
:1029900020A18085A0400308001100000000000075
:1029A0000000000000000000000000000000000027
:1029B00000801083040010900000908010C0002060
:1029C000020204000440048004000000040002002D
:1029D0001008C040000900C0004000C00400000012
:1029E000040020418800100300401000200901006D
:1029F000000082808405008000852080204001C185
:102A000000901004002000100005002091008400B8
:102A1000100001200404050900110004000000005A
:102A2000000000000000040000000400000040005E
:102A3000210040008810090004A04084202183C1A7
:102A4000200002210520040000040410200021A120
:102A500040C1048502880521080000A00000000094
:102A60000884410000200384200041400000004011
:102A700008001000410021A04184008400A04120F2
:102A80000084001000C000C0000021C0000000024F
:102A900002040000054100400000000000A000000A
:102AA0000000000000000000000000000000900096
:102AB0000000042020410991401040114000000412
:102AC0000408900300A08800050204C1050000115D
:102AD000A02041040140A01182A0021000090000C2
:102AE0000021C100000000200010841000088400B4
:102AF000008000000000A000404000000408A0107A
:102B0000A00000000000A0002008004100000021FB
:102B100000020000000500040002400084000400E0
:102B20000000000000001000000000000000000095
:102B300000002000030021008800801009000085AB
:102B400011C0800800210000048800A1119003003A
:102B50001001A0204100044021C0002105001040C8
:102B60000000C100118300A109408040000000A0C6
:102B700000002000002008A002000085000000A046
:102B800000910082080008A080100084100000A0BE
:102B90000900000010C00890002000840000000020
:102BA000008800000000000000000000000000009D
:102BB00000000003010000050000050002100003F2
:102BC00000400005029088C09000014000200010E5
:102BD0000000001003900000C180040000A08200EB
:102BE0000090000008000020001000000810000302
:102BF000000800000100829088001000000400001E
:102C0000001000040200000000000403C0100000D7
:102C1000000000210000000000000080000500000E
:102C2000000900000000000000000000000000009B
:102C300000000000028311830285118088898309C6
:102C400002411109820390C000C041040808091024
:102C5000841040414003038805C0414100830009BE
:102C600000000080000000830409000000000083D1
:102C70000009008000008003008903000000008339
:102C8000110921000080000300890000000000837A
:102C9000A0094180000000038089048000004040BA
:102CA00000200010080200000000000000000000EA
:102CB000000000000000838391048903000402C027
:102CC0001090A1910010051102C1021101020982A8
:102CD0008988100800910108824101410102108396
:102CE000000900000010000000830405000000043B
:102CF00040839011100800020201840988000040FE
:102D00004009C089110800080001000940000000C6
:102D100040830991A14000C0904104110008004087
:102D2000C101000088010101000000000000000056
:102D3000000000000000001003004090204083C00D
:102D400008008840040082080300C0042189C002F2
:102D500010009100410291880900918804088310B5
:102D6000A0001000A00041A100000400C0000088E5
:102D700083C0A0000000410083054001040003104F
:102D80009141C00084000800C1010008000041100A
:102D90000101000090000500830100000000010017
:102DA0000101011000040005000000000000000007
:102DB00000000900110000000080C0000800404031
:102DC00090800800090005408505A00905001083D2
:102DD0000989890504004080030990041021858039
:102DE00083A10000030080000340000000000000F9
:102DF0000000838000040000A1008309000280001D
:102E000021800309080280008000831100800000F7
:102E1000A180030900040000A10083090000000054
:102E2000210003094080058011021100000000000C
:102E3000000000000000000000000000008300907F
:102E400000910590039100850083090500A080058D
:102E500020A0A00903C000112040051120C1008559
:102E60002020050300000400050900830000008005
:102E700000804009008300800000000900830000FA
:102E8000008000890003000000002089000300008A
:102E90000400000900030000000000090083000096
:102EA000008080898083090804110020020200004C
:102EB0000000000000000000000000000000001002
:102EC000000300A1918300908805820405C00041A1
:102ED00040C1830988C001039090888801902184B3
:102EE0000884C005A0900082089001210005000020
:102EF0000040000809010083000800000009008369
:102F00000088004000850089000288C0890900A16E
:102F10000000000000C102010000009000010083D9
:102F200000C00010A0A188410001000000000400C2
:102F30000000000000000000000000000000100081
:102F40000190880900010100910403C00984C18235
:102F500082C0C00209018800884190900801900257
:102F6000038988880282824005410282040000C0F1
:102F7000004083880582A0000000C18811820800FB
:102F800002400990088288002000838903820000A3
:102F9000C0820190008200000400838891820000BA
:102FA00004000188010400000000014000C100018C
:102FB0000000000000000000000000000000000011
:102FC000800008808390050240009080C08388C004
:102FD0002080098011041009C10000080090004100
:102FE000008003830090850002000941808000007A
:102FF00000000000838404800011000003808480AE
:1030000080000080030000800000110083820480A3
:103010000000008003000080000091008384048091
:103020000000000003800480000000001000111068
:103030004004200000000000000000000000000B21
:10304000D0000BD0824100099000000006604009CA
:1030500090000082118240099000008421810009C3
:10306000D000810000410009900081001181000919
:10307000D0004200000021880009D00042000082F8
:10308000000BD00042000081000BD00042000A82F9
:10309000000BD00042608181000BD0004200118201
:1030A000000BD00042001182000BD0000000810014
:1030B000000BD00000000000000000000000000035
:1030C0000000000000002D000F00C2C700FF00003C
:1030D00000009966669999666699996666990000F6
:1030E00000007CFF7CFF3333F0F020100804000068
:1030F000FFFF000000FF0000000000FF000000FFD5
:10310000000000FF000000FF00003C3C000000FF4A
:10311000000000FF000000FF00003C3C000000FF3A
:10312000000000FF000000FF000000FF000000FFA3
:10313000141FFFFF0C5DFFFF0000000000000000F7
:1031400000080000288028003C000F00383D00FFE8
:10315000001CFFDF6699996666999966669999667B
:103160000000000050505F5F33330F0F80400201BA
:103170000000FFFF000000FF0000000000FF000053
:1031800000FF000000FF000000FF00003C3C0000CA
:1031900000FF000000FF000000FF00003C3C0000BA
:1031A00000FF000000FF000000FF000000FF000023
:1031B00000FF141F141F0C5D0C5D000000000000D8
:1031C0000000104000100800020800F000AAFFFFF5
:1031D000EECC99666699996666999696996699660F
:1031E0006699141444143C00C1F522000022BCBEB0
:1031F0003CBCFF000000F0F000000000FF000000F9
:10320000FFFF0000FF000000FF000000FF000000C3
:10321000FF000000FF0000003C3C0000FF00000039
:10322000FF000000FF000000FF000000FF000000A2
:1032300000FFFFFFFFBCBCBCFFF8FF280000000040
:1032400000000000000000000000000000F000AAE4
:10325000000044CC66999966669999669696996637
:1032600066999966141414143C00020A11000011A6
:10327000BCBE3CBCFF000000F0F000000000FF00FE
:10328000000000000000FF000000FF000000FF0041
:103290000000FF000000FF0000003C3C0000FF00B9
:1032A0000000FF000000FF000000FF000000FF0022
:1032B000000000FFFFFFFFA0A0A0F8F828280000F2
:1032C0000000000000000000000000000000008678
:1032D000043C0310000000A6009C0390A40000AE74
:1032E0000A9C03C0A4800086008C03800015A5867C
:1032F000502CA0B000A5C0C6C03C33B049030000AC
:10330000C041C01C33004903C0C7C0FC3010490392
:10331000C0C7C0BC30B04903C0C7C0FC33C04D03F8
:10332000C041C0FC33304903C041C09C3300490355
:10333000C0C7C05C33904103008600F003B00000BA
:10334000000000000000000000000009590000001B
:1033500000FF00FF1000200033CCCC339966669943
:1033600099666699CC3333CC0000AAE800000000CF
:103370003C00200004FFFFFFF00000000000000CF4
:103380000000FF00F0F00F0F3C3C20000000003C6C
:103390003C3CBC1CFC0C200008009696C33C996683
:1033A000669900003C3C00FF0000003C00AAF0F0E1
:1033B000505000000000EBE00000000000000000A2
:1033C0000000000000000000000000000020B0002D
:1033D000B100FF00FF0000000000CC3333CC669941
:1033E00099666699996633CCCC330000E8E8555C61
:1033F0003C3C3C3C202000FFFFFFFFFF00000000A2
:10340000000C0000000000000000000000000000B0
:10341000003C00001C1C0C0C800002009696C33C73
:103420006699996600003C3C00FF0000003C00AA41
:103430000000505000000000EBE04145000000009B
:10344000000000000000000000000000000000007C
:1034500000000000CCCC0FF033333CC39966669972
:1034600066990FF09966669933CCCC3300FE004024
:1034700000000000221100002800000055AA9696C6
:10348000408001020000FF003C003C3C0F0FCCCC10
:103490000FF0696955AAC33CC33C3FFFCFFFFA0A4E
:1034A0003F3F996666990000FF0000FF0000003C66
:1034B00000F0F0F000F00C0C000000000000000034
:1034C00000000000000000000000000000000002FA
:1034D000C01248034000CCCC0FF033333CC3669994
:1034E000996666990FF06699996633CCCC3300FCE7
:1034F00000C03C3555550000221128000F0055AA88
:10350000969610200408000000003C000000000017
:10351000CCCC0FF0696955AAC33CC33C3FFFCFFF39
:10352000FA0A3030669999660000FF0000FF00003B
:10353000003C00F0000000F0000C00000000000063
:10354000000000000000000000000000000000007B
:10355000000000000000000020000000004000000B
:103560001000000000821000100020000000000089
:10357000210002880300000020001100000000006C
:103580000000020002022000000011000200000002
:1035900000000000020003002100210008000800D4
:1035A00000A0880085000408040004000900000051
:1035B000020009001100024021001100110011A0B9
:1035C0002008000021000488040000000000000022
:1035D0000000000000008800000000001000000053
:1035E000004000000000000000000000000000009B
:1035F000000084000000000000000000000008003F
:103600000800080000000000850000C00000000065
:103610000000840000000400000000000000000022
:1036200002008400110040000000020000000000C1
:1036300000000000000004000800900000000000EE
:10364000000000000000000000000000000000007A
:10365000000000000000000000000000000010005A
:103660000000000000000000000041000000100009
:103670000000000000000088008210000000000030
:1036800000000000000000000884000800000000A6
:10369000000000C000080000000000A00082000040
:1036A000008200C000000510000009C0002000A03A
:1036B000411000081020008820A0034008082020A6
:1036C000091020C041C021C020880008202000002F
:1036D00000000000000000000000000000000000EA
:1036E0000000000000000000000000000000A0003A
:1036F00000000000000000000000000000000400C6
:1037000000110000000000000000000000000000A8
:103710008400820002000008001000000010200059
:103720000400080008000010000000100010C00095
:10373000A011000000210010001000000010002067
:103740000208822100200021901002100010821037
:103750000000000000000000000000000400000065
:103760000000000040000200030040004000400054
:103770000202000003001110020002000200030018
:10378000002011004000000011842184004041A06D
:1037900000001110008203C00908028200842090FA
:1037A0000084200203900908008400000082118533
:1037B0000040008200824100028200C0081000C068
:1037C00000C00082000000C00002114000C00004E0
:1037D0000988000000000000000000000000040054
:1037E0004000000500094011884100218804400084
:1037F00040020000002040200000080002002009D4
:10380000000402208420002082031000C021C00098
:10381000100000001004900400008200000000026C
:103820008820820002000000000208099020C005E4
:1038300000408821C010824008000005820000007E
:103840000840100500108800880088000000000073
:1038500000410040000000000000000000000000E7
:10386000000000000082000000000084040000004E
:10387000000000880804042000900010084005089B
:1038800021002100410011400240001000840090FE
:1038900000002084000020102082418211000208D4
:1038A0002188050000C0088208C003880308008240
:1038B0000820048220840388102005C005C002A0CF
:1038C00000104184009000001000058241001008A3
:1038D0001188414000880000000000000000000046
:1038E00000000000000000009000000090050000B3
:1038F00004009000004184008840200000008410F3
:10390000000900100004001100210021040000093A
:1039100020119005004100C00241000584080810F4
:10392000004100000421A011001000210000A005AA
:103930000000A1410104011020080008000300005C
:1039400000090041000884031020082100080441F8
:10395000A00310050841082100000000000000003D
:103960000000000000000000000040000000040013
:10397000000000000082090040000000002000005C
:10398000080009A0000000000284008400C00000BC
:10399000410000A00000080400000940000000846D
:1039A0000088210000A00800201000841084000876
:1039B0000502009010000800000000104100000007
:1039C0000000000004200088000000A0000810880B
:1039D000008208020002008402840000000000004F
:1039E00000000040002000008809000204110003CC
:1039F00040004002001182024004A002900004092D
:103A000090209004000004200803000008200040DB
:103A100090050841000900000000000010000000AF
:103A20000000082108000200102040004021000092
:103A3000002008050000900040094000842100009B
:103A40000009C00008000000000000000009040098
:103A500000400000000000000040040300000000DF
:103A60000000000000000000000000000000000056
:103A7000000000002000000000000000208408007A
:103A800000000000020005A01100000000000088F6
:103A900000840000000000102008039000000800CF
:103AA000000411100984100000040000054000000B
:103AB000212000824184084000A0200010880000DE
:103AC00000A00000094000400088100000000084B1
:103AD00000A000000020008400A0080000C000003A
:103AE00000000000000000000000000000000000D6
:103AF0000010200000058809000304038803A011BA
:103B0000900302090009C004204020000241024144
:103B100000200809022100040241002102030000E4
:103B20000000102100040004840000040040C009CB
:103B30000000000000000821900590000500050825
:103B40000000000888100041000500210000042149
:103B50008241004100100021000582090803200075
:103B60000000000000000000000000000000000055
:103B70000000000000000000000000000000000045
:103B8000800000000000000080000000000000082D
:103B90008000800000030000800041000000000061
:103BA0000000800000000000000080000000000015
:103BB00000030000800000030000000003000082FA
:103BC00004000000000000000000000000000000F1
:103BD00000000000000000000000000000000000E5
:103BE00000000000000000000000000000000000D5
:103BF00000000000000000000000000000000000C5
:103C0000000082000000008200008200000000909E
:103C100088404088C000000100008200000000824F
:103C20000000000082000000008200A0820000006E
:103C3000008888000004400000010000020001002C
:103C4000C0C10000000000000000000000000000F3
:103C50000000000000000000000000000000000064
:103C60000000000000000000000000000000000054
:103C70000000000000000000000000000000000044
:103C8000000000000000900000000000000085001F
:103C900000002000A100840100820000000000005C
:103CA000000000C000000000020000000000000052
:103CB0009100000090000500C00000040000010019
:103CC00000000001014000000000000000000000B2
:103CD00000000000000000000000000000000000E4
:103CE00000000000000000000000000000000000D4
:103CF00000000000000000000000000000000000C4
:103D000000000000000000000000000000000000B3
:103D10000400004080000200200300C14120000098
:103D20000000000000800000000000000000000013
:103D30000000040000400000820085020080004175
:103D4000400000000003418000000000000000006F
:103D50000000000000000000000000000000000063
:103D60000000000000000000000000000000000053
:103D70000000000000000000000000000000000043
:103D80000000000000000000000000000000000033
:103D900000000000038041C0000402000300800016
:103DA0000000000000000000000000000000000013
:103DB00000000000000000004100000200000000C0
:103DC00000000000000000000000000000000000F3
:103DD00000000000000000000000000000000000E3
:103DE00000000000000000000000000000000000D3
:103DF00000000000000000000000000000000000C3
:103E000000000000000000000000000000000000B2
:103E100000000000000001A01103000100000100EB
:103E200020000000000000820000000000000000F0
:103E300000000000000000000090010000000000F1
:103E400000000000000000000282000000000000EE
:103E50000000000000000000000000000000000062
:103E60000000000000000000000000000000000052
:103E70000000000000000000000000000000000042
:103E80000000000000000000000000000000000032
:103E90000001000000400188410000000001010015
:103EA00000A00000008200000000000000000002EE
:103EB00001000083000000200102020000000083D6
:103EC000000000000000008200A0010008A0000027
:103ED00000000000000000000000000000000000E2
:103EE00000000000000000000000000000000000D2
:103EF00000000000000000000000000000000000C2
:103F000000000000000000000000000000000000B1
:103F10000000000800000000020002000000000293
:103F200041000000000000800000000000000000D0
:103F30000000040000020000000004809100000066
:103F400000A002000000000000800000410080206E
:103F50000000000000000000000000000000000061
:103F60000000000000000000000000000000000051
:103F70000000000000000000000000000000000041
:103F80000000000000000000000000000000000031
:103F900000000000000012000000000000001242BB
:103FA00021480009D0000A42000000000000120071
:103FB00000000000000000001200000000000000EF
:103FC000120081480009D00012000000000000002B
:103FD000124200000000000000000000000000008D
:103FE00000000000000000000000000000000000D1
:103FF00000000000000000000000000000000000C1
:1040000000000000000000000000000000000000B0
:1040100000000000000000000000000000000000A0
:104020000000000000000000000000000000000090
:104030000000000000000000000000000000000080
:104040000000000000000000000000000000000070
:104050000000000000000000000000000000000060
:104060000000000000000000000000000000000050
:104070000000000000000000000000000000000040
:104080000000000000000000000000000000000030
:104090000000000000000000000000000000000020
:1040A0000000000000000000000000000000000010
:1040B0000000000000000000000000000000000000
:1040C00000000000000000000000000000000000F0
:1040D00000000000000000000000000000000000E0
:1040E00000000000000000000000000000000000D0
:1040F00000000000000000000000000000000000C0
:1041000000000000000000000000000000000000AF
:10411000000000000000004000000000000000005F
:10412000000000000000000000000000000000008F
:10413000000000007B750000AEDE00000000000003
:10414000000000000000000000000000000000006F
:104150000000000000007B7500000000000000006F
:10416000000000000000000000000000000000004F
:10417000000000000000000000000000000000003F
:10418000000000000000000000000000000000002F
:10419000000000000000000000000000000000001F
:1041A00000000000060000000000000030020000D7
:1041B000000000004003066000008667C0020000A7
:1041C00000000000408C07000000000000003002EA
:1041D0000000000000004003E66100000000000055
:1041E00000000000000000000000000000000000CF
:1041F00000000000000000000000000000000000BF
:10420000000000000000000000000000800000002E
:10421000000100000300040000000820000011401D
:1042200005000002004000200000000040000200E5
:10423000C000A000890488000300000000000410F2
:10424000200084000820202020200800080004000E
:104250009100040004002000020884000400110002
:10426000000004202000034020000400112004006E
:10427000020803100800030004000400000000000E
:1042800000000000000000000000000000004000EE
:104290000000001000000000830082000000000009
:1042A000080000000000008082800800000001007B
:1042B00001000500050008000500000000C088009E
:1042C00003800300200084808580018008000100B5
:1042D0008200020000000500010000002000010033
:1042E0000400020001000500040005000000008039
:1042F000080021000000010004000100000000008F
:1043000000000000000000000000000000000000AD
:104310000000800000000000100000000000080005
:10432000040000008000020000C041000000800086
:10433000900880002000880184009000888400009C
:104340000800000000001120090000A00008000083
:104350001020002008400588889008008400C100D3
:10436000009000200404044082A0410809209088A5
:1043700041088320024109402109414009084120A8
:10438000000000000000000000000000000000002D
:104390000000000004000000820000000000000097
:1043A000000001000000080001000000C000000043
:1043B000020021802000010041202108400021212D
:1043C000000090119021000800000008000000008B
:1043D000901000800080208800082108002008102C
:1043E00008102010A0C0010809A10500904100217B
:1043F000041000100221C1A020A004408408001075
:10440000201000000000000000000000000000007C
:104410000000000000010000A0008000000000007B
:104420000410051011100002A00008822041202075
:1044300004102008884141100010211020100510A0
:10444000001000008084800280C00090400820821C
:10445000209002A000108002008400000800008864
:10446000058200080000048200830008000380A089
:104470000040002100C12010008500C00083000022
:104480000003009000000000000000000000000099
:104490000000000000090040000008000241000088
:1044A000000500000000000090000400000000C0B3
:1044B00000800100000011900003000000001000C7
:1044C000000300000000200020000403C00084025C
:1044D000C0000005890000002000000084000000EA
:1044E00000000041000000000100C00400040010B2
:1044F0002009000000841004000000201000C010FB
:1045000000000020880800000000000000000000FB
:1045100000000000000000008900040000200304E7
:104520000900030011008011000041000400001088
:104530000800080021000805900480001000000019
:1045400085000020402100001084000003100300BB
:1045500008A0000000002008804002102001A08573
:1045600000008408200420200800801000001004AF
:1045700008828800820410C0A1822120904141203D
:1045800020042000108820880000000000000000A7
:1045900000000000000000009000200001000080EA
:1045A00000900010000000000420000802400020DD
:1045B0000805002004410000018811831005010056
:1045C000000908108880219000C00021821000009E
:1045D0000004902000418200830520898500892005
:1045E000040400100909008502C000082011001011
:1045F000848300000400050008040220208302C018
:1046000084C000A00921080501000000000000008E
:1046100000000000090000000400100082400001BA
:104620000801020002C1051003032020030000104E
:10463000030800A000C009C0084000020510214086
:1046400000820882002020C008080000C04000400E
:104650000000A08804C00010020002400890008200
:104660000001002040C00800000208840500400846
:10467000404020882100001003082000A10208010A
:10468000828921090210050220C0004100000000BB
:1046900000000000000000000000002001000300F6
:1046A000002003100100012000C000A09080000045
:1046B0009000000000000008A000A1802080008081
:1046C000C000000000118200010002000000040090
:1046D0000000000004020000000000110885000036
:1046E00000000040000090001011100002040000C3
:1046F00000001000C0000000000088000100200041
:104700000004030400040000000001002020000059
:104710000000000000000000000000000000000099
:104720000001200000000200000002A0020011C0F1
:10473000020800840090030008000084030400C005
:10474000840141000004202011A100844182000066
:1047500005C020C010842010802020A00800110077
:104760000088008408000882848820A0000141009D
:104770008200851004882008001000408010050089
:10478000040810A000080300098402880320210403
:1047900000000000000000000000000000410000D8
:1047A00000090040910000000141002101000100CA
:1047B000201100410000040004090000000800006E
:1047C000000010028821880500200002002000005F
:1047D0000000000020040203200320030410001046
:1047E0000003C0001000100002102005880388207C
:1047F00000212120022005058200202008830421B9
:104800000405A10400090010A0098441820590005C
:104810000088000000000000000000000000000010
:1048200000000500080941000821048308A103894C
:104830000589882100210011402010200221044117
:104840000810880321058440042140838200828867
:1048500041110000008389098800000000830009DD
:1048600084000080800300894100000000030009EB
:10487000000000008003000984000080000311098B
:10488000908000808003C089088000008003850933
:104890000200008000000000000000000000000096
:1048A00000000000C100400101000000C083204062
:1048B000C0040002890000C0008200050309030053
:1048C00002000001400184100390000840838340EF
:1048D00008020110000000054089038800A0004183
:1048E0000289020088842011201100C00004000108
:1048F0000001900008C02091104102900010A0110A
:1049000088090308000820411111200890402091D7
:1049100083C1008800C0000000000000000000000B
:104920000000000000004000850290A1018989007C
:104930000810080008820400821102110890040087
:104940008409C08802C083010820094083C10991FD
:10495000C11003098320000082008900880801C17A
:104960000000890004008585A0059000A0A08311A7
:10497000000401000020010188C0A10008C01183CB
:104980009040C001020283C100900100049005C163
:104990002001C10088008303000000000000000027
:1049A00000000000000000004020048040C003110F
:1049B0001020098003004180C00502C1201003803F
:1049C000A004854140A089800803C00310038390A0
:1049D00008408880020283900000000041000080AF
:1049E000038900004100800083898010000080005E
:1049F000838500804100008003090011C100000090
:104A000003090083800480008385002041000000AA
:104A100003890040A1008000830500000000000021
:104A2000000000000000000000000000000805C0B9
:104A300000A1008980040082A1C04020000500A1DF
:104A4000039040880020808503058020C0202188B5
:104A500020834008001110000883000000000000BF
:104A60000009008300000000C1098003000010005D
:104A700021090083000021000009800300809000CC
:104A8000008900830080208040890003808021000D
:104A900085090083000080000009008300000000F9
:104AA00000000000000000000000000000880082FC
:104AB0000102000940848240402110118200C04060
:104AC0008884888982090085100941822005919097
:104AD00082090183008302020290008300000088A3
:104AE00000A000050083008800A0A0A140A100C094
:104AF0008882102102210002000000010401001040
:104B000008908885840910028908A1050241820263
:104B100088828589082100080420C085A041000002
:104B200000000000000000000000000000008210F3
:104B30000008828910C00320400002009008820112
:104B40000200410020888240020102000810059006
:104B50009103020004028320022110000290000051
:104B60008990889000000200892082900400000053
:104B7000898989400801881001201040000000A0A8
:104B8000038809201000C088C1880990100108001E
:104B900009001090020010000389050208008890A7
:104BA0000000000000000000000000000000000005
:104BB000C0910908119004808385800480040080DE
:104BC00088030308A02091809084C1412010A18017
:104BD00040080811110989808382000808008800B4
:104BE0000000090300000000800003840000800032
:104BF00009000391040000400080038000000000D1
:104C0000090083C0840080000000038084008004C9
:104C10008000830080008500800003910480800074
:104C20000000000000000000000000000000000084
:104C300000008241000990000000114140099000ED
:104C400041848200000900002100110000090000D9
:104C5000005082810009D00081000081000BD0004B
:104C60008200000082810009D000000082810009DA
:104C7000D00000001182000BD00000008181000BE9
:104C8000D00000001182000BD00000002184000B36
:104C9000D00000001182000BD00006001182000B32
:104CA000D0000A000000000000000000000000002A
:104CB0000000000001000000FF6FFF660000000020
:104CC000804010200041002800004128800140025F
:104CD000001100223C240C0C0100090011119090DD
:104CE000111190900000FFFF0000FF0000003C3C0D
:104CF0000000FF000000FF000000FF0000003C3C3F
:104D00000000FF000000FF000000FF000000FF00A7
:104D10000000FF0000000F0F0000FF000000FF0078
:104D20000000FF0000000000000000000000000084
:104D3000000000000000000000000F0F0000FFFF57
:104D4000000001020804410028004128000010086A
:104D500020041100220018000C0C000000001111AA
:104D60000909111109090000FFFF0000FF00000000
:104D70003C3C0000FF000000FF000000FF000000BE
:104D80003C3C0000FF000000FF000000FF000000AE
:104D9000FF000000FF0000000F0F0000FF000000F8
:104DA000FF000000FF000000000000000000000005
:104DB00000000000000000000000000000000000F3
:104DC00000000000000000000000000000000000E3
:104DD00000000000000000000000000000000000D3
:104DE00000000000000000000000000000000000C3
:104DF00000000000000000000000000000000000B3
:104E000000000000000000000000000000000000A2
:104E10000000000000000000000000000000000092
:104E20000000000000000000000000000000000082
:104E3000000000000000000000003CC33CC3FFFF76
:104E40006666FFFF148240800201448800004488A7
:104E5000000044880000100880010002FCFC7E7EF7
:104E600080180000000096005A000000000000FFBB
:104E70000000F0F0000000FF0000F0F0000000FF74
:104E80000000FFFF000000FF0000F0F0000000FF46
:104E90000000F0F0000000FF0000FFFF000000FF36
:104EA0000000F0F0000000FFFFFF0F0F0000000007
:104EB0000000000000000000000000003CC33CC3F4
:104EC000FFFF6766FFFF148220100408000044887B
:104ED0000000448800004488200440020002FCFCDA
:104EE0005A00C2185A5ACCCC96005A000000000052
:104EF00000FF0000F0F0000000FF0000F0F00000F4
:104F000000FF00000000000000FF0000F0F00000C3
:104F100000FF0000F0F0000000FF000000000000B3
:104F200000FF0000F0F0000000FFFFFF0F0F000087
:104F300000000000000000000000000000000086EB
:104F4000006C03904860A0C709AC03C00C0000824D
:104F5000000003900800008600E003C00400A08663
:104F60005AECA31900150800049C00020010000070
:104F7000C0C6C09C33804903C0C7C09C33A049034E
:104F8000C047C07C33B04903C041C0FC3330490343
:104F9000C0C7C0FC33B04903C0C7C0FC33B049032D
:104FA000C0C7C0FC33B04903C047C07C33A0410335
:104FB00000000000000000000000000000000000F1
:104FC0000303F0F0000000009966669999666699FF
:104FD0001000AFFF000FFF0FC33C996666999966FA
:104FE00000000002C0C050F0050F040C00C2C2C295
:104FF0000000003C00FFF0F0088A0000FF00FFBF47
:10500000FFFFFF3A0F3A000000000000FF003C3CA9
:1050100000003A3AFF0F0000088AAAF0AAF0002820
:10502000052D3CFFAAF005F505F500FF0C0C00046A
:1050300050540000000000000000000000000000CC
:105040000000010150500000302066999966669971
:10505000996610000500000FFF0FC33C6699996622
:10506000669900000000C0C000A00000040C00C24F
:1050700000000000003C00000F0F088A0000F0F064
:10508000FFFFFFFFF03A003AF0F070F00000FF0081
:105090003C3C00003A3AF000044500003CFF3C0074
:1050A000000005053C00AAF030303F3F04AE085D2B
:1050B00000040004000000000000000000000000E8
:1050C00000000000000000007FFF7FFF9696CC33B9
:1050D00099666699CCEECCEE3D3D3DFF0000FFFFAA
:1050E000996666990000000035350FFF4100404089
:1050F0003000500000000F0C000C3F003F0000FF8C
:1051000000C3F0F000F0FFAA787840C33CBF000075
:105110003C3C55550000FBBAD39255FF0F3CFF0FA6
:105120003A3AC3CF003CFFAA00AAFF0000FF0000EC
:105130000000F0F000AA00000000000000000000E5
:1051400000000000000000000000FFFFFFFF969637
:1051500033CC66999966CCCCCCCC7C7C7CFFFFFFB1
:1051600000006699996640C040C0353500F0C30024
:10517000C0C03030505000000F0C000C3000300028
:10518000003C0000000000F05500787800C33CFFB0
:1051900000003C3C555500007938511055000F3C3B
:1051A000F0003A3AC3CF003CF03CF03CFF0000FF77
:1051B000F53CA03C3C143CBE000000000000000098
:1051C0000000080000000000C00084000800080083
:1051D0008000A10000C000012002C00402020005FE
:1051E0000805880402048004820208028200840008
:1051F00080000400800000000000A000A0208800C3
:105200001100200011008000C00000000400040014
:105210000400000088028404200503040300044005
:1052200004100400200882902140050002000200C2
:1052300011A011009100040080C0000000000000D7
:105240000000000000000000000005002100010037
:105250000100040020000000880201C003800980D2
:105260000082A08204C09189408040800480210097
:105270004100400090054000000000C04000418017
:1052800040008400050400004000400000000000D1
:10529000050002009000200021800188208002008B
:1052A00000000000050005000300900090000000D1
:1052B0000000840000000400010004400000000021
:1052C00000000000000000000000000000000000DE
:1052D00000000000000009000000000002000000C3
:1052E000400000000202000100000000A020800039
:1052F00003004090040420002000A01000002000C3
:10530000210090008000400004000590000004008F
:105310008510080804820040040400112008804021
:1053200020400420900420904040844109044040E3
:105330004088C110C00082840282214040400000A9
:10534000000000000000000000000000400000001D
:10535000000000000000000000000000000001004C
:1053600000000100000001800020000000002080FB
:105370000400040001000180010301052100000078
:105380000941001020412021080041101010880020
:105390009100048090020100C0888990002084055B
:1053A00004C0A008410804A00110C09021C004A1BD
:1053B00000C1A000048202080503A120A0888291F8
:1053C000000000000000000000000000400000009D
:1053D00080008000800189000001000000000000C2
:1053E000A0010000A005A000200440022000C00091
:1053F000020040004008400000C00000000211848C
:1054000000000085000100A108A10209910100022D
:1054100003A010A000C0000010100010200800041D
:10542000000200200090008904880008040405118F
:105430000020001000A100100002000400842010D1
:105440002008000000000000000000000000000034
:1054500000000800080004100400002000100010E4
:105460008400210408212184410083898390A108BC
:105470000408102101040108212000100010C008B8
:10548000001100000040C0021002010208024002A8
:105490000080040300000000000000000000010084
:1054A000908800008200C000002001002000214000
:1054B00008202080001110208208100002008409BA
:1054C0008400102100000000000000000000000027
:1054D0000000000000004000100000020008000072
:1054E00005080000400000010000200000000882C4
:1054F0004040000141C1C00002C09000802083886C
:105500000011001000008302212008C0008240002A
:1055100002A000A005002040209188040501002081
:10552000410000880811109080110010410282A0F3
:1055300041A08282080840080810218802200090BB
:105540008008100208900000000000000000000029
:1055500000000000000000000000010000000085C5
:105560000010000000000100000200100100000017
:105570000041010300020002210001000408048030
:1055800004209002008000C02000000000004000C5
:1055900001050000400008098880000402020004A0
:1055A000008984000002002084000440C0099000AB
:1055B0000309A040030800049041000810008882FD
:1055C00000090400000004100000000000000000BA
:1055D0000000000000002000040084018800080191
:1055E000008200C00082020082C089000210888808
:1055F00000A1900005A0C02002100200110002844A
:1056000040000803000000020000100010004110DC
:105610002004204003C000048210200809820301F6
:1056200010080084908200840040001000022008CE
:105630000040049000000005021000000890A0C087
:10564000090000841010200020020000000000006B
:1056500000000000001000000000410009041121BA
:105660000110820582108208820020102010011093
:10567000201000042000881020C04080820090107C
:10568000C02100214082000540880000C0031000B6
:10569000004000000000000000A1401000100008C1
:1056A000002084040020400000022080880940116E
:1056B000A000848405009000404003408421200025
:1056C0002011900000210000C10001110000000025
:1056D00000000000000000000000000004001100B5
:1056E00010000401002000080008000000000088ED
:1056F000C090840100200004000200004140C082EC
:105700000020002005850000410800A000000002E4
:10571000000800020210000121009084892003404B
:1057200002C000020840028880A00008098404002A
:105730000088200000A021908088848400882004B4
:10574000210409828088201020844120410100002A
:105750000000000000000000000000000000000346
:105760000000010000044080000040000000000034
:10577000000041110402020000C10000000000000E
:1057800004000009000000020040000000000000CA
:1057900004C14005000000000420000004090408C2
:1057A0000411090588000080000004000041000980
:1057B000210810212100884000000400024110202F
:1057C000008002800040201009000100C0C00020BD
:1057D00000000000000000000000000000000000C9
:1057E00000858905080521C108839090880511006E
:1057F00000031121C1000080800311030000030099
:1058000080830021408000800083118010000040D0
:10581000000080030000A000200000030900408079
:1058200080000305808804214091A0200589A040C4
:10583000201000838909090000800003C0098880C6
:105840000000008300891080000000038089A00010
:105850000000000000000000000000000000000048
:1058600000000083910800010021018910118809BE
:1058700000A00011110411C000108291040000C0AA
:105880000010048900080002000208110410C08200
:1058900000050000048984824188001088838340C9
:1058A000C01008000941C0A11040C1082110C10367
:1058B000028900C1000911110890001020010501A2
:1058C0000210000220832003011000C00009080319
:1058D0000288000800000000000000000000000036
:1058E0000000000010000890019083908200A188C1
:1058F0000911A0A0010000010020210404004001C2
:10590000820085011001C000004083821000080160
:105910001020C18400002000040020900385200195
:10592000200104044110091090840240040108C0C1
:10593000A088C11008C010020400882021408821DE
:1059400010000590C105880040008900410510A0A5
:105950001000C1210911000000000000000000003B
:1059600000000000000083008500052089800841B8
:10597000410010C1A0A110210002000003830841D2
:1059800000100000831080028504008083C0A108FD
:105990008002000083A1000000088010800083C006
:1059A00080020304000003809185210011C088104B
:1059B000054085C082800002801180000080830045
:1059C00000A000002100838900000000A10003095D
:1059D0000000800021848309000000000000000016
:1059E000000000000000000011000088C00041839A
:1059F00000208920001105A00000210040A10083A3
:105A000000000980030000038000800091A10003D2
:105A100000800090088000830000A1800080048046
:105A20000003900500800000000302A1A0041020E4
:105A3000A088080341118409848880008300050937
:105A4000000300002080000980030000000080099E
:105A500080030000A0008009800300000000000017
:105A6000000000000000000000000000100390048F
:105A70000183000989A0828201882008880804081F
:105A8000008388080120C140C0411040820808847A
:105A900000C1101010110408000300008202080465
:105AA000020400C183088802408800010103898440
:105AB00083894083008804412011C1A12090218264
:105AC000830904210008000800098291000488402D
:105AD00008A182C10004089010414041000000006C
:105AE0000000000000000000000000008291C1855D
:105AF0008801202084200802820088888402840291
:105B000090008800850020020400A008410288104F
:105B100008000888822000A0850000820000832100
:105B20000020840000C041880800400000000008F8
:105B30000805200020088200098204840920894089
:105B40001040100040824188114010001000098967
:105B5000899008000800890110408800880800002A
:105B6000000000000000000000000000000085119F
:105B7000020303029180112009C004030480001174
:105B8000000005000000032000000500008003A0C5
:105B900085808000808080110000900000800000DF
:105BA0008320002180000300030821000000004042
:105BB000200209C004110480001140A100C120800E
:105BC000091180008004008003800400000080022E
:105BD00083A184000000800003408000000000805A
:105BE00000000000000000000000000000000000B5
:105BF0000088000990004100004100099000000069
:105C00000000000B90400000000000099000828816
:105C10008182000BD00042608181000BD0000041E6
:105C2000000082810009D00082000081000BD000BA
:105C300041001242000BD00006001242000BD000BF
:105C400082001242000BD00041501182000BD000A4
:105C500000501182000BD00000420A50000BD0000F
:105C60000000000000000000000000000000000034
:105C7000000000000000F0F00F0FAFA0AFA0FE0486
:105C80003C3C0F0F0F0F000000FF00000F0F000043
:105C9000FFFF000000FF000000FF0F0F0F0F0000CC
:105CA0000F0F000000003C3C0000FFFF000000FF61
:105CB00000003C3C1FBF1FBF0F5F0F5FFF3CFF3C5E
:105CC000305530000000FFFF000000FF000000FF23
:105CD000000000FF000000FF000000FF000055551D
:105CE000000000FF000000000000000000000000B5
:105CF00000000000010000000000FFFFF3F30303B9
:105D000004FE3C3C0F0F0F0F000000FF00000F0FC0
:105D100000000000000000FF000000FF0F0F0F0F49
:105D200000000F0F000000003C3C000000000000DD
:105D300000FF00003C3C10B01FBF1F5F5F5F003CD6
:105D4000003C305530550000FFFF000000FF000010
:105D500000FF000000FF000000FF000000FF000047
:105D60005555000000FF000000000000000000008A
:105D7000000000000000FFFF1C3CBCFFA00000F082
:105D800000AAF0F0F096FF0000003C3C0000FF008D
:105D900000003C3C0000FF0000000F0FFFFF3C3CF8
:105DA00000003C3C00000000FFFF0000AAAA000029
:105DB000FFFF00000F0FFFFFFAFAF8F8FDF0FDF00B
:105DC000BFBE0F007FFF7FFFFF000000FFFF00004E
:105DD000FF000000FF000000FF000000FF000000C7
:105DE000FF000000FF0000000000000000000000B5
:105DF0000000000000000000FFFF0C0C3CFF000052
:105E000000F000AAF096F096FF0000003C3C000075
:105E1000FF0000003C3C0000FF0000000F0FFFFFF0
:105E20003C3C00003C3C0000000000000000AAAA2E
:105E30000000000000000F0FFFFFFAF8FAF8FDF075
:105E4000FCF08F820F00FFFFFFFFFF00000000004B
:105E50000000FF000000FF000000FF000000FF0046
:105E60000000FF000000FF00000000000000000034
:105E7000000000000000000000000000000C00090D
:105E800000000086041C00800000A2C651F0A0148F
:105E90004D45A2C75130A0B44945A2C75114A3949F
:105EA0004140A2C2519CA3B449450000A2C351BCC9
:105EB000A3B44945A2DF518440846140008600FCC0
:105EC00003B80000008670EC03B00085C0C6C0FCBB
:105ED00033B04903C0C7C0FC33B04903C0C7C03C9E
:105EE00031A04D03C0C7C0FC33B04903000000001F
:105EF000000000000000000000000000FCFCF33087
:105F000005F55F5FC302C100000000001100001131
:105F100000FF55552FF80FF03F033F3F3C003C007A
:105F20000000207550505555C200FF3D00005050F4
:105F300055555C3CAC3CFAAA50000C4D0C4DC18050
:105F4000C180505F3F3FF3F330303CFF3CFFFF78B0
:105F5000557800280041AFFCAF0CE545E040FF302C
:105F6000FF00CFCF14D700F000334D4D4D4D000052
:105F70000000000000000000000000000000C0C0A1
:105F8000F33005F550500202000010141F142200D7
:105F900000223C3C0F0F2FF80FF00303033FFF28B4
:105FA000F720000020755050000000C23DFF0000A7
:105FB00050500000553CAA3CF000F0000055005540
:105FC000C180C180505F3030EB28EB280A0A5F5F48
:105FD000AA78007808080101A0FCA00CEF4FEA4A5B
:105FE000FF00FC000C0C14D70FFFCCFF00C33CFFDC
:105FF00000000000000000000000000000000000A1
:10600000FF3CBE822D2D5F5F00A000A0004100413B
:10601000030057550000FFFF0C0C0C0C05000F008F
:106020006D6D09080404EBEB0C0C0D0F555555551F
:106030000000BABA303082BE80BFFA0AAAAA003C79
:106040000F3CF0F03C3C0000C000FF3CE8E8257548
:106050002F7F3CAAFFF014D7CFCFCCCCCCCCC00044
:106060003FFF3A3AFF0F00FF0CFFBEBEFA50173C4D
:1060700017FF00000000000000000000000000000A
:106080000000C300BE822D2D0A0A00BC0080004023
:10609000034300005555FFFF00000C0CFFFF0400F8
:1060A0000E006D6D49480404FFFF0C0C08003333EB
:1060B00033550000FFBAFF30417D407FF000000003
:1060C00000000F0FAAAAFF000000C080C300E8E88C
:1060D00020702A7A3CAA00F014D70C0CCCCCCCCC83
:1060E000C0003FFF3A3AF000003F00FF1414FA509E
:1060F000170017C3000000000000080000000000A7
:10610000000000000000000000000000000000008F
:106110000500000000000000020008002000000050
:10612000080000000284000000880300080021002D
:106130000000050000000000000021000000040035
:106140000000000000822000201000000520111037
:1061500002002100000002000508040040200400A5
:1061600003082188000002C00488000000401110CC
:1061700020000408110000000000000000000000E2
:1061800000000000000000000000002000000800E7
:1061900084110840000200000011000000090809F5
:1061A000000900090840000002000200000002008F
:1061B0000000820002000000020000000400040051
:1061C00088408400200082000800000002000000D7
:1061D0000400020000002000000084000000000312
:1061E0000000A000020000000000C04082009000FB
:1061F000000002000000000000000000000000009D
:10620000000000000000000040000000000000004E
:10621000000000000000000000000000000000007E
:1062200000000000000040000000001000004000DE
:1062300000000000000841C0000003000000000052
:106240000500000240000000410040104000050031
:106250000010008441C002881088050040001090A2
:106260000908419005A02008090009A0058421C063
:10627000050409A0090840004010000000000000CB
:1062800000000000000000000000000000004000CE
:1062900000000000000000000000000000000000FE
:1062A00000000000000000000000000000000000EE
:1062B0000000000000000003400300000000401048
:1062C00008008800000090110010002184000003E5
:1062D000A000A040400888008800840000089009C1
:1062E00040200021A008A020401084002005820842
:1062F000C010C020C0088409A01188090000000057
:106300000000000000000000000000000400000089
:106310000000040005000000000000000000000074
:106320000400114000004100000041000000118203
:106330000000000000000000080021000000000034
:1063400000080000000211000388210040820200C2
:1063500000004102218240000000110021200002C3
:1063600002A011100404029011400084008840082B
:106370000000008400080888001000C0000200002F
:1063800000000000000000000000200000000000ED
:106390000000000040000421020888000011824033
:1063A00088050420100000414010880000080040CB
:1063B000820002002010002108088800000400006C
:1063C0000000880088050008000888418203020058
:1063D000900340219004C0082041C021880282110E
:1063E00008030402A004002090008205904084412C
:1063F000A041002100091041820388000005A0206F
:10640000000000000000000000000000000000008C
:10641000000000000000000000000900000009006A
:1064200000880900008200000082000000000000D7
:10643000000000000000008800004084000400C04C
:10644000000000820040080421A02010209000C01D
:1064500020020900098400A0009011C010C00010A3
:1064600041C0000200822084031020884190002057
:10647000418805A00804004003881002100403A00E
:1064800000200000000000000000000000000000EC
:1064900000000000000000000400000000000010E8
:1064A0000000000000000000900004004000000018
:1064B00000000011000500000004A0020009000017
:1064C00002050000880890000408001084200010D5
:1064D000081108408200902102030802021184057D
:1064E00004008409C0210421900804024005881199
:1064F0008204204008204010C01140210840C010F4
:10650000A0002011000000000000000000000000BA
:10651000000000000000000000000000000040003B
:1065200000000000000000100000008200000000D9
:106530004000000000000000000000844000000057
:106540000004000000002010000020400320000094
:1065500004004000000004080008200000000502BC
:1065600000000008110000100940202009884100A7
:10657000002000000000000020000208218200A08E
:106580000300000211C00000000000000000001124
:106590000000000000008803000300000005004127
:1065A0000420000300110020904000000009841125
:1065B0000000001088100020900984110441881008
:1065C000A02010090420000000000000002100119C
:1065D000200900002000002100110241400884052C
:1065E0000041080200211002021102108208042159
:1065F0009010000300004021020040020820000922
:10660000084040110411202100000000000000009B
:106610000000000000000000110000000000000069
:1066200000000000000000104020000000000000FA
:106630000000000011000000000000000000000049
:1066400000000000000000000000402000000000EA
:106650000000000000000082119010000984110069
:1066600010200000000800C008000000009000C0DA
:10667000090009A000900000001010100000004068
:1066800000082088099000841184000000000000A8
:1066900000000000000000000000000000090000F1
:1066A00000210020000000410000000000088804D4
:1066B00000000000400000008803002000200003CC
:1066C00000080041A041900400000000204020404C
:1066D0009004081102099021100082000020820518
:1066E000001088419005821084050410901190409C
:1066F00088088400824188108821040888090441A0
:10670000402104108441881004100440000000005F
:106710000000000000000000000000000000000079
:106720000000000000000000000000000000000069
:106730000000000000000000000000000000000059
:106740000000000000000000000000000000000049
:106750000000000000000000000000000000000039
:106760000000000000000000000000000000000029
:106770000000000000000000000000000000000019
:106780000000000000000000000000000000000009
:1067900000000000000000000000000000000000F9
:1067A00000000000000000000000000000000000E9
:1067B00000000000000000000000000000000000D9
:1067C00000000000000000000000000000000000C9
:1067D00000000000000000000000000000000000B9
:1067E00000000000000000000000000000000000A9
:1067F0000000000000000000000000000000000099
:106800000000000000000000000000000000000088
:106810000000000000000000000000000000000078
:106820000000000000000000000000000000000068
:106830000000000000000000000000000000000058
:106840000000000000000000000000000000000048
:106850000000000000000000000000000000000038
:106860000000000000000000000000000000000028
:106870000000000000000000000000000000000018
:106880000000000000000000000000000000000008
:1068900000000000000000000000000000000000F8
:1068A00000000000000000000000000000000000E8
:1068B00000000000000000000000000000000000D8
:1068C00000000000000000000000000000000000C8
:1068D00000000000000000000000000000000000B8
:1068E00000000000000000000000000000000000A8
:1068F0000000000000000000000000000000000098
:106900000000000000000000000000000000000087
:106910000000000000000000000000000000000077
:106920000000000000000000000000000000000067
:106930000000000000000000000000000000000057
:106940000000000000000000000000000000000047
:106950000000000000000000000000000000000037
:106960000000000000000000000000000000000027
:106970000000000000000000000000000000000017
:106980000000000000000000000000000000000007
:1069900000000000000000000000000000000000F7
:1069A00000000000000000000000000000000000E7
:1069B00000000000000000000000000000000000D7
:1069C00000000000000000000000000000000000C7
:1069D00000000000000000000000000000000000B7
:1069E00000000000000000000000000000000000A7
:1069F0000000000000000000000000000000000097
:106A00000000000000000000000000000000000086
:106A10000000000000000000000000000000000076
:106A20000000000000000000000000000000000066
:106A30000000000000000000000000000000000056
:106A40000000000000000000000000000000000046
:106A50000000000000000000000000000000000036
:106A60000000000000000000000000000000000026
:106A70000000000000000000000000000000000016
:106A80000000000000000000000000000000000006
:106A900000000000000000000000000000000000F6
:106AA00000000000000000000000000000000000E6
:106AB00000000000000000000000000000000000D6
:106AC00000000000000000000000000000000000C6
:106AD00000000000000000000000000000000000B6
:106AE00000000000000000000000000000000000A6
:106AF0000000000000000000000000000000000096
:106B00000000000000000000000000000000000085
:106B10000000000000000000000000000000000075
:106B20000000000000000000000000000000000065
:106B30000000000000000000000000000000000055
:106B40000000000000000000000000000000000045
:106B50000000000000000000000000000000000035
:106B60000000000000000000000000000000000025
:106B70000000000000000000000000000000000015
:106B80000000000000000000000000000000000005
:106B900000000000000000000000000000000000F5
:106BA00000000000000000000000000000000000E5
:106BB00000000000000000000000000000000000D5
:106BC00000000000000000000000000000000000C5
:106BD00000000000000000000000000000000000B5
:106BE00000000000000000000000000000000000A5
:106BF0000000000000000000000000000000000095
:106C00000000000000000000000000000000000084
:106C10000000000000000000000000000000000074
:106C20000000000000000000000000000000000064
:106C30000000000000000000000000000000000054
:106C40000000000000000000000000000000000044
:106C50000000000000000000000000000000000034
:106C60000000000000000000000000000000000024
:106C70000000000000000000000000000000000014
:106C80000000000000000000000000000000000004
:106C900000000000000000000000000000000000F4
:106CA00000000000000000000000000000000000E4
:106CB00000000000000000000000000000000000D4
:106CC00000000000000000000000000000000000C4
:106CD00000000000000000000000000000000000B4
:106CE00000000000000000000000000000000000A4
:106CF0000000000000000000000000000000000094
:106D00000000000000000000000000000000000083
:106D10000000000000000000000000000000000073
:106D20000000000000000000000000000000000063
:106D30000000000000000000020000000000804091
:106D40002000001020000800200002000000800148
:106D500000000001000020012001200105000800C2
:106D600002020020000004000900040080040088E2
:106D70000401891004002100410004000400040003
:106D80000800840080000400080004002100C00006
:106D900000011041032021200820041020081000C9
:106DA00004200401020000000000000000000000B8
:106DB000000000000000000040000041884000008A
:106DC00008C001000082090000000100000000115D
:106DD000202000000040000001100320012082005C
:106DE00000000000882000C0000910092000048075
:106DF00000000104204085400004900500000000D0
:106E00000000000021000200000008002000000037
:106E10004100001001888400000000800000038011
:106E200009000200900400000000000000000000C3
:106E30000000000000000000200000000002000030
:106E4000200020000400C000000000020000A0009C
:106E500000000000020000000000004000000000F0
:106E6000000020008503200000000040000000001A
:106E700021000400000009008000040082000800D6
:106E8000040404200404402004000201200805A09A
:106E9000C1A12090200010110421C041A020400574
:106EA000219000204020A040202000000000000091
:106EB00000000000000000000000010000008880C9
:106EC000000001000100C1002000000000000000DF
:106ED0000500104182000100000000000080000059
:106EE00082000000C1402020014000000080000816
:106EF000C00000000100C0080000040809000500EF
:106F0000C000011083800900901111202020820010
:106F1000A0000404A1001108050820A0048411A009
:106F20000004C02040000088208000800000000095
:106F30000000000000000000000000000000000051
:106F400008000001000020000000400008C0090007
:106F500000040000000300850002C000080040009B
:106F600000001140898204C0020800840000000073
:106F7000200080000200208400000020098300011E
:106F80000000040800C02008100480001040009099
:106F9000A0110084009000410210900802082020F7
:106FA000004104A1A00420058004000920A00000E5
:106FB00000000000000000000000000000000000D1
:106FC0000000000000040000000000110020000983
:106FD0000000000000000020001000002040210000
:106FE000200090002000204100000010020000005E
:106FF0000000010002202010210000000088400451
:10700000000400000000080800000100200001004A
:107010002000040400000000080410111120840066
:10702000008000048908028010402000C0A00300F6
:107030000000000000000000000000000000000050
:1070400000410040800200400000000000100020CD
:10705000000000000088000800840082050080080D
:1070600080401100000000000200002004200320E6
:10707000000020821005088205000484049004109A
:107080002184410504100885214021080291202116
:10709000A082C100418921200910884002C0100946
:1070A00010004103088288A010892090824041206E
:1070B0008502000000000000000000000000000049
:1070C00000000084008004800080000000000000B8
:1070D00020900000000090000000901100000421AA
:1070E0000440208000000000002101110080108079
:1070F00000800080840008400008100889210308EF
:107100009121201082400908202020210004001035
:107110002120200004081020A08882021090212144
:107120004188C14020082003042140200508209008
:107130009009401000000000000000000000000066
:107140000000400000000000000000000084040077
:1071500000040010800000000500040000C0114081
:107160000901004021C0400008000082008804C0DE
:1071700000000810000000C120000900098440023E
:10718000A0832000001040400320114085004109E9
:1071900020000208214000044002054004020808C3
:1071A000410803842010009002C005000084088478
:1071B0000300081020040000000000000000001080
:1071C00000110000000000000000000000000008A6
:1071D0000000002000000800001020000000000057
:1071E00000100004A0400809040000000010000086
:1071F00001008821000000000004000400200000BD
:1072000082000240000008000000880200800200A6
:1072100000C0100041200000000008400080011163
:10722000200002840000030000000100A00008000C
:107230009000002108020804000000000000000087
:10724000000000000000000000000000000020011D
:1072500000200010048400A0000000A10800000825
:10726000000100A088400011038800A000C00000B9
:1072700008200020118221200000000000000004EE
:107280000000824008110890020403A0208420100E
:1072900020C00502080009880820031040000410DF
:1072A000084008C003082009C0821010101002090D
:1072B0000810081100900988858200000000000075
:1072C000000000000000000000000000000090002E
:1072D0000120A00000000000A0008208000490210E
:1072E000002100040041028540400003020010001C
:1072F000080082050020C0000003000000100041CB
:1073000000C1880021080040041089859008010010
:1073100089219141040000081008C08002058841BD
:10732000010390802000820205882000A0414000D7
:107330002040820488208804880820020000000081
:107340000000000000000000000000008310080999
:1073500041200980000300090000000000838089AB
:10736000890000808083000911800000800310895B
:107370000200008000834009840000800000008338
:10738000A10920800080808308098000000000039C
:10739000088904800000A09084C0C1900391030577
:1073A000C008028308840009418441890003C11098
:1073B0004104C082418503200240A01040890000A2
:1073C000000000000000000000000000000088092C
:1073D000829089400010000100010000000000833D
:1073E0009005118800088803008500040000401102
:1073F000201191A000C04009831108100002000074
:1074000000050403410490020811849140020040E9
:1074100088218509084040109004A00821411040AF
:1074200089A1A1414110000300024008A1100408F5
:1074300003A0A08482080140C0020088024100022B
:10744000000000000000000000000000000000003C
:10745000840009890109908200000100880041A18F
:107460000201010010008391040011000000854119
:107470002001010082008311A00183000488C1C1A2
:10748000000090010300C0042183C004C100020475
:10749000C1820410890020A009C109418502C0A051
:1074A0009020080409C011219108091102900040A0
:1074B0002188C1904182000203C040108408C1119C
:1074C00084880000000000000000000000000000B0
:1074D000000011090805050208800009410080002C
:1074E000830980094100000083898003C1000000F6
:1074F00083898010410000008389000241000080E0
:10750000838900000002C100800083898009A100F6
:10751000800083088011414000008309A088840016
:1075200020094089048085808590418411110321C0
:1075300020919020210540A102820383A080218414
:1075400088A0824100000000000000000000000050
:10755000000000000808808988001090000000806A
:107560002189808300800900110900830080800048
:1075700000890083008000000889008300000080EB
:107580008089800300000080800080898083000063
:107590000400058900030000208085890003401055
:1075A000A0080340088503412104028805089000D3
:1075B00080900502899121C105102120081008C181
:1075C00008034102048500000000000000000000E4
:1075D000000000000000008882C00282102000002D
:1075E000000200A188830010830089010083000845
:1075F00020C000094083002088001121008300C0C2
:10760000000210A188C100000010022002A18841E0
:10761000008288408903028540A00502820302C1DE
:1076200000090309C1C1A0820183C020100920C143
:1076300021A004021004A08220C1024082C1A089BE
:10764000A00410A0040308050000000000000000D2
:107650000000000000000000410811080501891029
:10766000831084401000040083890910080040083A
:107670009188894020002010C18803820200900276
:10768000A1890588A000C0C000004188C182040013
:107690000220094108C01000904021888982020020
:1076A000082088101104030240089084854090004F
:1076B0000405A010C1850211024009C085210800FF
:1076C000200001200008080110A1000000000000B7
:1076D00000000000000000000000038982801010FC
:1076E0001100890000008000000083840480800075
:1076F00000000384840080000080038084008000F8
:1077000000800383040080000000000083A1048047
:10771000000000008340800080000900838904800D
:1077200080000000039004110808080021A02085B3
:1077300002058320C080A04185108903A1881140E3
:107740009011200010A120808804A10800000000F2
:107750000000000000000000000000000000000B1E
:10776000D000416021420009D04000000042C20B1D
:10777000D044000006420009D00000001242000B75
:10778000D00000000A82000BD0002100000012424D
:10779000000BD00082488181000BD00000002184C2
:1077A000000BD00082880600000BD000008212423D
:1077B000000BD0000A004188000BD00000001242EC
:1077C000000BD0000A810A50000BD000000000001E
:1077D0000000000000000000000000000000FFF6B4
:1077E000000FFFFF2020FFFF0000FF000000FF0050
:1077F0000000FF000000FF000000FF000000FF008D
:107800000000FF000000FF000000FF00000000007B
:10781000FF000000FF0000003C3C0000FF000000F3
:10782000FF000000FF0000007E7E3F036CFF6CF055
:10783000FFFFFFFF6F6F4F4F4E4EFFC3FF0F00F074
:107840004343C3003F3F03033F30F6F6424242004A
:107850000000000000000000000000000000000028
:107860003C36000F20202020FFFF0000FF0000001A
:10787000FF000000FF000000FF000000FF0000000C
:10788000FF000000FF000000FF000000FF000000FC
:107890000000FF000000FF0000003C3C0000FF0073
:1078A0000000FF000000FF00000042423F036C0F99
:1078B0006C006F4F2F0F6F6F4F0F4E4E3C00FF0F3E
:1078C00000F00101C300E724E7243F30060602422E
:1078D00002000000000000000000000000000000A6
:1078E0000000000000000000000000000000000098
:1078F0000000000000000000000000000000000088
:107900000000000000000000000000000000000077
:107910000000000000000000000000000000000067
:107920000000000000000000000000000000000057
:107930000000000000000000000000000000000047
:107940000000000000000000000000000000000037
:107950000000000000000000000000000000000027
:1079600000000000F000F6663C3CF0FF000000FF65
:107970000000F0F0000000FF0000F0F0000000FF49
:107980000000F0F0000000FF0000F0F0000000FF39
:107990000000F0F00000000000FF0000F0F0000028
:1079A00000FF0000F0F0000000FFFFFF0F0F66FF78
:1079B000B4B440C3C1C3F4F6F4F6BCFFBDFF340851
:1079C0003C3C91D3B5F7F6F6303F66F0FF3C387A91
:1079D000B9FBC0FCC0FC000000000000000000007B
:1079E00000000000000000006666F0FFF0FF0000ED
:1079F00000FF0000F0F0000000FF0000F0F00000C9
:107A000000FF0000F0F0000000FF0000F0F00000B8
:107A100000FF0000F0F00000000000FF0000F0F0A8
:107A2000000000FF0000F0F0000000FFFFFF0F0F5C
:107A30000099B4B44000C100F4F4F6F63C3C3C3C80
:107A400000000834105234760606303F66F0003CE1
:107A50002062A1E30000FFFF000000000000000022
:107A60000000000000000000058602D00080000039
:107A7000C0C6C07C31004903C061C09C30404D038A
:107A8000C0C7C01C33304903C047C0FC33004903A2
:107A9000C0C7C0BC318049030000C0C7C07C339060
:107AA0004903C0C7C0FC33B04903C0C7C0FC33B0F2
:107AB0004103008600F0A3B80005008600FC03B077
:107AC0000000A086507CA3980005A08650FCA3B0BF
:107AD00000A5A08652FCA3B0000500000000000035
:107AE00000000000000000000000AA3CFFF07D3C08
:107AF0007F3FEBEBFCC000000FF0FFF0ACAC1414C8
:107B0000FFFFFF3C5F0A5555FFF3FBF3FAF082825B
:107B1000AA00009C009CA80028000000FFFFFFFFB7
:107B200004C700FF800000003C000F00FF0FF000C2
:107B30002DAA2DFFFD5DAD0D0F553CFFFFFFFFFF93
:107B40000D0C0D0FA2AA20280050005082C082C048
:107B500014CFD7CFFCFCFCFC414D7D4D0000000054
:107B6000000000000000000000000000AA3C00F03F
:107B70003C3C3F3F2828FCC000000FF00F00ACAC9D
:107B80001414C3C3FF3CFF005555FFF3EBC3AA0019
:107B9000282800AA00000084BC00A8000000BCA0A7
:107BA0003E0A00FF0000004000000F003C003A3A8F
:107BB0003A3A2D002D55F858A8080F553C000F03F0
:107BC0000C000C0D0F0DA282200000500010C3C34A
:107BD0000000140CD70C0C0C0C0C414D7D4D00001A
:107BE0000000000000000000000000000000FFFF97
:107BF0003E0A414141410000000000FFFF00EBEB65
:107C0000FCC03CFF55FFAA0AAAAA040400002000F9
:107C100000003C006900000000008000F00000004F
:107C2000C3D7CFDFFFFF7C50FDBCD5942D2DAAFF1D
:107C3000F03CF03C0C0CFCFC3CAA3CAA091D1D1DB0
:107C4000FFC3B2B2D70CD7CFFF00F0F040404343A0
:107C5000AAAAF0F0CFCF0000FF00F0F001410141EF
:107C60000000000000000000000000000000000014
:107C7000FFFF3C0000000F0F0000000000FFFF00AE
:107C80002828FCC03CFF5500AA0AAAAA0000000050
:107C9000000000003C00690000000C0002000F0022
:107CA000000000550F5F7C507C50E9A8C1802D2D4D
:107CB0000055FFAA00AA05F505F5F0FFF0000082C7
:107CC00082823C00B2B2140C14CFAAAA3C3C4040C1
:107CD00043433C3CFF000C0C0000AAAA3C3C0000C3
:107CE000414100000000000000000000080000000A
:107CF0000800000000000000000003000000000079
:107D000000010800080003A1210000110501020084
:107D100000010000000000008200218841401100A5
:107D200041000000000010000800040800000900E5
:107D300000008000A0002000200000400400028815
:107D400009400200884002418204042104040441E5
:107D500000020404820411200204034021000210E6
:107D600020410204000000000000000000000000AC
:107D700000000000080000000840000000000000B3
:107D8000000000200200024084200000840410044F
:107D9000880910200800000002000800000200000E
:107DA0001000840000C000000000040988020003E5
:107DB0000803104010004100000001000000000016
:107DC0000000880000030300050404C1000489804A
:107DD00009840000018004C00000018082000400CA
:107DE0000488822004C000000000000000000000A1
:107DF0000000000000000000000000000000001073
:107E0000002005008000000010400000800080027B
:107E10008000800080000040000000000088080210
:107E200040000900400000000002000008000010AF
:107E30002010800000401000C002A001039002004A
:107E4000C001040800100402C11182882000002033
:107E500003A040820402090021408020000002109B
:107E6000084100402104040200000000000000005E
:107E70000000000000000000000000000000000002
:107E8000008000800000040000000080000004006A
:107E90000400040004000800008040000000C0004E
:107EA0000000080208008800000000008800A00010
:107EB000020001904008C000110041802120100004
:107EC000400002200102A008890002840310102152
:107ED0000008021104099100A011048802A10411F4
:107EE000C0089084200904900110000000000000E8
:107EF00000000000000000000000802000000000E2
:107F0000800000000200020000000089212000849F
:107F100084840400040004098800000005A00320F4
:107F200010200000000002002000000008080010DF
:107F3000000400000800080000009000C0011000CC
:107F4000000090200088000400A0840002900240FD
:107F500040898310051080A0A08304A04020001059
:107F6000048220A0000800A140840002000000005C
:107F700000000000000000000000020008000000F7
:107F8000000004030220001000110000000484001F
:107F90000000090009000110010405080811001083
:107FA0008800412000040000880008210000A01083
:107FB000100082418800000440008200410041021C
:107FC000C109080410804009100882000320090537
:107FD000918804400440840004040540011000908E
:107FE000100085088200880382408200000800009B
:107FF00000000000000000000000000000008800F9
:108000000090000000000000000088008001402077
:1080100040000000088200200800110000000084D9
:108020004101004000001000090004002100000090
:1080300000A01100059021A000081000008220215E
:10804000C04100A090020404201020C00404418814
:10805000C1100421401000880340040820881190BA
:10806000000204044100058800A0058900C00090BA
:108070000000000000000000000000000000000000
:108080000500000000000000002100002041040461
:108090000000001100000000000910098402000027
:1080A000840000200041A041A000C0090400880015
:1080B000004084008400A041820000028220100061
:1080C0000820410208201110C082830282038382AB
:1080D0008821028385C090038405C011042002100A
:1080E0004008C00285084020401184200804400850
:1080F00084110000000000040000000002000000E5
:10810000000000002000A000200000000400000487
:10811000022000400004040004010005C005000422
:10812000A082020400200004004102080020009008
:108130000500000011000800040009040400020208
:1081400003040501890020840800030811C004907D
:1081500008C009040941A183100441A1050805884C
:108160000300400003000804031021414004008480
:10817000030003A000000000000000000021000038
:1081800000040000024021004105890000000100B8
:1081900000809011A08000918903011040844184E7
:1081A00000912021A09108809020001002009000F2
:1081B0000011021100000000000300210003400331
:1081C00021900000200840009010A0008440840509
:1081D00088101021040004A00240C021004090112A
:1081E0008403A0048840A0050220900940A0080252
:1081F0000800822102000000000000000000008250
:108200000000000000008488A0018400800100407C
:1082100040A000840090080400900400000420C0E6
:1082200021A041C01000800000A00001414008C012
:10823000218821020000000010004100110040844C
:10824000002040001108090840100590204000104F
:108250000820200888A02010080482C08090000216
:1082600020A1050002A00388090240040090210516
:10827000000441A0219020840000000000000000C4
:10828000000000000000000009212140050004203A
:10829000008000410200A00083809000210900803E
:1082A0000102004140009000200000000002400256
:1082B000900000039000820000000403A02004034B
:1082C000902002090340C003A09041000403004035
:1082D00020000008C11104211120050803090441F0
:1082E00088044040201008112009840984C0080433
:1082F00084A08202404082030220000000000000AF
:1083000000000000000000000000800080910000DC
:10831000000008030909090400800003110908008E
:1083200009090388090900C0098988040004C008F4
:108330000388000000000000000000800000000032
:108340000000000010111009A12000838311820396
:108350002041084100838509050080800003808951
:108360004000000000034189410000000003800933
:10837000100000008083210921800080000000009F
:1083800000000000000000000000000088828484DB
:1083900000820090A10185C100C090C00091A08919
:1083A00085C0000801890183000501910990A04062
:1083B0000941011100000000000000000000000061
:1083C00000000000000040910282C183200890C09C
:1083D0004108C140010504414105408840C090A1C9
:1083E000A08541A0040090A100112140004010038D
:1083F00002212182C02004A1208908C002020100BC
:1084000000000000001000000000000000048200D6
:10841000854010898309A001830004A08389850118
:1084200002C1880083C088A1830205899191100050
:1084300084000301898400000000000000000000A7
:108440000000000000000000020100000004831092
:1084500003008984089009040290200041A0C121F2
:10846000A004840041408301A02120000920850947
:10847000849088010940C1830000000001000305C9
:10848000100040000000008000000000000000001C
:108490000009C10091908389001041008404830980
:1084A000214080838000838980024180C0C183890C
:1084B00002000500A0052080000000000000000070
:1084C00000000000000000000000114011002080AA
:1084D0008302911021041190409080008000A1003F
:1084E0000309008980002180830980A08000218009
:1084F000838900110003218003090009000921007C
:1085000083090000000000000000000000000000DF
:108510000000000080918009C083000000800504F5
:108520000003000000800409808340408905C109E0
:10853000C0C0098980048508080800000000000008
:10854000000000000000000000000000030880217F
:10855000850808C1400900C0028989030000C000E5
:1085600085090003008021800089008300008200CB
:10857000000900030080A180000980038080008042
:1085800082898083000000000000000000000000DD
:108590000000000000001010A001898982820008FC
:1085A00083040005002008C090898811010189001A
:1085B000A0018989000808100589018900000000D0
:1085C00000000000000000000000000000000103A7
:1085D000C08311C19089052088A090844041008209
:1085E00082A0219140C1009000100021202100882C
:1085F000A0A088050289002004A0A0894005880267
:10860000840482A14083000000000000A00000005C
:1086100000000000C0000901100084001088858857
:10862000A1828800C002830140022000C0028301B1
:1086300089010101888883408308100100880000B7
:1086400000000000000000400000000000100001D9
:10865000C18503404082A04185A04091824091A005
:10866000892084900200028809890988100040103E
:10867000C188A140040020020988899040000409B3
:1086800083408990080020210000000000000000C5
:1086900000000000000000008811C0004000C08001
:1086A00083800480800080008302008085098080B0
:1086B0008904C0112020858083A0058491020000D8
:1086C000000000000000000000000000001000801A
:1086D000000889A0A0110011808590C085412191DA
:1086E0000880092100008000800003C08400800011
:1086F0008088038584000000808383A0040000003C
:10870000008403002100800000880000000BD000DE
:108710000BD000000000600000001242000BD000EF
:1087200000001242000BD00011001250000BD000CC
:1087300021002142000BD00006001242000BD000A5
:1087400000480000000000000000000000000000E1
:10875000000000001250000B900042000A50000B75
:10876000D00000001182000BD00042001182000BEB
:10877000D00000001182000BD00000000660000B4A
:10878000D00082000082000BD000006000000000DA
:10879000000000000000000000000000E3E02320D3
:1087A0000000000F000000550000005500000F0FF2
:1087B000000000FF0000FFF000E0E000505000F07B
:1087C0005AFF7EFF000000000000000000000000D3
:1087D00000000000000000FFFF001828BD7D00FF22
:1087E0000F0F00FF20000000FFFF000000FF00004F
:1087F00000FF000000FF000000FF000000FF00007D
:1088000000FF000000FF000000FF000000FF000864
:108810000000288028000008000000002800EFEC7D
:108820002F2C0000000F0000005500000055000034
:108830000000000000001410EBE000E000E05050E9
:1088400000F05A004200000000000000000000009C
:10885000000000000000000000FFFF001828BD7DA0
:1088600055553C3CF00F08000000FFFF000000FFE2
:10887000000000FF000000FF000000FF000000FFFC
:10888000000000FF000000FF000000FF000000FFEC
:108890001040001008000208104000040000000012
:1088A000AA00AA00F0000000F0000000F0000000A4
:1088B0003C0000003C3C000007080F00005A005537
:1088C000B0F1F1B000000000000000000000000066
:1088D00000000000000000000000000000003C3C20
:1088E0000F00FFF00F00EBEBF330FF000000FF0084
:1088F0000000FF000000FF000000FF000000FF007C
:108900000000FF000000FF000000FF000000FF006B
:108910000000000000000000000000000000000057
:108920000000AA00AA00F0000000F0000000F00023
:1089300000003C00000000000000D728FF005A5A49
:10894000555530F3F33000008000000000000000B7
:10895000000000000000000000000000F3F2F1F051
:108960003C395A00ACACACAC2828F330FF00000016
:10897000FF000000FF000000FF000000FF000000FB
:10898000FF000000FF000000FF000000FF000000EB
:10899000FF000000000000000000000000000000D8
:1089A000000000000106C04431804903C0C7C02454
:1089B00031904903C0C7C0E4338043030082000CF8
:1089C00001800010088200BC03B00000000000001D
:1089D0000000000000000000000000000000008611
:1089E00002EC039800A0A18650BCA3990005C0C664
:1089F000C0FC33B04903C0C7C0FC33B04903C0C793
:108A0000C0FC33B04903C0C7C0FC33B04903C0C782
:108A1000C0FC30804903000000095900000000003C
:108A200000081800000045FFFFFFFFFFF0F0FF0007
:108A3000200000040005FFFF000AF0E0F0F0D72856
:108A4000D7D7FFFF00000F000F0FAA0F8E0F0000F7
:108A50000000000000000000000000000000000016
:108A6000FA0A3A3A0B00E000FFFFFFFF7DFD7FFFAF
:108A7000FCC0FCFC0F080F0DFFFFFFFE15973DBF6C
:108A8000FABE50BE24147EBE3F3FFA0AF5F50CFC38
:108A9000FFAA55000FFF353500000020B000B100DF
:108AA000000000000000B100FFFFFFFF0000000019
:108AB000FF000000000000053C3C000CF0F0F0F06E
:108AC000FF002828FFFF00000F000000550F4D0F8A
:108AD0000000000000000000000000000000000096
:108AE0000000000000000B02E000BF00BA003C3CA8
:108AF0003C3CFCC0C0C00008000DFFFFFFFE01832E
:108B000029ABFA14501424147EBE3030FA0A05053D
:108B10000CFCB4B4B4B400F0353500000000000023
:108B2000000000000000000000008800A000000A13
:108B30000009FFFFFFFF0C0C0F5FDFD7CFC3F5FD70
:108B40002882D7BF28005A5A5A5AD7C35500C2C7DD
:108B500000FF000000000000000000000000000016
:108B600000000000FC0CFC0CFFFF5555FFFFFF2828
:108B7000FFFFFFFF0E0E00003C3C00FFFFF0000F68
:108B80003C3C417DBE14FAFA20702070F0F0AAAA95
:108B90001E1E55FFFF00AAAA000055550002C01274
:108BA000480340000002C01200000000A000A00026
:108BB0000005000CFFFCFFFC0C0C0F5F5F550F0065
:108BC0005F7F2882FFFF00005A4A5A5AF7F3F5F0F8
:108BD000383D00FF00000000000000000000000021
:108BE000000000000000FAFA0A0A3C3C0000FFFF07
:108BF000FFA00C3CAEBE0E0400000F0F5555FFF059
:108C0000000FCCCC11DDBE1450500000F0F0FF007E
:108C10003C3C1E1E00AAF0F03C3C000055550000F4
:108C20000000000000000000000000000000000044
:108C30000000000000000000000000000000000034
:108C40000000000000000000000000000000000024
:108C50000000000000000000000000000000000014
:108C60000000000000000000000000000000000004
:108C700000000000000000000000000000000000F4
:108C800000000000000000000000000000000000E4
:108C900000000000000000000000000000000000D4
:108CA000000000008000000003010000020100003D
:108CB00003000000800004000000000000400000ED
:108CC00083000001C1000000080005000588820043
:108CD00000000001400000000008000009C0400042
:108CE000000003100000040120000000A0000900A3
:108CF000001010200400040082A18841200004021A
:108D000004A0210040211100820110010403840508
:108D100090400202042020001108200000010200FF
:108D200004090000000008000000001000000140DD
:108D300000008200000004008300000000008800A2
:108D4000000008090040080010024002000208006C
:108D500003000002820202020000008008000800F6
:108D6000A00000C00080840288408410000003003E
:108D70000000101008800900010005200990000083
:108D8000014001000020C102200203401020050222
:108D900005A004882040008400000080C009000471
:108DA000840900A080000000000000000300000013
:108DB0000000000000011000800000008000800022
:108DC0000000000080000800A0008000000080017A
:108DD0001000912010001000021040002002050435
:108DE000401000830000200000008000A0089008D0
:108DF00004002000A00040400000000040008882E5
:108E00000002000020000900200210000241400082
:108E10000009201110A1400400201008801182A038
:108E200004094108080004000000000000000000E0
:108E30000000000000000020000004008400020088
:108E400020000000C0000200000020002000000000
:108E50002020000002800500830091802100400056
:108E600040804100002000000900900220200511F0
:108E70000500110021002141008088000000080049
:108E8000020000000008040004401080400009C0F7
:108E900000109020412020200088008201104020F6
:108EA000110840C000200010000000000000000079
:108EB0000000000000000000800000008000800032
:108EC00002010400800011000200000004000010F4
:108ED0000000000100A1001020400409004004A08F
:108EE0000800210009C04003000000002088A00005
:108EF0000400000010208000A040084080100810EE
:108F0000020008108883400091000011001000103A
:108F10000240200904840404842108080000202061
:108F20002002000400021000040400000000000001
:108F30000400000000000000000004000000100019
:108F400020004140030020000000000090000100CC
:108F50000000820082201020C000A0008982A000B2
:108F60001100A000C0000800208200000000A00046
:108F700002009100840011900408101084891000F0
:108F80000000000509852002010202089008004146
:108F9000082140A008A00103010205A020800020B4
:108FA000410003410000881000000880000000001C
:108FB00000000000000021102100000080000000DF
:108FC0001021002000010002110020040008A082EE
:108FD0008820910000000990020102001003410066
:108FE000404109001020080421038800000090027D
:108FF0000284004082011010081008008411401003
:1090000000A010824111881104408440200021906A
:109010004000084002400204A0040821848302208A
:1090200082101003208820008884408941040000B9
:10903000000000000000000000000000000004002C
:109040000021012000850040000000000190008008
:109050002100098020001002900301202100000857
:10906000A000C102C0020380050000200220008091
:1090700002000802C0C041200002C00240000220DD
:10908000001002210041A0040984099120834100BD
:109090008821821182A040C1908404892020050487
:1090A00011902103C020040210412040104084A0F0
:1090B00000000000000000000000040000000000AC
:1090C00080000200C001820021012000C1A0000137
:1090D000000021100211200008C0400000000241E1
:1090E000404000A10002054002A14100050102200C
:1090F000000009000840400200202040202010000D
:109100001010000040038204408882110882088801
:10911000A18820888805830090032002A041104088
:10912000C1200403910220040804801010082004C8
:109130000304000000000000001100000000000017
:109140000000202101004108200484108300040055
:10915000000420030000C020000001000000000007
:1091600001A00202040400404040902000000020C2
:109170000105000000400080000002904005001042
:1091800020100010840008401140900409A0004104
:1091900000090405A009404010040504000808A0C7
:1091A00020A0209040042000820000102000000039
:1091B0002100C000000000000000000010000000BE
:1091C00000000000202004000000842000404182B4
:1091D00004900005080209840041002085C000A019
:1091E00000824185110900820304118805010805E8
:1091F00005000584000008C088014000A1010401A9
:10920000090504020482109008080008080808C034
:109210001082001000102100400000A003844121B2
:10922000A010042091020541108488A1108408092F
:1092300009042104110400000000000800000021BE
:1092400000000000002183A00000000008A1000031
:10925000000000000084000000084010002104000D
:109260008409200000020020004188808200202024
:1092700005900403C0050000001010080200400221
:10928000C004880400101010850504024004000585
:1092900085088310104090052008A10310091008CC
:1092A000048405020488048200202008020482034A
:1092B00040040421208240000000000000008000E3
:1092C0000200000000000300A09005052185208910
:1092D000008500094040030908880509048803C087
:1092E0000583918840850800118380401110090989
:1092F000848304020011090000002183A0400810AB
:10930000C11020C010090911100508858810A1207E
:109310002005A011800885082088C0021003109045
:109320008508038591100988080810C004C082913F
:109330004108840809820010A0820000000000009B
:10934000820001000000000001009089838209C1B1
:10935000009182110891050901018983010800C16A
:109360000140011184C100090090018310400810E0
:1093700001008911010300100040000000090805E8
:109380000305A1C12009C18420A10310A1A008C028
:109390002101C1009008A0212020000982A188900D
:1093A000834083202188A1A11189A0050211001109
:1093B00021020191041084090003C0100100000083
:1093C00000100000000000000084000088838384F7
:1093D0000989C0051100C110118283890400C100F0
:1093E00088208241002104008504828885821188BA
:1093F00090C0110901008400888502080000C100A6
:109400002010A0C08202024140A00302C00808034D
:1094100088C0884190A18804090220038382034008
:1094200089C0088585844040880209C01082A10453
:109430004040A10485884141A108094090050200EF
:1094400010000000000000000000000000009182F9
:109450000400909185118209820002918385C008E1
:10946000840090809105088988001180A011A009CE
:109470004141800003890408840885A19088000088
:109480000241A08003059100909011C185009104D4
:109490008810048000C12120038404C1400490C1CD
:1094A0004003088005418385C18221C1858585C12E
:1094B00088009002400584C19083028205831108D0
:1094C0000000000004000000000000000400000094
:1094D00083058083A1A085081084C14188A18403ED
:1094E00003100004111011C00021A108802085087C
:1094F00003000080A189898300108011000985C0C4
:10950000008005030505081189A10503A103854015
:109510004091029102400310A01104C10490031075
:1095200021400804A085A008A1822011C0858410D4
:1095300080A0219085A0A011099040C1008520C085
:1095400008C00000000001000000820000000100CF
:10955000000082A0C0C0090888C1A185098309094B
:10956000820101C182A009C000040089080402022E
:109570002109018884C08585890900888202A0A00C
:10958000058200C040880383884041110490024056
:109590004089A1A001200010000541C00290A00256
:1095A0000008A0020191209108050210910089C0D5
:1095B000A001888220C102A10802C004210304C0C6
:1095C000A004C040010000000000000000000000F6
:1095D0000000000083010100080041000484A00095
:1095E000824191A011418285A00108009185858862
:1095F00010011120832088888400118205080384CB
:10960000850088000080A10485A10282A1880485CC
:1096100005828284048821A108A1824110A0032030
:10962000C004400010040384A0418201C04141C134
:109630001003C04091080903112082A0A008A020B7
:109640002091020982A0020000000000000000003A
:1096500000000000000083020505030304001185DB
:1096600009000903400988110808201080080391A7
:1096700040088403C000038491809100918003809E
:1096800040114009020000800480400585A111803E
:10969000108820A0038841831083854011412080D9
:1096A0001190112111040800828811914010089036
:1096B00021038804208320852088888841411182E5
:1096C00040850921858210800048000B900009D058
:1096D00041000009000000908242000BD0001200FF
:1096E0000000000BD02000424142000BD000424855
:1096F0001242000BD00000880000000B9000814156
:109700000A50000BD000410000001200000BD000F6
:1097100000608241000BD00042001182000BD0009B
:1097200011008181000BD00000480000000BD00028
:1097300081500082000BD00021841242000BD00027
:1097400000008241000BD000060000000000000075
:10975000000000000000000000000A0C0906D3F31E
:10976000F3F33C3CFF0000000000000F0000C300CA
:10977000C3003333F00F66C666C300003C00996631
:10978000999900193F19FF00FF000000FF6EFF0CC0
:10979000FFFF3E06000F0003FEF89E980F0F66665F
:1097A0003C3C6666FF992D2DFFC34E4EFECE3E0E0D
:1097B000E7E7242430303030FF991E1E6C6CFFF038
:1097C000FF0F663C0F3C0F3C7F7C737000088C11D0
:1097D00028800000183020000080000000000F00EA
:1097E000F3F3F3F33C3CF60000000000000F000030
:1097F000430103033333F00F6636663C303C000010
:10980000FF00666600193F195F505A5A00006E6EDD
:109810000C0C3E063E06000000006E680E083C3C44
:10982000FF00FF000F0F66002D2D3C004E4EF2C2D0
:1098300032023F033F03F070B03066001E1E6C6CB6
:109840000F00000F663C66FF66004F4C434000006F
:1098500000100800020800000000080000000000DE
:109860000000000000000000000000218440000013
:1098700000000000000000000000000000000000E8
:1098800000000000000000000000000000000000D8
:1098900000000000000000000000000000000000C8
:1098A00000000000000000000000000000000000B8
:1098B00000000000000000000000000000000000A8
:1098C0000000000000000000000000000000000098
:1098D0000000000000000000000000000000000088
:1098E0000000002000F020D000FF00FF000000007A
:1098F00006060606000099996600F00088EE00FF53
:10990000000000003C3C0F0F0606000F0000FFFFA8
:109910000000002400403C7EFCFE80808081B4B4C6
:10992000B4B40F0F040D20202424F066F066001854
:10993000819966663C3C0066003C00FC03FF181EF3
:10994000787EFCFC606F3C3CF0F03CE4FFE4181EC9
:10995000787E000000000000000000000000000011
:109960000000000000000000000000F20DFF0000F9
:109970000300000F0407008910996600F000CCCCAA
:1099800000FF010009003C3C0F0F0606000F1C837E
:109990007CE30000242440400066F0F6C2C28181CE
:1099A000006699FF0000040D00000000003CFF3C31
:1099B00010109191F0F000FF006500330003FCFFF0
:1099C000000660660C0C606F666600FF00E4C3E48E
:1099D0000000000000008081610400000000101001
:1099E00080080000088600C403880000000600A06C
:1099F00000A000000004007C01A000000506047C1B
:109A000003B0000005845A80009200100586045CB3
:109A100003A00000000000860A7003B00000A186C9
:109A200050FCA3B00005008600EC03B00000A18646
:109A300050FCA3B80085008600F000B00010A0869E
:109A400052DCA0900085A08652FCA3B00005A08641
:109A5000507CA390000500001021B0000000000819
:109A6000000C00000000CFCFFFFFFA000B0014B481
:109A700000A0141E141E00550055F3F2F3F4FFFF6E
:109A8000FF5DC3C3C3C3D020F000000F001B000064
:109A9000000030FFCFC300008F828F823F3F417DA7
:109AA0007D287D28141C343CB4B4B4B414BE5F5F6C
:109AB000550055000CCFD7D7BE14000000FF00FFA3
:109AC000FA50FA50A5A5F0F000FFF03C1828BD7D33
:109AD000E8E8FF3C00000303000100000000000074
:109AE0000000000000008000FFFFFEFE0B000B00E6
:109AF00000000000000A000A00540000F3F2F3F432
:109B0000FFFFFF0CC1C3C3C3F000F000000F000F44
:109B10000100000030FFCFC30000FFFF8F8203036E
:109B2000417DF5F5A0A014341C3CFFAA550014BEDD
:109B30000A0AA2A220200CCF1414B4B40000807F23
:109B400000FFBEBE1414FFFFFFFF0000F03C18280A
:109B5000BD7DE8E8C300FF00FF030882C012480390
:109B60004000000000004803411000000000C00059
:109B70000300000000000FCF14143030BAB23CFFD5
:109B80003C0F1F14FFFFFFFA000F55AA5AF0F0A078
:109B90003F3FC7FFAAAA00FF0F0F0000248100006B
:109BA000C0FF14007DFA28FA350F35FFFF0000FFD3
:109BB0003C0F3C0F01040000965560A0AFA0FCFCD8
:109BC0005F5F303FFFFFC3C3033F033F3CF0AAFF8B
:109BD0003030F030F0FFAA3C4D4D4D4D00000000FC
:109BE000000000000000000000000000D7D70A00BD
:109BF000F0000F00050000000F0C14143038BABA42
:109C00003C003C0F1F141F14000A000F000000004E
:109C100000000F0FFFFFAAAA00FF0F0F00000000B7
:109C20002481C0FF14007D502850350035F0FF001E
:109C300000FF550055FF010400009655F6F5AFA052
:109C40000C0C5050303FFFFBC3C741417D7D3CF0C1
:109C5000AA0070307030F000AA3C003CC3FF020044
:109C60002000200020002000000000000400200050
:109C70000000000020000000800182002000800021
:109C8000A000A000890184008001210000011100D2
:109C900080002000032120102000208820000000E8
:109CA00040000400040204000400911004001101AB
:109CB000080402008300022104402020400091009B
:109CC000A0001100210082410200040004000400F1
:109CD00000019105800004200000A1002021020560
:109CE00001000100014001000100000984000100A1
:109CF00009008400000009410800202021400100E3
:109D0000080009000540202020000404000304107E
:109D1000080002000141A004108088000003042014
:109D200000C000008241C000204184022020840045
:109D300084048480011020200004030000801000AF
:109D400010000800200210400308C000400000007E
:109D50000800202002A00400A140000004000084AC
:109D600090A00000000000000000000000000400BF
:109D700000018000000080000000000000000000E2
:109D800004000000000000000000100111000000AD
:109D90000010000000000088000080000900200082
:109DA000400200000400020080404000200000004B
:109DB000C10004000890000000000420A0048000FE
:109DC0002001800080214000000109001002800174
:109DD0002020102102020004000409050200028272
:109DE00004C040000000000000000000000000006F
:109DF00001000004020000002000040000009000A8
:109E00000000010000009000000000000040000081
:109E1000000000000400000000408200200808004C
:109E200005208821000089002005044090410100A0
:109E3000840020001102080020000400C18003807B
:109E40002002110404002010000004200200000081
:109E50000420008001042103A0200400A0A04000F1
:109E6000012041020040800080008000000080004E
:109E70000408000104000411200000900040841038
:109E800021C020000900200080C0200000002082A6
:109E90002088008202044084000421002002201156
:109EA000020240A109A000000084009108001100F6
:109EB0008200080100000888041000A004001009B6
:109EC000008200040402000402000084200000005C
:109ED000008300400490004010002010410000105A
:109EE000000400400810408420000400040000002A
:109EF0000800010000204000C0848800900040005D
:109F000020004002C02000000004020500004005BF
:109F10000205C005A00200A0082090058420004092
:109F200084C020092020C0020000A020400440027C
:109F3000A0000205904020088400840390040811CA
:109F40008820081140000910000401090004854020
:109F500008100220A0840302001120000805201030
:109F600002100840080888002002080000020000D3
:109F700000008000200003000000001020200020CE
:109F800000000041042100000001880910001000B9
:109F9000110080000040118820020008910000009C
:109FA0001008800088C008830289000008848904A2
:109FB00009000283054000880540111040102082EE
:109FC0002020202004881009A000400008009040B4
:109FD00040824090202109C0408208200582A000D4
:109FE00008A010000211200000C0900801000080AD
:109FF0000000000008100100000000004080010087
:10A0000084800000004001A00000002020400000EB
:10A0100010101000200000000000010000002000CF
:10A020000003200002002100902000040080044072
:10A0300004000400042088090200908304008409BD
:10A04000890090808280A00905200400080010414A
:10A0500020414003A10488828802A01100840804E2
:10A060000409404000022120100090090410000063
:10A070004000000004000000040800000040004010
:10A08000000840100040040803C100401110108473
:10A0900000000020108800080400030003C0000036
:10A0A000000009C0052080C009050082840000006E
:10A0B00005840800030000200800A0001100200013
:10A0C00005080000030005001008020810049000B5
:10A0D0004008200004108000110205020008020858
:10A0E0002120050800820408034040820340A08824
:10A0F0000005010000000100000801000000000050
:10A1000000210400004100004000A020A010A00099
:10A1100040410010000082100220022100408840CF
:10A1200000040040200420840202904040400202CB
:10A1300000400408C003A0002021A0020221000565
:10A140004011100840084000201000800110081144
:10A1500004102021080000022000008020080010C8
:10A160000110C0820441840220099008901120400F
:10A17000112100040000000000000001008220C046
:10A180008001000000C100900083888800C00000AA
:10A1900000A08482090000000408008800002088D4
:10A1A0002090208402900920410288C005C0110837
:10A1B000009000002000050420102084118240043B
:10A1C00000042040111004C0040202200508108879
:10A1D0000440020520100200A00240401090090037
:10A1E000088411902008100041A0028810C041107E
:10A1F00010881141008000000000000000100000E5
:10A20000010004049000A02000000004210000418F
:10A2100000000005200500000000000008410000CB
:10A22000010002000505C000000000002000004001
:10A230000010000000000110002191080100022020
:10A24000000820408803080840000200A091000395
:10A2500000098280C104020205082003108802025E
:10A2600008100011402120104004C00808401010C0
:10A270008802C008208203C09109001108898083E8
:10A2800000891100008080030009820000000003A3
:10A290000009040000000083000909000000800399
:10A2A000A009C100000080030009098000008003AC
:10A2B0001189900000800000008390891180008047
:10A2C00000830009850000808003C18982800080AE
:10A2D000200408848840214040859083C08391A158
:10A2E0000400834141832120C10590C1080502215A
:10A2F0000311108490201120C11110099041000316
:10A300000203840300900008108940110910009096
:10A310000091880501400090C003102110080090B2
:10A3200020010901A140000040C18409C010009033
:10A3300004830003A0200010000040030903A002D2
:10A3400000409003C00104900008C0A11003C108A0
:10A350000008A140841082A090080120821091C0C2
:10A36000820588A004409008000520010911904052
:10A3700000008905A0100240102183010388118983
:10A3800083C14000C000404083850801880002006E
:10A390008311880088000588830188A00800C10017
:10A3A0008311040004008200A18500010200030063
:10A3B000018320010400820483C100000401100015
:10A3C000050041C1C00010000300C1019000C000A1
:10A3D00003000303091102020410C1C08800A00891
:10A3E00091088310A102A0200483C00188100403F7
:10A3F000C104890390101004408304C04002080087
:10A40000A1828389110080000000838591100000E3
:10A410008000838500110000210083090011800065
:10A4200021008389840000000000039000100000D8
:10A43000210003891008800000808385000080408F
:10A440008000A100838900090000210003090005A4
:10A45000000021000389110883854009A0410310F1
:10A4600083040509A00210419083912090020511F8
:10A470001083850205900509C00204858441020904
:10A480000002094040C00000000000090003000075
:10A49000800000890003000000008509008300009F
:10A4A0000080000900830000100003090003008001
:10A4B0000000808900830080000084890083000000
:10A4C00000800080808980830080008000890003F4
:10A4D000000002002189800303850988028311A0FE
:10A4E00020418020020284900080A04121884041C8
:10A4F000A08810050289A10941211002218921C0EB
:10A500000101080309000189004088888221902107
:10A51000002008080411000100084082A1050489F8
:10A52000A00004082011008300A00004009100A1F5
:10A530000008880402850089A09084C0114100832E
:10A540000000400440C008051041000488080411C0
:10A55000C091008404A02141040502C020212004F0
:10A56000040405C1C0A004C1034108C08202C08424
:10A5700002C002090020008411A0A003890488847D
:10A5800085219185888588008888858988908200C2
:10A5900000C02184108882000083410088A004004C
:10A5A000088491400482020082008391008284002A
:10A5B0004020118510408300100003030402A00016
:10A5C00010A00000218905A002004082038821A07C
:10A5D000A000400285884110889090020890A1A0B8
:10A5E0000890080840A010102108214009840408A0
:10A5F000830185209021412184C108C008A0200545
:10A600000941110383918011080880808905800029
:10A610000000000003838000050000C1031080805B
:10A620000000090003110080800011008303000076
:10A630008000110083C000800400800083C080007F
:10A640000000890000008390840080008080838463
:10A6500004008000000083A10400000000A1081095
:10A66000844190020280A01191008883C00088C0BC
:10A670004102084120001102C08411404041A182E2
:10A6800083A182A021881200000BD0001100418814
:10A69000000BD00400000042000BD00000820688AE
:10A6A000000BD00000001181000BD00042000A8195
:10A6B0000009D00042000042000BD0000048128484
:10A6C000000BD000000000000082000BD00000480A
:10A6D0001182000BD00000000084000BD0000000AD
:10A6E0000660000BD00000810A88000BD0000A41F0
:10A6F00006D0000BD0000A001182000BD00012001F
:10A700001182000BD0004141FFFFAAAA8D8D0F0FCF
:10A710000000FFFF000000FF00000F0F000000FF1F
:10A7200000003C3C000000FF00003C3C000000FF3B
:10A7300000003C3C000000FF00000F0F000000FF85
:10A7400000003C3C000000FF0000000000FF000093
:10A7500000FF000000FF000000FF000000FF0000FD
:10A7600000FF55550F0F287D287DFF3C0F550C7DB0
:10A77000CF7D03D73FD70000050514BE14BE7F7FF1
:10A780003F7F414D717D707C737F0F0FFAFAFF8D13
:10A79000FF0F0000FFFF000000FF00000F0F000090
:10A7A00000FF00003C3C000000FF00003C3C0000BB
:10A7B00000FF00003C3C000000FF00000F0F000005
:10A7C00000FF00003C3C000000FF0000000000FF14
:10A7D000000000FF000000FF000000FF000000FF7D
:10A7E000000000FF00FF3C3C0505AFAF003C0F55EB
:10A7F0000C41CF4103143F1400F000F00F0FFFFF96
:10A800003F3F3F7F1417D4D7404C434FFF0FFF0FFC
:10A81000BE416969FF0000003C3C0000FF000000F1
:10A820003C3C0000FF000000FF000000FF000000B3
:10A83000FF000000FF0000003C3C0000FF000000A3
:10A84000FF000000FF0000003C3C00000000FF0093
:10A850000000FF000000FF000000FF000000FF00FC
:10A86000000000FFFFFFFFF000F0A8A8A808FF0FFE
:10A87000F0003F3C3F3C00E800E80FAC3A0FFFFD22
:10A88000FEFCFAFAF8F8FDFEA854F5A00000FF0F50
:10A89000BF4FB0406F6FFF0000003C3C0000FF0066
:10A8A00000003C3C0000FF000000FF000000FF0033
:10A8B0000000FF000000FF0000003C3C0000FF0023
:10A8C0000000FF000000FF0000003C3C0000000012
:10A8D000FF000000FF000000FF000000FF0000007C
:10A8E000FF00000000FFFFFFAA3CAA3C2525252011
:10A8F000ACACACAC3F3F3C3C00E800E800AC3A00FC
:10A900003C3C3C3CFAF8FAF8D5EA80403C3C00007C
:10A91000050600B001800010C046C03C33E049038A
:10A92000C047C0BC30A04903C047C03C3390490376
:10A93000C047C0FC33004903C0C3C0BC33B04903A7
:10A94000C0C7C0FC30904903C0C7C0FC31A0490358
:10A950000000C0C7C09C30804903C0C7C07C339092
:10A960004903C0C7C0FC30804103A08650FCA3B897
:10A970000005A186527CA1A00005008600E403B377
:10A980008005008600FC03B0000000860CF4A3B82C
:10A990000005DF20FF000F0FF0F00F0FFF0F00800A
:10A9A0000000A0A00000550C550CFE3CBE3C410030
:10A9B000F0F00401000050A0A0A0C0C0C3C3696FA4
:10A9C000FFFF7D28F0F08282FFFFBA30BA3000012D
:10A9D0000F0E0000FFF8F8F83C3F7D7F00002004D8
:10A9E00000000000B080B0800F0F08DF3C3CF0F0AA
:10A9F0003C003CFFFF3CAAF000000080C2C1408048
:10AA00000A0A5F5FFFFF0F0F1818FFFFF5A0BEBE19
:10AA10007E7E7E7E00000000000000000000FF003F
:10AA200001000000AA00AA00000C000CFE3CBE3C85
:10AA30004141F0F00000040150A05050C0C000009F
:10AA400069600000F0F0BE14F2828FFF10303830E1
:10AA500000010F0E0000FF282828000F555F00009E
:10AA6000200400001000B0B080800F0F0808FF0025
:10AA7000AAAA05050505003CAAF000000000C2C115
:10AA8000408014BE14BEF4F00400005AFFFFF5A08D
:10AA900014143C7E3C3C0200020000FA0039FFFF27
:10AAA000FFFFFCFF7F7F0C0C14D7555500FFFFFF05
:10AAB000550055C3FF3C0CFFAEFFF000C0C00F0FA8
:10AAC0000F0F5CAC3C3C7D7D2828FFFFFFFFBCBC2A
:10AAD0003C3CC00040000000FFBCBCBC14FF1FFF9A
:10AAE000BEBE5050FDF5FCF0F0F0AAAA053DFFFFF8
:10AAF0003CF0AAFF5F5F0CFCFFF0AA3C0004FFAA39
:10AB0000FF55B4B43F413F7D0FF00FF00A5F0A5F7D
:10AB100030FC300C00AA55FF000083000005003C0B
:10AB2000F828282800007F7FCFCF14D74D4D000094
:10AB3000FFFF55CF55F3FF3C0C0CAEAE00F03030AC
:10AB40000F0F0F0F55AA3C3CFA50FA500FFF0FFFA2
:10AB5000BCFC3C3CFFFF00040000FFA0A0A01414BC
:10AB60001F1F141450507D553C00FF003C3C053D18
:10AB7000053D3CF0AA0050500CFC00F0AA3C00003F
:10AB80003CFFAA00B4B40341037D0FF00FF0282866
:10AB90007D7DAF0AA00A1E1E1E1E000000000000E0
:10ABA0000000080000000000000020000400410038
:10ABB0000400C000C000A10000014101C1018300E8
:10ABC0009140200020000000A0010400000020822D
:10ABD000200004C00400040040200000008504019F
:10ABE00002A0020188004101211104011100C0826C
:10ABF00010040802A00002010040002188118240D8
:10AC00000440000084004000804008001121004002
:10AC100040218011822110008220024100000000AA
:10AC200000000000000000000000000082000100A1
:10AC3000000001402009204020400004002008209E
:10AC40000805040082000100100005209041040066
:10AC50009104010000031040840000C100C0820480
:10AC60008804844082042011C04040048504000010
:10AC70000200828010900810004008800020099097
:10AC8000108010800204050004404080104020A085
:10AC900002801084209003C0094111A101A000008E
:10ACA00000000000000000000000000000000000A4
:10ACB0000000000000018000800000000000800013
:10ACC000000000000000840000010000000080007F
:10ACD00000000000100080010004000000010000DE
:10ACE00041000000000000000000000004000240DD
:10ACF00000000000C08311040000200100000800D3
:10AD000008104004A020C0008008C1020405C02132
:10AD1000101004080000C009824100004000824178
:10AD20000000000000000000000000000000000023
:10AD30000000000000000004040004000000000007
:10AD40000800900000034000210020400000200087
:10AD500020000400041088000210A02000008820B9
:10AD600000000000200004000441400010002140C9
:10AD7000A1800440C0032040C00040000004400007
:10AD8000400001110480058004020200200041A05F
:10AD9000118404000100001002100382040341101A
:10ADA00003C000000200400000000000000000009E
:10ADB0000000000080828000840100004000030049
:10ADC0000000201020A084C0840200840510C1115E
:10ADD00009002120100008001040A1401185899031
:10ADE000A0000000080802000084032002000921DE
:10ADF000A1004140000002041104090404400910AC
:10AE0000400020040801C02020020201C1100000FF
:10AE10001008040209832010020388C08240A004A5
:10AE200010A0A0400000000000000000004004103E
:10AE30000241000000000400080405200010C010BA
:10AE40004000001084C08400202108410000A08838
:10AE50000804840000900000000504852008020416
:10AE600020112005000082048300100500900100DD
:10AE700004040400A089880004008880080210806F
:10AE8000102008001088831020A108082104200445
:10AE9000080208400100844008081104090503A0C5
:10AEA0000402C10903C0008200000000000000008D
:10AEB00004000900000082028400088804000200E7
:10AEC0000000C10280022000000004080984100074
:10AED0000210400000010000A100200020400404F6
:10AEE000004040001120000005C0204002882002E0
:10AEF0000288104005C01088212021001000100297
:10AF00001104040820842000C010028204041104EB
:10AF100005048020900020400482082000021020B8
:10AF2000824120040821840300000000000000008A
:10AF30000000900000001000210021000100051118
:10AF40000000000004000410C100C000C104A004FF
:10AF50000000018000100020200020000004C080BC
:10AF6000008040A10021208000002040C009000492
:10AF7000100000002011A021840082002008200081
:10AF80008200028440091010841005A10003409043
:10AF90001088008420902110409000028485840055
:10AFA000049003C0021000080240000000000000EE
:10AFB0000000000000000000000000000021000070
:10AFC00004012100050021002100030200C041000E
:10AFD0004110004088A00040000021A01100100096
:10AFE00021400800C1A0210000020000000008402C
:10AFF000C1401040040804000300111140C0088241
:10B00000081082102102054005020840201120008E
:10B01000890003001140000040C010A0000009C0DA
:10B02000034085119040402040848210002100059B
:10B03000001000000021000088000040400390A0A4
:10B04000001004200003000090000008402190112F
:10B0500000008440C02103000080880840021010D6
:10B060000003108203410210004100050000881017
:10B07000900220118421C105850040009040080005
:10B08000400002020408822020118208000489C0C6
:10B0900088054003A0102021400000100810020283
:10B0A0001011840540880288900890050303000071
:10B0B0000000000000000088000000000000008880
:10B0C00004008000800011000400008409000800D2
:10B0D0002000000020840040048400100090044000
:10B0E00021898400104041C00084040089040000CC
:10B0F000200009C0048441001000208409018884D4
:10B10000208809882104400008844102848241008B
:10B11000C0A004040288100440C0820802104184C8
:10B120000088000480C0A010839108020008020576
:10B13000000000000000000000000000000000000F
:10B140000205010320000403001084009000041095
:10B150000505C1000021C1008408820088080000A4
:10B16000A0000020040588830020000000000404E3
:10B17000000011400000C0050000C00404090240A6
:10B1800004204000820000A1821000200000204026
:10B190000000080889080021010082000400020064
:10B1A000900908094041040404C102400000200540
:10B1B00021C00000000000000000000000000000AE
:10B1C000000000830009030000000003400988001C
:10B1D000000080830009C0000000008311898800FE
:10B1E000000000030009080000800003210941005D
:10B1F000000000008003080900000080008340096F
:10B20000800000804188042100104184900920C002
:10B210000080C14141030000A04010C1804082C0B5
:10B22000A0C083400991C10441410984118940842F
:10B23000110589050000000000000000000000006A
:10B2400000000000008320090190002000410089D7
:10B25000C100009010830005A10000040083831149
:10B26000C1100090C091880182100084000990A153
:10B270000108000800004021009182A000029021F6
:10B280000191028800200411C1A0A08900C108908A
:10B2900001C1041083090290100882209108204007
:10B2A000A002830904400003A00820094090031075
:10B2B0009185204003010000000000000000000014
:10B2C00000000000000082000900102005010800B5
:10B2D0008900080091890800C000C00283001000A6
:10B2E00085000402C1410801830000108585A0018A
:10B2F0009100A0008303000008011100088811C11B
:10B3000008101100C010A121030040842000A18278
:10B31000828890000891820421A084020305822083
:10B32000104084082003C00402088802910491841C
:10B330000241A0C002050901000000000000000059
:10B3400000000000000000000000C1008000830930
:10B35000800041000000030980090000008083098B
:10B360008010C10000000389001041000080838923
:10B370000040410000008389000080084100000077
:10B3800083898080410080800389C004A020C1049B
:10B39000038009410800A0028041A1004004A08868
:10B3A0008502C08583919002C01185200582418469
:10B3B000829184908883884120050000000000006D
:10B3C0000000000000000000000000800080C08934
:10B3D0008003000000800309000300808000000952
:10B3E000008300000000208980830000000088099D
:10B3F000000300000080028980030000000080003C
:10B400004089800300008880058980830405000549
:10B41000008503840209008400002020108920098F
:10B420000211218802100420100288A1030310A138
:10B43000A1200220050804004103050300000000CC
:10B440000000000000000000000000000004008870
:10B450009021884100880010080100910008A00494
:10B4600010C100830088888240A18883004000A02A
:10B47000114100910020C0C0C08588050000000077
:10B48000200082850809A082A0080109820500A089
:10B4900090008284010400208440C00020000590B8
:10B4A00011C00804A1890440A09090214108009097
:10B4B000A00808C11084838800880084044100002B
:10B4C000000000000000000000000000000001116A
:10B4D00088408400104089880110200090008388F3
:10B4E0000990040090000589034040000482098906
:10B4F000019010000000C10308408200A04000003D
:10B50000850940C0210040C0898803100800100848
:10B510008520900288908500054089031001400530
:10B520008991A1201020082020A10810030002A06A
:10B530008200A0900240A0094100410184004182A4
:10B5400000000000000000000000000000000000FB
:10B55000098380008000800003800400000000094F
:10B56000838084000011000003C08400800080807C
:10B57000039004000000000003028000000010801F
:10B580000000830200800400000403840400000023
:10B5900000809002A1404009A100A0C12020032109
:10B5A000209009C084082020102140210584C0007B
:10B5B000C004C1108302828591100505402102104C
:10B5C00010800000000000000000000000000000EB
:10B5D00000008184000BD00021842184000BD00066
:10B5E00000001188000BD00000001242000BD000B8
:10B5F00000602184000BD00000000042000BD0004E
:10B60000000000004188000BD00000001182000BF8
:10B61000D00000410000000BD00000600000000BD3
:10B62000D00000508241000BD00000810660000B6A
:10B63000D00000810600000BD00000008241000B0A
:10B64000D0000082000000000000000000000000A8
:10B6500000000000FFFF0000FF000000FF000000EE
:10B66000FF000000FF000000FF000000FF000000DE
:10B67000FF000000FF000000FF0000003C3C000055
:10B68000FF00000000000F0F0000FF000000FF009F
:10B690000000FF0000003F2603020CFF6EFF2F2476
:10B6A0000B0027270F0F6F3F603F3C3C0F0F4E4EA4
:10B6B000FF3C3C3CFF006C6C06067ECF42CFFF0097
:10B6C0006666FFC3FFE70000000000000000000006
:10B6D000000000000000FFFF0000FF000000FF006E
:10B6E0000000FF000000FF000000FF000000FF005E
:10B6F0000000FF000000FF000000FF0000003C3CD5
:10B700000000FF00000000000F0F0000FF0000001D
:10B71000FF000000FF000000001900010C000800FD
:10B720002F240B00242400006F3060306666FF0079
:10B730004E4EC30000000F0F6666F0007E0C420CF8
:10B740000F0F3C3CFFC3006600000000000000003B
:10B7500000000000000000000000000000000000E9
:10B7600000000000000000000000000000000000D9
:10B7700000000000000000000000000000000000C9
:10B7800000000000000000000000000000000000B9
:10B7900000000000000000000000000000000000A9
:10B7A0000000000000000000000000000000000099
:10B7B0000000000000000000000000000000000089
:10B7C0000000000000000000000000000000000079
:10B7D00000000000000000000000000000FF00006A
:10B7E000F0F0000000FF0000F0F0000000FF00009B
:10B7F000FFFF000000FF0000F0F0000000FF00006D
:10B80000F0F0000000FF0000F0F00000000000FF7A
:10B810000000F0F0000000FFFFFF0F0F2030263F78
:10B820003F3F06F6003C667E407C407C2424242476
:10B8300030302424427EF3F31091405820B02FBFC3
:10B8400030603F6F727272721808000000000000D2
:10B85000000000000000000000000000000000FFE9
:10B860000000F0F0000000FF0000F0F0000000FF1A
:10B8700000000000000000FF0000F0F0000000FFEA
:10B880000000F0F0000000FF0000F0F000000000F9
:10B8900000FF0000F0F0000000FFFFFF0F0F10009E
:10B8A0001900303006F6003C00186060606060608F
:10B8B000F9F9C300C300427E303010914058107037
:10B8C0001F7F00000000003CC3FF7E6E6666000024
:10B8D0000000000000000000000000000000C0C4E4
:10B8E000C03C33904903C0C7C09C33804903C0416A
:10B8F000C09C33004903C0C7C0DC33904903C0C7B4
:10B90000C09C33A04903C047C07C30904D03000069
:10B91000C0C7C0FC33904903C0C7C0FC33B041036B
:10B9200000860CF0009000A0008600F0009000005F
:10B93000A18650FCA3B80005A18652FCA3B0000567
:10B9400000860CF0A3B80005018600EC03B20000ED
:10B9500000000000000000000000000000000000E7
:10B96000FC3CFC3C5D555D550000F3F30303414195
:10B9700041144444418203C0FFFFFFFFD7DF0000B2
:10B9800050505050FFFFF7FF000002AAFF00FF00D9
:10B9900000007F7A252000FF0000FF003C3C0000F3
:10B9A000000C7F2F702000003C3CF5BEA0BE0303BE
:10B9B0000303F0F03C3C86C7AEEFEB280000003CF0
:10B9C000C3FFFFFFFC0300040000C3C3C3C7AAAA50
:10B9D00055550000000000000000000000000000BD
:10B9E0000000FC3CFC3C5155555500003030030331
:10B9F000414141144444418203C0FFFFFFFEDFD7B1
:10BA0000AAAA55550000FFFFFFFF0000288A0F007B
:10BA100082000000FE5EA40400FF00000000F0F0C1
:10BA20000000000CFEF40E0400FF00FFF514A0144B
:10BA3000030303030000FF0004452C6DF0F0000039
:10BA4000171717170088FC0300020000C3C3C3C701
:10BA5000AAAA9555000000000000000000000000A8
:10BA600000000000F0FFFF3FF5FFF5F500FF00C309
:10BA700000F030304141005500C303C055140F0F92
:10BA800000FA00280000F3F3000000008F8FFF8F02
:10BA90000C1CF0A00000F0F03C3C3355555528F349
:10BAA000283002080104FCC0FCC0000F303F7D2894
:10BAB000F5F50F0F5555ACACFFF00F0F05F5E8E8A5
:10BAC000FF3C7D3CFF3CEBEBF330417DCFCF00F002
:10BAD000FF0F1E1E55FF00000000000000000000C8
:10BAE000000000000000FFFFFF3CF3FFF3F3003C09
:10BAF000000000F030301414550000C303C04100B2
:10BB0000F0F0005000AA000030300F0F3C3C828261
:10BB1000FF823C3C00000000FF00AAAA33553355C9
:10BB200028F3283080204010EBEB2828000F000F6E
:10BB30007D28A0A000FF3C3CACAC0F00CCCC4477EF
:10BB4000E8E8C3003F3C3F3C2828F330417D0C0C23
:10BB500000F0FF0F1E1E00AA0000410000000000C0
:10BB6000000100000001000082012001000000002F
:10BB7000A0000000002020012000200411A020C00F
:10BB8000880211A0C10110028400A0001109040064
:10BB90000401A10100212102000020002100040075
:10BBA00000408809204084114010034021400420B7
:10BBB00020004010402020A120010410C0110220CC
:10BBC000024091402090400821402010848821416B
:10BBD000C000C001821084C08290000000000020DC
:10BBE0000000001000000040000221400140000958
:10BBF00000004100000000800120020201820000DC
:10BC0000000009800000040200822100200082025E
:10BC100085004004020200A0C08000C004000004AF
:10BC20004010041009100080052090008891888041
:10BC300008A04021A00020A111200540054004A03B
:10BC4000A1C18380048290090841020005092041B6
:10BC50002020200320202040200820100000000089
:10BC60000000000000000000000000000000800054
:10BC70008000000000000000000000000000020042
:10BC8000000004000000C000402080008000000090
:10BC90002000801080000000000100020000908859
:10BCA00000208020C10000000004040000002000EB
:10BCB000201005018000800080201000000004009A
:10BCC00020A0000800400000C00000040400009014
:10BCD000801082200440808200081002C188000089
:10BCE0000000000000000000000000000000000054
:10BCF0000800040000000000000000000000000038
:10BD00000100A000010000000900A180080020003F
:10BD100004000100200040000000C00200000000FC
:10BD200020000480208020049000048021009020C6
:10BD30000100048000200410040002802000400064
:10BD4000410090102010A0100000040000A001107D
:10BD50004004048021800190022004008800020039
:10BD6000000000000000000080000000080000004B
:10BD700080014000890080000000040080008400F1
:10BD80000002400402404000A020A0212010C02159
:10BD9000C0014002C010400005012040040302C061
:10BDA000000000C083208020004088850841840175
:10BDB0000410110000A00500000041A011A0020025
:10BDC0000900024008002104410804008941401094
:10BDD0008300080209A01184088411C004024102F2
:10BDE00009840000000000000000040000000100C1
:10BDF000000040400000400040410021840020211C
:10BE00004100840011858588010005C105820182F9
:10BE1000088405020980200085418802018501040B
:10BE2000082100008420049004908820091040C05C
:10BE30000520841020080809C04082000803100073
:10BE4000080040418208100804C18402104108A083
:10BE50008221022088080802100210202020840578
:10BE6000C01090080000000000000000000000006A
:10BE70000000000011000040A0208082404020000F
:10BE80004002800803001120A091000000028202FD
:10BE900088208000000204008402C0004088000264
:10BEA00000019002000084C0098205A00088A00261
:10BEB00010208390A04040002100400009822021F2
:10BEC00085020000800400050200408483012041B7
:10BED00000001008C0840282C1094108C182108894
:10BEE0000088021110900000000000000000000017
:10BEF0000000000000000000048009000400018030
:10BF00000140830008000011008008040000008048
:10BF100008850980040800800100058005110021C2
:10BF20008421C00440000080050010118200C00878
:10BF30000841840004002000101182020400042043
:10BF4000014020110000040802040109002104201E
:10BF50008804200020200400050004408400200004
:10BF600000080004002000020000000000000000A3
:10BF7000000000000000000080000000000220001F
:10BF800000C0C04009200000C0912001C0014088CD
:10BF90000410002000850510400040000902044004
:10BFA00003820002402005C000000220410000C0C2
:10BFB0000420C00004408321081141002000032018
:10BFC00010401008040000400000048808824188E6
:10BFD000098420841109052011A100882010001077
:10BFE00021208810200008404110000000000000BF
:10BFF000000000000000002100000205000500A173
:10C0000001000000418000900400414085040302CB
:10C01000891001800080000200101100010000C1A1
:10C0200001218205C08001110020000088A10000CC
:10C030000400C1C0022104A004841004000089414E
:10C0400040A00891000288090084C0020203010593
:10C050004021C00308208404888410048402044121
:10C06000202104880411902102A0882100000000F2
:10C07000000000000000000000000000000040017F
:10C0800000C009000840409008A100000010C00155
:10C09000028402A0809004A0004004119120048238
:10C0A0008400032090C08020C00003020000002014
:10C0B0000421410002100204044010200410041066
:10C0C000208220402088052004A0800011A1410981
:10C0D00002C09020119003101000820820848089F3
:10C0E000110004901182118811200484092000009D
:10C0F000000000000000000000000000000004003C
:10C10000014000000000000001200102000000804A
:10C110004004014100110840880400008882042185
:10C120008500410000000200400040000080000047
:10C1300000A101040000821110C000C08421880009
:10C140000004C00001041140040002000440020485
:10C150008840840804000004000200000500040078
:10C1600004200000000320210009028088000080D4
:10C17000000000000000000002000000000083003A
:10C1800080831103008041000083858041001000FE
:10C1900000830900090400800083002111800080D1
:10C1A0008003054008800000808389A00080000093
:10C1B000000080030389A0800000800305898200BD
:10C1C000000080838089050000800003A0098200B0
:10C1D0000000000309092100008000030409918088
:10C1E000000000034109C1000080000308894000ED
:10C1F00080000000000000000000010000000000BE
:10C2000083009083850840020120008303208990E9
:10C2100001A00283858800900010C0830000A01058
:10C220000040888988888808004040039103822064
:10C230000040000020899009C008009004C120033C
:10C24000C10400C02003082100100008880582C135
:10C25000C1020004A00901050420002020A1094119
:10C26000400800209089A0892182001088218585BE
:10C27000A188100400000000000000000000000081
:10C2800000840000888200000041110288008400C0
:10C290000200414090000801A0C083090000000195
:10C2A000C000830109008884840421838290900166
:10C2B000A18883000000880188001100A103880084
:10C2C0000000A0008305880010000500051108107B
:10C2D000020002A089088405400000101183900527
:10C2E000C0002104A105C004040040A003A004C0B4
:10C2F0002000911041050000000000000000000037
:10C3000000000000000000A00011000983C100210E
:10C310008011C00083904005000380808385000267
:10C3200005200000831090400002000003C100803F
:10C330008040C0808320000000030000210003092A
:10C3400000000000800083850011000021000389A7
:10C3500000000000800003000010001100008309AD
:10C3600000080021A10003890810800000808309D3
:10C370000008000021808389000000000000000008
:10C380000000000021000000000083808280808384
:10C3900040800080848080830080910808800003B2
:10C3A0000000008021208083800080800340800383
:10C3B00080000080842080830000000080800009CD
:10C3C0000003008000000089000300000000000955
:10C3D000008380802180000900830080038084899D
:10C3E000808380808400900900838080040040095D
:10C3F000808380000400908900830000000000001A
:10C400000000000000000100820090004190051033
:10C410008883042084C004104089C0208804201030
:10C4200020899000000803C002838240C0C0828837
:10C430000289820084C01021888300000088C01017
:10C4400020C1080900020490A003C091004008A088
:10C450008485A0832020C120C011A00900400920AC
:10C4600003118283200282080489048388C0882003
:10C4700041050483020220088221C003000000005D
:10C480000000000001000000000000018404048896
:10C49000900104018302A00820002088858905847A
:10C4A0009000040282010000100002824140080452
:10C4B0000800904001090520000000880040891113
:10C4C00090408200020221858440A00202A09101D6
:10C4D00010902000900989880991202020108989D6
:10C4E0008388400110900588058840820805210155
:10C4F000C1828400402091880582880084A00000C9
:10C500000000000000000200000000000002808027
:10C5100080000021800883A180004000008083917A
:10C5200088008000808080400300800000800340FD
:10C5300000808000000003118800000000800000DF
:10C5400009030000000080808391090080918080B1
:10C5500003208000000010C003A104080000008038
:10C5600003C1040000218000839184000080808446
:10C5700003402100000080000385048000000000CB
:10C580000000000000000000004800099000099031
:10C590004142000BD00012000A50000BD0000000F6
:10C5A0004142000BD00081001142000BD00000413D
:10C5B0001288000BD00006841242000BD00041000C
:10C5C00000001182000BD00021000041000BD000C0
:10C5D00000000082000BD00000008241000BD00060
:10C5E00042001182000BD00041822184000BD00058
:10C5F00041508241000BD00000002184000BD0008C
:10C600004160000000000000000000000000000089
:10C610000000555555550000FFFF00000F0F0000AA
:10C62000FFFF000000FF00000F0F00FF00FF0000F1
:10C6300000FF0000FFFF000000FF000000FF0000FF
:10C6400000FF00000000FFFF000000FF000000FFEF
:10C65000000000FF00003C3C000000FF000000FF65
:10C66000000000FF000000FF000000FF000000FFCE
:10C67000000000FF000000FF000000FF000000FFBE
:10C68000000000FF00000000000000003838AC117E
:10C6900000800000555555550000000000000F0FA8
:10C6A00000000000000000FF00000F0F00FF00FF6F
:10C6B000000000FF00000000000000FF000000FF7D
:10C6C000000000FF00000000FFFF000000FF00006E
:10C6D00000FF000000FF00003C3C000000FF0000E5
:10C6E00000FF000000FF000000FF000000FF00004E
:10C6F00000FF000000FF000000FF000000FF00003E
:10C7000000FF000000FF000000000000000000002B
:10C71000001008000000FF000000FFFF0000FFFF06
:10C720000000FF000000F0F00000C3C3FFFFFF00A7
:10C730000000F0F00000FF0000003C3C0000FF00A3
:10C74000000000FFFFFF0000FF000000FF000000EE
:10C75000FF000000FFFF0000FF000000FF000000DE
:10C76000FF000000AAAA0000FF000000FFFF000079
:10C77000FF000000FF000000FF0000003C3C000044
:10C78000FF00000000FFFFFF0000000000000000AD
:10C790000000000000000000FF000000000000009A
:10C7A00000000000FF000000F0F00000C3C3FFFF26
:10C7B000FF000000F0F00000FF0000003C3C000023
:10C7C000FF00000000FFFFFF0000FF000000FF006F
:10C7D0000000FF00000000000000FF000000FF005C
:10C7E0000000FF000000AAAA0000FF0000000000F7
:10C7F0000000FF000000FF000000FF0000003C3CC4
:10C800000000FF00000000FFFFFF0000000000002C
:10C8100000000000000000000000A2C651FCA304BC
:10C820004945A2C751FCA3844945A25F5164A3B402
:10C830006140A240518CA3044945A2C7519CA384E6
:10C840004945A24751F4A10441400000C0C6C09C24
:10C8500033804903C047C0FC30A04903C0C7C07C37
:10C8600030A04D03C0C7C0FC33B04903C0C7C0FCF3
:10C8700033B04903C0C7C0FC33B04903C0C7C0FCD4
:10C8800033B04903C0C7C0FC33B04103000000000F
:10C890000000000000009090A00C00002C2C000074
:10C8A000FF000F00FFFFFFFCAAAA0000500050008D
:10C8B000000000000C0C0A0A00AA0A0A0000F0B4EA
:10C8C0000000C3C300FF00FF000000F000000000F4
:10C8D000F0F703030303FFFFFFFFFFFFFFFFEBEB97
:10C8E000FCC03C55FF0F3CFF3C000C043C343F3F78
:10C8F000FA0A00300040AA3CF0FF417D3F3F3F3F35
:10C90000AFA01717C3FFFFFF0000000EB00000002C
:10C910000000000000000008100D00000000832C43
:10C92000000000000F00FEFEFFFCFFFB0000F0A077
:10C93000F0A8FF007F000C0C0A0A00AA0A0A0000F7
:10C94000B4B400C201C300FF00FF00FF000F0000ED
:10C950000000F02000C3018330000000FF7FFFFFD4
:10C960002828FCC03C55000F3FFC300C0301C3C11C
:10C970003030FA0A00300040AA3CF000417D030349
:10C980003030AFA01717003C00900090000410005A
:10C990000000000000000000000100000000800016
:10C9A000BEBE0EBE3C3C0000BE0000BE69606060C2
:10C9B000FF3C0ACA20F00FDF0C0C0F0FAAAA00AA36
:10C9C00000000000000000003C3C3C3C00FA003944
:10C9D0000000C300C240007080F080204010BEFF05
:10C9E00041BE3C3CAAAA00033C0F22110000140CDB
:10C9F000140C7525ADA802026B6BF0F0AAAA414198
:10CA000014D73A3A000005AF7D7DC300C0C0305F47
:10CA10003F5F00000000000000000882C0124803D1
:10CA20004110BEBEBEBE3C3C00000E00000E696060
:10CA30006960FF3CAAAA00F00FFF0C0C0000000088
:10CA400000AAF0F7F0200CFC1CBC3CBC3C3C0005F0
:10CA5000003C0000C300C0C00030C0F00208010468
:10CA6000EBAA41BEFF00F0F0280B3C0F00002211A2
:10CA700000003C0070200D0800003C3C3C3CFF00E6
:10CA8000033F0C0CF000000005AF2828C300828291
:10CA900030503F5000000000000000004000000047
:10CAA00000000000000000880000020000000000FC
:10CAB000210021C0000000002100000020102008FB
:10CAC000000040100220020011000482000040A07B
:10CAD00011004190000002900000040000A004A09A
:10CAE00002C00200009040000590210004001000E8
:10CAF00011C0040020104010210803C011100510BF
:10CB000004101120008241A004900410040004824B
:10CB1000048220100410000000000000000000004B
:10CB200000000000000000000000000000200000E5
:10CB300000000020002000000000C01000090000DC
:10CB4000000900000041880082000200200000036C
:10CB500000030002820000C09009C009C00020202C
:10CB600090112021C009401000020400A021C01132
:10CB700001000800900921208808204100100010C1
:10CB80000008C0098821000304088421A020A021F6
:10CB900000100209000882020000000000000000EE
:10CBA0000000000000000000000000000000000085
:10CBB0000000000000000000000000000000000075
:10CBC0000000000000000000000000000000000065
:10CBD0000000000000000000000000000000000055
:10CBE0004100000000000000000000000000000004
:10CBF000000040088000000000000000000000006D
:10CC0000000040820000000003100002008400A029
:10CC10000900008400200002000000000000000065
:10CC20000000000000000000000000000000000004
:10CC3000000000000000C000000000000000000034
:10CC400000000000000000000000200000110000B3
:10CC50000021400000000000200000000000000053
:10CC6000000990000009A00000000020040000005E
:10CC700000000000000340002000000020004000F1
:10CC80009000A008040000000400C009001000107B
:10CC9000200320204009C010001190200000400017
:10CCA0000000000000000000040000000000000080
:10CCB000000000000000090040000000000000002B
:10CCC000000205A0100000000400000000000000A9
:10CCD00040004000020008000500000000000500C0
:10CCE000410040080010000011A0110040020400A3
:10CCF000090011000910051004844082040000009E
:10CD0000400010880502090811C0400011004100D0
:10CD100004001100004011081108408405000000C3
:10CD2000000000000000000000000000000088007B
:10CD3000000088000000000340008800000000217F
:10CD400000110010000000210021841100400000AB
:10CD5000000084000000000000410000000200000C
:10CD6000004102000200000008008809C000100312
:10CD700008030000002108058821101088214021A7
:10CD8000880304108211A005A0058205A010881157
:10CD90008211402104038821C002842110214021F6
:10CDA0000000000000000000000000000000000083
:10CDB0000000000000000000000000000000020071
:10CDC0000000000011000000000011001100000030
:10CDD000030009400284020020004190100020203E
:10CDE000000040200204119040400002108803001F
:10CDF00020902100000003082100008408042090F6
:10CE00008008098808881000049002080500009036
:10CE100020080010030000000908202041880500B8
:10CE200008200000000000000000000000000000DA
:10CE30000000000000109000001000000000000042
:10CE40000000000000024002040390000000000007
:10CE5000000000000000000500000000000040008D
:10CE600011000000204120002000C0000000400010
:10CE700040000440024090080200400020030503E7
:10CE80000500104110008404400440008208880915
:10CE90004000020884092009C01104058820884048
:10CEA0000408000000000000000000000000000076
:10CEB0000000000000000000000000000000000072
:10CEC0000000000000000000000000000000090059
:10CED000000000000000000000000000050005A0A8
:10CEE00000001084000003C00000030040000000A8
:10CEF0000000000041824100000000004188000263
:10CF000000000208210000000300110200C004001C
:10CF1000400002C0210800C000020300031041C00D
:10CF200003900800008200000000000000000000E4
:10CF300000000000000000000003000500050000E4
:10CF40000009000300210021400384210021840006
:10CF5000000000000410000904004003400000101D
:10CF6000000000000008000002008400002000080B
:10CF700000418400000500218808A0418810044178
:10CF80004041880891031020840900108800004067
:10CF900090418805884000409009C041A0410400AC
:10CFA00084050040824002050000000000000000EF
:10CFB0000000000000000000000000000000000071
:10CFC00000000000110011000900000011001140D4
:10CFD000091000004040001020C0024021400040E5
:10CFE00004000982004000400000000011404100A0
:10CFF0004100020009000000000004000010410090
:10D000001140914009400020400000A02100008212
:10D01000000220A000000900000008822100100288
:10D020001100410020842000404004000000000066
:10D030000000000000000000000000204000040587
:10D0400088000000020000000420000040004000B2
:10D050000003A009002000000000A002400400021C
:10D0600004020011202000008800000000410000A0
:10D07000004000002020040388000000021000048B
:10D0800010042000080004008490880304418820D4
:10D09000040902040008C003202140080210040013
:10D0A0008408C000002140210200000400000000AC
:10D0B0000000000000000000000000000000000070
:10D0C00000000000000000000000000080000000E0
:10D0D000000000008000000000800011008080003F
:10D0E000000300008000000000000000000080003D
:10D0F0000000000000008000020000800009000025
:10D100000000000300000000030000C10300000055
:10D11000000000000000000000000000000000000F
:10D1200000000000000000000000000000000000FF
:10D1300000000000000000000000000000000000EF
:10D14000000000000000000000000000000082005D
:10D15000000000820000820000000008A090001083
:10D1600010000001000082000000008200000000AA
:10D1700082000000008200C0820000000040C00069
:10D1800000A002000001000000000100C0C000007B
:10D19000000000000000000000000000000000008F
:10D1A000000000000000000000000000000000007F
:10D1B000000000000000000000000000000000006F
:10D1C000000000000000000000000000000000005F
:10D1D00000000200000000000000850000000400C4
:10D1E000A1002101008301000000000000000010E8
:10D1F0000000000002000000000000000500000127
:10D20000A0000200830000040000000000000001F4
:10D21000010200000000000000000000000000000B
:10D2200000000000000000000000000000000000FE
:10D2300000000000000000000000000000000000EE
:10D2400000000000000000000000000000000000DE
:10D250000000000080000000000000000400000347
:10D260008000020041100090100500000000000046
:10D2700000800000000080000000000000000400AA
:10D280000041000085001041008000000500000002
:10D29000000341000000000000000000000000004A
:10D2A000000000000000000000000000000000007E
:10D2B000000000000000000000000000000000006E
:10D2C000000000000000000000000000000000005E
:10D2D000000000000000000000000000000000004E
:10D2E000008020C1000500000000000000000000D8
:10D2F000000000000000000000000000000000002E
:10D300000000000005000010000000000000000008
:10D31000000000008000000000000000000000008D
:10D3200000000000000000000000000000000000FD
:10D3300000000000000000000000000000000000ED
:10D3400000000000000000000000000000000000DD
:10D3500000000000000000000000000000000000CD
:10D360000000000400A10000000000000000000018
:10D37000000000820000000000000000000000002B
:10D380000000000000A000000001000000000000FC
:10D3900000000000C082400000000000000000000B
:10D3A000000000000000000000000000000000007D
:10D3B000000000000000000000000000000000006D
:10D3C000000000000000000000000000000000005D
:10D3D000000000000000000000020000000100004A
:10D3E0000082019090100000000100000088000001
:10D3F0000082000000000000000000020100008325
:10D40000000000C0010002000000008201000000D6
:10D41000000000820000010002A0000000000000E7
:10D4200000000000000000000000000000000000FC
:10D4300000000000000000000000000000000000EC
:10D4400000000000000000000000000000000000DC
:10D45000000000000000000000000080000000024A
:10D460000000008004000200000000030300000030
:10D4700000000080000000000000000000800400A8
:10D48000000200000000040084000000008320006F
:10D4900000000000008000002100000400000000E7
:10D4A000000000000000000000000000000000007C
:10D4B000000000000000000000000000000000006C
:10D4C000000000000000000000000000000000005C
:10D4D000000000000000000000000000000000004C
:10D4E0000000120000000000000012004148000B84
:10D4F000D0001242000000000000120000000000F6
:10D50000000000001200000000000000120081482E
:10D51000000BD000120000000000000012420000CA
:10D5200000000000000000000000000000000000FB
:10D5300000000000000000000000000000000000EB
:10D5400000000000000000000000000000000000DB
:10D5500000000000000000000000000000000000CB
:10D5600000000000000000000000000000000000BB
:10D5700000000000000000000000000000000000AB
:10D58000000000000000000000000000000000009B
:10D59000000000000000000000000000000000008B
:10D5A000000000000000000000000000000000007B
:10D5B000000000000000000000000000000000006B
:10D5C000000000000000000000000000000000005B
:10D5D000000000000000000000000000000000004B
:10D5E000000000000000000000000000000000003B
:10D5F000000000000000000000000000000000002B
:10D60000000000000000000000000000000000001A
:10D61000000000000000000000000000000000000A
:10D6200000000000000000000000000000000000FA
:10D6300000000000000000000000000000000000EA
:10D6400000000000000000000000000000000000DA
:10D6500000000000000000000000000000000000CA
:10D66000000000400000000000000000000000007A
:10D6700000000000000000000000000000000000AA
:10D680007B750000AEDE000000000000000000001E
:10D69000000000000000000000000000000000008A
:10D6A00000007B750000000000000000000000008A
:10D6B000000000000000000000000000000000006A
:10D6C000000000000000000000000000000000005A
:10D6D000000000000000000000000000000000004A
:10D6E000000000000000000000000000000000003A
:10D6F00006000000000000003002000000000000F2
:10D700004003066000008667C002000000000000C1
:10D71000408C070000000000000030020000000004
:10D7200000004003E661000000000000000000006F
:10D7300000000000000000000000000000000000E9
:10D7400000000000000080000000000100008000D8
:10D750000000000000018001800084110401040029
:10D7600000010001000183C1A001200100010001AE
:10D7700000004100840100110001200100010001AE
:10D780000001402083000000200020080001C000AC
:10D79000050000000940200009000000040002020A
:10D7A000A02021001100A1C0020004C011C1A001ED
:10D7B000411082202011820840000988410085A084
:10D7C00084001182042002000800000000400000D4
:10D7D0000400000000000010204020000584010427
:10D7E0000100002000200020204020200004000430
:10D7F0000004000000002110001000200020002084
:10D80000002020200080040000C00100C000002093
:10D810000400A0110010C09001100000A008002119
:10D82000000004909010002120218510211000405C
:10D83000044020112184C0042121900210080821F5
:10D8400008412004A0410009411000000000000030
:10D8500000000000000000000000000000000000C8
:10D8600000000000000000000000000000000000B8
:10D87000000080008000C1000000000000000000E7
:10D880000000800080008000800000000000000098
:10D890008000802000000000001000000001000057
:10D8A000000000200000000421000004000000002F
:10D8B000040000000002000000002111040000002C
:10D8C000000000040010802080A080000000000004
:10D8D0000000000000000000000000000000000048
:10D8E00000000000C0000000000000000000000078
:10D8F000000000000400040004000000000000001C
:10D900000000000020002000200020000000000097
:10D9100000002010208040001000048000008240A1
:10D920000000A00010804000000000000010000077
:10D93000A0001110A0002003A01190030220A0104D
:10D94000200004410400A0102090200320110000BA
:10D9500000000000000000000000000000000000C7
:10D9600000010000040000040000000020008010FE
:10D9700000840000000980008040800000088000D2
:10D9800080848020A02100210020002004100000BD
:10D99000040004A00410000002840000090000A09C
:10D9A000000008010402030002A080209000020091
:10D9B000840000A0088400118002410804C04010C7
:10D9C000118402841110000005849184C041918467
:10D9D0000000000000000000000000000000000047
:10D9E0000000002000000100008000000000010095
:10D9F000208000000000002020000800200000001F
:10DA0000020020212085059000A0008000800100F8
:10DA100000000100110001008400850008000000E2
:10DA200010000000014000000403C000208020100E
:10DA300089002121001190111004042084108521F7
:10DA40000010000089038441884100400403042041
:10DA50000441000000000000000000000000000081
:10DA60000000000004000000000084910001090093
:10DA70000000000104000400800004004000410098
:10DA800000000400008804000401902041082000E8
:10DA9000030000001000200041A0410089000300A5
:10DAA0002000800020002000020020040400040068
:10DAB00020081090059011200210402090002000B6
:10DAC000002000200400040020A1050240A0110451
:10DAD0000002040000000000000000000000000040
:10DAE00040000000000001000000000005200020B0
:10DAF000A003400000108400820004000002000027
:10DB00000003000800210041112011042000A002A0
:10DB10008800002000802000410010002020200408
:10DB20008809210002400100C104C111C111002077
:10DB3000C10300030000100940808411008320000D
:10DB400000054000108200000200000400210003D4
:10DB50008420000500080000000000000000000014
:10DB60000000000004000000000000C000000000F1
:10DB700084C10400048400A0081004000040008850
:10DB8000030100A00900830800A0002000A0008479
:10DB90000000080000000000050004001000000064
:10DBA0004000050141000000001000002008008432
:10DBB00000008000000204C0000882C00389000841
:10DBC0000084000109822140094091C0000802A0A0
:10DBD00008C0028808C0000000000000000000002B
:10DBE000000500000000000000000000002100000F
:10DBF0000000211001080100000001800110000058
:10DC00000041840400000005200000080088000096
:10DC100000000000000000210000000001000000E2
:10DC20000000821088041000000000032003010897
:10DC300000210009020200210500A005210040206A
:10DC400000218440002008082041088020100000A6
:10DC50000908040001000009840000000000000021
:10DC6000090000000000000000000090000000001B
:10DC70000084918884A00904A100808820A000204D
:10DC80000000000240A04182009002A000C0049069
:10DC9000009009A00820098820040000402010A05E
:10DCA0000200022041000888050241002000000413
:10DCB0002010090220A00300040200200220100806
:10DCC0002010008820080384049020202082210056
:10DCD0002120209084911184001010A000000000E9
:10DCE00000000000000000000000000000410020D3
:10DCF000004104002011050388830403080082000A
:10DD000084A10000C0020000C04000080000000024
:10DD100084000000000040A0C000040200000400D5
:10DD200090090000040000200500C0404002A0024D
:10DD300084000200401105090041010002A0000317
:10DD400000000500000089008800040000000104B4
:10DD500000410280910804204003000800202100B7
:10DD6000000000000300000000000000000000832D
:10DD700021898980008000031109A10000800083AF
:10DD80000809410000000003830988000080008327
:10DD900080090280008080030009910000000000DB
:10DDA0008083030900000080008300891000008048
:10DDB0000003000903800080008300094180000007
:10DDC00080032089800000000083208940800000BB
:10DDD00000030089050000808083A08910800080F6
:10DDE0000100000000000100000000000000200011
:10DDF00000830803C0200020008301894004002024
:10DE0000041102C10540004090891041038200C006
:10DE10000005C003908800908891008504A0000050
:10DE200000008821A0C1A082002000832041A00220
:10DE3000002000110011A00400409005200990046A
:10DE400000A0202189030290000800030103104074
:10DE500000200021A0050890002010091021414059
:10DE60000040000000000000000001000000002051
:10DE7000009010018900C000110988010100888804
:10DE800089C1C000050082008311100021008200BA
:10DE9000418988010000A0008391020121008800CF
:10DEA0009191000002008208C08801C00200850034
:10DEB00088000501880089000200210988A011005E
:10DEC00040A0A10902020500A0C005119041030075
:10DED00008049185048985000200910104C0910025
:10DEE00010A021C100000000000000001000000090
:10DEF000000000008008410000008309800241000A
:10DF0000008003890020C100000083898021C100B6
:10DF10000000830900080000800083910020410078
:10DF20008000030900000000000080800380800062
:10DF3000C100000083090002410080008389004184
:10DF4000C100000003898009C1000080830900C06E
:10DF5000C100800003090010C10000008309001106
:10DF60004100000083890000000004000000000060
:10DF70000000040020008000800088098083008069
:10DF800080800009808300800000800900830000F9
:10DF90000000000980830080800080898083000069
:10DFA00080808089008300000080808000898083D9
:10DFB00000000000008900830000000080890083C9
:10DFC000008085000589000300000200800900032D
:10DFD000000004002189008300800300A009800361
:10DFE000008004800389008382000000010000009B
:10DFF00082000000010001008282040804891011DF
:10E00000000888889021888300908808A091C083A8
:10E010000040008400914083000288A0A00388890A
:10E020000090C00210A1408900400020020200A11F
:10E03000208900080240C003008300C00404A0053A
:10E0400002830040208288850441A008044010011A
:10E0500002890088840010850203A020C002A1214B
:10E06000400300028204C08504110000000000008B
:10E070000001000000000000000009900840A0001E
:10E08000020491030840A000042091A1C0400800B0
:10E09000A1028390C0084000110083898941A0003B
:10E0A000020291418890A0000000000021008890A9
:10E0B000A0202020C14108029000C0A0A1910240F0
:10E0C0000200A00289849008830090822188219018
:10E0D000400020028521884003008204838911903A
:10E0E000080002108589C14008009004000000006B
:10E0F0000000000400000000000000000940800053
:10E1000080008080038380008000890083100000ED
:10E110000000100083008000000090008383844092
:10E1200080008080031080008000110000008321A7
:10E13000800080C0008083088080000011000903F7
:10E1400000000000008003C000000400008003897C
:10E15000040000000000830300008400008083C0EE
:10E1600084008000002183A10400000000800000E2
:10E170000009000000900088000000000B008142B0
:10E18000400BD00012008142400BD0402100814260
:10E19000400BD04000001242000BD00000000041B4
:10E1A000000BD00021008181000BD0000000000096
:10E1B0008241000BD00000001281000BD000000053
:10E1C0000A81000BD00042001182000BD0000050E9
:10E1D0001182000BD00000002184000BD000410010
:10E1E0000084000BD00000001182000BD000000062
:10E1F000000000000000000000000000000000001F
:10E20000FFFF0000FF0000003C3C0000FF0000009A
:10E210003C3C0000FF0000003C3C0000FF00000010
:10E22000FF000000FF0000003C3C0000FF00000079
:10E230000000FFFF0000FF0000003C3C0000FF006A
:10E240000000FFFF0000FF0000000F0F0000FF00B4
:10E250000000FF000000FF0000000F0F0000FF00A3
:10E260000000FF000000FF000000FF000000FF00B2
:10E27000000038302000008000000008008100000D
:10E280002840FFFF0000FF0000003C3C0000FF00B2
:10E2900000003C3C0000FF0000003C3C0000FF0090
:10E2A0000000FF000000FF0000003C3C0000FF00F9
:10E2B0000000000000000000FF0000003C3C0000E7
:10E2C000FF000000FFFF0000FF0000000F0F000034
:10E2D000FF000000FF000000FF0000000F0F000023
:10E2E000FF000000FF000000FF000000FF00000032
:10E2F000FF00000000000000080000000000061001
:10E30000000000000000000000000000000000000D
:10E3100000000000000000000000000000000000FD
:10E3200000000000000000000000000000000000ED
:10E3300000000000000000000000000000000000DD
:10E3400000000000000000000000000000000000CD
:10E3500000000000000000000000000000000000BD
:10E3600000000000000000000000000000000000AD
:10E37000000000000000000000000000000000009D
:10E38000000000000000000000FF0000F0F00000AE
:10E3900000FF0000F0F0000000FF0000F0F00000BF
:10E3A00000FF0000F0F0000000FF000066660000C3
:10E3B00000FF0000F0F00000000000FF0000FFFF81
:10E3C000000000FFFFFF0F0F000000FF0000F0F053
:10E3D000000000FF0000F0F0000000FF0000F0F07F
:10E3E000000000FF0000F0F0000000FF0000F0F06F
:10E3F000000000FF0000F0F000000000000000003E
:10E400000000000000000000000000FF0000F0F02D
:10E41000000000FF0000F0F0000000FF0000F0F03E
:10E42000000000FF0000F0F0000000FF0000666642
:10E43000000000FF0000F0F00000000000FF0000FE
:10E440000000000000FFFFFF0F0F000000FF0000B2
:10E45000F0F0000000FF0000F0F0000000FF0000FE
:10E46000F0F0000000FF0000F0F0000000FF0000EE
:10E47000F0F0000000FF0000F0F000001010800835
:10E4800000000000808809000000C0C6C0BC33C086
:10E490004D03C0E7C09C33404D03C0C7C0BC3340F0
:10E4A0004D03C0C7C09C33804903C0C3C0BC30808B
:10E4B0004903C0C7C09C338049030000C0C7C09C4B
:10E4C00033804903C0C5C0FC33B04103C0C6C0FCA3
:10E4D00033904903C0C7C0FC33B04903C0C7C0FC78
:10E4E00033B04903C0C7C0FC33B04903C0C7C0FC48
:10E4F00030A04903C0C7C0FC33B049030008000C7A
:10E5000000000000000000200000014099666699AC
:10E51000996666999966669933CC5AA59966669903
:10E520005AA59669C0820F0F6969F0301C201C1C27
:10E53000AA55A0000000FA0A0302034300000000ED
:10E54000FC0CC3C0C3C3FFFFFFCC4D4D3CFF05C057
:10E5500005CF7FFF7FF0FCE8D4C0FF55EF45EB28E7
:10E56000FCFC0303C3C3F330F330006996FF002AB9
:10E570002A0007C737F75544110028287D7D000081
:10E5800000000000800000014000000002006699C9
:10E590009966669999666699996633CC5AA5669983
:10E5A00099665AA56996C082F0F0696900303C000E
:10E5B0002020AE55A0000000AAAA030203430000D9
:10E5C00000003C3C00000003FFFFFFCC4D4D00C3AA
:10E5D000F5C0F5CF7FFF7FF0F371B230FFAA7F2A3D
:10E5E000EB28C0C003030000EBEB2828006996FF6E
:10E5F000002A2A0004C434F45644120005AF05AFC3
:10E60000000000004803411040000000000000002E
:10E61000F330EBEB99666699996666999669699607
:10E620001013D0D39999AA550F000C0C0F003C0081
:10E63000FF57FF0000FF41410000FA5000000000BA
:10E6400000000000F7200000000000C20028401079
:10E65000000004F400003CFF0F55FB3BCB0B7D7D1D
:10E6600005AFFFF0AA3CAAFF2D2DFFF0AA3C0DCD6F
:10E670003DFDEB28FCFC5D5D5DFFF03CF03C00FFE8
:10E6800055550000000000000000000000000000E0
:10E690000000F3302828669999666699996669960C
:10E6A00096691C1FDCDF666655AA0F000C0C0F0074
:10E6B0003C00FFD7FF00000014140000F0F03C3CC9
:10E6C000303F00000000F7203C2D3C2D00C2000030
:10E6D0008020000000F000003C000F55F838C8080A
:10E6E000282805AF00F0AA3C00552D2D00F0AA3CCB
:10E6F00001C131F1EB28C0C00C0C0CFFFFAA00AA2D
:10E700000F0F3C3C000000000000800100000000F2
:10E71000000000002040200020010801200020000F
:10E720002001200180018000840021A1401080A0F0
:10E730002020912088A00000202004008400840074
:10E74000840104000000C021A120092191010400DE
:10E75000200020012040210080110005041100004C
:10E76000200102204108A0000200040002C0022093
:10E77000A0108090C0C104C0110020200004A08916
:10E780008288A008020000000000000002100000C3
:10E7900000000000000001800100012001200100B4
:10E7A0000110012001202020200021000020000075
:10E7B0002000008020802100000001800000200057
:10E7C00020102010000000C0048420800084040475
:10E7D00000000100012000800021201000C0014045
:10E7E000000800200189001004080141000801050B
:10E7F00001902021202104040820080000800080CE
:10E800002020050820009108000000000000000002
:10E8100000000000000000000000000000000000F8
:10E8200000000000000000000000000000000000E8
:10E8300000000000000000000001000000000000D7
:10E8400000000001000100000000000000000000C6
:10E8500000000001000000008000880000000000AF
:10E8600000000000000100000000000100000000A6
:10E87000000000000000400000000000C000800018
:10E8800080000010000000000000000000000000F8
:10E890000000000000000000000000000000000078
:10E8A0000000000000000000000000000000000068
:10E8B0000000000000000000000000100000004107
:10E8C00000000000002000400000000000000000E8
:10E8D00000000000004000000000200020000000B8
:10E8E00000000000000000400000000000400000A8
:10E8F000000000000005A0002000000020100241E0
:10E9000002000241000000100000001000000000A2
:10E9100000000000000000000000000000000000F7
:10E92000880180008000000000000000008200904C
:10E9300000840082208400902000200000008020BD
:10E9400000A08020021000840000002000000410BD
:10E95000048204A00400800008C00000040000003D
:10E96000030000000001800200100001050004C047
:10E97000000000010084040080000484000004857D
:10E9800004C080C000A00000408403828401000015
:10E990000000000000000000000000000000000077
:10E9A0000000052004000411004184100000000054
:10E9B00000000000000001410021012100210000B1
:10E9C0002085000020800180000000000080000001
:10E9D000010001000100010020108500000001007D
:10E9E0000003004100000204040090400004000005
:10E9F00001101003C020A0104108040811100000ED
:10EA0000910485002000A0100010000900102020B3
:10EA100000000000000000000000000000000000F6
:10EA200000000200110004000000830000008500C7
:10EA3000030000014100C100040041000200820007
:10EA400000001000100040000001050002008400DA
:10EA500000002000410010000000090003004100F8
:10EA60001000410000001000A0000204820000001D
:10EA700002200400040220008000050405000200BA
:10EA80001004020020010500100002002000100008
:10EA900020900000000000000000000000000000C6
:10EAA0000000000001000000010000000210000052
:10EAB00020000000004000002000010000000000D5
:10EAC0002000100000000005000000100000000001
:10EAD00020000000040000210000000000080000E9
:10EAE0000000000000000000000020000189200458
:10EAF00000000188000001000100200010800002D9
:10EB00008300888000000020000002000100010056
:10EB1000900000090000000000000000000000005C
:10EB200000A000000000800004C008010084034031
:10EB3000002088000320004000A041008000000069
:10EB400000A0038400A00082000010A0001000A01C
:10EB500000000020000000200020410010000900FB
:10EB600080A0108300000520050000000000802028
:10EB700040000004100110C080A08504100100A016
:10EB8000030000A00510020880080408C0A00010BF
:10EB90001010090011A0000000000000000000217A
:10EBA000000000000000000302000100011000004E
:10EBB00084800080050000C00085000084210403DB
:10EBC000000000030003000000000041000000A15D
:10EBD0000000000000830000008000800041000071
:10EBE000002102410020000000800000C000000061
:10EBF00020800021A00000040400040004108820EC
:10EC00000041A00000080000A10320209111040889
:10EC10008408821188051000000000000000000038
:10EC20000000000000000000001002001110200091
:10EC30008000809000C00900090000A04120092048
:10EC400005841182022009200000042041A0418295
:10EC5000008804A0008800200000004004A000A05C
:10EC60000020200011A040904000904041884000CA
:10EC70001090100004020400409020022008400080
:10EC800040000020109104848000C02000904110BA
:10EC9000408240891140C00840020000000000008E
:10ECA0000000000000000000000000000100000063
:10ECB00001002000020000000000000000000080B1
:10ECC0000080000000000080008000000080000044
:10ECD00000000000000000000080000000000000B4
:10ECE0000000008000090000000002002000000079
:10ECF00000000002000010001100000001000100EF
:10ED000000000000000000200000040020100000AF
:10ED100000002000000400000400002000000000AB
:10ED20000000000000000000000000000083050952
:10ED3000A08000008003C0890200000000030809D1
:10ED4000410000000083C1094100000000030009E8
:10ED5000080000000083000900000000000080831C
:10ED60000009A180008000838089090000800003E1
:10ED7000A089208000000003028921000080000398
:10ED80008009080000008083000902000080000361
:10ED900000091000000000830009030000000000CB
:10EDA00000000000000000000000000000000083E0
:10EDB0002109024000080421C1C1A1C000880091BE
:10EDC000030103400020A003C009A18200A000911C
:10EDD00004210390000200830001A088009000003D
:10EDE0008805008540040004004190410104002092
:10EDF00000051041014000A002918403402000045E
:10EE0000C0032085910400022021009141A0002030
:10EE10000289902121400090002100092008002053
:10EE200000000000000000000100000000000000E1
:10EE3000880120009188C141400084000400C10184
:10EE400040008400C100030140008400C020C19143
:10EE5000A0018200218883A100000800030083A193
:10EE600000000400820005880503880020000920B6
:10EE7000034104008400A002C10840052000A1C095
:10EE800003A110A1A0000308A1A188408408A00448
:10EE9000850890118400051003910402400089A0A8
:10EEA000C1A10000000000000000080000000000F8
:10EEB00000000002000021808309004080008000E3
:10EEC00083118000800021000309000380000000FE
:10EED000831100200000A1008309000080002100B0
:10EEE0008309000080200000A18083890020800029
:10EEF000A1000389802080008080834100200000E1
:10EF00002180830980080000A18003090985808091
:10EF10008000830200C00000A180830980210000DE
:10EF200021000309000000000000000000000000B4
:10EF300000000000000000008009808300008000C5
:10EF400000898003000080808009008300000000A9
:10EF50004089000300000080C08900030080000099
:10EF60000089000300000080008000898083000089
:10EF700000000289008300008080008900830080F7
:10EF8000A000880900030000898000898003000038
:10EF9000020080090003008040800889800300008F
:10EFA000828088090083000000000000000000004B
:10EFB0000000000000000020008804838803004057
:10EFC00002A090A102910090C00840210205008299
:10EFD00082C0894100410002A0C0A0212091009080
:10EFE00000028805000300000004A0C00005880599
:10EFF000008202C009110483002082042021C08302
:10F000000020118805C10221004040044085822172
:10F0100000884088408904910020C00282412091EC
:10F0200000002008110304A10000000000000000FF
:10F03000000000000000000083100240A0001088C3
:10F0400083C0844002000488898801102000008861
:10F0500083898910900002028589C182A000020480
:10F060000388038202004082000001888982040034
:10F070002000410440044000030209009008C00041
:10F080009088030102084000400891108440080065
:10F09000201021098408C0002020918808880800D9
:10F0A000041011A0208282840810000000000000DB
:10F0B0000000000000000000000089C08000800007
:10F0C0008000830300008011890003A004800000F9
:10F0D0000000838804800011800083880400000001
:10F0E00000808383048080008080000003A08480EF
:10F0F0008000800003A10080800010800303008056
:10F1000000110900830300808000848009880000CA
:10F1100080008080831000800000800003030000D6
:10F1200080000980832084000080008000000000AF
:10F130000000000000000000000000001241800BF1
:10F14000D00000000A42000BD00000000A42000B71
:10F15000D00000000A88000BD00000000A42400BDB
:10F16000D00400000A42400BD0004260000012426E
:10F17000000BD00042004142000BD000000041884B
:10F18000000BD0000A002184000BD0008200124244
:10F19000000BD00000600A50000BD000000021845A
:10F1A000000BD00000008241000BD00000000000E6
:10F1B000000000000000000000000000000000004F
:10F1C000FFFF000000FF00003C3C000000FF0000CB
:10F1D00000FF000000FF000000FF000000FF000033
:10F1E00000FF000000FF000000FF000000FF000023
:10F1F000000000FF000000FF00003C3C000000FF9A
:10F2000000003C3C000000FF00003C3C000000FF10
:10F210000000FFFF000000FF0000FFFF000000FFF4
:10F2200000003C3C000000FF000000FF000000FF69
:10F2300000000000000000000000000000000000CE
:10F240000000FFFF000000FF00003C3C000000FF4A
:10F25000000000FF000000FF000000FF000000FFB2
:10F26000000000FF000000FF000000FF000000FFA2
:10F270000000000000FF000000FF00003C3C000018
:10F2800000FF00003C3C000000FF00003C3C000090
:10F2900000FF0000FFFF000000FF00000000000072
:10F2A00000FF00003C3C000000FF000000FF0000E9
:10F2B00000FF00000000000000000000000000004F
:10F2C0000000FF000000FF000000FF000000FFFF43
:10F2D0000000FF000000FF000000FF000000FFFF33
:10F2E0000000FF000000FF000000FF000000FF0022
:10F2F00000000000FF000000FF000000FF00000011
:10F30000FF000000FF000000FFFF0000FF00000002
:10F3100000FFFFFFFF000000FF000000FF000000F3
:10F320003C3C0000FF000000FF000000FF00000068
:10F33000FF000000000000000000000000000000CE
:10F3400000000000FF000000FF000000FF000000C0
:10F3500000000000FF000000FF000000FF000000B0
:10F3600000000000FF000000FF000000FF000000A0
:10F37000FF0000000000FF000000FF000000FF0091
:10F380000000FF000000FF00000000000000FF0080
:10F39000000000FFFFFFFF000000FF000000FF0073
:10F3A00000003C3C0000FF000000FF000000FF00E8
:10F3B0000000FF000000000000000000000000004E
:10F3C000000000000000C0C2C0FC33C04D03C0E715
:10F3D000C0DC33C04D03C0E7C0DC33C04D03C0E721
:10F3E000C0DC33C04D03C047C0BC33C04D03C0C7F1
:10F3F000C0BC33904D030000C0C7C09C338049039C
:10F40000C0C7C07C33204903C0C7C05C33B04903C8
:10F41000C0C7C0FC33B04103C0C6C0FC33B0490311
:10F42000C0C7C0FC33B04903C0C7C0FC33B04903F8
:10F43000C0C7C0FC33B049030000009000000000CA
:10F4400000000000010000000F0F669999666699A0
:10F45000CCCC9966996666990F0FF0F0996666991B
:10F460009999996666999966996666999966669971
:10F4700033CCCC3333CCCC3300000E040E04554DCA
:10F480000000DF5FD755AFAFFFFFFE7CEA68D7D73C
:10F490000CCF10D01CDC033F7D7DF0F0AAAA151F15
:10F4A000B5BFE8E8FFC30129153DAAAA3C3C417D50
:10F4B000CFCFBEFABE50FF5AA500000000000000EA
:10F4C00000000000002000000000F0F0996666993E
:10F4D0009966CCCC9966669999660F0FF0F066999B
:10F4E0009966666666999966669966999966669957
:10F4F0009966CC3333CC33CCCC3300000C0C0C0CE1
:10F50000554D0000CF0FC3000707FF00D654C2407F
:10F5100014140CCF13D31FDF033F41413C3CFF00C9
:10F52000101AB0BAE8E83C000129153DF0F0FF00E0
:10F53000417D0C0C14FA1450FF5AA5000000000085
:10F54000000000000000000000000200C33CFF00BB
:10F5500099666699996666999966669966669999B3
:10F5600099666699996666999966669999666699A3
:10F5700099669669CCCC0F0FA55A5A5A0000C20260
:10F580008282FFCF00000AFF3EFF020A82AA0080AB
:10F5900000002D2D0A5FEBEBFCC00CCF7D7D0CAE87
:10F5A0000CAEFF0F3C55F330BEBE099F099FF3EB35
:10F5B00030EB0C0CCFCFFA507D7D145FBE5F400066
:10F5C0000000000000020000000000000000CF303A
:10F5D000CF30669999666699996666999966999900
:10F5E0006666669999666699996666999966669956
:10F5F000996666996996CCCCF0F05AA55A5A0000E3
:10F60000C2028282000C00000A0A3E3E000A00AAE2
:10F610000000000005AF1E1E2828FCC00CCF414191
:10F62000FFFF0CAE000F3C55F33082820000FFFF5D
:10F63000F328302814D714D7FA502828140ABE0A01
:10F6400000000000000000000000000000000000BA
:10F650000000000000000000410000000000000069
:10F6600000004000000040002000000000002100D9
:10F6700000004100000000002000200020000000E9
:10F680000000400000004100400120002000200058
:10F69000200000000000000000100400040004002E
:10F6A000410004000000208400000400040804A0BD
:10F6B0000400210020104000200004084100209098
:10F6C000200000000000000000000000000000001A
:10F6D000000000000000000000000000000000002A
:10F6E000000000000000000000000000400040009A
:10F6F000000000000000000000000000C00000004A
:10F7000000000040000000000000A010A000000069
:10F710000000000800000011400000000000000090
:10F72000C02190004021C0000000201020000011E6
:10F73000C008004000080021A0104010202120082F
:10F740009000A00000000000000000000000000089
:10F7500000000000000000000000000000000000A9
:10F760000000000000000000000000000000000099
:10F770000000000000000000000000000000000089
:10F780000000000000000000000000000000000079
:10F790000000000000000000000000000000100059
:10F7A0000000000000000000000000000000001049
:10F7B00000000000000000000000000000820000C7
:10F7C0000000000000000000000000000000000039
:10F7D0000000000000000000000000000000000029
:10F7E0000000000000000000000000000000000019
:10F7F00000000000000000100000000000000000F9
:10F8000000110008000000000000000000000008D7
:10F8100000000000000000000011000000000000D7
:10F8200000000000001000000000000000000000C8
:10F83000000000000000000000000008000000219F
:10F840000000000000210010000000000000000087
:10F8500000000000000000000000000000000000A8
:10F860000000000000000000000000000000000098
:10F870000000000000000000000000000000000088
:10F880000000000000000000000000000000000078
:10F89000000020000000040000000500100000002F
:10F8A000000005000000000000000800000000103B
:10F8B0000900000005000510090000100000050007
:10F8C00003002082000005C00200000000000000CC
:10F8D0000000000000000000000000000000000028
:10F8E00000000041000000100000000000000000C7
:10F8F0000000004184000000000000030000000040
:10F9000000000000000000100000000000000000E7
:10F91000C0001000C000000800000000C00000008F
:10F920008421000002040000C04102000000902178
:10F93000C000C021840800410000C021C0100000A8
:10F94000040584080041081008030041000000007D
:10F9500000000000000000000000000000000000A7
:10F960000000000000000000000000000000000097
:10F970000000000000000000000000000000000087
:10F98000400000000400000000000000000005002E
:10F99000000000000000020011000900100000003B
:10F9A00000002000202020000000000008100400BB
:10F9B000400005000000410000001100400003006D
:10F9C00011000920020041000090101041000000C9
:10F9D0000000000000000000000000000000000027
:10F9E0000000000000000000000000000000000017
:10F9F0000000000000000000000000000000000007
:10FA000000000000000000000000000000000000F6
:10FA100000000000000000000000000000000000E6
:10FA200000000010000000000000000000000000C6
:10FA300000000000000000000000000000000000C6
:10FA400000000000000000000000000900020000AB
:10FA500000000000000000000000000000000000A6
:10FA60000000000000000000000000100000000086
:10FA70000000000000000010000000000000000076
:10FA8000000000000000000800000000000000006E
:10FA90000000000000000000000000000000000066
:10FAA0000000000000000000000000000000000056
:10FAB00000000000008200000000020020000000A2
:10FAC000000000C000000008000000000000000866
:10FAD0001084000000000000000000000000000092
:10FAE00000000010000300410000000000030000BF
:10FAF00000218400000000218400000000000003B9
:10FB000000210000000000000000100000000000C4
:10FB1000000000000003000000000000000084005E
:10FB2000000000210000840000050021C011C00079
:10FB30000020840884208410100010080205400072
:10FB4000000002000021C000C0020403402184051F
:10FB500040038421000000000000000000000000BD
:10FB6000000000000000000000000000090000008C
:10FB7000000009000000020000000040000000003A
:10FB800000820000000000000000004002000000B1
:10FB90000000000000000000100000000000100045
:10FBA00011004000000040880002000009820900A6
:10FBB0000900400400402000020004000000000092
:10FBC0004010090002C000000500200009C00488A0
:10FBD00010000400400000000000000000000000D1
:10FBE0000000000000000000000000000000000015
:10FBF0000000000000000000000000000000000005
:10FC000000000000000000000000000000000000F4
:10FC100000000000000000000000000000000000E4
:10FC200000000000000000000000000000000000D4
:10FC30000000200000000000001000000000040090
:10FC400000000000000004000000000000000000B0
:10FC500000000000000000000000000000000000A4
:10FC60000000000000000000000000000000000094
:10FC70000000000000000000000000000000000084
:10FC80000000000000000000000000000000000074
:10FC90000000000000000000000000000000000064
:10FCA0000000000000000000000000000000000054
:10FCB0000000000000000000000000000000000044
:10FCC0000000000000000000000000000000000034
:10FCD0000000000000000000000000000000000024
:10FCE0000000000000000000000000000000000014
:10FCF0000000000000000000000000000000000004
:10FD000000000000000000000000000000000000F3
:10FD100000000000000000000000000000000000E3
:10FD200000000000000000000000000000000000D3
:10FD300000000000000000000000000000000000C3
:10FD400000000000000000000000000000000000B3
:10FD500000000000000000000000000000000000A3
:10FD60000000000000000000000000000000000093
:10FD70000000000000000000000000000000000083
:10FD80000000000000000000000000000000000073
:10FD90000000000000000000000000000000000063
:10FDA0000000000000000100000000000000000052
:10FDB0000000000000000000000000000000000043
:10FDC0000000000000000000000000000000000033
:10FDD0000000000000000000000000000000000023
:10FDE0000000000000000000000000000000000013
:10FDF0000000000000000000000000000000000003
:10FE000000000000000000000000000000000000F2
:10FE100000000000000000000000000000000000E2
:10FE200000000000000000001000000000000000C2
:10FE300000000000000000000000000000000000C2
:10FE400000000000000000000000000000000000B2
:10FE500000000000000000000000000000000000A2
:10FE60000000000000000000000000000000000092
:10FE70000000000000000000000000000000000082
:10FE80000000000000000000000000000000000072
:10FE90000000000000000000000000000000000062
:10FEA0000000000000000000000000000000000052
:10FEB0000000000000000000000000000000000042
:10FEC0000000000000000000000000000000000032
:10FED0000000000000000000000000000000000022
:10FEE0000000000000000000000000000000000012
:10FEF0000000000000000000000000000000000002
:10FF000000000000000000000000000000000000F1
:10FF100000000000000000000000000000000000E1
:10FF200000000000000000000000000000000000D1
:10FF300000000000000000000000000000000000C1
:10FF400000000000000000000000000000000000B1
:10FF500000000000000000000000000000000000A1
:10FF60000000000000000000000000000000000091
:10FF70000000000000000000000000000000000081
:10FF80000000000000000000000000000000000071
:10FF90000000000000000000000000000000000061
:10FFA0000000000000400000000000000000000011
:10FFB0000000000000000000000000000000000041
:10FFC0000000000000000000000000000000000031
:10FFD0000000000000000000000000000000000021
:10FFE0000000000000000000000000000000000011
:10FFF0000000000000000000000000000000000001
:020000040004F6
:1000000000000000000000000000000000000000F0
:1000100000000000000000000000000000000000E0
:1000200000000000000000000000000000000000D0
:1000300000000000000000000000000000000000C0
:1000400000000000000000000000000000000000B0
:1000500000000000000000000000000000000000A0
:100060000000000000000000000000000000000090
:100070000000000000000000000000000000000080
:100080000000000000000000000000000000000070
:100090000000000000000000000000000000000060
:1000A0000000000000000000000000000000000050
:1000B000000012000000000000D00000000000005E
:1000C0000000000000000000000000000000000030
:1000D0000000000000000000000000000000000020
:1000E0000000000000000000000000000000000010
:1000F0000000000000000000000000000000000000
:1001000000000000000000000000000000000000EF
:1001100000000000000000000000000000000000DF
:1001200000000000000000000000000000000000CF
:1001300000000000000000000000000000000000BF
:1001400000000000000000000000000000000000AF
:10015000000000000000000000000000000000009F
:10016000000000000000000000000000000000008F
:10017000000000000000000000000000000000007F
:10018000000000000000000000000000000000006F
:10019000000000000000000000000000000000005F
:1001A000000000000000000000000000000000004F
:1001B00000000000000000000000E88001000000D6
:1001C000000000000000000000000000000000002F
:1001D000000000000000000000000000000000001F
:1001E000000000000000000000000000000000000F
:1001F00000000000000000000000000000000000FF
:1002000000000000000000000000000000000000EE
:1002100000000000000000000000000000000000DE
:1002200000000000000000000000000000000000CE
:10023000400000000000000000000000000000007E
:1002400000000000000000000000000000000000AE
:10025000000000000000000000000000000000009E
:10026000000000000000000000000000000000008E
:10027000000000000000000000000000000000007E
:10028000000000000000000000000000000000006E
:10029000000000000000000000000000000000005E
:1002A000000000000000000000000000000000004E
:1002B0000000000000000000000000000000082016
:1002C000000000000000000000000000000000002E
:1002D000000000000000000000000000000000001E
:1002E000000000000000000000000000000000000E
:1002F00000000000000000000000000000000000FE
:1003000000000000000000000000000000000000ED
:1003100000000000000000000000000000000000DD
:1003200000000000000000000000000000000000CD
:1003300000000000000000000000000000000000BD
:1003400000000000000000000000000000000000AD
:10035000000000000000000000000000000000009D
:10036000000000000000000000000000000000008D
:10037000000000000000000000000000000000007D
:10038000000000000000000000000000000000006D
:10039000000000000000000000000000000000005D
:1003A000000000000000000000000000000000004D
:1003B000000000000000000000000000000000003D
:1003C000000000000000000000000000000000002D
:1003D000000000000000000000000000000000001D
:1003E000000000000000000000000000000000000D
:1003F00000000000000000000000000000000000FD
:1004000000000000000000000000000000000000EC
:1004100000000000000000000000000000000000DC
:1004200000000000000000000000000000000000CC
:1004300000000000000000000000000000000000BC
:10044000000000200000000000000000000000008C
:10045000000000000000000000000000000000009C
:10046000000000000000000000000000000000008C
:10047000000000000000000000000000000000007C
:10048000000000000000000000000000000000006C
:10049000000000000000000000000000000000005C
:1004A000000000000000000000000000000000004C
:1004B000000000000000000000000000000000003C
:1004C000000000000000000000000000000000002C
:1004D000000000000000000000000000000000001C
:1004E000000000000000000000000000000000000C
:1004F00000000000000000000000000000000000FC
:1005000000000000000000000000000000000000EB
:1005100000000000000000000000000000000000DB
:1005200000000000000000000000000000000000CB
:10053000000000000000000000000000000000803B
:1005400000000000000000010100000000000000A9
:10055000000000000000000000000000000000009B
:10056000000000000000000000000000000000008B
:10057000000000000000000000000000FFFFFFFF7F
:10058000FFFFFFFFFFFFFFFFFFFFFFFFFFFFFFFF7B
:10059000FFFFFFFFFFFFFFFFFFFFFFFFFFFFFFFF6B
:1005A000FFFFFFFFFFFFFFFFFFFFFFFFFFFFFFFF5B
:1005B000FFFFFFFFFFFFFFFFFFFFFFFFFFFFFFFF4B
:1005C000FFFFFFFFFFFFFFFFFFFFFFFFFFFFFFFF3B
:1005D000FFFFFFFFFFFFFFFFFFFFFFFFFFFFFFFF2B
:1005E000FFFFFFFFFFFFFFFFFFFFFFFFFFFFFFFF1B
:1005F000FFFFFFFFFFFFFFFFFFFFFFFFFFFFFFFF0B
:10060000FFFFFFFFFFFFFFFFFFFFFFFFFFFFFFFFFA
:10061000FFFFFFFFFFFFFFFFFFFFFFFFFFFFFFFFEA
:10062000FFFFFFFFFFFFFFFFFFFFFFFFFFFFFFFFDA
:10063000FFFFFFFFFFFFFFFFFFFFFFFFFFFFFFFFCA
:10064000FFFFFFFFFFFFFFFFFFFFFFFFFFFFFFFFBA
:10065000FFFFFFFFFFFFFFFFFFFFFFFFFFFFFFFFAA
:10066000FFFFFFFFFFFFFFFFFFFFFFFFFFFFFFFF9A
:10067000FFFFFFFFFFFFFFFFFFFFFFFFFFFFFFFF8A
:10068000000000000000000000000000000000006A
:10069000000000000000000000000000000000005A
:1006A000000000000000000000000000000000004A
:1006B000000000000000000000000000000000003A
:1006C000000000000000000000000000000000002A
:1006D000000000000000000000000000000000001A
:1006E000000000000000000000000000000000000A
:1006F00000000000000000000000000000000000FA
:1007000000000000000000000000000000000000E9
:1007100000000000000000000000000000000000D9
:1007200000000000000000000000000000000000C9
:1007300000000000000000000000000000000000B9
:1007400000000000000000000000000000000000A9
:100750000000000000000000000000000000000099
:100760000000000000000000000000000000000089
:100770000000000000000000000000000000000079
:100780000000000000000000000000000000000069
:100790000000000000000000000000000000000059
:1007A0000000000000000000000000000000000049
:1007B0000000000000000000000000000000000039
:1007C0000000000000000000000000000000000029
:1007D0000000000000000000000000000000000019
:1007E0000000000000000000000000000000000009
:1007F00000000000000000000000000000000000F9
:1008000000000000000000000000000000000000E8
:1008100000000000000000000000000000000000D8
:1008200000000000000000000000000000000000C8
:1008300000000000000000000000000000000000B8
:1008400000000000000000000000000000000000A8
:100850000000000000000000000000000000000098
:100860000000000000000000000000000000000088
:100870000000000000000000000000000000000078
:100880000000000000000000000000000000000068
:100890000000000000000000000000000000000058
:1008A0000000000000000000000000000000000048
:1008B0000000000000000000000000000000000038
:1008C0000000000000000000000000000000000028
:1008D0000000000000000000000000000000000018
:1008E0000000000000000000000000000000000008
:1008F00000000000000000000000000000000000F8
:1009000000000000000000000000000000000000E7
:1009100000000000000000000000000000000000D7
:1009200000000000000000000000000000000000C7
:1009300000000000000000000000000000000000B7
:1009400000000000000000000000000000000000A7
:100950000000000000000000000000000000000097
:100960000000000000000000000000000000000087
:100970000000000000000000000000000000000077
:100980000000000000000000000000000000000067
:100990000000000000000000000000000000000057
:1009A0000000000000000000000000000000000047
:1009B0000000000000000000000000000000000037
:1009C0000000000000000000000000000000000027
:1009D0000000000000000000000000000000000017
:1009E0000000000000000000000000000000000007
:1009F00000000000000000000000000000000000F7
:100A000000000000000000000000000000000000E6
:100A100000000000000000000000000000000000D6
:100A200000000000000000000000000000000000C6
:100A300000000000000000000000000000000000B6
:100A400000000000000000000000000000000000A6
:100A50000000000000000000000000000000000096
:100A60000000000000000000000000000000000086
:100A70000000000000000000000000000000000076
:100A80000000000000000000000000000000000066
:100A90000000000000000000000000000000000056
:100AA0000000000000000000000000000000000046
:100AB0000000000000000000000000000000000036
:100AC0000000000000000000000000000000000026
:100AD0000000000000000000000000000000000016
:100AE0000000000000000000000000000000000006
:100AF00000000000000000000000000000000000F6
:100B000000000000000000000000000000000000E5
:100B100000000000000000000000000000000000D5
:100B200000000000000000000000000000000000C5
:100B300000000000000000000000000000000000B5
:100B400000000000000000000000000000000000A5
:100B50000000000000000000000000000000000095
:100B60000000000000000000000000000000000085
:100B70000000000000000000000000000000000075
:100B80000000000000000000000000000000000065
:100B90000000000000000000000000000000000055
:100BA0000000000000000000000000000000000045
:100BB0000000000000000000000000000000000035
:100BC0000000000000000000000000000000000025
:100BD0000000000000000000000000000000000015
:100BE0000000000000000000000000000000000005
:100BF00000000000000000000000000000000000F5
:100C000000000000000000000000000000000000E4
:100C100000000000000000000000000000000000D4
:100C200000000000000000000000000000000000C4
:100C300000000000000000000000000000000000B4
:100C400000000000000000000000000000000000A4
:100C50000000000000000000000000000000000094
:100C60000000000000000000000000000000000084
:100C70000000000000000000000000000000000074
:100C80000000000000000000000000000000000064
:100C90000000000000000000000000000000000054
:100CA0000000000000000000000000000000000044
:100CB0000000000000000000000000000000000034
:100CC0000000000000000000000000000000000024
:100CD0000000000000000000000000000000000014
:100CE0000000000000000000000000000000000004
:100CF00000000000000000000000000000000000F4
:100D000000000000000000000000000000000000E3
:100D100000000000000000000000000000000000D3
:100D200000000000000000000000000000000000C3
:100D300000000000000000000000000000000000B3
:100D400000000000000000000000000000000000A3
:100D50000000000000000000000000000000000093
:100D60000000000000000000000000000000000083
:100D70000000000000000000000000000000000073
:100D80000000000000000000000000000000000063
:100D90000000000000000000000000000000000053
:100DA0000000000000000000000000000000000043
:100DB0000000000000000000000000000000000033
:100DC0000000000000000000000000000000000023
:100DD0000000000000000000000000000000000013
:100DE0000000000000000000000000000000000003
:100DF00000000000000000000000000000000000F3
:100E000000000000000000000000000000000000E2
:100E100000000000000000000000000000000000D2
:100E200000000000000000000000000000000000C2
:100E300000000000000000000000000000000000B2
:100E400000000000000000000000000000000000A2
:100E50000000000000000000000000000000000092
:100E60000000000000000000000000000000000082
:100E70000000000000000000000000000000000072
:100E80000000000000000000000000000000000062
:100E90000000000000000000000000000000000052
:100EA0000000000000000000000000000000000042
:100EB0000000000000000000000000000000000032
:100EC0000000000000000000000000000000000022
:100ED0000000000000000000000000000000000012
:100EE0000000000000000000000000000000000002
:100EF00000000000000000000000000000000000F2
:100F000000000000000000000000000000000000E1
:100F100000000000000000000000000000000000D1
:100F200000000000000000000000000000000000C1
:100F300000000000000000000000000000000000B1
:100F400000000000000000000000000000000000A1
:100F50000000000000000000000000000000000091
:100F60000000000000000000000000000000000081
:100F70000000000000000000000000000000000071
:100F80000000000000000000000000000000000061
:100F90000000000000000000000000000000000051
:100FA0000000000000000000000000000000000041
:100FB0000000000000000000000000000000000031
:100FC0000000000000000000000000000000000021
:100FD0000000000000000000000000000000000011
:100FE0000000000000000000000000000000000001
:100FF00000000000000000000000000000000000F1
:1010000000000000000000000000000000000000E0
:1010100000000000000000000000000000000000D0
:1010200000000000000000000000000000000000C0
:1010300000000000000000000000000000000000B0
:1010400000000000000000000000000000000000A0
:101050000000000000000000000000000000000090
:101060000000000000000000000000000000000080
:101070000000000000000000000000000000000070
:101080000000000000000000000000000000000060
:101090000000000000000000000000000000000050
:1010A0000000000000000000000000000000000040
:1010B0000000000000000000000000000000000030
:1010C0000000000000000000000000000000000020
:1010D0000000000000000000000000000000000010
:1010E0000000000000000000000000000000000000
:1010F00000000000000000000000000000000000F0
:1011000000000000000000000000000000000000DF
:1011100000000000000000000000000000000000CF
:1011200000000000000000000000000000000000BF
:1011300000000000000000000000000000000000AF
:10114000000000000000000000000000000000009F
:10115000000000000000000000000000000000008F
:10116000000000000000000000000000000000007F
:10117000000000000000000000000000000000006F
:10118000000000000000000000000000000000005F
:10119000000000000000000000000000000000004F
:1011A000000000000000000000000000000000003F
:1011B000000000000000000000000000000000002F
:1011C000000000000000000000000000000000001F
:1011D000000000000000000000000000000000000F
:1011E00000000000000000000000000000000000FF
:1011F00000000000000000000000000000000000EF
:1012000000000000000000000000000000000000DE
:1012100000000000000000000000000000000000CE
:1012200000000000000000000000000000000000BE
:1012300000000000000000000000000000000000AE
:10124000000000000000000000000000000000009E
:10125000000000000000000000000000000000008E
:10126000000000000000000000000000000000007E
:10127000000000000000000000000000000000006E
:10128000000000000000000000000000000000005E
:10129000000000000000000000000000000000004E
:1012A000000000000000000000000000000000003E
:1012B000000000000000000000000000000000002E
:1012C000000000000000000000000000000000001E
:1012D000000000000000000000000000000000000E
:1012E00000000000000000000000000000000000FE
:1012F00000000000000000000000000000000000EE
:1013000000000000000000000000000000000000DD
:1013100000000000000000000000000000000000CD
:1013200000000000000000000000000000000000BD
:1013300000000000000000000000000000000000AD
:10134000000000000000000000000000000000009D
:10135000000000000000000000000000000000008D
:10136000000000000000000000000000000000007D
:10137000000000000000000000000000000000006D
:10138000000000000000000000000000000000005D
:10139000000000000000000000000000000000004D
:1013A000000000000000000000000000000000003D
:1013B000000000000000000000000000000000002D
:1013C000000000000000000000000000000000001D
:1013D000000000000000000000000000000000000D
:1013E00000000000000000000000000000000000FD
:1013F00000000000000000000000000000000000ED
:1014000000000000000000000000000000000000DC
:1014100000000000000000000000000000000000CC
:1014200000000000000000000000000000000000BC
:1014300000000000000000000000000000000000AC
:10144000000000000000000000000000000000009C
:10145000000000000000000000000000000000008C
:10146000000000000000000000000000000000007C
:10147000000000000000000000000000000000006C
:10148000000000000000000000000000000000005C
:10149000000000000000000000000000000000004C
:1014A000000000000000000000000000000000003C
:1014B000000000000000000000000000000000002C
:1014C000000000000000000000000000000000001C
:1014D000000000000000000000000000000000000C
:1014E00000000000000000000000000000000000FC
:1014F00000000000000000000000000000000000EC
:1015000000000000000000000000000000000000DB
:1015100000000000000000000000000000000000CB
:1015200000000000000000000000000000000000BB
:1015300000000000000000000000000000000000AB
:10154000000000000000000000000000000000009B
:10155000000000000000000000000000000000008B
:10156000000000000000000000000000000000007B
:10157000000000000000000000000000000000006B
:10158000000000000000000000000000000000005B
:10159000000000000000000000000000000000004B
:1015A000000000000000000000000000000000003B
:1015B000000000000000000000000000000000002B
:1015C000000000000000000000000000000000001B
:1015D000000000000000000000000000000000000B
:1015E00000000000000000000000000000000000FB
:1015F00000000000000000000000000000000000EB
:1016000000000000000000000000000000000000DA
:1016100000000000000000000000000000000000CA
:1016200000000000000000000000000000000000BA
:1016300000000000000000000000000000000000AA
:10164000000000000000000000000000000000009A
:10165000000000000000000000000000000000008A
:10166000000000000000000000000000000000007A
:10167000000000000000000000000000000000006A
:10168000000000000000000000000000000000005A
:10169000000000000000000000000000000000004A
:1016A000000000000000000000000000000000003A
:1016B000000000000000000000000000000000002A
:1016C000000000000000000000000000000000001A
:1016D000000000000000000000000000000000000A
:1016E00000000000000000000000000000000000FA
:1016F00000000000000000000000000000000000EA
:1017000000000000000000000000000000000000D9
:1017100000000000000000000000000000000000C9
:1017200000000000000000000000000000000000B9
:1017300000000000000000000000000000000000A9
:101740000000000000000000000000000000000099
:101750000000000000000000000000000000000089
:101760000000000000000000000000000000000079
:101770000000000000000000000000000000000069
:101780000000000000000000000000000000000059
:101790000000000000000000000000000000000049
:1017A0000000000000000000000000000000000039
:1017B0000000000000000000000000000000000029
:1017C0000000000000000000000000000000000019
:1017D0000000000000000000000000000000000009
:1017E00000000000000000000000000000000000F9
:1017F00000000000000000000000000000000000E9
:1018000000000000000000000000000000000000D8
:1018100000000000000000000000000000000000C8
:1018200000000000000000000000000000000000B8
:1018300000000000000000000000000000000000A8
:101840000000000000000000000000000000000098
:101850000000000000000000000000000000000088
:101860000000000000000000000000000000000078
:101870000000000000000000000000000000000068
:101880000000000000000000000000000000000058
:101890000000000000000000000000000000000048
:1018A0000000000000000000000000000000000038
:1018B0000000000000000000000000000000000028
:1018C0000000000000000000000000000000000018
:1018D0000000000000000000000000000000000008
:1018E00000000000000000000000000000000000F8
:1018F00000000000000000000000000000000000E8
:1019000000000000000000000000000000000000D7
:1019100000000000000000000000000000000000C7
:1019200000000000000000000000000000000000B7
:1019300000000000000000000000000000000000A7
:101940000000000000000000000000000000000097
:101950000000000000000000000000000000000087
:101960000000000000000000000000000000000077
:101970000000000000000000000000000000000067
:101980000000000000000000000000000000000057
:101990000000000000000000000000000000000047
:1019A0000000000000000000000000000000000037
:1019B0000000000000000000000000000000000027
:1019C0000000000000000000000000000000000017
:1019D0000000000000000000000000000000000007
:1019E00000000000000000000000000000000000F7
:1019F00000000000000000000000000000000000E7
:101A000000000000000000000000000000000000D6
:101A100000000000000000000000000000000000C6
:101A200000000000000000000000000000000000B6
:101A300000000000000000000000000000000000A6
:101A40000000000000000000000000000000000096
:101A50000000000000000000000000000000000086
:101A60000000000000000000000000000000000076
:101A70000000000000000000000000000000000066
:101A80000000000000000000000000000000000056
:101A90000000000000000000000000000000000046
:101AA0000000000000000000000000000000000036
:101AB0000000000000000000000000000000000026
:101AC0000000000000000000000000000000000016
:101AD0000000000000000000000000000000000006
:101AE00000000000000000000000000000000000F6
:101AF00000000000000000000000000000000000E6
:101B000000000000000000000000000000000000D5
:101B100000000000000000000000000000000000C5
:101B200000000000000000000000000000000000B5
:101B300000000000000000000000000000000000A5
:101B40000000000000000000000000000000000095
:101B50000000000000000000000000000000000085
:101B60000000000000000000000000000000000075
:101B70000000000000000000000000000000000065
:101B80000000000000000000000000000000000055
:101B90000000000000000000000000000000000045
:101BA0000000000000000000000000000000000035
:101BB0000000000000000000000000000000000025
:101BC0000000000000000000000000000000000015
:101BD0000000000000000000000000000000000005
:101BE00000000000000000000000000000000000F5
:101BF00000000000000000000000000000000000E5
:101C000000000000000000000000000000000000D4
:101C100000000000000000000000000000000000C4
:101C200000000000000000000000000000000000B4
:101C300000000000000000000000000000000000A4
:101C40000000000000000000000000000000000094
:101C50000000000000000000000000000000000084
:101C60000000000000000000000000000000000074
:101C70000000000000000000000000000000000064
:101C80000000000000000000000000000000000054
:101C90000000000000000000000000000000000044
:101CA0000000000000000000000000000000000034
:101CB0000000000000000000000000000000000024
:101CC0000000000000000000000000000000000014
:101CD0000000000000000000000000000000000004
:101CE00000000000000000000000000000000000F4
:101CF00000000000000000000000000000000000E4
:101D000000000000000000000000000000000000D3
:101D100000000000000000000000000000000000C3
:101D200000000000000000000000000000000000B3
:101D300000000000000000000000000000000000A3
:101D40000000000000000000000000000000000093
:101D50000000000000000000000000000000000083
:101D60000000000000000000000000000000000073
:101D70000000000000000000000000000000000063
:101D80000000000000000000000000000000000053
:101D90000000000000000000000000000000000043
:101DA0000000000000000000000000000000000033
:101DB0000000000000000000000000000000000023
:101DC0000000000000000000000000000000000013
:101DD0000000000000000000000000000000000003
:101DE00000000000000000000000000000000000F3
:101DF00000000000000000000000000000000000E3
:101E000000000000000000000000000000000000D2
:101E100000000000000000000000000000000000C2
:101E200000000000000000000000000000000000B2
:101E300000000000000000000000000000000000A2
:101E40000000000000000000000000000000000092
:101E50000000000000000000000000000000000082
:101E60000000000000000000000000000000000072
:101E70000000000000000000000000000000000062
:101E80000000000000000000000000000000000052
:101E90000000000000000000000000000000000042
:101EA0000000000000000000000000000000000032
:101EB0000000000000000000000000000000000022
:101EC0000000000000000000000000000000000012
:101ED0000000000000000000000000000000000002
:101EE00000000000000000000000000000000000F2
:101EF00000000000000000000000000000000000E2
:101F000000000000000000000000000000000000D1
:101F100000000000000000000000000000000000C1
:101F200000000000000000000000000000000000B1
:101F300000000000000000000000000000000000A1
:101F40000000000000000000000000000000000091
:101F50000000000000000000000000000000000081
:101F60000000000000000000000000000000000071
:101F70000000000000000000000000000000000061
:101F80000000000000000000000000000000000051
:101F90000000000000000000000000000000000041
:101FA0000000000000000000000000000000000031
:101FB0000000000000000000000000000000000021
:101FC0000000000000000000000000000000000011
:101FD0000000000000000000000000000000000001
:101FE00000000000000000000000000000000000F1
:101FF00000000000000000000000000000000000E1
:1020000000000000000000000000000000000000D0
:1020100000000000000000000000000000000000C0
:1020200000000000000000000000000000000000B0
:1020300000000000000000000000000000000000A0
:102040000000000000000000000000000000000090
:102050000000000000000000000000000000000080
:102060000000000000000000000000000000000070
:102070000000000000000000000000000000000060
:102080000000000000000000000000000000000050
:102090000000000000000000000000000000000040
:1020A0000000000000000000000000000000000030
:1020B0000000000000000000000000000000000020
:1020C0000000000000000000000000000000000010
:1020D0000000000000000000000000000000000000
:1020E00000000000000000000000000000000000F0
:1020F00000000000000000000000000000000000E0
:1021000000000000000000000000000000000000CF
:1021100000000000000000000000000000000000BF
:1021200000000000000000000000000000000000AF
:10213000000000000000000000000000000000009F
:10214000000000000000000000000000000000008F
:10215000000000000000000000000000000000007F
:10216000000000000000000000000000000000006F
:10217000000000000000000000000000000000005F
:10218000000000000000000000000000000000004F
:10219000000000000000000000000000000000003F
:1021A000000000000000000000000000000000002F
:1021B000000000000000000000000000000000001F
:1021C000000000000000000000000000000000000F
:1021D00000000000000000000000000000000000FF
:1021E00000000000000000000000000000000000EF
:1021F00000000000000000000000000000000000DF
:1022000000000000000000000000000000000000CE
:1022100000000000000000000000000000000000BE
:1022200000000000000000000000000000000000AE
:10223000000000000000000000000000000000009E
:10224000000000000000000000000000000000008E
:10225000000000000000000000000000000000007E
:10226000000000000000000000000000000000006E
:10227000000000000000000000000000000000005E
:10228000000000000000000000000000000000004E
:10229000000000000000000000000000000000003E
:1022A000000000000000000000000000000000002E
:1022B000000000000000000000000000000000001E
:1022C000000000000000000000000000000000000E
:1022D00000000000000000000000000000000000FE
:1022E00000000000000000000000000000000000EE
:1022F00000000000000000000000000000000000DE
:1023000000000000000000000000000000000000CD
:1023100000000000000000000000000000000000BD
:1023200000000000000000000000000000000000AD
:10233000000000000000000000000000000000009D
:10234000000000000000000000000000000000008D
:10235000000000000000000000000000000000007D
:10236000000000000000000000000000000000006D
:10237000000000000000000000000000000000005D
:10238000000000000000000000000000000000004D
:10239000000000000000000000000000000000003D
:1023A000000000000000000000000000000000002D
:1023B000000000000000000000000000000000001D
:1023C000000000000000000000000000000000000D
:1023D00000000000000000000000000000000000FD
:1023E00000000000000000000000000000000000ED
:1023F00000000000000000000000000000000000DD
:1024000000000000000000000000000000000000CC
:1024100000000000000000000000000000000000BC
:1024200000000000000000000000000000000000AC
:10243000000000000000000000000000000000009C
:10244000000000000000000000000000000000008C
:10245000000000000000000000000000000000007C
:10246000000000000000000000000000000000006C
:10247000000000000000000000000000000000005C
:10248000000000000000000000000000000000004C
:10249000000000000000000000000000000000003C
:1024A000000000000000000000000000000000002C
:1024B000000000000000000000000000000000001C
:1024C000000000000000000000000000000000000C
:1024D00000000000000000000000000000000000FC
:1024E00000000000000000000000000000000000EC
:1024F00000000000000000000000000000000000DC
:1025000000000000000000000000000000000000CB
:1025100000000000000000000000000000000000BB
:1025200000000000000000000000000000000000AB
:10253000000000000000000000000000000000009B
:10254000000000000000000000000000000000008B
:10255000000000000000000000000000000000007B
:10256000000000000000000000000000000000006B
:10257000000000000000000000000000000000005B
:10258000000000000000000000000000000000004B
:10259000000000000000000000000000000000003B
:1025A000000000000000000000000000000000002B
:1025B000000000000000000000000000000000001B
:1025C000000000000000000000000000000000000B
:1025D00000000000000000000000000000000000FB
:1025E00000000000000000000000000000000000EB
:1025F00000000000000000000000000000000000DB
:1026000000000000000000000000000000000000CA
:1026100000000000000000000000000000000000BA
:1026200000000000000000000000000000000000AA
:10263000000000000000000000000000000000009A
:10264000000000000000000000000000000000008A
:10265000000000000000000000000000000000007A
:10266000000000000000000000000000000000006A
:10267000000000000000000000000000000000005A
:10268000000000000000000000000000000000004A
:10269000000000000000000000000000000000003A
:1026A000000000000000000000000000000000002A
:1026B000000000000000000000000000000000001A
:1026C000000000000000000000000000000000000A
:1026D00000000000000000000000000000000000FA
:1026E00000000000000000000000000000000000EA
:1026F00000000000000000000000000000000000DA
:1027000000000000000000000000000000000000C9
:1027100000000000000000000000000000000000B9
:1027200000000000000000000000000000000000A9
:102730000000000000000000000000000000000099
:102740000000000000000000000000000000000089
:102750000000000000000000000000000000000079
:102760000000000000000000000000000000000069
:102770000000000000000000000000000000000059
:102780000000000000000000000000000000000049
:102790000000000000000000000000000000000039
:1027A0000000000000000000000000000000000029
:1027B0000000000000000000000000000000000019
:1027C0000000000000000000000000000000000009
:1027D00000000000000000000000000000000000F9
:1027E00000000000000000000000000000000000E9
:1027F00000000000000000000000000000000000D9
:1028000000000000000000000000000000000000C8
:1028100000000000000000000000000000000000B8
:1028200000000000000000000000000000000000A8
:102830000000000000000000000000000000000098
:102840000000000000000000000000000000000088
:102850000000000000000000000000000000000078
:102860000000000000000000000000000000000068
:102870000000000000000000000000000000000058
:102880000000000000000000000000000000000048
:102890000000000000000000000000000000000038
:1028A0000000000000000000000000000000000028
:1028B0000000000000000000000000000000000018
:1028C0000000000000000000000000000000000008
:1028D00000000000000000000000000000000000F8
:1028E00000000000000000000000000000000000E8
:1028F00000000000000000000000000000000000D8
:1029000000000000000000000000000000000000C7
:1029100000000000000000000000000000000000B7
:1029200000000000000000000000000000000000A7
:102930000000000000000000000000000000000097
:102940000000000000000000000000000000000087
:102950000000000000000000000000000000000077
:102960000000000000000000000000000000000067
:102970000000000000000000000000000000000057
:102980000000000000000000000000000000000047
:102990000000000000000000000000000000000037
:1029A0000000000000000000000000000000000027
:1029B0000000000000000000000000000000000017
:1029C0000000000000000000000000000000000007
:1029D00000000000000000000000000000000000F7
:1029E00000000000000000000000000000000000E7
:1029F00000000000000000000000000000000000D7
:102A000000000000000000000000000000000000C6
:102A100000000000000000000000000000000000B6
:102A200000000000000000000000000000000000A6
:102A30000000000000000000000000000000000096
:102A40000000000000000000000000000000000086
:102A50000000000000000000000000000000000076
:102A60000000000000000000000000000000000066
:102A70000000000000000000000000000000000056
:102A80000000000000000000000000000000000046
:102A90000000000000000000000000000000000036
:102AA0000000000000000000000000000000000026
:102AB0000000000000000000000000000000000016
:102AC0000000000000000000000000000000000006
:102AD00000000000000000000000000000000000F6
:102AE00000000000000000000000000000000000E6
:102AF00000000000000000000000000000000000D6
:102B000000000000000000000000000000000000C5
:102B100000000000000000000000000000000000B5
:102B200000000000000000000000000000000000A5
:102B30000000000000000000000000000000000095
:102B40000000000000000000000000000000000085
:102B50000000000000000000000000000000000075
:102B60000000000000000000000000000000000065
:102B70000000000000000000000000000000000055
:102B80000000000000000000000000000000000045
:102B90000000000000000000000000000000000035
:102BA0000000000000000000000000000000000025
:102BB0000000000000000000000000000000000015
:102BC0000000000000000000000000000000000005
:102BD00000000000000000000000000000000000F5
:102BE00000000000000000000000000000000000E5
:102BF00000000000000000000000000000000000D5
:102C000000000000000000000000000000000000C4
:102C100000000000000000000000000000000000B4
:102C200000000000000000000000000000000000A4
:102C30000000000000000000000000000000000094
:102C40000000000000000000000000000000000084
:102C50000000000000000000000000000000000074
:102C60000000000000000000000000000000000064
:102C70000000000000000000000000000000000054
:102C80000000000000000000000000000000000044
:102C90000000000000000000000000000000000034
:102CA0000000000000000000000000000000000024
:102CB0000000000000000000000000000000000014
:102CC0000000000000000000000000000000000004
:102CD00000000000000000000000000000000000F4
:102CE00000000000000000000000000000000000E4
:102CF00000000000000000000000000000000000D4
:102D000000000000000000000000000000000000C3
:102D100000000000000000000000000000000000B3
:102D200000000000000000000000000000000000A3
:102D30000000000000000000000000000000000093
:102D40000000000000000000000000000000000083
:102D50000000000000000000000000000000000073
:102D60000000000000000000000000000000000063
:102D70000000000000000000000000000000000053
:102D80000000000000000000000000000000000043
:102D90000000000000000000000000000000000033
:102DA0000000000000000000000000000000000023
:102DB0000000000000000000000000000000000013
:102DC0000000000000000000000000000000000003
:102DD00000000000000000000000000000000000F3
:102DE00000000000000000000000000000000000E3
:102DF00000000000000000000000000000000000D3
:102E000000000000000000000000000000000000C2
:102E100000000000000000000000000000000000B2
:102E200000000000000000000000000000000000A2
:102E30000000000000000000000000000000000092
:102E40000000000000000000000000000000000082
:102E50000000000000000000000000000000000072
:102E60000000000000000000000000000000000062
:102E70000000000000000000000000000000000052
:102E80000000000000000000000000000000000042
:102E90000000000000000000000000000000000032
:102EA0000000000000000000000000000000000022
:102EB0000000000000000000000000000000000012
:102EC0000000000000000000000000000000000002
:102ED00000000000000000000000000000000000F2
:102EE00000000000000000000000000000000000E2
:102EF00000000000000000000000000000000000D2
:102F000000000000000000000000000000000000C1
:102F100000000000000000000000000000000000B1
:102F200000000000000000000000000000000000A1
:102F30000000000000000000000000000000000091
:102F40000000000000000000000000000000000081
:102F50000000000000000000000000000000000071
:102F60000000000000000000000000000000000061
:102F70000000000000000000000000000000000051
:102F80000000000000000000000000000000000041
:102F90000000000000000000000000000000000031
:102FA0000000000000000000000000000000000021
:102FB0000000000000000000000000000000000011
:102FC0000000000000000000000000000000000001
:102FD00000000000000000000000000000000000F1
:102FE00000000000000000000000000000000000E1
:102FF00000000000000000000000000000000000D1
:1030000000000000000000000000000000000000C0
:1030100000000000000000000000000000000000B0
:1030200000000000000000000000000000000000A0
:103030000000000000000000000000000000000090
:103040000000000000000000000000000000000080
:103050000000000000000000000000000000000070
:103060000000000000000000000000000000000060
:103070000000000000000000000000000000000050
:103080000000000000000000000000000000000040
:103090000000000000000000000000000000000030
:1030A0000000000000000000000000000000000020
:1030B0000000000000000000000000000000000010
:1030C0000000000000000000000000000000000000
:1030D00000000000000000000000000000000000F0
:1030E00000000000000000000000000000000000E0
:1030F00000000000000000000000000000000000D0
:1031000000000000000000000000000000000000BF
:1031100000000000000000000000000000000000AF
:10312000000000000000000000000000000000009F
:10313000000000000000000000000000000000008F
:10314000000000000000000000000000000000007F
:10315000000000000000000000000000000000006F
:10316000000000000000000000000000000000005F
:10317000000000000000000000000000000000004F
:10318000000000000000000000000000000000003F
:10319000000000000000000000000000000000002F
:1031A000000000000000000000000000000000001F
:1031B000000000000000000000000000000000000F
:1031C00000000000000000000000000000000000FF
:1031D00000000000000000000000000000000000EF
:1031E00000000000000000000000000000000000DF
:1031F00000000000000000000000000000000000CF
:1032000000000000000000000000000000000000BE
:1032100000000000000000000000000000000000AE
:10322000000000000000000000000000000000009E
:10323000000000000000000000000000000000008E
:10324000000000000000000000000000000000007E
:10325000000000000000000000000000000000006E
:10326000000000000000000000000000000000005E
:10327000000000000000000000000000000000004E
:10328000000000000000000000000000000000003E
:10329000000000000000000000000000000000002E
:1032A000000000000000000000000000000000001E
:1032B000000000000000000000000000000000000E
:1032C00000000000000000000000000000000000FE
:1032D00000000000000000000000000000000000EE
:1032E00000000000000000000000000000000000DE
:1032F00000000000000000000000000000000000CE
:1033000000000000000000000000000000000000BD
:1033100000000000000000000000000000000000AD
:10332000000000000000000000000000000000009D
:10333000000000000000000000000000000000008D
:10334000000000000000000000000000000000007D
:10335000000000000000000000000000000000006D
:10336000000000000000000000000000000000005D
:10337000000000000000000000000000000000004D
:10338000000000000000000000000000000000003D
:10339000000000000000000000000000000000002D
:1033A000000000000000000000000000000000001D
:1033B000000000000000000000000000000000000D
:1033C00000000000000000000000000000000000FD
:1033D00000000000000000000000000000000000ED
:1033E00000000000000000000000000000000000DD
:1033F00000000000000000000000000000000000CD
:1034000000000000000000000000000000000000BC
:1034100000000000000000000000000000000000AC
:10342000000000000000000000000000000000009C
:10343000000000000000000000000000000000008C
:10344000000000000000000000000000000000007C
:10345000000000000000000000000000000000006C
:10346000000000000000000000000000000000005C
:10347000000000000000000000000000000000004C
:10348000000000000000000000000000000000003C
:10349000000000000000000000000000000000002C
:1034A000000000000000000000000000000000001C
:1034B000000000000000000000000000000000000C
:1034C00000000000000000000000000000000000FC
:1034D00000000000000000000000000000000000EC
:1034E00000000000000000000000000000000000DC
:1034F00000000000000000000000000000000000CC
:1035000000000000000000000000000000000000BB
:1035100000000000000000000000000000000000AB
:10352000000000000000000000000000000000009B
:10353000000000000000000000000000000000008B
:10354000000000000000000000000000000000007B
:10355000000000000000000000000000000000006B
:10356000000000000000000000000000000000005B
:10357000000000000000000000000000000000004B
:10358000000000000000000000000000000000003B
:10359000000000000000000000000000000000002B
:1035A000000000000000000000000000000000001B
:1035B000000000000000000000000000000000000B
:1035C00000000000000000000000000000000000FB
:1035D00000000000000000000000000000000000EB
:1035E00000000000000000000000000000000000DB
:1035F00000000000000000000000000000000000CB
:1036000000000000000000000000000000000000BA
:1036100000000000000000000000000000000000AA
:10362000000000000000000000000000000000009A
:10363000000000000000000000000000000000008A
:10364000000000000000000000000000000000007A
:10365000000000000000000000000000000000006A
:10366000000000000000000000000000000000005A
:10367000000000000000000000000000000000004A
:10368000000000000000000000000000000000003A
:10369000000000000000000000000000000000002A
:1036A000000000000000000000000000000000001A
:1036B000000000000000000000000000000000000A
:1036C00000000000000000000000000000000000FA
:1036D00000000000000000000000000000000000EA
:1036E00000000000000000000000000000000000DA
:1036F00000000000000000000000000000000000CA
:1037000000000000000000000000000000000000B9
:1037100000000000000000000000000000000000A9
:103720000000000000000000000000000000000099
:103730000000000000000000000000000000000089
:103740000000000000000000000000000000000079
:103750000000000000000000000000000000000069
:103760000000000000000000000000000000000059
:103770000000000000000000000000000000000049
:103780000000000000000000000000000000000039
:103790000000000000000000000000000000000029
:1037A0000000000000000000000000000000000019
:1037B0000000000000000000000000000000000009
:1037C00000000000000000000000000000000000F9
:1037D00000000000000000000000000000000000E9
:1037E00000000000000000000000000000000000D9
:1037F00000000000000000000000000000000000C9
:1038000000000000000000000000000000000000B8
:1038100000000000000000000000000000000000A8
:103820000000000000000000000000000000000098
:103830000000000000000000000000000000000088
:103840000000000000000000000000000000000078
:103850000000000000000000000000000000000068
:103860000000000000000000000000000000000058
:103870000000000000000000000000000000000048
:103880000000000000000000000000000000000038
:103890000000000000000000000000000000000028
:1038A0000000000000000000000000000000000018
:1038B0000000000000000000000000000000000008
:1038C00000000000000000000000000000000000F8
:1038D00000000000000000000000000000000000E8
:1038E00000000000000000000000000000000000D8
:1038F00000000000000000000000000000000000C8
:1039000000000000000000000000000000000000B7
:1039100000000000000000000000000000000000A7
:103920000000000000000000000000000000000097
:103930000000000000000000000000000000000087
:103940000000000000000000000000000000000077
:103950000000000000000000000000000000000067
:103960000000000000000000000000000000000057
:103970000000000000000000000000000000000047
:103980000000000000000000000000000000000037
:103990000000000000000000000000000000000027
:1039A0000000000000000000000000000000000017
:1039B0000000000000000000000000000000000007
:1039C00000000000000000000000000000000000F7
:1039D00000000000000000000000000000000000E7
:1039E00000000000000000000000000000000000D7
:1039F00000000000000000000000000000000000C7
:103A000000000000000000000000000000000000B6
:103A100000000000000000000000000000000000A6
:103A20000000000000000000000000000000000096
:103A30000000000000000000000000000000000086
:103A40000000000000000000000000000000000076
:103A50000000000000000000000000000000000066
:103A60000000000000000000000000000000000056
:103A70000000000000000000000000000000000046
:103A80000000000000000000000000000000000036
:103A90000000000000000000000000000000000026
:103AA0000000000000000000000000000000000016
:103AB0000000000000000000000000000000000006
:103AC00000000000000000000000000000000000F6
:103AD00000000000000000000000000000000000E6
:103AE00000000000000000000000000000000000D6
:103AF00000000000000000000000000000000000C6
:103B000000000000000000000000000000000000B5
:103B100000000000000000000000000000000000A5
:103B20000000000000000000000000000000000095
:103B30000000000000000000000000000000000085
:103B40000000000000000000000000000000000075
:103B50000000000000000000000000000000000065
:103B60000000000000000000000000000000000055
:103B70000000000000000000000000000000000045
:103B80000000000000000000000000000000000035
:103B90000000000000000000000000000000000025
:103BA0000000000000000000000000000000000015
:103BB0000000000000000000000000000000000005
:103BC00000000000000000000000000000000000F5
:103BD00000000000000000000000000000000000E5
:103BE00000000000000000000000000000000000D5
:103BF00000000000000000000000000000000000C5
:103C000000000000000000000000000000000000B4
:103C100000000000000000000000000000000000A4
:103C20000000000000000000000000000000000094
:103C30000000000000000000000000000000000084
:103C40000000000000000000000000000000000074
:103C50000000000000000000000000000000000064
:103C60000000000000000000000000000000000054
:103C70000000000000000000000000000000000044
:103C80000000000000000000000000000000000034
:103C90000000000000000000000000000000000024
:103CA0000000000000000000000000000000000014
:103CB0000000000000000000000000000000000004
:103CC00000000000000000000000000000000000F4
:103CD00000000000000000000000000000000000E4
:103CE00000000000000000000000000000000000D4
:103CF00000000000000000000000000000000000C4
:103D000000000000000000000000000000000000B3
:103D100000000000000000000000000000000000A3
:103D20000000000000000000000000000000000093
:103D30000000000000000000000000000000000083
:103D40000000000000000000000000000000000073
:103D50000000000000000000000000000000000063
:103D60000000000000000000000000000000000053
:103D70000000000000000000000000000000000043
:103D80000000000000000000000000000000000033
:103D90000000000000000000000000000000000023
:103DA0000000000000000000000000000000000013
:103DB0000000000000000000000000000000000003
:103DC00000000000000000000000000000000000F3
:103DD00000000000000000000000000000000000E3
:103DE00000000000000000000000000000000000D3
:103DF00000000000000000000000000000000000C3
:103E000000000000000000000000000000000000B2
:103E100000000000000000000000000000000000A2
:103E20000000000000000000000000000000000092
:103E30000000000000000000000000000000000082
:103E40000000000000000000000000000000000072
:103E50000000000000000000000000000000000062
:103E60000000000000000000000000000000000052
:103E70000000000000000000000000000000000042
:103E80000000000000000000000000000000000032
:103E90000000000000000000000000000000000022
:103EA0000000000000000000000000000000000012
:103EB0000000000000000000000000000000000002
:103EC00000000000000000000000000000000000F2
:103ED00000000000000000000000000000000000E2
:103EE00000000000000000000000000000000000D2
:103EF00000000000000000000000000000000000C2
:103F000000000000000000000000000000000000B1
:103F100000000000000000000000000000000000A1
:103F20000000000000000000000000000000000091
:103F30000000000000000000000000000000000081
:103F40000000000000000000000000000000000071
:103F50000000000000000000000000000000000061
:103F60000000000000000000000000000000000051
:103F70000000000000000000000000000000000041
:103F80000000000000000000000000000000000031
:103F90000000000000000000000000000000000021
:103FA0000000000000000000000000000000000011
:103FB0000000000000000000000000000000000001
:103FC00000000000000000000000000000000000F1
:103FD00000000000000000000000000000000000E1
:103FE00000000000000000000000000000000000D1
:103FF00000000000000000000000000000000000C1
:1040000000000000000000000000000000000000B0
:1040100000000000000000000000000000000000A0
:104020000000000000000000000000000000000090
:104030000000000000000000000000000000000080
:104040000000000000000000000000000000000070
:104050000000000000000000000000000000000060
:104060000000000000000000000000000000000050
:104070000000000000000000000000000000000040
:104080000000000000000000000000000000000030
:104090000000000000000000000000000000000020
:1040A0000000000000000000000000000000000010
:1040B0000000000000000000000000000000000000
:1040C00000000000000000000000000000000000F0
:1040D00000000000000000000000000000000000E0
:1040E00000000000000000000000000000000000D0
:1040F00000000000000000000000000000000000C0
:1041000000000000000000000000000000000000AF
:10411000000000000000000000000000000000009F
:10412000000000000000000000000000000000008F
:10413000000000000000000000000000000000007F
:10414000000000000000000000000000000000006F
:10415000000000000000000000000000000000005F
:10416000000000000000000000000000000000004F
:10417000000000000000000000000000000000003F
:10418000000000000000000000000000000000002F
:10419000000000000000000000000000000000001F
:1041A000000000000000000000000000000000000F
:1041B00000000000000000000000000000000000FF
:1041C00000000000000000000000000000000000EF
:1041D00000000000000000000000000000000000DF
:1041E00000000000000000000000000000000000CF
:1041F00000000000000000000000000000000000BF
:1042000000000000000000000000000000000000AE
:10421000000000000000000000000000000000009E
:10422000000000000000000000000000000000008E
:10423000000000000000000000000000000000007E
:10424000000000000000000000000000000000006E
:10425000000000000000000000000000000000005E
:10426000000000000000000000000000000000004E
:10427000000000000000000000000000000000003E
:10428000000000000000000000000000000000002E
:10429000000000000000000000000000000000001E
:1042A000000000000000000000000000000000000E
:1042B00000000000000000000000000000000000FE
:1042C00000000000000000000000000000000000EE
:1042D00000000000000000000000000000000000DE
:1042E00000000000000000000000000000000000CE
:1042F00000000000000000000000000000000000BE
:1043000000000000000000000000000000000000AD
:10431000000000000000000000000000000000009D
:10432000000000000000000000000000000000008D
:10433000000000000000000000000000000000007D
:10434000000000000000000000000000000000006D
:10435000000000000000000000000000000000005D
:10436000000000000000000000000000000000004D
:10437000000000000000000000000000000000003D
:10438000000000000000000000000000000000002D
:10439000000000000000000000000000000000001D
:1043A000000000000000000000000000000000000D
:1043B00000000000000000000000000000000000FD
:1043C00000000000000000000000000000000000ED
:1043D00000000000000000000000000000000000DD
:1043E00000000000000000000000000000000000CD
:1043F00000000000000000000000000000000000BD
:1044000000000000000000000000000000000000AC
:10441000000000000000000000000000000000009C
:10442000000000000000000000000000000000008C
:10443000000000000000000000000000000000007C
:10444000000000000000000000000000000000006C
:10445000000000000000000000000000000000005C
:10446000000000000000000000000000000000004C
:10447000000000000000000000000000000000003C
:10448000000000000000000000000000000000002C
:10449000000000000000000000000000000000001C
:1044A000000000000000000000000000000000000C
:1044B00000000000000000000000000000000000FC
:1044C00000000000000000000000000000000000EC
:1044D00000000000000000000000000000000000DC
:1044E00000000000000000000000000000000000CC
:1044F00000000000000000000000000000000000BC
:1045000000000000000000000000000000000000AB
:10451000000000000000000000000000000000009B
:10452000000000000000000000000000000000008B
:10453000000000000000000000000000000000007B
:10454000000000000000000000000000000000006B
:10455000000000000000000000000000000000005B
:10456000000000000000000000000000000000004B
:10457000000000000000000000000000000000003B
:10458000000000000000000000000000000000002B
:10459000000000000000000000000000000000001B
:1045A000000000000000000000000000000000000B
:1045B00000000000000000000000000000000000FB
:1045C00000000000000000000000000000000000EB
:1045D00000000000000000000000000000000000DB
:1045E00000000000000000000000000000000000CB
:1045F00000000000000000000000000000000000BB
:1046000000000000000000000000000000000000AA
:10461000000000000000000000000000000000009A
:10462000000000000000000000000000000000008A
:10463000000000000000000000000000000000007A
:10464000000000000000000000000000000000006A
:10465000000000000000000000000000000000005A
:10466000000000000000000000000000000000004A
:10467000000000000000000000000000000000003A
:10468000000000000000000000000000000000002A
:10469000000000000000000000000000000000001A
:1046A000000000000000000000000000000000000A
:1046B00000000000000000000000000000000000FA
:1046C00000000000000000000000000000000000EA
:1046D00000000000000000000000000000000000DA
:1046E00000000000000000000000000000000000CA
:1046F00000000000000000000000000000000000BA
:1047000000000000000000000000000000000000A9
:104710000000000000000000000000000000000099
:104720000000000000000000000000000000000089
:104730000000000000000000000000000000000079
:104740000000000000000000000000000000000069
:104750000000000000000000000000000000000059
:104760000000000000000000000000000000000049
:104770000000000000000000000000000000000039
:104780000000000000000000000000000000000029
:104790000000000000000000000000000000000019
:1047A0000000000000000000000000000000000009
:1047B00000000000000000000000000000000000F9
:1047C00000000000000000000000000000000000E9
:1047D00000000000000000000000000000000000D9
:1047E00000000000000000000000000000000000C9
:1047F00000000000000000000000000000000000B9
:1048000000000000000000000000000000000000A8
:104810000000000000000000000000000000000098
:104820000000000000000000000000000000000088
:104830000000000000000000000000000000000078
:104840000000000000000000000000000000000068
:104850000000000000000000000000000000000058
:104860000000000000000000000000000000000048
:104870000000000000000000000000000000000038
:104880000000000000000000000000000000000028
:104890000000000000000000000000000000000018
:1048A0000000000000000000000000000000000008
:1048B00000000000000000000000000000000000F8
:1048C00000000000000000000000000000000000E8
:1048D00000000000000000000000000000000000D8
:1048E00000000000000000000000000000000000C8
:1048F00000000000000000000000000000000000B8
:1049000000000000000000000000000000000000A7
:104910000000000000000000000000000000000097
:104920000000000000000000000000000000000087
:104930000000000000000000000000000000000077
:104940000000000000000000000000000000000067
:104950000000000000000000000000000000000057
:104960000000000000000000000000000000000047
:104970000000000000000000000000000000000037
:104980000000000000000000000000000000000027
:104990000000000000000000000000000000000017
:1049A0000000000000000000000000000000000007
:1049B00000000000000000000000000000000000F7
:1049C00000000000000000000000000000000000E7
:1049D00000000000000000000000000000000000D7
:1049E00000000000000000000000000000000000C7
:1049F00000000000000000000000000000000000B7
:104A000000000000000000000000000000000000A6
:104A10000000000000000000000000000000000096
:104A20000000000000000000000000000000000086
:104A30000000000000000000000000000000000076
:104A40000000000000000000000000000000000066
:104A50000000000000000000000000000000000056
:104A60000000000000000000000000000000000046
:104A70000000000000000000000000000000000036
:104A80000000000000000000000000000000000026
:104A90000000000000000000000000000000000016
:104AA0000000000000000000000000000000000006
:104AB00000000000000000000000000000000000F6
:104AC00000000000000000000000000000000000E6
:104AD00000000000000000000000000000000000D6
:104AE00000000000000000000000000000000000C6
:104AF00000000000000000000000000000000000B6
:104B000000000000000000000000000000000000A5
:104B10000000000000000000000000000000000095
:104B20000000000000000000000000000000000085
:104B30000000000000000000000000000000000075
:104B40000000000000000000000000000000000065
:104B50000000000000000000000000000000000055
:104B60000000000000000000000000000000000045
:104B70000000000000000000000000000000000035
:104B80000000000000000000000000000000000025
:104B90000000000000000000000000000000000015
:104BA0000000000000000000000000000000000005
:104BB00000000000000000000000000000000000F5
:104BC00000000000000000000000000000000000E5
:104BD00000000000000000000000000000000000D5
:104BE00000000000000000000000000000000000C5
:104BF00000000000000000000000000000000000B5
:104C000000000000000000000000000000000000A4
:104C10000000000000000000000000000000000094
:104C20000000000000000000000000000000000084
:104C30000000000000000000000000000000000074
:104C40000000000000000000000000000000000064
:104C50000000000000000000000000000000000054
:104C60000000000000000000000000000000000044
:104C70000000000000000000000000000000000034
:104C80000000000000000000000000000000000024
:104C90000000000000000000000000000000000014
:104CA0000000000000000000000000000000000004
:104CB00000000000000000000000000000000000F4
:104CC00000000000000000000000000000000000E4
:104CD00000000000000000000000000000000000D4
:104CE00000000000000000000000000000000000C4
:104CF00000000000000000000000000000000000B4
:104D000000000000000000000000000000000000A3
:104D10000000000000000000000000000000000093
:104D20000000000000000000000000000000000083
:104D30000000000000000000000000000000000073
:104D40000000000000000000000000000000000063
:104D50000000000000000000000000000000000053
:104D60000000000000000000000000000000000043
:104D70000000000000000000000000000000000033
:104D80000000000000000000000000000000000023
:104D90000000000000000000000000000000000013
:104DA0000000000000000000000000000000000003
:104DB00000000000000000000000000000000000F3
:104DC00000000000000000000000000000000000E3
:104DD00000000000000000000000000000000000D3
:104DE00000000000000000000000000000000000C3
:104DF00000000000000000000000000000000000B3
:104E000000000000000000000000000000000000A2
:104E10000000000000000000000000000000000092
:104E20000000000000000000000000000000000082
:104E30000000000000000000000000000000000072
:104E40000000000000000000000000000000000062
:104E50000000000000000000000000000000000052
:104E60000000000000000000000000000000000042
:104E70000000000000000000000000000000000032
:104E80000000000000000000000000000000000022
:104E90000000000000000000000000000000000012
:104EA0000000000000000000000000000000000002
:104EB00000000000000000000000000000000000F2
:104EC00000000000000000000000000000000000E2
:104ED00000000000000000000000000000000000D2
:104EE00000000000000000000000000000000000C2
:104EF00000000000000000000000000000000000B2
:104F000000000000000000000000000000000000A1
:104F10000000000000000000000000000000000091
:104F20000000000000000000000000000000000081
:104F30000000000000000000000000000000000071
:104F40000000000000000000000000000000000061
:104F50000000000000000000000000000000000051
:104F60000000000000000000000000000000000041
:104F70000000000000000000000000000000000031
:104F80000000000000000000000000000000000021
:104F90000000000000000000000000000000000011
:104FA0000000000000000000000000000000000001
:104FB00000000000000000000000000000000000F1
:104FC00000000000000000000000000000000000E1
:104FD00000000000000000000000000000000000D1
:104FE00000000000000000000000000000000000C1
:104FF00000000000000000000000000000000000B1
:1050000000000000000000000000000000000000A0
:105010000000000000000000000000000000000090
:105020000000000000000000000000000000000080
:105030000000000000000000000000000000000070
:105040000000000000000000000000000000000060
:105050000000000000000000000000000000000050
:105060000000000000000000000000000000000040
:105070000000000000000000000000000000000030
:105080000000000000000000000000000000000020
:105090000000000000000000000000000000000010
:1050A0000000000000000000000000000000000000
:1050B00000000000000000000000000000000000F0
:1050C00000000000000000000000000000000000E0
:1050D00000000000000000000000000000000000D0
:1050E00000000000000000000000000000000000C0
:1050F00000000000000000000000000000000000B0
:10510000000000000000000000000000000000009F
:10511000000000000000000000000000000000008F
:10512000000000000000000000000000000000007F
:10513000000000000000000000000000000000006F
:10514000000000000000000000000000000000005F
:10515000000000000000000000000000000000004F
:10516000000000000000000000000000000000003F
:10517000000000000000000000000000000000002F
:10518000000000000000000000000000000000001F
:10519000000000000000000000000000000000000F
:1051A00000000000000000000000000000000000FF
:1051B00000000000000000000000000000000000EF
:1051C00000000000000000000000000000000000DF
:1051D00000000000000000000000000000000000CF
:1051E00000000000000000000000000000000000BF
:1051F00000000000000000000000000000000000AF
:10520000000000000000000000000000000000009E
:10521000000000000000000000000000000000008E
:10522000000000000000000000000000000000007E
:10523000000000000000000000000000000000006E
:10524000000000000000000000000000000000005E
:10525000000000000000000000000000000000004E
:10526000000000000000000000000000000000003E
:10527000000000000000000000000000000000002E
:10528000000000000000000000000000000000001E
:10529000000000000000000000000000000000000E
:1052A00000000000000000000000000000000000FE
:1052B00000000000000000000000000000000000EE
:1052C00000000000000000000000000000000000DE
:1052D00000000000000000000000000000000000CE
:1052E00000000000000000000000000000000000BE
:1052F00000000000000000000000000000000000AE
:10530000000000000000000000000000000000009D
:10531000000000000000000000000000000000008D
:10532000000000000000000000000000000000007D
:10533000000000000000000000000000000000006D
:10534000000000000000000000000000000000005D
:10535000000000000000000000000000000000004D
:10536000000000000000000000000000000000003D
:10537000000000000000000000000000000000002D
:10538000000000000000000000000000000000001D
:10539000000000000000000000000000000000000D
:1053A00000000000000000000000000000000000FD
:1053B00000000000000000000000000000000000ED
:1053C00000000000000000000000000000000000DD
:1053D00000000000000000000000000000000000CD
:1053E00000000000000000000000000000000000BD
:1053F00000000000000000000000000000000000AD
:10540000000000000000000000000000000000009C
:10541000000000000000000000000000000000008C
:10542000000000000000000000000000000000007C
:10543000000000000000000000000000000000006C
:10544000000000000000000000000000000000005C
:10545000000000000000000000000000000000004C
:10546000000000000000000000000000000000003C
:10547000000000000000000000000000000000002C
:10548000000000000000000000000000000000001C
:10549000000000000000000000000000000000000C
:1054A00000000000000000000000000000000000FC
:1054B00000000000000000000000000000000000EC
:1054C00000000000000000000000000000000000DC
:1054D00000000000000000000000000000000000CC
:1054E00000000000000000000000000000000000BC
:1054F00000000000000000000000000000000000AC
:10550000000000000000000000000000000000009B
:10551000000000000000000000000000000000008B
:10552000000000000000000000000000000000007B
:10553000000000000000000000000000000000006B
:10554000000000000000000000000000000000005B
:10555000000000000000000000000000000000004B
:10556000000000000000000000000000000000003B
:10557000000000000000000000000000000000002B
:10558000000000000000000000000000000000001B
:10559000000000000000000000000000000000000B
:1055A00000000000000000000000000000000000FB
:1055B00000000000000000000000000000000000EB
:1055C00000000000000000000000000000000000DB
:1055D00000000000000000000000000000000000CB
:1055E00000000000000000000000000000000000BB
:1055F00000000000000000000000000000000000AB
:10560000000000000000000000000000000000009A
:10561000000000000000000000000000000000008A
:10562000000000000000000000000000000000007A
:10563000000000000000000000000000000000006A
:10564000000000000000000000000000000000005A
:10565000000000000000000000000000000000004A
:10566000000000000000000000000000000000003A
:10567000000000000000000000000000000000002A
:10568000000000000000000000000000000000001A
:10569000000000000000000000000000000000000A
:1056A00000000000000000000000000000000000FA
:1056B00000000000000000000000000000000000EA
:1056C00000000000000000000000000000000000DA
:1056D00000000000000000000000000000000000CA
:1056E00000000000000000000000000000000000BA
:1056F00000000000000000000000000000000000AA
:105700000000000000000000000000000000000099
:105710000000000000000000000000000000000089
:105720000000000000000000000000000000000079
:105730000000000000000000000000000000000069
:105740000000000000000000000000000000000059
:105750000000000000000000000000000000000049
:105760000000000000000000000000000000000039
:105770000000000000000000000000000000000029
:105780000000000000000000000000000000000019
:105790000000000000000000000000000000000009
:1057A00000000000000000000000000000000000F9
:1057B00000000000000000000000000000000000E9
:1057C00000000000000000000000000000000000D9
:1057D00000000000000000000000000000000000C9
:1057E00000000000000000000000000000000000B9
:1057F00000000000000000000000000000000000A9
:105800000000000000000000000000000000000098
:105810000000000000000000000000000000000088
:105820000000000000000000000000000000000078
:105830000000000000000000000000000000000068
:105840000000000000000000000000000000000058
:105850000000000000000000000000000000000048
:105860000000000000000000000000000000000038
:105870000000000000000000000000000000000028
:105880000000000000000000000000000000000018
:105890000000000000000000000000000000000008
:1058A00000000000000000000000000000000000F8
:1058B00000000000000000000000000000000000E8
:1058C00000000000000000000000000000000000D8
:1058D00000000000000000000000000000000000C8
:1058E00000000000000000000000000000000000B8
:1058F00000000000000000000000000000000000A8
:105900000000000000000000000000000000000097
:105910000000000000000000000000000000000087
:105920000000000000000000000000000000000077
:105930000000000000000000000000000000000067
:105940000000000000000000000000000000000057
:105950000000000000000000000000000000000047
:105960000000000000000000000000000000000037
:105970000000000000000000000000000000000027
:105980000000000000000000000000000000000017
:105990000000000000000000000000000000000007
:1059A00000000000000000000000000000000000F7
:1059B00000000000000000000000000000000000E7
:1059C00000000000000000000000000000000000D7
:1059D00000000000000000000000000000000000C7
:1059E00000000000000000000000000000000000B7
:1059F00000000000000000000000000000000000A7
:105A00000000000000000000000000000000000096
:105A10000000000000000000000000000000000086
:105A20000000000000000000000000000000000076
:105A30000000000000000000000000000000000066
:105A40000000000000000000000000000000000056
:105A50000000000000000000000000000000000046
:105A60000000000000000000000000000000000036
:105A70000000000000000000000000000000000026
:105A80000000000000000000000000000000000016
:105A90000000000000000000000000000000000006
:105AA00000000000000000000000000000000000F6
:105AB00000000000000000000000000000000000E6
:105AC00000000000000000000000000000000000D6
:105AD00000000000000000000000000000000000C6
:105AE00000000000000000000000000000000000B6
:105AF00000000000000000000000000000000000A6
:105B00000000000000000000000000000000000095
:105B10000000000000000000000000000000000085
:105B20000000000000000000000000000000000075
:105B30000000000000000000000000000000000065
:105B40000000000000000000000000000000000055
:105B50000000000000000000000000000000000045
:105B60000000000000000000000000000000000035
:105B70000000000000000000000000000000000025
:105B80000000000000000000000000000000000015
:105B90000000000000000000000000000000000005
:105BA00000000000000000000000000000000000F5
:105BB00000000000000000000000000000000000E5
:105BC00000000000000000000000000000000000D5
:105BD00000000000000000000000000000000000C5
:105BE00000000000000000000000000000000000B5
:105BF00000000000000000000000000000000000A5
:105C00000000000000000000000000000000000094
:105C10000000000000000000000000000000000084
:105C20000000000000000000000000000000000074
:105C30000000000000000000000000000000000064
:105C40000000000000000000000000000000000054
:105C50000000000000000000000000000000000044
:105C60000000000000000000000000000000000034
:105C70000000000000000000000000000000000024
:105C80000000000000000000000000000000000014
:105C90000000000000000000000000000000000004
:105CA00000000000000000000000000000000000F4
:105CB00000000000000000000000000000000000E4
:105CC00000000000000000000000000000000000D4
:105CD00000000000000000000000000000000000C4
:105CE00000000000000000000000000000000000B4
:105CF00000000000000000000000000000000000A4
:105D00000000000000000000000000000000000093
:105D10000000000000000000000000000000000083
:105D20000000000000000000000000000000000073
:105D30000000000000000000000000000000000063
:105D40000000000000000000000000000000000053
:105D50000000000000000000000000000000000043
:105D60000000000000000000000000000000000033
:105D70000000000000000000000000000000000023
:105D80000000000000000000000000000000000013
:105D90000000000000000000000000000000000003
:105DA00000000000000000000000000000000000F3
:105DB00000000000000000000000000000000000E3
:105DC00000000000000000000000000000000000D3
:105DD00000000000000000000000000000000000C3
:105DE00000000000000000000000000000000000B3
:105DF00000000000000000000000000000000000A3
:105E00000000000000000000000000000000000092
:105E10000000000000000000000000000000000082
:105E20000000000000000000000000000000000072
:105E30000000000000000000000000000000000062
:105E40000000000000000000000000000000000052
:105E50000000000000000000000000000000000042
:105E60000000000000000000000000000000000032
:105E70000000000000000000000000000000000022
:105E80000000000000000000000000000000000012
:105E90000000000000000000000000000000000002
:105EA00000000000000000000000000000000000F2
:105EB00000000000000000000000000000000000E2
:105EC00000000000000000000000000000000000D2
:105ED00000000000000000000000000000000000C2
:105EE00000000000000000000000000000000000B2
:105EF00000000000000000000000000000000000A2
:105F00000000000000000000000000000000000091
:105F10000000000000000000000000000000000081
:105F20000000000000000000000000000000000071
:105F30000000000000000000000000000000000061
:105F40000000000000000000000000000000000051
:105F50000000000000000000000000000000000041
:105F60000000000000000000000000000000000031
:105F70000000000000000000000000000000000021
:105F80000000000000000000000000000000000011
:105F90000000000000000000000000000000000001
:105FA00000000000000000000000000000000000F1
:105FB00000000000000000000000000000000000E1
:105FC00000000000000000000000000000000000D1
:105FD00000000000000000000000000000000000C1
:105FE00000000000000000000000000000000000B1
:105FF00000000000000000000000000000000000A1
:106000000000000000000000000000000000000090
:106010000000000000000000000000000000000080
:106020000000000000000000000000000000000070
:106030000000000000000000000000000000000060
:106040000000000000000000000000000000000050
:106050000000000000000000000000000000000040
:106060000000000000000000000000000000000030
:106070000000000000000000000000000000000020
:106080000000000000000000000000000000000010
:106090000000000000000000000000000000000000
:1060A00000000000000000000000000000000000F0
:1060B00000000000000000000000000000000000E0
:1060C00000000000000000000000000000000000D0
:1060D00000000000000000000000000000000000C0
:1060E00000000000000000000000000000000000B0
:1060F00000000000000000000000000000000000A0
:10610000000000000000000000000000000000008F
:10611000000000000000000000000000000000007F
:10612000000000000000000000000000000000006F
:10613000000000000000000000000000000000005F
:10614000000000000000000000000000000000004F
:10615000000000000000000000000000000000003F
:10616000000000000000000000000000000000002F
:10617000000000000000000000000000000000001F
:10618000000000000000000000000000000000000F
:1061900000000000000000000000000000000000FF
:1061A00000000000000000000000000000000000EF
:1061B00000000000000000000000000000000000DF
:1061C00000000000000000000000000000000000CF
:1061D00000000000000000000000000000000000BF
:1061E00000000000000000000000000000000000AF
:1061F000000000000000000000000000000000009F
:10620000000000000000000000000000000000008E
:10621000000000000000000000000000000000007E
:10622000000000000000000000000000000000006E
:10623000000000000000000000000000000000005E
:10624000000000000000000000000000000000004E
:10625000000000000000000000000000000000003E
:10626000000000000000000000000000000000002E
:10627000000000000000000000000000000000001E
:10628000000000000000000000000000000000000E
:1062900000000000000000000000000000000000FE
:1062A00000000000000000000000000000000000EE
:1062B00000000000000000000000000000000000DE
:1062C00000000000000000000000000000000000CE
:1062D00000000000000000000000000000000000BE
:1062E00000000000000000000000000000000000AE
:1062F000000000000000000000000000000000009E
:10630000000000000000000000000000000000008D
:10631000000000000000000000000000000000007D
:10632000000000000000000000000000000000006D
:10633000000000000000000000000000000000005D
:10634000000000000000000000000000000000004D
:10635000000000000000000000000000000000003D
:10636000000000000000000000000000000000002D
:10637000000000000000000000000000000000001D
:10638000000000000000000000000000000000000D
:1063900000000000000000000000000000000000FD
:1063A00000000000000000000000000000000000ED
:1063B00000000000000000000000000000000000DD
:1063C00000000000000000000000000000000000CD
:1063D00000000000000000000000000000000000BD
:1063E00000000000000000000000000000000000AD
:1063F000000000000000000000000000000000009D
:10640000000000000000000000000000000000008C
:10641000000000000000000000000000000000007C
:10642000000000000000000000000000000000006C
:10643000000000000000000000000000000000005C
:10644000000000000000000000000000000000004C
:10645000000000000000000000000000000000003C
:10646000000000000000000000000000000000002C
:10647000000000000000000000000000000000001C
:10648000000000000000000000000000000000000C
:1064900000000000000000000000000000000000FC
:1064A00000000000000000000000000000000000EC
:1064B00000000000000000000000000000000000DC
:1064C00000000000000000000000000000000000CC
:1064D00000000000000000000000000000000000BC
:1064E00000000000000000000000000000000000AC
:1064F000000000000000000000000000000000009C
:10650000000000000000000000000000000000008B
:10651000000000000000000000000000000000007B
:10652000000000000000000000000000000000006B
:10653000000000000000000000000000000000005B
:10654000000000000000000000000000000000004B
:10655000000000000000000000000000000000003B
:10656000000000000000000000000000000000002B
:10657000000000000000000000000000000000001B
:10658000000000000000000000000000000000000B
:1065900000000000000000000000000000000000FB
:1065A00000000000000000000000000000000000EB
:1065B00000000000000000000000000000000000DB
:1065C00000000000000000000000000000000000CB
:1065D00000000000000000000000000000000000BB
:1065E00000000000000000000000000000000000AB
:1065F000000000000000000000000000000000009B
:10660000000000000000000000000000000000008A
:10661000000000000000000000000000000000007A
:10662000000000000000000000000000000000006A
:10663000000000000000000000000000000000005A
:10664000000000000000000000000000000000004A
:10665000000000000000000000000000000000003A
:10666000000000000000000000000000000000002A
:10667000000000000000000000000000000000001A
:10668000000000000000000000000000000000000A
:1066900000000000000000000000000000000000FA
:1066A00000000000000000000000000000000000EA
:1066B00000000000000000000000000000000000DA
:1066C00000000000000000000000000000000000CA
:1066D00000000000000000000000000000000000BA
:1066E00000000000000000000000000000000000AA
:1066F000000000000000000000000000000000009A
:106700000000000000000000000000000000000089
:106710000000000000000000000000000000000079
:106720000000000000000000000000000000000069
:106730000000000000000000000000000000000059
:106740000000000000000000000000000000000049
:106750000000000000000000000000000000000039
:106760000000000000000000000000000000000029
:106770000000000000000000000000000000000019
:106780000000000000000000000000000000000009
:1067900000000000000000000000000000000000F9
:1067A00000000000000000000000000000000000E9
:1067B00000000000000000000000000000000000D9
:1067C00000000000000000000000000000000000C9
:1067D00000000000000000000000000000000000B9
:1067E00000000000000000000000000000000000A9
:1067F0000000000000000000000000000000000099
:106800000000000000000000000000000000000088
:106810000000000000000000000000000000000078
:106820000000000000000000000000000000000068
:106830000000000000000000000000000000000058
:106840000000000000000000000000000000000048
:106850000000000000000000000000000000000038
:106860000000000000000000000000000000000028
:106870000000000000000000000000000000000018
:106880000000000000000000000000000000000008
:1068900000000000000000000000000000000000F8
:1068A00000000000000000000000000000000000E8
:1068B00000000000000000000000000000000000D8
:1068C00000000000000000000000000000000000C8
:1068D00000000000000000000000000000000000B8
:1068E00000000000000000000000000000000000A8
:1068F0000000000000000000000000000000000098
:106900000000000000000000000000000000000087
:106910000000000000000000000000000000000077
:106920000000000000000000000000000000000067
:106930000000000000000000000000000000000057
:106940000000000000000000000000000000000047
:106950000000000000000000000000000000000037
:106960000000000000000000000000000000000027
:106970000000000000000000000000000000000017
:106980000000000000000000000000000000000007
:1069900000000000000000000000000000000000F7
:1069A00000000000000000000000000000000000E7
:1069B00000000000000000000000000000000000D7
:1069C00000000000000000000000000000000000C7
:1069D00000000000000000000000000000000000B7
:1069E00000000000000000000000000000000000A7
:1069F0000000000000000000000000000000000097
:106A00000000000000000000000000000000000086
:106A10000000000000000000000000000000000076
:106A20000000000000000000000000000000000066
:106A30000000000000000000000000000000000056
:106A40000000000000000000000000000000000046
:106A50000000000000000000000000000000000036
:106A60000000000000000000000000000000000026
:106A70000000000000000000000000000000000016
:106A80000000000000000000000000000000000006
:106A900000000000000000000000000000000000F6
:106AA00000000000000000000000000000000000E6
:106AB00000000000000000000000000000000000D6
:106AC00000000000000000000000000000000000C6
:106AD00000000000000000000000000000000000B6
:106AE00000000000000000000000000000000000A6
:106AF0000000000000000000000000000000000096
:106B00000000000000000000000000000000000085
:106B10000000000000000000000000000000000075
:106B20000000000000000000000000000000000065
:106B30000000000000000000000000000000000055
:106B40000000000000000000000000000000000045
:106B50000000000000000000000000000000000035
:106B60000000000000000000000000000000000025
:106B70000000000000000000000000000000000015
:106B80000000000000000000000000000000000005
:106B900000000000000000000000000000000000F5
:106BA00000000000000000000000000000000000E5
:106BB00000000000000000000000000000000000D5
:106BC00000000000000000000000000000000000C5
:106BD00000000000000000000000000000000000B5
:106BE00000000000000000000000000000000000A5
:106BF0000000000000000000000000000000000095
:106C00000000000000000000000000000000000084
:106C10000000000000000000000000000000000074
:106C20000000000000000000000000000000000064
:106C30000000000000000000000000000000000054
:106C40000000000000000000000000000000000044
:106C50000000000000000000000000000000000034
:106C60000000000000000000000000000000000024
:106C70000000000000000000000000000000000014
:106C80000000000000000000000000000000000004
:106C900000000000000000000000000000000000F4
:106CA00000000000000000000000000000000000E4
:106CB00000000000000000000000000000000000D4
:106CC00000000000000000000000000000000000C4
:106CD00000000000000000000000000000000000B4
:106CE00000000000000000000000000000000000A4
:106CF0000000000000000000000000000000000094
:106D00000000000000000000000000000000000083
:106D10000000000000000000000000000000000073
:106D20000000000000000000000000000000000063
:106D30000000000000000000000000000000000053
:106D40000000000000000000000000000000000043
:106D50000000000000000000000000000000000033
:106D60000000000000000000000000000000000023
:106D70000000000000000000000000000000000013
:106D80000000000000000000000000000000000003
:106D900000000000000000000000000000000000F3
:106DA00000000000000000000000000000000000E3
:106DB00000000000000000000000000000000000D3
:106DC00000000000000000000000000000000000C3
:106DD00000000000000000000000000000000000B3
:106DE00000000000000000000000000000000000A3
:106DF0000000000000000000000000000000000093
:106E00000000000000000000000000000000000082
:106E10000000000000000000000000000000000072
:106E20000000000000000000000000000000000062
:106E30000000000000000000000000000000000052
:106E40000000000000000000000000000000000042
:106E50000000000000000000000000000000000032
:106E60000000000000000000000000000000000022
:106E70000000000000000000000000000000000012
:106E80000000000000000000000000000000000002
:106E900000000000000000000000000000000000F2
:106EA00000000000000000000000000000000000E2
:106EB00000000000000000000000000000000000D2
:106EC00000000000000000000000000000000000C2
:106ED00000000000000000000000000000000000B2
:106EE00000000000000000000000000000000000A2
:106EF0000000000000000000000000000000000092
:106F00000000000000000000000000000000000081
:106F10000000000000000000000000000000000071
:106F20000000000000000000000000000000000061
:106F30000000000000000000000000000000000051
:106F40000000000000000000000000000000000041
:106F50000000000000000000000000000000000031
:106F60000000000000000000000000000000000021
:106F70000000000000000000000000000000000011
:106F80000000000000000000000000000000000001
:106F900000000000000000000000000000000000F1
:106FA00000000000000000000000000000000000E1
:106FB00000000000000000000000000000000000D1
:106FC00000000000000000000000000000000000C1
:106FD00000000000000000000000000000000000B1
:106FE00000000000000000000000000000000000A1
:106FF0000000000000000000000000000000000091
:107000000000000000000000000000000000000080
:107010000000000000000000000000000000000070
:107020000000000000000000000000000000000060
:107030000000000000000000000000000000000050
:107040000000000000000000000000000000000040
:107050000000000000000000000000000000000030
:107060000000000000000000000000000000000020
:107070000000000000000000000000000000000010
:107080000000000000000000000000000000000000
:1070900000000000000000000000000000000000F0
:1070A00000000000000000000000000000000000E0
:1070B00000000000000000000000000000000000D0
:1070C00000000000000000000000000000000000C0
:1070D00000000000000000000000000000000000B0
:1070E00000000000000000000000000000000000A0
:1070F0000000000000000000000000000000000090
:10710000000000000000000000000000000000007F
:10711000000000000000000000000000000000006F
:10712000000000000000000000000000000000005F
:10713000000000000000000000000000000000004F
:10714000000000000000000000000000000000003F
:10715000000000000000000000000000000000002F
:10716000000000000000000000000000000000001F
:10717000000000000000000000000000000000000F
:1071800000000000000000000000000000000000FF
:1071900000000000000000000000000000000000EF
:1071A00000000000000000000000000000000000DF
:1071B00000000000000000000000000000000000CF
:1071C00000000000000000000000000000000000BF
:1071D00000000000000000000000000000000000AF
:1071E000000000000000000000000000000000009F
:1071F000000000000000000000000000000000008F
:10720000000000000000000000000000000000007E
:10721000000000000000000000000000000000006E
:10722000000000000000000000000000000000005E
:10723000000000000000000000000000000000004E
:10724000000000000000000000000000000000003E
:10725000000000000000000000000000000000002E
:10726000000000000000000000000000000000001E
:10727000000000000000000000000000000000000E
:1072800000000000000000000000000000000000FE
:1072900000000000000000000000000000000000EE
:1072A00000000000000000000000000000000000DE
:1072B00000000000000000000000000000000000CE
:1072C00000000000000000000000000000000000BE
:1072D00000000000000000000000000000000000AE
:1072E000000000000000000000000000000000009E
:1072F000000000000000000000000000000000008E
:10730000000000000000000000000000000000007D
:10731000000000000000000000000000000000006D
:10732000000000000000000000000000000000005D
:10733000000000000000000000000000000000004D
:10734000000000000000000000000000000000003D
:10735000000000000000000000000000000000002D
:10736000000000000000000000000000000000001D
:10737000000000000000000000000000000000000D
:1073800000000000000000000000000000000000FD
:1073900000000000000000000000000000000000ED
:1073A00000000000000000000000000000000000DD
:1073B00000000000000000000000000000000000CD
:1073C00000000000000000000000000000000000BD
:1073D00000000000000000000000000000000000AD
:1073E000000000000000000000000000000000009D
:1073F000000000000000000000000000000000008D
:10740000000000000000000000000000000000007C
:10741000000000000000000000000000000000006C
:10742000000000000000000000000000000000005C
:10743000000000000000000000000000000000004C
:10744000000000000000000000000000000000003C
:10745000000000000000000000000000000000002C
:10746000000000000000000000000000000000001C
:10747000000000000000000000000000000000000C
:1074800000000000000000000000000000000000FC
:1074900000000000000000000000000000000000EC
:1074A00000000000000000000000000000000000DC
:1074B00000000000000000000000000000000000CC
:1074C00000000000000000000000000000000000BC
:1074D00000000000000000000000000000000000AC
:1074E000000000000000000000000000000000009C
:1074F000000000000000000000000000000000008C
:10750000000000000000000000000000000000007B
:10751000000000000000000000000000000000006B
:10752000000000000000000000000000000000005B
:10753000000000000000000000000000000000004B
:10754000000000000000000000000000000000003B
:10755000000000000000000000000000000000002B
:10756000000000000000000000000000000000001B
:10757000000000000000000000000000000000000B
:1075800000000000000000000000000000000000FB
:1075900000000000000000000000000000000000EB
:1075A00000000000000000000000000000000000DB
:1075B00000000000000000000000000000000000CB
:1075C00000000000000000000000000000000000BB
:1075D00000000000000000000000000000000000AB
:1075E000000000000000000000000000000000009B
:1075F000000000000000000000000000000000008B
:10760000000000000000000000000000000000007A
:10761000000000000000000000000000000000006A
:10762000000000000000000000000000000000005A
:10763000000000000000000000000000000000004A
:10764000000000000000000000000000000000003A
:10765000000000000000000000000000000000002A
:10766000000000000000000000000000000000001A
:10767000000000000000000000000000000000000A
:1076800000000000000000000000000000000000FA
:1076900000000000000000000000000000000000EA
:1076A00000000000000000000000000000000000DA
:1076B00000000000000000000000000000000000CA
:1076C00000000000000000000000000000000000BA
:1076D00000000000000000000000000000000000AA
:1076E000000000000000000000000000000000009A
:1076F000000000000000000000000000000000008A
:107700000000000000000000000000000000000079
:107710000000000000000000000000000000000069
:107720000000000000000000000000000000000059
:107730000000000000000000000000000000000049
:107740000000000000000000000000000000000039
:107750000000000000000000000000000000000029
:107760000000000000000000000000000000000019
:107770000000000000000000000000000000000009
:1077800000000000000000000000000000000000F9
:1077900000000000000000000000000000000000E9
:1077A00000000000000000000000000000000000D9
:1077B00000000000000000000000000000000000C9
:1077C00000000000000000000000000000000000B9
:1077D00000000000000000000000000000000000A9
:1077E0000000000000000000000000000000000099
:1077F0000000000000000000000000000000000089
:107800000000000000000000000000000000000078
:107810000000000000000000000000000000000068
:107820000000000000000000000000000000000058
:107830000000000000000000000000000000000048
:107840000000000000000000000000000000000038
:107850000000000000000000000000000000000028
:107860000000000000000000000000000000000018
:107870000000000000000000000000000000000008
:1078800000000000000000000000000000000000F8
:1078900000000000000000000000000000000000E8
:1078A00000000000000000000000000000000000D8
:1078B00000000000000000000000000000000000C8
:1078C00000000000000000000000000000000000B8
:1078D00000000000000000000000000000000000A8
:1078E0000000000000000000000000000000000098
:1078F0000000000000000000000000000000000088
:107900000000000000000000000000000000000077
:107910000000000000000000000000000000000067
:107920000000000000000000000000000000000057
:107930000000000000000000000000000000000047
:107940000000000000000000000000000000000037
:107950000000000000000000000000000000000027
:107960000000000000000000000000000000000017
:107970000000000000000000000000000000000007
:1079800000000000000000000000000000000000F7
:1079900000000000000000000000000000000000E7
:1079A00000000000000000000000000000000000D7
:1079B00000000000000000000000000000000000C7
:1079C00000000000000000000000000000000000B7
:1079D00000000000000000000000000000000000A7
:1079E0000000000000000000000000000000000097
:1079F0000000000000000000000000000000000087
:107A00000000000000000000000000000000000076
:107A10000000000000000000000000000000000066
:107A20000000000000000000000000000000000056
:107A30000000000000000000000000000000000046
:107A40000000000000000000000000000000000036
:107A50000000000000000000000000000000000026
:107A60000000000000000000000000000000000016
:107A70000000000000000000000000000000000006
:107A800000000000000000000000000000000000F6
:107A900000000000000000000000000000000000E6
:107AA00000000000000000000000000000000000D6
:107AB00000000000000000000000000000000000C6
:107AC00000000000000000000000000000000000B6
:107AD00000000000000000000000000000000000A6
:107AE0000000000000000000000000000000000096
:107AF0000000000000000000000000000000000086
:107B00000000000000000000000000000000000075
:107B10000000000000000000000000000000000065
:107B20000000000000000000000000000000000055
:107B30000000000000000000000000000000000045
:107B40000000000000000000000000000000000035
:107B50000000000000000000000000000000000025
:107B60000000000000000000000000000000000015
:107B70000000000000000000000000000000000005
:107B800000000000000000000000000000000000F5
:107B900000000000000000000000000000000000E5
:107BA00000000000000000000000000000000000D5
:107BB00000000000000000000000000000000000C5
:107BC00000000000000000000000000000000000B5
:107BD00000000000000000000000000000000000A5
:107BE0000000000000000000000000000000000095
:107BF0000000000000000000000000000000000085
:107C00000000000000000000000000000000000074
:107C10000000000000000000000000000000000064
:107C20000000000000000000000000000000000054
:107C30000000000000000000000000000000000044
:107C40000000000000000000000000000000000034
:107C50000000000000000000000000000000000024
:107C60000000000000000000000000000000000014
:107C70000000000000000000000000000000000004
:107C800000000000000000000000000000000000F4
:107C900000000000000000000000000000000000E4
:107CA00000000000000000000000000000000000D4
:107CB00000000000000000000000000000000000C4
:107CC00000000000000000000000000000000000B4
:107CD00000000000000000000000000000000000A4
:107CE0000000000000000000000000000000000094
:107CF0000000000000000000000000000000000084
:107D00000000000000000000000000000000000073
:107D10000000000000000000000000000000000063
:107D20000000000000000000000000000000000053
:107D30000000000000000000000000000000000043
:107D40000000000000000000000000000000000033
:107D50000000000000000000000000000000000023
:107D60000000000000000000000000000000000013
:107D70000000000000000000000000000000000003
:107D800000000000000000000000000000000000F3
:107D900000000000000000000000000000000000E3
:107DA00000000000000000000000000000000000D3
:107DB00000000000000000000000000000000000C3
:107DC00000000000000000000000000000000000B3
:107DD00000000000000000000000000000000000A3
:107DE0000000000000000000000000000000000093
:107DF0000000000000000000000000000000000083
:107E00000000000000000000000000000000000072
:107E10000000000000000000000000000000000062
:107E20000000000000000000000000000000000052
:107E30000000000000000000000000000000000042
:107E40000000000000000000000000000000000032
:107E50000000000000000000000000000000000022
:107E60000000000000000000000000000000000012
:107E70000000000000000000000000000000000002
:107E800000000000000000000000000000000000F2
:107E900000000000000000000000000000000000E2
:107EA00000000000000000000000000000000000D2
:107EB00000000000000000000000000000000000C2
:107EC00000000000000000000000000000000000B2
:107ED00000000000000000000000000000000000A2
:107EE0000000000000000000000000000000000092
:107EF0000000000000000000000000000000000082
:107F00000000000000000000000000000000000071
:107F10000000000000000000000000000000000061
:107F20000000000000000000000000000000000051
:107F30000000000000000000000000000000000041
:107F40000000000000000000000000000000000031
:107F50000000000000000000000000000000000021
:107F60000000000000000000000000000000000011
:107F70000000000000000000000000000000000001
:107F800000000000000000000000000000000000F1
:107F900000000000000000000000000000000000E1
:107FA00000000000000000000000000000000000D1
:107FB00000000000000000000000000000000000C1
:107FC00000000000000000000000000000000000B1
:107FD00000000000000000000000000000000000A1
:107FE0000000000000000000000000000000000091
:107FF0000000000000000000000000000000000081
:108000000000000000000000000000000000000070
:108010000000000000000000000000000000000060
:108020000000000000000000000000000000000050
:108030000000000000000000000000000000000040
:108040000000000000000000000000000000000030
:108050000000000000000000000000000000000020
:108060000000000000000000000000000000000010
:108070000000000000000000000000000000000000
:1080800000000000000000000000000000000000F0
:1080900000000000000000000000000000000000E0
:1080A00000000000000000000000000000000000D0
:1080B00000000000000000000000000000000000C0
:1080C00000000000000000000000000000000000B0
:1080D00000000000000000000000000000000000A0
:1080E0000000000000000000000000000000000090
:1080F0000000000000000000000000000000000080
:10810000000000000000000000000000000000006F
:10811000000000000000000000000000000000005F
:10812000000000000000000000000000000000004F
:10813000000000000000000000000000000000003F
:10814000000000000000000000000000000000002F
:10815000000000000000000000000000000000001F
:10816000000000000000000000000000000000000F
:1081700000000000000000000000000000000000FF
:1081800000000000000000000000000000000000EF
:1081900000000000000000000000000000000000DF
:1081A00000000000000000000000000000000000CF
:1081B00000000000000000000000000000000000BF
:1081C00000000000000000000000000000000000AF
:1081D000000000000000000000000000000000009F
:1081E000000000000000000000000000000000008F
:1081F000000000000000000000000000000000007F
:10820000000000000000000000000000000000006E
:10821000000000000000000000000000000000005E
:10822000000000000000000000000000000000004E
:10823000000000000000000000000000000000003E
:10824000000000000000000000000000000000002E
:10825000000000000000000000000000000000001E
:10826000000000000000000000000000000000000E
:1082700000000000000000000000000000000000FE
:1082800000000000000000000000000000000000EE
:1082900000000000000000000000000000000000DE
:1082A00000000000000000000000000000000000CE
:1082B00000000000000000000000000000000000BE
:1082C00000000000000000000000000000000000AE
:1082D000000000000000000000000000000000009E
:1082E000000000000000000000000000000000008E
:1082F000000000000000000000000000000000007E
:10830000000000000000000000000000000000006D
:10831000000000000000000000000000000000005D
:10832000000000000000000000000000000000004D
:10833000000000000000000000000000000000003D
:10834000000000000000000000000000000000002D
:10835000000000000000000000000000000000001D
:10836000000000000000000000000000000000000D
:1083700000000000000000000000000000000000FD
:1083800000000000000000000000000000000000ED
:1083900000000000000000000000000000000000DD
:1083A00000000000000000000000000000000000CD
:1083B00000000000000000000000000000000000BD
:1083C00000000000000000000000000000000000AD
:1083D000000000000000000000000000000000009D
:1083E000000000000000000000000000000000008D
:1083F000000000000000000000000000000000007D
:10840000000000000000000000000000000000006C
:10841000000000000000000000000000000000005C
:10842000000000000000000000000000000000004C
:10843000000000000000000000000000000000003C
:10844000000000000000000000000000000000002C
:10845000000000000000000000000000000000001C
:10846000000000000000000000000000000000000C
:1084700000000000000000000000000000000000FC
:1084800000000000000000000000000000000000EC
:1084900000000000000000000000000000000000DC
:1084A00000000000000000000000000000000000CC
:1084B00000000000000000000000000000000000BC
:1084C00000000000000000000000000000000000AC
:1084D000000000000000000000000000000000009C
:1084E000000000000000000000000000000000008C
:1084F000000000000000000000000000000000007C
:10850000000000000000000000000000000000006B
:10851000000000000000000000000000000000005B
:10852000000000000000000000000000000000004B
:10853000000000000000000000000000000000003B
:10854000000000000000000000000000000000002B
:10855000000000000000000000000000000000001B
:10856000000000000000000000000000000000000B
:1085700000000000000000000000000000000000FB
:1085800000000000000000000000000000000000EB
:1085900000000000000000000000000000000000DB
:1085A00000000000000000000000000000000000CB
:1085B00000000000000000000000000000000000BB
:1085C00000000000000000000000000000000000AB
:1085D000000000000000000000000000000000009B
:1085E000000000000000000000000000000000008B
:1085F000000000000000000000000000000000007B
:10860000000000000000000000000000000000006A
:10861000000000000000000000000000000000005A
:10862000000000000000000000000000000000004A
:10863000000000000000000000000000000000003A
:10864000000000000000000000000000000000002A
:10865000000000000000000000000000000000001A
:10866000000000000000000000000000000000000A
:1086700000000000000000000000000000000000FA
:1086800000000000000000000000000000000000EA
:1086900000000000000000000000000000000000DA
:1086A00000000000000000000000000000000000CA
:1086B00000000000000000000000000000000000BA
:1086C00000000000000000000000000000000000AA
:1086D000000000000000000000000000000000009A
:1086E000000000000000000000000000000000008A
:1086F000000000000000000000000000000000007A
:108700000000000000000000000000000000000069
:108710000000000000000000000000000000000059
:108720000000000000000000000000000000000049
:108730000000000000000000000000000000000039
:108740000000000000000000000000000000000029
:108750000000000000000000000000000000000019
:108760000000000000000000000000000000000009
:1087700000000000000000000000000000000000F9
:1087800000000000000000000000000000000000E9
:1087900000000000000000000000000000000000D9
:1087A00000000000000000000000000000000000C9
:1087B00000000000000000000000000000000000B9
:1087C00000000000000000000000000000000000A9
:1087D0000000000000000000000000000000000099
:1087E0000000000000000000000000000000000089
:1087F0000000000000000000000000000000000079
:108800000000000000000000000000000000000068
:108810000000000000000000000000000000000058
:108820000000000000000000000000000000000048
:108830000000000000000000000000000000000038
:108840000000000000000000000000000000000028
:108850000000000000000000000000000000000018
:108860000000000000000000000000000000000008
:1088700000000000000000000000000000000000F8
:1088800000000000000000000000000000000000E8
:1088900000000000000000000000000000000000D8
:1088A00000000000000000000000000000000000C8
:1088B00000000000000000000000000000000000B8
:1088C00000000000000000000000000000000000A8
:1088D0000000000000000000000000000000000098
:1088E0000000000000000000000000000000000088
:1088F0000000000000000000000000000000000078
:108900000000000000000000000000000000000067
:108910000000000000000000000000000000000057
:108920000000000000000000000000000000000047
:108930000000000000000000000000000000000037
:108940000000000000000000000000000000000027
:108950000000000000000000000000000000000017
:108960000000000000000000000000000000000007
:1089700000000000000000000000000000000000F7
:1089800000000000000000000000000000000000E7
:1089900000000000000000000000000000000000D7
:1089A00000000000000000000000000000000000C7
:1089B00000000000000000000000000000000000B7
:1089C00000000000000000000000000000000000A7
:1089D0000000000000000000000000000000000097
:1089E0000000000000000000000000000000000087
:1089F0000000000000000000000000000000000077
:108A00000000000000000000000000000000000066
:108A10000000000000000000000000000000000056
:108A20000000000000000000000000000000000046
:108A30000000000000000000000000000000000036
:108A40000000000000000000000000000000000026
:108A50000000000000000000000000000000000016
:108A60000000000000000000000000000000000006
:108A700000000000000000000000000000000000F6
:108A800000000000000000000000000000000000E6
:108A900000000000000000000000000000000000D6
:108AA00000000000000000000000000000000000C6
:108AB00000000000000000000000000000000000B6
:108AC00000000000000000000000000000000000A6
:108AD0000000000000000000000000000000000096
:108AE0000000000000000000000000000000000086
:108AF0000000000000000000000000000000000076
:108B00000000000000000000000000000000000065
:108B10000000000000000000000000000000000055
:108B20000000000000000000000000000000000045
:108B30000000000000000000000000000000000035
:108B40000000000000000000000000000000000025
:108B50000000000000000000000000000000000015
:108B60000000000000000000000000000000000005
:108B700000000000000000000000000000000000F5
:108B800000000000000000000000000000000000E5
:108B900000000000000000000000000000000000D5
:108BA00000000000000000000000000000000000C5
:108BB00000000000000000000000000000000000B5
:108BC00000000000000000000000000000000000A5
:108BD0000000000000000000000000000000000095
:108BE0000000000000000000000000000000000085
:108BF0000000000000000000000000000000000075
:108C00000000000000000000000000000000000064
:108C10000000000000000000000000000000000054
:108C20000000000000000000000000000000000044
:108C30000000000000000000000000000000000034
:108C40000000000000000000000000000000000024
:108C50000000000000000000000000000000000014
:108C60000000000000000000000000000000000004
:108C700000000000000000000000000000000000F4
:108C800000000000000000000000000000000000E4
:108C900000000000000000000000000000000000D4
:108CA00000000000000000000000000000000000C4
:108CB00000000000000000000000000000000000B4
:108CC00000000000000000000000000000000000A4
:108CD0000000000000000000000000000000000094
:108CE0000000000000000000000000000000000084
:108CF0000000000000000000000000000000000074
:108D00000000000000000000000000000000000063
:108D10000000000000000000000000000000000053
:108D20000000000000000000000000000000000043
:108D30000000000000000000000000000000000033
:108D40000000000000000000000000000000000023
:108D50000000000000000000000000000000000013
:108D60000000000000000000000000000000000003
:108D700000000000000000000000000000000000F3
:108D800000000000000000000000000000000000E3
:108D900000000000000000000000000000000000D3
:108DA00000000000000000000000000000000000C3
:108DB00000000000000000000000000000000000B3
:108DC00000000000000000000000000000000000A3
:108DD0000000000000000000000000000000000093
:108DE0000000000000000000000000000000000083
:108DF0000000000000000000000000000000000073
:108E00000000000000000000000000000000000062
:108E10000000000000000000000000000000000052
:108E20000000000000000000000000000000000042
:108E30000000000000000000000000000000000032
:108E40000000000000000000000000000000000022
:108E50000000000000000000000000000000000012
:108E60000000000000000000000000000000000002
:108E700000000000000000000000000000000000F2
:108E800000000000000000000000000000000000E2
:108E900000000000000000000000000000000000D2
:108EA00000000000000000000000000000000000C2
:108EB00000000000000000000000000000000000B2
:108EC00000000000000000000000000000000000A2
:108ED0000000000000000000000000000000000092
:108EE0000000000000000000000000000000000082
:108EF0000000000000000000000000000000000072
:108F00000000000000000000000000000000000061
:108F10000000000000000000000000000000000051
:108F20000000000000000000000000000000000041
:108F30000000000000000000000000000000000031
:108F40000000000000000000000000000000000021
:108F50000000000000000000000000000000000011
:108F60000000000000000000000000000000000001
:108F700000000000000000000000000000000000F1
:108F800000000000000000000000000000000000E1
:108F900000000000000000000000000000000000D1
:108FA00000000000000000000000000000000000C1
:108FB00000000000000000000000000000000000B1
:108FC00000000000000000000000000000000000A1
:108FD0000000000000000000000000000000000091
:108FE0000000000000000000000000000000000081
:108FF0000000000000000000000000000000000071
:109000000000000000000000000000000000000060
:109010000000000000000000000000000000000050
:109020000000000000000000000000000000000040
:109030000000000000000000000000000000000030
:109040000000000000000000000000000000000020
:109050000000000000000000000000000000000010
:109060000000000000000000000000000000000000
:1090700000000000000000000000000000000000F0
:1090800000000000000000000000000000000000E0
:1090900000000000000000000000000000000000D0
:1090A00000000000000000000000000000000000C0
:1090B00000000000000000000000000000000000B0
:1090C00000000000000000000000000000000000A0
:1090D0000000000000000000000000000000000090
:1090E0000000000000000000000000000000000080
:1090F0000000000000000000000000000000000070
:10910000000000000000000000000000000000005F
:10911000000000000000000000000000000000004F
:10912000000000000000000000000000000000003F
:10913000000000000000000000000000000000002F
:10914000000000000000000000000000000000001F
:10915000000000000000000000000000000000000F
:1091600000000000000000000000000000000000FF
:1091700000000000000000000000000000000000EF
:1091800000000000000000000000000000000000DF
:1091900000000000000000000000000000000000CF
:1091A00000000000000000000000000000000000BF
:1091B00000000000000000000000000000000000AF
:1091C000000000000000000000000000000000009F
:1091D000000000000000000000000000000000008F
:1091E000000000000000000000000000000000007F
:1091F000000000000000000000000000000000006F
:10920000000000000000000000000000000000005E
:10921000000000000000000000000000000000004E
:10922000000000000000000000000000000000003E
:10923000000000000000000000000000000000002E
:10924000000000000000000000000000000000001E
:10925000000000000000000000000000000000000E
:1092600000000000000000000000000000000000FE
:1092700000000000000000000000000000000000EE
:1092800000000000000000000000000000000000DE
:1092900000000000000000000000000000000000CE
:1092A00000000000000000000000000000000000BE
:1092B00000000000000000000000000000000000AE
:1092C000000000000000000000000000000000009E
:1092D000000000000000000000000000000000008E
:1092E000000000000000000000000000000000007E
:1092F000000000000000000000000000000000006E
:10930000000000000000000000000000000000005D
:10931000000000000000000000000000000000004D
:10932000000000000000000000000000000000003D
:10933000000000000000000000000000000000002D
:10934000000000000000000000000000000000001D
:10935000000000000000000000000000000000000D
:1093600000000000000000000000000000000000FD
:1093700000000000000000000000000000000000ED
:1093800000000000000000000000000000000000DD
:1093900000000000000000000000000000000000CD
:1093A00000000000000000000000000000000000BD
:1093B00000000000000000000000000000000000AD
:1093C000000000000000000000000000000000009D
:1093D000000000000000000000000000000000008D
:1093E000000000000000000000000000000000007D
:1093F000000000000000000000000000000000006D
:10940000000000000000000000000000000000005C
:10941000000000000000000000000000000000004C
:10942000000000000000000000000000000000003C
:10943000000000000000000000000000000000002C
:10944000000000000000000000000000000000001C
:10945000000000000000000000000000000000000C
:1094600000000000000000000000000000000000FC
:1094700000000000000000000000000000000000EC
:1094800000000000000000000000000000000000DC
:1094900000000000000000000000000000000000CC
:1094A00000000000000000000000000000000000BC
:1094B00000000000000000000000000000000000AC
:1094C000000000000000000000000000000000009C
:1094D000000000000000000000000000000000008C
:1094E000000000000000000000000000000000007C
:1094F000000000000000000000000000000000006C
:10950000000000000000000000000000000000005B
:10951000000000000000000000000000000000004B
:10952000000000000000000000000000000000003B
:10953000000000000000000000000000000000002B
:10954000000000000000000000000000000000001B
:10955000000000000000000000000000000000000B
:1095600000000000000000000000000000000000FB
:1095700000000000000000000000000000000000EB
:1095800000000000000000000000000000000000DB
:1095900000000000000000000000000000000000CB
:1095A00000000000000000000000000000000000BB
:1095B00000000000000000000000000000000000AB
:1095C000000000000000000000000000000000009B
:1095D000000000000000000000000000000000008B
:1095E000000000000000000000000000000000007B
:1095F000000000000000000000000000000000006B
:10960000000000000000000000000000000000005A
:10961000000000000000000000000000000000004A
:10962000000000000000000000000000000000003A
:10963000000000000000000000000000000000002A
:10964000000000000000000000000000000000001A
:10965000000000000000000000000000000000000A
:1096600000000000000000000000000000000000FA
:1096700000000000000000000000000000000000EA
:1096800000000000000000000000000000000000DA
:1096900000000000000000000000000000000000CA
:1096A00000000000000000000000000000000000BA
:1096B00000000000000000000000000000000000AA
:1096C000000000000000000000000000000000009A
:1096D000000000000000000000000000000000008A
:1096E000000000000000000000000000000000007A
:1096F000000000000000000000000000000000006A
:109700000000000000000000000000000000000059
:109710000000000000000000000000000000000049
:109720000000000000000000000000000000000039
:109730000000000000000000000000000000000029
:109740000000000000000000000000000000000019
:109750000000000000000000000000000000000009
:1097600000000000000000000000000000000000F9
:1097700000000000000000000000000000000000E9
:1097800000000000000000000000000000000000D9
:1097900000000000000000000000000000000000C9
:1097A00000000000000000000000000000000000B9
:1097B00000000000000000000000000000000000A9
:1097C0000000000000000000000000000000000099
:1097D0000000000000000000000000000000000089
:1097E0000000000000000000000000000000000079
:1097F0000000000000000000000000000000000069
:109800000000000000000000000000000000000058
:109810000000000000000000000000000000000048
:109820000000000000000000000000000000000038
:109830000000000000000000000000000000000028
:109840000000000000000000000000000000000018
:109850000000000000000000000000000000000008
:1098600000000000000000000000000000000000F8
:1098700000000000000000000000000000000000E8
:1098800000000000000000000000000000000000D8
:1098900000000000000000000000000000000000C8
:1098A00000000000000000000000000000000000B8
:1098B00000000000000000000000000000000000A8
:1098C0000000000000000000000000000000000098
:1098D0000000000000000000000000000000000088
:1098E0000000000000000000000000000000000078
:1098F0000000000000000000000000000000000068
:109900000000000000000000000000000000000057
:109910000000000000000000000000000000000047
:109920000000000000000000000000000000000037
:109930000000000000000000000000000000000027
:109940000000000000000000000000000000000017
:109950000000000000000000000000000000000007
:1099600000000000000000000000000000000000F7
:1099700000000000000000000000000000000000E7
:1099800000000000000000000000000000000000D7
:1099900000000000000000000000000000000000C7
:1099A00000000000000000000000000000000000B7
:1099B00000000000000000000000000000000000A7
:1099C0000000000000000000000000000000000097
:1099D0000000000000000000000000000000000087
:1099E0000000000000000000000000000000000077
:1099F0000000000000000000000000000000000067
:109A00000000000000000000000000000000000056
:109A10000000000000000000000000000000000046
:109A20000000000000000000000000000000000036
:109A30000000000000000000000000000000000026
:109A40000000000000000000000000000000000016
:109A50000000000000000000000000000000000006
:109A600000000000000000000000000000000000F6
:109A700000000000000000000000000000000000E6
:109A800000000000000000000000000000000000D6
:109A900000000000000000000000000000000000C6
:109AA00000000000000000000000000000000000B6
:109AB00000000000000000000000000000000000A6
:109AC0000000000000000000000000000000000096
:109AD0000000000000000000000000000000000086
:109AE0000000000000000000000000000000000076
:109AF0000000000000000000000000000000000066
:109B00000000000000000000000000000000000055
:109B10000000000000000000000000000000000045
:109B20000000000000000000000000000000000035
:109B30000000000000000000000000000000000025
:109B40000000000000000000000000000000000015
:109B50000000000000000000000000000000000005
:109B600000000000000000000000000000000000F5
:109B700000000000000000000000000000000000E5
:109B800000000000000000000000000000000000D5
:109B900000000000000000000000000000000000C5
:109BA00000000000000000000000000000000000B5
:109BB00000000000000000000000000000000000A5
:109BC0000000000000000000000000000000000095
:109BD0000000000000000000000000000000000085
:109BE0000000000000000000000000000000000075
:109BF0000000000000000000000000000000000065
:109C00000000000000000000000000000000000054
:109C10000000000000000000000000000000000044
:109C20000000000000000000000000000000000034
:109C30000000000000000000000000000000000024
:109C40000000000000000000000000000000000014
:109C50000000000000000000000000000000000004
:109C600000000000000000000000000000000000F4
:109C700000000000000000000000000000000000E4
:109C800000000000000000000000000000000000D4
:109C900000000000000000000000000000000000C4
:109CA00000000000000000000000000000000000B4
:109CB00000000000000000000000000000000000A4
:109CC0000000000000000000000000000000000094
:109CD0000000000000000000000000000000000084
:109CE0000000000000000000000000000000000074
:109CF0000000000000000000000000000000000064
:109D00000000000000000000000000000000000053
:109D10000000000000000000000000000000000043
:109D20000000000000000000000000000000000033
:109D30000000000000000000000000000000000023
:109D40000000000000000000000000000000000013
:109D50000000000000000000000000000000000003
:109D600000000000000000000000000000000000F3
:109D700000000000000000000000000000000000E3
:109D800000000000000000000000000000000000D3
:109D900000000000000000000000000000000000C3
:109DA00000000000000000000000000000000000B3
:109DB00000000000000000000000000000000000A3
:109DC0000000000000000000000000000000000093
:109DD0000000000000000000000000000000000083
:109DE0000000000000000000000000000000000073
:109DF0000000000000000000000000000000000063
:109E00000000000000000000000000000000000052
:109E10000000000000000000000000000000000042
:109E20000000000000000000000000000000000032
:109E30000000000000000000000000000000000022
:109E40000000000000000000000000000000000012
:109E50000000000000000000000000000000000002
:109E600000000000000000000000000000000000F2
:109E700000000000000000000000000000000000E2
:109E800000000000000000000000000000000000D2
:109E900000000000000000000000000000000000C2
:109EA00000000000000000000000000000000000B2
:109EB00000000000000000000000000000000000A2
:109EC0000000000000000000000000000000000092
:109ED0000000000000000000000000000000000082
:109EE0000000000000000000000000000000000072
:109EF0000000000000000000000000000000000062
:109F00000000000000000000000000000000000051
:109F10000000000000000000000000000000000041
:109F20000000000000000000000000000000000031
:109F30000000000000000000000000000000000021
:109F40000000000000000000000000000000000011
:109F50000000000000000000000000000000000001
:109F600000000000000000000000000000000000F1
:109F700000000000000000000000000000000000E1
:109F800000000000000000000000000000000000D1
:109F900000000000000000000000000000000000C1
:109FA00000000000000000000000000000000000B1
:109FB00000000000000000000000000000000000A1
:109FC0000000000000000000000000000000000091
:109FD0000000000000000000000000000000000081
:109FE0000000000000000000000000000000000071
:109FF0000000000000000000000000000000000061
:10A000000000000000000000000000000000000050
:10A010000000000000000000000000000000000040
:10A020000000000000000000000000000000000030
:10A030000000000000000000000000000000000020
:10A040000000000000000000000000000000000010
:10A050000000000000000000000000000000000000
:10A0600000000000000000000000000000000000F0
:10A0700000000000000000000000000000000000E0
:10A0800000000000000000000000000000000000D0
:10A0900000000000000000000000000000000000C0
:10A0A00000000000000000000000000000000000B0
:10A0B00000000000000000000000000000000000A0
:10A0C0000000000000000000000000000000000090
:10A0D0000000000000000000000000000000000080
:10A0E0000000000000000000000000000000000070
:10A0F0000000000000000000000000000000000060
:10A10000000000000000000000000000000000004F
:10A11000000000000000000000000000000000003F
:10A12000000000000000000000000000000000002F
:10A13000000000000000000000000000000000001F
:10A14000000000000000000000000000000000000F
:10A1500000000000000000000000000000000000FF
:10A1600000000000000000000000000000000000EF
:10A1700000000000000000000000000000000000DF
:10A1800000000000000000000000000000000000CF
:10A1900000000000000000000000000000000000BF
:10A1A00000000000000000000000000000000000AF
:10A1B000000000000000000000000000000000009F
:10A1C000000000000000000000000000000000008F
:10A1D000000000000000000000000000000000007F
:10A1E000000000000000000000000000000000006F
:10A1F000000000000000000000000000000000005F
:10A20000000000000000000000000000000000004E
:10A21000000000000000000000000000000000003E
:10A22000000000000000000000000000000000002E
:10A23000000000000000000000000000000000001E
:10A24000000000000000000000000000000000000E
:10A2500000000000000000000000000000000000FE
:10A2600000000000000000000000000000000000EE
:10A2700000000000000000000000000000000000DE
:10A2800000000000000000000000000000000000CE
:10A2900000000000000000000000000000000000BE
:10A2A00000000000000000000000000000000000AE
:10A2B000000000000000000000000000000000009E
:10A2C000000000000000000000000000000000008E
:10A2D000000000000000000000000000000000007E
:10A2E000000000000000000000000000000000006E
:10A2F000000000000000000000000000000000005E
:10A30000000000000000000000000000000000004D
:10A31000000000000000000000000000000000003D
:10A32000000000000000000000000000000000002D
:10A33000000000000000000000000000000000001D
:10A34000000000000000000000000000000000000D
:10A3500000000000000000000000000000000000FD
:10A3600000000000000000000000000000000000ED
:10A3700000000000000000000000000000000000DD
:10A3800000000000000000000000000000000000CD
:10A3900000000000000000000000000000000000BD
:10A3A00000000000000000000000000000000000AD
:10A3B000000000000000000000000000000000009D
:10A3C000000000000000000000000000000000008D
:10A3D000000000000000000000000000000000007D
:10A3E000000000000000000000000000000000006D
:10A3F000000000000000000000000000000000005D
:10A40000000000000000000000000000000000004C
:10A41000000000000000000000000000000000003C
:10A42000000000000000000000000000000000002C
:10A43000000000000000000000000000000000001C
:10A44000000000000000000000000000000000000C
:10A4500000000000000000000000000000000000FC
:10A4600000000000000000000000000000000000EC
:10A4700000000000000000000000000000000000DC
:10A4800000000000000000000000000000000000CC
:10A4900000000000000000000000000000000000BC
:10A4A00000000000000000000000000000000000AC
:10A4B000000000000000000000000000000000009C
:10A4C000000000000000000000000000000000008C
:10A4D000000000000000000000000000000000007C
:10A4E000000000000000000000000000000000006C
:10A4F000000000000000000000000000000000005C
:10A50000000000000000000000000000000000004B
:10A51000000000000000000000000000000000003B
:10A52000000000000000000000000000000000002B
:10A53000000000000000000000000000000000001B
:10A54000000000000000000000000000000000000B
:10A5500000000000000000000000000000000000FB
:10A5600000000000000000000000000000000000EB
:10A5700000000000000000000000000000000000DB
:10A5800000000000000000000000000000000000CB
:10A5900000000000000000000000000000000000BB
:10A5A00000000000000000000000000000000000AB
:10A5B000000000000000000000000000000000009B
:10A5C000000000000000000000000000000000008B
:10A5D000000000000000000000000000000000007B
:10A5E000000000000000000000000000000000006B
:10A5F000000000000000000000000000000000005B
:10A60000000000000000000000000000000000004A
:10A61000000000000000000000000000000000003A
:10A62000000000000000000000000000000000002A
:10A63000000000000000000000000000000000001A
:10A64000000000000000000000000000000000000A
:10A6500000000000000000000000000000000000FA
:10A6600000000000000000000000000000000000EA
:10A6700000000000000000000000000000000000DA
:10A6800000000000000000000000000000000000CA
:10A6900000000000000000000000000000000000BA
:10A6A00000000000000000000000000000000000AA
:10A6B000000000000000000000000000000000009A
:10A6C000000000000000000000000000000000008A
:10A6D000000000000000000000000000000000007A
:10A6E000000000000000000000000000000000006A
:10A6F000000000000000000000000000000000005A
:10A700000000000000000000000000000000000049
:10A710000000000000000000000000000000000039
:10A720000000000000000000000000000000000029
:10A730000000000000000000000000000000000019
:10A740000000000000000000000000000000000009
:10A7500000000000000000000000000000000000F9
:10A7600000000000000000000000000000000000E9
:10A7700000000000000000000000000000000000D9
:10A7800000000000000000000000000000000000C9
:10A7900000000000000000000000000000000000B9
:10A7A00000000000000000000000000000000000A9
:10A7B0000000000000000000000000000000000099
:10A7C0000000000000000000000000000000000089
:10A7D0000000000000000000000000000000000079
:10A7E0000000000000000000000000000000000069
:10A7F0000000000000000000000000000000000059
:10A800000000000000000000000000000000000048
:10A810000000000000000000000000000000000038
:10A820000000000000000000000000000000000028
:10A830000000000000000000000000000000000018
:10A840000000000000000000000000000000000008
:10A8500000000000000000000000000000000000F8
:10A8600000000000000000000000000000000000E8
:10A8700000000000000000000000000000000000D8
:10A8800000000000000000000000000000000000C8
:10A8900000000000000000000000000000000000B8
:10A8A00000000000000000000000000000000000A8
:10A8B0000000000000000000000000000000000098
:10A8C0000000000000000000000000000000000088
:10A8D0000000000000000000000000000000000078
:10A8E0000000000000000000000000000000000068
:10A8F0000000000000000000000000000000000058
:10A900000000000000000000000000000000000047
:10A910000000000000000000000000000000000037
:10A920000000000000000000000000000000000027
:10A930000000000000000000000000000000000017
:10A940000000000000000000000000000000000007
:10A9500000000000000000000000000000000000F7
:10A9600000000000000000000000000000000000E7
:10A9700000000000000000000000000000000000D7
:10A9800000000000000000000000000000000000C7
:10A9900000000000000000000000000000000000B7
:10A9A00000000000000000000000000000000000A7
:10A9B0000000000000000000000000000000000097
:10A9C0000000000000000000000000000000000087
:10A9D0000000000000000000000000000000000077
:10A9E0000000000000000000000000000000000067
:10A9F0000000000000000000000000000000000057
:10AA00000000000000000000000000000000000046
:10AA10000000000000000000000000000000000036
:10AA20000000000000000000000000000000000026
:10AA30000000000000000000000000000000000016
:10AA40000000000000000000000000000000000006
:10AA500000000000000000000000000000000000F6
:10AA600000000000000000000000000000000000E6
:10AA700000000000000000000000000000000000D6
:10AA800000000000000000000000000000000000C6
:10AA900000000000000000000000000000000000B6
:10AAA00000000000000000000000000000000000A6
:10AAB0000000000000000000000000000000000096
:10AAC0000000000000000000000000000000000086
:10AAD0000000000000000000000000000000000076
:10AAE0000000000000000000000000000000000066
:10AAF0000000000000000000000000000000000056
:10AB00000000000000000000000000000000000045
:10AB10000000000000000000000000000000000035
:10AB20000000000000000000000000000000000025
:10AB30000000000000000000000000000000000015
:10AB40000000000000000000000000000000000005
:10AB500000000000000000000000000000000000F5
:10AB600000000000000000000000000000000000E5
:10AB700000000000000000000000000000000000D5
:10AB800000000000000000000000000000000000C5
:10AB900000000000000000000000000000000000B5
:10ABA00000000000000000000000000000000000A5
:10ABB0000000000000000000000000000000000095
:10ABC0000000000000000000000000000000000085
:10ABD0000000000000000000000000000000000075
:10ABE0000000000000000000000000000000000065
:10ABF0000000000000000000000000000000000055
:10AC00000000000000000000000000000000000044
:10AC10000000000000000000000000000000000034
:10AC20000000000000000000000000000000000024
:10AC30000000000000000000000000000000000014
:10AC40000000000000000000000000000000000004
:10AC500000000000000000000000000000000000F4
:10AC600000000000000000000000000000000000E4
:10AC700000000000000000000000000000000000D4
:10AC800000000000000000000000000000000000C4
:10AC900000000000000000000000000000000000B4
:10ACA00000000000000000000000000000000000A4
:10ACB0000000000000000000000000000000000094
:10ACC0000000000000000000000000000000000084
:10ACD0000000000000000000000000000000000074
:10ACE0000000000000000000000000000000000064
:10ACF0000000000000000000000000000000000054
:10AD00000000000000000000000000000000000043
:10AD10000000000000000000000000000000000033
:10AD20000000000000000000000000000000000023
:10AD30000000000000000000000000000000000013
:10AD40000000000000000000000000000000000003
:10AD500000000000000000000000000000000000F3
:10AD600000000000000000000000000000000000E3
:10AD700000000000000000000000000000000000D3
:10AD800000000000000000000000000000000000C3
:10AD900000000000000000000000000000000000B3
:10ADA00000000000000000000000000000000000A3
:10ADB0000000000000000000000000000000000093
:10ADC0000000000000000000000000000000000083
:10ADD0000000000000000000000000000000000073
:10ADE0000000000000000000000000000000000063
:10ADF0000000000000000000000000000000000053
:10AE00000000000000000000000000000000000042
:10AE10000000000000000000000000000000000032
:10AE20000000000000000000000000000000000022
:10AE30000000000000000000000000000000000012
:10AE40000000000000000000000000000000000002
:10AE500000000000000000000000000000000000F2
:10AE600000000000000000000000000000000000E2
:10AE700000000000000000000000000000000000D2
:10AE800000000000000000000000000000000000C2
:10AE900000000000000000000000000000000000B2
:10AEA00000000000000000000000000000000000A2
:10AEB0000000000000000000000000000000000092
:10AEC0000000000000000000000000000000000082
:10AED0000000000000000000000000000000000072
:10AEE0000000000000000000000000000000000062
:10AEF0000000000000000000000000000000000052
:10AF00000000000000000000000000000000000041
:10AF10000000000000000000000000000000000031
:10AF20000000000000000000000000000000000021
:10AF30000000000000000000000000000000000011
:10AF40000000000000000000000000000000000001
:10AF500000000000000000000000000000000000F1
:10AF600000000000000000000000000000000000E1
:10AF700000000000000000000000000000000000D1
:10AF800000000000000000000000000000000000C1
:10AF900000000000000000000000000000000000B1
:10AFA00000000000000000000000000000000000A1
:10AFB0000000000000000000000000000000000091
:10AFC0000000000000000000000000000000000081
:10AFD0000000000000000000000000000000000071
:10AFE0000000000000000000000000000000000061
:10AFF0000000000000000000000000000000000051
:10B000000000000000000000000000000000000040
:10B010000000000000000000000000000000000030
:10B020000000000000000000000000000000000020
:10B030000000000000000000000000000000000010
:10B040000000000000000000000000000000000000
:10B0500000000000000000000000000000000000F0
:10B0600000000000000000000000000000000000E0
:10B0700000000000000000000000000000000000D0
:10B0800000000000000000000000000000000000C0
:10B0900000000000000000000000000000000000B0
:10B0A00000000000000000000000000000000000A0
:10B0B0000000000000000000000000000000000090
:10B0C0000000000000000000000000000000000080
:10B0D0000000000000000000000000000000000070
:10B0E0000000000000000000000000000000000060
:10B0F0000000000000000000000000000000000050
:10B10000000000000000000000000000000000003F
:10B11000000000000000000000000000000000002F
:10B12000000000000000000000000000000000001F
:10B13000000000000000000000000000000000000F
:10B1400000000000000000000000000000000000FF
:10B1500000000000000000000000000000000000EF
:10B1600000000000000000000000000000000000DF
:10B1700000000000000000000000000000000000CF
:10B1800000000000000000000000000000000000BF
:10B1900000000000000000000000000000000000AF
:10B1A000000000000000000000000000000000009F
:10B1B000000000000000000000000000000000008F
:10B1C000000000000000000000000000000000007F
:10B1D000000000000000000000000000000000006F
:10B1E000000000000000000000000000000000005F
:10B1F000000000000000000000000000000000004F
:10B20000000000000000000000000000000000003E
:10B21000000000000000000000000000000000002E
:10B22000000000000000000000000000000000001E
:10B23000000000000000000000000000000000000E
:10B2400000000000000000000000000000000000FE
:10B2500000000000000000000000000000000000EE
:10B2600000000000000000000000000000000000DE
:10B2700000000000000000000000000000000000CE
:10B2800000000000000000000000000000000000BE
:10B2900000000000000000000000000000000000AE
:10B2A000000000000000000000000000000000009E
:10B2B000000000000000000000000000000000008E
:10B2C000000000000000000000000000000000007E
:10B2D000000000000000000000000000000000006E
:10B2E000000000000000000000000000000000005E
:10B2F000000000000000000000000000000000004E
:10B30000000000000000000000000000000000003D
:10B31000000000000000000000000000000000002D
:10B32000000000000000000000000000000000001D
:10B33000000000000000000000000000000000000D
:10B3400000000000000000000000000000000000FD
:10B3500000000000000000000000000000000000ED
:10B3600000000000000000000000000000000000DD
:10B3700000000000000000000000000000000000CD
:10B3800000000000000000000000000000000000BD
:10B3900000000000000000000000000000000000AD
:10B3A000000000000000000000000000000000009D
:10B3B000000000000000000000000000000000008D
:10B3C000000000000000000000000000000000007D
:10B3D000000000000000000000000000000000006D
:10B3E000000000000000000000000000000000005D
:10B3F000000000000000000000000000000000004D
:10B40000000000000000000000000000000000003C
:10B41000000000000000000000000000000000002C
:10B42000000000000000000000000000000000001C
:10B43000000000000000000000000000000000000C
:10B4400000000000000000000000000000000000FC
:10B4500000000000000000000000000000000000EC
:10B4600000000000000000000000000000000000DC
:10B4700000000000000000000000000000000000CC
:10B4800000000000000000000000000000000000BC
:10B4900000000000000000000000000000000000AC
:10B4A000000000000000000000000000000000009C
:10B4B000000000000000000000000000000000008C
:10B4C000000000000000000000000000000000007C
:10B4D000000000000000000000000000000000006C
:10B4E000000000000000000000000000000000005C
:10B4F000000000000000000000000000000000004C
:10B50000000000000000000000000000000000003B
:10B51000000000000000000000000000000000002B
:10B52000000000000000000000000000000000001B
:10B53000000000000000000000000000000000000B
:10B5400000000000000000000000000000000000FB
:10B5500000000000000000000000000000000000EB
:10B5600000000000000000000000000000000000DB
:10B5700000000000000000000000000000000000CB
:10B5800000000000000000000000000000000000BB
:10B5900000000000000000000000000000000000AB
:10B5A000000000000000000000000000000000009B
:10B5B000000000000000000000000000000000008B
:10B5C000000000000000000000000000000000007B
:10B5D000000000000000000000000000000000006B
:10B5E000000000000000000000000000000000005B
:10B5F000000000000000000000000000000000004B
:10B60000000000000000000000000000000000003A
:10B61000000000000000000000000000000000002A
:10B62000000000000000000000000000000000001A
:10B63000000000000000000000000000000000000A
:10B6400000000000000000000000000000000000FA
:10B6500000000000000000000000000000000000EA
:10B6600000000000000000000000000000000000DA
:10B6700000000000000000000000000000000000CA
:10B6800000000000000000000000000000000000BA
:10B6900000000000000000000000000000000000AA
:10B6A000000000000000000000000000000000009A
:10B6B000000000000000000000000000000000008A
:10B6C000000000000000000000000000000000007A
:10B6D000000000000000000000000000000000006A
:10B6E000000000000000000000000000000000005A
:10B6F000000000000000000000000000000000004A
:10B700000000000000000000000000000000000039
:10B710000000000000000000000000000000000029
:10B720000000000000000000000000000000000019
:10B730000000000000000000000000000000000009
:10B7400000000000000000000000000000000000F9
:10B7500000000000000000000000000000000000E9
:10B7600000000000000000000000000000000000D9
:10B7700000000000000000000000000000000000C9
:10B7800000000000000000000000000000000000B9
:10B7900000000000000000000000000000000000A9
:10B7A0000000000000000000000000000000000099
:10B7B0000000000000000000000000000000000089
:10B7C0000000000000000000000000000000000079
:10B7D0000000000000000000000000000000000069
:10B7E0000000000000000000000000000000000059
:10B7F0000000000000000000000000000000000049
:10B800000000000000000000000000000000000038
:10B810000000000000000000000000000000000028
:10B820000000000000000000000000000000000018
:10B830000000000000000000000000000000000008
:10B8400000000000000000000000000000000000F8
:10B8500000000000000000000000000000000000E8
:10B8600000000000000000000000000000000000D8
:10B8700000000000000000000000000000000000C8
:10B8800000000000000000000000000000000000B8
:10B8900000000000000000000000000000000000A8
:10B8A0000000000000000000000000000000000098
:10B8B0000000000000000000000000000000000088
:10B8C0000000000000000000000000000000000078
:10B8D0000000000000000000000000000000000068
:10B8E0000000000000000000000000000000000058
:10B8F0000000000000000000000000000000000048
:10B900000000000000000000000000000000000037
:10B910000000000000000000000000000000000027
:10B920000000000000000000000000000000000017
:10B930000000000000000000000000000000000007
:10B9400000000000000000000000000000000000F7
:10B9500000000000000000000000000000000000E7
:10B9600000000000000000000000000000000000D7
:10B9700000000000000000000000000000000000C7
:10B9800000000000000000000000000000000000B7
:10B9900000000000000000000000000000000000A7
:10B9A0000000000000000000000000000000000097
:10B9B0000000000000000000000000000000000087
:10B9C0000000000000000000000000000000000077
:10B9D0000000000000000000000000000000000067
:10B9E0000000000000000000000000000000000057
:10B9F0000000000000000000000000000000000047
:10BA00000000000000000000000000000000000036
:10BA10000000000000000000000000000000000026
:10BA20000000000000000000000000000000000016
:10BA30000000000000000000000000000000000006
:10BA400000000000000000000000000000000000F6
:10BA500000000000000000000000000000000000E6
:10BA600000000000000000000000000000000000D6
:10BA700000000000000000000000000000000000C6
:10BA800000000000000000000000000000000000B6
:10BA900000000000000000000000000000000000A6
:10BAA0000000000000000000000000000000000096
:10BAB0000000000000000000000000000000000086
:10BAC0000000000000000000000000000000000076
:10BAD0000000000000000000000000000000000066
:10BAE0000000000000000000000000000000000056
:10BAF0000000000000000000000000000000000046
:10BB00000000000000000000000000000000000035
:10BB10000000000000000000000000000000000025
:10BB20000000000000000000000000000000000015
:10BB30000000000000000000000000000000000005
:10BB400000000000000000000000000000000000F5
:10BB500000000000000000000000000000000000E5
:10BB600000000000000000000000000000000000D5
:10BB700000000000000000000000000000000000C5
:10BB800000000000000000000000000000000000B5
:10BB900000000000000000000000000000000000A5
:10BBA0000000000000000000000000000000000095
:10BBB0000000000000000000000000000000000085
:10BBC0000000000000000000000000000000000075
:10BBD0000000000000000000000000000000000065
:10BBE0000000000000000000000000000000000055
:10BBF0000000000000000000000000000000000045
:10BC00000000000000000000000000000000000034
:10BC10000000000000000000000000000000000024
:10BC20000000000000000000000000000000000014
:10BC30000000000000000000000000000000000004
:10BC400000000000000000000000000000000000F4
:10BC500000000000000000000000000000000000E4
:10BC600000000000000000000000000000000000D4
:10BC700000000000000000000000000000000000C4
:10BC800000000000000000000000000000000000B4
:10BC900000000000000000000000000000000000A4
:10BCA0000000000000000000000000000000000094
:10BCB0000000000000000000000000000000000084
:10BCC0000000000000000000000000000000000074
:10BCD0000000000000000000000000000000000064
:10BCE0000000000000000000000000000000000054
:10BCF0000000000000000000000000000000000044
:10BD00000000000000000000000000000000000033
:10BD10000000000000000000000000000000000023
:10BD20000000000000000000000000000000000013
:10BD30000000000000000000000000000000000003
:10BD400000000000000000000000000000000000F3
:10BD500000000000000000000000000000000000E3
:10BD600000000000000000000000000000000000D3
:10BD700000000000000000000000000000000000C3
:10BD800000000000000000000000000000000000B3
:10BD900000000000000000000000000000000000A3
:10BDA0000000000000000000000000000000000093
:10BDB0000000000000000000000000000000000083
:10BDC0000000000000000000000000000000000073
:10BDD0000000000000000000000000000000000063
:10BDE0000000000000000000000000000000000053
:10BDF0000000000000000000000000000000000043
:10BE00000000000000000000000000000000000032
:10BE10000000000000000000000000000000000022
:10BE20000000000000000000000000000000000012
:10BE30000000000000000000000000000000000002
:10BE400000000000000000000000000000000000F2
:10BE500000000000000000000000000000000000E2
:10BE600000000000000000000000000000000000D2
:10BE700000000000000000000000000000000000C2
:10BE800000000000000000000000000000000000B2
:10BE900000000000000000000000000000000000A2
:10BEA0000000000000000000000000000000000092
:10BEB0000000000000000000000000000000000082
:10BEC0000000000000000000000000000000000072
:10BED0000000000000000000000000000000000062
:10BEE0000000000000000000000000000000000052
:10BEF0000000000000000000000000000000000042
:10BF00000000000000000000000000000000000031
:10BF10000000000000000000000000000000000021
:10BF20000000000000000000000000000000000011
:10BF30000000000000000000000000000000000001
:10BF400000000000000000000000000000000000F1
:10BF500000000000000000000000000000000000E1
:10BF600000000000000000000000000000000000D1
:10BF700000000000000000000000000000000000C1
:10BF800000000000000000000000000000000000B1
:10BF900000000000000000000000000000000000A1
:10BFA0000000000000000000000000000000000091
:10BFB0000000000000000000000000000000000081
:10BFC0000000000000000000000000000000000071
:10BFD0000000000000000000000000000000000061
:10BFE0000000000000000000000000000000000051
:10BFF0000000000000000000000000000000000041
:10C000000000000000000000000000000000000030
:10C010000000000000000000000000000000000020
:10C020000000000000000000000000000000000010
:10C030000000000000000000000000000000000000
:10C0400000000000000000000000000000000000F0
:10C0500000000000000000000000000000000000E0
:10C0600000000000000000000000000000000000D0
:10C0700000000000000000000000000000000000C0
:10C0800000000000000000000000000000000000B0
:10C0900000000000000000000000000000000000A0
:10C0A0000000000000000000000000000000000090
:10C0B0000000000000000000000000000000000080
:10C0C0000000000000000000000000000000000070
:10C0D0000000000000000000000000000000000060
:10C0E0000000000000000000000000000000000050
:10C0F0000000000000000000000000000000000040
:10C10000000000000000000000000000000000002F
:10C11000000000000000000000000000000000001F
:10C12000000000000000000000000000000000000F
:10C1300000000000000000000000000000000000FF
:10C1400000000000000000000000000000000000EF
:10C1500000000000000000000000000000000000DF
:10C1600000000000000000000000000000000000CF
:10C1700000000000000000000000000000000000BF
:10C1800000000000000000000000000000000000AF
:10C19000000000000000000000000000000000009F
:10C1A000000000000000000000000000000000008F
:10C1B000000000000000000000000000000000007F
:10C1C000000000000000000000000000000000006F
:10C1D000000000000000000000000000000000005F
:10C1E000000000000000000000000000000000004F
:10C1F000000000000000000000000000000000003F
:10C20000000000000000000000000000000000002E
:10C21000000000000000000000000000000000001E
:10C22000000000000000000000000000000000000E
:10C2300000000000000000000000000000000000FE
:10C2400000000000000000000000000000000000EE
:10C2500000000000000000000000000000000000DE
:10C2600000000000000000000000000000000000CE
:10C2700000000000000000000000000000000000BE
:10C2800000000000000000000000000000000000AE
:10C29000000000000000000000000000000000009E
:10C2A000000000000000000000000000000000008E
:10C2B000000000000000000000000000000000007E
:10C2C000000000000000000000000000000000006E
:10C2D000000000000000000000000000000000005E
:10C2E000000000000000000000000000000000004E
:10C2F000000000000000000000000000000000003E
:10C30000000000000000000000000000000000002D
:10C31000000000000000000000000000000000001D
:10C32000000000000000000000000000000000000D
:10C3300000000000000000000000000000000000FD
:10C3400000000000000000000000000000000000ED
:10C3500000000000000000000000000000000000DD
:10C3600000000000000000000000000000000000CD
:10C3700000000000000000000000000000000000BD
:10C3800000000000000000000000000000000000AD
:10C39000000000000000000000000000000000009D
:10C3A000000000000000000000000000000000008D
:10C3B000000000000000000000000000000000007D
:10C3C000000000000000000000000000000000006D
:10C3D000000000000000000000000000000000005D
:10C3E000000000000000000000000000000000004D
:10C3F000000000000000000000000000000000003D
:10C40000000000000000000000000000000000002C
:10C41000000000000000000000000000000000001C
:10C42000000000000000000000000000000000000C
:10C4300000000000000000000000000000000000FC
:10C4400000000000000000000000000000000000EC
:10C4500000000000000000000000000000000000DC
:10C4600000000000000000000000000000000000CC
:10C4700000000000000000000000000000000000BC
:10C4800000000000000000000000000000000000AC
:10C49000000000000000000000000000000000009C
:10C4A000000000000000000000000000000000008C
:10C4B000000000000000000000000000000000007C
:10C4C000000000000000000000000000000000006C
:10C4D000000000000000000000000000000000005C
:10C4E000000000000000000000000000000000004C
:10C4F000000000000000000000000000000000003C
:10C50000000000000000000000000000000000002B
:10C51000000000000000000000000000000000001B
:10C52000000000000000000000000000000000000B
:10C5300000000000000000000000000000000000FB
:10C5400000000000000000000000000000000000EB
:10C5500000000000000000000000000000000000DB
:10C5600000000000000000000000000000000000CB
:10C5700000000000000000000000000000000000BB
:10C5800000000000000000000000000000000000AB
:10C59000000000000000000000000000000000009B
:10C5A000000000000000000000000000000000008B
:10C5B000000000000000000000000000000000007B
:10C5C000000000000000000000000000000000006B
:10C5D000000000000000000000000000000000005B
:10C5E000000000000000000000000000000000004B
:10C5F000000000000000000000000000000000003B
:10C60000000000000000000000000000000000002A
:10C61000000000000000000000000000000000001A
:10C62000000000000000000000000000000000000A
:10C6300000000000000000000000000000000000FA
:10C6400000000000000000000000000000000000EA
:10C6500000000000000000000000000000000000DA
:10C6600000000000000000000000000000000000CA
:10C6700000000000000000000000000000000000BA
:10C6800000000000000000000000000000000000AA
:10C69000000000000000000000000000000000009A
:10C6A000000000000000000000000000000000008A
:10C6B000000000000000000000000000000000007A
:10C6C000000000000000000000000000000000006A
:10C6D000000000000000000000000000000000005A
:10C6E000000000000000000000000000000000004A
:10C6F000000000000000000000000000000000003A
:10C700000000000000000000000000000000000029
:10C710000000000000000000000000000000000019
:10C720000000000000000000000000000000000009
:10C7300000000000000000000000000000000000F9
:10C7400000000000000000000000000000000000E9
:10C7500000000000000000000000000000000000D9
:10C7600000000000000000000000000000000000C9
:10C7700000000000000000000000000000000000B9
:10C7800000000000000000000000000000000000A9
:10C790000000000000000000000000000000000099
:10C7A0000000000000000000000000000000000089
:10C7B0000000000000000000000000000000000079
:10C7C0000000000000000000000000000000000069
:10C7D0000000000000000000000000000000000059
:10C7E0000000000000000000000000000000000049
:10C7F0000000000000000000000000000000000039
:10C800000000000000000000000000000000000028
:10C810000000000000000000000000000000000018
:10C820000000000000000000000000000000000008
:10C8300000000000000000000000000000000000F8
:10C8400000000000000000000000000000000000E8
:10C8500000000000000000000000000000000000D8
:10C8600000000000000000000000000000000000C8
:10C8700000000000000000000000000000000000B8
:10C8800000000000000000000000000000000000A8
:10C890000000000000000000000000000000000098
:10C8A0000000000000000000000000000000000088
:10C8B0000000000000000000000000000000000078
:10C8C0000000000000000000000000000000000068
:10C8D0000000000000000000000000000000000058
:10C8E0000000000000000000000000000000000048
:10C8F0000000000000000000000000000000000038
:10C900000000000000000000000000000000000027
:10C910000000000000000000000000000000000017
:10C920000000000000000000000000000000000007
:10C9300000000000000000000000000000000000F7
:10C9400000000000000000000000000000000000E7
:10C9500000000000000000000000000000000000D7
:10C9600000000000000000000000000000000000C7
:10C9700000000000000000000000000000000000B7
:10C9800000000000000000000000000000000000A7
:10C990000000000000000000000000000000000097
:10C9A0000000000000000000000000000000000087
:10C9B0000000000000000000000000000000000077
:10C9C0000000000000000000000000000000000067
:10C9D0000000000000000000000000000000000057
:10C9E0000000000000000000000000000000000047
:10C9F0000000000000000000000000000000000037
:10CA00000000000000000000000000000000000026
:10CA10000000000000000000000000000000000016
:10CA20000000000000000000000000000000000006
:10CA300000000000000000000000000000000000F6
:10CA400000000000000000000000000000000000E6
:10CA500000000000000000000000000000000000D6
:10CA600000000000000000000000000000000000C6
:10CA700000000000000000000000000000000000B6
:10CA800000000000000000000000000000000000A6
:10CA90000000000000000000000000000000000096
:10CAA0000000000000000000000000000000000086
:10CAB0000000000000000000000000000000000076
:10CAC0000000000000000000000000000000000066
:10CAD0000000000000000000000000000000000056
:10CAE0000000000000000000000000000000000046
:10CAF0000000000000000000000000000000000036
:10CB00000000000000000000000000000000000025
:10CB10000000000000000000000000000000000015
:10CB20000000000000000000000000000000000005
:10CB300000000000000000000000000000000000F5
:10CB400000000000000000000000000000000000E5
:10CB500000000000000000000000000000000000D5
:10CB600000000000000000000000000000000000C5
:10CB700000000000000000000000000000000000B5
:10CB800000000000000000000000000000000000A5
:10CB90000000000000000000000000000000000095
:10CBA0000000000000000000000000000000000085
:10CBB0000000000000000000000000000000000075
:10CBC0000000000000000000000000000000000065
:10CBD0000000000000000000000000000000000055
:10CBE0000000000000000000000000000000000045
:10CBF0000000000000000000000000000000000035
:10CC00000000000000000000000000000000000024
:10CC10000000000000000000000000000000000014
:10CC20000000000000000000000000000000000004
:10CC300000000000000000000000000000000000F4
:10CC400000000000000000000000000000000000E4
:10CC500000000000000000000000000000000000D4
:10CC600000000000000000000000000000000000C4
:10CC700000000000000000000000000000000000B4
:10CC800000000000000000000000000000000000A4
:10CC90000000000000000000000000000000000094
:10CCA0000000000000000000000000000000000084
:10CCB0000000000000000000000000000000000074
:10CCC0000000000000000000000000000000000064
:10CCD0000000000000000000000000000000000054
:10CCE0000000000000000000000000000000000044
:10CCF0000000000000000000000000000000000034
:10CD00000000000000000000000000000000000023
:10CD10000000000000000000000000000000000013
:10CD20000000000000000000000000000000000003
:10CD300000000000000000000000000000000000F3
:10CD400000000000000000000000000000000000E3
:10CD500000000000000000000000000000000000D3
:10CD600000000000000000000000000000000000C3
:10CD700000000000000000000000000000000000B3
:10CD800000000000000000000000000000000000A3
:10CD90000000000000000000000000000000000093
:10CDA0000000000000000000000000000000000083
:10CDB0000000000000000000000000000000000073
:10CDC0000000000000000000000000000000000063
:10CDD0000000000000000000000000000000000053
:10CDE0000000000000000000000000000000000043
:10CDF0000000000000000000000000000000000033
:10CE00000000000000000000000000000000000022
:10CE10000000000000000000000000000000000012
:10CE20000000000000000000000000000000000002
:10CE300000000000000000000000000000000000F2
:10CE400000000000000000000000000000000000E2
:10CE500000000000000000000000000000000000D2
:10CE600000000000000000000000000000000000C2
:10CE700000000000000000000000000000000000B2
:10CE800000000000000000000000000000000000A2
:10CE90000000000000000000000000000000000092
:10CEA0000000000000000000000000000000000082
:10CEB0000000000000000000000000000000000072
:10CEC0000000000000000000000000000000000062
:10CED0000000000000000000000000000000000052
:10CEE0000000000000000000000000000000000042
:10CEF0000000000000000000000000000000000032
:10CF00000000000000000000000000000000000021
:10CF10000000000000000000000000000000000011
:10CF20000000000000000000000000000000000001
:10CF300000000000000000000000000000000000F1
:10CF400000000000000000000000000000000000E1
:10CF500000000000000000000000000000000000D1
:10CF600000000000000000000000000000000000C1
:10CF700000000000000000000000000000000000B1
:10CF800000000000000000000000000000000000A1
:10CF90000000000000000000000000000000000091
:10CFA0000000000000000000000000000000000081
:10CFB0000000000000000000000000000000000071
:10CFC0000000000000000000000000000000000061
:10CFD0000000000000000000000000000000000051
:10CFE0000000000000000000000000000000000041
:10CFF0000000000000000000000000000000000031
:10D000000000000000000000000000000000000020
:10D010000000000000000000000000000000000010
:10D020000000000000000000000000000000000000
:10D0300000000000000000000000000000000000F0
:10D0400000000000000000000000000000000000E0
:10D0500000000000000000000000000000000000D0
:10D0600000000000000000000000000000000000C0
:10D0700000000000000000000000000000000000B0
:10D0800000000000000000000000000000000000A0
:10D090000000000000000000000000000000000090
:10D0A0000000000000000000000000000000000080
:10D0B0000000000000000000000000000000000070
:10D0C0000000000000000000000000000000000060
:10D0D0000000000000000000000000000000000050
:10D0E0000000000000000000000000000000000040
:10D0F0000000000000000000000000000000000030
:10D10000000000000000000000000000000000001F
:10D11000000000000000000000000000000000000F
:10D1200000000000000000000000000000000000FF
:10D1300000000000000000000000000000000000EF
:10D1400000000000000000000000000000000000DF
:10D1500000000000000000000000000000000000CF
:10D1600000000000000000000000000000000000BF
:10D1700000000000000000000000000000000000AF
:10D18000000000000000000000000000000000009F
:10D19000000000000000000000000000000000008F
:10D1A000000000000000000000000000000000007F
:10D1B000000000000000000000000000000000006F
:10D1C000000000000000000000000000000000005F
:10D1D000000000000000000000000000000000004F
:10D1E000000000000000000000000000000000003F
:10D1F000000000000000000000000000000000002F
:10D20000000000000000000000000000000000001E
:10D21000000000000000000000000000000000000E
:10D2200000000000000000000000000000000000FE
:10D2300000000000000000000000000000000000EE
:10D2400000000000000000000000000000000000DE
:10D2500000000000000000000000000000000000CE
:10D2600000000000000000000000000000000000BE
:10D2700000000000000000000000000000000000AE
:10D28000000000000000000000000000000000009E
:10D29000000000000000000000000000000000008E
:10D2A000000000000000000000000000000000007E
:10D2B000000000000000000000000000000000006E
:10D2C000000000000000000000000000000000005E
:10D2D000000000000000000000000000000000004E
:10D2E000000000000000000000000000000000003E
:10D2F000000000000000000000000000000000002E
:10D30000000000000000000000000000000000001D
:10D31000000000000000000000000000000000000D
:10D3200000000000000000000000000000000000FD
:10D3300000000000000000000000000000000000ED
:10D3400000000000000000000000000000000000DD
:10D3500000000000000000000000000000000000CD
:10D3600000000000000000000000000000000000BD
:10D3700000000000000000000000000000000000AD
:10D38000000000000000000000000000000000009D
:10D39000000000000000000000000000000000008D
:10D3A000000000000000000000000000000000007D
:10D3B000000000000000000000000000000000006D
:10D3C000000000000000000000000000000000005D
:10D3D000000000000000000000000000000000004D
:10D3E000000000000000000000000000000000003D
:10D3F000000000000000000000000000000000002D
:10D40000000000000000000000000000000000001C
:10D41000000000000000000000000000000000000C
:10D4200000000000000000000000000000000000FC
:10D4300000000000000000000000000000000000EC
:10D4400000000000000000000000000000000000DC
:10D4500000000000000000000000000000000000CC
:10D4600000000000000000000000000000000000BC
:10D4700000000000000000000000000000000000AC
:10D48000000000000000000000000000000000009C
:10D49000000000000000000000000000000000008C
:10D4A000000000000000000000000000000000007C
:10D4B000000000000000000000000000000000006C
:10D4C000000000000000000000000000000000005C
:10D4D000000000000000000000000000000000004C
:10D4E000000000000000000000000000000000003C
:10D4F000000000000000000000000000000000002C
:10D50000000000000000000000000000000000001B
:10D51000000000000000000000000000000000000B
:10D5200000000000000000000000000000000000FB
:10D5300000000000000000000000000000000000EB
:10D5400000000000000000000000000000000000DB
:10D5500000000000000000000000000000000000CB
:10D5600000000000000000000000000000000000BB
:10D5700000000000000000000000000000000000AB
:10D58000000000000000000000000000000000009B
:10D59000000000000000000000000000000000008B
:10D5A000000000000000000000000000000000007B
:10D5B000000000000000000000000000000000006B
:10D5C000000000000000000000000000000000005B
:10D5D000000000000000000000000000000000004B
:10D5E000000000000000000000000000000000003B
:10D5F000000000000000000000000000000000002B
:10D60000000000000000000000000000000000001A
:10D61000000000000000000000000000000000000A
:10D6200000000000000000000000000000000000FA
:10D6300000000000000000000000000000000000EA
:10D6400000000000000000000000000000000000DA
:10D6500000000000000000000000000000000000CA
:10D6600000000000000000000000000000000000BA
:10D6700000000000000000000000000000000000AA
:10D68000000000000000000000000000000000009A
:10D69000000000000000000000000000000000008A
:10D6A000000000000000000000000000000000007A
:10D6B000000000000000000000000000000000006A
:10D6C000000000000000000000000000000000005A
:10D6D000000000000000000000000000000000004A
:10D6E000000000000000000000000000000000003A
:10D6F000000000000000000000000000000000002A
:10D700000000000000000000000000000000000019
:10D710000000000000000000000000000000000009
:10D7200000000000000000000000000000000000F9
:10D7300000000000000000000000000000000000E9
:10D7400000000000000000000000000000000000D9
:10D7500000000000000000000000000000000000C9
:10D7600000000000000000000000000000000000B9
:10D7700000000000000000000000000000000000A9
:10D780000000000000000000000000000000000099
:10D790000000000000000000000000000000000089
:10D7A0000000000000000000000000000000000079
:10D7B0000000000000000000000000000000000069
:10D7C0000000000000000000000000000000000059
:10D7D0000000000000000000000000000000000049
:10D7E0000000000000000000000000000000000039
:10D7F0000000000000000000000000000000000029
:10D800000000000000000000000000000000000018
:10D810000000000000000000000000000000000008
:10D8200000000000000000000000000000000000F8
:10D8300000000000000000000000000000000000E8
:10D8400000000000000000000000000000000000D8
:10D8500000000000000000000000000000000000C8
:10D8600000000000000000000000000000000000B8
:10D8700000000000000000000000000000000000A8
:10D880000000000000000000000000000000000098
:10D890000000000000000000000000000000000088
:10D8A0000000000000000000000000000000000078
:10D8B0000000000000000000000000000000000068
:10D8C0000000000000000000000000000000000058
:10D8D0000000000000000000000000000000000048
:10D8E0000000000000000000000000000000000038
:10D8F0000000000000000000000000000000000028
:10D900000000000000000000000000000000000017
:10D910000000000000000000000000000000000007
:10D9200000000000000000000000000000000000F7
:10D9300000000000000000000000000000000000E7
:10D9400000000000000000000000000000000000D7
:10D9500000000000000000000000000000000000C7
:10D9600000000000000000000000000000000000B7
:10D9700000000000000000000000000000000000A7
:10D980000000000000000000000000000000000097
:10D990000000000000000000000000000000000087
:10D9A0000000000000000000000000000000000077
:10D9B0000000000000000000000000000000000067
:10D9C0000000000000000000000000000000000057
:10D9D0000000000000000000000000000000000047
:10D9E0000000000000000000000000000000000037
:10D9F0000000000000000000000000000000000027
:10DA00000000000000000000000000000000000016
:10DA10000000000000000000000000000000000006
:10DA200000000000000000000000000000000000F6
:10DA300000000000000000000000000000000000E6
:10DA400000000000000000000000000000000000D6
:10DA500000000000000000000000000000000000C6
:10DA600000000000000000000000000000000000B6
:10DA700000000000000000000000000000000000A6
:10DA80000000000000000000000000000000000096
:10DA90000000000000000000000000000000000086
:10DAA0000000000000000000000000000000000076
:10DAB0000000000000000000000000000000000066
:10DAC0000000000000000000000000000000000056
:10DAD0000000000000000000000000000000000046
:10DAE0000000000000000000000000000000000036
:10DAF0000000000000000000000000000000000026
:10DB00000000000000000000000000000000000015
:10DB10000000000000000000000000000000000005
:10DB200000000000000000000000000000000000F5
:10DB300000000000000000000000000000000000E5
:10DB400000000000000000000000000000000000D5
:10DB500000000000000000000000000000000000C5
:10DB600000000000000000000000000000000000B5
:10DB700000000000000000000000000000000000A5
:10DB80000000000000000000000000000000000095
:10DB90000000000000000000000000000000000085
:10DBA0000000000000000000000000000000000075
:10DBB0000000000000000000000000000000000065
:10DBC0000000000000000000000000000000000055
:10DBD0000000000000000000000000000000000045
:10DBE0000000000000000000000000000000000035
:10DBF0000000000000000000000000000000000025
:10DC00000000000000000000000000000000000014
:10DC10000000000000000000000000000000000004
:10DC200000000000000000000000000000000000F4
:10DC300000000000000000000000000000000000E4
:10DC400000000000000000000000000000000000D4
:10DC500000000000000000000000000000000000C4
:10DC600000000000000000000000000000000000B4
:10DC700000000000000000000000000000000000A4
:10DC80000000000000000000000000000000000094
:10DC90000000000000000000000000000000000084
:10DCA0000000000000000000000000000000000074
:10DCB0000000000000000000000000000000000064
:10DCC0000000000000000000000000000000000054
:10DCD0000000000000000000000000000000000044
:10DCE0000000000000000000000000000000000034
:10DCF0000000000000000000000000000000000024
:10DD00000000000000000000000000000000000013
:10DD10000000000000000000000000000000000003
:10DD200000000000000000000000000000000000F3
:10DD300000000000000000000000000000000000E3
:10DD400000000000000000000000000000000000D3
:10DD500000000000000000000000000000000000C3
:10DD600000000000000000000000000000000000B3
:10DD700000000000000000000000000000000000A3
:10DD80000000000000000000000000000000000093
:10DD90000000000000000000000000000000000083
:10DDA0000000000000000000000000000000000073
:10DDB0000000000000000000000000000000000063
:10DDC0000000000000000000000000000000000053
:10DDD0000000000000000000000000000000000043
:10DDE0000000000000000000000000000000000033
:10DDF0000000000000000000000000000000000023
:10DE00000000000000000000000000000000000012
:10DE10000000000000000000000000000000000002
:10DE200000000000000000000000000000000000F2
:10DE300000000000000000000000000000000000E2
:10DE400000000000000000000000000000000000D2
:10DE500000000000000000000000000000000000C2
:10DE600000000000000000000000000000000000B2
:10DE700000000000000000000000000000000000A2
:10DE80000000000000000000000000000000000092
:10DE90000000000000000000000000000000000082
:10DEA0000000000000000000000000000000000072
:10DEB0000000000000000000000000000000000062
:10DEC0000000000000000000000000000000000052
:10DED0000000000000000000000000000000000042
:10DEE0000000000000000000000000000000000032
:10DEF0000000000000000000000000000000000022
:10DF00000000000000000000000000000000000011
:10DF10000000000000000000000000000000000001
:10DF200000000000000000000000000000000000F1
:10DF300000000000000000000000000000000000E1
:10DF400000000000000000000000000000000000D1
:10DF500000000000000000000000000000000000C1
:10DF600000000000000000000000000000000000B1
:10DF700000000000000000000000000000000000A1
:10DF80000000000000000000000000000000000091
:10DF90000000000000000000000000000000000081
:10DFA0000000000000000000000000000000000071
:10DFB0000000000000000000000000000000000061
:10DFC0000000000000000000000000000000000051
:10DFD0000000000000000000000000000000000041
:10DFE0000000000000000000000000000000000031
:10DFF0000000000000000000000000000000000021
:10E000000000000000000000000000000000000010
:10E010000000000000000000000000000000000000
:10E0200000000000000000000000000000000000F0
:10E0300000000000000000000000000000000000E0
:10E0400000000000000000000000000000000000D0
:10E0500000000000000000000000000000000000C0
:10E0600000000000000000000000000000000000B0
:10E0700000000000000000000000000000000000A0
:10E080000000000000000000000000000000000090
:10E090000000000000000000000000000000000080
:10E0A0000000000000000000000000000000000070
:10E0B0000000000000000000000000000000000060
:10E0C0000000000000000000000000000000000050
:10E0D0000000000000000000000000000000000040
:10E0E0000000000000000000000000000000000030
:10E0F0000000000000000000000000000000000020
:10E10000000000000000000000000000000000000F
:10E1100000000000000000000000000000000000FF
:10E1200000000000000000000000000000000000EF
:10E1300000000000000000000000000000000000DF
:10E1400000000000000000000000000000000000CF
:10E1500000000000000000000000000000000000BF
:10E1600000000000000000000000000000000000AF
:10E17000000000000000000000000000000000009F
:10E18000000000000000000000000000000000008F
:10E19000000000000000000000000000000000007F
:10E1A000000000000000000000000000000000006F
:10E1B000000000000000000000000000000000005F
:10E1C000000000000000000000000000000000004F
:10E1D000000000000000000000000000000000003F
:10E1E000000000000000000000000000000000002F
:10E1F000000000000000000000000000000000001F
:10E20000000000000000000000000000000000000E
:10E2100000000000000000000000000000000000FE
:10E2200000000000000000000000000000000000EE
:10E2300000000000000000000000000000000000DE
:10E2400000000000000000000000000000000000CE
:10E2500000000000000000000000000000000000BE
:10E2600000000000000000000000000000000000AE
:10E27000000000000000000000000000000000009E
:10E28000000000000000000000000000000000008E
:10E29000000000000000000000000000000000007E
:10E2A000000000000000000000000000000000006E
:10E2B000000000000000000000000000000000005E
:10E2C000000000000000000000000000000000004E
:10E2D000000000000000000000000000000000003E
:10E2E000000000000000000000000000000000002E
:10E2F000000000000000000000000000000000001E
:10E30000000000000000000000000000000000000D
:10E3100000000000000000000000000000000000FD
:10E3200000000000000000000000000000000000ED
:10E3300000000000000000000000000000000000DD
:10E3400000000000000000000000000000000000CD
:10E3500000000000000000000000000000000000BD
:10E3600000000000000000000000000000000000AD
:10E37000000000000000000000000000000000009D
:10E38000000000000000000000000000000000008D
:10E39000000000000000000000000000000000007D
:10E3A000000000000000000000000000000000006D
:10E3B000000000000000000000000000000000005D
:10E3C000000000000000000000000000000000004D
:10E3D000000000000000000000000000000000003D
:10E3E000000000000000000000000000000000002D
:10E3F000000000000000000000000000000000001D
:10E40000000000000000000000000000000000000C
:10E4100000000000000000000000000000000000FC
:10E4200000000000000000000000000000000000EC
:10E4300000000000000000000000000000000000DC
:10E4400000000000000000000000000000000000CC
:10E4500000000000000000000000000000000000BC
:10E4600000000000000000000000000000000000AC
:10E47000000000000000000000000000000000009C
:10E48000000000000000000000000000000000008C
:10E49000000000000000000000000000000000007C
:10E4A000000000000000000000000000000000006C
:10E4B000000000000000000000000000000000005C
:10E4C000000000000000000000000000000000004C
:10E4D000000000000000000000000000000000003C
:10E4E000000000000000000000000000000000002C
:10E4F000000000000000000000000000000000001C
:10E50000000000000000000000000000000000000B
:10E5100000000000000000000000000000000000FB
:10E5200000000000000000000000000000000000EB
:10E5300000000000000000000000000000000000DB
:10E5400000000000000000000000000000000000CB
:10E5500000000000000000000000000000000000BB
:10E5600000000000000000000000000000000000AB
:10E57000000000000000000000000000000000009B
:10E58000000000000000000000000000000000008B
:10E59000000000000000000000000000000000007B
:10E5A000000000000000000000000000000000006B
:10E5B000000000000000000000000000000000005B
:10E5C000000000000000000000000000000000004B
:10E5D000000000000000000000000000000000003B
:10E5E000000000000000000000000000000000002B
:10E5F000000000000000000000000000000000001B
:10E60000000000000000000000000000000000000A
:10E6100000000000000000000000000000000000FA
:10E6200000000000000000000000000000000000EA
:10E6300000000000000000000000000000000000DA
:10E6400000000000000000000000000000000000CA
:10E6500000000000000000000000000000000000BA
:10E6600000000000000000000000000000000000AA
:10E67000000000000000000000000000000000009A
:10E68000000000000000000000000000000000008A
:10E69000000000000000000000000000000000007A
:10E6A000000000000000000000000000000000006A
:10E6B000000000000000000000000000000000005A
:10E6C000000000000000000000000000000000004A
:10E6D000000000000000000000000000000000003A
:10E6E000000000000000000000000000000000002A
:10E6F000000000000000000000000000000000001A
:10E700000000000000000000000000000000000009
:10E7100000000000000000000000000000000000F9
:10E7200000000000000000000000000000000000E9
:10E7300000000000000000000000000000000000D9
:10E7400000000000000000000000000000000000C9
:10E7500000000000000000000000000000000000B9
:10E7600000000000000000000000000000000000A9
:10E770000000000000000000000000000000000099
:10E780000000000000000000000000000000000089
:10E790000000000000000000000000000000000079
:10E7A0000000000000000000000000000000000069
:10E7B0000000000000000000000000000000000059
:10E7C0000000000000000000000000000000000049
:10E7D0000000000000000000000000000000000039
:10E7E0000000000000000000000000000000000029
:10E7F0000000000000000000000000000000000019
:10E800000000000000000000000000000000000008
:10E8100000000000000000000000000000000000F8
:10E8200000000000000000000000000000000000E8
:10E8300000000000000000000000000000000000D8
:10E8400000000000000000000000000000000000C8
:10E8500000000000000000000000000000000000B8
:10E8600000000000000000000000000000000000A8
:10E870000000000000000000000000000000000098
:10E880000000000000000000000000000000000088
:10E890000000000000000000000000000000000078
:10E8A0000000000000000000000000000000000068
:10E8B0000000000000000000000000000000000058
:10E8C0000000000000000000000000000000000048
:10E8D0000000000000000000000000000000000038
:10E8E0000000000000000000000000000000000028
:10E8F0000000000000000000000000000000000018
:10E900000000000000000000000000000000000007
:10E9100000000000000000000000000000000000F7
:10E9200000000000000000000000000000000000E7
:10E9300000000000000000000000000000000000D7
:10E9400000000000000000000000000000000000C7
:10E9500000000000000000000000000000000000B7
:10E9600000000000000000000000000000000000A7
:10E970000000000000000000000000000000000097
:10E980000000000000000000000000000000000087
:10E990000000000000000000000000000000000077
:10E9A0000000000000000000000000000000000067
:10E9B0000000000000000000000000000000000057
:10E9C0000000000000000000000000000000000047
:10E9D0000000000000000000000000000000000037
:10E9E0000000000000000000000000000000000027
:10E9F0000000000000000000000000000000000017
:10EA00000000000000000000000000000000000006
:10EA100000000000000000000000000000000000F6
:10EA200000000000000000000000000000000000E6
:10EA300000000000000000000000000000000000D6
:10EA400000000000000000000000000000000000C6
:10EA500000000000000000000000000000000000B6
:10EA600000000000000000000000000000000000A6
:10EA70000000000000000000000000000000000096
:10EA80000000000000000000000000000000000086
:10EA90000000000000000000000000000000000076
:10EAA0000000000000000000000000000000000066
:10EAB0000000000000000000000000000000000056
:10EAC0000000000000000000000000000000000046
:10EAD0000000000000000000000000000000000036
:10EAE0000000000000000000000000000000000026
:10EAF0000000000000000000000000000000000016
:10EB00000000000000000000000000000000000005
:10EB100000000000000000000000000000000000F5
:10EB200000000000000000000000000000000000E5
:10EB300000000000000000000000000000000000D5
:10EB400000000000000000000000000000000000C5
:10EB500000000000000000000000000000000000B5
:10EB600000000000000000000000000000000000A5
:10EB70000000000000000000000000000000000095
:10EB80000000000000000000000000000000000085
:10EB90000000000000000000000000000000000075
:10EBA0000000000000000000000000000000000065
:10EBB0000000000000000000000000000000000055
:10EBC0000000000000000000000000000000000045
:10EBD0000000000000000000000000000000000035
:10EBE0000000000000000000000000000000000025
:10EBF0000000000000000000000000000000000015
:10EC00000000000000000000000000000000000004
:10EC100000000000000000000000000000000000F4
:10EC200000000000000000000000000000000000E4
:10EC300000000000000000000000000000000000D4
:10EC400000000000000000000000000000000000C4
:10EC500000000000000000000000000000000000B4
:10EC600000000000000000000000000000000000A4
:10EC70000000000000000000000000000000000094
:10EC80000000000000000000000000000000000084
:10EC90000000000000000000000000000000000074
:10ECA0000000000000000000000000000000000064
:10ECB0000000000000000000000000000000000054
:10ECC0000000000000000000000000000000000044
:10ECD0000000000000000000000000000000000034
:10ECE0000000000000000000000000000000000024
:10ECF0000000000000000000000000000000000014
:10ED00000000000000000000000000000000000003
:10ED100000000000000000000000000000000000F3
:10ED200000000000000000000000000000000000E3
:10ED300000000000000000000000000000000000D3
:10ED400000000000000000000000000000000000C3
:10ED500000000000000000000000000000000000B3
:10ED600000000000000000000000000000000000A3
:10ED70000000000000000000000000000000000093
:10ED80000000000000000000000000000000000083
:10ED90000000000000000000000000000000000073
:10EDA0000000000000000000000000000000000063
:10EDB0000000000000000000000000000000000053
:10EDC0000000000000000000000000000000000043
:10EDD0000000000000000000000000000000000033
:10EDE0000000000000000000000000000000000023
:10EDF0000000000000000000000000000000000013
:10EE00000000000000000000000000000000000002
:10EE100000000000000000000000000000000000F2
:10EE200000000000000000000000000000000000E2
:10EE300000000000000000000000000000000000D2
:10EE400000000000000000000000000000000000C2
:10EE500000000000000000000000000000000000B2
:10EE600000000000000000000000000000000000A2
:10EE70000000000000000000000000000000000092
:10EE80000000000000000000000000000000000082
:10EE90000000000000000000000000000000000072
:10EEA0000000000000000000000000000000000062
:10EEB0000000000000000000000000000000000052
:10EEC0000000000000000000000000000000000042
:10EED0000000000000000000000000000000000032
:10EEE0000000000000000000000000000000000022
:10EEF0000000000000000000000000000000000012
:10EF00000000000000000000000000000000000001
:10EF100000000000000000000000000000000000F1
:10EF200000000000000000000000000000000000E1
:10EF300000000000000000000000000000000000D1
:10EF400000000000000000000000000000000000C1
:10EF500000000000000000000000000000000000B1
:10EF600000000000000000000000000000000000A1
:10EF70000000000000000000000000000000000091
:10EF80000000000000000000000000000000000081
:10EF90000000000000000000000000000000000071
:10EFA0000000000000000000000000000000000061
:10EFB0000000000000000000000000000000000051
:10EFC0000000000000000000000000000000000041
:10EFD0000000000000000000000000000000000031
:10EFE0000000000000000000000000000000000021
:10EFF0000000000000000000000000000000000011
:10F000000000000000000000000000000000000000
:10F0100000000000000000000000000000000000F0
:10F0200000000000000000000000000000000000E0
:10F0300000000000000000000000000000000000D0
:10F0400000000000000000000000000000000000C0
:10F0500000000000000000000000000000000000B0
:10F0600000000000000000000000000000000000A0
:10F070000000000000000000000000000000000090
:10F080000000000000000000000000000000000080
:10F090000000000000000000000000000000000070
:10F0A0000000000000000000000000000000000060
:10F0B0000000000000000000000000000000000050
:10F0C0000000000000000000000000000000000040
:10F0D0000000000000000000000000000000000030
:10F0E0000000000000000000000000000000000020
:10F0F0000000000000000000000000000000000010
:10F1000000000000000000000000000000000000FF
:10F1100000000000000000000000000000000000EF
:10F1200000000000000000000000000000000000DF
:10F1300000000000000000000000000000000000CF
:10F1400000000000000000000000000000000000BF
:10F1500000000000000000000000000000000000AF
:10F16000000000000000000000000000000000009F
:10F17000000000000000000000000000000000008F
:10F18000000000000000000000000000000000007F
:10F19000000000000000000000000000000000006F
:10F1A000000000000000000000000000000000005F
:10F1B000000000000000000000000000000000004F
:10F1C000000000000000000000000000000000003F
:10F1D000000000000000000000000000000000002F
:10F1E000000000000000000000000000000000001F
:10F1F000000000000000000000000000000000000F
:10F2000000000000000000000000000000000000FE
:10F2100000000000000000000000000000000000EE
:10F2200000000000000000000000000000000000DE
:10F2300000000000000000000000000000000000CE
:10F2400000000000000000000000000000000000BE
:10F2500000000000000000000000000000000000AE
:10F26000000000000000000000000000000000009E
:10F27000000000000000000000000000000000008E
:10F28000000000000000000000000000000000007E
:10F29000000000000000000000000000000000006E
:10F2A000000000000000000000000000000000005E
:10F2B000000000000000000000000000000000004E
:10F2C000000000000000000000000000000000003E
:10F2D000000000000000000000000000000000002E
:10F2E000000000000000000000000000000000001E
:10F2F000000000000000000000000000000000000E
:10F3000000000000000000000000000000000000FD
:10F3100000000000000000000000000000000000ED
:10F3200000000000000000000000000000000000DD
:10F3300000000000000000000000000000000000CD
:10F3400000000000000000000000000000000000BD
:10F3500000000000000000000000000000000000AD
:10F36000000000000000000000000000000000009D
:10F37000000000000000000000000000000000008D
:10F38000000000000000000000000000000000007D
:10F39000000000000000000000000000000000006D
:10F3A000000000000000000000000000000000005D
:10F3B000000000000000000000000000000000004D
:10F3C000000000000000000000000000000000003D
:10F3D000000000000000000000000000000000002D
:10F3E000000000000000000000000000000000001D
:10F3F000000000000000000000000000000000000D
:10F4000000000000000000000000000000000000FC
:10F4100000000000000000000000000000000000EC
:10F4200000000000000000000000000000000000DC
:10F4300000000000000000000000000000000000CC
:10F4400000000000000000000000000000000000BC
:10F4500000000000000000000000000000000000AC
:10F46000000000000000000000000000000000009C
:10F47000000000000000000000000000000000008C
:10F48000000000000000000000000000000000007C
:10F49000000000000000000000000000000000006C
:10F4A000000000000000000000000000000000005C
:10F4B000000000000000000000000000000000004C
:10F4C000000000000000000000000000000000003C
:10F4D000000000000000000000000000000000002C
:10F4E000000000000000000000000000000000001C
:10F4F000000000000000000000000000000000000C
:10F5000000000000000000000000000000000000FB
:10F5100000000000000000000000000000000000EB
:10F5200000000000000000000000000000000000DB
:10F5300000000000000000000000000000000000CB
:10F5400000000000000000000000000000000000BB
:10F5500000000000000000000000000000000000AB
:10F56000000000000000000000000000000000009B
:10F57000000000000000000000000000000000008B
:10F58000000000000000000000000000000000007B
:10F59000000000000000000000000000000000006B
:10F5A000000000000000000000000000000000005B
:10F5B000000000000000000000000000000000004B
:10F5C000000000000000000000000000000000003B
:10F5D000000000000000000000000000000000002B
:10F5E000000000000000000000000000000000001B
:10F5F000000000000000000000000000000000000B
:10F6000000000000000000000000000000000000FA
:10F6100000000000000000000000000000000000EA
:10F6200000000000000000000000000000000000DA
:10F6300000000000000000000000000000000000CA
:10F6400000000000000000000000000000000000BA
:10F6500000000000000000000000000000000000AA
:10F66000000000000000000000000000000000009A
:10F67000000000000000000000000000000000008A
:10F68000000000000000000000000000000000007A
:10F69000000000000000000000000000000000006A
:10F6A000000000000000000000000000000000005A
:10F6B000000000000000000000000000000000004A
:10F6C000000000000000000000000000000000003A
:10F6D000000000000000000000000000000000002A
:10F6E000000000000000000000000000000000001A
:10F6F000000000000000000000000000000000000A
:10F7000000000000000000000000000000000000F9
:10F7100000000000000000000000000000000000E9
:10F7200000000000000000000000000000000000D9
:10F7300000000000000000000000000000000000C9
:10F7400000000000000000000000000000000000B9
:10F7500000000000000000000000000000000000A9
:10F760000000000000000000000000000000000099
:10F770000000000000000000000000000000000089
:10F780000000000000000000000000000000000079
:10F790000000000000000000000000000000000069
:10F7A0000000000000000000000000000000000059
:10F7B0000000000000000000000000000000000049
:10F7C0000000000000000000000000000000000039
:10F7D0000000000000000000000000000000000029
:10F7E0000000000000000000000000000000000019
:10F7F0000000000000000000000000000000000009
:10F8000000000000000000000000000000000000F8
:10F8100000000000000000000000000000000000E8
:10F8200000000000000000000000000000000000D8
:10F8300000000000000000000000000000000000C8
:10F8400000000000000000000000000000000000B8
:10F8500000000000000000000000000000000000A8
:10F860000000000000000000000000000000000098
:10F870000000000000000000000000000000000088
:10F880000000000000000000000000000000000078
:10F890000000000000000000000000000000000068
:10F8A0000000000000000000000000000000000058
:10F8B0000000000000000000000000000000000048
:10F8C0000000000000000000000000000000000038
:10F8D0000000000000000000000000000000000028
:10F8E0000000000000000000000000000000000018
:10F8F0000000000000000000000000000000000008
:10F9000000000000000000000000000000000000F7
:10F9100000000000000000000000000000000000E7
:10F9200000000000000000000000000000000000D7
:10F9300000000000000000000000000000000000C7
:10F9400000000000000000000000000000000000B7
:10F9500000000000000000000000000000000000A7
:10F960000000000000000000000000000000000097
:10F970000000000000000000000000000000000087
:10F980000000000000000000000000000000000077
:10F990000000000000000000000000000000000067
:10F9A0000000000000000000000000000000000057
:10F9B0000000000000000000000000000000000047
:10F9C0000000000000000000000000000000000037
:10F9D0000000000000000000000000000000000027
:10F9E0000000000000000000000000000000000017
:10F9F0000000000000000000000000000000000007
:10FA000000000000000000000000000000000000F6
:10FA100000000000000000000000000000000000E6
:10FA200000000000000000000000000000000000D6
:10FA300000000000000000000000000000000000C6
:10FA400000000000000000000000000000000000B6
:10FA500000000000000000000000000000000000A6
:10FA60000000000000000000000000000000000096
:10FA70000000000000000000000000000000000086
:10FA80000000000000000000000000000000000076
:10FA90000000000000000000000000000000000066
:10FAA0000000000000000000000000000000000056
:10FAB0000000000000000000000000000000000046
:10FAC0000000000000000000000000000000000036
:10FAD0000000000000000000000000000000000026
:10FAE0000000000000000000000000000000000016
:10FAF0000000000000000000000000000000000006
:10FB000000000000000000000000000000000000F5
:10FB100000000000000000000000000000000000E5
:10FB200000000000000000000000000000000000D5
:10FB300000000000000000000000000000000000C5
:10FB400000000000000000000000000000000000B5
:10FB500000000000000000000000000000000000A5
:10FB60000000000000000000000000000000000095
:10FB70000000000000000000000000000000000085
:10FB80000000000000000000000000000000000075
:10FB90000000000000000000000000000000000065
:10FBA0000000000000000000000000000000000055
:10FBB0000000000000000000000000000000000045
:10FBC0000000000000000000000000000000000035
:10FBD0000000000000000000000000000000000025
:10FBE0000000000000000000000000000000000015
:10FBF0000000000000000000000000000000000005
:10FC000000000000000000000000000000000000F4
:10FC100000000000000000000000000000000000E4
:10FC200000000000000000000000000000000000D4
:10FC300000000000000000000000000000000000C4
:10FC400000000000000000000000000000000000B4
:10FC500000000000000000000000000000000000A4
:10FC60000000000000000000000000000000000094
:10FC70000000000000000000000000000000000084
:10FC80000000000000000000000000000000000074
:10FC90000000000000000000000000000000000064
:10FCA0000000000000000000000000000000000054
:10FCB0000000000000000000000000000000000044
:10FCC0000000000000000000000000000000000034
:10FCD0000000000000000000000000000000000024
:10FCE0000000000000000000000000000000000014
:10FCF0000000000000000000000000000000000004
:10FD000000000000000000000000000000000000F3
:10FD100000000000000000000000000000000000E3
:10FD200000000000000000000000000000000000D3
:10FD300000000000000000000000000000000000C3
:10FD400000000000000000000000000000000000B3
:10FD500000000000000000000000000000000000A3
:10FD60000000000000000000000000000000000093
:10FD70000000000000000000000000000000000083
:10FD80000000000000000000000000000000000073
:10FD90000000000000000000000000000000000063
:10FDA0000000000000000000000000000000000053
:10FDB0000000000000000000000000000000000043
:10FDC0000000000000000000000000000000000033
:10FDD0000000000000000000000000000000000023
:10FDE0000000000000000000000000000000000013
:10FDF0000000000000000000000000000000000003
:10FE000000000000000000000000000000000000F2
:10FE100000000000000000000000000000000000E2
:10FE200000000000000000000000000000000000D2
:10FE300000000000000000000000000000000000C2
:10FE400000000000000000000000000000000000B2
:10FE500000000000000000000000000000000000A2
:10FE60000000000000000000000000000000000092
:10FE70000000000000000000000000000000000082
:10FE80000000000000000000000000000000000072
:10FE90000000000000000000000000000000000062
:10FEA0000000000000000000000000000000000052
:10FEB0000000000000000000000000000000000042
:10FEC0000000000000000000000000000000000032
:10FED0000000000000000000000000000000000022
:10FEE0000000000000000000000000000000000012
:10FEF0000000000000000000000000000000000002
:10FF000000000000000000000000000000000000F1
:10FF100000000000000000000000000000000000E1
:10FF200000000000000000000000000000000000D1
:10FF300000000000000000000000000000000000C1
:10FF400000000000000000000000000000000000B1
:10FF500000000000000000000000000000000000A1
:10FF60000000000000000000000000000000000091
:10FF70000000000000000000000000000000000081
:10FF80000000000000000000000000000000000071
:10FF90000000000000000000000000000000000061
:10FFA0000000000000000000000000000000000051
:10FFB0000000000000000000000000000000000041
:10FFC0000000000000000000000000000000000031
:10FFD0000000000000000000000000000000000021
:10FFE0000000000000000000000000000000000011
:10FFF0000000000000000000000000000000000001
:020000040005F5
:1000000000000000000000000000000000000000F0
:1000100000000000000000000000000000000000E0
:1000200000000000000000000000000000000000D0
:1000300000000000000000000000000000000000C0
:1000400000000000000000000000000000000000B0
:1000500000000000000000000000000000000000A0
:100060000000000000000000000000000000000090
:100070000000000000000000000000000000000080
:100080000000000000000000000000000000000070
:100090000000000000000000000000000000000060
:1000A0000000000000000000000000000000000050
:1000B0000000000000000000000000000000000040
:1000C0000000000000000000000000000000000030
:1000D0000000000000000000000000000000000020
:1000E0000000000000000000000000000000000010
:1000F0000000000000000000000000000000000000
:1001000000000000000000000000000000000000EF
:1001100000000000000000000000000000000000DF
:1001200000000000000000000000000000000000CF
:1001300000000000000000000000000000000000BF
:1001400000000000000000000000000000000000AF
:10015000000000000000000000000000000000009F
:10016000000000000000000000000000000000008F
:10017000000000000000000000000000000000007F
:10018000000000000000000000000000000000006F
:10019000000000000000000000000000000000005F
:1001A000000000000000000000000000000000004F
:1001B000000000000000000000000000000000003F
:1001C000000000000000000000000000000000002F
:1001D000000000000000000000000000000000001F
:1001E000000000000000000000000000000000000F
:1001F00000000000000000000000000000000000FF
:1002000000000000000000000000000000000000EE
:1002100000000000000000000000000000000000DE
:1002200000000000000000000000000000000000CE
:1002300000000000000000000000000000000000BE
:1002400000000000000000000000000000000000AE
:10025000000000000000000000000000000000009E
:10026000000000000000000000000000000000008E
:10027000000000000000000000000000000000007E
:10028000000000000000000000000000000000006E
:10029000000000000000000000000000000000005E
:1002A000000000000000000000000000000000004E
:1002B000000000000000000000000000000000003E
:1002C000000000000000000000000000000000002E
:1002D000000000000000000000000000000000001E
:1002E000000000000000000000000000000000000E
:1002F00000000000000000000000000000000000FE
:1003000000000000000000000000000000000000ED
:1003100000000000000000000000000000000000DD
:1003200000000000000000000000000000000000CD
:1003300000000000000000000000000000000000BD
:1003400000000000000000000000000000000000AD
:10035000000000000000000000000000000000009D
:10036000000000000000000000000000000000008D
:10037000000000000000000000000000000000007D
:10038000000000000000000000000000000000006D
:10039000000000000000000000000000000000005D
:1003A000000000000000000000000000000000004D
:1003B000000000000000000000000000000000003D
:1003C000000000000000000000000000000000002D
:1003D000000000000000000000000000000000001D
:1003E000000000000000000000000000000000000D
:1003F00000000000000000000000000000000000FD
:1004000000000000000000000000000000000000EC
:1004100000000000000000000000000000000000DC
:1004200000000000000000000000000000000000CC
:1004300000000000000000000000000000000000BC
:1004400000000000000000000000000000000000AC
:10045000000000000000000000000000000000009C
:10046000000000000000000000000000000000008C
:10047000000000000000000000000000000000007C
:10048000000000000000000000000000000000006C
:10049000000000000000000000000000000000005C
:1004A000000000000000000000000000000000004C
:1004B000000000000000000000000000000000003C
:1004C000000000000000000000000000000000002C
:1004D000000000000000000000000000000000001C
:1004E000000000000000000000000000000000000C
:1004F00000000000000000000000000000000000FC
:1005000000000000000000000000000000000000EB
:1005100000000000000000000000000000000000DB
:1005200000000000000000000000000000000000CB
:1005300000000000000000000000000000000000BB
:1005400000000000000000000000000000000000AB
:10055000000000000000000000000000000000009B
:10056000000000000000000000000000000000008B
:10057000000000000000000000000000000000007B
:10058000000000000000000000000000000000006B
:10059000000000000000000000000000000000005B
:1005A000000000000000000000000000000000004B
:1005B000000000000000000000000000000000003B
:1005C000000000000000000000000000000000002B
:1005D000000000000000000000000000000000001B
:1005E000000000000000000000000000000000000B
:1005F00000000000000000000000000000000000FB
:1006000000000000000000000000000000000000EA
:1006100000000000000000000000000000000000DA
:1006200000000000000000000000000000000000CA
:1006300000000000000000000000000000000000BA
:1006400000000000000000000000000000000000AA
:10065000000000000000000000000000000000009A
:10066000000000000000000000000000000000008A
:10067000000000000000000000000000000000007A
:10068000000000000000000000000000000000006A
:10069000000000000000000000000000000000005A
:1006A000000000000000000000000000000000004A
:1006B000000000000000000000000000000000003A
:1006C000000000000000000000000000000000002A
:1006D000000000000000000000000000000000001A
:1006E000000000000000000000000000000000000A
:1006F00000000000000000000000000000000000FA
:1007000000000000000000000000000000000000E9
:1007100000000000000000000000000000000000D9
:1007200000000000000000000000000000000000C9
:1007300000000000000000000000000000000000B9
:1007400000000000000000000000000000000000A9
:100750000000000000000000000000000000000099
:100760000000000000000000000000000000000089
:100770000000000000000000000000000000000079
:100780000000000000000000000000000000000069
:100790000000000000000000000000000000000059
:1007A0000000000000000000000000000000000049
:1007B0000000000000000000000000000000000039
:1007C0000000000000000000000000000000000029
:1007D0000000000000000000000000000000000019
:1007E0000000000000000000000000000000000009
:1007F00000000000000000000000000000000000F9
:1008000000000000000000000000000000000000E8
:1008100000000000000000000000000000000000D8
:1008200000000000000000000000000000000000C8
:1008300000000000000000000000000000000000B8
:1008400000000000000000000000000000000000A8
:100850000000000000000000000000000000000098
:100860000000000000000000000000000000000088
:100870000000000000000000000000000000000078
:100880000000000000000000000000000000000068
:100890000000000000000000000000000000000058
:1008A0000000000000000000000000000000000048
:1008B0000000000000000000000000000000000038
:1008C0000000000000000000000000000000000028
:1008D0000000000000000000000000000000000018
:1008E0000000000000000000000000000000000008
:1008F00000000000000000000000000000000000F8
:1009000000000000000000000000000000000000E7
:1009100000000000000000000000000000000000D7
:1009200000000000000000000000000000000000C7
:1009300000000000000000000000000000000000B7
:1009400000000000000000000000000000000000A7
:100950000000000000000000000000000000000097
:100960000000000000000000000000000000000087
:100970000000000000000000000000000000000077
:100980000000000000000000000000000000000067
:100990000000000000000000000000000000000057
:1009A0000000000000000000000000000000000047
:1009B0000000000000000000000000000000000037
:1009C0000000000000000000000000000000000027
:1009D0000000000000000000000000000000000017
:1009E0000000000000000000000000000000000007
:1009F00000000000000000000000000000000000F7
:100A000000000000000000000000000000000000E6
:100A100000000000000000000000000000000000D6
:100A200000000000000000000000000000000000C6
:100A300000000000000000000000000000000000B6
:100A400000000000000000000000000000000000A6
:100A50000000000000000000000000000000000096
:100A60000000000000000000000000000000000086
:100A70000000000000000000000000000000000076
:100A80000000000000000000000000000000000066
:100A90000000000000000000000000000000000056
:100AA0000000000000000000000000000000000046
:100AB0000000000000000000000000000000000036
:100AC0000000000000000000000000000000000026
:100AD0000000000000000000000000000000000016
:100AE0000000000000000000000000000000000006
:100AF00000000000000000000000000000000000F6
:100B000000000000000000000000000000000000E5
:100B100000000000000000000000000000000000D5
:100B200000000000000000000000000000000000C5
:100B300000000000000000000000000000000000B5
:100B400000000000000000000000000000000000A5
:100B50000000000000000000000000000000000095
:100B60000000000000000000000000000000000085
:100B70000000000000000000000000000000000075
:100B80000000000000000000000000000000000065
:100B90000000000000000000000000000000000055
:100BA0000000000000000000000000000000000045
:100BB0000000000000000000000000000000000035
:100BC0000000000000000000000000000000000025
:100BD0000000000000000000000000000000000015
:100BE0000000000000000000000000000000000005
:100BF00000000000000000000000000000000000F5
:100C000000000000000000000000000000000000E4
:100C100000000000000000000000000000000000D4
:100C200000000000000000000000000000000000C4
:100C300000000000000000000000000000000000B4
:100C400000000000000000000000000000000000A4
:100C50000000000000000000000000000000000094
:100C60000000000000000000000000000000000084
:100C70000000000000000000000000000000000074
:100C80000000000000000000000000000000000064
:100C90000000000000000000000000000000000054
:100CA0000000000000000000000000000000000044
:100CB0000000000000000000000000000000000034
:100CC0000000000000000000000000000000000024
:100CD0000000000000000000000000000000000014
:100CE0000000000000000000000000000000000004
:100CF00000000000000000000000000000000000F4
:100D000000000000000000000000000000000000E3
:100D100000000000000000000000000000000000D3
:100D200000000000000000000000000000000000C3
:100D300000000000000000000000000000000000B3
:100D400000000000000000000000000000000000A3
:100D50000000000000000000000000000000000093
:100D60000000000000000000000000000000000083
:100D70000000000000000000000000000000000073
:100D80000000000000000000000000000000000063
:100D90000000000000000000000000000000000053
:100DA0000000000000000000000000000000000043
:100DB0000000000000000000000000000000000033
:100DC0000000000000000000000000000000000023
:100DD0000000000000000000000000000000000013
:100DE0000000000000000000000000000000000003
:100DF00000000000000000000000000000000000F3
:100E000000000000000000000000000000000000E2
:100E100000000000000000000000000000000000D2
:100E200000000000000000000000000000000000C2
:100E300000000000000000000000000000000000B2
:100E400000000000000000000000000000000000A2
:100E50000000000000000000000000000000000092
:100E60000000000000000000000000000000000082
:100E70000000000000000000000000000000000072
:100E80000000000000000000000000000000000062
:100E90000000000000000000000000000000000052
:100EA0000000000000000000000000000000000042
:100EB0000000000000000000000000000000000032
:100EC0000000000000000000000000000000000022
:100ED0000000000000000000000000000000000012
:100EE0000000000000000000000000000000000002
:100EF00000000000000000000000000000000000F2
:100F000000000000000000000000000000000000E1
:100F100000000000000000000000000000000000D1
:100F200000000000000000000000000000000000C1
:100F300000000000000000000000000000000000B1
:100F400000000000000000000000000000000000A1
:100F50000000000000000000000000000000000091
:100F60000000000000000000000000000000000081
:100F70000000000000000000000000000000000071
:100F80000000000000000000000000000000000061
:100F90000000000000000000000000000000000051
:100FA0000000000000000000000000000000000041
:100FB0000000000000000000000000000000000031
:100FC0000000000000000000000000000000000021
:100FD0000000000000000000000000000000000011
:100FE0000000000000000000000000000000000001
:100FF00000000000000000000000000000000000F1
:1010000000000000000000000000000000000000E0
:1010100000000000000000000000000000000000D0
:1010200000000000000000000000000000000000C0
:1010300000000000000000000000000000000000B0
:1010400000000000000000000000000000000000A0
:101050000000000000000000000000000000000090
:101060000000000000000000000000000000000080
:101070000000000000000000000000000000000070
:101080000000000000000000000000000000000060
:101090000000000000000000000000000000000050
:1010A0000000000000000000000000000000000040
:1010B0000000000000000000000000000000000030
:1010C0000000000000000000000000000000000020
:1010D0000000000000000000000000000000000010
:1010E0000000000000000000000000000000000000
:1010F00000000000000000000000000000000000F0
:1011000000000000000000000000000000000000DF
:1011100000000000000000000000000000000000CF
:1011200000000000000000000000000000000000BF
:1011300000000000000000000000000000000000AF
:10114000000000000000000000000000000000009F
:10115000000000000000000000000000000000008F
:10116000000000000000000000000000000000007F
:10117000000000000000000000000000000000006F
:10118000000000000000000000000000000000005F
:10119000000000000000000000000000000000004F
:1011A000000000000000000000000000000000003F
:1011B000000000000000000000000000000000002F
:1011C000000000000000000000000000000000001F
:1011D000000000000000000000000000000000000F
:1011E00000000000000000000000000000000000FF
:1011F00000000000000000000000000000000000EF
:1012000000000000000000000000000000000000DE
:1012100000000000000000000000000000000000CE
:1012200000000000000000000000000000000000BE
:1012300000000000000000000000000000000000AE
:10124000000000000000000000000000000000009E
:10125000000000000000000000000000000000008E
:10126000000000000000000000000000000000007E
:10127000000000000000000000000000000000006E
:10128000000000000000000000000000000000005E
:10129000000000000000000000000000000000004E
:1012A000000000000000000000000000000000003E
:1012B000000000000000000000000000000000002E
:1012C000000000000000000000000000000000001E
:1012D000000000000000000000000000000000000E
:1012E00000000000000000000000000000000000FE
:1012F00000000000000000000000000000000000EE
:1013000000000000000000000000000000000000DD
:1013100000000000000000000000000000000000CD
:1013200000000000000000000000000000000000BD
:1013300000000000000000000000000000000000AD
:10134000000000000000000000000000000000009D
:10135000000000000000000000000000000000008D
:10136000000000000000000000000000000000007D
:10137000000000000000000000000000000000006D
:10138000000000000000000000000000000000005D
:10139000000000000000000000000000000000004D
:1013A000000000000000000000000000000000003D
:1013B000000000000000000000000000000000002D
:1013C000000000000000000000000000000000001D
:1013D000000000000000000000000000000000000D
:1013E00000000000000000000000000000000000FD
:1013F00000000000000000000000000000000000ED
:1014000000000000000000000000000000000000DC
:1014100000000000000000000000000000000000CC
:1014200000000000000000000000000000000000BC
:1014300000000000000000000000000000000000AC
:10144000000000000000000000000000000000009C
:10145000000000000000000000000000000000008C
:10146000000000000000000000000000000000007C
:10147000000000000000000000000000000000006C
:10148000000000000000000000000000000000005C
:10149000000000000000000000000000000000004C
:1014A000000000000000000000000000000000003C
:1014B000000000000000000000000000000000002C
:1014C000000000000000000000000000000000001C
:1014D000000000000000000000000000000000000C
:1014E00000000000000000000000000000000000FC
:1014F00000000000000000000000000000000000EC
:1015000000000000000000000000000000000000DB
:1015100000000000000000000000000000000000CB
:1015200000000000000000000000000000000000BB
:1015300000000000000000000000000000000000AB
:10154000000000000000000000000000000000009B
:10155000000000000000000000000000000000008B
:10156000000000000000000000000000000000007B
:10157000000000000000000000000000000000006B
:10158000000000000000000000000000000000005B
:10159000000000000000000000000000000000004B
:1015A000000000000000000000000000000000003B
:1015B000000000000000000000000000000000002B
:1015C000000000000000000000000000000000001B
:1015D000000000000000000000000000000000000B
:1015E00000000000000000000000000000000000FB
:1015F00000000000000000000000000000000000EB
:1016000000000000000000000000000000000000DA
:1016100000000000000000000000000000000000CA
:1016200000000000000000000000000000000000BA
:1016300000000000000000000000000000000000AA
:10164000000000000000000000000000000000009A
:10165000000000000000000000000000000000008A
:10166000000000000000000000000000000000007A
:10167000000000000000000000000000000000006A
:10168000000000000000000000000000000000005A
:10169000000000000000000000000000000000004A
:1016A000000000000000000000000000000000003A
:1016B000000000000000000000000000000000002A
:1016C000000000000000000000000000000000001A
:1016D000000000000000000000000000000000000A
:1016E00000000000000000000000000000000000FA
:1016F00000000000000000000000000000000000EA
:1017000000000000000000000000000000000000D9
:1017100000000000000000000000000000000000C9
:1017200000000000000000000000000000000000B9
:1017300000000000000000000000000000000000A9
:101740000000000000000000000000000000000099
:101750000000000000000000000000000000000089
:101760000000000000000000000000000000000079
:101770000000000000000000000000000000000069
:101780000000000000000000000000000000000059
:101790000000000000000000000000000000000049
:1017A0000000000000000000000000000000000039
:1017B0000000000000000000000000000000000029
:1017C0000000000000000000000000000000000019
:1017D0000000000000000000000000000000000009
:1017E00000000000000000000000000000000000F9
:1017F00000000000000000000000000000000000E9
:1018000000000000000000000000000000000000D8
:1018100000000000000000000000000000000000C8
:1018200000000000000000000000000000000000B8
:1018300000000000000000000000000000000000A8
:101840000000000000000000000000000000000098
:101850000000000000000000000000000000000088
:101860000000000000000000000000000000000078
:101870000000000000000000000000000000000068
:101880000000000000000000000000000000000058
:101890000000000000000000000000000000000048
:1018A0000000000000000000000000000000000038
:1018B0000000000000000000000000000000000028
:1018C0000000000000000000000000000000000018
:1018D0000000000000000000000000000000000008
:1018E00000000000000000000000000000000000F8
:1018F00000000000000000000000000000000000E8
:1019000000000000000000000000000000000000D7
:1019100000000000000000000000000000000000C7
:1019200000000000000000000000000000000000B7
:1019300000000000000000000000000000000000A7
:101940000000000000000000000000000000000097
:101950000000000000000000000000000000000087
:101960000000000000000000000000000000000077
:101970000000000000000000000000000000000067
:101980000000000000000000000000000000000057
:101990000000000000000000000000000000000047
:1019A0000000000000000000000000000000000037
:1019B0000000000000000000000000000000000027
:1019C0000000000000000000000000000000000017
:1019D0000000000000000000000000000000000007
:1019E00000000000000000000000000000000000F7
:1019F00000000000000000000000000000000000E7
:101A000000000000000000000000000000000000D6
:101A100000000000000000000000000000000000C6
:101A200000000000000000000000000000000000B6
:101A300000000000000000000000000000000000A6
:101A40000000000000000000000000000000000096
:101A50000000000000000000000000000000000086
:101A60000000000000000000000000000000000076
:101A70000000000000000000000000000000000066
:101A80000000000000000000000000000000000056
:101A90000000000000000000000000000000000046
:101AA0000000000000000000000000000000000036
:101AB0000000000000000000000000000000000026
:101AC0000000000000000000000000000000000016
:101AD0000000000000000000000000000000000006
:101AE00000000000000000000000000000000000F6
:101AF00000000000000000000000000000000000E6
:101B000000000000000000000000000000000000D5
:101B100000000000000000000000000000000000C5
:101B200000000000000000000000000000000000B5
:101B300000000000000000000000000000000000A5
:101B40000000000000000000000000000000000095
:101B50000000000000000000000000000000000085
:101B60000000000000000000000000000000000075
:101B70000000000000000000000000000000000065
:101B80000000000000000000000000000000000055
:101B90000000000000000000000000000000000045
:101BA0000000000000000000000000000000000035
:101BB0000000000000000000000000000000000025
:101BC0000000000000000000000000000000000015
:101BD0000000000000000000000000000000000005
:101BE00000000000000000000000000000000000F5
:101BF00000000000000000000000000000000000E5
:101C000000000000000000000000000000000000D4
:101C100000000000000000000000000000000000C4
:101C200000000000000000000000000000000000B4
:101C300000000000000000000000000000000000A4
:101C40000000000000000000000000000000000094
:101C50000000000000000000000000000000000084
:101C60000000000000000000000000000000000074
:101C70000000000000000000000000000000000064
:101C80000000000000000000000000000000000054
:101C90000000000000000000000000000000000044
:101CA0000000000000000000000000000000000034
:101CB0000000000000000000000000000000000024
:101CC0000000000000000000000000000000000014
:101CD0000000000000000000000000000000000004
:101CE00000000000000000000000000000000000F4
:101CF00000000000000000000000000000000000E4
:101D000000000000000000000000000000000000D3
:101D100000000000000000000000000000000000C3
:101D200000000000000000000000000000000000B3
:101D300000000000000000000000000000000000A3
:101D40000000000000000000000000000000000093
:101D50000000000000000000000000000000000083
:101D60000000000000000000000000000000000073
:101D70000000000000000000000000000000000063
:101D80000000000000000000000000000000000053
:101D90000000000000000000000000000000000043
:101DA0000000000000000000000000000000000033
:101DB0000000000000000000000000000000000023
:101DC0000000000000000000000000000000000013
:101DD0000000000000000000000000000000000003
:101DE00000000000000000000000000000000000F3
:101DF00000000000000000000000000000000000E3
:101E000000000000000000000000000000000000D2
:101E100000000000000000000000000000000000C2
:101E200000000000000000000000000000000000B2
:101E300000000000000000000000000000000000A2
:101E40000000000000000000000000000000000092
:101E50000000000000000000000000000000000082
:101E60000000000000000000000000000000000072
:101E70000000000000000000000000000000000062
:101E80000000000000000000000000000000000052
:101E90000000000000000000000000000000000042
:101EA0000000000000000000000000000000000032
:101EB0000000000000000000000000000000000022
:101EC0000000000000000000000000000000000012
:101ED0000000000000000000000000000000000002
:101EE00000000000000000000000000000000000F2
:101EF00000000000000000000000000000000000E2
:101F000000000000000000000000000000000000D1
:101F100000000000000000000000000000000000C1
:101F200000000000000000000000000000000000B1
:101F300000000000000000000000000000000000A1
:101F40000000000000000000000000000000000091
:101F50000000000000000000000000000000000081
:101F60000000000000000000000000000000000071
:101F70000000000000000000000000000000000061
:101F80000000000000000000000000000000000051
:101F90000000000000000000000000000000000041
:101FA0000000000000000000000000000000000031
:101FB0000000000000000000000000000000000021
:101FC0000000000000000000000000000000000011
:101FD0000000000000000000000000000000000001
:101FE00000000000000000000000000000000000F1
:101FF00000000000000000000000000000000000E1
:1020000000000000000000000000000000000000D0
:1020100000000000000000000000000000000000C0
:1020200000000000000000000000000000000000B0
:1020300000000000000000000000000000000000A0
:102040000000000000000000000000000000000090
:102050000000000000000000000000000000000080
:102060000000000000000000000000000000000070
:102070000000000000000000000000000000000060
:102080000000000000000000000000000000000050
:102090000000000000000000000000000000000040
:1020A0000000000000000000000000000000000030
:1020B0000000000000000000000000000000000020
:1020C0000000000000000000000000000000000010
:1020D0000000000000000000000000000000000000
:1020E00000000000000000000000000000000000F0
:1020F00000000000000000000000000000000000E0
:1021000000000000000000000000000000000000CF
:1021100000000000000000000000000000000000BF
:1021200000000000000000000000000000000000AF
:10213000000000000000000000000000000000009F
:10214000000000000000000000000000000000008F
:10215000000000000000000000000000000000007F
:10216000000000000000000000000000000000006F
:10217000000000000000000000000000000000005F
:10218000000000000000000000000000000000004F
:10219000000000000000000000000000000000003F
:1021A000000000000000000000000000000000002F
:1021B000000000000000000000000000000000001F
:1021C000000000000000000000000000000000000F
:1021D00000000000000000000000000000000000FF
:1021E00000000000000000000000000000000000EF
:1021F00000000000000000000000000000000000DF
:1022000000000000000000000000000000000000CE
:1022100000000000000000000000000000000000BE
:1022200000000000000000000000000000000000AE
:10223000000000000000000000000000000000009E
:10224000000000000000000000000000000000008E
:10225000000000000000000000000000000000007E
:10226000000000000000000000000000000000006E
:10227000000000000000000000000000000000005E
:10228000000000000000000000000000000000004E
:10229000000000000000000000000000000000003E
:1022A000000000000000000000000000000000002E
:1022B000000000000000000000000000000000001E
:1022C000000000000000000000000000000000000E
:1022D00000000000000000000000000000000000FE
:1022E00000000000000000000000000000000000EE
:1022F00000000000000000000000000000000000DE
:1023000000000000000000000000000000000000CD
:1023100000000000000000000000000000000000BD
:1023200000000000000000000000000000000000AD
:10233000000000000000000000000000000000009D
:10234000000000000000000000000000000000008D
:10235000000000000000000000000000000000007D
:10236000000000000000000000000000000000006D
:10237000000000000000000000000000000000005D
:10238000000000000000000000000000000000004D
:10239000000000000000000000000000000000003D
:1023A000000000000000000000000000000000002D
:1023B000000000000000000000000000000000001D
:1023C000000000000000000000000000000000000D
:1023D00000000000000000000000000000000000FD
:1023E00000000000000000000000000000000000ED
:1023F00000000000000000000000000000000000DD
:1024000000000000000000000000000000000000CC
:1024100000000000000000000000000000000000BC
:1024200000000000000000000000000000000000AC
:10243000000000000000000000000000000000009C
:10244000000000000000000000000000000000008C
:10245000000000000000000000000000000000007C
:10246000000000000000000000000000000000006C
:10247000000000000000000000000000000000005C
:10248000000000000000000000000000000000004C
:10249000000000000000000000000000000000003C
:1024A000000000000000000000000000000000002C
:1024B000000000000000000000000000000000001C
:1024C000000000000000000000000000000000000C
:1024D00000000000000000000000000000000000FC
:1024E00000000000000000000000000000000000EC
:1024F00000000000000000000000000000000000DC
:1025000000000000000000000000000000000000CB
:1025100000000000000000000000000000000000BB
:1025200000000000000000000000000000000000AB
:10253000000000000000000000000000000000009B
:10254000000000000000000000000000000000008B
:10255000000000000000000000000000000000007B
:10256000000000000000000000000000000000006B
:10257000000000000000000000000000000000005B
:10258000000000000000000000000000000000004B
:10259000000000000000000000000000000000003B
:1025A000000000000000000000000000000000002B
:1025B000000000000000000000000000000000001B
:1025C000000000000000000000000000000000000B
:1025D00000000000000000000000000000000000FB
:1025E00000000000000000000000000000000000EB
:1025F00000000000000000000000000000000000DB
:1026000000000000000000000000000000000000CA
:1026100000000000000000000000000000000000BA
:1026200000000000000000000000000000000000AA
:10263000000000000000000000000000000000009A
:10264000000000000000000000000000000000008A
:10265000000000000000000000000000000000007A
:10266000000000000000000000000000000000006A
:10267000000000000000000000000000000000005A
:10268000000000000000000000000000000000004A
:10269000000000000000000000000000000000003A
:1026A000000000000000000000000000000000002A
:1026B000000000000000000000000000000000001A
:1026C000000000000000000000000000000000000A
:1026D00000000000000000000000000000000000FA
:1026E00000000000000000000000000000000000EA
:1026F00000000000000000000000000000000000DA
:1027000000000000000000000000000000000000C9
:1027100000000000000000000000000000000000B9
:1027200000000000000000000000000000000000A9
:102730000000000000000000000000000000000099
:102740000000000000000000000000000000000089
:102750000000000000000000000000000000000079
:102760000000000000000000000000000000000069
:102770000000000000000000000000000000000059
:102780000000000000000000000000000000000049
:102790000000000000000000000000000000000039
:1027A0000000000000000000000000000000000029
:1027B0000000000000000000000000000000000019
:1027C0000000000000000000000000000000000009
:1027D00000000000000000000000000000000000F9
:1027E00000000000000000000000000000000000E9
:1027F00000000000000000000000000000000000D9
:1028000000000000000000000000000000000000C8
:1028100000000000000000000000000000000000B8
:1028200000000000000000000000000000000000A8
:102830000000000000000000000000000000000098
:102840000000000000000000000000000000000088
:102850000000000000000000000000000000000078
:102860000000000000000000000000000000000068
:102870000000000000000000000000000000000058
:102880000000000000000000000000000000000048
:102890000000000000000000000000000000000038
:1028A0000000000000000000000000000000000028
:1028B0000000000000000000000000000000000018
:1028C0000000000000000000000000000000000008
:1028D00000000000000000000000000000000000F8
:1028E00000000000000000000000000000000000E8
:1028F00000000000000000000000000000000000D8
:1029000000000000000000000000000000000000C7
:1029100000000000000000000000000000000000B7
:1029200000000000000000000000000000000000A7
:102930000000000000000000000000000000000097
:102940000000000000000000000000000000000087
:102950000000000000000000000000000000000077
:102960000000000000000000000000000000000067
:102970000000000000000000000000000000000057
:102980000000000000000000000000000000000047
:102990000000000000000000000000000000000037
:1029A0000000000000000000000000000000000027
:1029B0000000000000000000000000000000000017
:1029C0000000000000000000000000000000000007
:1029D00000000000000000000000000000000000F7
:1029E00000000000000000000000000000000000E7
:1029F00000000000000000000000000000000000D7
:102A000000000000000000000000000000000000C6
:102A100000000000000000000000000000000000B6
:102A200000000000000000000000000000000000A6
:102A30000000000000000000000000000000000096
:102A40000000000000000000000000000000000086
:102A50000000000000000000000000000000000076
:102A60000000000000000000000000000000000066
:102A70000000000000000000000000000000000056
:102A80000000000000000000000000000000000046
:102A90000000000000000000000000000000000036
:102AA0000000000000000000000000000000000026
:102AB0000000000000000000000000000000000016
:102AC0000000000000000000000000000000000006
:102AD00000000000000000000000000000000000F6
:102AE00000000000000000000000000000000000E6
:102AF00000000000000000000000000000000000D6
:102B000000000000000000000000000000000000C5
:102B100000000000000000000000000000000000B5
:102B200000000000000000000000000000000000A5
:102B30000000000000000000000000000000000095
:102B40000000000000000000000000000000000085
:102B50000000000000000000000000000000000075
:102B60000000000000000000000000000000000065
:102B70000000000000000000000000000000000055
:102B80000000000000000000000000000000000045
:102B9000E0800000002400D00000000000000000E1
:102BA0000000000000000000000000000000000025
:102BB00000000002011000410000000000000000C1
:102BC0000000000000000000000000000000000005
:102BD00000000000000000000000000000000000F5
:102BE00000000000000000000000000000000000E5
:102BF00000000000000000000000000000000000D5
:102C000000000000000000000000000000000000C4
:102C100000000000000000000000000000000000B4
:102C200000000000000000000000000000000000A4
:102C30000000000000000000000000000000000094
:102C40000000000000000000000000000000000084
:102C50000000000000000000000000000000000074
:102C60000000000000000000000000000000000064
:102C70000000000000000000000000000000000054
:102C80000000000000000000000000000000000044
:102C9000E0800000002400D0E0800000002400D08C
:102CA000E0800000002400D0E0800000002400D07C
:102CB0000000000000000000000000000000000014
:102CC0000000000000000000000000000000000004
:102CD00000000000000000000000000000000000F4
:102CE00000000000000000000000000000000000E4
:102CF00000000000000000000000000000000000D4
:102D0000E0800000002400D0E0800000002400D01B
:102D1000E0800000002400D0E0800000002400D00B
:102D200000000000000000000000000000000000A3
:102D30000000000000000000000000000000000093
:102D40000000000000000000000000000000000083
:102D50000000000000000000000000000000000073
:102D60000000000000000000000000000000000063
:102D70000000000000000000000000000000000053
:102D80000000000000000000000000000000000043
:102D90000000000000000000000000000000000033
:102DA0000000000000000000000000000000000023
:102DB0000000000000000000000000000000000013
:102DC0000000000000000000000000000000000003
:102DD00000000000000000000000000000000000F3
:102DE00000000000000000000000000000000000E3
:102DF00000000000000000000000000000000000D3
:102E000000000000000000000000000000000000C2
:102E100000000000000000000000000000000000B2
:102E200000000000000000000000000000000000A2
:102E30000000000000000000000000000000000092
:102E40000000000000000000000000000000000082
:102E50000000000000000000000000000000000072
:102E60000000000000000000000000000000000062
:102E70000000000000000000000000000000000052
:102E8000E0800000002400D0E0800000002400D09A
:102E9000E0800000002400D00000000000000000DE
:102EA0000000000000000000000000000000000022
:102EB00001800000006C007001800000006C007058
:102EC0000000000000000000000000000000000002
:102ED00000000000000000000000000000000000F2
:102EE00000000000000000000000000000000000E2
:102EF00000000000000000000000000000000000D2
:102F000000000000000000000000000000000000C1
:102F100000000000000000000000000000000000B1
:102F200001800000006C007001800000006C0070E7
:102F3000000000000000000001800000006C007034
:102F40000000000000000000000000000000000081
:102F50000000000000000000000000000000000071
:102F6000000000000004000000000000000000005D
:102F700001800000006C0070E0800000002400D0A0
:102F8000E0800000002400D0E0800000002400D099
:102F90000000000000000000000000000000000031
:102FA0000000000000000000000000000000000021
:102FB0000000000000000000000000000000000011
:102FC000E0800000002400D0E0800000002400D059
:102FD000E0800000002400D0E0800000002400D049
:102FE0000180000000880060E1800000008800602F
:102FF000E0800000002400D0E0800000002400D029
:103000000180000000880060000000000000000057
:1030100000000000000000000000000000000000B0
:1030200000000000000000000000000000000000A0
:103030000000000000000000000000000000000090
:103040000000000000000000000000000000000080
:103050000000000000000000E0800000002400D01C
:1030600001800000008800600000000000000000F7
:103070000000000000000000000000000000000050
:103080000000000000000000000000000000000040
:103090000000000000000000000000000000000030
:1030A0000000000000000000000000000000000020
:1030B0000000000000000000000000000000000010
:1030C0000000000000000000000000000000000000
:1030D00000000000000000000000000000000000F0
:1030E00000000000000000000000000000000000E0
:1030F00000000000000000000000000000000000D0
:1031000000000000000000000000000000000000BF
:1031100000000000000000000000000000000000AF
:10312000000000000000000000000000000000009F
:10313000000000000000000000000000000000008F
:10314000000000000000000000000000000000007F
:10315000018000000088006001800000008800609D
:10316000018000000088006001800000008800608D
:10317000018000000088006001800000008800607D
:10318000000000000000000000000000000000003F
:10319000000000000000000000000000000000002F
:1031A000000000000000000000000000000000001F
:1031B000000000000000000000000000000000000F
:1031C00000000000000000000000000000000000FF
:1031D00000000000000000000000000000000000EF
:1031E00000000000000000000000000000000000DF
:1031F00001800000008800600180000000880060FD
:103200000000001046230400040004000400040031
:10321000040004000400040004000400040004008E
:10322000040004000400040004000400040004007E
:103230000400040004000C44007000E80C850080C9
:103240000A0600000041AE9E0000000000000000E1
:10325000000000000000000000000000000000006E
:10326000000000000000000000000000000000005E
:10327000000000000000000000000000000000004E
:10328000000000000000000000000000000000003E
:10329000000000000000000000000000000000002E
:1032A000000000000000000000000000000000001E
:1032B000000000000000000000000000000000000E
:1032C0000000000000000000FFFFFFFFFFFFFFFF06
:1032D000FFFFFFFFFFFFFFFFFFFFFFFFFFFFFFFFFE
:1032E000FFFFFFFFFFFFFFFFFFFFFFFFFFFFFFFFEE
:1032F000FFFFFFFFFFFFFFFFFFFFFFFFFFFFFFFFDE
:10330000FFFFFFFFFFFFFFFFFFFFFFFFFFFFFFFFCD
:10331000FFFFFFFFFFFFFFFFFFFFFFFFFFFFFFFFBD
:10332000FFFFFFFFFFFFFFFFFFFFFFFFFFFFFFFFAD
:10333000FFFFFFFFFFFFFFFFFFFFFFFFFFFFFFFF9D
:10334000FFFFFFFFFFFFFFFFFFFF0048910A0C4454
:10335000802000E80A060000004100000000000094
:10336000000000000000000000000000000000005D
:10337000000000000000000000000000000000004D
:10338000000000000000000000000000000000003D
:10339000000000000000000000000000000000002D
:1033A000000000000000000000000000000000001D
:1033B000000000000000000000007975AEDE000093
:1033C00000000000000000000000000000000000FD
:1033D000000000000000000000007B75FFFFFFFF01
:1033E000FFFFFFFFFFFFFFFFFFFFFFFFFFFFFFFFED
:1033F000FFFFFFFFFFFFFFFFFFFFFFFFFFFFFFFFDD
:10340000FFFFFFFFFFFFFFFFFFFFFFFFFFFFFFFFCC
:10341000FFFFFFFFFFFFFFFFFFFFFFFFFFFFFFFFBC
:10342000FFFFFFFFFFFFFFFFFFFFFFFFFFFFFFFFAC
:10343000FFFFFFFFFFFFFFFFFFFFFFFFFFFFFFFF9C
:10344000FFFFFFFFFFFFFFFFFFFFFFFFFFFFFFFF8C
:10345000FFFFFFFFFFFFFFFFFFFFFFFFFFFF00DC9E
:10346000FD520C44807000E80A0600000041000094
:10347000000000000000000000000000000000004C
:103480000000000000000000000000000000AE9EF0
:10349000000000000000000000000000000000002C
:1034A000000000000000000000000000000000001C
:1034B000AEDE000000000000000000000000000080
:1034C00000000000000000000000000000007B750C
:1034D000AEDE000000000000000000000000000060
:1034E00000000000000000000000000000007B75EC
:1034F000FFFFFFFFFFFFFFFFFFFFFFFFFFFFFFFFDC
:10350000FFFFFFFFFFFFFFFFFFFFFFFFFFFFFFFFCB
:10351000FFFFFFFFFFFFFFFFFFFFFFFFFFFFFFFFBB
:10352000FFFFFFFFFFFFFFFFFFFFFFFFFFFFFFFFAB
:10353000FFFFFFFFFFFFFFFFFFFFFFFFFFFFFFFF9B
:10354000FFFFFFFFFFFFFFFFFFFFFFFFFFFFFFFF8B
:10355000FFFFFFFFFFFFFFFFFFFFFFFFFFFFFFFF7B
:10356000FFFFFFFFFFFFFFFFFFFFFFFFFFFFFFFF6B
:10357000FFFF00E0C91F0C44C02000E80A0600005D
:1035800000410000000000000000000000000000FA
:10359000000000000000000000000000000000002B
:1035A000000000000000000000000000000000001B
:1035B000000000000000000000000000000000000B
:1035C00079750000AEDE0000000000000000000081
:1035D00000000000000000000000000000000000EB
:1035E00000007B75000000000000000000000000EB
:1035F00000000000000000000000000000000000CB
:1036000000000000FFFFFFFFFFFFFFFFFFFFFFFFC6
:10361000FFFFFFFFFFFFFFFFFFFFFFFFFFFFFFFFBA
:10362000FFFFFFFFFFFFFFFFFFFFFFFFFFFFFFFFAA
:10363000FFFFFFFFFFFFFFFFFFFFFFFFFFFFFFFF9A
:10364000FFFFFFFFFFFFFFFFFFFFFFFFFFFFFFFF8A
:10365000FFFFFFFFFFFFFFFFFFFFFFFFFFFFFFFF7A
:10366000FFFFFFFFFFFFFFFFFFFFFFFFFFFFFFFF6A
:10367000FFFFFFFFFFFFFFFFFFFFFFFFFFFFFFFF5A
:10368000FFFFFFFFFFFF005413A80C44C07000E8C9
:103690000A060000004100000000000000000000D9
:1036A000000000000000000000000000000000001A
:1036B000000000000000000000000000000000000A
:1036C00000000000000000000000000000000000FA
:1036D0000000000079750000AEDE00000000000070
:1036E00000000000000000000000000000000000DA
:1036F0000000000000007B750000000000000000DA
:1037000000000000000000000000000000000000B9
:103710000000000000000000FFFFFFFFFFFFFFFFB1
:10372000FFFFFFFFFFFFFFFFFFFFFFFFFFFFFFFFA9
:10373000FFFFFFFFFFFFFFFFFFFFFFFFFFFFFFFF99
:10374000FFFFFFFFFFFFFFFFFFFFFFFFFFFFFFFF89
:10375000FFFFFFFFFFFFFFFFFFFFFFFFFFFFFFFF79
:10376000FFFFFFFFFFFFFFFFFFFFFFFFFFFFFFFF69
:10377000FFFFFFFFFFFFFFFFFFFFFFFFFFFFFFFF59
:10378000FFFFFFFFFFFFFFFFFFFFFFFFFFFFFFFF49
:10379000FFFFFFFFFFFFFFFFFFFF0068C2930C85E5
:1037A00000500C8500C004000400040004000C85D7
:1037B00000500C8500A00C8700FF0C8300810C409A
:1037C00000F814790C8500B0040004000400040023
:1037D00004000400040004000400040004000400C9
:0437E00004000400DD
:00000001FF
