:020000040000FA
:10000000FFFFFFFFFFFFFFFFFFFFFFFFFFFFFFFF00
:100010005599AA660C8500E004008C85C0018C828D
:10002000BC108C8690778C43200008C90C8700F3A5
:100030000C83008104000400040004000400040098
:100040000400040004000400040004000400040090
:10005000040004000400CC813C138C8110812C84AA
:1000600000004C8000F88C87FFFFCC8400A0CC827D
:100070000020CC8080004C8600004C8100004C8524
:1000800000004C8300004C870000CC85D847CC434F
:1000900000000000040004000C44000000000C8577
:1000A00000800A06004019B50000000000000000B2
:1000B0000000000000000000000000000000000040
:1000C0000000000000000000000000000000000030
:1000D0000000000000000000000000000000000020
:1000E0000000000000000000000000000000000010
:1000F0000000000000000000000000000000000000
:1001000000000000000000000000000000000000EF
:1001100000000000000000000000000000000000DF
:1001200000000000000000000000000000000000CF
:1001300000000000000000000000000000000000BF
:1001400000000000000000000000000000000000AF
:10015000000000000000000000000000000000009F
:10016000000000000000000000000000004000004F
:10017000004000000000000000000000000000003F
:10018000000000000000000000000000000000006F
:10019000000000000000000000000000000000005F
:1001A000000000000000000000000000000000004F
:1001B000000000000000000000000000000000003F
:1001C000000000000000000000000000000000002F
:1001D000000000000000000000000000000000001F
:1001E000000000000000000000000000000000000F
:1001F00000000020000000000000000000000000DF
:1002000000000000000000000000000000000000EE
:1002100000000000000000000000000000000000DE
:1002200000000000000000000000000000000000CE
:100230000000000000002500000000000000000099
:1002400000000000000000000000000000000000AE
:10025000000000000000000000000000000000009E
:10026000000000000000000000000000000000008E
:10027000000000000000000000000000000000007E
:10028000000000000000000000000000000000006E
:10029000000000000000000000000000000000005E
:1002A000000000000000000000000000000000004E
:1002B000040000000000000000000000000000003A
:1002C000000000000000000000000000000004002A
:1002D000000000000000000000000000000000001E
:1002E0000000000000000000000000000000080006
:1002F00000000000000000000000000000000000FE
:1003000000000000000000000000000000000000ED
:1003100000000000000000000000000000000000DD
:1003200000000000000000000000000000000000CD
:1003300000000000000000000000000000000000BD
:1003400000000000000000000000000000000000AD
:10035000000000000000000000000000000000009D
:10036000000000000000000000000000000000008D
:10037000000000400000000000000000000000003D
:10038000000000000000000000000000000000006D
:10039000000000000000000000000000000000005D
:1003A000000000000000000000000000000000004D
:1003B000000000000000000000000000000000003D
:1003C000000000000000000000000000000000002D
:1003D000000000200020000000400000000000009D
:1003E000000000000000000000000000000000000D
:1003F00000000000000000200000000000000000DD
:1004000000000000000000000000000000000000EC
:10041000000000000000002000000000000000219B
:1004200000000000000000000000000000000000CC
:1004300000000000000000410041004100100020C9
:1004400000400041004100000000002000000021A9
:100450000020000000000000000000000008000074
:10046000000000000000000000000000000000008C
:10047000000000000000000000000000000000007C
:10048000000000000000000000000000000000006C
:1004900000000000000000000080000000000000DC
:1004A00000900000000000000000000000000000BC
:1004B0000000000000000000118811200000000072
:1004C00000000000000000400000000000000000EC
:1004D000000000000000000000000000000000001C
:1004E0000004000000000000000000000000000008
:1004F00000000000000000000000000000000000FC
:1005000000000000000000000000000000000000EB
:1005100000000000000000040000000000000000D7
:1005200000000000000000000000000000000000CB
:100530000000000000000000000000008800000033
:1005400000000000000000000000000000000000AB
:10055000000000000000000000000000000000009B
:10056000000000000000000000000000000000008B
:10057000000000000000000000000000000000007B
:10058000000000000000000000000000000000006B
:10059000000000000000000000000000000000005B
:1005A000000000000000000000000000000000004B
:1005B000000000000000000000000000000000003B
:1005C000000000000000000000000000000000002B
:1005D000000000000000000000000000100000000B
:1005E000000000000000000000000000000000000B
:1005F00000000000000000002100000000000000DA
:1006000000000000000000100000000000000000DA
:1006100000000000000000000000000000000001D9
:1006200000000000000000000000000000000000CA
:1006300000000000000000000000000000000000BA
:10064000A0008200A000A000004082000000000086
:100650000000000000000005000000000000000095
:10066000000000000000000000000000000000008A
:10067000000000000000840000000000A000000056
:10068000000000008200000000000000C000000028
:10069000000000000000000000000000000000005A
:1006A0000010000000000800000000000000000032
:1006B000000000000000000000000000000000003A
:1006C0000000000000002100000000000000000009
:1006D000000000000000000000000000000000001A
:1006E0000800000000000000000000000000000002
:1006F00000000000000000000000000000001000EA
:1007000000000000000000000000000000000000E9
:1007100000000000000000000000000000000200D7
:1007200010000000000000000000000000000000B9
:1007300000000000000000000000000000000000B9
:1007400000000000000000000000000000000000A9
:100750000000000000000000000000000000000099
:100760000000000000000000000000000000000089
:100770000000000000000000000000000000000079
:100780000000000000000000000000000000000069
:100790000000000000000000000000000000000059
:1007A0000000000000000000000000000000000049
:1007B0000000000000000000000000000000000039
:1007C0000000000000000800000000000000000021
:1007D0000000100000000000000000000000000009
:1007E0000000000000000000000000000000000009
:1007F00000000000410000000000000000000000B8
:1008000000000000000000000000000000000000E8
:1008100000000000000000000000000000000000D8
:100820000000000000000000000000000000800048
:1008300000000000000000000000000000000000B8
:10084000000000000000A00408000800A040000014
:1008500084000000A00400000000000084000000EC
:100860000000000000000000000000000000000088
:100870000000000082000000A0000000A0000000B6
:100880000000000000000000000000000000000068
:100890000000000000050000000000000000A000B3
:1008A00000000000000000000000000082000400C2
:1008B00008000000A0000000000000000000000090
:1008C0000000000000000000000000000000000028
:1008D0000000000000000000000000000000000018
:1008E0000000000000000000000000000000000008
:1008F00000000000000000000000000000000000F8
:1009000000000000000000000000000000000000E7
:1009100000000000000000000000000000000000D7
:1009200000000000000000000000000000000000C7
:10093000890000000000000004000000000000002A
:1009400000000000000000000000000000000000A7
:100950000000000000000000000000000000000097
:100960000000000000000000000000000000000087
:100970000000000000000000000000000000000077
:100980000000000000000000000000000000000067
:100990000000000000000000000000000000000057
:1009A0000000000000000000000000000000000047
:1009B000000008000000000000000400000000002B
:1009C0000000000000000000000000000000000027
:1009D0000000000000000000000000000000000017
:1009E0000000000000000000000000000000000007
:1009F00000000000000000000000000000000000F7
:100A000000000000000000000000000000000000E6
:100A100000000000000000000000000000000000D6
:100A200000000000000000000000000000000000C6
:100A300000000000000000000000000000000000B6
:100A400000000000000000000000000000000000A6
:100A50000000000000000000000000000000000096
:100A60000000000000000000000000000000000086
:100A70000000000000000000000000000000000076
:100A80000000000000000000000000000000000066
:100A90000000000000000000000000000000000056
:100AA0000000000000000000000000000000000046
:100AB0000000000000000000000000000000000036
:100AC0000000000000000000000000000000000026
:100AD0000000000000000000000000000000000016
:100AE0000000000000000000000000000000000006
:100AF00000000000000000000000000000000000F6
:100B000000000000000000000000000000000000E5
:100B100000000000000000000000000000000000D5
:100B200000000000000000000000000000000000C5
:100B300000000000000000000000000000000000B5
:100B400000000000000000000000000000000000A5
:100B50000000000000000000000000000000000095
:100B60000000000000000000000000000000000085
:100B70000000000000000000000000000000000075
:100B80000000000000000000000000000000000065
:100B90000000000000000000000000000000000055
:100BA0000000000000000000000000000000000045
:100BB0000000000000000000000000000000000035
:100BC0000000000000000000000000000000000025
:100BD0000000000000000000000000000000000015
:100BE0000000000000000000000000000000000005
:100BF00000000000000000000000000000000000F5
:100C000000000000000000000000000000000000E4
:100C10000000000000400000000000000000000094
:100C200000000000000000000000000000000000C4
:100C300000000000000000000000000000000000B4
:100C400000000000000000000000000000000000A4
:100C50000000000000000000000000000000000094
:100C60000000000000000000000000000000000084
:100C70000000000000000000000000000000000074
:100C80000000000000000000000000000000000064
:100C90000000000000000000000000000000000054
:100CA0000000000000000000000000000000000044
:100CB0000000000000000000000000000000000034
:100CC0000000000000000000000000000000000024
:100CD0000000000000000000000000000000000014
:100CE0000000000000000000000000000000000004
:100CF00000000000000000000000000000000000F4
:100D000000000000000000000000000000000000E3
:100D100000000000000000000000000000000000D3
:100D200000000000000000000000000000000000C3
:100D3000000000000000000000000660000000004D
:100D40000BD08241000000000BD00000000000002A
:100D50000000000000000000000000000000000093
:100D60000000000000000000000000000000000083
:100D70000000000000000000000000000000000073
:100D80000000000000000000000000000000000063
:100D90000000000000000000000000000000000053
:100DA0000000000000000000000000000000000043
:100DB0000000000000000000000000000000000033
:100DC0000000000000000000000000000000000023
:100DD0000000000000000000000000000000000013
:100DE0000000000000000000000000000000000003
:100DF00000000000000000000000000000000000F3
:100E000000000000000000000000000000000000E2
:100E100000000000000000000000000000000000D2
:100E200000000000000000000000000000000000C2
:100E300000000000000000000000000000000208A8
:100E40002081008000000208208100800000000056
:100E50000000000000000000000000000000000092
:100E60000000000000000000000000000000000082
:100E70000000000000000000000000000000000072
:100E80000000000000000000000000000000000062
:100E90000000000000000000000000000000000052
:100EA0000000000000000000000000000000000042
:100EB0000000000000000000000000000000000032
:100EC0000000000000000000000000000000000022
:100ED00000000000000000000000000000008C0086
:100EE0000000000000000000000000000000000002
:100EF00000000000000000000000000000000000F2
:100F000000000000000000000000000000000000E1
:100F100000000000000000000000000000000000D1
:100F200000000000000000000000000000000000C1
:100F300000000000000000000000000000000000B1
:100F400000000000021008400000000002100840ED
:100F50000000000000000000000000000000000091
:100F60000000000000000000000000000000000081
:100F70000000000000000000000000000000000071
:100F80000000000000000000000000000000000061
:100F90000000000000000000000000000000000051
:100FA0000000000000000000000000000000000041
:100FB0000000000000000000000000000000000031
:100FC0000000000000000000000000000000000021
:100FD0000000000000000000000000000000000011
:100FE0000000000000000000000000000000000001
:100FF00000000000000000000000000000000000F1
:1010000000000000000000000000000000000000E0
:1010100000000000000000000000000000000000D0
:1010200000000000000000000000000000000000C0
:1010300000000000000000000000000000000000B0
:1010400000000000000000000000000000000000A0
:101050000000000000000000000000000000000090
:101060000000000000000000000000000000000080
:101070000000000000000000000000000000000070
:101080000000000000000000000000000000000060
:101090000000000000000000000000000000000050
:1010A0000000000000000000000000000000000040
:1010B0000000000000000000000000000000000030
:1010C0000000000000000000000000000000000020
:1010D0000000000000000000000000000000000010
:1010E0000000000000000000000000000000000000
:1010F00000000000000000000000000000000000F0
:1011000000000000000000000000000000000000DF
:1011100000000000000000000000000000000000CF
:1011200000000000000000000000000000000000BF
:1011300000000000000000000000000000000000AF
:10114000000000000000000000000001000000009E
:10115000800000010000000080000000000000008E
:10116000000000000000000000000000000000007F
:10117000000000000000000000000000000000006F
:10118000000000000000000000000000000000005F
:10119000000000000000000000000000000000004F
:1011A000000000000000000000000000000000003F
:1011B000000000000000000000000000000000002F
:1011C00000000000000000000000000000009090FF
:1011D00000000000000090900000000000000000EF
:1011E00000000000000000000000000002000400F9
:1011F00000000000000000000400000004000000E7
:1012000004000400000004000400000004000400C6
:1012100002001100020000000000000000000000B9
:1012200000001104020000000000000000000000A7
:10123000000004000400000008000000000000009E
:10124000000000000000000000000000000000009E
:10125000000000000000000000000000000000008E
:10126000000000000000000000000000000000007E
:10127000000000000000000000000000000000006E
:10128000000000000000000000000000000000005E
:10129000000000000000010000000000000000004D
:1012A000000000000080000000000000000000C0FE
:1012B000000000000000000000000100000000002D
:1012C000000000000000000000000000000000001E
:1012D000000000000000000000000000000000000E
:1012E00000000000000000000000000000000000FE
:1012F00000A0110004010010000000010000002007
:1013000000040001000180040020000000009101A1
:10131000000000008000802000100000000000009D
:101320000000000200000004001000000000001097
:101330000000400040040004000300118000000091
:101340000000802120010020800500000001000035
:10135000A00100002020202020000000000000004C
:10136000000000000000000000000000000000007D
:10137000000004100041024000210410000200217E
:10138000001000900002000402898400000000099F
:10139000042000400010021004900040840000006F
:1013A00000210010009000000090002100200009A2
:1013B00000000000010001A100A1048400900800C9
:1013C000000000402090010400C120900021002076
:1013D00000000540000001800180010000000000C5
:1013E00000000000000000000000000000000000FD
:1013F0000000000080A000100010800000200020ED
:10140000002000000002000400010011000000A004
:1014100000040000000000C00000002000040004E0
:1014200000048004000000400010000400000010D0
:10143000000000C000000020002000200020000468
:101440000040000080880000001000100090008222
:1014500000000000000400200000800404000010D0
:10146000002000000000000000000000000000005C
:1014700000000000000008000005002108000082B4
:101480000082008200000080008000020040000016
:10149000000000000000000000000000008000804C
:1014A0000480008004800000000010001080000014
:1014B000000000000000000000800080008000802C
:1014C00000000000000020000000008000800000FC
:1014D00000000000000000800000000004801100F7
:1014E000008000000000000000000000000000007C
:1014F00000000000000000000501000000000000E6
:1015000000000000000010010000001000000201B7
:1015100010008300800041000004000400008420CB
:101520000010080409004100100300098000A10018
:10153000800004000400A100000010011000080059
:10154000020000100810000003000304000505015C
:10155000800010000000000005000005000480006D
:101560000005000000000001000000000000000075
:10157000000000000000000000002010002010000B
:1015800000000041000000000020000010000000EA
:1015900001020000200020210000008000800000E7
:1015A0002180C00001801000C01000A000A0040035
:1015B0000400040001000100040000000004000019
:1015C0000000000000C1C180C0000005008000A034
:1015D000000420000041000000000000C0840080E2
:1015E0002000008400000000002000000000000037
:1015F00000000000000000000000000083404103E4
:101600000800900005A0000002200000000000007B
:1016100005C00040000000880000000200A0000299
:101620000840002000044104000441100000400272
:1016300000A021040300410010004100000003004D
:1016400000000002100010000800000041002020EF
:1016500021A0082021200000040011C0002000204B
:1016600000042188002000000000000000000000AD
:1016700000000000000000000000000000000880E2
:1016800000C0000002000000000000800000000018
:1016900000000000008000000000000000000000CA
:1016A000000000000080000000000080000000003A
:1016B0000180000000800000000000000000000029
:1016C0000000000000800000000001000000000099
:1016D0000000000000000080000001000000000089
:1016E00000800080C000008000000000002000009A
:1016F00000000000000000000000000000000000EA
:10170000100000A002A00300002000842020004060
:101710000040000100400084201020102010200014
:1017200000A000840885000000C0008409000000BB
:101730008000C0038090A00583209020C1208521D7
:1017400000008000800080008084800088C08300CA
:1017500091200001000080901000000041C00000B6
:101760002000000000900000050000000090000034
:1017700000900000000000000000000000000000D9
:101780000000022102000000C04182C1000041802F
:101790004021000000200011000041050105010565
:1017A000C1058400000000048405000000008400DE
:1017B0000000040005820400058420802080208031
:1017C000208400000400040004000400200521001F
:1017D00020412080A0040000200582000800C000F5
:1017E00000000900000000001000000000001000D0
:1017F0000000C00000000000000000000000000029
:101800000000000003038983020411050910001081
:101810000041400400004010000000001010804112
:1018200003110909080900092100040800090091B1
:1018300000001008084080C040C0101140404080A7
:101840004140110200000000008440000000000040
:10185000890000000000110800A0800208080000B4
:1018600080001100000010020009000800100000B4
:1018700080001100000000000000000000000000D7
:1018800000000000000003A0040203880090900004
:101890000000C00001000000000110000000010174
:1018A0001001010000000100900001000000000094
:1018B0000090009001010100C010A1A0010401C12D
:1018C000A0C003C10002000002000010A1C09002ED
:1018D0000000A1000000000000010009A0000000BD
:1018E000080082000000000000000001020000006B
:1018F00000001000000000000000000000000000D8
:1019000000000000000000002000C120C10083048E
:10191000000400840009010008001100040004C054
:10192000830010C0901188004000A010A101A00009
:10193000000001900000000004000100A1080589DA
:10194000C101C1A0C10002A10000A0000185C0002A
:1019500002C00000000088400001000200080440AE
:101960000000C0001000110004A0001000A000043E
:1019700001000200C0008800820100000000000099
:1019800000000000000000000000891020902005E9
:10199000C00808000241029020108008880800005A
:1019A0000091100011800088110210000400212114
:1019B0000804400010001100020080084100C0002F
:1019C00003894040C100401102200000000940206E
:1019D0000000001000000040808000080800400067
:1019E000028210090910840082001000008010009B
:1019F00008910900000080008000800500000000C0
:101A0000000000000000000000000000910980209C
:101A1000102090219021040211024120000000803A
:101A200010880080000800000891888202040000ED
:101A30000808049008040011000802021110009028
:101A4000809140090900004000A1200200808080B0
:101A500080800409000080000000100000000308DE
:101A6000022000020821000000000980000000029E
:101A7000100800090404000000000000000000003D
:101A8000000000000000000000000000000005044D
:101A9000A083051141A1050100000000880190000C
:101AA0000008010800A00088001000848810018848
:101AB000000801090088010000000091C000000139
:101AC000C091A008C004000000C108A1A1020080CC
:101AD0004010C0C0C0C0A00282000000010004008D
:101AE000010100C10000030100040090008402888D
:101AF000000001000001900000100010000400A090
:101B000000000000000000000000000000000000D5
:101B10008209C02109C000900010010400010000EA
:101B2000C0201084C084080800090184000000104F
:101B300001010010000100880010000400000100F5
:101B40000001C0050400C0C00010C10202004190A5
:101B500000800009C0840200A010001000C0000036
:101B60000000001009110040010010C01084C000E6
:101B7000C000010000110000000000010000000092
:101B80000040000000000000000000000000000015
:101B9000000083910304A141020803000491412045
:101BA00002000004800000801180118802081102E8
:101BB0000080022000000808020004801189020051
:101BC0001000000300110000000000804009020026
:101BD00020000080008300000000008000800000E2
:101BE000000000001100A0200808200000000040B4
:101BF0000009000009000820040400000011000092
:101C00000000008000000000000000000000000054
:101C1000000000001200000BD00041000060000B2B
:101C2000D00000000000000BD00000001242000BAA
:101C3000D00000848200000BD00000000681000B61
:101C4000D00000004188000BD00006008181000B0D
:101C5000D000000000001200000BD0002100008125
:101C6000000BD04441000081000BD0008200210015
:101C7000000BD00006000660000BD000000006003C
:101C8000000B000000000000000000000000000049
:101C90000000000000000000000000000000000044
:101CA00000000000000000003C3C0000FF00FF0FAF
:101CB000FF06FF3CFFFFFDFD0404BD242424030FA9
:101CC0000300303000000000000000000000FCF6BF
:101CD000FCF6FFFFFFFF00000000FFFF0000FF0019
:101CE0000000000000000000007F003FF0F0000056
:101CF00000000000000000000000000043404242DD
:101D000000000000000000000000000000000000D3
:101D100000000000000000000000000000000000C3
:101D2000000000000000000000003C3C0000FF003C
:101D3000FFFFFFFF7E3CFFFF04040404FF000000E0
:101D4000030F0000303C0000000000000000008095
:101D5000FEF6FEF60F06FFFF000000000000000088
:101D6000FF00000000000000000000100030703094
:101D7000103000000000000000006F666066434005
:101D800042420000000000000000000000000000CF
:101D900000000000000000000000000804004011E6
:101DA00008000008040040110800000000000000C6
:101DB0000000000000000000000000000000000023
:101DC0000000000000000000000000000000000013
:101DD0000000000000000000000000000000000003
:101DE00000000000000000000000000000000000F3
:101DF00000000000000000000000000000000000E3
:101E000000000000000000000000000000000000D2
:101E100000000000000000000000000000000000C2
:101E200000000000000000000000000000FF0000B3
:101E3000F0F00000FF76FFF66666C2C20024DBFF0A
:101E4000F0F0F03C00006600000066C200000000F8
:101E5000FF99FF691C1C1C1CFFFF66FE000000FFB1
:101E60000000F0F000000000000000000000E700AB
:101E70006700181818180000000081EFC3CF1C7C01
:101E80000000900090990000000000000000000099
:101E90000000000000000000000000000000000042
:101EA000000000000000000000000000000000FF33
:101EB0000000F0F00000FF76FFF6000000000024B4
:101EC00000240000003C00246666000066C2010099
:101ED0000000FF99FF6900001010FFFF66FE000080
:101EE00000FF0000F0F00000000000000000000013
:101EF000240064009090901800000000006F000F14
:101F00001C7C0000909090900000000000000000F9
:101F100000000000000000000000000000000000C1
:101F2000000600E003B00030008600ECA0B00030F6
:101F3000A88654B0A0B200150086007C0390000073
:101F400000860070039000000086007C03300000D3
:101F50000086009C038800100086009C038000001F
:101F60000000A8865490A3820015A0065074A070AB
:101F70000405000000FC003000000086003003B0C3
:101F80000000008600FC01B000000006006003A015
:101F90000000000000000000000000000000000041
:101FA0000000AAA0000066999966000000000000E9
:101FB0000000FFFFF8280000000F0000000055FFA0
:101FC00055E3000000003C5FFFDF0000000000FF61
:101FD0000000FAFFFAFF005500000030003000005A
:101FE00050500000CA00CA00141410500000000035
:101FF000FFFF00000000FF000F0F00003F0C3A0C35
:1020000024000000000000000000000000000000AC
:102010000014001700000000000000000000000095
:10202000000000000000555099666699000000000D
:1020300000000000F828F8280000000F0000000051
:1020400055FF55FF00000000005FC3DF00000000E7
:1020500000FF0000BAFFBAFF0055005010301030EA
:102060000000555000008A008A001414105000002F
:102070000000000000000000FF000F0F00003C0CFB
:102080003C0C810000000000000000000000000087
:10209000000000000003000000000000000000003D
:1020A0000000000000009AAAAAAA3A3A0FFF000016
:1020B0000000000000000000000000000000000020
:1020C000000000554B5F00000000000000000FF012
:1020D0000FF000000000820082003C3C28FF0C0C46
:1020E0000C3C000055400000C000C000FF55FFFF41
:1020F0000000000000FF00000000FF0000FF0000E3
:102100000000000033FFFFFF00000000000000009F
:1021100000000000F0F000AA000000000000000035
:102120000000000000000000AAAAAAAA35350FFF8F
:10213000000000000000000000000000800000001F
:102140000000000000000F0F0000000080000000F1
:102150000FF00FF0000000008A008A00FFFFFFFF71
:1021600000000000000055400000D000D000FF55E6
:10217000FF410000000000FF00000000FF0000FF22
:1021800000000000000033FFFFFF0000000000001F
:102190000000000000003C143CBE000000000000F5
:1021A00000000000000000000000200004100000FB
:1021B000000004000400100104C100000000000041
:1021C000000000C1040004000400000004000082BC
:1021D0000000040008A0040004A0000800000000A3
:1021E00000000000000000000000000000000000EF
:1021F00005000000000000000000000000200000BA
:1022000000000000000000000000000000000000CE
:1022100000000000000000000000000000000000BE
:1022200000000000000000000000000000000000AE
:102230000000000000000000010400040200000093
:10224000000000000020000000000000000000006E
:10225000000000000000010001000100000000007B
:1022600000000000000000000000000000C00000AE
:1022700000000000000000000000000000000080DE
:10228000000000000200000000000000000000004C
:10229000000000000000000000000000000000003E
:1022A000000000000000000000000000000020000E
:1022B00008040004A00080010000000800000500E0
:1022C00000100400000004100400021003000410B9
:1022D00000000000800000008010000000000000EE
:1022E0000000000000000000000000880000000066
:1022F00000000040000000000020002000910000CD
:1023000020000000000100010000000000000000AB
:1023100000000000000000000001000400040001B3
:1023200000000000000000000000000000000000AD
:10233000031001A0009003102002001000A1001063
:1023400002210021002000000190010000C10000D6
:1023500000200041002004090000409000100041CE
:1023600000100010002100210011002100000020B9
:102370000000001100A1000000000080009100207A
:1023800000000110001000200020000000000000EC
:102390000220000000000011000000040080008006
:1023A00000040040004000000000000000000000A9
:1023B000000000840001084000400000000100000F
:1023C00000000010000000100000000200000040AB
:1023D0000002004100A10011008300000000000085
:1023E0000000004100000010000100000002000099
:1023F0000010000000C000A0001000C0000200207B
:1024000000020002002000410002802000080000BD
:10241000080000A1000400040004000200200000E5
:1024200000040004000000000000000000000000A4
:10243000000000002020A0400180848000004010A7
:10244000404040090000000000000020101104007E
:1024500000A1C020848282020082000200000011DC
:1024600010090200000200000000840200001002B7
:1024700084000000000000000000000582000880C9
:102480001000C0801080400088820080022100037C
:1024900000000820A00400800080108000800080E0
:1024A000002000800080000000000000000000000C
:1024B0000000000000000000080000000000000113
:1024C000800002090420400140004020402000001C
:1024D00040100000402000C00011800100880083EF
:1024E000908304010001040004000484040000003F
:1024F00000011001000000004110050000400283AF
:1025000005100000100000100801039189000084EC
:10251000008480010084211000210021002000019E
:1025200000050004804100400000000000000000A1
:10253000000000000000000000000000000010008B
:102540000004080001C085830120010091900190E2
:1025500000210190C0000180000000200420000044
:102560000002081001020020010501000100011015
:1025700000000010004010000000008500000080F6
:1025800000200000000000000000014000200200C8
:102590000000000004200000008300820082008010
:1025A000002000840080040400800000000000007F
:1025B0000000000000000000000040820004000055
:1025C00000820800020400402104A1000000100065
:1025D000030405008000400000A00000000000008F
:1025E00003820002000240200202000180018001FB
:1025F000000102018000410182000000020100018F
:102600004101C1200000000221820320008300203C
:10261000008485000000000000C1020002002104C7
:102620000302000000040020000000000000000081
:10263000000000000000000000000000102000006A
:10264000100010000000888000A002880208082006
:1026500000080240844108400540020210000000CA
:10266000004190000000C0020020C08000204020F7
:1026700004020020000240020002400000000202AA
:1026800010020002400000000011000000808402DF
:10269000C011820040400008A02090089041000036
:1026A0000080088900000000008000200020000059
:1026B0000000000000000000000000000000008892
:1026C00005A000002082008408A000040300088404
:1026D000C18408821084400000000900801000843A
:1026E000800000850020000000848300100100406D
:1026F000000002000000008441000084008500000A
:102700000200410000008000100008020800088458
:10271000A108000000000000058200000000008207
:102720000000000021002104000000000000000063
:102730000000000000000000000000000000000099
:1027400000000000000400410000000010900000A4
:1027500000000400001000211100000088000800A3
:10276000000004410010008000210000040002204D
:1027700000000000000000000041000500000020F3
:102780000000000082000010040000000080000033
:10279000001102080000000000000000000000001E
:1027A000020500000011C0000080000000000000D1
:1027B0000000000000000000000000000000000019
:1027C000000008910009114000050900A000110057
:1027D000050000030000800800000083C100210301
:1027E000038080830041A00000000003001000006F
:1027F00000000083000000000080000300000000D3
:102800000000000000038000890000008003002019
:10281000088000800003004140000080100000009C
:102820002100100000000010000000008005900949
:102830008510408200000000000000000000000041
:1028400000000000C082820300050020000011008B
:102850000000000000C1001008C000A0008390A08C
:1028600011C0000402830084A1A000080001080038
:102870001000000000034000A0C000400001040060
:1028800010000000000000011000100000008891FE
:1028900000850108000800914010C00800020000F7
:1028A000080005000100000000001000000004C046
:1028B0000885C00001840000000000000000000046
:1028C000000000000000040009C00109010200002E
:1028D00002009000900100100100000401000200BD
:1028E0008200C004839002001000A00001030800D1
:1028F00008000000010090000200C00003900400E6
:102900000400400005000000000010000400839057
:1029100082004000058801040011080008A083041B
:1029200004000800A000108400A00000008800003F
:1029300004000484A0008585000000000000000061
:1029400000000000000000000041880010020900A3
:1029500000008005000000410000080000000300A6
:10296000800903008000838400008000050003408C
:1029700080000900000003000000800005008300C3
:102980008000800085008300000000040000050036
:10299000830000050000C0800380008800000080E4
:1029A0008389000580008000008400000011000081
:1029B00000088500040090108989000000000000D4
:1029C0000000000000000000000010020091090556
:1029D000009180100088054180C00000A0008008A0
:1029E000800300800080110080830080000000418F
:1029F0000003008000000084008305800005038040
:102A0000008305000085008000830000058000052C
:102A10000500000300C00000000000838000840067
:102A200000410083009000C0000200058008020001
:102A30000800800009050090400900020000000025
:102A4000000000000000000000000000910900C02C
:102A500003400882408900C000008882000009000D
:102A600010001001009082C083C08883000284029D
:102A7000028200890010000000100083000282C062
:102A80009002004100000010001000830000009040
:102A900000820110002100210008880800890840F8
:102AA00002A082A004050010001100100010080010
:102AB00000000100820000C000C009A102A00000C7
:102AC00000000000000000000000000000008588F9
:102AD00003010501400000000002000000000000AA
:102AE00000000000000083918488A000C0A00310B3
:102AF0008400A0008888010000000000000003009E
:102B0000C000020040400100000000000040000042
:102B1000C100C00088004008010002881000C00207
:102B20004104A004A000880882040004840000027C
:102B30000000000200000000410083048800000043
:102B40000000000000000000000000000000000085
:102B5000A080842040088000000000800000000069
:102B6000000000004000000083C0038000008000DF
:102B70008383000005000000030000000000110036
:102B800083000000850080800303000005000080B2
:102B90000000031100000500000003058080800094
:102BA0008280038000000002028080110089800979
:102BB00000000000110800000000890041008402AC
:102BC0000000000000000000000000000000000005
:102BD00000001242000BD00000001242000BD00097
:102BE00000000000000B000000000000000B0000CF
:102BF00000001200000B000000000A00000B0000A3
:102C000000000600000B000000000000000B0000A8
:102C1000000000000000000B000000008200000B1C
:102C2000000000000000000BD00000008100000B3D
:102C3000D00000000050000BD00000418241000B8A
:102C4000D0000000000000000000000000000000B4
:102C50000000000000FF05FF1C3C3C3D00000000A0
:102C600000500353F0F0F0F0FFFFFF00FFFFFF0004
:102C7000FFFF0000FFFFF0F0FFFFFF00FFFFC3C3F7
:102C8000FFFFFF00FFFFF0F0FFFFF0F0FFFFF0F0AD
:102C9000FFFFF0F00000FFFFF0F0FFFFF0F0FFFF9C
:102CA000C3C3FFFFC3C3FFFFC3C3FFFFFF00000099
:102CB0000000FDFCF5F000FF00003C3C00000000BF
:102CC0000000C3C3C0C300000000000000000000FB
:102CD000000000000000005F00FF1C3C3C3D0000C5
:102CE000000000000303F0F0F0F0FFFFFF00FFFF23
:102CF000FF00FFFFFFFFFFFFF0F0FFFFFF00FFFF00
:102D0000C3C3FFFFFF00FFFFF0F0FFFFF0F0FFFF86
:102D1000F0F0FFFFF0F00000FFFFF0F0FFFFF0F039
:102D2000FFFFC3C3FFFFC3C3FFFFC3C3FFFFFF001A
:102D3000000000007D3C550000FF00003C3C00000E
:102D40000F0A0F5F000000030000000000000000F9
:102D50000000000000000000FF30FF00FFFFA000A7
:102D600000000000000000000F0FFFFF0F0FFFFF2B
:102D70000F0FFFFF0F0FFFFF00FFFFFF00FFFFFF21
:102D800000FFFFFF0F0FFFFF0000FFFF00FFFFFF2F
:102D90000000FFFF00FFFFFF00000000FFFF00FF3B
:102DA000FFFF00FFFFFF00FFFFFF00FFFFFFFFFF30
:102DB000000000000000000000000000FF00000014
:102DC000AAAA0000FFCFC3C000C00000000000009E
:102DD00000000000000000000000FF00FC00FFFAFF
:102DE000000000000000000000000F0FFFFF0F0FA9
:102DF000FFFF0F0FFFFF0F0FFFFF00FFFFFF00FFA1
:102E0000FFFF00FFFFFF0F0FFFFFFFFFFFFF00FFB0
:102E1000FFFFFFFFFFFF00FFFFFF0000FFFFFFFFBF
:102E200000FFFFFF00FFFFFF00FFFFFF00FFFFFFAE
:102E30000000000000000000AAAAAAAA0000FF00EB
:102E40000000AAAA00003000C0C0C0C000000000FE
:102E50000000000000000000000000000086006488
:102E600003300000A0865074A398000502C601E05C
:102E700000B4494002C101800014494002C501A0CC
:102E80000384494002C701E00304494002C70180AE
:102E90000384494002C701E000144940000002C712
:102EA00001E00094494002C7010001844940A2C7E3
:102EB00001F000B45140008200B003B00000A886C9
:102EC00054FCA0B200150086009C03A00000000086
:102ED00000000000000000000000000000009966F3
:102EE0006699410141010000000055555C5C0000FD
:102EF000000000000000F03CF5F5FF551717C0C0BA
:102F0000F0F0050501410000000000000000003C59
:102F10000C3C0000F3F00000000000FF0F0F000069
:102F2000CBCB0A0A557D5F7FBC3CBC3C00047FFFD5
:102F3000D5C0FFFFFF7CFF5050505555EF0F040FD9
:102F400000000000000000000000F0F0FFFFFEFFA6
:102F50000000000000000000000000000000000071
:102F600066999966000041010000000000000C0C09
:102F70000000000000000000F03CA0A00055171762
:102F800000003000050501410000000000FF3C3C4E
:102F90000000000000000000000000000000000031
:102FA0000000FFCBFF0A003C0F3F3C383C380004D8
:102FB0007FFFD5C0D5C07C7C505050500000040F1E
:102FC000EF0F00000000000000000000FF00FFFF06
:102FD000FFFF0000000000000000000000000000F3
:102FE0000000CCCCCC33333333330000000000007E
:102FF0000F000000000000000000FF00FA0A20009F
:1030000002000055C0F00028002800000000303009
:103010003030FFFFFFFF141014000000000000001C
:10302000000000000000000000555500FF30FF00C8
:103030003C3D3C3D2008100455AA0FF00000000064
:1030400033555555000000000000000000FF00C38C
:10305000030300C3000000000000000000000000A7
:1030600000000000CCCC33CC3333333300000000FD
:1030700000000F0000000001000000003C3CFA0AC4
:103080000000000000550020003D003D0000000051
:1030900030303030F3F3E3E314101400000000008C
:1030A0008000000000000000000000505000FF0001
:1030B000FC001C3C1C3C8002400155AA0FF00000A3
:1030C0000000333355550000000000000000003CB4
:1030D0000000030300C30000000000000000000027
:1030E00000000000000000000400040011000800BF
:1030F00000A0008800000200000000000000001096
:1031000000020020004000000400040004000090C1
:10311000000009000090000000A000000000000076
:10312000000002000000000000000000000000009D
:1031300000000090000000000000000000000000FF
:10314000000000000000000000000000000000007F
:10315000000000000000000000000000000000006F
:10316000000000000000000000000000000000005F
:10317000000000000000000000000000200000002F
:1031800000800080008000000000000000000000BF
:103190008400000000000000000000008400000027
:1031A000000000000000000000800000000084001B
:1031B0000000020000000000080000000000000005
:1031C00000000000000000000000000000000000FF
:1031D00000000000000000000000000000000000EF
:1031E0000000000000000000000000001100038843
:1031F00000000900030003000000000000000000C0
:10320000000000000000004000000000000000007E
:1032100000000000000000000002000000000000AC
:10322000000000000000000000000000000000009E
:10323000000000000000410000000000000000004D
:10324000000000000000000000000000000000007E
:1032500000900000000000000000000000000000DE
:10326000000000000000000000000000022100102B
:103270009010041102080010000004000009001062
:103280000410000802080420008000200000004113
:10329000001000090008000900000080002100095A
:1032A000000820090021002000000020000000414B
:1032B00000410008000800000000000000000009B4
:1032C00000000000000000000200000000000000FC
:1032D00000000000000000000000000000000000EE
:1032E000000000000000000000000000000041009D
:1032F0000520000005084100100004000200001035
:10330000000209A0001010C04010408490C00510B9
:103310002110400200A02100000000400000001029
:103320000000002000200000008800402000000075
:10333000000800A00000100800A00000002000000D
:1033400000002000210402000300030041000300EC
:103350002190210011002100000003002000110035
:10336000000000000000000000000000000000005D
:10337000000000110005040210100010C00000023F
:1033800000000021102010410100008300032110E3
:1033900000090008020500000000002100110000E3
:1033A00000210200000000080241000008000000A7
:1033B0000000000000002000000020008400400009
:1033C000842004002008A008020000042004020059
:1033D00008090011880090009000002000200021C2
:1033E00000000000000000090000000000000000D4
:1033F0000000050000000000008820000000000020
:1034000000000090004020000000000000000000CC
:103410001000008200080082000800080000000080
:1034200000001000008200002004000800000000DE
:1034300000820000009000001000000000820020C8
:1034400010000000000000820000000000002004C6
:10345000004000820020004000000000000000004A
:10346000000000000000000000000000000000005C
:103470000000000020000000000500000000000027
:1034800082000009200000000800900800000000F1
:103490000000000088000000000090001020A0093B
:1034A0000011200800200020000400000009000492
:1034B000000000000000A000A000080000000000C4
:1034C0008200000000000005040000000800000366
:1034D00020030000840004040411A0000420000064
:1034E00000000000000000000000000000000000DC
:1034F0000000000000000008008800000300000435
:10350000040000000000034000C000000040004034
:103510000000000400A00000040000C000820000C1
:103520000084004000000000002000400000000077
:103530000000000000000000000000000900000280
:103540000000000004000000080021000500000049
:103550000000000000000000002000000500210025
:1035600000880000000000000000000000000000D3
:103570000000000000000000100300050002001021
:103580000000002000038402A009A00000008411B4
:10359000000000100080200000000008040000006F
:1035A00090090009040590110000000000000000CF
:1035B000000000000005000300000000900900204A
:1035C0000011000904000409000900000020C020C7
:1035D000A000A0009020A009200000000041A02031
:1035E0008820880000000009A00000000000000002
:1035F00000000000000000000000000000C0030008
:10360000080000000000000002000000000000842C
:1036100000842010009000900000008400000084CE
:10362000201000000000000000C000000008008220
:103630000000000800000000000000000000100072
:1036400021000200110000202100000000200000E5
:1036500000000900000000001000000000820000CF
:103660000000000400000000000000040000000052
:10367000004000000000000000000000A000A000CA
:103680000800A0090004001100000000C0000000B4
:1036900000000040C00000001000880084200020CE
:1036A000C000040090040411022184000000020004
:1036B0000000000000080000000000000000C00042
:1036C00000008805C0090020042084000000840058
:1036D0008209000020039021204188000021000081
:1036E0000420900000210000C000820000000000C3
:1036F00000000000A00000000000000000008000AA
:103700000000000000008000080000000010000021
:103710000000000300000000030080C10900000059
:1037200003008041000000000000000000000000D5
:103730000000008000000300830000000000000083
:103740000000000000000000000000000000000079
:103750000000000000000000000000000000000069
:103760000000000000000000000000000000000059
:103770000000000000000000000000000000000049
:1037800082000000008200408200010000884001A9
:10379000004040000001000000000100A0C0000047
:1037A00000000100100100080000000000000000FF
:1037B0000000000000820000010003000000000083
:1037C00000000000000000000000000000000000F9
:1037D00000000000000000000000000000000000E9
:1037E00000000000000000000000000000000000D9
:1037F00000000000000000000000000000000000C9
:1038000000000000020000000000000011000001A4
:10381000C0002000030000000000010000000001C3
:103820000184000800000000038800000000000080
:1038300000880000000000000000004000000001BF
:103840000100000000000000000000000000000077
:103850000000000000000000000000000000000068
:103860000000000000000000000000000000000058
:103870000000000000000000000000000000000048
:103880000000000000008000000000000000840034
:1038900000208000080088210000000010000000C7
:1038A00000034104008000000000C100000000008F
:1038B00000000200000000000000000008090040B5
:1038C00000034100000000000000000000000000B4
:1038D00000000000000000000000000000000000E8
:1038E00000000000000000000000000000000000D8
:1038F00000000000000000000000000000000000C8
:1039000000000000000000000000000000000000B7
:103910000000000011000010000000000000000086
:1039200000000000000000001100410041400000C4
:103930000000030000000000000000000000002064
:103940000000000300000000000000000000000074
:103950000000000000000000000000000000000067
:103960000000000000000000000000000000000057
:103970000000000000000000000000000000000047
:103980000000000000000000000000000000000037
:103990000000000000900000000100000000000096
:1039A00000000000C082000000000000000041890B
:1039B0000000000001000000000000000000000006
:1039C000008800000000000000000000000000006F
:1039D00000000000000000000000000000000000E7
:1039E00000000000000000000000000000000000D7
:1039F00000000000000000000000000000000000C7
:103A00000000000000000000000000020100002093
:103A100000000040010041000000008200000000A2
:103A20000000008200080100108300000120A04077
:103A300020900100000100000000000000000000D4
:103A40000000000100000000000000000000000075
:103A50000000000000000000000000000000000066
:103A60000000000000000000000000000000000056
:103A70000000000000000000000000000000000046
:103A800000000000000000000000000000800400B2
:103A900000200000000004000800000000A020003A
:103AA00000000000008000001000804100000200C3
:103AB00080800008020000030000000000000000F9
:103AC00000000000110308110000000000000000C9
:103AD00000000000000000000000000000000000E6
:103AE00000000000000000000000000000000000D6
:103AF00000000000000000000000000000000000C6
:103B000000000000000000000000000000000000B5
:103B100000000000120000000000000012008148B8
:103B2000000BD00012000000000000001242000054
:103B30000000000012002148000BD00012420000DB
:103B40000000000000000000000000001242000021
:103B50000000000000000000000000000000000065
:103B60000000000000000000000000000000000055
:103B70000000000000000000000000000000000045
:103B80000000000000000000000000000000000035
:103B90000000000000000000000000000000000025
:103BA0000000000000000000000000000000000015
:103BB0000000000000000000000000000000000005
:103BC00000000000000000000000000000000000F5
:103BD00000000000000000000000000000000000E5
:103BE00000000000000000000000000000000000D5
:103BF00000000000000000000000000000000000C5
:103C000000000000000000000000000000000000B4
:103C100000000000000000000000000000000000A4
:103C20000000000000000000000000000000000094
:103C30000000000000000000000000000000000084
:103C40000000000000000000000000000000000074
:103C50000000000000000000000000000000000064
:103C60000000000000000000000000000000000054
:103C70000000000000000000000000000000000044
:103C80000000000000000000000000000000000034
:103C900000000000AEDE0000000000000000000098
:103CA0000000000000000000000000000000000014
:103CB00000007B75AEDE0000000000000000000088
:103CC00000000000000000000000000000000000F4
:103CD00000000200000000000000000000000000E2
:103CE00000000000000000000000000000000000D4
:103CF00000000000000000000000000000000000C4
:103D000000000000000000000000000000000000B3
:103D10000000000000008667C002000000000000F4
:103D2000408C07000000000000003002000000008E
:103D300000004003E6610660C002000000000000D1
:103D4000408C0100000000000000000000000000A6
:103D50000000000000000000000000000000000063
:103D60000000000000000000000000000000000053
:103D70000000000000000000000000000000000043
:103D80000000000000000000000000000000000033
:103D9000000000000000000008A0A1000000089042
:103DA0001100040111000404000000A00000000044
:103DB00000040004000400000400000000C0000033
:103DC0000420040004000040001000000020000057
:103DD000802080A080018000000000000000000022
:103DE0008000000000400800800400000000C000C7
:103DF00000000000000400010004000000000000BA
:103E00000000000000000000002000000000000092
:103E10000000000000000000000004000200040098
:103E200000000000012004000180000000000000EC
:103E300000000080008000800000000000000005FD
:103E4000000000C000000000008000800000008032
:103E50000000088008000410040000C000000000FA
:103E600000002000000000000800088000000000A2
:103E7000030000000000008000020080000000003D
:103E800000000000000000000000008000000000B2
:103E90000000000000000000000000008288840094
:103EA00003C18300000880110008004000000000EA
:103EB0000000200000000282020004000011000047
:103EC000020000000000000000010041001000217D
:103ED0002000000100091004000000010000001192
:103EE00080000000000000000000000000000090C2
:103EF0008090000080820000000800200040808246
:103F000000000000000000000000000004000000AD
:103F10000000000000000000000000000000081089
:103F2000082102200420020008908210820000086C
:103F30000200820004102000004000400021001018
:103F400000000010001000210000000400C00080EC
:103F500000A001000020002090008400002000004C
:103F600000C0200000200020000000000000000031
:103F70000000080000000200000000050080008032
:103F80000400A0000000000000000000004001004C
:103F90000000000000000000000000000000000021
:103FA00000014108002000C08000A0900001100026
:103FB00009C120112000A00004000008100020C04A
:103FC0000240004100100040204021000520024036
:103FD00000000008002000202010804091110410F3
:103FE000000010002000020109002001000520202F
:103FF00000048001090120040091A0A0A000A008F5
:1040000082404020042002008002000008002100BD
:10401000A004200000880000000000000000000054
:1040200000000010A0029000000020000900000421
:1040300000000020014001000540011004000000C4
:10404000011091C1100400800000010500050088E6
:1040500001850000001100C100808380400040A065
:104060000185000000000121C1100000010482044C
:1040700085802080400400049180000241004100BE
:10408000410041800180008000004080000001006C
:10409000000004800000000000000000000000009C
:1040A0000000000020882000C10400408200801031
:1040B000880884001100020010200890050110906B
:1040C0000000412100010900A1000000400040055E
:1040D0008500C00140040004030002000020050127
:1040E00041010801000041018020800041012010B1
:1040F000200005A020A0C00183208500830180004E
:104100004001C10182010004000080200003000082
:1041100000418000001000000000000000000000CE
:104120000000000000000000890004801011200839
:104130002080200020102000A100C0000900000401
:104140000000C005842000400000080510050100A3
:1041500001A040000504018082A1A020840000800D
:10416000C0208210011000000040048010200004D4
:10417000018011001000A100412040804000400259
:1041800040110140402003400091022040A0848261
:10419000000000900200C08000000000000000004D
:1041A000000000000000000000002040000000109F
:1041B000008804001104000041010202000408000C
:1041C000108405900320008841400940004183404D
:1041D0000041A18485844185004041004020400089
:1041E000000084200000210000000500A02008003D
:1041F00005000400040020000404212003000988B5
:10420000C184410000C08000418800A041A19110FC
:1042100040208000000000000000000000000000BE
:1042200000000000000000000000000091000010ED
:10423000000000100105000000009004010000854E
:104240000100002100008480000004000000000440
:104250002041880240004000A04000000000018092
:1042600001000000099000080400000004200580FF
:104270000105000011000100200001000000000005
:1042800000002000880000000800000000049002E8
:104290004080854004000000100000000000000085
:1042A000100000000000000000000000009100105D
:1042B0000000082102001101040004009000100118
:1042C0000400A1000300002009C00004100400A0A5
:1042D00002000000000008A000004140009040A043
:1042E000000000054020038421104010000003005E
:1042F00085011000000005900805A0114100830011
:1043000084A14020002185C0410800214084200371
:104310000290000080400021002100000004000005
:1043200000000090000000000000000000000004F9
:1043300000C110008484A000C01004098441200042
:10434000C00485402020000000801040C0C00484CC
:1043500000000100002100000000000010800003A8
:10436000C10300200004C18000000080C180000063
:10437000040020040520880582000184090400004F
:10438000400002020180C0820221820084A0052038
:10439000C1900000900004000410C0101000042020
:1043A000000000000000000000000000000000000D
:1043B00000038009050800000003800900000000D8
:1043C00080038589110000800083808900008000BF
:1043D00089A080C01103210800038000A00800000C
:1043E00000030000C000100000839100000941009C
:1043F00000001084899120100283C08582904004BF
:1044000004C0000320000000000000838041008001
:104410000080000311200000000002801180900045
:104420000400000000000000000000000000000088
:10443000000000019001A0000000000182010000C6
:10444000000010418585409090900441101108882B
:104450001008A083201100880001000184000401DD
:1044600000000001000011000100C08303C002C170
:104470008900000005821104010400C0408240034D
:10448000038800080091018800080090C083840020
:10449000022000040001010500000000C104A1C0C9
:1044A000C1C000000000000000000000000000008B
:1044B00000000000A000C0008900838900010010F6
:1044C0000100018940004004C100910902000184FB
:1044D00010000388C0002082A102820104C00400F1
:1044E0000282410588018200C0108382000182009F
:1044F00090028300000004000085A00183090001F0
:1045000004C0030282C01011200020C021900400CA
:10451000822004A085020088000001400101000003
:1045200040002104820000000000000000000000A4
:1045300000000000000000000000A10883890003C3
:1045400011802100030900200400A1008309040058
:104550002100800003110800020082A08205801162
:104560008002808083400008004100808384000234
:1045700000008080830000001100032182418985B2
:104580000502A080A1C1A1848908004100808305A3
:1045900080020508000083080000000040000311AD
:1045A000054180008500802100000000000000001F
:1045B0000000000000000000000000880009808367
:1045C00011110080080980834000000480890003E5
:1045D00004044000880900030505000291209002B0
:1045E00000104000048000839000008002000083DF
:1045F0000000808000008083000008098008110509
:10460000918808050090204004C09180101103009B
:1046100080838080002003000003800003000002EC
:1046200080030040800500C180820000000000007F
:1046300000000000000000000000C0A000C0000951
:10464000888300820088010388830102A084C0A1BE
:10465000408300880182A0C10203012100400503BC
:1046600004200221012000841003410000100000FA
:10467000008900000290008488830000A1828810D5
:10468000009010200100A00201C04082040240906E
:1046900082888283201000C188C0009102A001009E
:1046A0000000820100A1208400A020820000000000
:1046B0000000000000000000000000008989C10027
:1046C0008800C00809880902C000C00083418890A2
:1046D0008800A0888389C1100400C08800850183F8
:1046E0000000000820A020840800C090910188A04C
:1046F000090188888390A1000001029000008410C5
:10470000C0020500C01082100082080102828441AC
:104710004004110004A00300022004002040010214
:10472000000003000090821010020800004000000A
:104730000000000000000000000000000000839165
:1047400004088000008003800400800000008320B3
:104750000000000009000382848080008000029134
:104760000441022004808041800083050000831101
:104770008000900880808380040000210080000079
:104780008980100421048380A102110483214080C8
:10479000802000809000000083098000800000805D
:1047A0000300000040000000800000008000008046
:1047B00000000000000000000000000000000000F9
:1047C0000041000BD00000008241000BD00021000E
:1047D0000082000BD00000000042000BD00000005F
:1047E0000A00000BD00000001200000BD0000041B6
:1047F0001200000BD00000601182000BD0000000FE
:1048000000008181000BD00000001181000BD0005E
:1048100000600660000BD00000601142000BD00069
:1048200000008181000BD00011881182000BD000A4
:104830000000000000000000000000000000000078
:10484000000099000000F000000000000000C3001C
:10485000000000000000F000000000000000C300A5
:104860000000FF3EFF06FF3E3E3E0F0F0F0F3C3C99
:1048700000000F0F0000FFFF0000FF000000FFFF1F
:10488000000000006E6F6E667E666666F0708000E7
:10489000C30043400F0F0F0F0F0F0000FFFF00007A
:1048A0000F0F00000F0F0000FF00000000000000CD
:1048B0003C3CB42D0000000000000000000000009F
:1048C0000000000099000000F0000000FF00000060
:1048D000C30000003C3C0000F0000000FF000000AE
:1048E000C30000003E3E0606FF0606060F0F0F0F30
:1048F0003C3C00000F0F000000000000FF00000023
:1049000000000000000066666666FE666666F030BF
:10491000C000C30042420F0F0F0F0F0F0000000036
:1049200000000F0F00000F0F0000FF00000000004C
:1049300000003C3CF00F0000000000000000000000
:104940000000000000000000000000000000000067
:104950000000000000000000000000000000000057
:104960000000000000000000000000000000000047
:104970000000000000000000000000000000000037
:104980000000000000000000000000000000000027
:104990000000000000000000000000000000000017
:1049A0000000000000000000000000000000000007
:1049B00000000000000000000000000000000000F7
:1049C00000000000000000000000000F000000993F
:1049D000000000000000000F000000000000000FB9
:1049E000000000000000C0C0F0F6FCFE30FF76FFC3
:1049F0000000F0F00000FFFF0000FFFF0000FFFFDD
:104A00000000F0F0FFFF000000009999B9BFDB0043
:104A10000B0083FF00000000C3C30000FFFF000085
:104A20003C3C000000FF0000F0F0000000FFFFFF32
:104A3000FF000000000000C300C3000000000000F1
:104A4000000000000000000000000000000F000057
:104A50000099000000FF0000000F000000FF0000B0
:104A6000000F000000FF0000C0C000663C7E303038
:104A700076760000F0F0000000000000000000006A
:104A800000000000F0F0FFFFFFFF00000000202604
:104A9000DB420B62007C0000C080C0C2000000004E
:104AA00000003C3C000000FF0000F0F0000000FFB0
:104AB000FFFFFF000000000000C300C30000000073
:104AC000000000000000000000000000C047C0E43B
:104AD00030004903C0C7C02433904903C0C7C0C4D5
:104AE00030804903C0C7C084308043030006007093
:104AF00003B00000A2C651F0A1B44945A24751B08D
:104B0000A384494512490184030441400000008602
:104B1000702C03B000000000009C03000000A2C63F
:104B20005174A3B44945A2C751FCA3A44945A2416D
:104B3000016C03344140008600DC0390000000005B
:104B40000000000000000000000000000000000065
:104B50000000D7D70F5500CFCFCF000FC3CFC04035
:104B60003C1405FF3DFFF03C3C3C3C3C303F00002A
:104B70000000C300C3000000000000000004D020BB
:104B8000F0000505000055001414000000000000AE
:104B9000FF000000000C505C4141444450A0F00074
:104BA000FFFFF2F20FF03CC3201080400F0F0F3FC9
:104BB0000000F0F03C3C00000FF055AAFFFF0000A1
:104BC00000000000000000000000000000000000E5
:104BD0000000000314140F5500454545000F000F59
:104BE0000000000005053D3DF00000000000000F42
:104BF00000000000C30043000000000100000000AE
:104C000000000000050500005500141400FF0F0F00
:104C100000000C000C00000C000C1414444450A0C4
:104C200000F0FFFFFFF20FF03CC3080402010F0F7A
:104C30000F0F0000F0F03C3C00000FF055AAFF06FB
:104C4000C3C30000000000000000000000000000DE
:104C5000000000000000AFAF0CCF0000000000001B
:104C60000000FFFFF828053DFFFFFC3CC000005599
:104C70003C3C0FFFF0F020F00FDF000000000000D0
:104C8000000000000000000B00095050550000F02B
:104C900050500000D7FF2020C3D714140096005AAC
:104CA000F0005A0014F414F4FF7CFF500F0FCCCC2A
:104CB0000343C3C30000FF00555500000000AAF0E5
:104CC00055AA0FF0000000000000000000000000E6
:104CD000000000000000000005050CCF00000000EF
:104CE00000000000F828F828053D053DF000F00020
:104CF0000055005500FFFFF000F00FFF000000001E
:104D00008000000000000000000400095050550021
:104D100000F050500000D7FF2020C3D71414009695
:104D2000005A0F005A00FFFF14F47C7C5050F0F042
:104D3000CCCC030200000000FF005555000000002D
:104D4000AAF055AA0FF000000000000000000000CB
:104D50000000000000008488402004880000000259
:104D60000020082021200000040000900210000014
:104D70000000040102A000000490000000000010E8
:104D800020108500002000000508809004008000AD
:104D9000040000000000000080000000110000007E
:104DA000000084400000804100000000000000205E
:104DB00000000040000000000000000000000000B3
:104DC00000000000000000000000000000000000E3
:104DD000000000000000000040000180840000008E
:104DE00090000080008000800000000000000100B2
:104DF0000000000001200100001000000000000081
:104E000000200005040000000000008004000100F4
:104E1000400001000000000000C010000000000081
:104E2000900000400400000002400000000000006C
:104E300000800000000000000000000000000000F2
:104E40000000000000000000000000000000000062
:104E5000000000000000000000000201A10080210D
:104E60000082000100000008000003010300200090
:104E700000C0000091880088002004880300000022
:104E80000200000000010001000402000000800098
:104E9000000000000000800080000000000380008F
:104EA000C02000010001020100000001000100001B
:104EB00000020400000000000000000000000000EC
:104EC00000080000000000040000000200000000D4
:104ED000000000000000000000000000A0202010E2
:104EE00020200000002090200040821002040000DA
:104EF00004100400040002108200020800200003D5
:104F00008200001100000002040400900110000063
:104F1000042004059000002104000400000000208B
:104F2000202141A1002000100140000000400004A9
:104F300000000080000000000000000000000000F1
:104F40000000A080000000000080000500C00000FC
:104F500000000000000000000000000000008002CF
:104F6000001008029121000280110810900000003A
:104F70002040000005C00040008400000000000048
:104F80008010202080000800002004000084000021
:104F900003080404840040050000000000820000B3
:104FA00000000003090002A0800000410000204131
:104FB0004002040821201000000000400584000287
:104FC000000504040005040020010400040400019D
:104FD00000000000000000000000000000000000D1
:104FE0000410008083002090000040020202200094
:104FF0008210010500000000000000008421004133
:10500000881020051185201001020002C1028202D1
:105010000041008083804100C102000010001000A8
:10502000000000000020C005C002020000C0000017
:1050300001C003800180C08000000000C082000029
:10504000008000A0018010A0C1000020010001002C
:105050000020000000000000000000000000000030
:10506000000091209102C10282828004100411404C
:10507000000490048200808480A000040390040156
:10508000400505000000004080400800020180014A
:1050900000400000008284000482C10040000082C1
:1050A0002000000009840000C18820040482090057
:1050B00082408440910405A0000810400041044152
:1050C000414080400000110000000040009000407E
:1050D0000040000000000000000000000000000090
:1050E0000000000020800802084008002004A011F1
:1050F00088008200040005000410040082000005FE
:10510000090400C0C010C000080004000100090428
:105110000420000000001000050001000400010050
:10512000000001000000820000022000000983004E
:105130000040048003804080000088801000004010
:105140000004000004000000000000000040000017
:10515000100000000000000000000000000000003F
:105160000000000000008800040804000220000085
:10517000C085000041020000050240000400000458
:1051800005C010411021032100200010080000007C
:1051900002004104040000200240A00500000300BA
:1051A0004100204040840000000010000220000068
:1051B00000200202100400100001908302018221ED
:1051C0000000090109001100000480041004C1005E
:1051D000000041000000000000000000000000008E
:1051E00000000000000000000900A18001218400EF
:1051F00020094102004140000000000200000803B5
:105200000083000000208402008400830005400227
:105210000000000084801121000000002184004172
:105220000003840001800000000088050020844104
:10523000C009000901008410000000041020402073
:105240000408020000400000000008800880008080
:10525000200000000000080000000000C000000066
:1052600000000000000000000000200110A120024A
:1052700020111184209000C1109111000800080035
:1052800009041000100441C0400400000000208404
:1052900002000004218202000000098810000200C0
:1052A000884000000001100000200000840003403E
:1052B000020020000200040002840004009040006C
:1052C00041080400410102200001C1020200400027
:1052D0004000400000880004009000000000000032
:1052E000004000400000000000000000C0108820C6
:1052F000080082201000830010040002000000005B
:105300000000A000090000800000A00900000000CB
:1053100001040100000000000000A00008000100DE
:1053200000001000080000080000840000001005C4
:105330000000880000110100004000000090820081
:1053400000000000C10000201080C0200282000088
:10535000000000110000000000000000000000003C
:1053600000000000000000000000000000001080AD
:105370009100410040000000000000000000028396
:10538000008208044102008010C1100000002103C7
:1053900040211121210500210880802009400803B7
:1053A0001008218309A10040000900040304000043
:1053B0000505899088080488008082000800008024
:1053C0001109A14003040409088380A1400520803D
:1053D00008002000C100090083834041808541000E
:1053E00000000000000000000000000000000000BD
:1053F000A18209080582009000000000C0000000A2
:1054000000090810020000100008000801C0000890
:1054100000000100A001000088900008C08801A0E1
:1054200000C1C041A10800100001000010000100EF
:1054300000000109C10409900205001020880090B5
:1054400000020100C001A0009000000388A011C16B
:10545000000203900284C0080100050301A002A11C
:10546000010000000000000000000000000000003B
:105470000000A101030189A0829000A0000000A00B
:105480000001010200000008018210008208048867
:1054900084C0009000C000C000010400000089002A
:1054A00083108900880002002100020821004010BA
:1054B0004100000089011040C000041000A0A000BD
:1054C000A0C082018200C008030804400010000050
:1054D00000A000A00800A001080082830500410090
:1054E0000500A10000000000000000000000000016
:1054F0000000000002200820850083840000004195
:105500000000002020A120110580038080040004F9
:10551000808980C1000003800880212008094000A4
:1055200082008380110009009100C121A1001000B8
:105530008080830000004003800085008010080008
:10554000C100908089054020C0804141A0C12085D4
:1055500005002180412080000010000000A0A00074
:105560008403C100104100000000000000000000A2
:10557000000000000000000880C0058880838000D3
:1055800020000400000085414041034180038080E9
:105590000000C1000000008320A10080A1A0110034
:1055A000004080800982211100A0A1848010102178
:1055B00003000020000300000383008800880885A2
:1055C0000000A00088800000040200000289C003DF
:1055D0000021200300A08505008800A18411008916
:1055E000002080C1419005C10000000000000000C3
:1055F0000000000000000000042110C08209888320
:105600000400010000009000828891880088021147
:1056100040104008A0200820000801100008821156
:105620000100100110040188018810211188909058
:10563000000001000001100100000008C0041089F2
:10564000C10500901182021002C0A08200A00010CB
:1056500091210011888488052104A020000408906D
:10566000008200834041000591040000000000001A
:1056700000000000000000000000822084024000C2
:10568000C008000000020000000088841021820091
:105690001000098484020000104000820002000112
:1056A00000008403080110010289000900000000C5
:1056B000004000A100400000002000008908841183
:1056C0000401020220054084880084A01104A00285
:1056D000C100202020C0A0031001C00090000800DD
:1056E0000400000002A08402A001C000000000002D
:1056F0000000000000000000000000008020000802
:105700008002000000000000000000000080808295
:10571000000500002083400011001000038021A13B
:1057200021022100800300110008008800400000D1
:105730000004000000400085000500000000030494
:1057400000C189408280801100090005000083208B
:105750004140A14004410000002100200000000061
:105760000000800000008000000300030000000033
:1057700000000000000000000000000000000042E7
:10578000000BD00000000050000BD00000000A0009
:10579000000BD00082480600000BD0000000004241
:1057A000000BD00011608181000BD0000A00008145
:1057B000000BD00000000081000BD00082500000E0
:1057C0000000000BD00082000600000BD00000009B
:1057D0008181000BD00000000041000BD0000000D0
:1057E0000660000BD00000600A50000BD00006607D
:1057F00000000000000000000000000000000000A9
:1058000000000000000A55550000000000000000E4
:10581000FFFFFFFF7D7D00001404D7C700000000DC
:105820000F0F3FFFFFFF7D7D00000000FFFF000026
:10583000000000001414D7D700000000C3C3C30049
:1058400000000C0C3030F0FAFCFE000000000000FC
:1058500000003C7D0C4D00FF140000000000A08003
:10586000F5FD00000000FFFF7C5000000000207FDD
:1058700080DF0000000000000000000000000000C9
:105880000000000000000800000000000000000010
:105890000000FFFFFFFF5D7D2000DFCFDFCF0000B6
:1058A0000000FFFFFFFFFFFF515100000000F0F07C
:1058B000000000000000033F033F00000000000064
:1058C00000C300000000000000000C040000000005
:1058D0000000000000550C4DC3FF14000000000044
:1058E0000A025F7F000000007C507C500000000036
:1058F000303FC0CF000000000000000000000000AA
:105900000000000000000000BA001A0000000000C3
:10591000FFFFFFFF300000000000FFFF00FF00FF5F
:1059200000000000AFBF3F3F0F005F0000002A2AC9
:10593000C3C300AA003CFF030C0F00000F030000CC
:10594000030341410000AFA0BF803C3C3C3C000051
:105950000000BC1C1C1CFFFFFFFF41414F4F00F02B
:1059600000AABF01FE40000000000000000000F09F
:1059700000AAAAAAAACC00000000000000000000B3
:1059800000000000000000000000B0001000000057
:105990000000FFFFFFFF000000000080AA2800FFBA
:1059A00000FF00000000AFBF3F3F0000000000000C
:1059B0000000C0C0C0EA0000FF030C0000000C00A3
:1059C0000000C0C0828200000F003F00FFBEFFBE8B
:1059D00000000000BE141414DFFFFFFFFF41FF4F63
:1059E00000F000AA3F03FCC000000000000000001F
:1059F00000F000AAAAAACCCC000000000000000021
:105A00000000000000000000A000509CA0090085DC
:105A1000A08652FCA0B00865A0C650F003B05100AB
:105A2000A0865270A3A00005008600FC00B0000014
:105A3000000600EC0380001000860AECA08800003D
:105A4000008600FC00B20010000005860090008077
:105A500000000006007003B00000058602AC03825F
:105A60000000008604FC00B00000A086508CA380DB
:105A700000050086049C0380000000000000000078
:105A800000000000000000000000F03CF5F555FFAC
:105A90003F3F0000000000000000F0F328FF4141FC
:105AA00000000000BE82FFFFFBFF00000000007F3F
:105AB000307F3CF0000000FF0000000000000F01FC
:105AC0000FBF00000000000000000000FFF8FF28EA
:105AD000555F7D7F300000000000000000FE0002E6
:105AE000407000F060000060F0FAF3FB00FF00F08F
:105AF00033330000C0C0C300300030F000000000AD
:105B0000000000000000000000000000F03CA0A029
:105B1000550003030000000000000000F0F328C35C
:105B200000000CCF00000000FFFFFBFF00000000A2
:105B3000007F307F7DF5000000FF000000000000C6
:105B40000F010F0100000000000000000000F8F845
:105B50002828000F3C3F30000000FF7FFFFF00BE01
:105B60000082505000F00900000900AAC3EB0000B9
:105B700000F03333553CC0C0C300300030F00000AB
:105B80000000000000000000000000000000FF0016
:105B9000FA0A4D4D0F0F00000000000000003CAA63
:105BA00000AA00000000FDD5E9C108F808080000BF
:105BB00000000000000010101010BEAA1400FAFA35
:105BC0000A0A14D704F70000000014F4FFFF0000D5
:105BD000FFBABABA3C7D3F7F11220000FFFA0055A0
:105BE0000000000000000000FF28FFF80000000097
:105BF0000F0F0F000F003C0055005050300030F0E8
:105C00000000000000000000000000000000000094
:105C10003C3CFA0A4D4D00FF00000000000000006F
:105C20003CAA00AA00000000BC94A8800CFC0C0C4C
:105C30000000000000000000F0B0F0103C003C004C
:105C40003F303F3000C300F30000000014F414F4B0
:105C50000000FF30303000550F5F0000112200506F
:105C6000005500000000141CBEBC2828F8F80000F5
:105C7000000000000F000F003C00550050503000A5
:105C800030F00000000000000000000000000000F4
:105C90000000020021001120110003100200040086
:105CA00005000000048800000088040000000000D7
:105CB0000000000004900000000009000000000047
:105CC00000000000000005000500040000000000C6
:105CD00000000000000000001100000000000000B3
:105CE0000000000000000000002000200000000074
:105CF00000000000000000000000000000000000A4
:105D00000000000000000000000000000000000093
:105D10000000000000008803000020000000840054
:105D2000080000000000000020000011000020001A
:105D30000000000000000000000000000000000063
:105D40000000000000000000000000000000000053
:105D50000000000000000000000000000000000043
:105D60000000000000000000000000000000000033
:105D70000000000000000000000000000000000320
:105D80000000000000000040004000000000000093
:105D900000000000000041024090000002000204E8
:105DA00000200290000000A003C002840500030050
:105DB000202011000040008800040000000000883E
:105DC0000200000000000000000000000088000049
:105DD0000040000000000000000000000000000083
:105DE0000000000000000000400000000000000073
:105DF000000000202100000000820000008200005E
:105E000011000088000000001100000000000000E8
:105E100000000000000000009000902102410402F8
:105E20000020900000209020820000210400020049
:105E300002100409000000030000820900000400B1
:105E40000208000300000200000004090040900066
:105E5000002100000000000000000000040000001D
:105E60000000000000000000000000000000000032
:105E70000000000000000000000000000000000022
:105E80000000000000000000000000000000000012
:105E9000000000000000000000000000218400005D
:105EA00005020000001000000000000000A000102B
:105EB0000000000000000000000000A000840002BC
:105EC00000C00500000000200000050000A0002028
:105ED00000000000000200000000000000080908A7
:105EE00041000008002002004100000005000500FC
:105EF000050000000000000000000000000000009D
:105F00000800000004004100030000000000000041
:105F100000000000000000000000000000008800F9
:105F20008411A000844010218400A0210200C00040
:105F300088000400001182400805000908022008BA
:105F40000002A004000000080200884100080020B0
:105F5000A0000202000504040000881100000000F7
:105F60008800000000418409021188000241880075
:105F700000110021880000000011840000030000CF
:105F800000000000000000210021000000000000CF
:105F900000000000000000000000000000000004FD
:105FA000200000C004A002880320200000C000845C
:105FB0000010038205C0410408200004009000A0E6
:105FC00003000082080021000000004000000000E3
:105FD0004140020000000400000002000000000038
:105FE00002000400000000000040000000880000E3
:105FF0000000000400000000024008000000000053
:10600000052000000000004000000000000000002B
:106010000000000000000000000000000000000080
:10602000101182111011824082118408A04010408A
:106030001002A004882100048402200410412020C2
:106040008400840084408404C04010008441100017
:106050000020A02088000011A0200840880088119E
:10606000000000098800C041A000000000000400FA
:106070000400C0000000000000000009880000408B
:1060800002000000000010000009000000000000F5
:106090000000000000000000000000000000000000
:1060A00000000002081003000200000000A0000031
:1060B0000800000004000588000000001000100423
:1060C0000008030800A0000000000004090000040C
:1060D000008800000002000400040000000000002E
:1060E000000400000090000041000000000000904B
:1060F00000880000000000000020000000000000F8
:10610000000000000000000000002100000000006E
:10611000000000000000000000000000000000007F
:1061200000000000840090004021000010000000EA
:106130000000000000088402000588029003A041CE
:10614000000008020041400000054021020000005C
:106150000000902002419020A0200009C011000002
:1061600000400040000000008840C0408840C0005F
:106170008408840804094008C04010001009000089
:106180000011880900000000A0000400A0400000E9
:1061900000000000000000000000000000000000FF
:1061A00000000000000003821000048409000000C9
:1061B000200003401104020400824000104002004D
:1061C000020202020200400000004100000020C064
:1061D00000840000034000000000000000002100D7
:1061E00000820000000000002100110041000900B1
:1061F0000400200020000000000000000200000059
:1062000010000000009000000000000000000000EE
:106210000000000000000000000400040000000076
:1062200000000000000000000009840990400440C4
:1062300000218840C0208411404108400400C02053
:106240008209C00484118402104082411004C009F4
:106250001000C0401011A0008205C0050000840598
:10626000080000410009000300008400C00308008A
:1062700088001009820002008408020304038800D9
:1062800088400011000900000209A0002000000061
:106290000404C000002000000400000000400000D2
:1062A00000000000000000000000000000000000EE
:1062B00000000000000000000000000000000000DE
:1062C00000000000000000000000000000000000CE
:1062D00000000000000000000000000000000000BE
:1062E00000000000000000000000000000000000AE
:1062F000000000000000000000000000000000009E
:10630000000000000000000000000000000000008D
:10631000000000000000000000000000000000007D
:10632000000000000000000000000000000000006D
:10633000000000000000000000000000000000005D
:10634000000000000000000000000000000000004D
:10635000000000000000000000000000000000003D
:10636000000000000000000000000000000000002D
:10637000000000000000000000000000000000001D
:10638000000000000000000000000000000000000D
:1063900000000000000000000000000000000000FD
:1063A00000000000000000000000000000000000ED
:1063B00000000000000000000000000000000000DD
:1063C00000000000000000000000000000000000CD
:1063D00000000000000000000000000000000000BD
:1063E00000000000000000000000000000000000AD
:1063F000000000000000000000000000000000009D
:10640000000000000000000000000000000000008C
:10641000000000000000000000000000000000007C
:10642000000000000000000000000000000000006C
:10643000000000000000000000000000000000005C
:10644000000000000000000000000000000000004C
:10645000000000000000000000000000000000003C
:10646000000000000000000000000000000000002C
:10647000000000000000000000000000000000001C
:10648000000000000000000000000000000000000C
:1064900000000000000000000000000000000000FC
:1064A00000000000000000000000000000000000EC
:1064B00000000000000000000000000000000000DC
:1064C00000000000000000000000000000000000CC
:1064D00000000000000000000000000000000000BC
:1064E00000000000000000000000000000000000AC
:1064F000000000000000000000000000000000009C
:10650000000000000000000000000000000000008B
:10651000000000000000000000000000000000007B
:10652000000000000000000000000000000000006B
:10653000000000000000000000000000000000005B
:10654000000000000000000000000000000000004B
:10655000000000000000000000000000000000003B
:10656000000000000000000000000000000000002B
:10657000000000000000000000000000000000001B
:10658000000000000000000000000000000000000B
:1065900000000000000000000000000000000000FB
:1065A00000000000000000000000000000000000EB
:1065B00000000000000000000000000000000000DB
:1065C00000000000000000000000000000000000CB
:1065D00000000000000000000000000000000000BB
:1065E00000000000000000000000000000000000AB
:1065F000000000000000000000000000000000009B
:10660000000000000000000000000000000000008A
:10661000000000000000000000000000000000007A
:10662000000000000000000000000000000000006A
:10663000000000000000000000000000000000005A
:10664000000000000000000000000000000000004A
:10665000000000000000000000000000000000003A
:10666000000000000000000000000000000000002A
:10667000000000000000000000000000000000001A
:10668000000000000000000000000000000000000A
:1066900000000000000000000000000000000000FA
:1066A00000000000000000000000000000000000EA
:1066B00000000000000000000000000000000000DA
:1066C00000000000000000000000000000000000CA
:1066D00000000000000000000000000000000000BA
:1066E00000000000000000000000000000000000AA
:1066F000000000000000000000000000000000009A
:106700000000000000000000000000000000000089
:106710000000000000000000000000000000000079
:106720000000000000000000000000000000000069
:106730000000000000000000000000000000000059
:106740000000000000000000000000000000000049
:106750000000000000000000000000000000000039
:106760000000000000000000000000000000000029
:106770000000000000000000000000000000000019
:106780000000000000000000000000000000000009
:1067900000000000000000000000000000000000F9
:1067A00000000000000000000000000000000000E9
:1067B00000000000000000000000000000000000D9
:1067C00000000000000000000000000000000000C9
:1067D00000000000000000000000000000000000B9
:1067E00000000000000000000000000000000000A9
:1067F0000000000000000000000000000000000099
:106800000000000000000000000000000000000088
:106810000000000000000000000000000000000078
:106820000000000000000000000000000000000068
:106830000000000000000000000000000000000058
:106840000000000000000000000000000000000048
:106850000000000000000000000000000000000038
:106860000000000000000000000000000000000028
:106870000000000000000000000000000000000018
:106880000000000000000000000000000000000008
:1068900000000000000000000000000000000000F8
:1068A00000000000000000000000000000000000E8
:1068B00000000000000000000000000000000000D8
:1068C0000000400088408040031108004000802004
:1068D0008004024008000002880008020802020941
:1068E00002C10000001000000400000000001100C0
:1068F00000040008040000080440042005200020D3
:106900000420000000000001092021010000000017
:10691000000400008000004000000020000100A1F1
:1069200080010000000000040000000000000005DD
:106930000000000000000000000000000000000057
:1069400000000000030004002000048282210100F6
:1069500020004000000000002000040000800480AF
:10696000008800040800000000000200040000008D
:106970000000000000000000000000800080008097
:1069800000A0008000C00000000200000004000021
:10699000000000900000020300000041008000049D
:1069A000000420040000000000800000000000003F
:1069B00000A0000000000000000000000000000037
:1069C00000000000000020400500000000C0008919
:1069D000204000000000000200A000400040000035
:1069E00000C10000000400048488204003A00000CF
:1069F00000000040008200000200002000000000B3
:106A000000200200000000000084000000000000E0
:106A100000000000000003000000000000880000EB
:106A200000200020002000010020002000200000A5
:106A30000000000000010000000000000000000055
:106A400000000000000000000510204100100210AE
:106A5000044083C0020904000090200982008420C1
:106A60000400A0048200008900202020C020822091
:106A700000000000000000000020000000000000F6
:106A800000000000000000000000000000410000C5
:106A9000C0000040000002000000000000410000B3
:106AA0000200828000A10080002000800080008021
:106AB000040000000000A010000000000000000022
:106AC000000000000000000000008384091084889A
:106AD000A108A02100084000000000828088000278
:106AE0004020090584C01003100084042111000017
:106AF0008004000402400440109100201184200012
:106B000000820900100008848000000040A004906A
:106B100004A1024100844004041000032000000886
:106B2000208820002002858520C0A00800000004E5
:106B30000000000200000021000000010000000031
:106B4000000000000000000000000000080000003D
:106B5000410204824004100001050000A021400011
:106B60000080018000840809018282000400001076
:106B700000000400000004000400014020000000A8
:106B800000000000A00000000000400000000141E3
:106B900000000004018200000189000500A001003E
:106BA00000800111010011002004000021000000FC
:106BB000028000000080000000840000000200004D
:106BC00000000000000000000000000000000300C2
:106BD000041004C020080000080000C0000880C0A5
:106BE00021C000A0082002840800118804A100022E
:106BF0000041020421051010000000000000040004
:106C00008402009008010500200010001000000020
:106C1000040000012000000020A14040201120A01D
:106C200004001001410000000400040009000000FD
:106C300000000000000000900000000000000000C4
:106C400000000000008800000000000000000000BC
:106C5000A01108800202004100210100C041024150
:106C600020058205100000009100C00510092002D7
:106C7000A0C1021085C0888208000800A00400049A
:106C8000014021900804000408000140214109004E
:106C9000000005400004200810000804080010024D
:106CA00008000400041000041000C000000082006E
:106CB0001021000000000000080000000000024059
:106CC00008000000000000000000000000000000BC
:106CD0000000020040032120050502100584092060
:106CE00000200982108200040500008805020020AF
:106CF0008882008202040000008809C020C102408E
:106D0000050500880500020041400040001000A079
:106D100010000000002000C100C0004080A004203E
:106D200080000004008805A04104A0004100040880
:106D300011058082410000C01000030000400400E3
:106D40000000000000000000000000000000000043
:106D5000000000008800010400000008008000001E
:106D6000008000800000000088A000110000008565
:106D700000800400000000000000C00000000120AE
:106D800005000002A00000000100840000110010B6
:106D900000000202000000800010000000094021F5
:106DA0000180041100800000000000881005000030
:106DB000000090042000000000000000000000809F
:106DC00001000000000000000000000000000000C2
:106DD0000000000000000004410210041084208222
:106DE0002002000820A02090088300C0908200416B
:106DF00021A111C008090089821188000504410001
:106E000020C08591A082888404C0800041010004D4
:106E1000021003A1050000004100414009908004D8
:106E200004A040840284000002202004412000903D
:106E3000000041840088000000000200410004209E
:106E400000200000002000000000000000040000FE
:106E50000000000000000000004110410805010092
:106E60000802082140408304040888040403200029
:106E7000002020208203A0401040090204419040DD
:106E800020001011100409114005A100200000028B
:106E900000800000100200100000000000800000D0
:106EA00002002009400204400020010009000421E2
:106EB000A041C00910050000A0000000C0000000B3
:106EC0008280000000000000880000000000000038
:106ED00000000000000000000000410390040903CE
:106EE0001003C003004108052103000005414100D3
:106EF000090040030904880520C18303208200099A
:106F0000041140202009080841038203A004030261
:106F100002C04003A008820505880000838341C0A9
:106F200021022085020320092041084188808380B6
:106F3000A000028003404009000541211003002009
:106F4000000541008283022100054180000000000D
:106F5000000000000000000000000000A001A101EE
:106F600002000100030384C1A10200021000A1007D
:106F700001000000A1890989024101090909019064
:106F8000A00802900100820040000100834120C15E
:106F90004089100541211188038900110000110961
:106FA000008490890910A10105004100000105023B
:106FB00082042120012001010101080001000101DA
:106FC0000001100100000983008400C101040000D9
:106FD000000000000000000000000000000021A1EF
:106FE000400402018240C1010440200083110001DD
:106FF0000201020082900120008401410101404011
:107000009040080411088801A00000880484A001B1
:10701000091003C01188400002C04000C1080000F0
:107020000000008200040102100103844089031063
:107030000000010101000100004000030003010005
:1070400000C00100001000000100000001A00100CC
:107050000000000000000000000000000000000030
:107060009003A100A103A1804010C080032183A050
:1070700009038004000080032080030005850309C4
:107080001188020509C0838804100841080011C155
:1070900008108441024083090940890009009000DA
:1070A0000000410311044011034089101000418881
:1070B00003804000080405004141008002200520B3
:1070C0000900050041000280214102090200100070
:1070D0002000000000000000000000000000000090
:1070E0000000034000911120058321C1008220107F
:1070F000208380000080418080000590030500050A
:107100001183850803020409A003898500084188CA
:1071100009C0858800884104038380048084C0847A
:107120000509008085C10840C1890383400500032B
:1071300008A1C08300090040C10300C04021030230
:1071400009090000000304020210852100028002E8
:107150008203052000000000000000000000000085
:107160000000000000210091008321830005C0C0C1
:107170000541A08340A000C00084400200114040AF
:107180000800C18308019000900021014110000215
:10719000000200118202900290820921822010C018
:1071A000202041880080102091000402018300907B
:1071B000004001118905A021A0900408008201006F
:1071C0000000000102000000010100018300000036
:1071D00088014000010100000000000000000000E4
:1071E0000000000000008305210290C0858409840E
:1071F00085820400C00890000220050088820140BA
:1072000001210001000011008889880200888200A5
:10721000900284000010412088C185A08840210090
:1072200009822000030800800508A08510090400D9
:1072300083050282A00140820004000000010000DA
:1072400001A00084000100000010004000010000C7
:10725000848208A0C001C0000000000000000000FF
:1072600000000000000000008382200520028580CD
:1072700083C141210320020080028000C000808081
:1072800003800491050303008308894020C140085E
:107290008004001180020080031108C08402029063
:1072A00003201004A041020000808380404011A010
:1072B000410203900489410282800000001100080D
:1072C0000000090005212120000000800085001039
:1072D00000008000800500020000000000000000A7
:1072E000000000000000000000000000000BD000C3
:1072F00041840000000BD00000001200000BD00001
:107300000A500000000BD00000820000000BD000EB
:1073100006000000000BD00000000000000BD000B1
:1073200012600000000BD000120000000000000BF3
:10733000D00006600000000BD00042500081000B1E
:10734000D00082000084000BD0000A000060000B17
:10735000D00000410660000BD000000000000000DB
:10736000000000000000000000000000CF0CE7E774
:10737000FC0C6F6F663C0FFFBDBD6F0900000F0F67
:107380000000FFFF6F09FF00200040000000000028
:107390000000000000000000FF360F360000000073
:1073A000000000000C0C0C007EFF66FF00000000D7
:1073B0000000000000003636FFF07E7ECF0C00009B
:1073C00000003076FFFF0000000070107010000019
:1073D00000003C3C9C6C00000000FF00C7C10000A6
:1073E0000000000000000000000000000000CF0CC2
:1073F0002424FC0C6060663C0F0024246F0900000C
:107400000F0F000000006F093C3C0000000000006E
:1074100000000000000000000000F0360036000010
:1074200000000000000000000C007E6E666E000090
:10743000000000000000000036360F004242CF0C72
:1074400000000000307630766F0F090F303030309A
:10745000000000003C3C996600000000FF003E3840
:10746000000000000000000000000000000000001C
:10747000000000000000000000000000000000000C
:1074800000000000000000000000000000000000FC
:10749000C208040000108861000000000000000025
:1074A000C208040000108861000000000000000015
:1074B0000000C20804000010886100000000000005
:1074C00000000000000000000000000000000000BC
:1074D00000000000000000000000000000000000AC
:1074E000000000000000000000000000000000009C
:1074F0000000187EF9F9FF6FBD2DF066FF3C427E5B
:10750000F3F300FF00003C3C000066FFFCFC7272DD
:10751000FFF000000000000000000E9E6EFEFF3C29
:10752000FF66000000000000000000300024FFFFA4
:10753000FFFF00000000000000000000F6F60CFC59
:10754000FF3CF06600000000220000000CFC000080
:107550000600060F6600F00099393C3C6600F0001A
:10756000E427666600000000000000000000000044
:1075700000000000187E6060FFFFBDBDF066003CAB
:10758000427E303000FF00003C3C000066000C0CE6
:10759000727200F00000000000000000089868F817
:1075A000FF3C060600000000000000000030002440
:1075B0002026B0B600000000000000000000060613
:1075C0000CFC003CF06600000000110000003C3C98
:1075D0000000060606066600F00066363C3C6600C3
:1075E000F000F00F666600000000000000000000E0
:1075F000000000000000080204B00002008008063D
:1076000004F000020010A8865470A39200150886AA
:1076100004F000B90010058604F000320010A082CA
:1076200052B0A0B000050586049000B20010088694
:107630000490008000000000058604D000B2001015
:10764000088604B000820010A08650ECA0900005CF
:10765000008600FC00B00000008604FC00B00000C2
:107660000086043C03B000000000000000000000A1
:107670000000000000000000BE82F3F3FCFC505F3D
:10768000FFFFFFFFF5F5303FA000F555FF5DFF7DE3
:1076900000000000000000000000F050FFFF0000AC
:1076A000A000AA003C3C3CBEB2AA82AA3F0F3C000C
:1076B000FFBABABA1F1F1FFF0000F03CAA3C28FF08
:1076C000D7C3AC0CAA00FF0AFF3E000000000A5F0F
:1076D0007D7D0000000000000000000000000000B0
:1076E0000000F5A03C3C000000000000000000008D
:1076F00000000000000000000000BE8230300C0CD2
:10770000505FEFFFFFFF0505303FBC3CFD7DFF5D97
:10771000FF5D00000000202004040000A000FFFF27
:107720000000A00000003D3D3DBFF0AA00AA7F5F21
:107730007D55FF303030141414FF0000F000AA0013
:1077400028FFD7C33C3C3C3C000000340000000054
:107750000A5F282800000000000000000000000070
:1077600000000000F5A03C3C00000000000000000C
:107770000000000000000000000000000000000009
:10778000AAFF1E1E200000001717C3FF0000000004
:10779000FF0FFFAFBFBA1F1A000000005A0A5808B7
:1077A00000E03CFC00000000ABABBFBFFC0C0C0CCD
:1077B00000FF00FFFFF8F8F8557D5F7F0000F3C37E
:1077C00030000000000000000000030B3F1FAAAAC9
:1077D000AAAA000000000000000000000000000055
:1077E0000000000000005500AA000000000000009A
:1077F0000000000000000000000000000000000089
:10780000000000551E1E000000001717003C00007D
:107810000000FFFFFFAFB5B01510000000005000E2
:10782000580800003C3C00000000010115157C2CAC
:107830002C2C05FF0CFFFF282828003C0F3F0000E0
:10784000FBEB10000000000000000000030B030B26
:10785000AEAAAAAA0000000000000000000000007C
:10786000000000000000000075308A0000000000E9
:107870000000000000000000000000000000000008
:1078800005400002000402002100890080C082102F
:10789000020402C0094080900010034003C1801020
:1078A000000040101100102020000008000000041B
:1078B00011100400842020000000000021000000BE
:1078C0000000000000100000000400008021000003
:1078D0002101000000000000000000000000000086
:1078E0000004000100000020002000000002000051
:1078F0000001000000000000000000000000000087
:1079000000000000A08008830500040004000402B9
:107910002120088000000000020004808440001044
:107920002000000001800000008091210400000080
:1079300000800080010004800000000000000000C2
:10794000000000C000000000000000000000040271
:1079500000400020000000000800000000000000BF
:107960000000008000400000000000000000000057
:1079700000210020000000000000000000000000C6
:1079800000000000000500030001000100C0090024
:107990008040002000C0002100010005000000A17F
:1079A00000108021000000002020200000A00040E6
:1079B00000C00040808980C00089800000880002EB
:1079C000000000000000000000000088000000002F
:1079D0008002000000000001000100000001002002
:1079E0000020002080200000000120400004000052
:1079F0000000000010000000000000000000000077
:107A000000000000000040C000840002C0022021ED
:107A100000211010902100002004000482040010B6
:107A20000010009020200420004001000110000000
:107A300000000020022104100400002004000010B7
:107A400000000010004000000000200000000010B6
:107A5000000040A1000000000020002000000020E5
:107A600000A0008000A020A0A00000080100008964
:107A70000000000000000100000000000000000005
:107A80000000000000090000C00380100002100187
:107A9000000489040084100802C000082088808443
:107AA0000410002004040010008404021102008469
:107AB00010209182088404C0882100038489042056
:107AC0001190000000200010000000C000200040C5
:107AD00000880000C00300008484000000400020F3
:107AE000208200C0002000000004000100C000400F
:107AF000000000000000080000200000000000005E
:107B000000000020000000200000054002001004DA
:107B10009004020010200800011101000200210061
:107B200004034180848041001080040584410221C7
:107B3000100541A00821830401200990C0200520E0
:107B4000019100031021020000040000C0418202E4
:107B50004003820200114182004021041000008590
:107B600000850300000000A000100080002000023B
:107B70000000000000000000000000800000000085
:107B800000000000000000000000000004081000D9
:107B900002A04100208220C1208404080004008447
:107BA00020840890110809820084C1820220118477
:107BB000218841000800008209001000840410049C
:107BC0000505A104000000002100050000000040A0
:107BD000088421004140000140090000110000001C
:107BE000000000019001002020080000200080001B
:107BF0008000000000000000000300000000000002
:107C00000000000000000000000000000000A003D1
:107C10000004A102840009418508A104911100100B
:107C20008405001084051000080240404041001106
:107C300008052000A004010408049000A0030980A6
:107C400000A0A0A010900804004082008200000064
:107C5000C0000800004120050002010202000000EF
:107C600000081004000840400080C100A04103004B
:107C7000204120000840C0000000A0880000100043
:107C800000000000000000400000000000000000B4
:107C9000212004000408041009A1410841A010009B
:107CA00010020440411102C0000403200882059024
:107CB00000C082A00904909100C04021208200C031
:107CC000842004100020082120000000410011C081
:107CD0000000000041004184000009000802410446
:107CE0004184009000C00000002008A000000400B3
:107CF0000988000003A1000110A100040000000099
:107D0000000400000000000000200000000000004F
:107D1000000000000904030001218420000000414C
:107D20000020000585801020100020039003C00073
:107D300000000009402108001102A02100828911E1
:107D4000902105900103908000A0842184030421E8
:107D5000C0000000204110108411842140000280E6
:107D60000080020520000000100800210000C00073
:107D70000000000000000020002001200080C00062
:107D80000000C00000000000000000000000000033
:107D900000000000101040A041C00802030410833E
:107DA00010840804048410822110408408204004B8
:107DB00010901104118402A002C00984000010A0D8
:107DC00008200010081020200002C12000000084BC
:107DD0001082118400000082001010902100030026
:107DE0008021050021020000002000910000049085
:107DF00000009000808402408003009010200084E6
:107E000000020084000200000000004000000000AA
:107E1000000000000000C0048208080484049020D0
:107E2000A008000482110508824102059020A041AB
:107E30001105820040000404000088028408100537
:107E4000A1100080888011C00285C0004080080910
:107E50008800000008040000A000002182401000FB
:107E6000A0204082A00302800000000000408200A9
:107E7000A000002104110400888010888400030001
:107E8000080000800800844000000000000000009E
:107E90000000000000000000800008800841410050
:107EA0000000000085008000884082800200880871
:107EB000034002838008412100400010212000403F
:107EC000C008091080104103808505A020820000B1
:107ED00000000000000000000000000000000000A2
:107EE00000000000088021802000840541108241AC
:107EF000114100210009000300050080000000007E
:107F0000000000000000040000000000000000006D
:107F10000000000000000000000004C0A01021903C
:107F200000080000900002008200048920A0219037
:107F30001002030000A00801010000010001C001BF
:107F400000000501010140019100888900A190898C
:107F500000400000000000000000000000000000E1
:107F60000000000088089004004001881000C00054
:107F70004101000000000001100008000020000086
:107F80001000009000001000C00000000000000081
:107F90000000000000000000000000008921040033
:107FA000824082C1020801000308900188914000CC
:107FB00021A0C08301040085A1210100001000055B
:107FC000000000000120008921820101830140C0DE
:107FD0000289829000000000000000000000000004
:107FE00000000000000004004101C000080140A0A2
:107FF000101082A0A008000201890003000101A066
:1080000000010182000001000008010001000000E1
:10801000000000000000000000000000000020211F
:108020008009000080C0A0801005908021200808F1
:108030000000C0008040108941100584101000002D
:10804000008800000020100005208511102040024B
:10805000090390898805000000000000000000006E
:108060000000000000000000800009048000800380
:108070008300001100090080218009C100900209DD
:1080800010800003108020092000408010000300B1
:1080900000000000000000000000000000000000E0
:1080A0000080830010808000000020C1418080009B
:1080B0004100108980881100411121100083104077
:1080C0004080000021008380C02102102008880821
:1080D0009100800003808900000000000000000083
:1080E000000000000000000000000088800890915F
:1080F00080C01091401000001010410041000300AA
:1081000002008000090040000000000000000000A4
:1081100000800000000000000000000000000000DF
:1081200000009090A0C04020A04002900108008470
:1081300002900140210404859040000000010010DD
:108140000500010400080100408203A10001830131
:1081500041011140880083A0890000000000000058
:1081600000000000000000000000000000410221AB
:1081700003A00489010201040002021000000000B3
:1081800000009000100000000100C0000088008482
:108190000040000800000000000000000000000097
:1081A0000000000040100884A002884000C10021A7
:1081B00000050002A10002080200C0820100014087
:1081C0000101010000A0018400000001002009411C
:1081D0000000000091910304A000C088000000008E
:1081E0000000000000000000000000000000848289
:1081F0008890840000108804088410001010000289
:1082000000010000000000A00090000100000040FC
:1082100000C000000000000000000000000000009E
:1082200000000000000000C10000008005000010F8
:1082300000840020000041009184880841802000D3
:10824000082040081000400010004000401041008D
:1082500090880200050088918900C14002800000DA
:10826000000000000000000000000000000000000E
:10827000808380808000008002848840800010001D
:1082800021000002020500000000000500020000BD
:10829000400004051040080000000000000000003D
:1082A00000000000000000000042000BD0000000B1
:1082B0000000000BD00000600000000BD000008226
:1082C0008200000BD00042000000000BD000000034
:1082D0000000000BD00000001200000BD00000884E
:1082E000000000000000000000000000000000008E
:1082F00000008160000BD08081420000000BD000A4
:1083000000000081000BD00000000000000BD00036
:1083100006410000000BD00000000000000000003B
:10832000000000000000000000003C3C0000FFFFD7
:10833000000000000000F0F0F0F000FF303F0F0FF1
:108340000F0F173C17FF3535F0FF00003F0000000E
:10835000000014FFBEFF505F3F3F1E551EFF000090
:10836000000000000000000000000000000000000D
:108370000000000000000000F0FCF3FFEBEB2828F9
:108380004D4D7D7DFFFFAFAF0000000000000000FD
:1083900000000000FFFF3F0F000000000000000091
:1083A0000000000000000000000000003C3C000055
:1083B0000000000000000000F0F0F0F000FF303F8F
:1083C0000A5F0A5F170017C33535000F000003006E
:1083D000000000000AAA0AAA505F30301E001EAA40
:1083E000000000000000000000000000000000008D
:1083F00000000000000000000000000C030F00C39C
:1084000000C34D4D4141000000000000000000008D
:108410000000000000000000030F0000000000004A
:10842000000000000000000000000000000000004C
:10843000F0F000003C3C000000003FAF30AFEBEB41
:108440002828AAAAAAAAFE5EF454BE82B2B255A8EF
:1084500000A800000000F57DF52882008080000063
:108460000000FCFCFF000000000000000000000015
:108470000000000000000000000000000000F0F01C
:10848000B4FFB45528282828FFE0FFF005053D3D3E
:1084900000000000AABE003C00000000D8F0D0F0B0
:1084A00000000000000000000000000000000000CC
:1084B0000000F0F000003C3C000000003FA030A0B5
:1084C000AAAAAAAABE82BE82AE0EA4043C00303084
:1084D0005580008000000000A07DA02882008080E0
:1084E000F0A050000C0CFF00000000000000000095
:1084F000000000000000000000000000000000007C
:10850000F0F0B4AAB400282828281F000F000505A1
:10851000050500000000003C003C000000000800D1
:10852000000000000000000000000000000000004B
:108530000000A88654FCA0B20015A08650F0A0B0A0
:108540000005008600F000B0000000000CF00330D1
:10855000008500860CF0A0100085A00050F0A0302F
:108560000085A0065290A3800005000000000000D6
:1085700000000000000000000000000000965224EF
:10858000A398A01500860CF000B00000008670ECE7
:1085900000B00000A08650F0A0B00085008600F07A
:1085A000009000A00000000000000000000000009B
:1085B0000000000028F3283055280528000000009E
:1085C00003034141F5F5A0A0141400FF0000AAAA7E
:1085D00000FF00000000000028282D2D0000FF00F3
:1085E0003C3C00009C003C00140014000000000013
:1085F0000000000000000000000000000000FFF08C
:108600000F000008969EF330F330287D5F5F000076
:10861000000000000000000000000000000000005A
:10862000000030383F3D0000000000000000000066
:1086300000000000000000FF0000002805280000E6
:10864000000000FF00FF7D287D28CFCF00FF000045
:10865000AAAA00FF00000000000028282D2D00001D
:10866000FF003C3C0000000000001400140000006B
:1086700000000000000000000000000000000000FA
:10868000FFF00F000000BEBEFFFF0000287D0A0AB9
:1086900000000000000000000000000000000000DA
:1086A00000000000303830380000000000000000FA
:1086B00000000000000000000000FFFF55FF1E1E2C
:1086C0000000000000FF3C3CFAFABE1404073437F7
:1086D0000000FF0000FF000000000000000000009C
:1086E0000000FFFF00FF00001C3C2000000B000901
:1086F000000000000000000000000000000000007A
:108700000000000000003CFFBDFF00000000FA5E1A
:10871000FAFE00000000000000003C3CC3C3000063
:108720000000000000000000000000000000000049
:10873000000000000000000000002000FFFF00AA71
:108740001E1E00000000000055555050BE140407C6
:1087500034370000FF0000FF0000000000000000B0
:1087600000000000000000FF00003C3C000000048E
:1087700000090000000000000000000000000000F0
:1087800000000000010000003C3CBDBD00000000F6
:10879000FF5EFFFE00000000000000003C3CC3C381
:1087A00000000000000000000000000000000000C9
:1087B00000000000000000000000000000000000B9
:1087C00000000000000000000000000000000000A9
:1087D0000000000000000000000000000000000099
:1087E0000000000000000000000000000000000089
:1087F0000000000000000000000000000000000079
:108800000000000000000000000000000000000068
:108810000000000000000000000000000000000058
:108820000000000000000000000000000000000048
:1088300000000000000000000000000000008000B8
:10884000040002100421400080018000200000008C
:1088500000200010A02040002000404000008000C8
:108860000000C0000210800000000000C0000010E6
:108870000020002020048500880003008000000004
:1088800000040000408280000001008300050021F8
:108890000000000000C08000000000000000800018
:1088A0000000000000001101002000000001000194
:1088B00000000000000000000000000000000000B8
:1088C0004000C00000000220010002022020A000A1
:1088D0000000008004000480030088000180000084
:1088E0000400A0000500A1000400000084000500B1
:1088F0000080008000800080044105000400080022
:1089000000C000800200000004000004000400C059
:10891000008400000000000004000000004100008E
:108920004000000000000000000200800000002065
:108930000020000000000000000000000000000017
:10894000000002014008000880408084020480008A
:108950002120020000408000A04080C080400441EF
:10896000002100C080100000001080000000040002
:1089700000000001082100834001000040C0801079
:1089800080C0004000020091800100010000000052
:1089900000000000020080000000000000008420B1
:1089A0000004800000000000000011000000000032
:1089B00010010000000000000000000000000000A6
:1089C0000000000000400110000920900440002039
:1089D000041000A10110009020104190042040A03C
:1089E00001C082400000402100100421401000041A
:1089F000010902051004019002100120000001404D
:108A000008910409000000800004020400040041F1
:108A10000000001004200121400000200040000060
:108A20000480008010000000A0000000840000000E
:108A3000000001080000000000000000000000002D
:108A400000000000000004908040808503900890A2
:108A500010A000008802080580849009100400C05E
:108A6000000000A000A0842020400489802100880C
:108A70004020008800880000020480882010C11077
:108A80000810004004880000009000008090200240
:108A90000008000800010084000800080008080021
:108AA00000200021002000200040A001081100C08B
:108AB000000200C00001009000C000000000002083
:108AC0000000000000000000014120842020200858
:108AD00000030008084120002020040004A00885AD
:108AE0000041002102040200210041800020040412
:108AF00000110109020010000000008040110080F8
:108B000040800089024002000000200000040400B0
:108B100082800200900000020021042000008804EE
:108B20000100000000A0008000800080030210848B
:108B30000000000000000020000000000000000015
:108B4000004000000000000000000002410441015C
:108B50004100021021820084020205000804080876
:108B600000C10404408200204000000010001000FA
:108B70000502200004098010A104001140000989A9
:108B800002040201100000C005C00000024084027F
:108B90002100080000004041000000000820030000
:108BA00089001005082100000020A12000410001DB
:108BB000800000A000000000000900040000000088
:108BC000000000000000000000000000C0030003DF
:108BD000104020052100001020409190000400006A
:108BE00000000440889102112000110008030000D9
:108BF000020508840800A104400502800820010441
:108C000082041010A010C0000803C0000000000380
:108C100003C108081011000000029003900384852E
:108C200000004005904010A000400089028008C06C
:108C3000002004000000080000118288028000006B
:108C400000408400000000000000000000000588D3
:108C500020849120408221C00005100021081000CE
:108C600009020004410202200488109040102000F4
:108C7000080440410488A0A0008420840540051019
:108C8000044002A0028808900220C08883200000CF
:108C90000400418841904120210205850308844158
:108CA000210108002000200120200004100005A15F
:108CB00082000000000041890088000000200002BE
:108CC00000400040000000400000000000000010D4
:108CD00020080002021101008402082000000200A6
:108CE000100808000403000010032140001082084F
:108CF000400490000084000020008400A0030003D2
:108D0000040884038400000000000091050008802E
:108D1000000001040000000000090003002084009E
:108D200008020002A01188000102000000000000FB
:108D3000000240000021A000840402000000A00006
:108D400000800000000000000000000000000000A3
:108D5000000020880408098208401088800421202F
:108D600010A0000010400040100880828810800889
:108D7000A0904002202020084020108582C008A139
:108D8000001100830020210409A009210300022012
:108D90000002000021840384118502C0A190090013
:108DA0002184219020002001A000210200A0039036
:108DB000210584020020000010A00404000080406F
:108DC000094000A1000000000000000400000000B5
:108DD00000000000C040090200030211000520004D
:108DE000C04110000402408882028909040404057D
:108DF00004000440054040A0040090A000040200CC
:108E00002004C004400208098210080510840000F4
:108E1000828088C00000084100001002000040006D
:108E2000000000009009C12101200540000200005F
:108E3000C00000202180008082000211010020007B
:108E400002808200A0040000000004000200000074
:108E5000000020000000838308200302C1208883D3
:108E60008304000203054088002100A120110000B6
:108E70000803800000000083022091080000000326
:108E8000000240030808000341090008000800032D
:108E9000110480000000000003030504000009081D
:108EA00000038404910909000003828404C10000C6
:108EB0000308910889051004838305088083024014
:108EC00084800000A00002000000000000000000FC
:108ED0000000000000000000820900A090A120C056
:108EE000820909C10805A0040009008802080000E1
:108EF000020001000200000088098401C010000483
:108F0000020110001000000100010000100100C16A
:108F100000000000C0000400000001010000A000EB
:108F20000001080121002000C00000098210200972
:108F3000001001000800C001000005830009104076
:108F400008C09002008805A000100000000000008A
:108F500000000000000000000000C1020440000802
:108F6000A182000501100190012040080220A08884
:108F7000A0110890850010048403C020C004902034
:108F8000C108A0218501C12041900004C100014019
:108F9000010000900008009000010000A0A18808D6
:108FA0001040C110020002000800A111C01085A0ED
:108FB00091C0090100A0014000A10000000401A02F
:108FC0000088011040018500A18889A000000000F0
:108FD0000000000000000000000000001084C1102C
:108FE0002011038420C00480020503009000048344
:108FF00008204010800808088080884140040091C3
:1090000000110385080808402000031140000840B3
:109010004180034000000084000010030000C040B5
:1090200000848080830408214004000003C1098279
:10903000888408008320100008200505050902081F
:1090400008022010032184028200020009000000AF
:109050000000000000000000000000000000A01060
:10906000032021048883908340032083C10310845C
:1090700041901091888408002002400880000390ED
:109080008802080580030080101108C180030021B8
:1090900002820809000300001080202000110080D7
:1090A0000800400005058003008000801010008348
:1090B000008009A020A0000389112040400280C048
:1090C000C0020420020283030008008409408003D8
:1090D0000000000000000000000000000000000090
:1090E00082C100900005020982080310C108200314
:1090F000900490040984410840040105008320A0E5
:1091000008A1099102100291080401C00084040919
:109110000801000500000201040001028301200093
:1091200000801000010000000201A0200002008267
:109130000021A010901103854003A00401040191B7
:10914000820204000800A001110100880040888903
:1091500004210000000000000000000000000000EA
:10916000000085000888894003002188A0858402CA
:109170002101080108028801C1820210C000080014
:109180000200850509208201C01011080802C100F3
:109190000409019000100100890001404000000016
:1091A00000900080899110A01000C110834100043C
:1091B00084000040830100108900C011008800086D
:1091C00000000000098808C0A0040300820104C058
:1091D000080108000000000000000000000000007E
:1091E000000000008300A00504A01010030003028B
:1091F0000391102109400584034008804089000044
:10920000800010088308C083000800800321858047
:109210000200910803000200020040000800000460
:10922000000000000080030388108004108083C0C9
:10923000208080021080830300004000001008801E
:109240001010112041008300A00503821041000886
:10925000008480408000000000000000000000004A
:109260000000000000000000000BD00012600000B1
:10927000000BD00012000000000BD000006000487E
:10928000000B040000000000000BD00000000000F4
:10929000000BD00000008241000BD000000000480D
:1092A000000B0400005000000081000BD0004200C1
:1092B0000000000BD00000000000000BD000820076
:1092C0000000000BD00041600000000BD0000A50ED
:1092D0000000000BD000000000000000000000C8EB
:1092E000000000000000000000000000000000007E
:1092F00000000000000000004E4E4E4EFFFFFFFF3A
:10930000C3C33C3CF00FF00F9966FFFF3333FF00FF
:109310003333FF00F0F0FF003333FF003333FF003F
:109320000000FFFF00FFFF00000000FF3C3C9966CB
:10933000FFFF3C3CFF00FF00FFFF0F0FFFFFFF00A0
:109340000F0F6E6E666FFF2FF42400000000000008
:10935000000000000000F0F0F3F300000000000047
:1093600000000000000000000000000000000000FD
:1093700000000000000000000000FF3CC300F7FFF9
:10938000FFFFC3C33C3CF00FF00F9966000033337E
:10939000FF003333FF000F0FFF003333FF00333381
:1093A000FF00FFFF000000FFFF000000FF003C3C4B
:1093B000996600003C3CFF00FF0000000F0F00001A
:1093C000FF000F0F66666666242424240000000058
:1093D00000000000000000000090FFFF00000000FF
:1093E000008000000000000000000000C20804002F
:1093F000001088618208040000108840000000000E
:10940000000000000000000000000000000000005C
:10941000000000000000000000000000000000004C
:10942000000000000000000000000000000000003C
:10943000000000000000000000000000000000002C
:109440000000000000000000000000000000C20852
:10945000040000108861000000000000000000000F
:1094600000000840000000000000000000000000B4
:109470000000000000000000000000000000907EDE
:10948000F67E00000000FF00FF00F0F00F0F00FF6D
:109490000F0F6666C3C300FFCCCC00FFCCCC00FF2F
:1094A000CCCC00FFCCCC00FFFF0066669999000091
:1094B000FFFF3CC36666C3C3F0F000FFFFFFCCCCE8
:1094C000F0F000FFF0F03CC3F0F0F3F0FDFDC3E777
:1094D0000000000000000000000000001400829660
:1094E000000000000000000000000000000000007C
:1094F000000000000000000000000000000000006C
:109500009018F6181000000000FF00FFF0F00F0F99
:1095100000FFF0F066663C3C00FFCCCC00FFCCCCFA
:1095200000FFCCCC00FFCCCC00FFFF006666999911
:10953000000000003CC366663C3CF0F000FF000009
:10954000CCCCF0F000FFF0F03CC3F0F0F0F0FDFD0B
:10955000DBFF000000000000000000000000000031
:1095600096960000000000000000000000000000CF
:109570000000058604F000B20010058604F000B279
:10958000001000860CF0A0B00005C68601F608B4F5
:109590000840128621F040B40848128621F040B4F9
:1095A0000848120021FC43340048C60001F6083484
:1095B00008400000128621FC40B40848128621B001
:1095C00040940848128621F040B40048A0860CF070
:1095D000A0B00005058604F000B20010008602D09D
:1095E00000890000000010100000000000000000D2
:1095F000000000000200000000080000BE82C0C0A1
:10960000FFFFFFFF00000000000000C0FFFFFFFFA2
:1096100000000003200000001C3C0C0C0000F7FDC3
:1096200000FF00FF00003C3C0F0F00000000FF00A7
:109630000F0F000000003CF0AAFF00000000A0A0F7
:10964000AAAA1404140420209A9A141714170000CC
:10965000000000000000FAFFFCFF00000000FF30E7
:1096600075300F080FDF0000000000000000000050
:1096700000000000000000000000000800000000E2
:10968000C0C0FFFFF3FF00000003000000C0DFFFC9
:10969000FFFF0000000300000000143C0000000079
:1096A000575D0505141400003C3C0F0F000000003E
:1096B000FF000F0F000000003CF0AA0000000000B7
:1096C000000000000404140420209A9A0003FFFF05
:1096D0000000000080000000FAF0FCFF0000000025
:1096E000BA3030300F080FDF0000000000008000AB
:1096F0000000000000000000C00000000000C0C02A
:109700000000008000000000FAAA500000000000E5
:10971000000000000C0C0CFF202000001414BEBE42
:1097200000000000AAFF1E1E00003C3C0F0F0000BE
:109730000000FFFF5555000000000000000000077A
:10974000000200000000FFFFFFFFAF0FFCFF287DBD
:10975000287D0000000000000000000082000000E2
:1097600000003F3C303C3C3C3C0F0000000000004F
:1097700000000000000000000000C0000000000029
:10978000C0C00000000000000000AAAA0000000005
:10979000010000000000000000FF0000000005AF15
:1097A00005AF0000000000551E1E00003C3C0F0FDE
:1097B00000000000000055550000000000000000FF
:1097C000A007A00200000000140F1400AFFFFCFF70
:1097D0000A0A5F5F00000000000000000C0C02029B
:1097E00000000000FFFF00003C3C0F0F00000000E5
:1097F000000000000000000000000000020805104A
:10980000020000004000A041408409C00020400048
:10981000042004000000020000008408000909047C
:1098200021000005880004400400834002408204B7
:1098300004050411200484000088000100001100C8
:109840000004000000008200080002001100000077
:109850000020800000209000002080000000000018
:1098600000000000200000040000000408040001C3
:1098700000890004000400000000000000002080B7
:1098800020000000200008000482210000000000E9
:1098900004008800000000000500204003200004B0
:1098A0000000000020A02040000000042000000074
:1098B000208000A00004018020400000000400C0BF
:1098C0000000008000000000020000000000000016
:1098D00000000080200000800200008008000000DE
:1098E00000000000000001000080000000800080F7
:1098F0000004000400800080000000000000000060
:10990000830000200420040000101041040884405B
:1099100000400001820002004000801080004010E2
:109920004000000000000040800090040000A00003
:10993000200000000400000082219008A000000127
:1099400000002020202100002021000080080800C5
:1099500000000000000000000000090000000000FE
:109960008020000000880000000004A00821000101
:1099700004000000000000000000001000080001CA
:109980000001042100A001000341022000C00110D9
:109990004191A0090040200900202120040020104E
:1099A00021400100000900090000041104909011F9
:1099B0002020010000200109000004840420050982
:1099C00020040000008000840000028400082010B1
:1099D0000008000800000000000000400000200017
:1099E0000000208000000000000000000100018451
:1099F0000020010400000000000000000080008042
:109A0000004000042008849102002008404000101B
:109A100041400002104041C00040A040000421022B
:109A20004140400204402001A0C0808800084182DB
:109A3000804000C011A00504020808108090204159
:109A4000C0A010040000800200418484A020800097
:109A50000400008404C08004A00441052004200008
:109A60000040024100400000002008008001048402
:109A7000118400000290000000200000004010113E
:109A80002005000020119191110410021080038321
:109A90004004408090200880020400802189080250
:109AA0000220000802210108C12005404040102189
:109AB0000021202100108421848082219010202107
:109AC00085842021848000002004848421052111C4
:109AD0000220854110000909202120032040210493
:109AE00084008280C1C000C08420024102000420A2
:109AF00001400003000400000040008000000080DE
:109B00000090018400000104200110001004820074
:109B10004120008402C0081020024020081040208C
:109B20004004040402020504080040048000C1004F
:109B300020218820A001882020214100802180044C
:109B40008501850500418401000080012082A0017B
:109B5000A0009088000002002000100210A01082D7
:109B600010900440050080204100000000A0C18248
:109B70000020408400200000100800A10000000028
:109B800000000000000000000000110840080591DE
:109B9000200908A00800A005000508840990000815
:109BA000218582900089098500C0A1200910022129
:109BB000022185842080050420892104900020044E
:109BC000208020042084C004212000002004830978
:109BD0002104210020001041010501000000C00007
:109BE00082008200009110050290021084000000A3
:109BF000040090890009000000210180002000007D
:109C000000400010000000000000000005012120BD
:109C1000408411082084410005401084040008029B
:109C200008002002000840000900028810209082ED
:109C300000040810898410C08800A000410440047A
:109C400020C083040000A0042040830000000084A2
:109C500000890920854140002084000010C0A182B5
:109C600020C0020840089084A082210503404120C2
:109C700004202020414000C00084108810002100F2
:109C800000000020004000000000004000004002F2
:109C9000C002C011824111001009008010218911F9
:109CA0009002C000A00410000940101110044020D0
:109CB00002050841840220100402201021052080A2
:109CC000100088032084C02004A1090520000000A2
:109CD000C0050804100520048411910082001010B2
:109CE000020021048504C00420002005C0C00840F3
:109CF000A0A183000180000590041000A0001100C5
:109D0000000000000000A0800000000000800000B3
:109D100004022008108210091000108408030808AB
:109D2000808420900441034100004008000341A0CA
:109D30004184084021082140208820028084A1C05D
:109D400020042005000420A080042000800482401C
:109D50000000200420058004000400000040A10051
:109D6000008202C02084008200A0082000848210AB
:109D700000102020A00108C10200009000200090E7
:109D800021A0200200000020082000100000000098
:109D90000000840809C1A01040A0842100051040E3
:109DA00090040403014141024040004182008420AC
:109DB000A0030009890882208800094101200421AC
:109DC00020030383058400C0852020808908048047
:109DD00020A10000A1C0118420858885C000C04159
:109DE000200088009100000002009000A0A1004126
:109DF00021820041119105408440004110058805F1
:109E000002000000000082000080A08000800000AE
:109E10000000000000401082804000C0808403A049
:109E2000008080000003000911030500800320006A
:109E3000C10400400303042080080041020584207F
:109E400080201011108541C00009C10240038340E9
:109E5000020808910000080340A1414141040003A9
:109E600000100509808000830340000009800883FA
:109E70001109058009088803020900100000030089
:109E8000200000004000000000004000000008200A
:109E90000905030004090011210308010011044110
:109EA0000005080440C00005049188A0000888014E
:109EB0009100030000008901100002000001000071
:109EC0000801C01101A0C002848900400440C105FE
:109ED000828540C101C000000003880409410108D7
:109EE000009100919010400800A19040208800C08F
:109EF0004183408510C0008989010001A000000055
:109F000001000100A0000000040084001100000016
:109F1000010105000100000110000088020390000B
:109F20004005C00010821021A121A00004909109D9
:109F30004010020888410908C10491109011830063
:109F4000010104010140A100080004098800850105
:109F500009100902031105820000082002400205D1
:109F600083119001210041082109820009088840DD
:109F7000899102104100A008830004400584C110AB
:109F8000C1C100100000010801000008000000101D
:109F900000000801C100110083C18002090388414B
:109FA000040300080021000000C121C008210000B6
:109FB000038300218040090283A0109041A189827F
:109FC00083400240C003219103100500848389046B
:109FD000C103A1094080080883800000C0824000BE
:109FE000C040908500021000A100030900004180DC
:109FF0004000030908C10800808083040041C100BB
:10A0000010808309410010020580200500800005B2
:10A01000008000418011890005008985C04083824D
:10A020001041020580410400404000000503038008
:10A03000218980030582210540108083800003046C
:10A04000101180831104831108080303054080095F
:10A05000A003080320888211008210030000114031
:10A06000C10980A0900300408010008940031100C6
:10A0700000C00589408391000800088800030000A3
:10A0800040100009400300201004400280088000B6
:10A09000038002800080029100100004410241858B
:10A0A000A0A0010000A0201190C090820408408868
:10A0B0000210000902A190110188008920091000F6
:10A0C000008901208283000008C0C10501A10100B0
:10A0D0000800040809010009828820850221000087
:10A0E00001408290408420010089100988850191F7
:10A0F0000082080485A19141904040820985C011E9
:10A1000000000000000191019001000001018201A6
:10A11000409001080008A0080091001000C005024E
:10A12000A10903400089C0001088A0002000020996
:10A13000C189A18802820200C12184C0C00408A094
:10A14000094102A000000140081008090001A040D8
:10A15000011000840001000285C088081110C1A10F
:10A160000000854084A141010240850005200000D7
:10A1700090408589908203004008118905204101A3
:10A180000282098904200500040200C000C000000A
:10A19000000000000004000000000010888910008A
:10A1A00000A0C121A04121822020A10980038011AB
:10A1B00082A003838420400021048303000505213D
:10A1C000008083C0000000000200C109C00202023A
:10A1D0001180038840080421118083412004828972
:10A1E00008C10000830440900805A0808900908089
:10A1F00000111100838840808211808003830480D5
:10A200008808918083A01010020000000000000860
:10A2100000020000000000800000000000008089B3
:10A22000004100000000000BD00000000048000BBF
:10A23000040000000000000BD00006500000000BDE
:10A24000D0000A000000000BD00042500000000BBC
:10A25000D00012502100000BD00012420000000B71
:10A26000D000825000000000000BD00082000000EF
:10A27000000BD00000000000000BD00042000000E6
:10A28000000BD00006480000000BD00000000000CA
:10A29000000BD00041410000000BD0008200818102
:10A2A000000BD0000084FF00FF01000000303C3CA8
:10A2B000C3C33CC33CC33C3C0FF0FFFF3CC35555FC
:10A2C000F0F000FF33335555C3C30F0F55AA04C731
:10A2D0002CEF0000FF3500000CCF0000C7F7000096
:10A2E000ACFC00007D0F000000003C5500000F0F8B
:10A2F000C3FFC300FFFFCFC0FFFF00F0FFFF0F0051
:10A30000FFFFCFC0FFFF00AAFFFF00F0FFFFAFA0DD
:10A3100000000000800000000000000000000000BD
:10A3200000000000707F707FFF00FF000000003021
:10A330003C3CC3C33CC33CC33C3C0FF000003CC3AB
:10A3400055550F0F00FF333355553C3C0F0F55AAA1
:10A3500004C72CEF00000035000014D700000434BF
:10A3600000000C5C0000280F000000000F550000EA
:10A3700014D7C3FFC300FFFFCFC0FFFFFFF0FFFFF5
:10A38000FFF0FFFFCFC0FFFFFFAAFFFFFFF0FFFFBF
:10A39000AFA000000000000000000000000000006E
:10A3A000000000000000707C707000000000FF00E2
:10A3B000F0F000FFFF00555555550FF0FFFF5A5ABA
:10A3C0003C3CC3C3F0F055AAFFFF0FF03C3CCCCCA3
:10A3D000FF00F3F3F3F37F2A00003F3FFF0FFCFF82
:10A3E000C0FF3CAF0000FCFA00000000FDF80000D8
:10A3F0000053FFAC550FFFFF00F0FFFF5500FFFFBC
:10A400000F00FFFF003CFFFF0F0FF0F00AFAFA0AFF
:10A41000A0F5F5A000000000000000000000000012
:10A4200000000000FF414141FA0AFA0A80000000E2
:10A43000AAAA000000FFFF00AAAAAAAA0FF0000023
:10A440005A5A3C3C3C3CF0F055AA00000FF03C3C12
:10A45000CCCCFF00F3F3B230752000003A3AFA0A90
:10A46000FCAAC0AA3CA000000C0A000000000D08D5
:10A470000000FF5300AC550FFFFF0FFFFFFF55FF1C
:10A48000FFFF0FFFFFFFC3FFFFFF3C3C3C3C0AFA0E
:10A49000FA0AA0F5F5A0000000000100000000008D
:10A4A00000000000000041414141FFFF0000A08684
:10A4B0005090A0880005C68601F608B408401286B0
:10A4C00021F040B40848128621F040B408481286B2
:10A4D00021F040B40048C086C09030804903C08756
:10A4E000C07033A00903C0C7C0F030B049030000FA
:10A4F000C0C7C0F030B00103C0C6C0B0309049033F
:10A50000C0C7C0B030904903C0C7C0F030B04903E5
:10A51000C0C7C0F030B05103A08650F0A030000595
:10A52000A08650F0A0B000050006002C03B8000083
:10A530003CAA3C3CFCFCFFFF8000FFFFFCFFFFFF50
:10A540000000000000000000E8E8E8E8F5F5303F12
:10A5500000000055000F0F00BE82FF000F0F00FF2C
:10A5600000000000FFFFFFFFFEAA5400000F303F75
:10A570000000FF3000308ADF8ADFFFFF557D303F6B
:10A58000383DFCF0C0F03C0F3C3CF0AA3C3C01FFE5
:10A590000DFFFF0FACFF0000000000000000FFFFF8
:10A5A00000000000000000000010AFA0AFA03C3889
:10A5B0003C303CAA3C3C000003030000FFFFFCFFD2
:10A5C000FFFF0000020000000001FF3CC300050582
:10A5D000303F0000005500000000BE82FF0000FF79
:10A5E00000FF0000000000FF00FFAEAA0400101FE3
:10A5F000101F0000FFA000A0085D085DAA820000F7
:10A60000303F383DFFF000F00F0F0F0FF0AA3C3C39
:10A6100001010D0DFFFFACFF000000000000000075
:10A62000FFFF000000000000000000000F000F000E
:10A630003C3C3C3C3CBE3C143C003CFF0000000069
:10A6400000000400F8C83808FFFCFFFF000000000D
:10A650000F3C55FF00000000AAFF1E1EF2F2F2F2AE
:10A660000F0F5555AAA22A200FFF0FEFFA7D507D3C
:10A670002A6B3E7F0000FE5EF4543C55FF0FFC3C0D
:10A68000F000555D7D7DFFFFFFFF0F1F3F1F82C361
:10A69000F3000000000000000000080808080000A7
:10A6A00000000000000000000000000000000000AA
:10A6B00000001F0F14143CBE3C140000FFFF0000FC
:10A6C000000100000000F8C83808FFFFFFFF00008D
:10A6D00000000F3C55000000000000551E1E707069
:10A6E0007070555555558A820A0000FF00EBFA2814
:10A6F0005028024316570000AE0EA4043C55000F2C
:10A70000BE3CAA00555D7D7DFFFFAC0000143C14EB
:10A7100082C3C3000010003000000000CC0CC00059
:10A720000000000000000000000000000000000029
:10A73000000000001F0F14141040040840400321C3
:10A74000A0104001030021C00401040240011121B6
:10A750000489408280828883880000C0400140C113
:10A760008041C040820800028208809189009100E7
:10A7700011000200020002000000000000000000C2
:10A78000000082010000000004000400000102003B
:10A79000040000040200000100880000000020887E
:10A7A00000000000000000000000000000000000A9
:10A7B0000000000400000000000040850421830523
:10A7C0000490400041400000000091048800010412
:10A7D00002048420010004004020401110102120B8
:10A7E000C1200482058041400002040004020200EE
:10A7F0000200000001000100000000C020009000E5
:10A80000000000000902000000000100A00000029A
:10A810008505010004000141000200000000000065
:10A820000100000000000000000000000000000027
:10A8300000000000000000000000000080008020F8
:10A84000A1C1C0002011200080880401841080A0D4
:10A85000800040100088001020010000000104006A
:10A8600000000900024100000001040000C10004D2
:10A87000008504108000002080008000000000207F
:10A8800004010920000000040400000020008200F0
:10A89000210000000001000380020040410000018F
:10A8A00000050004000400000000842000010000F6
:10A8B0000000000000000000000000000000400058
:10A8C00040C1042005210140A140041083404121E2
:10A8D000200804000508004000210240002000403C
:10A8E00005080000000021040000000401400004ED
:10A8F000908200040541200000902000200000000C
:10A9000000900120A000000000C1012100410010C2
:10A910000900000900000020008404C1A0A18200F9
:10A92000000490880080008000000000218000105A
:10A930000000000000000000000000000000000017
:10A9400000C0051000020820028402401008100810
:10A95000210285040941A14083400889108811889B
:10A9600010402005200402844084040420002008B4
:10A97000008205A008C00410848240024020082103
:10A98000000021011110028311038840004000855E
:10A99000110341020284020082042100084021A028
:10A9A00004A1058800028500C10404000004002001
:10A9B000820400000000000000000500000000000C
:10A9C000000084210809C00989800802A0891000BC
:10A9D0008410100040A0402004842083A020200286
:10A9E00008000885104082030811000310888420A5
:10A9F000C110C00400059003010541201105099014
:10AA000040C0000000020010104000400900008516
:10AA1000000200C00480010388400480A0040104F7
:10AA2000A000A02008008420102020212000008009
:10AA30000080090900098209100082000009000055
:10AA400000000000200010202120902002880090AB
:10AA5000400410040800210000100090090220901A
:10AA60002000050005004000100020021021009089
:10AA70000200000004020200030002041011800022
:10AA8000828802200000824102020020822082008F
:10AA9000030202040200081002822001A020050027
:10AAA0000301020004838001000000200000000177
:10AAB000000100210041000000000000000005002E
:10AAC0000000000000000320008010850891044170
:10AAD0000800098000A0000088008200200008A172
:10AAE000011001009000000001000800A000A0C0BB
:10AAF00002001000080009800800100020800020DB
:10AB0000200004090080000020A00080008040C0D8
:10AB1000080088888484000084A0C040110241831A
:10AB2000A00000101000C10402040000C080040056
:10AB30000002004000A01002000000000000000021
:10AB400000000000000000000390030804A10505B8
:10AB500009084100890040A04000048810400340DB
:10AB600011C00040008910830089099040400040D6
:10AB700000840520202040A04000044084000020E4
:10AB800000C009040040404000000020C000030253
:10AB900021400001902000400221A004000582888D
:10ABA000100102210021A1041020000000000888EB
:10ABB00021001100820284208005000000000000B6
:10ABC000000000000000000000001020100289209A
:10ABD000A02088118208020001032000A10484093A
:10ABE000A009000040204002C040C0048441000889
:10ABF0009083401008C0009011004020038505217B
:10AC0000080000040003C004054000001004020016
:10AC100000A18441C0200491100800A0218200847A
:10AC20002100C00401A088A00485208084000000C9
:10AC300000030000900321802180028288008200AE
:10AC4000A0219009000000000000840020A0409096
:10AC5000038820089088040420400804A10804A068
:10AC60000084111004040340419020C0801041A0D2
:10AC70000502054000000310049020201020200849
:10AC80004088008320840291409020C00000098801
:10AC90000020088800A008910240042088020801D2
:10ACA00020C008040000212009A0022021882100E2
:10ACB000009080408420000200A00020001010843A
:10ACC00000040090100400000000001000000010BC
:10ACD000A00408050821044101400080000502216C
:10ACE000081000000405840000800000010004003A
:10ACF000C00202001080A000200001000880901116
:10AD000010108911040200000020900010000000C3
:10AD10000000C000A00410400020000001802010AE
:10AD20001110010020800800000000058280200032
:10AD3000040300040409048910C020000220C08418
:10AD400010000000100000000000000000000000E3
:10AD5000808503800008008000032021104180408E
:10AD60000083A10488080000000303A0801000C035
:10AD7000008000800003000008832100C1108005CE
:10AD80000003032008000910000308040810000451
:10AD90000000838080021180008880038900050004
:10ADA0000308000300822000038800030941008497
:10ADB0001105101000400409401082039004110294
:10ADC0001010000000000000000000000000000063
:10ADD0000000A00200208201000200050108110904
:10ADE0008209100985090340040400A1080820C055
:10ADF0000010001000044010900405094084030571
:10AE000020040401000041000000C0019101400144
:10AE10000000000009080420A0040011880941086E
:10AE2000408201090291081008900111880501046F
:10AE30009021000490A002C101C001A18301020180
:10AE400000012001000000000000000000000000E0
:10AE500000000000008300208888019108C00400E1
:10AE600040C0034040A0C101400411C11003A00034
:10AE70000890098900040120010200C191410211DA
:10AE8000200285004010A020892105C1400808014A
:10AE9000C104C108000040C0851002401010000429
:10AEA000000010C101084100418401A08320091065
:10AEB0004000058205204004100188008201110233
:10AEC00003C011820908000000000000000000001B
:10AED00000000000000000820008858041C10020C1
:10AEE00020212100830580402108410083419003F7
:10AEF000832103000341008908101080000321C052
:10AF0000890383008311C083891110828383858321
:10AF10008303880003210000001108820000828260
:10AF20004008112100080302020088024080838249
:10AF3000C104894121000382028008049100C108F4
:10AF400010000404828283840000000000000000DE
:10AF5000000000000000000000001002204180807E
:10AF60000009218520A000830082208320854003E2
:10AF70000041A005A0A08003000003C02020900095
:10AF800041000284202000830041048020208403AB
:10AF90000040040220110083008080808800C1C12D
:10AFA0000080050003098282040310898020048048
:10AFB00000030000830402028003A0A180C10210EC
:10AFC000A005851000840902C18300000000000074
:10AFD000000000000000000000002000110110002F
:10AFE0008888908891108884C00920030004028416
:10AFF0002189400511881084409120000110080427
:10B000000204218800100088A04120910010000255
:10B01000A091208900A100C090410080200810A0CC
:10B020001008C004A00091080802881102100885C9
:10B03000A08408A102000301C0A04001039002C047
:10B040000111898982A100050091400900000000DA
:10B0500000000000000000000000000082408800A6
:10B0600000008888A108042041010289110241845E
:10B07000882191094110419082C0110840000800C8
:10B0800040880200852009100840C00889C18884D2
:10B09000A01088A09121111004A0A0100080A04150
:10B0A000900082000208050008400200C000214113
:10B0B0000590040090400502A10804000590008856
:10B0C000000400000002838203C1030421C00000C9
:10B0D0000000000000000000000000000000C100AF
:10B0E000800000008082038083008220910403009E
:10B0F000A100109020048380A1001000210088008E
:10B10000000080000000831184008000108003088C
:10B1100000000080110003208400A1008200008054
:10B12000001003000000800003000400050200007E
:10B13000030388008400000203822100030088804A
:10B1400000110009000500008391844182A0A00540
:10B1500000000000000000000000000000000000EF
:10B160008148000B040021000000000BD0000041CA
:10B170000000000BD00000000000000BD000820097
:10B180000048000B04000A480042000BD0004200B7
:10B190000000000BD00000480000000BD00042006F
:10B1A00000000048000B040042000000000BD0002B
:10B1B00041480A00000BD00021480000000BD000DD
:10B1C00041001200000BD00000001200000BD00064
:10B1D00012840000000000000000000000000000D9
:10B1E00000000000FFFFF00FF00FF00F3C3CF00FED
:10B1F0003C3CF00F3C3CC33C0F0FF00F3C3CF00FCD
:10B200003C3C0000FFFFF00FF00FC33CFFFF9966CE
:10B210000F0FC3C36666C33CFFFFC33C0F0F33333E
:10B22000FF00000000FF00FF996699666969FF0052
:10B2300000FF0F0F00FF0F0FF0F03C3CF00F3C3C05
:10B24000F00FFFFF000000000C9D0C0C0000000040
:10B2500000000000000000000000000000000000EE
:10B2600000000000FFFF0000F00FF00FF00F3C3C6B
:10B27000F00F3C3CF00F3C3CC33C0F0FF00F3C3C4C
:10B28000F00F3C3CFFFF0000F00FF00FC33C00004C
:10B2900099660F0F3C3C6666C33C0000C33C0F0F31
:10B2A0003333FF000000FF00FF009966996669696B
:10B2B000FF00FF000F0FFF000F0F0F0F3C3CF00FC0
:10B2C0003C3CF00F0000000000000C0C0C0C0000D7
:10B2D000000000000000000000000000000000006E
:10B2E000000000000000000000000000000000005E
:10B2F000000000000000000000000000000000004E
:10B30000000000000000000000000000000000003D
:10B31000000000000000000000000000000000002D
:10B32000000000000000000000000000000000001D
:10B33000000000000000000000000000000000000D
:10B3400000000000000000000000000000000000FD
:10B35000C208040000108861000000000000000026
:10B360000000000000000000F0F00F0F00FFFF00E1
:10B370003C3CF00FFFFFF00F00FF969600FF0F0F11
:10B380003C3CF00FF0F03CC396969696F00FF00F11
:10B390003C3C0F0FF0F03CC33C3C6699F0F03CC3E2
:10B3A0003C3CF00F00FFCCCC00003CC33CC3F0F0B1
:10B3B0000F0F6666C3C3F0F0C3C3FFFF3CC300FFBB
:10B3C000CCCC3C3CF00F3C3CF00F0C0C00009999AD
:10B3D0009B99000000000000000000000000000039
:10B3E00000000000000000000000F0F00F0F00FF60
:10B3F000FF003C3CF00F0000F00F00FF969600FFAE
:10B40000F0F03C3CF00FF0F03CC396969696F00FAF
:10B41000F00F3C3CF0F0F0F03CC33C3C6699F0F09F
:10B420003CC33C3CF00F00FFCCCC00003CC33CC311
:10B43000F0F00F0F66663C3CF0F03C3C00003CC373
:10B4400000FFCCCC3C3CF00F3C3CF00F340C000037
:10B450009999DB9900000000000000000000000046
:10B46000000000000000000000000000C68201B6DD
:10B470000B840840128621F040B40848128621F05F
:10B4800040B40848128621F040B40048C68601F650
:10B4900008B40840128621FC40B40848128621F006
:10B4A00040B40848128621F040B400480000C68627
:10B4B00001F608B40840120621F040B4084812060C
:10B4C000217043940848128621F040340048A08639
:10B4D0005070A38000050586047003A200100000D0
:10B4E0000000000000000000000000000000D7285D
:10B4F000D7D7FFFF00000000FFFFFFFDFFFF0000A8
:10B500000000000000040000000000000003200014
:10B5100000000000F00000100000C3C3C3C3FFFF21
:10B520007DF3003C407CAAAA3C3C00C700EF000031
:10B53000FF3CC30045C76DEF005500550FFF05F5F3
:10B54000000000C0000C0000FFFF7F7500FF00003E
:10B5500000000000050505050000000000553C7DC9
:10B5600000000000000000000000000000000000DB
:10B57000FF002828FFFF00000400FFFFFFFDFFFF82
:10B58000002000000000000000000001000000009A
:10B59000000000000000F00000100000C3F3C3E34F
:10B5A000FFFF41F3003C407CF0F0FF00000400AEE0
:10B5B0000000E8E8E8E804862CAE78FF785500F053
:10B5C00005F500000000828E0000FFFF2F2500FF20
:10B5D0000000000000000F1E0505F000C00000552F
:10B5E0000F5F0000000000000000000000000000ED
:10B5F00000007D7D282855AA55AA000800000000FB
:10B6000000043000000080000000FFFFFFFF00206A
:10B610000000CFFFFFFF0000000000300000141406
:10B62000F41400000000000FFF0F000000000F3CAA
:10B63000FF55000003030000BABFA0A0FFE8FFFC15
:10B6400000FF0000FDFFBCBEFFFF5555FFEBFFF004
:10B6500055FF0F3CFF7DFFFC000FFFFB00000000CB
:10B660001414FFF4000000000000000000000000BF
:10B6700000000000AA00AA0055AA55AA0000000078
:10B68000000000040000000080000000DFFFFFFF5A
:10B6900000200000FFFFFFFF00000000003000005E
:10B6A00014141414000000003C553C550000000028
:10B6B0000F3C00550000141400C3B0B5A0A0FFE873
:10B6C000FF0000FF0000FD3CBC3C8F8F0000FF2806
:10B6D000FF3055000F3CFF7DFFFC000F00FB00001A
:10B6E000000000000000000000000000000000005A
:10B6F000000000000000880980118005840084009B
:10B700008485A11004114100044020204000410420
:10B710000205410111200420411100204010201099
:10B72000021004820021200000002000412182003C
:10B730000888A00082050000092011100000000008
:10B740000000008200010001048821000000009038
:10B7500000000000000020000000000000050020A4
:10B7600000000000000000000000000000000000D9
:10B770000000000000000000052008A0089005005F
:10B7800008090810049001040000028291052109B3
:10B790008289C090A010C080218082900085A08006
:10B7A000058000C102090090010010000100042082
:10B7B000200001002000034000C000000000000045
:10B7C0000000100000000040202000000003820064
:10B7D000000000000000000001000000000000C0A8
:10B7E00002800000000000000009000000000000CE
:10B7F0000000000000000000000000018000C110F7
:10B80000842184010808801080002010004004403A
:10B8100000010000100180052110892120C02011A5
:10B820008411001080218411082000840000809081
:10B830000000000020088082914100000400800088
:10B840008010840000840000000000000020090136
:10B8500000200021049000410440004080000000CE
:10B8600000012100001000010041008200000000E2
:10B870000088000000000000000000000402041026
:10B88000049009880920030008102000000000909F
:10B89000A0830240200004022090049004A0032111
:10B8A00040A021A020A1209021A020A100100010E4
:10B8B0000200001000000403020002C0000001208A
:10B8C00002000400040000000010001000080090B6
:10B8D0000020008004A0A10000A0018300800200DD
:10B8E0009009000400000080000200C00000000376
:10B8F00000000000000000000000000000008810B0
:10B90000C1A085028021900288011001C0C01104ED
:10B9100002400085100185052004A0A104111084B7
:10B92000402188C1C0210020022105214010104083
:10B9300080408800020010A1030141000241000084
:10B9400040C00008800282000300058402820000DB
:10B9500000000020002000010008030311880000FF
:10B960001000080020050088110141881100020123
:10B9700000000000082005000000410041004100D7
:10B980001002080504102082091009101110050585
:10B9900008209182104085080484019009101184C8
:10B9A00010418290091004A040888890009004857E
:10B9B00000850485040041008840001010000584C3
:10B9C0000000880088852002210200000041080054
:10B9D0008820022002200220020490080004902106
:10B9E0001041000082200184A000001000008400AB
:10B9F0000120000000000000000000000000000026
:10BA000000000511852184218821210108110000F1
:10BA10001021002000200021C120200180034001CE
:10BA20008405001185108401902008211008200150
:10BA300084001110200000842088418283100010AF
:10BA400080050000050108200040008810000082E9
:10BA50000300030002011100208404900000200074
:10BA6000100000000000009005900000000020047D
:10BA700005004040000000000000009000000000B1
:10BA800000000000208404A005A0059002104120C1
:10BA9000080000A00080008010C02090C004089022
:10BAA000012041040010048009200891881000043E
:10BAB0000010204000418908100309410041208006
:10BAC00000092040000000080080008000002000E5
:10BAD000200000000800C004C011010000000008A0
:10BAE000100800000000840010000000002000008A
:10BAF0000004080000000000000000000011000029
:10BB0000000000000000041188091091080004845E
:10BB1000000008022002410080C005090508080352
:10BB2000C1219020808500102001A101880008001B
:10BB3000052008000420040010A0084004000000B4
:10BB4000219021100882000041C040000002410203
:10BB5000880000011001002040C000C002840200E3
:10BB600010A110004100000241820810088200006C
:10BB700000080000000000010000000000000000BC
:10BB80000000000000000000019021902020090327
:10BB9000C10404094110840800020200C0C0C002B0
:10BBA0001184088220850820828201100820090063
:10BBB00085218290831011A18903042190059008AA
:10BBC000A009000500858209000008410421040342
:10BBD00040022000C0040840000002200008842029
:10BBE0009000040400200000080004000891C02117
:10BBF00000000009A0088420020290001000C0008C
:10BC000084008800000000001000032100908810CC
:10BC100085108800848441840884090080A0808481
:10BC200008844110900380020001820108109120D5
:10BC3000000100018808000002910908800000004E
:10BC40000220200080200200104000000090100020
:10BC50000040050000001088898485400020802174
:10BC60000020200041000384200000010208080099
:10BC700020020083001000040040A090000000900B
:10BC800000000040000000000000000000A00011C3
:10BC9000098008100920090482000300000902201D
:10BCA0000200A0200080208408801020040401806D
:10BCB00020800010821009200041042000000800AC
:10BCC000001100210040081000200080000000004A
:10BCD00000400000000000000000200420000000E0
:10BCE000040410000011002010000141002000C0D9
:10BCF000000001000008008000000080200010000B
:10BD0000000000000011000000000000000002839D
:10BD100000C0098303414083090280A0A1100020D4
:10BD20008021020500110383111021802009008366
:10BD300000090480048400830989098500000083C8
:10BD4000408980004141008380894000000000005C
:10BD500080050040A0050010000300000000000066
:10BD600000030000808040110003890021000010C2
:10BD700008032110911003034041A102900409031C
:10BD800000000000000000000000000000000000B3
:10BD9000A18204A100080000048284858811C101E9
:10BDA000A090104105900000038385850108A1A0A3
:10BDB000A08300850010009000830009004002006D
:10BDC00000A1050902C00002C08390110182000099
:10BDD0000000080000001100000120018400900014
:10BDE0000000040584000804000000014000050074
:10BDF000000103000004C00501C001000801C000EB
:10BE00000000000000000000000000000000000032
:10BE10000000080190840285820009C08490A0205F
:10BE20008311C010A004A1C084828888848401008A
:10BE300083A1A0010400010083C1080001000400E7
:10BE400083C188211000092005C1820088008890E4
:10BE500005010000041108200882098290004008B2
:10BE6000080089000400C000400005C04004100024
:10BE700040C0A1080000A0C082000200A100C001D3
:10BE800002858300000000000000000000000000A8
:10BE900000000000C1418809040882040804110060
:10BEA000908389888411020805031103828241402E
:10BEB00021088320800380002100830900044100C1
:10BEC0000000838900C08000A18003890900000070
:10BED0000009032000000040808080208380000053
:10BEE0000080800003000004000080000300800048
:10BEF0000000808003C1410009800321C0052000AB
:10BF000005208385C0040000000000000000000040
:10BF1000000000000000211180040540808902918A
:10BF200000C040C002A14140100009C010820202BE
:10BF300041000040A0830080008080090083000051
:10BF4000808209858083000003800009808389093D
:10BF50000080808980830000080010C000008800F5
:10BF60000280004000808003008000008080000389
:10BF700000000411008000031009002040890285A0
:10BF80000385000300051090000000000000000081
:10BF90000000000000000000114182011011108219
:10BFA000C1090420051000820141008400850805B4
:10BFB0000008C14000019183000400C0A0830883F1
:10BFC00000028209031008830010A040C089048386
:10BFD00008A0024008A140830000010000050040C5
:10BFE0001000002000900084082100080400404058
:10BFF00000A100C000C000040403010008880089FB
:10C0000000830020009000A000210000000000003C
:10C010000000000000000000000083200810100154
:10C02000850483880001090408828411882088001F
:10C0300088A083898800820001A083A18410000069
:10C040000890838800C0110004080388030440019D
:10C05000A0100189010400000188000004111004EF
:10C0600082000208010000C1000000880100A00554
:10C070004000000005408409C000C000001101011B
:10C080000001014000C0001101000000000000009C
:10C09000000000000000000000000000880088038D
:10C0A00040211000A000080490830880C18841004E
:10C0B0000810100083C0000005082000892000003F
:10C0C0000404000083890585820000800380040049
:10C0D0008004098003C00480001120000000034098
:10C0E000C0004008808003030088000000000300B7
:10C0F00011108000000083910088030000000902F5
:10C10000052041021080080002A002410300000047
:10C11000000000000000000000000000000082009D
:10C12000000BD00042008241000BD0000041000013
:10C13000000BD00000008241000BD0004100120033
:10C14000000BD0000A008200000BD000820000002B
:10C15000000BD00000000A00000BD000000000001F
:10C160000000000BD00000480000000BD0000000D1
:10C170000000000BD00000000000000BD000000009
:10C180000042000BD00000410000000BD000000076
:10C19000000000000000000000000000000000009F
:10C1A000000010000000000400000000FFFFFFFF7F
:10C1B0001C1FDCDF000000C314140C0C003C141422
:10C1C00000000F0F000000FF0000000F0000000F34
:10C1D0000000003C000000FF0000417D0000003C2A
:10C1E0000000550F55FF0F0F0F0F0000FFFF00005D
:10C1F0000F0F000000FF0000FFFF00000F0F000006
:10C200000F0F0F2F0F0F00EB0FEF414100F0555FA5
:10C21000F5FF00000000000000000000000000002A
:10C220000000000000000000000000040000FFFF0C
:10C23000FFFB1013D0D3000000C30000000000007B
:10C24000000000000F0F000000000000000F0000C1
:10C25000000F0000003C000000000000417D0000D5
:10C26000003C0000550055F00F0F0F0F00000000BC
:10C2700000000F0F000000FF0000000000000F0F83
:10C2800000000F0F0028000000FF0FFF414100F0E9
:10C290005D5D7D7D000000000000000000000000EA
:10C2A000000000003000000000000000000000005E
:10C2B00000800080FEF4AEA400000000AA00282840
:10C2C0003C0030003C000000FF000000F0000000D7
:10C2D000A0A000003C000000FF000000FF000000E4
:10C2E0003C3C0000000050BE5014FFFF0000FFFF68
:10C2F0000000AAAA00003C3C0000AAAA0000C3C398
:10C30000FFFF5555FFFF00FF04FF00000000400045
:10C310000000FBFFBABE00000000000000000000AB
:10C32000000000000000000000000100000000000C
:10C330000001FFFF00805E540E040C0000000000AE
:10C340000000000030003C00000000000000F00091
:10C350000000A0A000003C00000000000000000061
:10C36000000000000000000000BE001400000000FB
:10C3700000000000AAAA00003C3C0000AAAA00009D
:10C38000C3C3FFFF5555FFFF00FF0CFF0010000067
:10C3900000000000FBAABAAA000000000000000094
:10C3A0000000000000000000A0005210A3080005DB
:10C3B0000000020C0300000000860CF0A0B0000595
:10C3C0000800040C03020010C040C01033004903F1
:10C3D000C041C01033004903C0C7C0F030B04903AA
:10C3E000C0C7C070333043030000008600F030B097
:10C3F0004803C0C7C0F030904903C0C7C090308028
:10C400004903C0C7C0F030B04103008600EC009083
:10C41000000000860CF00090008500000000000085
:10C4200000000000000000000000A0003000001428
:10C4300000552828A0A0000F003C000000000000CC
:10C440000000AA00A0A0050514143C002800000567
:10C45000000CA0A03030000C0005000000000C0F04
:10C46000FFFF00000000FFBB551100003CBC3C3C3E
:10C47000550F550F00000000F0FFF3FFFFF5FFF52B
:10C48000003CFF3CFFFF0000434F737F00000000B3
:10C49000F00F005500000000005D00550000000096
:10C4A000000000000000000000000000A0003000BC
:10C4B0000014000000000000000000000000200048
:10C4C0000000000400000000000000000000280040
:10C4D0000005000C00000000000C00050100000039
:10C4E0000C0FC30000000000FF33FF3300003C3C92
:10C4F0003C3C550F550F00000000000F000C0A00D7
:10C500000A003C3C3C3C30003000404C707C000059
:10C510000000F00F0055000000000055005500001D
:10C520000000000000000000000000000000F0001B
:10C53000A0A000140005A000F00004040005FFFF07
:10C54000FFF00008000028003000040405053C004E
:10C55000F0000C0C1414AA00A000003C14140000FD
:10C56000000000100F1FAAAAF0F001500100000007
:10C570000000000000000000000000001015FFFF98
:10C58000F0F0F0F00C00CFFF000000000000FFFF13
:10C590002000200000F00FFF00000000300000C06D
:10C5A000000000000000000000000000000000008B
:10C5B0000000000000140005A000000004040005B5
:10C5C000FFFFFFF00000000028003000040400001E
:10C5D00000000000000000000000A00000000000BB
:10C5E0000000000100100F1FAA00F000A150A100E0
:10C5F0000000000000008000000000000000101596
:10C600001015AAAAF0F00C00CFFF00000000000CEB
:10C61000000C2000200005F505F5000000003000AA
:10C6200000C000000000000000000000000000004A
:10C630000000040841A00420210841840400049063
:10C640000488210002C0202003000902000020000D
:10C6500002900484209011001120009041C0050434
:10C6600000820090200400001182410002000000BE
:10C6700041C0000000002100000000000000009008
:10C680000008000000C00000000400A0000000003E
:10C690000000000000820000000000000000000018
:10C6A0000000000000000082000000000000000008
:10C6B00000000000A0042010040420000420400515
:10C6C0000200022120030000901020000005040059
:10C6D0000005021090020402040088030000000418
:10C6E000400082000000000090050000880000105B
:10C6F0000000A0040000C004000988092000000018
:10C70000000000000000A0000005900400030000ED
:10C710000003000000000000000000000000000016
:10C720000000000000000000000000000000000009
:10C730000000000000002000002000100000200089
:10C7400000840920408400C0009021820000030082
:10C750000000000000A00000000800A00000000091
:10C76000000003A000C000000000000000820000E4
:10C770000084002000000000000000000000000015
:10C780000000000000000000008200000000000027
:10C790000000000000080000000000000000000091
:10C7A0000000000000020000000000000000000087
:10C7B000000000000000000000024008C00302204A
:10C7C000A0000209C010C011402000100009901103
:10C7D00000210020001004040008A020000900052A
:10C7E0000000002100210000000804020021A01028
:10C7F00000000010000300410000000000000000E5
:10C8000000000000000000000000400000050000E3
:10C8100000200000002000000000000000000000D8
:10C8200000000000000000090000000000000000FF
:10C830000000000000000004000041000900028424
:10C84000111021A0028821400390218241C002C022
:10C850000382058208900510050205840400020089
:10C86000090009A04100050005A005C009A000902D
:10C870001100030009C00490000000000500409072
:10C8800010C00000000000004100090004002182E7
:10C890000900052010000000000000000500110044
:10C8A00003000288050041000000050000000000B0
:10C8B000000000000000000000000000821084035F
:10C8C0008441000340110441820082411041000272
:10C8D0000000000200089000C011080902030021B6
:10C8E00002038400020082200800080910001005DD
:10C8F00040038400020382000211000000000000D7
:10C900000000C0210009C008C0081009C040840010
:10C91000820090009000000010004000C003000062
:10C920001000880004090000002000000000000939
:10C93000000000000000000000000000000003C034
:10C940000288094010820000039002900840050010
:10C95000020410C0081000200520008221104104AC
:10C96000110003002040088808000040004000003B
:10C970001004100040002100410002880500000062
:10C9800000000084410010000000000000000500CD
:10C9900000000000000000400090050000080000BA
:10C9A0000000000000200000000000000000000067
:10C9B0000000000000000000000000000000000077
:10C9C0008403A011C0118400C011020502094011A6
:10C9D000C0118211842184039000001140090021BC
:10C9E000084184058203A011101110088204000977
:10C9F0000200821010080000C01100090000A00011
:10CA00000000000000040020C020000400412010AD
:10CA10000000901108080008100800094009820071
:10CA200010092004820300204000000000002004C0
:10CA30000003000900040040001100000000000095
:10CA4000000005004090100009C009000010408857
:10CA5000000204020000088200000002031000002F
:10CA600041C000000000050208C000000000214095
:10CA70000082000009000500008200000000009014
:10CA8000028800000090000000000000000000A0EC
:10CA9000080000000020050005000900000000005B
:10CAA0000500090000000000000021000000000057
:10CAB0000000000000000000000000000000000076
:10CAC0000000000008050800902104058205A0214F
:10CAD00004058809A01084020002840900000400F3
:10CAE0000810000000000000000000038409A003FB
:10CAF000080300090821A021900008008408A00074
:10CB00000020102100000202A021A0094005A00081
:10CB100040001000081100401000A040C000880034
:10CB200082024010020084000000001102099000FF
:10CB30008800822088000009000000000800000032
:10CB4000000000000000008800A000004104410037
:10CB5000110809844000118410881190040009C054
:10CB600021000210020002000090100008200400C2
:10CB700000402100410004900004000010C02090FB
:10CB80000010000000000000000000200000024033
:10CB90000800102010201100000009084188000042
:10CBA0002100000000000000110000000000400013
:10CBB0000000000000000000000000000000000075
:10CBC000000000000000000000000240904004004F
:10CBD0008808040510218402842182032004400374
:10CBE000100020218803820082090809200810080B
:10CBF0001041902188091011C009C004A0089009B3
:10CC0000100040211000900000000800C0008209C0
:10CC10000000000388008821A0040403040000042D
:10CC20000020824000408400042000040209042007
:10CC3000A002004020408820040400000000000002
:10CC400000000000000000000000000000000000E4
:10CC500000000000000000000000000000000000D4
:10CC600000000000000000000000000000000000C4
:10CC700000000000000000000000000000000000B4
:10CC800000000000000000000000000000000000A4
:10CC90000000000000000000000000000000000094
:10CCA0000000000000000000000000000000000084
:10CCB0000000000000000000000000000000000074
:10CCC0000000000000000000000000000000000064
:10CCD0000000000000000000000000000000000054
:10CCE0000000000000000000000000000000000044
:10CCF0000000000000000000000000000000000034
:10CD00000000000000000000000000000000000023
:10CD10000000000000000000000000000000000013
:10CD20000000000000000000000000000000000003
:10CD300000000000000000000000000000000000F3
:10CD400000000000000000000000000000000000E3
:10CD500000000000000000000000000000000000D3
:10CD600000000000000000000000000000000000C3
:10CD700000000000000000000000000000000000B3
:10CD800000000000000000000000000000000000A3
:10CD90000000000000000000000000000000000093
:10CDA0000000000000000000000000000000000083
:10CDB0000000000000000000000000000000000073
:10CDC0000000000000000000000000000000000063
:10CDD0000000000000000000000000000000000053
:10CDE0000000000000000000000000000000000043
:10CDF0000000000000000000000000000000000033
:10CE00000000000000000000000000000000000022
:10CE10000000000000000000000000000000000012
:10CE20000000000000000000000000000000000002
:10CE300000000000000000000000000000000000F2
:10CE400000000000000000000000000000000000E2
:10CE500000000000000000000000000000000000D2
:10CE600000000000000000000000000000000000C2
:10CE700000000000000000000000000000000000B2
:10CE800000000000000000000000000000000000A2
:10CE90000000000000000000000000000000000092
:10CEA0000000000000000000000000000000000082
:10CEB0000000000000000000000000000000000072
:10CEC0000000000000000000000000000000000062
:10CED0000000000000000000000000000000000052
:10CEE0000000000000000000000000000000000042
:10CEF0000000000000000000000000000000000032
:10CF00000000000000000000000000000000000021
:10CF10000000000000000000000000000000000011
:10CF20000000000000000000000000000000000001
:10CF300000000000000000000000000000000000F1
:10CF400000000000000000000000000000000000E1
:10CF500000000000000000000000000000000000D1
:10CF600000000000000000000000000000000000C1
:10CF700000000000000000000000000000000000B1
:10CF800000000000000000000000000000000000A1
:10CF90000000000000000000000000000000000091
:10CFA0000000000000000000000000000000000081
:10CFB0000000000000000000000000000000000071
:10CFC0000000000000000000000000000000000061
:10CFD0000000000000000000000000000000000051
:10CFE0000000000000000000000000000000000041
:10CFF0000000000000000000000000000000000031
:10D000000000000000000000000000000000000020
:10D010000000000000000000000000000000000010
:10D020000000000000000000000000000000000000
:10D0300000000000000000000000000000000000F0
:10D0400000000000000000000000000000000000E0
:10D0500000000000000000000000000000000000D0
:10D0600000000000000000000000000000000000C0
:10D0700000000000000000000000000000000000B0
:10D0800000000000000000000000000000000000A0
:10D090000000000000000000000000000000000090
:10D0A0000000000000000000000000000000000080
:10D0B0000000000000000000000000000000000070
:10D0C0000000000000000000000000000000000060
:10D0D0000000000000000000000000000000000050
:10D0E0000000000000000000000000000000000040
:10D0F0000000000000000000000000000000000030
:10D10000000000000000000000000000000000001F
:10D11000000000000000000000000000000000000F
:10D1200000000000000000000000000000000000FF
:10D1300000000000000000000000000000000000EF
:10D1400000000000000000000000000000000000DF
:10D1500000000000000000000000000000000000CF
:10D1600000000000000000000000000000000000BF
:10D1700000000000000000000000000000000000AF
:10D18000000000000000000000000000000000009F
:10D19000000000000000000000000000000000008F
:10D1A000000000000000000000000000000000007F
:10D1B000000000000000000000000000000000006F
:10D1C000000000000000000000000000000000005F
:10D1D000000000000000000000000000000000004F
:10D1E000000000000000000000000000000000003F
:10D1F000000000000000000000000000000000002F
:10D20000000000000000000000000000000000001E
:10D21000000000000000000000000000000000000E
:10D2200000000000000000000000000000000000FE
:10D2300000000000000000000000000000000000EE
:10D2400000000000000000000000000000000000DE
:10D2500000000000000000000000000000000000CE
:10D2600000000000000000000000000000000000BE
:10D2700000000000000000000000000000000000AE
:10D28000000000000000000000000000000000009E
:10D29000000000000000000000000000000000008E
:10D2A000000000000000000000000000000000007E
:10D2B000000000000000000000000000000000006E
:10D2C000000000000000000000000000000000005E
:10D2D000000000000000000000000000000000004E
:10D2E000000000000984048204900201040204008A
:10D2F0000210044020408300114004018440400893
:10D3000000A102C104080040911084410001000105
:10D310002000800004118000212011050000200160
:10D320002040040000000008000002080010000176
:10D330002000000000082003800180052005000176
:10D34000000000000002000000008000000000005B
:10D3500000040000000200000000000000000000C7
:10D360000000000000002000900020200440010088
:10D370000204000000800083200800A100404085D6
:10D3800021000420002000000080200211209020B5
:10D3900000200100200441200410008000842008A7
:10D3A00000104080050000C00090000001800000D7
:10D3B000000401000000A000018220042084918468
:10D3C00000020000040000800000000010000000C7
:10D3D0000004008000050080000000000000000044
:10D3E00000000000000000000002401000000002E9
:10D3F0000001820180008002000200000000044061
:10D400000011000000A00020808400000001001036
:10D4100004000403001100050000004100040004A2
:10D42000000000100001000000000010000000904B
:10D43000000100000000000000900001800100C118
:10D4400080050000000100000004000100C100018F
:10D4500000010000000000000000000000000000CB
:10D46000000000000000000000000210A1C1000246
:10D470008200044004020404041000C100100410DF
:10D480000390009000100008008802100003044080
:10D49000000091000140824000C00011002000A166
:10D4A00000210000008200080000000000080021A8
:10D4B000041000100000000000020000000204043C
:10D4C0000004048400000002000000880002004004
:10D4D000000800020002000300000002000000003B
:10D4E00000000000000000000000000040098383ED
:10D4F00008911000000004104040000440040202A3
:10D5000040414008080809000040000900C00088A8
:10D5100021108020809088C080A104080010101085
:10D52000001100100000002010A0000100001008F1
:10D5300004001040804000828011A0820000C002E0
:10D540002084204020050000A04020000020000092
:10D550004140100800400002000084040400100054
:10D560000000000010000000000000000000830424
:10D57000200202400000080082000088088010118C
:10D5800011C10004900201030008000010200811DE
:10D590008200C00020000220400004200100900012
:10D5A0001041002090210000880089000004000044
:10D5B0008300002101800405000004100500000024
:10D5C0002180010091000184000521000105828075
:10D5D0000000000001800000008000002191010097
:10D5E000000000000000000000000000000000003B
:10D5F00040008804A000100420000800200400025D
:10D6000010000500092040040801050108018004FC
:10D610000000210003002004000010000000002092
:10D620000000100000029000800002000000400195
:10D63000000009000200A0401000000000002000CF
:10D64000201090C1200010012020000110000001D6
:10D6500002210000000000000000000000000000A7
:10D6600000010000000000000000000000000000B9
:10D6700000000100021041080400880440024083B9
:10D6800020888208080000880188030204402004E2
:10D690000488002090000000C1000000002010411C
:10D6A000008400040021C004040040000020004069
:10D6B00021040000100001050280040890100004FD
:10D6C0000002C02120402100004091A10002820000
:10D6D000000482A0880900111000900000090402D3
:10D6E0000000002000040000000000000000000016
:10D6F000000000004100080040018285090020016F
:10D700004102218408C04140020021C000400500C0
:10D71000412003850900001005080241C1000008EE
:10D7200020820840008200C090A0038910C0100130
:10D73000008220010000098404118084C18400015A
:10D7400000080390A14140014100A00010410000E9
:10D7500021000000102100A0004000090541000048
:10D7600000010090800100000000000000000000A7
:10D7700000000000000000058921880241400041AE
:10D78000834082000005000000800000C000A0006F
:10D7900000000090042000200000000088024000EB
:10D7A0000000010000000000081020000820000018
:10D7B0000010000001040000000001100208020037
:10D7C0000020000010002020014084000305000418
:10D7D000000000000000008208000000004000205F
:10D7E000000000020000040410000000000000001F
:10D7F000000000000000000010402009090840C19E
:10D80000000520900500200041202120200011A0CB
:10D8100009040009C10820A003021020000010C064
:10D8200090002182020810020588009040080088BC
:10D8300005840010004008100000049020840408B3
:10D84000200400000240080800000000A00000843E
:10D85000049000C00300038241211188000000826F
:10D8600021A000040020000000200000000400406F
:10D8700000200000000000000000029104100010D1
:10D88000010484028404A008040400902080400065
:10D89000200240211002040004020000C000200009
:10D8A0002000400482042004000000208204840040
:10D8B00000050402C000000300030000030201028F
:10D8C000830041820008018300030003000005007B
:10D8D0000204880440088400C00800A00000020080
:10D8E0000400C004200000000000840000000000CC
:10D8F0000000000000000000000000008003200085
:10D900008000802083038921850209039083830995
:10D910000008100509030303880941A0059110C000
:10D92000054021C18383080389C00588038304A0BF
:10D93000A01083218008850520400005000008050F
:10D9400008110040031111401121004141109111B3
:10D95000890310210941830383042002912091400F
:10D960000002110509028203830404024110000031
:10D970000000000000000000000000000000109106
:10D98000098820828221A0210221020990880403B3
:10D990001090C02090A0C0A141A110109005882136
:10D9A000080840100105032100A10205901041095B
:10D9B000014103C10300900191000100000000003B
:10D9C000010102002000000000010000900101019F
:10D9D00091911140110201058201100100014001E5
:10D9E000050184000000010083010401050102011A
:10D9F0000000000000000000000000000000000027
:10DA0000080011001000C103089111C00911A10400
:10DA100000209004882103018240884189218320CD
:10DA20000300009002012100034190110509A100AB
:10DA300008001082A0010101040089C08941C102CF
:10DA4000000010840421212104C0010401A000026F
:10DA500001088200C08404410905C00041048921F5
:10DA600089008900A0030284030008009140210579
:10DA7000050000020000000000000000000000009F
:10DA8000000080212009C10003C1C141A14182A041
:10DA9000039041A009C008A083042000094183032A
:10DAA0008303A00000408005A00490A009C1830367
:10DAB0000340C10903C020030341C0081004022130
:10DAC0008989000008052109852191C0088808007E
:10DAD0001191108005400300214109894100849083
:10DAE000021003030200052003C18900A000048284
:10DAF000029003030080000000000000000000000E
:10DB000000000000800080800882008390C1902186
:10DB100040841003C0C121888411C1834040008922
:10DB20000503038309C08020A00820C0911041890B
:10DB30009103830303C1000205218303031000C185
:10DB400000A1C1830080039021C008081088080844
:10DB500005210820A0100202800309A183839041BF
:10DB60000004108203838000004000C10083A0A055
:10DB70000004108283030000000000000000000089
:10DB8000000000000000A00420C04009C083C008BD
:10DB900021A18311080305084040409020111089FD
:10DBA000C010048941890002040840910088C00522
:10DBB00000040803411191080011A01105010101A1
:10DBC00000080005118300800110010400C1888253
:10DBD0000101004000010301018910C0A1848305F7
:10DBE000832000110085038902900009008988893B
:10DBF00083400021001141050000000000000000EA
:10DC0000000000000000000021A12010218202037A
:10DC100041412188414020409188208408C0020071
:10DC2000050591C0A011218820000810A002050060
:10DC30008904410309C0030003820103A12104A058
:10DC400040C121048201202100808301408285009F
:10DC5000A04003881082C1010300850011209100BB
:10DC60000440018301C00105010400000021890076
:10DC70008840018201C00121000200000000000074
:10DC80000000000000000000000003038040A080AE
:10DC900080030303A11004891184030008091110F3
:10DCA0001008831103C1410220820900C080408016
:10DCB000900003020383820588050380208310827D
:10DCC000210090C14021210889900080A0084011C6
:10DCD0009040088020002121020310008920C10308
:10DCE000090220000388048502841082041005C103
:10DCF000A010858003890405022121A000000000F6
:10DD00000000000000000000000000000A00000BFE
:10DD1000D00006420000000BD00082000000000B83
:10DD2000D00000000000000BD0000A421100000BE0
:10DD3000D00000000000000BD00012420000000BD9
:10DD4000D00012424188000BD00006000000000005
:10DD5000000BD00082000000000BD000005000003B
:10DD6000000BD00000824100000BD0001250124284
:10DD7000000BD00000000000000BD000125000008B
:10DD800000000000000000000000000000000F0F75
:10DD90000000FF0000000000000000000000000084
:10DDA000000000000000000000000000000006006D
:10DDB00026003F03E7E7000000000000000000002D
:10DDC000000000000000E73F243FFFC3F3FF000016
:10DDD0003E3E023EFCFC6600FFFF3C346666FF00F0
:10DDE000C1C30200500A90090000000000000000BA
:10DDF0000000000000006060000000000000000063
:10DE00000000000000000000000000000000000012
:10DE10000F0F0000FF0000000000000000000000E5
:10DE200000000000000000000000000000000000F2
:10DE300006002000FFFFFFFF0000000000000000C0
:10DE40000000000000000000E7032403FFC3F3FF0D
:10DE500000003E0202020C0C6600C3CB00007646B6
:10DE6000FF00C3C30000300C60060000000000008B
:10DE70000000BD9F249F9F00FF6000000000000085
:10DE80000000000000000000000000000000000092
:10DE900000000000000000000000C20804000010A4
:10DEA0008861C208040000108861C20804000010E4
:10DEB00088610000000000000000C208040000109B
:10DEC00088614008040000100820000000000000E5
:10DED0000000000000000000000000000000000042
:10DEE000000000000000000000000000C208040064
:10DEF000001088610000000000000000C20804005B
:10DF00000010886100000000000000000000000018
:10DF10000000000000003C3C6666F00F00000000BE
:10DF200000000000000000000000000000000000F1
:10DF300000000000000000F90000C3C30000000062
:10DF4000000000000000000000000000427E427E51
:10DF50000000000000006646667600FFD0F4202432
:10DF6000EFE7FFFFBC3C300C500A76B910200000F0
:10DF70000000000000000000C0003C3CFFBF0000AB
:10DF80000000000000000000000000000000000091
:10DF900000000000000000003C3C6666F00F00003E
:10DFA0000000000000000000000000000000000071
:10DFB000000000000000000000F30000C3C30000E8
:10DFC00000000000000000000000000000003030F1
:10DFD000F3F33F033D0100000606F6F6F0F0F0F023
:10DFE0002424E7E700002C3C300C300C669900003C
:10DFF00000000000000000000000C0003C3CFFFFEB
:10E000000000000000000000000000000000000010
:10E010000000000000000000A2C75170A3340148B6
:10E02000058604F000B20010058604F000B200106E
:10E03000000600F00082001000860C70A398000516
:10E04000008600F000B20010008600900080000002
:10E0500000860C6C031900000000008600F000B080
:10E060000000008600F000300000008600B0009242
:10E070000000058604700392001000860C6C039269
:10E080000000058604F0008200100000000000007F
:10E0900000000000000000000000000008003C3C00
:10E0A000FFFFDFFFFFFF0F7D0F41EFFFFFFF0000CE
:10E0B0000000300000003DC70104FFFFFFFC00A08E
:10E0C000C3E37878AA00002D552D3E3E3434072F47
:10E0D000072FFDAD5D0DFF0000AA00003F3C2A2880
:10E0E0003C3C00FF000020000F0F0000FD3C083CFE
:10E0F0000CCF08DF0000000000FFEBFF0C0C0C0C45
:10E100002020FF2000000000C3FFE3FF000000000C
:10E1100000000000000000000000000000000000FF
:10E120003C3FFFF3FFFFFFFF0C7D0C41EFFFFFFFC4
:10E1300000000300000000003CC30000FFFFFFFCE4
:10E140000000C3C37878AA00002D552D3E3E34341C
:10E15000072F072FF8A858080A0A0000000000003F
:10E1600000000C0C000F000000000F0F00007D3CB1
:10E17000283C0F0F0F0F000000000404EFEF0C0C01
:10E180000C0C0000FF0000000000003C001C000020
:10E19000000000000000000000000000000001007E
:10E1A00000005F5F5050000000007D7D4141FFFF97
:10E1B000FFFFF00000005050FAFA22221122FFF077
:10E1C000AA3CFFFF3CFFFFF00F00003CFF3CFF00BC
:10E1D000FF00170F170F000000005C005CFF00003D
:10E1E00000000000008000000000000000000000AF
:10E1F000FF3CA0A0454545EF000000000C0C0C0CB6
:10E2000000000000F7F7FCFF00000000FCFCFEFC33
:10E2100000000000000000000000000000000000FE
:10E2200000000000FC3CFC3C010000000C0F0C0F47
:10E23000FFFFFEFFF000000078287828111100335E
:10E2400000F0AA3CFFFF3CFF30303030000F000FE1
:10E25000F0F0FF00170F170F00000000000000FF94
:10E2600000000000000000000000000000000000AE
:10E270000000003CA0A0040404AE00000000005513
:10E28000FFFF00000000C7C7FCFF000000000C0CEF
:10E29000040C00000000000000000000000000006E
:10E2A00000001108849011110211200488410340DC
:10E2B00084080420C0098410C0A003410209840519
:10E2C0000821802140210021A110002000401001E0
:10E2D00040058000042021204020800000008000B4
:10E2E0008000000000002004000004002100000065
:10E2F00000400000000200000002000000050001D4
:10E300000001000000000000000080210000000467
:10E3100000000001000000000000000000000000FC
:10E3200000000000000008004008A10800800988E3
:10E330000480048890802120218021212084219044
:10E3400003C005C008A0009000900480008590855F
:10E350000104008820040080008000800204000581
:10E360000204200000C00004208000000000000023
:10E37000000000800000008000000080000000C05D
:10E3800000040004000000000000000040840000C1
:10E3900000800000002000000000000000000000DD
:10E3A000000000000000000000000001000100016A
:10E3B0000011000080004000000000000083000108
:10E3C0000004000000000011002100110401000001
:10E3D0000001000100010001110000000020000008
:10E3E000000000000000000000000000000000002D
:10E3F000000000000000000000000000000000001D
:10E4000000100000000000000000000000000000FC
:10E4100000000001000000000000000000000000FB
:10E42000000000000000000000000003A040A00861
:10E43000004000C00003201000210041001000082F
:10E44000004000A1002100080090009000A00110F1
:10E45000002100400040004000200000002100801A
:10E4600000000000000000000000000000030002A7
:10E470000010000000100008002100000000000053
:10E48000002100A1000000000000000000000003C7
:10E490000011000000040000000000000000000067
:10E4A000000000000000000000000240008403C0E3
:10E4B00080910008C11010108020A0100084050277
:10E4C00005000088009180000000081100208421D0
:10E4D000402103A00010411000C000000000000017
:10E4E00000002010008241904182000020000000C6
:10E4F0000210820000100000008400820000200052
:10E5000000A000A1088400000040A08400000000DA
:10E510008008A004000200012004030500000000A0
:10E5200000000000000000000000000001100010CA
:10E5300084000204C09008900511048021109021ED
:10E5400082000004001110080241080505A0849112
:10E55000419001900011001100000010A0418421A1
:10E5600010030021010084000000004000000100B1
:10E57000000001000503008500001005040582006D
:10E580001100000500400100C000008505210000C9
:10E5900000031080218000800004018000840000BE
:10E5A0000000000000000000000000000000050066
:10E5B00000011000C04020000801410104200300B8
:10E5C00008000004200120008900C100A0012005EE
:10E5D0002000100520000000000141019000000013
:10E5E000000100000000100000000000000000001A
:10E5F000030009002000000000014000000040006E
:10E600004100C000090010001101000000010000DD
:10E6100000040000000100000000000000000000F5
:10E6200000000000000000000000000000000000EA
:10E6300000009010821040900010010400100500AE
:10E640000003050900408210010040112000210252
:10E650000082111000900010000000201020042102
:10E6600000009020020000000009000000000000EF
:10E67000000000080002011020210010000000002E
:10E680000000000004001000000000100000004026
:10E690000000000000000008000000000000000072
:10E6A000000000000000000000000000000000006A
:10E6B000000008A08308208405901000901000043A
:10E6C00010A1090002208300108410200501100809
:10E6D00080001000842104A010014100000000000F
:10E6E0004100100020828020008200840401020189
:10E6F0000382000000C0202004040884008203007C
:10E70000208220840400090004A005A000A000824B
:10E710000308410040C0100005A010C00000200008
:10E7200000040005000000000000000000000000E0
:10E73000000000000205081000414020A0200884CD
:10E7400084C110200405904120050820C0C0A020ED
:10E750000008404188000990011088041004100846
:10E7600020000005000001002080C0008810010486
:10E770001104C00000000008018301901121000075
:10E780000021050801210100100001210000000303
:10E790000000000500000100000000000021100042
:10E7A0000100008084A000000000000000000000C4
:10E7B00000000000000002102140020820C040823A
:10E7C000C084418284020201100441084083084051
:10E7D000A1A1000400040020C11008820202400030
:10E7E0004100000803044190200400881011020039
:10E7F00000880000004100008208200000848000A2
:10E800002001200000009082400040040900040420
:10E810000820028285844084000210000020040445
:10E82000000000A000020004000000400000000002
:10E830000000000000000000000000800241000015
:10E8400088000809040005000010000010000020E6
:10E85000000010044000000000004080010000089B
:10E8600000000000000000000000010000000004A3
:10E870000100000000000020000020000000000057
:10E8800020000110010000000400000000800000D2
:10E890000180010000000200000000800000000074
:10E8A0000180000000000000008000000000000067
:10E8B000000000000000000000009008C1880988E6
:10E8C0000511038591C1408020080509000300A1BE
:10E8D00000080000A1800980000080800000058001
:10E8E00000408004400800080504800321008409DA
:10E8F000090000038900100803C100008803852176
:10E90000050000000003000980034040910502104B
:10E9100040100420110400A00020109008050040C1
:10E920008440090282058000850041090000000042
:10E9300000000000000000000000000003049090B0
:10E94000000200C00183910801C001020000000024
:10E95000A01002000008A010022000004082848461
:10E960000040000104009100020000000801008442
:10E97000C00000A000A111204191001100008901F8
:10E9800009000800000000018801080000000401DF
:10E99000C00189010000A088008584830105010071
:10E9A0008801080101009001C0000800000100007A
:10E9B0000000000000000000000000000000041043
:10E9C0008508C1010800C000830940C0C120019032
:10E9D00000010804010105C10200A1040321040093
:10E9E00084080420828320080508089002C00000E3
:10E9F000040001000301820188002121A18300009D
:10EA000008A103210388C1094000A0000900830177
:10EA100090032084C1822140820089C090A183415B
:10EA200000A000C021000100010001C0010100019F
:10EA300000000000000000000000000000000000D6
:10EA40008080881085020211102040109005C004BB
:10EA50001100032080000310A0102040410010C0CE
:10EA60008241008580008090A02084028304A1C0A0
:10EA7000000083002100030900100300218803091E
:10EA8000000080038804A100838940000300210363
:10EA900083092010038085048880090520802120B7
:10EAA0009090090005C1850509414000048040029D
:10EAB0000909000000000000000000000000000044
:10EAC000000011200021A090908300000040091058
:10EAD0001085004011051005884180804180038029
:10EAE00000800080800084890080090820C0208880
:10EAF000A0110303808082894003110000088889E7
:10EB0000000300000808048003A040030000404107
:10EB10000089808303410902100503901040802082
:10EB2000402008882080000200A0410341C00091DD
:10EB30004184850300000000000000000000000088
:10EB400000000000000002000803118240000411D0
:10EB500000012182A00400000100090082200002BF
:10EB60000004C082C0084000829002820001004080
:10EB700000854185A0000404A0A1030500908883BE
:10EB8000418500410000010501020002898300A0C7
:10EB9000010900410241A1A000A1010308090001EF
:10EBA00008898301A109000800A00085008900C12F
:10EBB00000C10088080500000000000000000000FF
:10EBC0000000000000008820411182002008880118
:10EBD0001003A00002880000004020000000820313
:10EBE00084020401A08282A000C0820020002020B4
:10EBF00091C1A000030004891189A1000404858843
:10EC0000110990004082000083C1C0080400024046
:10EC10000190008401000088020401102101C1C09C
:10EC2000054003111001020000040002018401C02C
:10EC300001200101000101000000000000000000AF
:10EC400000000000000000002100419009218880A0
:10EC50000320A1208302C180000000A0004000002A
:10EC600080C00008801000808004008000008000C8
:10EC7000098020041121A00083820440C00000808C
:10EC800083848408050000800000830200809011C6
:10EC9000408003C000000400400011800485101073
:10ECA00010008283A0C1A12082000300110202A1F2
:10ECB0002080020020030902400000000000000044
:10ECC000000000000000000000002100000BD00048
:10ECD00000000A00000BD00041000000000BD00033
:10ECE00000000000000BD00082604100000BD0004B
:10ECF00000500000000BD00000000000000BD0000E
:10ED000000000000000BD000004800000000000BD5
:10ED1000D0000A000000000BD00000000000000B33
:10ED2000D0000A000000000BD00000000042000BE1
:10ED3000D00000000042000BD000110000000000D5
:10ED40000000000000000000000000000F000FFFA6
:10ED500000000000000000000A0F5A5F00000000E1
:10ED6000800000000000000000000000FFFF000025
:10ED700000FF000014D714D700300F3FF0F0FF0061
:10ED8000FFFF3C00FFFFF5A0FFFF0F000000FFFFAB
:10ED90003030FFFFEB284D4D7171FFFFFF00033F47
:10EDA0001717000F7D7D0414FEBE3C353C55FFAAAD
:10EDB000550000A05F5F3C383C280E0CBE3C0000B4
:10EDC00000000000000000000000000000003C55B2
:10EDD0003C550400000010000000000550550000E4
:10EDE00000008000000000000000000000000000A3
:10EDF000000000FF00000C0CCFCF00000F0FF0F060
:10EE0000FF00FFFFFFC3FFFFF5A0FFFFFFF00000C3
:10EE1000FFFFF3F3FFFFEB284D4D7171FFFFF0F0A3
:10EE2000003C1414000F28281414BEBE3C553C5559
:10EE30002D2D2D2D00005FFF3C3C3C3C0A00AA001C
:10EE400000000000000000000000000000000000C2
:10EE5000EBFCEBC000000000410000000FFF0F00C2
:10EE6000F8F008002020FFFF00000000FFF00F0076
:10EE700000003C3C00003C3CBEF514F5FFFFFFDF0A
:10EE80005555FFFF05F5FFFFC0C0FFFF05AFFFFFB2
:10EE900000005555FFFF00F0FFFF033FFFFF3F035A
:10EEA000FCC0FAEA0A2AFB10F330FFFF0F1F3C3ABE
:10EEB0003C3CB4B4B4B478FF7800FFFF8282DF8AB0
:10EEC000FFAA000000000000000000000000000099
:10EED000000028FC28C00A00000041000000AAFF32
:10EEE000AAC3F8F008000000FFFF00000000ACAC6F
:10EEF000ACAC00003C3C00003C3CBEA014A0FFFFBA
:10EF0000FFFF0F0FFFFF05F5FFFFCFCFFFFF05AF9F
:10EF1000FFFF000000FFFFFF0FFFFFFF033FFFFFAA
:10EF20003F03FCC0EAEA2A2AF0F0F0F0F0E000002B
:10EF3000AAAAAAAAFFAA550050FF5000FFFF00008E
:10EF40008A8AAAAA00000000000000000000000059
:10EF50000000000000860C7003300005A086507091
:10EF6000A3100005A00052F0A0380015A08652F0B2
:10EF7000A0B00085A8005410A302001500860CF074
:10EF8000A0B00005C0C6C09030804903C0C7C0B063
:10EF9000309049030000C0C7C0F030B04903C0C77B
:10EFA000C0F030905103018600F000B800000086E8
:10EFB00000F00090000000860CEC00990000008634
:10EFC00000EC009200800000000000000000000043
:10EFD00000000000000000000003AAFFFF55010030
:10EFE0000000AAAA5F5F0000F0F03C3C0000FF00B8
:10EFF000F0F0AAFF2D2D2828A0A000551414000021
:10F0000000000000000F3C3CFC0C0050FF5FFFFFC5
:10F010001F3F0A5F0B1F0000BEBEF5A00D000DF0E4
:10F02000000000000300FFFFBCBC3C3C00000000EF
:10F03000555555D500000F0F000000005555170F0E
:10F0400000000000550F554D0000000000000000BA
:10F0500000000000000000000000000300FFFFFFB0
:10F060000000000050500A0A0000F0F03C3C000094
:10F070003C3CAAAA00552D2D000000000000000015
:10F0800000000001000000003C3CFC0C0050FF5F51
:10F09000E0C000000A5F0F0F00001414F5A0080084
:10F0A00008F0000000000000000080800000400028
:10F0B00000005555D5D500000F0F00000000555534
:10F0C0001400000000005500554100000000000041
:10F0D00000000000000000000000FFFFFFFFFFFF36
:10F0E000FFFDA8A8FC001F1ABFBA0000F0F000FF47
:10F0F0000000FFFFFF0F0F0F0000F000AA00000C40
:10F10000000F000000000000000CBE14BE14555596
:10F11000F5F5FA78AA280C0F5C5F000000000000EB
:10F120000000FF000000000000CFC341000000000D
:10F130000008555D282828280F03003C0000000027
:10F140000055005500000000000000000000000015
:10F15000000000000000000000000000DFFFFFFFD3
:10F16000FFFFFFFDA8A8FC00151015100000F0F02F
:10F1700000FF0000FFFFFF0F00F010100000000074
:10F18000000C0000000000000000000CFF00FF0069
:10F1900055550505507800280C005C500000000013
:10F1A0000000005C005C0000000000C3C3410000E0
:10F1B00000000008555D2828F82800000F3F0000D7
:10F1C0000000005500550000000000000000000095
:10F1D000000000000000000000000000000021000E
:10F1E00020004088201004844020040004004000D7
:10F1F0002088040211002000201020100488110033
:10F20000000811C0000811000000000011002000DB
:10F21000000000000000000040002100400000004D
:10F2200004000000000000000000000000002100B9
:10F2300000000000000000000000000000000000CE
:10F2400000000000000000000000000000000000BE
:10F2500000000000000000000000000000000000AE
:10F26000200008030000A00000400000A021A00032
:10F2700020080000000020000000A0000000A00006
:10F280000000A0000000C000000000000000080016
:10F2900000000000000000000000000090000000DE
:10F2A000000000000000000000000000000000005E
:10F2B0000000C0000000000000000000000000008E
:10F2C000000000000000000000000000000000003E
:10F2D000000000000000000000000000000000002E
:10F2E000000000000000000000000000000000001E
:10F2F000000000000000000200000000000000000C
:10F30000000000000000009000000000000000006D
:10F3100000000000000000000000000000000000ED
:10F3200000000000000000000000000000000000DD
:10F3300000000000000000000000000000000000CD
:10F3400000000000000000000000000000000000BD
:10F3500000000000000000000000000000000000AD
:10F3600000000000001100030000400840210011CF
:10F370000008022100020020002000080010000800
:10F380000008001000020000001000110000000042
:10F39000000200020011000000080000001100053A
:10F3A0000004001100000000000000080008000038
:10F3B0000000000000080000000000000000000243
:10F3C000000000000000000000000000000000003D
:10F3D000000000000000000000000000000000002D
:10F3E000000000000000050003824110000000083A
:10F3F00005000500098220A000820810208403A0D7
:10F40000200010C04182000005001000038440006D
:10F4100005820000000010000500100041A000005F
:10F420004100050000000000410005000000000050
:10F4300005000000050000000000000004000000BE
:10F440000000100010001000000041000000050046
:10F45000000000000000100000000000000000009C
:10F460000000000000000000C0108421102184056D
:10F47000C00800418804001084028421C0020003F7
:10F480000000C021C0210021841100118200102140
:10F490001000000010001010C021C041000000004A
:10F4A00082000000000000000000000000210000B9
:10F4B000000800000041C000100084000008002186
:10F4C000000000008400C000002100000000840053
:10F4D00084000000000000000000000000000000A8
:10F4E000000000000000000000001008418402003D
:10F4F00041000090029041900300410010900320D1
:10F500000200059009001100200003001000020015
:10F510002000000041000500000011000000004034
:10F5200000001100000010000000000000000000BA
:10F5300009000090100000000900000000004000D9
:10F54000000000000000094005000000000000006D
:10F5500000000000000000000000000000000000AB
:10F560000000000000000000000000000005000096
:10F57000000000000000000000000000000000008B
:10F58000000000000000000000000000000000007B
:10F590000000000000000000000200000000000069
:10F5A000000000000000000000000000000000005B
:10F5B000000000000000000000000000000000004B
:10F5C000000000000000000000110000000000002A
:10F5D000000000000000000000000000000000002B
:10F5E0000000000000000000000000000000038296
:10F5F00010000000000000A000000000050800103E
:10F6000005000000000003001000000008000000DA
:10F610000020000000100000000041000000000079
:10F6200010000000000000C000000000000000000A
:10F6300000000000000000A000000000000000002A
:10F6400000820000000000004100000000000000F7
:10F6500000000000000000000000000000000000AA
:10F66000000000000000000000000000000000009A
:10F670000041904184051002820310000010022115
:10F680002000C00084111021904190030003000865
:10F690001000C0000010C010840010080021842158
:10F6A00000088200C00010000010000300030021C9
:10F6B0000000840090001000842100004000000041
:10F6C000000084000008C0030000840000218403BF
:10F6D000842000008400001184000000C000C000ED
:10F6E000000000000000000000000000000000001A
:10F6F00000000000098420820488200009A01182F3
:10F70000040010880088000000201082408400005F
:10F710000020119005822008020200000200000073
:10F720000020000000002020004010041000000015
:10F7300010080000400000000400000241000088A2
:10F74000000000201000400020000400000009001C
:10F750000202040010000004000003040000000086
:10F760000000000000000000000000000000000099
:10F770000000000000030000000000000000000086
:10F780000400880000000000000084000041000028
:10F7900000000002000040004000000000000000E7
:10F7A0000000000000000000000000000000000059
:10F7B0000000000000000003000000000000000046
:10F7C0000000000000000000000000000000000039
:10F7D00000000000000000000000000040000000E9
:10F7E0000000000000000000000000000000000019
:10F7F0000000000000000000000000000000000009
:10F8000000000000000000000000000000000000F8
:10F8100000000000000000000000000000000000E8
:10F8200000000000000000000000000000000000D8
:10F8300000000000000000000000000000000000C8
:10F8400000000000000000000000000000000000B8
:10F8500000000000000000000000000000000000A8
:10F860000000000000000000000000000000000098
:10F870000000000000000000000000000000000088
:10F880000000000000000000000000000000000078
:10F890000000000000000000000000000000000068
:10F8A0000000000000000000000000000000000058
:10F8B0000000000000000000000000000000000048
:10F8C0000000000000000000000000000000000038
:10F8D0000000000000000000000000000000000028
:10F8E0000000000000000000000000000000000018
:10F8F0000000000000000000000000000000000008
:10F9000000000000000000000000000000000000F7
:10F9100000000000000000000000000000000000E7
:10F9200000000000000000000000000000000000D7
:10F9300000000000000000000000000000000000C7
:10F9400000000000000000000000000000000000B7
:10F9500000000000000000000000000000000000A7
:10F960000000000001000000000000A000000000F6
:10F970000000000000000000000000000000000087
:10F980000000000000000000000000000000000077
:10F990000000000000000000000000000000000067
:10F9A0000000000000000000000000000000000057
:10F9B0000000000000000000000000000000000047
:10F9C0000000000000000000000000000000000037
:10F9D0000000000000000000000000000000000027
:10F9E00000000000000020000000000000000000F7
:10F9F0000000000000000000000000000000000007
:10FA000000000000000000000000000000000000F6
:10FA100000000000000000000000000000000000E6
:10FA200000000000000000000000000000000000D6
:10FA300000000000000000000000000000000000C6
:10FA400000000000000000000000000000000000B6
:10FA500000000000000000000000000000000000A6
:10FA60000000000000000000000000000000000096
:10FA70000000000000000000000000000000000086
:10FA80000000000000000000000000000000000076
:10FA90000000000000000000000000000000000066
:10FAA0000000000000000000000000000000000056
:10FAB0000000000000000000000000000000000046
:10FAC0000000000000000000000000000000000036
:10FAD0000000000000000000000000000000000026
:10FAE0000000000000000000000000000000000016
:10FAF0000000000000000000000000000000000006
:10FB000000000000000000000000000000000000F5
:10FB100000000000000000000000000000000000E5
:10FB200000000000000000000000000000000000D5
:10FB300000000000000000000000000000000000C5
:10FB400000000000000000000000000000000000B5
:10FB500000000000000000000000000000000000A5
:10FB60000000000000000000000000000000000095
:10FB70000000000000000000000000000000000085
:10FB80000000000000000000000000000000000075
:10FB90000000000000000000000000000000000065
:10FBA0000000000000000000000000000000000055
:10FBB0000000000000000000000000000000000045
:10FBC0000000000000000000000000000000000035
:10FBD0000000000000000000000000000000000025
:10FBE0000000000000000000000000000000000015
:10FBF0000000000000000000000000000000000005
:10FC000000000000000000000000000000000000F4
:10FC100000000000000000000000000000000000E4
:10FC200000000000000000000000000000000000D4
:10FC300000000000000000000000000000000000C4
:10FC400000000000000000000000000000000000B4
:10FC500000000000000000000000000000000000A4
:10FC60000000000000000000000000000000000094
:10FC70000000000000000000000000000000000084
:10FC80000000000000000000000000000000000074
:10FC90000000000000000000000000000000000064
:10FCA0000000000000000000000000000000000054
:10FCB0000000000000000000000000000000000044
:10FCC0000000000000000000000000000000000034
:10FCD0000000000000000000000000000000000024
:10FCE0000000000000000000000000000000000014
:10FCF0000000000000000000000000000000000004
:10FD000000000000000000000000000000000000F3
:10FD100000000000000000000000000000000000E3
:10FD200000000000000000000000000000000000D3
:10FD300000000000000000000000000000000000C3
:10FD400000000000000000000000000000000000B3
:10FD500000000000000000000000000000000000A3
:10FD60000000000000000000000000000000000093
:10FD70000000000000000000000000000000000083
:10FD80000000000000100000000000000000000063
:10FD90000000000000000000000000000000000063
:10FDA0000000000000000000000000000000000053
:10FDB0000000000000000000000000000000000043
:10FDC0000000000000000000000000000000000033
:10FDD0000000000000000000000000000000000023
:10FDE0000000000000000000000000000000000013
:10FDF0000000000000000000000000000000000003
:10FE000000000000000000000000000000000000F2
:10FE100000000000000000000000000000000000E2
:10FE200000000000000000000000000000000000D2
:10FE300000000000000000000000000000000000C2
:10FE400000000000000000000000000000000000B2
:10FE500000000000000000000000000000000000A2
:10FE60000000000000000000000000000000000092
:10FE70000000000000000000000000000000000082
:10FE80000000000000000000000000000000000072
:10FE90000000000000000000000000000000000062
:10FEA0000000000000000000000000000000000052
:10FEB0000000000000000000000000000000000042
:10FEC0000000000000000000000000000000000032
:10FED0000000000000000000000000000000000022
:10FEE0000000000000000000000000000000000012
:10FEF0000000000000000000000000000000000002
:10FF000000000000000000000000000000000000F1
:10FF100000000000000000000000000000000000E1
:10FF200000000000000000000000000000000000D1
:10FF300000000000000000000000000000000000C1
:10FF400000000000000000000000000000000000B1
:10FF500000000000000000000000000000000000A1
:10FF60000000000000000000000000000000000091
:10FF70000000000000000000000000000000000081
:10FF80000000000000000000000000000000000071
:10FF90000000000000000000000000000000000061
:10FFA0000000000000000000000000000000000051
:10FFB0000000000000000000000000000000000041
:10FFC0000000000000000000000000000000000031
:10FFD0000000000000000000000000000000000021
:10FFE0000000000000000000000000000000000011
:10FFF0000000000000000000000000000000000001
:020000040001F9
:1000000000200000010000000000000000000000CF
:1000100000000000000000000000000000000000E0
:1000200000000000000000000000000000000000D0
:1000300000000000000000000000000000000000C0
:1000400000000000000000000000000000000000B0
:1000500000000000000000000000000000000000A0
:100060000000000000000000000000000000000090
:100070000000000000000000000000000000000080
:10008000004000000000020000000000000000002E
:100090000000000000000000000000000000000060
:1000A0000000000000000000000000000000000050
:1000B0000000000000000000000000000000000040
:1000C0000000000000000000000000000000000030
:1000D0000000000000000000000000000000000020
:1000E0000000000000000000000000000000000010
:1000F0000000000000000000000000000000000000
:1001000000000000000009000000000000000000E6
:1001100000000000000000000000FFFFFFFFFFFFE5
:10012000FFFFFFFFFFFFFFFFFFFFFFFFFFFFFFFFDF
:10013000FFFFFFFFFFFFFFFFFFFFFFFFFFFFFFFFCF
:10014000FFFFFFFFFFFFFFFFFFFFFFFFFFFFFFFFBF
:10015000FFFFFFFFFFFFFFFFFFFFFFFFFFFFFFFFAF
:10016000FFFFFFFFFFFFFFFFFFFFFFFFFFFFFFFF9F
:10017000FFFFFFFFFFFFFFFFFFFFFFFFFFFFFFFF8F
:10018000FFFFFFFFFFFFFFFFFFFFFFFFFFFFFFFF7F
:10019000FFFFFFFFFFFFFFFFFFFFFFFFFFFFFFFF6F
:1001A000FFFFFFFFFFFFFFFFFFFFFFFFFFFFFFFF5F
:1001B000FFFFFFFFFFFFFFFFFFFFFFFFFFFFFFFF4F
:1001C000FFFFFFFFFFFFFFFFFFFFFFFFFFFFFFFF3F
:1001D000FFFFFFFFFFFFFFFFFFFFFFFFFFFFFFFF2F
:1001E000FFFFFFFFFFFFFFFFFFFFFFFFFFFFFFFF1F
:1001F000FFFFFFFFFFFFFFFFFFFFFFFFFFFFFFFF0F
:10020000FFFFFFFFFFFFFFFFFFFFFFFFFFFFFFFFFE
:10021000FFFFFFFFFFFFFFFFFFFFFFFFFFFF0000EC
:1002200000000000000000000000000000000000CE
:1002300000000000000000000000000000000000BE
:1002400000000000000000000000000000000000AE
:10025000000000000000000000000000000000009E
:10026000000000000000000000000000000000008E
:10027000000000000000000000000000000000007E
:10028000000000000000000000000000000000006E
:10029000000000000000000000000000000000005E
:1002A000000000000000000000000000000000004E
:1002B000000000000000000000000000000000003E
:1002C000000000000000000000000000000000002E
:1002D000000000000000000000000000000000001E
:1002E000000000400000004000010000000000008D
:1002F00000000000000000000000000000000000FE
:1003000000000000000000000000000000000000ED
:1003100000000000000000000000000000000000DD
:1003200000000000000000000000000000000000CD
:1003300000000000000000000000000000000000BD
:1003400000000000000000000000000000000000AD
:10035000000000000000000000000000000000009D
:10036000000000000000000000000000000000008D
:10037000000000000000000000000000000000007D
:10038000000000000000000000000000000000006D
:10039000000000000000000000000000000000005D
:1003A000000000000000000000000000000000004D
:1003B000000000000000000000000000000000003D
:1003C000000000000000000000000000000000002D
:1003D0000000000000000000000000160000000007
:1003E000000000000000000000000081000000008C
:1003F000311C0000000000000000000000000000B0
:1004000000000000000000000000000000000000EC
:1004100000000000000000000000000000000000DC
:1004200000000000000000000000000000000300C9
:1004300000000000000000000000030000000000B9
:1004400004000300000003000000000000000000A2
:100450000000000003000000000008000000000091
:100460000000000008000000020000000000000082
:100470000000000000000800000008000400000068
:10048000080000000000020004000000000000005E
:1004900000000000000004008000000000000000D8
:1004A0000000000000000400000000000000000048
:1004B000000000000000000000000000000000003C
:1004C000000000000000000000000000000000002C
:1004D000000000000000000000000000000000001C
:1004E00000000000000000000040000000000000CC
:1004F00000000000000000000000000000000000FC
:1005000000000100000000000000000000000000EA
:1005100000000000000000000000040000000000D7
:1005200000000000000000000000000000000000CB
:1005300000000000080000C000000000000000C033
:1005400000000000000000C00010000000000000DB
:10055000000000000000004000000000000000005B
:100560000020000000C0002000000000002000C0AB
:1005700003C00000002000C000000000030000C015
:10058000000000A080C000A00000002003C0000008
:1005900000000000000000000040002000000000FB
:1005A00000000000040000C0000000008200000005
:1005B000000000000000000000000010000000002B
:1005C00000000010000000100000000000100010EB
:1005D0000010000000200010021000100041001068
:1005E000001000210000001000100010000000109A
:1005F0000010001000410000001000210010002039
:100600000010001000100400002000210010001055
:100610000010001000410010001002410010020004
:1006200000200410024000400040000000200000B4
:1006300000000000000000000000000000000000BA
:1006400000100010000000900000000000000000FA
:100650000002000000000004000000000000000094
:1006600000000000000000000084004000000000C6
:1006700000000000000000100000009000000000DA
:10068000000000000000000000000000004000002A
:100690000000020003000010000000A00010001085
:1006A000009000A000000000009000000040020048
:1006B000000000000000000000000000000000003A
:1006C000000000000000000000000000000000002A
:1006D000000000000000000000000000000000001A
:1006E000000000000000000000000000000000000A
:1006F00000000000000000000000000000000000FA
:1007000000000000000000000000000000000000E9
:1007100000000000000000000000000000000000D9
:1007200000000000000000000000000000000000C9
:10073000880000A0008400C000C0000000A00000ED
:10074000000000A000000000000000000000000009
:100750000000000000000000000000000084008491
:1007600000A00000000000000000000000000000E9
:100770000000000000000000000000000800002051
:10078000002000000000000000C0000000C00000C9
:100790000000000000000000000000000000000059
:1007A00000840000000000000000000000000000C5
:1007B0000000000000100010000500000000000014
:1007C0000000000000100000000000000000000019
:1007D0000000000000000000000000000800000011
:1007E0000000000000000000004100000000A00028
:1007F000A000000000000000000000210000000038
:1008000000000000000000000000A0000041000007
:1008100000100000000008050000000008000005AE
:100820000000A00000000005A00000000000100073
:1008300084100800A000000000000010000000204C
:100840000020002000000000000000000000000068
:100850000000001000000000000000000000100078
:100860000000000000000010000000000000000078
:100870000002000000000000000000000000000076
:1008800000000000000000000088000000000000E0
:1008900000000040000410000000000004000002FE
:1008A0000000000400000000000010000200020030
:1008B0000010000000002100000000000000000007
:1008C0000000000000000000000000000000000028
:1008D0000000000000000000000000000000000018
:1008E0000000000000000000000000000000000008
:1008F00000000000000000000000000000000000F8
:1009000000000000000000000000000000000000E7
:1009100000000000000000000000000000000000D7
:1009200000000000000000000000000000000000C7
:1009300000000000000000000000000000000000B7
:100940000000001000000010000000000084000003
:100950000000008400000000000000000000000013
:100960000000000000100000000000000000000077
:100970000010000000001000000000001000000047
:100980000000000000000000001000000000000057
:1009900000000000000000000000000000000084D3
:1009A000000000000000000000000000800110C0F6
:1009B0000000000000000010000000840000004162
:1009C00000210000000500100002000000000000EF
:1009D00000001041000000000000000000000021A5
:1009E0000000A01000000041000000000000000016
:1009F0001000820000001000000000000000000451
:100A0000000084000000841000410000102000005D
:100A1000000000004000C010000000000800A00816
:100A200000020041A0000000820000000800041045
:100A3000A00500000000820082008200A0000000EB
:100A400000000000000000000000000000000000A6
:100A50000000000000000000000000000000000096
:100A60000000000000000000000000000000000086
:100A70000000000000000000000000000000000076
:100A80000000000000000000000000000000000066
:100A90000000000000000000000000000000400016
:100AA0000000000000000000000000000000000046
:100AB0000000000000001000000000000000000026
:100AC0000000000000000000000000000000000026
:100AD0000000000000000000000000000000000016
:100AE0000000000000000000000000000000000006
:100AF00000000000000000000000000000000000F6
:100B000000000000000000000000000000000000E5
:100B100000000000000000000000000000000000D5
:100B20004000000000000000000000000000000085
:100B30000000000000000000910000000000000024
:100B400000000000000000000000000000000000A5
:100B50000000000000000000000000000000000095
:100B60000000000000000000000000000000000085
:100B70000000000000000000000000000000000075
:100B80000000000000000000000000000000000065
:100B90000000000000000000000000000000000055
:100BA0000000000000000000000000000000000045
:100BB0000000000000000000000000000000000035
:100BC0000000000000000000000000000000000025
:100BD0000000000000000000000000000000000015
:100BE0000000000000000000000000000000000005
:100BF00000000000000000000000000000000000F5
:100C000000000000000000000000000000000000E4
:100C100000000000000000000000000000000000D4
:100C200000000000000000000000000000000000C4
:100C300000000000000000000000000000000000B4
:100C400000000000000000000000000000000000A4
:100C50000000000000000000000000000000000094
:100C60000000000000000000000000000000000084
:100C70000000000000000000000000000000000074
:100C80000000000000000000000000000000000064
:100C90000000000000000000000000000000000054
:100CA0000000000000000000000000000000000044
:100CB0000000000000000000000000000000000034
:100CC0000000000000000000000000000000000024
:100CD0000000000000000000000000000000000014
:100CE0000000000000000000000000000000000004
:100CF00000000000000000000000000000000000F4
:100D000000000000000000000000000000000000E3
:100D100000000000000000000000000000000000D3
:100D200000000000000000000000000000000000C3
:100D300000000000000000000000000000000000B3
:100D400000000000000000000000000000000000A3
:100D50000000000000000000000000000000000093
:100D60000000000000000000000000000000000083
:100D70000000000000000000000000000000000073
:100D80000000000000000000000000400000000023
:100D90000000000000000000000000000000000053
:100DA0000000000000000000000000000000000043
:100DB0000000000000000000000000000000000033
:100DC0000000000000000000000000000000000023
:100DD0000000000000000000000000000000000013
:100DE0000000000000000000000000000000000003
:100DF00000000000000000000000000000000000F3
:100E000000000000000000000000000000000000E2
:100E100000000000000000000000000000000000D2
:100E200000000000000000000000000000000000C2
:100E300000000000000000000000000000000000B2
:100E400000000000000000000000000000000000A2
:100E50000000000000000000000000000000000092
:100E60000000000000000000000000000000000082
:100E70000000000000000000000000000000000072
:100E80000000000000000000000000000000000062
:100E90000000000000000000000000000000000052
:100EA00000000000000000001242000000000BD013
:100EB0000000000000000000000000000000000032
:100EC0001242000000000BD00000000000000000F3
:100ED0000000000000000000000000000000000012
:100EE0000000000000000000000000000000000002
:100EF00000000000000000000000000000000000F2
:100F000000000000000000000000000000000000E1
:100F100000000000000000000000000000000000D1
:100F200000000000000000000000000000000000C1
:100F300000000000000000000000000000000000B1
:100F400000000000000000000000000000000000A1
:100F50000000000000000000000000000000000091
:100F60000000000000000000000000000000000081
:100F70000000000000000000000000000000000071
:100F80000000000000000000000000000000000061
:100F90000000000000000000000000000000000051
:100FA0000000000000000000000000000208208196
:100FB00000800000000000000000000000000000B1
:100FC00000000000020820810080000000000000F6
:100FD0000000000000000000000000000000000011
:100FE0000000000000000000000000000000000001
:100FF00000000000000000000000000000000000F1
:1010000000000000000000000000000000000000E0
:1010100000000000000000000000000000000000D0
:1010200000000000000000000000000000000000C0
:1010300000000000000000000000000000000000B0
:1010400000000000000000000000000000000000A0
:101050000000000000000000000000000000000090
:101060000000000000000000000000000000000080
:101070000000000000000000000000000000000070
:101080000000000000000000000000000000000060
:101090000000000000000000000000000000000050
:1010A0000000000000000000000000000000000040
:1010B00000000210084000000000000000000000D6
:1010C00000000000000000000000021008400000C6
:1010D0000000000000000000000000000000000010
:1010E0000000000000000000000000000000000000
:1010F00000000000000000000000000000000000F0
:1011000000000000000000000000000000000000DF
:1011100000000000000000000000000000000000CF
:1011200000000000000000000000000000000000BF
:1011300000000000000000000000000000000000AF
:10114000000000000000000000000000000000009F
:10115000000000000000000000000000000000008F
:10116000000000000000000000000000000000007F
:10117000000000000000000000000000000000006F
:10118000000000000000000000000000000000005F
:10119000000000000000000000000000000000004F
:1011A000000000000000000000000000000000003F
:1011B000000000000000000000000000000000002F
:1011C000000000000000000000000000000000001F
:1011D000000000000000000000000000000000000F
:1011E00000000000000000000000000000000000FF
:1011F00000000000000000000000000000000000EF
:1012000000000000000000000000000000000000DE
:1012100000000000000000000000000000000000CE
:1012200000000000000000000000000000000000BE
:1012300000000000000000000000000000000000AE
:10124000000000000000000000000000000000009E
:10125000000000000000000000000000000000008E
:10126000000000000000000000000000000000007E
:10127000000000000000000000000000000000006E
:10128000000000000000000000000000000000005E
:10129000000000000000000000000000000000004E
:1012A000000000000000000000000000000000003E
:1012B00000000000000000000001000000008000AD
:1012C000000000000000000000000000000000001E
:1012D000000100000000800000000000000000008D
:1012E00000000000000000000000000000000000FE
:1012F00000000000000000000000000000000000EE
:1013000000000000000000000000000000000000DD
:1013100000000000000000000000000000000000CD
:1013200000000000000000000000000000000000BD
:10133000000000000000000000000000909000008D
:10134000000000000000000000000000000000009D
:10135000000000009090000000000000000000006D
:1013600000002000200020002000020004000400F3
:101370000400200020000000200000000400040001
:1013800004000000400011000200080004000000FA
:101390000800910008001100040040000400030050
:1013A00004000000400002000200040004000500E8
:1013B00011000400400008000400110004000400B3
:1013C00000000400040004002000040002000000EB
:1013D0000400110082040200040004000200040062
:1013E0000200800001000100010001000000000077
:1013F00000000000010001000000010000000000EA
:1014000000000000000001000000010000000000DA
:1014100000000000080001000000000001000000C2
:101420000000000000C001000000000000000000FB
:1014300000000000000001000000000000000000AB
:101440000000000001000000000201000000000098
:1014500000000000000020800000000000000000EC
:10146000000000000400001088008000804080A080
:10147000000000000000800080100000000000203C
:101480000000002000200000002180000200001069
:101490002010800020A000400010002080100021BB
:1014A00080880020002000000420A12080008410FB
:1014B00080C0002000C0004000200010002000205C
:1014C000802000C021200400002000100011022014
:1014D000009080A000C004A0030404A100880200C2
:1014E000000000200000022000400441040004002D
:1014F0004010002100000010041004200010002102
:1015000000100021000000109021041020000500B0
:10151000822001202011052000100020001004204E
:1015200000400410001000100000010004100441ED
:1015300004214020002000200000001082100090B4
:10154000021040110210021005109009001004044E
:1015500000219010041000409020049001200021F0
:101560000010040000A00010009080040020000083
:10157000000000840000800000840000008480845B
:1015800000208010008400A08084000200840020DD
:1015900080100088008400100084000200108090F9
:1015A0000000002000020000008400000004004051
:1015B00000020002008402840484048400000010FD
:1015C00000020084004000020040000400210003EB
:1015D00080200010004000210010000000C000200A
:1015E00000A08040800480200002800404000000ED
:1015F00000000000000000004000000000000000AB
:101600004002000004000000001004000000000080
:1016100000102000000000000080000000002000FA
:10162000400000000010000020000000000000004A
:101630000010000500000400001120090110000046
:1016400000050000000020000005000020800020B0
:1016500000A020820000000410C000000010000064
:1016600000800010208020000480000020804100C5
:101670004100100010009000801080A0C000408445
:101680008000200010000010000400004100200035
:10169000800010000400100003002100000084847A
:1016A00040000800200000030300100008000000B4
:1016B00008C0118410100800080000A008A000094C
:1016C0002101000009000001C100000010002000FD
:1016D00003020000052005900300A1C105000200DF
:1016E00041C00401410009002000412041000001E7
:1016F0000000000500000005040540002010210541
:101700008500400083000000C000829082410000FC
:10171000110020100000C1000800000000090005B1
:10172000410009100100C1000040A00000000005B8
:101730000000000000100000A04182050810010513
:10174000C09008200841A000002008000000880583
:101750000900000500050000A000000002200800AC
:101760000241002191200041840085050085000090
:1017700088040300004000020840000021C008C0A7
:10178000408441A010C00484042000100490088804
:10179000208409C0042040C00800009008101010E8
:1017A000052010C010C00400080002400002098299
:1017B000038400000000108400204190040010C049
:1017C00000C005840090000204A0039004102000D3
:1017D00000400940052021002040052000C00500F0
:1017E000200002002004004009A005A04104048557
:1017F00005C01021000000000000010000000000F2
:1018000000000000000000000100010000000120B5
:101810000100000000000000010000000000008046
:1018200000000080000000000100000001800000B6
:1018300000000000000000000000000000000100A7
:101840000000001000009000000000000000008078
:101850000000000000000000000001000080000007
:1018600000000000010001800010000000000000E6
:101870000020000000A008C00085080040C02084AF
:10188000C101000180841088088408C08810881075
:1018900008008400888411A100C00084C0A0041046
:1018A000040004C0411000000410038408008200FA
:1018B00041840300058400000010418402C010A090
:1018C0008010C10000858084108400200084000006
:1018D00008C0008802842000001021A00304080032
:1018E000109040A0219002A041C0108205A0A1A0AC
:1018F000A00441A0419041040100001001009000AB
:1019000001000404902004000000000000004000DA
:101910002110010021002105000200050021030023
:101920000180010001000080004101100000002141
:10193000031100000000000000000000A0100000E3
:1019400000000841044190201000002110C108004F
:101950001041010082000100090008000805848090
:1019600010000021014108418205001140000000E3
:101970002000218584404000C0A0081000400011D4
:101980004090100308401182104000004002408047
:101990000200008000002000000000002004000081
:1019A0002000090910100010410820030940001010
:1019B000C00810100420004008410000000008008A
:1019C000201000119009209100401100404000209B
:1019D0000002000010040000000208080840040390
:1019E0000040031189102009021009111110004153
:1019F00000031111031180C088C00505010100001A
:101A000008000011054189900009014100904088BB
:101A100000C000080082A04091880004C0000101BD
:101A2000000001000400010920000101050101007E
:101A300008009001C111019100040041000000A0C4
:101A40001040011100101100010982000000020085
:101A50000001C00000008900000000000000A1009B
:101A60000000820000004001C1000101000008A048
:101A70000011088800020185041008850004001088
:101A800001C00403010041009082840289C0084122
:101A9000820188409090C0010801400082A00000AF
:101AA00000C10000000088C0010001A00100014049
:101AB0000184010401C0000000A0000100910000A9
:101AC000110008A04100C0090004000200C000018C
:101AD0000020000200210001080082084109830162
:101AE00000C0000801050100020040210341A100DF
:101AF00002008400010011011101A0C1918409C1FB
:101B00000911088040400840200820000804038094
:101B100080080020000000090010801000008010E4
:101B20000000000300000004080004000880080909
:101B30004080400020050380001100C00020000309
:101B4000000010408008100200C1000000C000909A
:101B500000030000000800020003820011881082C8
:101B6000890309001120408841101000040220035D
:101B700041404000040005088908024109C0208056
:101B8000890903100440000240080204C0C040203C
:101B9000C003000000000500000000000000080075
:101BA000008000800000038000800440024009089B
:101BB000C0401002050410880803084000081040C7
:101BC0000000008002808000080003000000400345
:101BD0004140880808081011021008080008000891
:101BE000044088080809082110401040A021000482
:101BF00000A010400908890289082108050900048D
:101C00000010218301000000001104010041820343
:101C100082110341C00484880410009040040440F1
:101C200040040082A00800C00102008200A001015F
:101C300000018200000100008289A1010100000072
:101C40000100000000800008C040A1C09190000089
:101C5000010001A0040101000100010111010000C7
:101C600000010000080090000000010105010403CC
:101C700000840085910300C089A14000018800C054
:101C8000408840A000A101880001000001004188B7
:101C90009082A000418290104008100088108211AC
:101CA0004084C0009088001000080001000000007F
:101CB000000190010000018801830101009085006E
:101CC000C082880089000080A01140008310A0A07D
:101CD00001000088100000C0011000000000010099
:101CE00001400101000000000008000300000000A6
:101CF00001090510010000828590C103018500A043
:101D000085008909A18488A110004040034010008B
:101D10000311404082092080009109020000000068
:101D200080A00000000000000080000000200000F3
:101D30000000001000400000038010A0080802808E
:101D400088000280400041000080050804111080D6
:101D5000110041000500400008000880090004004F
:101D600008002000400405100800408003044003E0
:101D7000111010030811100911008940050420A05A
:101D80000004890485A1209191090041000BD00035
:101D900006008200000BD00082418200000BD000C0
:101DA00000000000000BD00000008100000BD000FC
:101DB0000A880041000BD00000410000000BD00059
:101DC00082008200000B0000824200000600000B2F
:101DD000000000600000000B000000420000000B4B
:101DE000000000421242000BD00000420042000BF3
:101DF000D00000001200000BD00006841242000B3D
:101E0000D00000001242000BD0004200FFFF0DCFB7
:101E1000FFFF3CF866FF3C0FE7243F3F0000FF0058
:101E20000000FFFF00000000000000000000FFFFB6
:101E30000000FFFF00000000FF3CFF306F60FCFC73
:101E4000FF3C660F6F60FCFC0C420C4200007F7C84
:101E5000737000000000FECEF2C20F000000E72405
:101E6000CFCF4E424242BF3EA726240027030000A8
:101E70000000000000000000000000000000F60666
:101E8000F909AA5555AAF303FC0CC3C3AA55FFFFD1
:101E90000D0CFFFF3C0866003C0FE7240303000025
:101EA000FF00000000000000000000000000000033
:101EB00000000000000000000000FF3CFF666F60B3
:101EC0000C0C003C660F6F600C0C004200420000DE
:101ED0004F4C4340000000003E0E32020066006698
:101EE000E7240C0C4E4242429B1A830200000C0C69
:101EF00000000000000000000000000000000000E2
:101F0000F606F90955AAAA55FF0FF0003C3CAA5560
:101F100000000000000000000000000000000000C1
:101F200000000000000000000000000000000000B1
:101F300000000000000000000000000000000000A1
:101F40000000000000000000000000000000000091
:101F50000000000000000000000000000000000081
:101F60000000000000000000000000000000000071
:101F7000000000080400401108000008040040119F
:101F80000800000000000000000000000000000049
:101F900000007230FFFF3F38FFFF3C66FFF0F9F9A9
:101FA000187E00FF000066660000000000000000D0
:101FB000000000FF0000FFFF00007C7CFD7C9D3CDA
:101FC000FFFFE4E4C3FF00FF6666000FF0FF0000C0
:101FD000000000000E0E0E0E002400240009060F63
:101FE00000000000009966FF000000008080C2C26F
:101FF0000030991800000000000000000000000000
:1020000000000000AA5555AA2020DFDF55AAAA55D6
:1020100055FF550072F0FFFF3038FFFF3C6600F0BF
:102020006060187E00FF000066660000000000008F
:102030000000000000FF0000000000007CFCFDFC30
:10204000043CFFFFE4E4003CF0F03C3C0C0CFCFCE6
:102050000000000000000202020200240024000927
:10206000060F000000009090F6F60000000080804F
:10207000C2C20030FF3C0000000000000000000071
:1020800000000000000055AAAA5500FF00FFAA5555
:1020900055AAAAFFAA00000000EC00300000088644
:1020A000041003820010A8865410A3820015A0001B
:1020B0005090A0000005A8865470A392001500005F
:1020C00000EC00300000080004F000320010008630
:1020D000002003B30000000000860000038300001E
:1020E000000000E000330000008600E000B30000C4
:1020F0000086006C03B30000008600ECA0B0003046
:102100000086002003B000300086003C03B00000D1
:10211000008600BC039900000000AAAA00FF00008E
:10212000FFFF70F3FF3E3F3FFFFF3C3C3F0F3F3F51
:102130003CFFAAF0505FFCFC00000000F0FF000C28
:102140000000F0F03C3C00000000FFFF00FF00003A
:10215000FFFFAAAA000000000000FFFFAFBE50FF73
:102160003CFF0000F0F000FF000000000000000055
:10217000000000000000000000000000000000005F
:10218000000000FF00FF00FF38FFFFFFFF00030318
:102190003F3FEF1FE010690F960F0000AAAA00FF53
:1021A0000000FFFF70303C3E3F3FFFFF0CAA5F5F27
:1021B0003F3F3C00AAF0505F0C0C00000000F0FF15
:1021C000000C0000F0F03C3C00000000000000FFAC
:1021D0000000FFFF8F80000000000000FFFF0014E0
:1021E0005CFF3CFF0000F0F000FF0000000000007A
:1021F00000000000000000000000000000000000DF
:102200000000000000FF00FF00FFFAFFFFFFFF00DB
:1022100003033F3FFF0FF000960F690F00003C3CA7
:1022200000FF0000FFFF70F33AFFFFFFFFFFFF5CBE
:1022300050FF3CFFF03CFFAAFF0F3C5500000000A0
:10224000000000000000FF003C3C00000000FFFF19
:102250005555000000C00000000000000000FFFF16
:10226000E0F50F0FFFFF0000FF00555500000000D4
:1022700000000000000000000000003C0F3F0000D4
:10228000000000000000000000000F00000000003F
:1022900000F0666699996699996699666699000054
:1022A0003C3C00FF0000FFFF70303000FFFFFFFFED
:1022B000000C5CFF3CFFF03C00AA000F3C55000006
:1022C0000000000000000000FF003C3C0000000097
:1022D00000005555000000C0000000000000000094
:1022E000FFFFE0A05503FFFF0000FF005555000071
:1022F000000000000000000000000000003C0F3F54
:102300000000000000000000000000001F14141472
:10231000828282F29999666699666699669999664B
:10232000210000000000110103000400040004006B
:1023300020002100210021000400210004000400ED
:1023400021002100210004002100110004001100DF
:102350000500110802000200801121000400210084
:10236000000040000400040004A01100040804A0C0
:1023700091004008000004000400119004000400D3
:102380009100102004001100040004000410020059
:102390000420000000008400042004000400040164
:1023A0000402000000000000001000000000010016
:1023B00000000000000000000000A000000010006D
:1023C000000000000000000001000000000000000C
:1023D00000000400000000000000040400000000F1
:1023E000000000C00100000000000000000000002C
:1023F00000002000110000000000080000000000A4
:102400000200200004400000000005000000000061
:10241000820000000000A0034000008000000000D7
:1024200000200080000100010021080000000800D9
:10243000000000200802000502100020002000011A
:102440000020000280008020800000C0004000A02A
:1024500000000010209008102000804000000020A4
:102460000020038800000000000000000820002079
:1024700000A00040009000100000002000880088AC
:1024800005A00008000400840288008821900891BB
:1024900000880020001000200220048804000000B2
:1024A000000000020000002000209020000000003A
:1024B000000004210010058000820120009000002F
:1024C000000400000090041004000410001090208C
:1024D0000010001000410110822101202010024153
:1024E00000108210001100000041000000410008AF
:1024F000024002200010024182A100109041901081
:10250000001082108290028990008810A0000221A1
:1025100090028208041082400421009000100021E3
:1025200000100041009000008000800080A000208A
:10253000009004A0204020900000008200000002D3
:102540000000001000100040000200840010000293
:102550000001008400100010008200100010000232
:1025600000028084808400840000008800820000D3
:10257000004000820082000200080000001100827A
:10258000008800A0802000020089004084400010E4
:10259000000200200004004000208000001002859E
:1025A000A00300830001000140A1084108050808BC
:1025B00000C090000010830001098200C041C000EB
:1025C0001000000000030040820090800000C02145
:1025D000008008049008C080008900089000400036
:1025E0000000000020030800080000008400001024
:1025F000000500001005881002058409844000A031
:102600004011000500210402000002200090050294
:10261000C01000020805048900A082000210A0007A
:1026200001200304844000408402C1400000C10036
:102630002000000005000001111000000001001141
:1026400089110003040190C0C1A0040010A0110171
:10265000009110000085028508C0020141A0900190
:10266000000010C010C09000040410C0000004005E
:10267000020808C008A0401000900890100410A0A4
:10268000419008000201834100400009008400904D
:10269000410309914100204005830500A00100018C
:1026A00021002101210400000000000000000000C2
:1026B000400001100800000000040000000000209D
:1026C000102020020884010404000400011100000D
:1026D00000020002000000100010A00010200010F6
:1026E00020200008A0050008080801008200000062
:1026F0000111000000000010A100A003040002C1AD
:10270000081008098220842040400021C040A021F8
:1027100082000004104000118280002000000304A9
:1027200008040041000400800003000000000000D5
:102730000010002002C0118200100588410200082C
:1027400005100000091000A021100000090121025D
:10275000000200C00004000490C090C18004212148
:1027600040820410000041820800048805044105ED
:10277000000040000300000241890040058800C0BD
:102780008388000241C008100284004020C04040FD
:10279000000908101183410480C011002000118835
:1027A00003A00001004121054108840204028401C4
:1027B00004A100090000001004110000A0408421C1
:1027C00000090000821110059000C00900050804EE
:1027D0000000000000050080088004002020204048
:1027E000A0040011000000000010010001000040E2
:1027F0000090000090210000A005A020840500406A
:102800002040040000051002009020008400820394
:102810008400102040210020008004008803010073
:10282000A020020000088488008484A10383C18062
:10283000211085082082200011A0000410040084CB
:102840000010008480400084808400000001218505
:10285000000921040004000409880082211000827C
:1028600000202100032000081020032002844100E2
:10287000000180900000100041000488030004C0A3
:10288000412011882110C18800109182001040025F
:1028900008C003000000A11009840984A111C183AC
:1028A000898289000201C083A11009902104C1041A
:1028B000820500050904010011000800008500C11F
:1028C0008241000800002000000004000000000217
:1028D000880288020880008000800800000800004C
:1028E00000000088000000C1001000C10085000049
:1028F000000500040410000000410805010000006C
:1029000001080489000582210400004004000880B9
:10291000A1A000000040004120008400A000202071
:102920000220200304008420050420000000C08051
:102930000280048220C0A0C000000000000000004F
:102940008000000000000000000010008000004037
:1029500000808880100000C000009108080040003E
:102960000000000000000000032083C1400420A0FC
:102970000000000000000000000000100010802097
:1029800000200010000800090008830300008008F0
:1029900008C0890004804000000000000880118009
:1029A00000000305C0C0820803080200C0204100E7
:1029B00020800080C00040910080000000082000BE
:1029C0000000040000000000000000000100C00042
:1029D000000000100902019000080040109101045D
:1029E000002000000008A0000000012002C1010436
:1029F000001100000000900200000000C001000172
:102A000002000000000100010801000104000000B4
:102A1000020101109000898483000088A082118443
:102A2000820200004101C1110500000001A08904DB
:102A3000A0C001C00282030089020088002090002B
:102A400000040000880082010488080100200401BD
:102A500040908200100102010200040908010400F4
:102A6000880088A000100000002000018301C082BF
:102A7000040890C0081100000002000000000102DC
:102A800000840109000101C0018801C0010100406A
:102A900000050841000100000000200084830000C0
:102AA000900020208483A1900188012101014190A0
:102AB00091000990028204108900C08211040080F4
:102AC00000110080002100000004008080030080CD
:102AD00000080000802080038010800000418003F7
:102AE0000009000000400080001100800010200359
:102AF000A0800303098380200010008000100000E4
:102B00001000112008832002100008400802030270
:102B1000000000100002000300050000000080C15A
:102B200000040008000080C11000088005834109EE
:102B3000080509118800048888A088118500038988
:102B400000002100210000000000000021008000A2
:102B500000400400090080000088808021000000FF
:102B600000800000A0800080000021001000800094
:102B70004104800283042010800040000200000015
:102B80000000001040001020880800080900030819
:102B90000500030004882020040800C000A0880865
:102BA0000003800080800800000090118203200351
:102BB00008034088108891400082800005000908C1
:102BC00000009000008800009000900000000100CC
:102BD00002000400010000008200900808028988B9
:102BE00088040808C0A082020002901000000100C2
:102BF0002000004002838204009182000104010051
:102C0000A00000000001010001001101000100000E
:102C10000001C0000100010901008800001020101F
:102C2000C191000910C0880800A084108520098483
:102C3000009040C111A19109A0899040089000A086
:102C4000820484A0000008100000000000000020A2
:102C5000000000880010009000000008C001024041
:102C60004000900440019004C00221A000000090A8
:102C700040000040200004010200C0A000100040FD
:102C800000000000000001000188000000000108B1
:102C9000000101010000008805000000000008019B
:102CA000C08840001088044010844000088800025A
:102CB00000A000010009028803024001A0A00088D2
:102CC0002003A100000400000080000000000005B7
:102CD00000800000000000880008080000000003D9
:102CE0008008C00000000003008000880880000009
:102CF0000000000000002003044083030400008063
:102D000000000000000000001000208020400500AE
:102D10001000040420100300410020004000400087
:102D20008002008000008080008080000000008021
:102D300011800300030800900282C020800200007E
:102D400000830011080000800000000BD00000008C
:102D50001200000BD00000500000000BD00000411A
:102D60008200000BD00042000600000BD00041881A
:102D70000000000BD00000008241000BD000066074
:102D80000000000BD000820000000000000B0000DB
:102D900000810042000BD00000000000000B00008A
:102DA0000A420042000BD00000500000000BD0008F
:102DB00000840042000BD00011410000000BD00045
:102DC00000481200000BD0000000000000000000CE
:102DD000000000000000000000000F0F00003C3C5D
:102DE00000000F0F00003C3C00003C3C0000FFFFD7
:102DF00000000000000000000000BCB4FFFF3C3CED
:102E0000FFFF000000000000000000003F3F05F54C
:102E10000000C30000FF0F0F00C300C3434F737FC8
:102E20000000005500000000000F555C000000008D
:102E300000000000FFFFFFF50004555500FFFF00F4
:102E4000996666990F0F000000FF00000000000067
:102E50000000000000000000000000000F0F000054
:102E60003C3C00000F0F00003C3C00003C3C0000DC
:102E70000000000000000000000000001C14FFFF24
:102E80005C50FFFF00000000000000000000303038
:102E900005F50000C3003C3C555500C300C3404C41
:102EA000707C0505050500000000000F555C000062
:102EB000000000000000000000050004555900FF5C
:102EC000FF00669999660F0F000000FF00000000E8
:102ED00000000000000000000000000000000000F2
:102EE0003C3C0000AAAA00003C3C0000AAAA00004A
:102EF000FF000000FFFF0000000000000000FFFFD7
:102F0000AFBEFCF0FCFC0000000000000000000070
:102F10000F00ACACF0F03C00003CF0AABC8000001C
:102F20003030EBEB0000000000000000000000006B
:102F30000000000000000000FF990099FF00CCCCC9
:102F400000FF00FF996666990000F0F05AA53C3C2E
:102F50000000000000000000000000000000000071
:102F600000003C3C0000AAAA00003C3C0000AAAAC9
:102F70000000FF0000000000000000000000000052
:102F8000FFFF0014FCFAFCFA000000000000000043
:102F900000000F00ACAC00003C00003CF0AA8080B8
:102FA0000000303028280000000000000000000071
:102FB00000000000000000000000FF660066FF0047
:102FC0003333FF00FF00669999660000F0F05AA5C0
:102FD0003C3CA00050F0A0300085A0865070A3A01B
:102FE0000005A88654F0A0B20015A8865410A3824C
:102FF0000015A8865410A3820015A00050F0A03040
:1030000000050086000C03800000A00050F0A030F6
:1030100000050000008600E000B30000008600E428
:1030200000B38008000000E000330000008600AC20
:1030300000990005A08650B0A0900005008600FC15
:1030400000B90000A18650F0A0B80005A88654F091
:10305000A1B200150000FF000F0F000000000000EB
:10306000000000000000000000000000FF71FFF100
:10307000BF3FAF3FFFFF30B2AF07FFFF0000F0F0F0
:103080003C3C0000FFFF3C3C3C3CFFFF0000AAAA88
:103090000F0F000000000000000000000000000012
:1030A0000000000000000000FF000F0F0000996604
:1030B0006699996666999966669966999966000017
:1030C00000000004FFFB99666699996666995FFFA8
:1030D0005FFF996666990000FF000F0F0000000077
:1030E0000000000000000000000000000000FF30B1
:1030F000FFB01F3F0F3FFFFFF0B20507FFFF0000CB
:10310000F0F03C3C0000FFFF0A3A5C50FFFF00007B
:10311000AAAA0F0F0000000000000000000000003D
:1031200000000000000000000000FF000F0F000082
:103130006699996666999966669999669966669997
:10314000000000000000FFFF669999666699996685
:10315000FFFFFFFF669999660000FF000F0F000058
:103160000000000055FF7DFF000000005000F0004F
:10317000FF3CFF3C3CFF0CFFFFFF70F3AB0FFFFF7A
:103180000000FF0055550000FFFF2C7D3C3CFFFF79
:103190000000F0F03C3C00000000000000000000D7
:1031A0000000000000000000000000003C3C00FFA8
:1031B0000000FFD7FFD7550055FFFA0AAAAA5550BD
:1031C000555F55AA55AA69696969996666999966AC
:1031D00066990F0FC3C3996666990000FF000F0F31
:1031E0000000000000005FFF5FFF00000000000023
:1031F0000000FF0AFF3A5CFF5CFFFFFF7030010F29
:10320000FFFF0000FF0055550000FFFF2C285C5019
:10321000FFFF0000F0F03C3C000000000000000058
:1032200000000000000000000000000000003C3C26
:1032300000FF00002800280055555555FA0AAAAA93
:103240005550555F55AA55AA696969696699996685
:1032500066999966F0F03C3C669999660000040016
:103260000000040003000000000521000800200009
:1032700004882000A0002100082011002000212047
:1032800021100200042008000590000803C00890E7
:1032900004000200080821C00200041000000420FD
:1032A00084828420110804C00210080208108808D3
:1032B00084C080A0210804A00408021004000210A9
:1032C00004080408111004C041A000C011000088C7
:1032D0000000201011A000000400040004200000E1
:1032E0002000200020000000000000C000000000BE
:1032F00000000000840008000400008000000000BE
:1033000020000000840000000000000008002000F1
:10331000200082002000200084000000000000C087
:103320008400020040008400000020000200100021
:103330001000040008000440200000000800000005
:10334000040090410000C00020000000A0008400A4
:1033500020000000880000000000000000000000C5
:103360000000000000000000000000000020000835
:10337000000000200000000000C00040000000101D
:10338000002000000020002000C00020001000C02D
:1033900000000020008805000008042000200090A4
:1033A000000000000088000800200320008800883A
:1033B00000A000A00088002000000040000000885D
:1033C0000000028800A0002000C00584030800401F
:1033D00000000320000020000200000011C00200D5
:1033E00000000000004000200000900000210000CC
:1033F0000020002000100420000000100010002019
:10340000000800100008000904080010001010084F
:1034100000100010001000108408009004102021FB
:1034200000410000000800210010041002110008F3
:1034300004100220021120100411001000100210CC
:103440000040002090210010A010822104092010CB
:1034500000210020021000109020821002100210A3
:103460000020901011008490200221000000000430
:1034700000200489000900010000020040000088CB
:1034800002100900008400840400024000A00088AB
:1034900009900088000210C041021090408503414D
:1034A000A010808400008540830205A010040090D5
:1034B00020A0418441C000020002000800A01002C8
:1034C0000090808289A00008402000840920051017
:1034D0000020110200080308110200C002080302C4
:1034E00000C00020030010410810201000029010BE
:1034F000C09000C10008C0C0C00800200200400801
:10350000C0038303000282030003402002108208EC
:10351000400082410402C00882008405201000108F
:10352000000204002000000002102000C0219000D2
:103530008208840020108440821002080810900342
:10354000A011A00420051010000290000421822187
:1035500000211003100310410003001184210221F7
:10356000080040008441820810002000880000000C
:10357000080805000010100000010408A000004029
:1035800010000000100000000588101041840000A9
:1035900000000000030000A0000041002089050099
:1035A0001000000009C020000000100021C002002F
:1035B000104040000800849090849000C1822088D0
:1035C0002000A1008040104008C0002005004120DC
:1035D000100403C0050003040800050010C0030028
:1035E0000500050400904190000401110111410003
:1035F00000100011A00000080010001001000800D9
:103600000080C000084108051000000882088208F8
:103610001003A000A008000508050805002190027D
:10362000A0418421000508098208000009009021BA
:1036300009410941011001412108410002214005D1
:103640001041A00508004009A00882038440080436
:103650000800081100090009C0110800004010000E
:103660000000C011000982040000200004000900CD
:10367000C188090005018001008200022182000248
:1036800000A003A000C008088800900820400500A2
:10369000200008A000000000410000842010000964
:1036A00008A089A000C00808410800A000004090C0
:1036B00008040240208400200291400800C0084015
:1036C000008800080200090008020002008400C00F
:1036D00021A009202088008208900800050410001D
:1036E0000300118800881090000200001000A0055F
:1036F0000003020200000002021002008480004168
:1037000004C0C020020540000120202120800411B7
:10371000000000200800C000000300000000200995
:103720000020850502000000411100008411000006
:103730008209C01000008400C000110400002000B5
:103740002111000000000509022001200002900064
:10375000080800410041040202000808402010212E
:103760001021820500009040000004212000880400
:10377000021002080000100003000000000000001A
:10378000001021900011009010844000004000883B
:1037900000A0000000A0008400840000031010823C
:1037A0001082110000100288208400C0208410C004
:1037B000000000840282110120A00084002000107B
:1037C0000084008200A0098300901008088403018F
:1037D000200811A00882009020820990009008A083
:1037E00020900490000009A0004020900400008870
:1037F000098801000900824011000000200000003B
:103800000800000000000002001005000340000056
:1038100002080000C01182001000000082000000B9
:1038200082080000000500400000900900211100FE
:1038300001080000042104080410A00508118205F5
:1038400082418220C040A040C002C041C141C0416D
:10385000C020C1118240081184008440C000820051
:10386000000908418800C00984111000C040A00070
:103870000000000000000000008000000000108038
:1038800000024103008000000003000000800300EC
:10389000808209000000000000800000800000001D
:1038A0000000801100800000000300000000000004
:1038B00000824100000080000000000000008080C5
:1038C0000000001108030000800000030000808059
:1038D0000300008241000000000000000000000022
:1038E00000000000000000000000000000000000D8
:1038F0000000000000000000000000820008200816
:103900000102C091010000204000000100000404F9
:1039100001A004C10000000000000082000082003D
:10392000000000880200001008000001000004826E
:1039300000A0C0A10000000082000000008200087A
:1039400082020020089000000090C00000010000EA
:1039500040020108A0C100000000000000000000BB
:103960000000000000000000000000000000000057
:103970000000000000000000000002000000000045
:10398000881020880000008282000000008800006B
:103990002100C08200030108000088000000000030
:1039A000000089000000000021000000000000006D
:1039B00082002182008200050000000088000000D3
:1039C00000002010058200000082080000000000B6
:1039D00000010900918200210104000000000000A4
:1039E00000000000000000000000000000000000D7
:1039F0000000000000000000000000008000000047
:103A000000000080C100000000800800114000009C
:103A100000001000A100008341040000000000002D
:103A200000000000040000000000900003200000DF
:103A30000000000002800080000300000000000081
:103A4000000000000080048000000080400008406A
:103A50000000001010000280000341000000000080
:103A60000000000000000000000000000000000056
:103A70000000000000000000000000000000000046
:103A80000000000000000000800211000010000093
:103A9000080000000000000080000000000000009E
:103AA000000000000000000000800800000200008C
:103AB00008000000800000800380800000000000FB
:103AC000000000000000000000802020110000081D
:103AD0000500410000000000000090000000000010
:103AE00000000000000000000000000000000000D6
:103AF00000000000000000000000000000000000C6
:103B000000000000000000000088C0822000A0012A
:103B100000000100000000000004C082000000005E
:103B20000000000000000000000000C001000001D3
:103B3000000001000000200000A08310020000002F
:103B400000000000000000000000000205822000CC
:103B5000820100000000000000000008098200004F
:103B60000000000000000000000000000000000055
:103B70000000000000000000000000000000000045
:103B80000002010000830000C090002040C0908926
:103B90000083000000000000048200400001089043
:103BA00000880000000100000020000883000000E1
:103BB000008301000000000182040004000104C031
:103BC000000000880100004000008290018240C097
:103BD0009083008300000000000082820000010149
:103BE00004020000000000000000000000000000CF
:103BF00000000000000000000000000000000000C5
:103C00000000008004000002000000000800032102
:103C100000040082000000000000808000000340DB
:103C20008040000000000002000000004000100082
:103C300000000088080000000004000000001121BE
:103C4000008500000000040000400000000010801B
:103C500003A1000400C0000000000000008000007C
:103C600002080085000000000000000000000000C5
:103C70000000000000000000000000000000000044
:103C80000000000000000000000000000000000034
:103C9000000000848148000BD000120000000000EA
:103CA00000001242000000000000000000000000C0
:103CB000000012008148000BD0001200000000003C
:103CC000000012420000000000000000120000008E
:103CD0000000000012848148000BD0001200000098
:103CE0000000000012420000000000000000000080
:103CF00000000000000000000000000000000000C4
:103D000000000000000000000000000000000000B3
:103D100000000000000000000000000000000000A3
:103D20000000000000000000000000000000000093
:103D30000000000000000000000000000000000083
:103D40000000000000000000000000000000000073
:103D50000000000000000000000000000000000063
:103D60000000000000000000000000000000000053
:103D70000000000000000000000000000000000043
:103D80000000000000000000000000000000000033
:103D90000000000000000000000000000000000023
:103DA0000000000000000000000000000000000013
:103DB0000000000000000000000000000000000003
:103DC00000000000000000000000000000000000F3
:103DD00000000000000000000000000000000000E3
:103DE00000000000000000000000000000000000D3
:103DF00000000000000000000000000000000000C3
:103E000000000000000000000000AEDE0000000026
:103E100000000000000000000000000000000000A2
:103E200000000000000000007B7500400000000062
:103E30000000000000000000000000000000000082
:103E400000000000000000007B750000AEDE0000F6
:103E50000000000000000000000000000000000062
:103E6000000000000000000000007B750000000062
:103E70000000000000000000000000000000000042
:103E8000000000000000000000000000167BC202DD
:103E9000000000000000408C07000000000000004F
:103EA00030020000000000004043DE680000000017
:103EB00000000000000000000600000000000000FC
:103EC000300200000000000040431E680000167B26
:103ED000C002000000000000408C0700000000004D
:103EE000000030020000000000004003DE68000017
:103EF00000000000000000000000000000000000C2
:103F000000000000000000000000000000001100A0
:103F1000030004088400000020000000800000006E
:103F200004002010000004002000201002082000DF
:103F300011000510049040C1090410A182100388EB
:103F400084901100090021080400020002400000D2
:103F50009000844084028408040891100420848224
:103F6000200004000440051020A004A083090910CB
:103F70000408081020A004000000001121082004FB
:103F8000821004A00400041040011101112004203B
:103F9000000000000000040000000100A00020005C
:103FA0000000000020000400020001002180010048
:103FB000000000009000A0008520008001204080CB
:103FC000000020400400880020000800050289004D
:103FD00000C02100028004802000000004000202D2
:103FE0002000050910000000020004000100081074
:103FF0000000880002000000000000000084008330
:104000000180208090000000000990108210008044
:10401000008000A000A009A10920000008000504FC
:104020000020004080C100C100A0004000C0092065
:10403000004000000090411000400000000280108D
:10404000021000A00020042000000088002080084A
:1040500000900000801000C0800800820002004034
:104060000010008200A082A00000000109C0000032
:104070008010801000A011080088030011C1208862
:1040800002100220002090200508852100C0802118
:104090000090000000200010000200100008002026
:1040A000000000210010402020200040009104105A
:1040B00004100021042100209091A010001100A004
:1040C0004090A008202000210041004000209041A5
:1040D000102082100000089000100420201082A1FF
:1040E00000098208000802100400821000028210F9
:1040F0008240042108080040042102100210020836
:1041000000210420041104C120C00041209090200F
:10411000088402108210808800004009000280C0DC
:104120008000000000000090000200A0002000407D
:104130000008008400C00010004000400002001091
:10414000402100080003824080048011800210009A
:10415000040800040402000011828083000400842B
:10416000008200400400009000080004808802A043
:10417000080484C104040904041004020408048827
:10418000088402112140204020C00210001011C0FC
:1041900080C080110000050010001000010200A185
:1041A0004003400000100021840082080041848800
:1041B00000050005000000004090400000A100C183
:1041C000C0C10090C000202004030403202020115F
:1041D00084050900880091000000080010084000D4
:1041E0000002001040000108100004212003080311
:1041F0008508850809100102080300032003010057
:104200000100200001040008C141001082800082EA
:104210000000200004048800C04000012000410983
:1042200080010384A102200080009001C10041822E
:1042300080102010000010C0800580210000102197
:104240000000898820000500A084210021000001D1
:10425000080004400500118208000000020120004F
:104260000010110002004000000000C1040020A066
:1042700083001110210010000200040089021001C7
:10428000200021C010001001410010000000052096
:10429000202000A0100010002000804000100041ED
:1042A00082100410000008020111041020202000D8
:1042B000202020000108042182000290041008053B
:1042C000084008052010010888212105820300000C
:1042D00082028209C010881084108220000084109D
:1042E000C1040403080008111111A040A00201003C
:1042F000850840410088C02182000800A10408040C
:10430000902010200000A011C02002400200C01127
:10431000088409C0C004C011900410082011411085
:1043200002208208000409020300400000200084EB
:104330000000208483A005C021821020110000000D
:104340001008418440084088409000024000081155
:104350001102214089110805000400011005000028
:1043600004040500882010C0008208084089020269
:1043700008C00802858404C00320080203048002E8
:1043800008C040C00889212000200004100410202B
:104390000888418241C10000000000A01088201060
:1043A00000080088201088880010000001004000EC
:1043B000000000100100040000000200C0800003A3
:1043C000000000100000040000031100008300043E
:1043D000880200850080402000A00080002001822B
:1043E0000000100800112000010000100008000467
:1043F00001100121030904000100000084100440A1
:1044000004108400000000100040000008000011AB
:10441000C00091002000A008000000000020000063
:1044200009A104030003A1098084200000000020EA
:1044300040088300000090849120410000A0008289
:10444000001005088808040080100900041000C14D
:1044500000C0201020002088020802C0218200092C
:104460001008000088C14088109003400420A1403B
:10447000020404900502411002A002C008204184F9
:1044800000200310212011A100C00041004020C0E5
:10449000410000058000080420100910C1040040FC
:1044A000C105041009908490024004008500A041D9
:1044B000000801414009040340214010000082210E
:1044C00000000021A0100521824104A10000840009
:1044D000040200008500A0000821A0208200000046
:1044E00002040241000009100905020284A18504AA
:1044F0002090A11003410000002100081000098352
:1045000020081000108482840010C0002010A00336
:1045100083040804A04004040100A08002C0080035
:10452000840004A083849183800903100304100095
:1045300080001000001089030409000441098290E2
:10454000800489210320C09184418804410920030B
:1045500000090010410808000000000000080400E5
:104560001100040010000000008510A108C00088A0
:104570009003902011401040830311030008088528
:1045800090858005C0200821881040050002414028
:1045900000A10911808909C090801100410021808B
:1045A00000008000100000008983908505C100C0D4
:1045B00000009000A1000000900101011000010026
:1045C00003839003A1A0010589839084418801C0E1
:1045D00001010001A0C00000000000002000000157
:1045E0000800840003009000000090108408010877
:1045F00000C003011001020111012101000082012C
:104600009008888290904083014041010100100190
:10461000019102080184820491418982C184A10828
:10462000001000009000020000008200C1C10502DD
:10463000839100000000000000000110004000898C
:1046400001010401000288090091A00104100489FD
:10465000829001200104014101019020010000101D
:104660000000404089000488A0000000A0088204E7
:1046700010898202C003090905020308082000000E
:10468000000800010801820988058341000800092B
:104690000808000100000090010101018200900162
:1046A00002888290C00108011040839002114109E4
:1046B0009105838900001008000000080880400070
:1046C0000911030989080380A08305850002800978
:1046D00080058080108041000508030900800841A2
:1046E000008000409000400903000902000080C0E3
:1046F0000084009080410903A01040C003200900FD
:10470000210405000203A0214183911090830380BE
:104710001183854120034000030021414005001121
:104720000021008080910010800300008980A08813
:10473000008580899183800000800900808040404E
:1047400040020904110303830082C1C18385410231
:1047500000899084918410C02002024111038000DE
:1047600010000200000000A1104021900085008090
:104770002080000084008900880921400521C003B1
:10478000408804050303008288C12190830591A01D
:10479000820304410303C005208080218088858531
:1047A0008020800585838083800000802080808039
:1047B000049184A09085898382C000C000C0888253
:1047C000000000010100110101C0108904031182E1
:1047D000008202C090848882011100010000210142
:1047E0004000010001009000900901100009101024
:1047F00000800202C0201088040803C0002100A02D
:1048000002A103100108010040838320840291105B
:1048100008838200010001081100011008C008A1EE
:104820000883C00808C090A08882C0C0000801A00A
:1048300088828390880584010540000000400000C4
:10484000000001880041011100008300882003005E
:104850000000829184880200C0C0018801410000EC
:104860009090001001A00000002000030002000151
:1048700000820080854091840400101041C085882A
:104880000288C0400002009000001000822188854C
:10489000400040C00010A00000000100048405A0FA
:1048A0008290020082C108108290C0108201100024
:1048B00084010408839082118220C08000001000CF
:1048C0000000000003800491028311009000A00901
:1048D000A1110500C1C004808900840003800491F7
:1048E00011100980008008000000001000830040C3
:1048F00000020080008083084100030080008311D3
:104900004041A14010850080001004118000839177
:10491000A041050310802100211102112000008018
:10492000054100410300801100000000008080115B
:104930000000000800800000000BD0000084000090
:10494000000BD00082001200000BD0000082124148
:10495000000BD00021410000000B0000000000000F
:10496000000BD00000000000000BD0000000000091
:10497000000BD000068800000000000BD0000000F3
:104980000000000BD00042000000000BD0004142AC
:104990000000000B000012420000000B0000124259
:1049A0000000000BD00000810041000BD00000008F
:1049B0000088000BD0008200000040003C3C6C6C82
:1049C0000000FF00000066663C3C3C66272766FF4F
:1049D000FFFF3C3CFFFF0DCF7F660000003F00065D
:1049E000FF663F3F000000000000FF000000666619
:1049F0000000000096FF82C30000FF0600060000D2
:104A00000000000000000000000000000F0F440044
:104A1000880044008800042008100402080144882B
:104A200000007E427E42FFFFF0FF00000000AA551A
:104A300055AA000000000000000080000000FF00F8
:104A40006C6C0000FF00000066660F0F3C662727B5
:104A50006600FFFF3066FFFF0D0C76660000003039
:104A6000000699003030400002000000FF00000006
:104A700066660000000082C396FF0000FF00000091
:104A800000000000000000000000000000000F0F08
:104A900000440088004400880240018020401080CB
:104AA00000004488666666660F0000000000000093
:104AB00055AAAA55000000000000000000000000F8
:104AC00000000000000000000000000000000000E6
:104AD00000000000000000000000000000000000D6
:104AE00000000000000000000000000000000000C6
:104AF00000000000000000000000000000000000B6
:104B0000000000000000C2080400001088610000DE
:104B10000000000000000000000000000000000095
:104B20000000000000000000000000000000000085
:104B30000000000000000000000000000000363609
:104B40003C3C663C3C3C3C3C0000F0F0000036360F
:104B50003C3C427E0FFF063CFFFF3F38FFFF4070AA
:104B6000FFFF000000007272F0F066FFFCFC3C3CAE
:104B70000000F0F000000000000024663CFF000090
:104B8000FFFFFF55000000000000000000000000D3
:104B900000000C300041002800410028A00000A0C7
:104BA0000000412800110022AA5555AAAA5555AA6D
:104BB00000000000000000000000000000000000F5
:104BC000363600FF663CF0F03C3C0000F0F00000A0
:104BD000363600FF427E00F0363CFFFF3038FFFFE4
:104BE0000000000000000000727200FF6600C0C0FC
:104BF0003C3C0000F0F0000000000000206030F0BD
:104C0000000000000055000000000000000000004F
:104C10000000000003C041002800410028000500FA
:104C20000005412800001100220055AAAA5555AAE6
:104C3000AA55000000000000000000000000000075
:104C4000FFFF0580049000120010A88654F0A01207
:104C50000015088604F003B20010008200AC0320A7
:104C6000000000800C8000180000080004F00039EB
:104C70000010A88654F0A0B20015A08652F0A0B093
:104C800000050000A5065070A0A00085058604F070
:104C900000B20010A84059F0003008000000008069
:104CA00000000800000000E000301000008600B0A6
:104CB00000B00000A000509CA0000005A01A50A465
:104CC000A00028033F307D7DCFCF550F00000000AE
:104CD000AAFF033F000000000000000050A0505059
:104CE00000FB80FFB4B4F0FFFF3C1E1E00003C3C04
:104CF0003C3C00000000000000000000000000003C
:104D0000C2FAC1F5000020000000FFFFFFFBFCA875
:104D1000FCA8E0EBD0D700003C3C3C3C3333FFF038
:104D2000BEBEC3FF0A5F0000FF0000FF0000CC33DF
:104D300033CCCC333CC33A3A3CFF0F0F0CCFF0AA34
:104D4000F3F3FCFC14BE3F3028280C0C550F000078
:104D500000000055033F0000000000000000F000CC
:104D6000A0A0000400FFB4B4F000003C1E1E000030
:104D70003C3C3C3C00000000000000000000000043
:104D80000000FAC2F5C1000000000000FFFFFFFFB5
:104D9000FCA80000EBE0D7D000003C3C3C3C3333A7
:104DA0000F008282003C0A5F0000FF0000FF00004D
:104DB000CC3333CCCC333CC33A3A3C0055550CCFC2
:104DC000F0AA30300C0C14BEF330F5F502000002EE
:104DD00000000000000000000000000000000000D3
:104DE000FFD7003C3C003C00AFA0EBEB0000010013
:104DF0000000F0F0555500000000000014141414D9
:104E000000000000FFA53C2400002000000000007E
:104E1000FFFF00000000F3FC515400003C3C3C3C10
:104E20000000FA50FFC3AFAF0CCF00003C3C00FFC6
:104E300000009966669900000000EB28AFAFF0FF14
:104E4000287D00000000FCFC553CF330A0A00000D1
:104E50000000000000000000000000000000000052
:104E600000005FFFF0003C003C00AFA028280001DC
:104E700000000000F0F05555000000000000141480
:104E8000141400000000FFA5C38100000000000012
:104E900000550C0C00000000F3FCA2A800003C3CF4
:104EA0003C3C0000FA503C0005050CCF00003C3CA7
:104EB00000FF00006699996600000000EB28A0A0A2
:104EC000000F287D000000000C0C553C040200007F
:104ED00000080410110080000820050004000000F4
:104EE000001084100000000008400090809002082C
:104EF00011A08441040011008309040800A082204D
:104F000020049190A10404208000A0080000400823
:104F10000520214004100040801102040011820885
:104F200088108888A0211103C108A10582102008DB
:104F3000200804100000402020C1110204100210BB
:104F400008008402024004012002208820400089D9
:104F500000000080004000000400900000000000FD
:104F60000000000008800000000000208400040011
:104F70000100000002C00100000004040000022043
:104F8000048011802000208003880400210000C0DC
:104F900008080080020000000000040404800820CB
:104FA00008034100410008020020040004A0200082
:104FB00005000080000082009110822004A0010002
:104FC00040000000418004801008018001000100C1
:104FD0000000008805110001909008204020002169
:104FE0000008024000A0801000200020000000A067
:104FF00002C0808811209102802080C000212020E2
:105000000001800400400041090000200008000069
:1050100000008004002000888088000002400021F9
:1050200080048000400880008000400040000000B4
:1050300020200041820004A0000100400200001076
:10504000400400009120020800048240030000C0D8
:1050500000200009002100080002081001C101C160
:105060000090001101090010082100000010A000AC
:1050700082100020044100410411208920200220D8
:105080000390040420880010A020004000100010AD
:105090000010000020A0400900202021022001A0D3
:1050A000904020A004410300401020108300031012
:1050B00000200121000804100300044000C09020DB
:1050C00002000089880004419010908910000410AB
:1050D000002002100010801000030000008400C0B7
:1050E0000210000200C00082000288020010008846
:1050F00003000008008400100010028400108003E8
:105100000502800280038090000288020003408430
:10511000000100030000880480A084C1A004801066
:105120000941200011048000841020080021A00003
:1051300002824010A0A0802040002101882120058B
:10514000040482C04011000440400002C0840008F2
:10515000000000008202002008000008000000009B
:105160000000A08000000020100000204180C0004E
:105170002040104110008404C02100000100020002
:1051800004200803040004202000900304210020D0
:105190000800840408A0000004000410212005C0B9
:1051A000204010848808100304112104C140C0204D
:1051B000030801050111400020900203C00420A053
:1051C000018201914120012000A009000041052039
:1051D00002858420901105800000900880000082E4
:1051E000202120A0208220401000418210C0100801
:1051F0000008080000000000000008202020022015
:105200000300080010A000A080000000092109058B
:10521000880810201000C0010000842088C01008F9
:10522000108204892005A00020008505100084005C
:105230009000C09040044002000208042021208316
:10524000020420C1C1400588C00341052141210459
:1052500003042004020021000902000002211000C2
:105260000009899001108310C1080010000000059A
:10527000A000000000419010000000200083008882
:10528000039000004010000000202010004104A006
:10529000100404000188200005200000218020085F
:1052A0008800831189042120050005004084C00086
:1052B00009090408210411C10980000008051184AE
:1052C0000020418585022008102121041020880437
:1052D0000005401101412000C0408421000200006F
:1052E00000884021402040000088408805020010CE
:1052F0000500080200004190C18202200010040253
:105300002140211040C0208802212004038420A0D5
:1053100000C02009058210081121030200002000AE
:10532000200441C0880510210240830420400285EA
:1053300020419002208441040304008410890084E9
:1053400020402004024088A0A0118511C00205C0A1
:105350000084904000C02084112080C110208285EC
:1053600000000000C08401828900000001200009C3
:10537000C0021000110300099000040884A1100964
:105380000100848000001008000800200020900325
:105390000120000885208402898008A08480000004
:1053A0000310110304050402C0C001C104C18885B3
:1053B0000010A11004112104040900004008042079
:1053C000201105849184058440112102200441416B
:1053D000100300002083C011020000001020000311
:1053E00000C0008503880088419000082182009059
:1053F00000000282030804C12010040008114100CB
:105400002100000008050040048500A010101110C4
:1054100002C0008221A10884C1829008092040882E
:105420000000200088002188209090080240890414
:1054300083204183882100C1888808C004A020C03F
:1054400002048400024041C003044084C10500916D
:1054500008908540900221C00200200189A0100020
:105460001100000040100000000000410000004159
:10547000C01000000800000000100080010800A01B
:1054800000000000A0000020008001040041840012
:10549000000288000000C020001004000580000801
:1054A000010000000921040900002102040082A17A
:1054B0000484048000020504000440001000000978
:1054C0000002010005410180000000C101204002EE
:1054D000C00408004005400000004000C020040057
:1054E0000800020010108202210940041103090281
:1054F000000210C1400305400041054089C09120D1
:10550000200841114008A04010412004080808006C
:105510004008001110888440030820C0A0084008FB
:1055200003080590000083119011038910820884FC
:10553000900202900891098320040240A088200371
:10554000200200020289C088C010C19010C0200350
:10555000C140834020A011030409400841080241D2
:10556000401040411141010003000300000003010D
:105570000100C0010111410100000001C000898249
:1055800091C09083010501002100210001010890D4
:10559000044085880008C1890890834000C1888242
:1055A000080311824008000004C02190C1100102CC
:1055B000A1094004214000C09083C18591A19109B7
:1055C00005C1010820C000C089410403C089012130
:1055D000C0850283C08901880101A0010501010085
:1055E00004004100A0010000A00084042185219155
:1055F0000020098400210101050020000300029120
:105600008901C10940008291101188051021020111
:1056100002040884400004C090C0C082408989828E
:10562000880020200240C19000000900A189C1012A
:10563000A0044090A185C0204001410102841001D6
:105640008382088905888209C188012040848511E8
:10565000A0840000908421028500C00288080521F2
:10566000A101010400000120010004039009108839
:10567000094002804100049103099040910082009A
:10568000C08321080803C01088830589208388C14E
:10569000C0038889090000084180082002004021D9
:1056A0000810101120200220C1000000851188C0C0
:1056B000851009A19011058509218209901010001B
:1056C00085218341A02108201021038508808403BF
:1056D000A0880983050005024041830011802180D4
:1056E000A11103092080022102C0201002050082BE
:1056F000058590A0030203020941910300030008FD
:1057000003054103858300888340C1A088C0419080
:10571000038885A0844000080884800010030040AE
:10572000C020C021C00385850089800800000420B6
:1057300084052008C0C12121C08200030840031055
:10574000808908090483080891848589A1030909CF
:1057500088098482C08583840040A109890320824E
:10576000038809891103A08411200540208200903C
:10577000000501A0888300000141010083010000B1
:10578000000001000800820884C091C08882820362
:1057900000A1011010C04009844085400840A110BC
:1057A0008888404189838220098582418889000058
:1057B000849102A08288058801C10402A09090050E
:1057C000838940C082849083C1839005890482A12B
:1057D00021A002100585834041080485A004904162
:1057E0000003000501402105032000850091C12030
:1057F000C001A000A0018808018801030001020087
:105800008200C00084010410822188018201020903
:105810001001C08809010188830840C010002004DD
:10582000830090C10989040803204010902140A002
:1058300000000808A04088A0A083080109054000D6
:1058400088858341119108C041114110A090020543
:10585000040291C1A04102000184850211A1A000AF
:105860000088018901030182010800100004000082
:10587000000002031100050311000380041103203E
:1058800084008008801180100080C111C12009208F
:1058900040881110030588041000202041888000F2
:1058A00080000911400808840380040440110408A2
:1058B0008880000041A04100040084838208210305
:1058C0000905032083100821214121C003038441DD
:1058D000A1401100418504402104408083804002A2
:1058E0000520048003C008080811218011800002EF
:1058F000400421000000000BD00082881200000B41
:10590000D00042410000000B000000420000000BEC
:10591000000012420000000B000012420A00400B7F
:10592000D00000000A50000BD00000840A50000B89
:10593000D000068400001100000BD000008400425B
:10594000000BD00011000000000BD000410000004F
:10595000000BD00000480000000BD0000041000008
:10596000000BD0000A001200000BD0000000124211
:10597000000BD00000000FFF553C000010A05C5C45
:105980003C3C00FF033F0000000000009006009038
:1059900000060000884400009006000081240055A5
:1059A000AAFF10BF10BF000CFFFC000EFFFE5555F4
:1059B000550F00FF0EFE0000FFA53C24FF0F9606CA
:1059C00055550F3C5555535F00FF0F0F417D3F3F2D
:1059D0003C3C55554D4DC3FF14553CFFFF0F9606FB
:1059E00055FF3C0F05F53F3F5F5F3CFF55FF3F3FD5
:1059F00001010000996666990F00553C00001000F7
:105A00005C5C00FF5555033F00000000900600005D
:105A100090000600884400009006000081240000E9
:105A200000FF00FF10BF10BF0005FFF50004FFF4EA
:105A30005555553C00FF04F40000FFA5C381FFF05D
:105A40009690555555555555505C3C3C5555417DA6
:105A500003030F0F00FF4D4D003C04050C0FFFF03A
:105A6000969055003C0F05F5303050503C005500E5
:105A7000303001010000669999663CF0FFAAFFFCF6
:105A8000FFFCFC0CFF00FCFCFFAA6009000020806A
:105A90001040220011002400810020800802208094
:105AA00010403F3F3C3CF4F4E0E03CAAAAAAB4FF1B
:105AB000FFFF00000000FCAAAAAA0000BEBEB0B012
:105AC000300000003CAAAAAA3A3AAAAA3CFFF0AACF
:105AD000FCFCEB283C3CAAAAFA0AFCFC20000000D3
:105AE0002A3F8ACFFA0AFCFC3CAAF0FF3F303C3C3C
:105AF000FFAAFCFC99666699996666993CF000AA33
:105B0000FFFFFFF0FC0CAAAAC0C000AA60090000B9
:105B10000802040100220011002400811040040149
:105B20000802040130303C3CF4F4E0E0F0AAAAAAF8
:105B3000B4000000000000030CAAAAAA0000BE00E6
:105B4000B00030000000F0AAAAAAFA0AAAAA3C00F3
:105B5000F0AAC0C0EB28FF00F0F0FA0A0C0C00001D
:105B60000000153F45CFFA0A0C0C3CAAF0003F306C
:105B7000AAAA55000C0C66999966669999660086E2
:105B80000CE000180000080004F00332001000C20E
:105B9000096000B0080000000080000008000086D6
:105BA00000E000B010000086009003C004000086F2
:105BB000009C038000000086029C0380800000009F
:105BC000A0865290A3800405008E00FC00B0000067
:105BD0000800049000020010088604F000B20010D3
:105BE000A08650F0A0B00005088604B00092001016
:105BF000088604F003B20010A08652FCA3B0008512
:105C0000000000003535555500003C3C0F0F0000EA
:105C10008282F0FF000000007D283F3FBEBE0F3CA7
:105C2000FFAAF0A000000004F0AAAAAA5555535FED
:105C30003CAAAAAA555555FC3CAAAAAA55555C5F90
:105C40000000FAAA0AAA000EFFFE00000002F0FF00
:105C50009096F5F57D285F5F14BE99666699000001
:105C6000000C000F0000000000040FF0F00F669918
:105C70009966000000009966669900000000AFA0D8
:105C8000FF3C00000001353500FF00003C3C0F0FD9
:105C900000008282F000000000007D2830301414E3
:105CA0000F3CFFAAF0A0000000003CAAAAAA55558C
:105CB000505CF0AAAAAA5555550CF0AAAAAA5555A7
:105CC000505300003AAA3AAA0004FFF40000000270
:105CD000FFF09690A0A07D280A0A14BE66999966E6
:105CE0000000000C0F0F0000000000000FF0F00F8C
:105CF00099666699000000006699996600000000A8
:105D0000FFF0FF3C00000000FFFFFFFD00003C3CF7
:105D10000F0F000000000000FFFFFF0078783CFF3D
:105D2000F0FF417D000000000000000478FFFFFF4D
:105D30003C3C3C5FBFFFB000555555CF3CF0F0F008
:105D40003C3C3CF50000B4FFFFFFFFFFFF1EFAFAEA
:105D5000FA0000000004FFF03CAA0F0F3C3C9966DB
:105D60006699E0D0EBD724A53CFF000000059966BA
:105D700066995550555F00000000996666990000CD
:105D800000000000000000000000FFFFFFFF000017
:105D90003C3C0F0F000000000000FFFFD2D27878DB
:105DA0003C00000F417D0000000000000000780072
:105DB00000003C3C3C501FFF10005555550CAAF00C
:105DC000F0F03C3C3C050000B40000000000001E68
:105DD000383838000000000000F03CAA555500FF9C
:105DE00066999966EBD7E0D081A5C3FF000000005B
:105DF000669999665550555F00000000669999664E
:105E00000000000000000000004000001000000042
:105E10000990008221400000094010000800001095
:105E200008A00010100841A00200030802000200B0
:105E300000001100049021882088020840081120E9
:105E4000118205A00388210800000408031004C083
:105E500002A0218811A0040804200400050805A060
:105E6000201004A01140040804C0218802900500FD
:105E70000300030011C00220211004842010200020
:105E8000400021001100028800080000000000000E
:105E90000000080000000000000000001000880062
:105EA0008400000000000000900082000000A000BC
:105EB000880090112000004182008800400002000C
:105EC0009011C000020020402000000020000800C7
:105ED00000000400824104102040900084009000E3
:105EE000A0038400A0418200900084002040900024
:105EF0008200000000000000900020210800000047
:105F000082000800020000000800000304A0004016
:105F100000C0000000100010090000404000009088
:105F200000020000000000000020009000A00020FF
:105F300000A000900008000802204190402000A02E
:105F400000100040000009200584009000000010AF
:105F50000020001040000010004000A00082200837
:105F60004140112000880090048800001190218891
:105F7000001011C04000020200A0000000C002900A
:105F80002100009020A000100000002000C000119F
:105F9000841000000008002000080021002090105C
:105FA0000008844100030810004000100010004168
:105FB000024100000000002000210440A0108221C6
:105FC00000100040000908100241041040100000B9
:105FD000904190080021004102200020A0200208EA
:105FE0002010A0109010C0208210101082100010FD
:105FF00002088221822002100010A0118241042098
:106000008220022088200211821000100241900993
:106010001088050810A000C0024002100908028480
:10602000419000040990000804C040840384008863
:10603000000805001002419021C000A00520058441
:1060400011C0090200020010110040100820058450
:106050000000408209840240408802082104118225
:10606000048411C021841140104020C0208403C04A
:106070001084038404082084090803401102218449
:10608000008802C009A005880000118800C010081F
:106090000008002100021008000284000000000037
:1060A00040211041002100411000080304100800A5
:1060B0008808820290030210A00504109010881036
:1060C00000418208401100408805080004040809C6
:1060D0000440000084050804A00090400011904195
:1060E0000009844188210802A011C0218409080305
:1060F0000803A0218403824108030000841182095F
:106100001009C000C00002098400C000840084207F
:106110008803820010C000C0008202840020210099
:106120000010030809000000001010C02110210811
:106130000084000000A021C00000110010A0000891
:106140000088000805101008008400C0020821081B
:1061500005C01000000000001000119005C005C02F
:1061600002100910114008A0108810901000211092
:1061700002C02000020004A02088004040820940A4
:106180000888200811A005A04084039010400090CA
:10619000080809A00800021100009041020400084C
:1061A0009020000000100821001002410021821000
:1061B0000041000300210400000504410005A02067
:1061C00020032005002100088441004184118441FE
:1061D0008421040008000000900000030441A01185
:1061E000A02120111000A003A0050241820090050B
:1061F0002010C00220218808000984218441102138
:1062000008082011881082091040A0094020A00031
:10621000C0400211844188401010400000900000EE
:1062200000020084008800C00020402000A021005F
:1062300000000802112000020402000020C0000437
:106240000008038204000002000000820020008891
:10625000108400C011900210000000200388030089
:1062600000104100088441201000034020840908E8
:10627000204008C0400005041090418209A0030896
:10628000002000841004000405200300000020907A
:10629000410010001000030010100840C000C009A9
:1062A000840900050020C0000020C0050008000887
:1062B0004000842120008804C000C0410002A008E2
:1062C000840290208400200088211021C021000237
:1062D000A000202188110221840000008802A04033
:1062E00008400211400502110441884184038411D1
:1062F0000809824182080200A005080410009040AD
:106300001004C004002184218411C000100804007E
:1063100000000011902120030009C002209000829B
:10632000000020820388400000C000881140000067
:1063300000000040002041A0008811400010201003
:106340002000411011201182000803002008028261
:1063500010001108029000C000082188000002907F
:106360000088004002A009000200000010900940CF
:10637000038211000000411003001100008810008A
:10638000020010100320108200081088008209907B
:106390001020100000900204118441002100020826
:1063A000000004054021002102418841840084004E
:1063B00084000403C005002000030400A041001174
:1063C0008221022100030021C011A0410000200908
:1063D00082112021202100100000000088210000EF
:1063E0008803100300108200820382219003201092
:1063F000200402408204844002108405024082414D
:106400000241100220218841C00482001003C041D3
:10641000A00020000208040202088241100420208B
:10642000000000000000000000000000000000006C
:10643000000000000000000000000000000000005C
:10644000000000000000000000000000000000004C
:10645000000000000000000000000000000000003C
:10646000000000000000000000000000000000002C
:10647000000000000000000000000000000000001C
:10648000000000000000000000000000000000000C
:1064900000000000000000000000000000000000FC
:1064A00000000000000000000000000000000000EC
:1064B00000000000000000000000000000000000DC
:1064C00000000000000000000000000000000000CC
:1064D00000000000000000000000000000000000BC
:1064E00000000000000000000000000000000000AC
:1064F000000000000000000000000000000000009C
:10650000000000000000000000000000000000008B
:10651000000000000000000000000000000000007B
:10652000000000000000000000000000000000006B
:10653000000000000000000000000000000000005B
:10654000000000000000000000000000000000004B
:10655000000000000000000000000000000000003B
:10656000000000000000000000000000000000002B
:10657000000000000000000000000000000000001B
:10658000000000000000000000000000000000000B
:1065900000000000000000000000000000000000FB
:1065A00000000000000000000000000000000000EB
:1065B00000000000000000000000000000000000DB
:1065C00000000000000000000000000000000000CB
:1065D00000000000000000000000000000000000BB
:1065E00000000000000000000000000000000000AB
:1065F000000000000000000000000000000000009B
:10660000000000000000000000000000000000008A
:10661000000000000000000000000000000000007A
:10662000000000000000000000000000000000006A
:10663000000000000000000000000000000000005A
:10664000000000000000000000000000000000004A
:10665000000000000000000000000000000000003A
:10666000000000000000000000000000000000002A
:10667000000000000000000000000000000000001A
:10668000000000000000000000000000000000000A
:1066900000000000000000000000000000000000FA
:1066A00000000000000000000000000000000000EA
:1066B00000000000000000000000000000000000DA
:1066C00000000000000000000000000000000000CA
:1066D00000000000000000000000000000000000BA
:1066E00000000000000000000000000000000000AA
:1066F000000000000000000000000000000000009A
:106700000000000000000000000000000000000089
:106710000000000000000000000000000000000079
:106720000000000000000000000000000000000069
:106730000000000000000000000000000000000059
:106740000000000000000000000000000000000049
:106750000000000000000000000000000000000039
:106760000000000000000000000000000000000029
:106770000000000000000000000000000000000019
:106780000000000000000000000000000000000009
:1067900000000000000000000000000000000000F9
:1067A00000000000000000000000000000000000E9
:1067B00000000000000000000000000000000000D9
:1067C00000000000000000000000000000000000C9
:1067D00000000000000000000000000000000000B9
:1067E00000000000000000000000000000000000A9
:1067F0000000000000000000000000000000000099
:106800000000000000000000000000000000000088
:106810000000000000000000000000000000000078
:106820000000000000000000000000000000000068
:106830000000000000000000000000000000000058
:106840000000000000000000000000000000000048
:106850000000000000000000000000000000000038
:106860000000000000000000000000000000000028
:106870000000000000000000000000000000000018
:106880000000000000000000000000000000000008
:1068900000000000000000000000000000000000F8
:1068A00000000000000000000000000000000000E8
:1068B00000000000000000000000000000000000D8
:1068C00000000000000000000000000000000000C8
:1068D00000000000000000000000000000000000B8
:1068E00000000000000000000000000000000000A8
:1068F0000000000000000000000000000000000098
:106900000000000000000000000000000000000087
:106910000000000000000000000000000000000077
:106920000000000000000000000000000000000067
:106930000000000000000000000000000000000057
:106940000000000000000000000000000000000047
:106950000000000000000000000000000000000037
:106960000000000000000000000000000000000027
:106970000000000000000000000000000000000017
:106980000000000000000000000000000000000007
:1069900000000000000000000000000000000000F7
:1069A00000000000000000000000000000000000E7
:1069B00000000000000000000000000000000000D7
:1069C00000000000000000000000000000000000C7
:1069D00000000000000000000000000000000000B7
:1069E00000000000000000000000000000000000A7
:1069F0000000000000000000000000000000000097
:106A00000000000000000000000000000000000086
:106A10000000000000000000000000000000000076
:106A20000000000000000000000000000000000066
:106A30000000000000000000020088410208080871
:106A40000482840004001121000000008040040042
:106A500020080001A0040004802091050490A0906B
:106A6000800584408405830180C121C0C1C0208984
:106A7000200020118408080400001004A12004A1B3
:106A800084050341020503011101040402A004046A
:106A90000201020441048205022008008200042150
:106AA0000440200002200009052104040200200007
:106AB00020000202850483040411000020C00100AC
:106AC0000100010021000500000284001000040004
:106AD000010001000220058004C00480048400003D
:106AE0000400208404002020022002402000040230
:106AF0002010900000040400008000C020800408E2
:106B000000400284901090A004100420C1808200F4
:106B10000380A0020891A08504A0A08002000400C8
:106B20000220C1808400008082208820098000002B
:106B3000820000000080049004800110000400A086
:106B400000C000002088000000000040020804C0CF
:106B500080200920004180200088809000C003012F
:106B6000800802200020000000000020118408009E
:106B7000000810080000202000C100C0000084842C
:106B80000010200020C0000500040089000104104E
:106B900004100520A1200400840100888000042046
:106BA0002082800020C0044005000040000000A0BA
:106BB0000004050800881110000100080020008969
:106BC00000100000821000080010002100080010D2
:106BD00000102040002100040411000802100010E1
:106BE0000220201000100010821000100010001071
:106BF00001109010011000000108000400100000B6
:106C00002110004001100110008400A19004000434
:106C1000039005901090049001200420A01004100F
:106C2000C0100920201082108800201002A000004F
:106C3000021008A10020401088C1A002024182C1B8
:106C400011110241208400042102008202102085DB
:106C50000941A18204102120000080008804201036
:106C6000C01105A0C0408090044020021103208480
:106C7000020283098903400211100084088420085D
:106C8000000082021011204082044090A0100302F4
:106C900080C02084C1C110402000049088C08903B6
:106CA000804180A002C002A0000200030003028411
:106CB00040A00491412000A0808890419004C0C071
:106CC0004082000411C0410200850004000001025E
:106CD000C120902004000100828984002009201036
:106CE0000908202000002000200421A10108004004
:106CF000020201000420082010210000C000080347
:106D0000080000000504C0040111040484090804FB
:106D10008404080290411020C020110001082000C6
:106D2000202020040404010083000088C002200207
:106D300085111100A02000C00040040905082000B2
:106D40000900910002A005C000A000890000000019
:106D500000C00000048220400082808220000000E9
:106D60000000824005820084880100081083208989
:106D7000088320008200C0A0000040001000040230
:106D8000A000040000000082A000844080000002F7
:106D900005000400000020838590828820012000E7
:106DA00009200084050040002084100810A0031072
:106DB00041820910410009021082418241081001FC
:106DC000208210831001C008A009000500100810DF
:106DD0000008820090410111092082082010010062
:106DE0000010000903851005000802041000C040CF
:106DF0000940000401040821090384050009010079
:106E00000341201001210000840404000520041126
:106E10000841900309108441A02004042041A010DF
:106E20000309C0032003A0081000000000000808A8
:106E3000080510021021A0411041C0400811A00314
:106E4000880282104010021000C0000002100904E5
:106E50000490000000080210000020910084400807
:106E60000084C00009C04040000004A00240C0846B
:106E70002140200204010800410809842110918466
:106E80001000200021020282000008A0A0210020A2
:106E900004408200000202C00208208200A0031009
:106EA00005858210041000080302058210000040CE
:106EB00002048002008980C010010588800290C011
:106EC000800388C01002840080C00400000011000C
:106ED0000089000000002089C0000000002000049C
:106EE00000090000040000100088880201000180F1
:106EF0002000908001000020A0030000000200910B
:106F00000440002141404002C0410000000221C075
:106F10000880000004024011C009A0040100200004
:106F200084844020200501000000000002000009C8
:106F3000000000090400A00420000004000304A1D4
:106F4000200020200900008021212000020082086A
:106F500010108910418200204182080084880408B2
:106F6000000000880488210000C08241410004C064
:106F70008441040020858041200020008884800016
:106F8000000003C004A00884412003040000212065
:106F90000800050120C0098410C009100290A00853
:106FA0008000218304C11010088410882020200153
:106FB00021022100A082090820A0008202081100FD
:106FC0000802402020900484411041880800840574
:106FD000214082000240044100008409020421058E
:106FE00001208820880021401008020303C00040CF
:106FF000101002C0A100A14002C0A00800000809B2
:107000004021C000880001059000828000840000BB
:1070100000400000000404000409042090059003CF
:1070200005400440022003202010082104101021F4
:10703000A002C08820032009404188208210082136
:10704000C02120A1C0C01005090008820004C02191
:10705000000005000000000085030003800500100B
:107060000080C0002180000082031009C0088885CC
:10707000C088100920C0090309100540834141035D
:1070800080809180C1800080000040080304408916
:107090000000808084400284039180000000008012
:1070A0008000008380A08080409091890889408280
:1070B00008898903900405028408040303208004DE
:1070C00089088000A0808200008005838910051156
:1070D00083C1000001000000000004010000A001C5
:1070E00000012088828888C0002089C08985C00866
:1070F000858510A1418588020010C009858940C19D
:1071000001080882C10403409020A084C040830489
:10711000880800008804A12191040040400000007C
:1071200082100800008302A0040201052008000963
:1071300005C1000882012000020108008801010148
:10714000400102004010111009820040A1839141CA
:1071500090852005200020002000C0A041908500DF
:1071600004080200820104008808908320000203C2
:107170008803850309008202C0088911A140A08507
:107180008821900188A0890089008390C10008208F
:107190000402C0C000000385A10008C088020021CD
:1071A000000108400001050009C00309820305A091
:1071B00010C1880210010520A010A190C10420A0D8
:1071C00083400321A10040820400100008C0050094
:1071D000208489018391000000210000802191001A
:1071E0002000C100214100108002808000208940E1
:1071F00083A085C08589841009901120208904808E
:1072000020850984020910050400C000838521211E
:10721000088804858980000010080810C0080980CB
:1072200000100020008000408210900088048989AE
:10723000040588418580910988030489020303C0FD
:10724000090020838488030580808021800080A13C
:1072500010030500A1208389000000000200000047
:107260000020100500002120000080802000800008
:10727000088300040009080804C090108085048475
:1072800020A0208903094082008080808080808047
:10729000110800080004C0A10080409090C084093B
:1072A00040890000030002000000030488081089E0
:1072B0000389080800822091808083210584088446
:1072C000C003910902200208110380000800210078
:1072D000000003C100A11189918308000000010092
:1072E00000020001010000002001A09008C083906E
:1072F000889000101041200900C101C103918285CE
:107300000189200400A041A10920008440C004900C
:10731000888200081041840489090080A00988023D
:1073200082A10540A02001000100400000A1A04171
:1073300001030082000800C1831088088203004016
:10734000014140032000000101014001200001C073
:10735000000008A00020820383A1898382020440E8
:10736000A000208800C00084000000028891400432
:1073700008002088038208909121058209019189E3
:107380008501C04011844085880010A08221020937
:107390009091A00408890410098911400080098394
:1073A0002010C100A1080004000800000001832093
:1073B000821004010020088808040804C001C140AC
:1073C0002110210202A10110011001C0010240049C
:1073D00010C0820000008320898382010310808511
:1073E0008080000000000005000000210000001067
:1073F00000808000800089892008100382008910A5
:10740000100385032021C085030209208400801118
:1074100080838002000003412080C082A080008021
:10742000C003C08002021080000000800000001035
:1074300090000880800309000808880091894008AE
:107440008341108884849103030220C0080902212B
:10745000800080800000001183A1A0914140208025
:107460000042000BD00000000000000BD000000024
:107470001100400BD00082000A50400BD0208282C5
:107480000A50400BD02011880041000BD020008210
:107490000000000BD00082004188000BD000008467
:1074A00000000042000BD02082880050000BD0006A
:1074B00042008181000BD00000824188000BD00087
:1074C00000008100000BD00012410000000BD00032
:1074D00042000000000BD00012000000000BD000A2
:1074E000420000000000000000000000000000005A
:1074F00020200000000000000000FFF30C004E4EB2
:10750000FF00FDFF0D003F3C363C3C0F66664E4ED3
:10751000FF000000000000000000E7E0DBD0FFFFFC
:1075200003000000666C6666FF30FF00000000008C
:107530000000000066667E66FF30FF003C3C3F3C7A
:10754000BFFFBFFF000000000000000000000000BF
:10755000000000000000000000000000008000208B
:107560003C3C2D2D00000000000000000000000049
:10757000000020200000000000000000F7F70404D5
:10758000FF00FF00F4FF0400303C363C6666666690
:10759000FF00FF000000000000000000E0E7D0DB7B
:1075A000FCFF00000000666C6666CF00FF00000074
:1075B00000000000000066664266CF00FF003C3C11
:1075C000303C02000200000000000000000000004B
:1075D00000000000000000000000000000000000AB
:1075E0000000FF002D2D0000000000000000000042
:1075F000000000000000000000000000000000008B
:10760000000000000000000000000000000000007A
:10761000000000000000000000000000000000006A
:10762000000000000000000000000000000000005A
:10763000000000000000000000000000000000004A
:107640000000000000000000C20804000010886173
:10765000C208040000108861000000000000000063
:10766000000000000000000000000000000000001A
:107670001C3C2000FFFFFFFF000000000000000096
:1076800030FF20EFFFFF9DFD00FFB4B46666303F82
:10769000660666F666664E7E000000002CBC909082
:1076A000766676663C3C3C3F000066E666E6FFFF99
:1076B000F3FF00000000000000007E000000FFFF5C
:1076C000F3FF00FF00FF3C3C303F000000000000E3
:1076D00000000000000000000000000000000000AA
:1076E000000066FFFCFCF6F63CFF00000000000016
:1076F00000001C3C2000FFFFF3FF00000000000022
:10770000000000CF20EF0000046400FF00FF666669
:1077100066666636663666664272000000002CBCFD
:107720000000466646663C3C3C3000006626662605
:107730000000300000000000000000000000007E9B
:107740000000300000FF30F33C3C3C3C00000000F7
:107750000000000000000000000000000000000029
:107760000000000066000C0C060600C3A082507CDE
:10777000A0B00005008604F000B80000A0A650905C
:10778000A3C00005008E009C03A0200000BE009C4A
:1077900003902400009E00FC00B02000000200B016
:1077A000000000100086009C03802000000000867E
:1077B00000FC00B02000A00050FCA0300005008EAE
:1077C0000A9C038000000086009C03800000058660
:1077D00004F003B20010058604F000B20010A08689
:1077E0005090A080008505000490000200103C30FD
:1077F000000CFFFF00000000000000000000B4FFCC
:10780000FFFF0F0F0FD7FC3CAC3C00000000AC3C6E
:10781000FC3C000DFFFD000000C01C5F1C5F3A3AFD
:107820003CFF55FF3F3FAAAAACAA5557555500004B
:10783000FAFAFA00EBD70B070000AAAA3C3C0000BA
:10784000AAAAFA0A0F0F003C3C3CAC3C0F0F0F4DAC
:107850009966669900000004000000000000000026
:10786000FFFFF0FF0505AFAF3F307D7DD7D705F5B2
:1078700000000000FFFF000000000000000000000A
:10788000B40000000F0F0F140C3CAC3C8000000053
:10789000AC3C0C3C0001FFF1000000C000001C5F8C
:1078A0003A3A3C0055000303AAAAAAAA55545555D2
:1078B000000038383800EBD7E0D00000AAAA3C3CE2
:1078C00000000000FA0A3C3C003C3C3CAC3C0F0F82
:1078D0000F4D66999966000000000000000000004E
:1078E00000000000F0000F0F0F0F3F302828141485
:1078F00005F500000000FFFFFFFF00000000000092
:107900000000AFFFA00000FF14BEFF30CF0000FF5B
:1079100054FE3F30AAAA0000000000000000151528
:107920003F3F00400004D7D705F5FFFFBFFFFFFF33
:10793000FF7F0000BEBEBE00143C55FF0000F0F00B
:1079400000FF0000F000EB280F550C0CFFF3FFFFC9
:1079500000FF00FF00000000CF8ACF4500000000BC
:1079600099666699FCFF0C000F0C0FCF3C3C3CAABB
:107970002D2D0F0F000000000010FFFF0000000081
:10798000000000013FFF300000FF05AFEF20EF20B7
:1079900000FF04AEAAAAAAAA80000000000000030B
:1079A0000015003F00000000141405F500008000E1
:1079B000000000400000B0B0B000040C050F000053
:1079C000F0F000FF0000F000EB280F550C0C0C004D
:1079D000000000FF0CFC00000000F3A2F3510000C7
:1079E000000066999966FCFF0C000F0C0FCFF0F0B9
:1079F0003CAA2D2D00FF0020080000000800801088
:107A0000800080400008A02082208000A02020105C
:107A100000000308210804048400919004018204FA
:107A200082888488A04002200421820811A10508D0
:107A30000200048204C0000003822190210809088A
:107A4000109004880400022020118488A040844003
:107A50000421A10502201020820140880220042078
:107A6000852085012001C0018401840084C020009C
:107A70000400024020020441848001000000000054
:107A8000040004000400000005C12080040005C0BB
:107A9000018000004000002001802100040001203E
:107AA0002080200021090520008090201100042062
:107AB000A04082000040204000C0900804008805DB
:107AC000000003002121050004000240204109219B
:107AD0002000058404A004A000882020200000804D
:107AE00009852080202085202020210241102000AF
:107AF0004000080082000300824000028000000174
:107B00008020000100880088001000000040000074
:107B100004004000C0C08284902000100000008853
:107B20000020009010000004090890A00020000030
:107B3000004005C000C00008000800000010000858
:107B400000C000C00408000841108240809003A0DB
:107B50000010000020008000802004000000800051
:107B6000000000040000004002098082000880023A
:107B70000010800020408008004011200080080094
:107B8000002002050240001000020010000000204A
:107B90000011041101102110211021900010021079
:107BA000001088900010001000A0A010042000C059
:107BB00000000200901000100010001000000010E3
:107BC000001088100010C1100490001003900410E1
:107BD0002020902000409110201020100110001053
:107BE000041000108290041000904008101004202F
:107BF0002020000940000110089090900210801091
:107C00008082001100204000C0402082C00404880F
:107C1000040004020500000800080002208880908B
:107C20000008A0088084008805840088040420845B
:107C300020108040409004A0050220900400000025
:107C40000010098408841184110411000082A084AA
:107C50000202041084400440C0021190820110020C
:107C60000002202004020082400000840084000002
:107C70000400041080008010000000020902A0052A
:107C80000400041000100090010221800111212045
:107C90000100211101000000000284030000050022
:107CA000040810032102202182020002020501A122
:107CB000C100011102900041A01100114002020513
:107CC00000000810C00982118803108084039011FD
:107CD00011031100010803809180040002050404CF
:107CE0004000201003A11108080820000841882046
:107CF000880288000000401120100400C0111011FB
:107D0000024000404100C10808A0080000C008105F
:107D100000C0000000102008008411000000410293
:107D20000402201004014000108202200008000418
:107D3000009010C0098802022000108200902040AC
:107D400020000000208205881020038841900888C8
:107D5000208821211100212002080500210308901C
:107D60000304020010204188209000024109409045
:107D700010001000090400A0049004A00500A04118
:107D80001008200000030008081000000003000590
:107D900088080041000010080540884104001011C7
:107DA0000083019100100120000400000041000345
:107DB0008483A008000008000109850088110009DB
:107DC000842008410000A0210009000000000209F1
:107DD000A041080082C0040008000100C00990040E
:107DE0000408900590418441100490000004A00212
:107DF000A00520090809A0410004C1020141084171
:107E00004040840911001000400210024120080582
:107E100009028002850200A0058408908402008483
:107E20002088118420000888202005840004008414
:107E3000098440844108400004200041008205C0BC
:107E400000020082118800000984110840024002EB
:107E500009900904400204844140022020011020BE
:107E60001008840010209083C140098420040985F3
:107E7000080810A005022108030408200020088833
:107E8000094002840288034000000000000090893D
:107E90000004004040000200A00040000420052033
:107EA0000403210200030440A00200409040400966
:107EB000A0212005040804000000890390844020CC
:107EC0000009000840218200000010104000C00599
:107ED000102182002008A0041008A000000010401B
:107EE000A10008004105408411082008080289A16A
:107EF00020040009822002100209040384080820DB
:107F0000000000080000A000080008908000C040A9
:107F1000201000C0408208840484100809A0218435
:107F200003081182002004012184041020000400B1
:107F3000020820900001800803200911200003009E
:107F4000801104A002C000842082000000101000F4
:107F5000218404000004020421012041208440C146
:107F6000020800000504104000A0100041100900A4
:107F700010C0109040002185041089C1888210082B
:107F8000210410C10300202002840888000004207E
:107F900004804003A0050200080089210010200091
:107FA0009005002182000000C00890090110A10581
:107FB000831184400104A00404100002A020A00842
:107FC00088001020000000200041200000008441B3
:107FD000014188418400880400800004C0400108F9
:107FE000004083830809A041000002412100900461
:107FF0002020A00304092009200888211008020479
:1080000082000000A04002001108880420402008DF
:10801000080380400308000004808200000800007C
:108020000000048000808502C003030020091008BE
:10803000408903C10288A1020309820208042000CA
:10804000408000002100000000000000000000004F
:108050000000000000000000000521409040800862
:1080600080808580848080009010408921C18000BC
:1080700005212000030040C0410821038091419068
:10808000890310048520200380108002214000090C
:10809000A1010100021101010890C004059000C176
:1080A00088C08420891000022000110089009100FE
:1080B00020A120A1831101092000C001C1010101FB
:1080C00091881008408200040000000000000000B9
:1080D0000000000000000000000000011001050188
:1080E000200182820240C020102021830003A109C8
:1080F0000490002100A003C001C190A000880204E8
:10810000000920410141C090018820019001000137
:108110000800C12004854121030000A100000002E5
:1081200000840808840020A0041004824109C0A033
:1081300083008501880889404011400085C088037C
:10814000A1001008890009840989000400000000CA
:10815000000000000000000000000000881008007F
:10816000051008000990090111200840890000A1AC
:108170000282C0C0840020C18888A10001200001C3
:1081800000200088031040024102C10004001001D9
:108190000888A00120804020C1C0400500030008DD
:1081A000000000210083000200000082028088821B
:1081B00083008310021010118803C0890500048514
:1081C000C1020910A100100808004103008000034B
:1081D000000000000000000000000000000004009B
:1081E000800520C08005C041C021A00011410400CD
:1081F00002C00584898400100010A10010000889C5
:108200000204020002212000838088A0030580026E
:10821000800400000010200841880509C0A180806A
:108220000200A00800008000830082000000000916
:1082300000030889C003404040C01040918205857A
:1082400040A003C140898041002104A1809000002A
:10825000000000000000000000000000000000001E
:1082600091002100038000800080020403C0000010
:10827000C10440A020098585094109004080901073
:1082800082202004200800050383890203A02083A4
:1082900004800080200000800102000400A02183EF
:1082A00020400484212002824040C0200488100421
:1082B00010900040010589830004202085828803F6
:1082C000A00400C000402102829020200084048984
:1082D000000000000000000000000000000000009E
:1082E0000000024001840184A00288C000A00005B3
:1082F0004084048540030111858500209190014050
:1083000089A182000101000120010040A0C1418536
:108310009009200200C000900282010001010108C2
:1083200001A00210C00308002000040820C0820041
:1083300040400101001100000004042188110201E5
:10834000890401880102000200A09001400284001B
:10835000C0080000000000000000000008000090BD
:10836000000000010190010301400005080010A178
:108370004000C00891019083C000C1842084C108DE
:108380008209C14084C004A10401A000010400844A
:10839000000000404000A0200804A0821003084014
:1083A00010400800800000908000110000110000C3
:1083B000000000A10920032103110080C0C0C08378
:1083C000C0080280029004A141A109800040800001
:1083D000802000800000000000000000000000007D
:1083E00000000000004108200808209010C1000093
:1083F0000090800500801010C00800020580000079
:1084000002C102C01085808000C00040004003828D
:1084100021112103218000000080808080C0120093
:10842000000B000000600000000BD0004100410084
:10843000000BD00000001100000BD0000684218446
:10844000400BD00011844188000BD0000000410097
:10845000000BD000214800000000000000000000D8
:1084600000000000000000000042000BD000008867
:108470001182000BD00042001182000BD00000845A
:108480004100000BD00000840042000BD0004100EE
:108490000000000BD00000821200000BD000006032
:1084A00028287D7D287D287D3C3C000000FF0000C1
:1084B0000000000000000000FF0FFFFF3C3C55558E
:1084C00055575555FFFDFFFF00FF0EFEFFC7FFEF9D
:1084D00000000000CF8A8ACF0000000000000000EA
:1084E000000000000000000000000020000000006C
:1084F000000000000000F0FFF0FFFFD7FFFF00FFCB
:1085000008DFCFFFCFFF3C3C3C3C000000000000F8
:10851000000000FF55553F3F417D00000000000076
:10852000000005AF05AF0A0A5F5F3C3C000000FF9A
:1085300000000000000000000000000000F03C3CD3
:10854000505F555455550001000000FF04F400042D
:10855000002C00000000F3A2A2F300000000004085
:1085600000000000000000000000000000200000EB
:108570000000000000000000F0FFF0FF0014000009
:1085800000FF08DF0C000C003C3C555500000000CB
:10859000000008003C3C0F0F0303417D0000000079
:1085A00000000000FC0CFC0CFBBA793800003C3CDD
:1085B0000000AAAA00000000000000003C3CAA3C09
:1085C000BEFFF0F0FF00FF00AAAAAAAA3A3AFF00F5
:1085D000EFFF2C0000000000000000000000000081
:1085E0000000000000000000000000000000FFFF8D
:1085F000FFFFFFBEFFBE00000000FFFFFFFFFF0008
:10860000FFA000000000FFFF7D7DAAAAAAAAFCC06F
:10861000FCC000000020F0F0AAAAFA0AFCFCFCF062
:10862000CCC000000000FAFA0A0AD39251100000F0
:108630003C3C0000AAAA00000000000000003C3CF6
:10864000AA3C8200F0F0BF80FF00AAB2AAAAFF00F5
:10865000FF00E3FF20000000000000000C0000000D
:10866000000000000000000000000000000000000A
:10867000FFF3FFFFFFFFFFFF00000000FF7FFFFF92
:10868000FF005F000000000182820000FF00AAAA34
:108690003C3C0000000000003C3CFF00FA0A0C0CCF
:1086A0003C300C0000000000008400E003B3000038
:1086B000A88654F0A0B20015A0865090A3800005B3
:1086C000A18652F0A3920415008E009C0380A400A2
:1086D000008E00FC0380A400A0A65090A39000058B
:1086E000000000000000000000000000000000008A
:1086F0000000A08650FCA0B00005A08650FCA3B0EE
:108700000005008E009C038004800086009003C05A
:108710000000A08650FCA0B80005088604F000B256
:108720000010A0865070A330008500000000000CEF
:108730003000A8A0A800101010103CAAAAAA5555F5
:108740005C5C00000000555555D5F5A0FF0055555F
:10875000033F00000000FFC7FFEF3C3CFC0C0003A0
:10876000FFFF00000000000000000000000000000B
:108770000000000000000000800000000000000079
:10878000000000043C3CF03C55554575F0F0E8F025
:1087900055555457FFFFFFFF000000000000000088
:1087A00000800000F8A858085508002000000000CC
:1087B000000C300008A0080000300333F0AAAAAA79
:1087C0005555505F00000000555555157D28FF0098
:1087D00055555555000000000004002C3C3C3C3C25
:1087E0000000FFFC0000000000000000000000008E
:1087F0000000000000000000000000000000000079
:108800000008000000003C3C3C3C55554575F0F02C
:10881000E8F055555457FFFFFDFF00000000000031
:10882000000000800000F8A85808000800200000A0
:10883000F0F005300F0014541440000000003AFF1F
:10884000FFFF555555FC00000000FFFF000F7F752E
:10885000FFFF00FF54FE0000000000FF54FE3E3406
:108860003C3C000000000000000000000000000090
:10887000000000000000000000000000FFFFFFFFFC
:10888000C33C0FF0800000003CB43C3C3C3C3C3C12
:108890003C3CBC1C00FF10DFFFFFFFFC00000000A1
:1088A00000400000200000000000000010151A1F0A
:1088B0000000F0F00530000000540040000000000F
:1088C0003A0000005555550C000000003075000FAF
:1088D0002A20000000FF04AE0000000000FF04AEEC
:1088E0003E343C3C8000000000000000000000001E
:1088F0000000000000000000000000000000EFFF8A
:10890000FFFFC33C0FF0800000003CB43C3C3C3C0B
:10891000287D3C3CBC1C00FF10DFFFFFFFFC00007B
:108920000000000000000000000000000000101522
:108930001A1F00006B7308007069046D0000035477
:10894000E2D402D7FAFBD0443F84D2D04808401486
:1089500040100180801260201040041008208088A0
:108960000085B00410818150908400000000000058
:108970000000000000000000000000000060E81897
:108980000100000000100060000000000000000076
:1089900000000000000000000000000000000000D7
:1089A00000000000000000000000000000000000C7
:1089B0000000000080081108000400080082A0A147
:1089C00008008000040082058004090000400000C7
:1089D000832100208020030000908088001100087F
:1089E00080A1C0A00220082002110288C005C08812
:1089F000824040040000000391202005C041C103D3
:108A0000082188888421212000021000040808021F
:108A10000802041084200000040110111101834198
:108A2000A00011401108208540400408200004C126
:108A3000001009C00410200002000080000900009E
:108A4000100840004000010004840480C00000823F
:108A500088030420A000101000000000200000087F
:108A6000200040021041918020802020010841A078
:108A700041002180018500C01084408921A021C0CF
:108A8000209085842109218402000208C04004400E
:108A90009102830221080491020820200220002074
:108AA00004C0040004800400082002800380A12088
:108AB00008102080200001A1002020C00004002018
:108AC0000005000300040005900400000009802058
:108AD000202000008010A040200984A020119010C8
:108AE00080091101000090408000800090108208F1
:108AF000C0028008C008800400008020824000027C
:108B0000C0110410C010C0108804C0C040A00410E0
:108B10008800C0C0C01140108411824090A08940DC
:108B2000804005419100800880A080000040110134
:108B3000840000108420002000210480012100A076
:108B4000909000A04020009000A041904010008430
:108B50002010851000102000212101204110210249
:108B600010200488000200101000021010100310E2
:108B7000029040A04040211020800000021103908C
:108B8000A090214091102102099005802110011030
:108B900001100910401040909190401041904010F9
:108BA00040A14090A0C04020401040000210901012
:108BB0000008411002A04090909004A00000041012
:108BC000001000040004850800C0A0840400000810
:108BD0000010000800840082088441401104400015
:108BE000000211100010001000022140410200A0FC
:108BF00000108002A084808810411103000080A032
:108C00001110A0A0A041841180024041400541C044
:108C1000000000C00800080300010010412004000B
:108C200020400010100210410284008805109002BC
:108C30008020801080404021202080C1000340100F
:108C4000110400080080400210904002410409080D
:108C50000091100204880408201100000088200000
:108C60000403008804080404040888082080100015
:108C70000821001104202004402004C0002000002E
:108C800040081008402103A00802042105041190A7
:108C9000400000002040A100001000104090028021
:108CA0008900028010001000204000000800201100
:108CB000040004802000048240820100201082020F
:108CC0002104100510910001410211820291050852
:108CD000000000000200000803880200109010400D
:108CE00004401001C002C002110800081020000951
:108CF0000310100811820000C00482048004800167
:108D00000000A01040038002A08304A18811A08568
:108D1000910403C0034091020202040904918801F6
:108D200090030241030210000508080290824100EE
:108D30009004030803401008850410C0410210018C
:108D400041C0088008A0902082041010C0081020A4
:108D5000C000040000000010000000091121820082
:108D600090850320840404110410C090100008A012
:108D700090C0908884030040100540C121002085E8
:108D80000202008021108384208821028320219008
:108D900009102085204100200480C1C11110C1109C
:108DA0000910082021C084004000000084890410BC
:108DB0002021020508000283028402002002040030
:108DC0001020100002A0208809040984081041091D
:108DD0004100A184000040A00010840220A00910DE
:108DE000200000848008004004214084A088040002
:108DF0004102000808000002400220C011082011B2
:108E0000A01100A00000C04120032002C008A084DF
:108E1000C1C1088404201040410003020200038401
:108E200010104121032002000890054040880404EE
:108E30000804100310891084410200020008210474
:108E40001084090485110000410010800000000812
:108E500000888400040490000002000821400800FB
:108E600002009003204110C0020220029003101063
:108E700001208200A080A04090040002A000A01168
:108E800001204120A00500000502038241000311DA
:108E90002000401091080983A083000010100940B1
:108EA0000800840010A004800100020310080805D7
:108EB000200800001020042040080000C00308041F
:108EC0000000002002400410200020C010842082F6
:108ED000101041090008088400004100411010846E
:108EE0002082821102C000840003112040A01110D2
:108EF00011C010000002C1040000002041004184A4
:108F0000C01084A18888A084000083C1C0058509A1
:108F1000804091058405802188210888100804205C
:108F2000418208C008840485080105002100200052
:108F30000800101021840983020200200000400272
:108F400041840310A10810C1082189030111840282
:108F50000503101082882020880510208400080056
:108F60000004010820040805002100080011C100C8
:108F70000403880088209080020000410009884195
:108F800002412141200240212110000040022182A3
:108F9000200402A120902184048409A000088402F6
:108FA0000420844183408320C120111000009000E0
:108FB000004020000000880200408300C0402020C4
:108FC000A000100402080400C020C0848891919081
:108FD000049020A091084008A040209010409040AC
:108FE00008822090112100094010050880808980A6
:108FF00084000080008000001180008000830284D3
:10900000C005054000032121210241030000800327
:10901000A0A04080092000830011890209050811E1
:1090200085211005C184839190028041088310043A
:1090300082A104210404211002918290842011A0B5
:1090400000A091044011908321048382100441A068
:10905000102188A000C08282C18510900009C0083C
:10906000830940C19110000300A190A040A14010CD
:1090700082A09008001088888490A00804842011A1
:1090800090A0C091002100010000C100010000007B
:109090008205028504A001050283000404C190003A
:1090A00000A0110905088209418290010401A1086C
:1090B0000420A08420C0901001C1C08408048490C2
:1090C00010A0000908090008118320010441114083
:1090D00009A0C0C08821911085A08503888485C01F
:1090E0009140911089009082080282204089840575
:1090F000C0A11001890391051000910088028585A7
:1091000009A00100080283000003C04140A00983B8
:109110000000112085A1022089820001A0850102A2
:1091200083828200059040C11085011102A00420B5
:109130008200C041C091C105C141020540410120EA
:10914000C088050502090103040403080840210042
:10915000830802099108890408C0040504C0900925
:10916000048020052004841011201189041110842A
:10917000A1091002C040C1880340A10441008480BD
:1091800083A0900040004000A00000042190000057
:1091900003090000A0882010008003410220114133
:1091A0001080838409101011848811A12009209156
:1091B00003C091114090080490880888208820837B
:1091C00020218303089040041088408908059103FA
:1091D0000221839183108041918840114008080545
:1091E00021090011A002210321C0A00320200010AA
:1091F0008209034080808800208080800000000079
:1092000010000000051005901009111100002088C1
:1092100000400083008000C08520038090834002CE
:10922000099091A1808304411085A1118311C1414E
:109230004090211005888903C1A18202898390088A
:1092400003401110A10888030410C0209005830872
:10925000008489049183208240851021A190C01050
:1092600084C1C1914040039088909009889100404A
:109270008208A08309900410400883108810C04021
:10928000A040824088900040201000080391009088
:1092900000900089A09100800008A089C084040982
:1092A000010001C0A1110483119111A009401140D6
:1092B0000901214083A0888310020409090304A046
:1092C00010A108A1820403024004C1058505209174
:1092D00011032005A00104838882898940018483C9
:1092E00082C189A09001058888C089218800101159
:1092F000098840890801051003888802020084104B
:10930000C0C1A0832089C110000100A10001000894
:109310000920880410004001008011410804080061
:1093200002888341010583A0008382210000C040A0
:10933000028283C0201090000004894010A1108494
:1093400010C0082088104140880088A040042001F7
:1093500008908310A188A12101001189902020107C
:1093600020C109048591101002000911C0040409EC
:109370008410A10290039108028090209110C000F7
:10938000408011400811082121110002008800418D
:1093900000000300218480104108008083829180B6
:1093A0000011910083844182400011888983032049
:1093B00011A08409A10009C084104189210008215D
:1093C0008384A180918021C0048520001004109125
:1093D0009008880283A08404041008051182000B01
:1093E000D00011880A50000BD00006000A50000B74
:1093F000D00021000A50000BD00011901100400B4A
:10940000D00021004188000BD00000000082000B3A
:10941000D00000000081000BD0000000000000819F
:10942000000BD00041004188000BD000008481482F
:10943000000B040082411100000B000081000000BD
:10944000000B000000000000000B00008100000085
:10945000000BD00000001200000BD00042003F665D
:1094600066660F666666FC666666F707FF00FDF9CE
:10947000FEF6BDBD0F0F66666666FF01FF000000C9
:10948000008000000000000000C00000000000009C
:109490000000FFFF0C00FF003C000F0FFF0000006A
:1094A000FF003C3C0C0C0F0F0F003C3CFF00CFCFEB
:1094B00003F3FC0CC3993C6660F99F06B1C34E3CB4
:1094C0009966C33C09F6F906A1E35E1CC0FC3F03A4
:1094D00027272727FFFF20000000000000000000D2
:1094E000036666663C6666660C666666F404FF00A4
:1094F000BD997E66BD24060627666666FE00FF00EF
:109500000000008000000000000000C0000000001B
:1095100000000000FFFF000000003C000000000011
:109520000000000000000C0C00000F000F0F0000F6
:109530000C0CF9F90606F0FF0F00DBDB2424B1FF69
:109540004E00F00FFF00F30CF30CB9FB4604DBDB1D
:109550002424FFC33C00FFFF0000000000000000C7
:1095600000000000000000000000000000000000FB
:1095700000000000000000000000000000000000EB
:1095800000000000000000000000000000000000DB
:1095900000000000000000000000000000000000CB
:1095A00000000000000000000000000000000000BB
:1095B00000000000000000000000000000000000AB
:1095C000000000000000000000000000000000009B
:1095D000000000000000000000000000C2080400BD
:1095E00000108861666666F3FFFF6F3F00000000B1
:1095F00066666666600C600C040C848C00FF00FFDD
:1096000066666666000000007070007E0000000064
:1096100066FCFCFC6636000F0FFF6C6C003C00F033
:109620006060F0F00000003C00663030F0F00FFFAA
:109630003C3C7272006624BDDB42609F3FC078787C
:109640008787B4B44B4BE4E41B1B60F99F063CC313
:10965000728D5276AD896C6C6C6C0020000000003D
:109660000000000000006666663000006030030005
:1096700000006666626E0000F0000008808800FF4F
:10968000407F666666E4000000007070007E0000A7
:10969000000066C0C0C06666000000F06C6C003C54
:1096A00000F0606000000000003C00663030000008
:1096B00000F000007272006660609F9F609F30CF74
:1096C0000066FF990066FF99003CFFC32424DBDBA2
:1096D00000FF728D1034EFCB000FF0FF0000000090
:1096E000000000000000000000A6009C03C0000075
:1096F0000086029C03800000A086509CA38904057C
:10970000008600FC03E00000A1865090A38000A525
:109710000186009C03E00010008604EC00B000000D
:10972000088604FC00B200100000088604FC00B2A9
:10973000001005000A9C030900A0C68601760BA450
:1097400008400200018003040840028601E000B4E2
:109750000840028601E000B4004000860CF0A0B092
:1097600000050586049003820010FF00FF00555598
:1097700015D5FE02FF0055553555FF00FF00FFFFD0
:10978000FDFF2A282A2880000000FF40FF00FFDF9D
:10979000FFFF3C3C3CAC0000000000000000FFFF6D
:1097A000FFFF20000000800000000000000080009B
:1097B000FF00FF00AAAAF0F00505000F69696060CC
:1097C00000008124AA00F000000F00FF0004000048
:1097D000FFFFFFFFFFFFDFFF000000003E0A3C002D
:1097E00000040000A0A0FFAA17170F0FFB08FF003E
:1097F00055555555FF00FF0055555555BF80FF0085
:1098000000000002FFFF000080000000BF00FF001A
:10981000001000003C3C3C3C8000000000000000C8
:10982000FFBFFFFF000000008000000000000000FC
:109830000000FF00FF04000000000505000F69693B
:10984000F0F081240000AA00F000000F00000000EA
:109850000000FFFBFFFFFFFFFFFF800000003C0058
:109860003C0000040000A0A000AA17170000AAAA4C
:10987000AAAA00FF40FFFFFDFFFF00FF20FFAAAAEA
:10988000AAAA00FF00FFB003B0000F0F0FD7ABAACA
:10989000AAAA00FF02FFFFFF000000FF00FF000078
:1098A0000001D7553CFF000000000FFFFFFF000044
:1098B000F0F07850FFFFEFFFFF00F0F05555050581
:1098C00000000000000000002828AAAA0055050595
:1098D000FF20FF00FFDFFFFF00FF20FF3F3FFFFFF4
:1098E000FFFFFFFF7F7FFFFFAAAA3F3FCFCF00FF11
:1098F000AEA2AAAA00FF00BF0008000000FF00DF20
:10990000EA2AAAAA00FF01FD800380000F0F0F14AE
:10991000A8AAAAAA00FF00FDFBFF100000FF01FD9E
:1099200000000001D7550000000000000FFFFFFFFE
:10993000000000002800FFFFFFFF00000000000003
:10994000050508000000B0000000282800000055B0
:109950000505FF00FF00FFDFFFFF00FF00FF3F3FA7
:10996000FFFFDFFFFFFFFFFFFFFF000030300C0CA9
:109970000000000104040004042111A0000000A163
:1099800004100210208500102004C00804C000103C
:1099900004C0A0C0080821108410001000A02011ED
:1099A00040080290110000210400020884081020E1
:1099B0002190000002080408210821002000A011C5
:1099C00084202000C083C041A091C0210401052152
:1099D00008210809412104C0044121210440041147
:1099E00020218409042021A1821102882001040180
:1099F000024082A0000484A0828000840000000055
:109A00000040014105A1044000800008032002102D
:109A1000009000000300A0200080208800808220A9
:109A20000084820040000000842000218500109105
:109A30008540200000C02002900900001000910025
:109A4000030220A00100112005842120212083048D
:109A50004084038441042020200920A082204080EB
:109A60002020A1A0040400804004088440000404D5
:109A70000020218005000089000941200041800468
:109A8000204000041004C000808880C0000502103F
:109A90009090000040080840000000902120004005
:109AA00000052140210000200400800100000488FE
:109AB00080082040049000000000A1848010400035
:109AC0000003001090044021009080408941004133
:109AD000A1208020800140414000408480A14001BD
:109AE000C0A04000C0C04020C0104008402140112C
:109AF0004008C0C040214090A00804200091000808
:109B0000029009A00090C0C0020802400220048414
:109B100001A11121C009012100800441001000A011
:109B200000A120A02090201090900103200408089C
:109B300000200490012000000000041120092010E2
:109B4000200020A000102090C1204010208520C0BF
:109B500004C01090041010108390912101404040E7
:109B6000414021100110051001A021080120011021
:109B7000011001212121010401212020001009846C
:109B8000009000030504024009A01110000180109C
:109B9000031002900220108521C005A00202A040FF
:109BA00020020005411002024004000805040502DD
:109BB00000082004000800000400000000400040ED
:109BC00000400084084102404040200540402002FF
:109BD000A04100040421C0C008021011901004C06C
:109BE0000201000020002090040008000510000081
:109BF0000421211000100200201100A00085402047
:109C0000001020024040049001000241A003A04047
:109C1000020020038211828521404008A01101101A
:109C20000280414188C0901001C120821020004074
:109C3000C0104002200200A0A003C10200000040AA
:109C40008405008502114084030091841182038001
:109C500011852184888811820508C190201002088E
:109C600005001140A00011041108C102110410A147
:109C700010109190888508040121094004104100CA
:109C80002101112000C0801100900001039100000B
:109C9000110010000021054091000040080083C021
:109CA000A091C1010400410000400040C100020138
:109CB000200002881101050040050900820500000E
:109CC0000205029010910200A18820402088A088FF
:109CD000400320030801C0012010042004010801F2
:109CE00002010808080202C00308880008909110C9
:109CF000088408A010114104900003008309200883
:109D000082000020C0C1101002C00041C004002029
:109D1000000300038220A002889010419088040074
:109D20000200034020408405020800084089040026
:109D300003040800001082200040008840210382B4
:109D4000000089A0002011081120201089A1032102
:109D50000310A10201824004210408C1A18803204C
:109D60000110830400100041A00088040441200079
:109D700008C19000200088A0C091040300030440A3
:109D800001112000200421200588A041038403A0A4
:109D90004088008202100503C00000400920100026
:109DA000048800400210021002400491401020027A
:109DB0004004800000080202200000409002C01011
:109DC00009100000008400900408048820C0C10429
:109DD000A08420830888C00005042004414010208E
:109DE0000810080208880300118241020888400414
:109DF00085048500410203000420100510A083881B
:109E000010409003402104410090900203C090084C
:109E1000200800114008202140400809200308853F
:109E20000904900440080040411008034004A005C4
:109E3000008800C12000201001030208000311A0C7
:109E40000400080500008403400441A10505010247
:109E500020842102010410050304C0822189000925
:109E60004084918889048402C0214008A010042104
:109E7000820304080805C004A010219004100240C9
:109E8000200340830204200002C008109110824188
:109E90002010409008A008A04188000820A082045B
:109EA0000984001010210088058491412001901040
:109EB00004848490108241201001A108A000841025
:109EC000098211089140000009C0801103858011AA
:109ED00020908990C190C1C0408289100310411028
:109EE00003100989041008400902214003C0102012
:109EF00041C0020811828310040204201082034032
:109F00001004022000A008009002C04100210405B6
:109F100003C0C009040000008403902000008400F6
:109F200003400009100084820010004102C00004B8
:109F3000020300002000110000080040020010058C
:109F40002100000888000288000004100440040872
:109F5000200201090420204020400311200220108B
:109F600002100083200811C02080020000038241FB
:109F7000080384048420100004088341018904211B
:109F80002091008909830041200000002080058085
:109F900000000203C189A020204100850040000488
:109FA00000C108838810A0100202118289898308E9
:109FB000080800800800208000800900210080003F
:109FC00005008888841140112088000080A1840544
:109FD00000110041A00300880203809100832090BB
:109FE0000200030305834000A0104182001180900D
:109FF0004100000080830004000400008083021000
:10A00000804180000003030482044100209088A066
:10A010008210C008C108A01141200340028200A1A3
:10A020008840881000831089C09000090083841143
:10A03000C1200105048240C08302A0C09040018875
:10A04000C0C0114005A0099004C1900800008441DF
:10A0500003C002A000010391004005908840020364
:10A06000088885909008008383A02101000302A046
:10A0700040401082A040A011000240C19002108315
:10A08000A00040A1208802C1C00221A00100918847
:10A090000382894009C040001084C111820183A15C
:10A0A0002041A1918390900104009000828420A11E
:10A0B0009041A19041902001C1000920820400A19B
:10A0C0008410402040042002030002080501000023
:10A0D000C1041040100540210210400911891100EF
:10A0E00090C1880210208500A0201000C0C082010D
:10A0F00008822000112011000001010089880190D0
:10A100004010A000C00083000541A088C040038229
:10A1100020839005C08910C190002100840889091E
:10A1200008030821850289C000210000000080008A
:10A13000100340409005088890400205100088A157
:10A14000114009800391C0000400C041888088202C
:10A15000000010028384C008020280000803A021CE
:10A160008305002105000385830080838021800012
:10A17000801080800011A180C010410241108280B7
:10A1800003908085891011008310A1880910118027
:10A19000039080800080200080008591004108822B
:10A1A000900903118008C108054000840009891145
:10A1B000911121A100089109912080004100A00087
:10A1C00080000008411105090085891004042185DB
:10A1D0001108000021A021108410002021884009CE
:10A1E00082A1000302A0A1880800800309030041A6
:10A1F00083059005808021000482808990090010E9
:10A2000021088083A0A10041210280038480A11045
:10A2100088820083200208C0830888848490000517
:10A22000010920048800C0009000040000A0A08262
:10A230009088032100C08290851188900484A1C079
:10A2400090048820000090822182020920414089E8
:10A250000085048900001104C02103210491C0106D
:10A2600000828284040901111091C182A0A190A0F2
:10A270000003A00208A0A04002A0A0040210A000B9
:10A28000900091000889A0080811010408038208C1
:10A290000484058404419002880208012104918508
:10A2A000090384C1A0C0834110404100C011024194
:10A2B000C008A088C01083020402850008009041F5
:10A2C000048208010805021004899100C1A10188D7
:10A2D00000A0010500820000850891840401880027
:10A2E0004104022000000091C08241A000028808C1
:10A2F0008220418408C00088010101000000009014
:10A30000832088040002888883058521A09001A00D
:10A31000A1859040C04089021184C1800508A00039
:10A3200005A002C1030383008291C1030211C11081
:10A330008091008080008080892008888811A0009A
:10A3400000911089800800088485892108088510FB
:10A3500021050521209008A00000C180A009A008C7
:10A36000200083208010212140414180A084418031
:10A37000200085851000020000104110210000001F
:10A380000010838089001180849083C1218803801C
:10A3900020C183A00080110020850600000BD000A2
:10A3A00000000042000BD00000820A50000BD000D9
:10A3B00021008181000BD00000008181000BD000C2
:10A3C00006848181000BD00082000060000BD00069
:10A3D00000000000000BD000008800000000000B0F
:10A3E000D00000008181000BD00006820042000BEB
:10A3F000D00041008200000BD00000000048000B9C
:10A40000040042008100000BD00000001100000B8E
:10A41000D00000000000000BD0008250410041C37A
:10A42000000000003C3C353F555555FC1C00000029
:10A430003FFFFFFF00000000FFFF3D3C0000FFFF6B
:10A4400000FF00FF00FF0000000000000000FFFF11
:10A450003C3C3E3EFFFFCFFF000004000000000038
:10A460000800000000C03C3C05054D4D00550000B3
:10A4700000040F0F3C3C0F0000000000000000FF34
:10A48000FF0000FFFF003C3C0FF000FF33330F0FD5
:10A490003CC33C3C0FF0FFFF3333FFFF0FF00300E2
:10A4A0000300000000003C3C303A5555550C1000AC
:10A4B00000003FFFFFFF00000000FFFFFFFF001054
:10A4C000FFDF00FF01FD00FF0000000000000800AA
:10A4D000DFFF3C3C1E3EFFFFCFFF000000000000FE
:10A4E00000000000000000C0555505054D4D005509
:10A4F00000000000000000000F000000000000400D
:10A5000000FFFF0000FFFF003C3C0FF000FF333373
:10A510000F0F3CC33C3C0FF00000333300000FF042
:10A5200000000000FF303C30FE02FF0078FFFFFF1C
:10A530000000080CFFFF0000FF5FB2920000000067
:10A54000FF00FF00FFFFFDFF0000000020000000F3
:10A5500000000000000000000CAE0C0CAAA0AAA095
:10A560000000FFFFFFFFFFFFFFFFF0F03CF0FF00E8
:10A57000AFA03C003C3CA0A0F000AAAA3C3C0000DC
:10A58000000000FFFF0000FFFF0000FFF0F00FF0F1
:10A590003C3C0FF0FFFF0FF0AAAA0FF0FFFF0FF0F7
:10A5A0003C3C00000000C3300030FF00FF0078009A
:10A5B000000000000800FFFB00F0FF5FB292000007
:10A5C0000000BF80FF000000080000000000000045
:10A5D0000000000000000000000100AA0000AAA086
:10A5E000BEBC0000FFF3FFFFF7FFFFFF00003CF0E1
:10A5F0000000AFA03C000000A0A0F000A0A0303000
:10A600000000000000FFFF0000FFFF00FF00F0F06F
:10A610000FF03C3C0FF000000FF0AAAA0FF0000072
:10A620000FF03C3CA0865090A3800005008600FC03
:10A630000090000000000CEC03B08000000404ACAB
:10A6400003980000009000FC03908000A80450BC18
:10A65000A3900005008600EC00B00000A18652F037
:10A66000A0B000850000A08652F0A0B0008505864D
:10A670000AFC03B900A0008604FC00B20010A1800F
:10A680005A90A3A80085C68601F608B40840128235
:10A6900021B0438408481280219043A408481286C0
:10A6A00021F040B400487F70FF000F0F0F7DFFFFC7
:10A6B000F3FFC3D3C7D77D287F2F00000000AAABCC
:10A6C000AAAA3C3C3C3C7D287F2F5555D555AAABCA
:10A6D000AAAA3C3C3C3CFFFF20000FFFFFFF00000C
:10A6E0000000000040000000FFFFFFFFFFFFFFF33E
:10A6F000FF00000000800000FFFF7DFF0000000061
:10A70000AA00A0A00000000000000000000000045B
:10A71000D728D7D7FFFF0000A0A0F0000000000C52
:10A720007FFFFFFF000000002F20FF000F0F0F41F1
:10A73000FFFFF3FF005005557D287020000000004A
:10A74000AAA8AAAA3C3C5C3C7D287020555515550A
:10A75000AAA8AAAA3C3C5C3CFFFF00000FFFFFFF39
:10A7600000000000000000000000FFFFFFF7FFFFF7
:10A77000FFFFFF00000000800000FFFF7DFF0000E2
:10A780000008AA00A0A002000000000000000000D5
:10A790000000FF002828FFFF0000A0A0F00000003C
:10A7A0000000FFFFFFFF00000020F330FF0000FF6C
:10A7B00034F7000003003C3C00007D287F2FFF5C45
:10A7C0005C5CBE82BF8FFF1717173CF03CF0C000E7
:10A7D00000003A3A3AFFF1FD417D0000000000FF21
:10A7E00005FFBE823030FFFFFFFF0000FFFFFFFFCD
:10A7F0003FFFFFFFCFFFFFFF08000000FFFFFFFF4D
:10A800000505053DFF003C00300005052000000067
:10A81000000000FFDFFFFFFF55AA55AA3030A0A0BF
:10A8200000043C3CFFFFFFFF00000000EB28FF009E
:10A8300000FF04C7000003003C0400387D2870209E
:10A84000005C5C5CBE82B080001717173CF0AAAABF
:10A85000000000003A3A3A00010D417D100000006E
:10A8600000000505BE823030FFFFBFFF0000FFFF84
:10A87000FAFF3FFFFFFFFFFFFFFF00000000FFEFB9
:10A88000FFFF0505053D00003C0000000505000038
:10A890000000010101FFFFFFFFFF55AA55AA30305C
:10A8A000A0A000040000F5FFFFFF00040000091055
:10A8B00000A000000010218380211104040902A0DF
:10A8C0000400000820C0001004400010040004A090
:10A8D00080C0A1C09111049011010920112040A055
:10A8E00004C02008040800000400414104000000E6
:10A8F000041182408420A041A009A001A0012005EC
:10A9000082088420A02020010000024005000420CD
:10A91000042008100210020002100004200041016F
:10A9200004002102210811A0400000A0022002849E
:10A930009041200008000000A004208484800004CE
:10A94000001000000010000000A0000084A000091A
:10A95000900002000200024000000020849000806D
:10A9600000000000000000000000000000C008001F
:10A9700000C008040483210002C021200404040450
:10A980000084042002000421042020002080900084
:10A9900001890240C180040040054004000000001D
:10A9A000040202008400040090002000A0050400BE
:10A9B0000400808280830020809000090002000251
:10A9C0000020002000022010802000832000800250
:10A9D000001120C1A0A08040204000080084008415
:10A9E000100900A00008808340C020200404040552
:10A9F0002020000004000241040240218001A00840
:10AA000084010984000240200000000200C0C1410E
:10AA10008008402002828841884080828008C1A04E
:10AA200040108020800040A020C0C08280400040B4
:10AA3000001110C020202002008820410420009036
:10AA400000800011048200900141201000020121C9
:10AA500002900010214020102021A1880003001046
:10AA6000C000A0089010201004202005C18801908B
:10AA700001C001850000412001C0201102400404F2
:10AA8000412121200000041121100402409088106F
:10AA900040C0400021C1014141C041C040114010AF
:10AAA0000410050040C040100510011105100411EC
:10AAB00000900040001005032000058400001102F2
:10AAC00004844005090403021120098340C1891050
:10AAD0002110402000C0C0112111201005110410C8
:10AAE000800809820300020440402088401040C0D2
:10AAF000001002412188000000022008040800C064
:10AB00002010A003090204901110118202C0A000BD
:10AB10000902081041A0840811C0081020104084C8
:10AB200000C008A0028220404084400440904002BF
:10AB300021100084A041050440A08411000384007A
:10AB400020834021104088C0200804820002A020F9
:10AB5000021100108805904002C082108803401046
:10AB600085111002200504020490C04082400203B7
:10AB7000C0208810C1C0C01000009004831008409D
:10AB8000904010030540824101008421200801000B
:10AB90004021002190008805054000410900404106
:10ABA000000010058405100082108400C000040914
:10ABB00008000400C00802C01000020002010804DE
:10ABC0000220200500C190000000200405040001BF
:10ABD00005030204100109101002104085010284CF
:10ABE0000300030005A005400582408240040420C4
:10ABF000A101020589028508850000008800000483
:10AC0000020010210202100008400203A0022120CD
:10AC100041004188C002100202021021830021037A
:10AC200083412020000083020982082005A004013E
:10AC300002002104C008400000000001101108209B
:10AC4000049120A182A088200241004188800880D0
:10AC5000002000A091852002C00988809010024049
:10AC600083080021C02002202008002105098991C5
:10AC7000C0900240000240100208020000004004A0
:10AC800004000511008482918204200085A00280C6
:10AC900000890410040340889011848000A04020A3
:10ACA000821002408480041140A1841184C00000FD
:10ACB00001040011C088032101050005024000C005
:10ACC000090020029008091020048240801121020E
:10ACD00004201020410808082141021003C08240CE
:10ACE0004100118200C00000000240884008008836
:10ACF0008900082002400204410002C04000000018
:10AD00004000401140A003400800400410C02184CE
:10AD100000000504030840C003C00540051084047A
:10AD2000208290A005200202020421084020210870
:10AD30000384000009400202000804822002048803
:10AD40000008C002041040020810840303880402B3
:10AD50000083018500C12005204188401110400476
:10AD6000038300030003401102054091080088C1DD
:10AD7000840002114085898020408200202104083F
:10AD8000000082098540010500904002A1400008B2
:10AD900004084000002100030004400020A11041ED
:10ADA0000510404108098821100410029008880805
:10ADB0009011900084088811102090020900011160
:10ADC000C111002111100003202100820500024062
:10ADD00002200010400800111084C10003880020E8
:10ADE000100803C1400084100402208400841082F3
:10ADF000102010000902A082A00305100908040118
:10AE00000091000000080084051040832010081005
:10AE100040A010102085089040400588210480043F
:10AE20000804844000028890C0914010411040A165
:10AE300021842184004011084102419008A01001A2
:10AE40000083A0200220200002A0C0A04004200413
:10AE500083A084840240904108208202020084037F
:10AE600002100420844082000241200502418841F2
:10AE70008800880400088803414003C00003840060
:10AE8000820220020000C011C0000000C14020006A
:10AE900000040104040082024000858002080820AA
:10AEA0000209900305200004410803408311A00417
:10AEB000202008112040C0040404202000040000C9
:10AEC00020042020410400030800020400000003C5
:10AED00088808300000000830800414100008083D7
:10AEE0000080000000A08000800020000000000919
:10AEF00000400010000000032110C000000000030B
:10AF00002100890000000000000311109180000062
:10AF1000800390080280000083A10808C1408804D3
:10AF20000305C00404098941088421090402C0C141
:10AF3000884005210008C140908308840002214117
:10AF400090834084418320C088212120899000087B
:10AF50009089090203820040004188C089400010A6
:10AF6000208300C088900041C09090908290008221
:10AF700000000000020100009001840004000000B5
:10AF800000010000C000000000004009888440C0AB
:10AF9000008802910402412010202111844102897D
:10AFA0008400410809210100C04189822120C1C1DA
:10AFB000C0110391008504090521831101A1A0415D
:10AFC00002C0831191110408A00890018200910829
:10AFD0000305400240001000C10840018202A02089
:10AFE000050308008400A00283908800040010007C
:10AFF000829000C0000000A0010010010401884000
:10B0000085C0400384004002412000002020020847
:10B010009002210210032000A00291030410038873
:10B0200005090482044182040105210211038208FA
:10B030001085A0900404830409080200040003C0E2
:10B0400009118900880209100903890400400004DD
:10B05000048083C0000400218000832100030011CC
:10B060000000839000210009808083A000118010DF
:10B07000000080900400100804000300C002800358
:10B080008000838200108004000003090000841106
:10B0900080040000838590038011000003C08203B8
:10B0A0008810844182900921401140082011A1900C
:10B0B000401104028240098008114083821110214E
:10B0C000840482080304108504040284031100052B
:10B0D00080001080800385000002208080838082B1
:10B0E00080009100008300000005880000030080BC
:10B0F000008084800080A000030000000000008029
:10B100000008208000838000209110801083008040
:10B11000000005C00980000300899000048000033E
:10B120004008A1100882404011400402089003C169
:10B130004041C108038209841008848210C090082D
:10B14000A02180A00484A003C12121041083100346
:10B150001040C010880208892020100882848805C9
:10B160000840020808A0C089100082009000200159
:10B170000408000410020082100000000000A0007B
:10B18000041000910110A011A0000004000402A10D
:10B190000080A090200382840491408402202084B7
:10B1A000028909A110900085C01084A0004000848D
:10B1B00001890803A1C100414082840188C0038540
:10B1C0008905820188C0828588A1828888C1090496
:10B1D0008291032084829000021021100282844018
:10B1E0001090C1418402900020088391C085200006
:10B1F0001090822102402000028400000001000023
:10B200000000C04002C00200C08903009040020854
:10B2100088900080852090100800400289201090BE
:10B2200010820882C1040941910002008404058350
:10B230008204910102030241118209038409898970
:10B24000050001888504C00301030188098211A05B
:10B25000A0C004888309008004008000030080846B
:10B26000C100800003C10005000080808311894077
:10B27000000000008091808000008000000000112C
:10B2800000040000008080008000041083400080E3
:10B29000801140000080831100000000808003A026
:10B2A000890080000084A141C0C040104000C190CE
:10B2B000C00304110241C1204103A19021C1C12159
:10B2C000840340104190838920A00490109183C092
:10B2D0000402032021030600000BD0004100066099
:10B2E000000BD00042841200000BD000210041006E
:10B2F000000BD00000008100000BD00000000060B7
:10B30000000BD00000008100000BD00021000000E5
:10B31000000BD000000000000000000BD000000077
:10B320000000000BD00041500000000B000006811F
:10B330000000000B000041601200000B00001188AB
:10B340001200400B000082004100000BD0001200F0
:10B350000000000BD00012000F0F00003C3C00006A
:10B360000F0F00000F0F0000FFFF00003C3C00002B
:10B37000FF0000000F0F00000000000000000000B0
:10B3800000000000000000003C3C3C3C0F0F0000AF
:10B390003C3C00000F0F00000000FFFF00000F0FFB
:10B3A0000000FF0000003C3C0000A5656665FFFF53
:10B3B00010F7BC3CBFFF7CFC8303F0F2FDFF40FDB7
:10B3C000BF02C3CBFFFBE3F31C0C00000000000036
:10B3D000000000000000000000000F0F00003C3CD7
:10B3E00000000F0F00000F0F0000000000003C3CA9
:10B3F0000000FF0000000F0F000000000000000030
:10B40000000000000000000000003C3C3C3C0F0F2E
:10B4100000003C3C00000F0F000000000000000096
:10B420000F0F0000FF0000003C3C0000A5A5666671
:10B430000000EF0843C34000FDFC02030F0D0200B3
:10B44000FFFF00003C340004FBF3040C000000008C
:10B4500000000000000000000000000000000000EC
:10B4600000000000000000000000000000000000DC
:10B4700000000000000000000000000000000000CC
:10B4800000000000000000000000000000000000BC
:10B4900000000000000000000000000000000000AC
:10B4A000000000000000000000000000000000009C
:10B4B000000000000000000000000000000000008C
:10B4C0000000000000000000000000000000C208B2
:10B4D000040000108861C2080400001088610000A8
:10B4E000F0F0000000FF0000FFFF000066660000B3
:10B4F000F0F00000666600003C3CFFFF99990000F8
:10B50000000000000000FFFFFFFFF4F0DFFF00007D
:10B5100000FF00003C3C000066660000FFFF0000EA
:10B52000000000FF00003C3C000000FF00003C3C2D
:10B530003C35A5A5EFFF80FFBFFF02FFFFF7F0F14D
:10B5400066A6599966A65696566696966666969625
:10B5500000000000000000000000000000000000EB
:10B560000000F0F0000000FF000000000000666630
:10B570000000F0F00000666600003C3CFFFF999977
:10B58000000000000000000000000F00F0F0FFFFCE
:10B59000000000FF00003C3C000066660000000068
:10B5A0000000000000FF00003C3C000000FF000025
:10B5B0003C3C3C3CA5AC10007F004000FD00000876
:10B5C0000F0E66666666666696966666A69666560A
:10B5D000965600000000000000000000000000007F
:10B5E0000000A2C75190A3844945A2C7519CA394CF
:10B5F0004D45A2C75190A3844945A24151F003B4DF
:10B600004140A00250F0A3300005008600EC00B0DD
:10B610000010A2C651F0A3A44945A2C751F0A0B49E
:10B6200049450000A2C751F0A0B44945A2C751F056
:10B63000A0B44945028601E000B4084002860160DA
:10B64000009408400286016003940840028601A02D
:10B6500003940040058604B003920010058604F0B0
:10B6600000B200103AAA3AAA5555553C3AAAFAAA8D
:10B67000555555CF3FAAAAAA000CFFCF7D287F2F92
:10B6800000000000AFA0EFE3F4FE14BE00000000D5
:10B6900000000000FFFFFFFF00000000FFF7FFFFBA
:10B6A000000000050000AA000000000F141F400069
:10B6B0000000FFF7FFFFFFFFFFFF000000003C3C22
:10B6C0000000F00000003C003C0000000505FFF019
:10B6D0000F000F0F00FFFFAA00AA0F0F00FFCBC83B
:10B6E000FBF83C3C3CBCFAAA0AAA5555550F3AAAAD
:10B6F0000AAA5555550C30AAAAAA0014FFD77D28CE
:10B70000702000000000AFA02C20040E14BE00002A
:10B71000000000000000FFFFFFFE80000000FFFFB0
:10B72000FFFF000000050000BA303030000F000FAE
:10B7300000000000FFFFFFFFFFFFFFFD0080000093
:10B74000BC3CA000F0100000BCA03C00002005059F
:10B75000FFF00F000F0F00FFFFAA00AA0F0F00FF5E
:10B7600008083838000000A03FAFFFFF555555CFFF
:10B77000B2FFFFFF8000000078FFFFFF555555CF57
:10B78000E8E8E8FFFF5C5C5C00000000F4F714D719
:10B7900000000000000000000000000000FF407FEB
:10B7A00000000000F0F0F0F80000000000000000D1
:10B7B0000000200000000000000000000005000064
:10B7C00000003C000000F3F300003C30AAA058F851
:10B7D000FAFABA8ABA8A555C555FB2BEAAAA555C13
:10B7E000555FFFFFFFFF0000000030A0000055552F
:10B7F000550CB20000008000000078000000555594
:10B80000550CE8E8E800005C5C5C000000030407FD
:10B8100014D700000000000000000000000000FF3E
:10B82000407F00000000F0F0F0F000000004000095
:10B8300000000010000000000000000800000005EB
:10B84000030000003C000000FFFF00003C30AAA005
:10B8500050F0FAFABABA8A8A55505553B282AAAA57
:10B8600055505553FFFFFFFE000000100010040864
:10B8700000830008048804A0802104C011201190D6
:10B8800000000011000400080320004080000010A8
:10B890000210000104041100201003110400002014
:10B8A0000290051111902010200920200000C100F5
:10B8B0002000914002902010009120108410848478
:10B8C000A02084102041A0080000A0A020081100A2
:10B8D000000002900009020820084000042000A097
:10B8E0002040200000A08420880002218409A000BC
:10B8F00000000020000000080400020420100011D5
:10B9000000210000082000C1000000880000024162
:10B91000C000000000040090000000000404A0002B
:10B92000A00801000004400800400004001100C00D
:10B9300020000100208001000509002009212100CC
:10B9400021002005214011C02000C000200801086E
:10B9500004002000C01120202000A10020000200CF
:10B960000411C100C1000204094109410810092065
:10B9700000000090000100004140000000410090E4
:10B98000001100058003C0084021009100830000E1
:10B990008004800000900001200000022004A00824
:10B9A0000900801080A02004A008801020202040E2
:10B9B000000000C04104000583080020800400202E
:10B9C00080200020C02000848521410884000020C0
:10B9D0002004000400828000040420000904000008
:10B9E00080000005884004080005A000A020A000F9
:10B9F0008410001000000020001000210010904072
:10BA00002021040200A02084418800A0402040049E
:10BA1000001002100200002088020510820883A195
:10BA2000032002412089020001900510201003111B
:10BA300001100000001100890440024140A104A14E
:10BA4000000202A104900480042104C040100511EA
:10BA500002104090A088000820100180A11002412F
:10BA600002080421844020C10520C0400908099033
:10BA7000050809104084040203A00003890209207C
:10BA80000882021109200520042000004010020451
:10BA90000485040440020520001085080482000883
:10BAA00009408000000202840908041003202004D9
:10BAB0004010000800000002851002080440110038
:10BAC0002010400500000882409005A000100040B2
:10BAD0008310000200022010101004082010200023
:10BAE0002004101020A0A0002041419020110488C3
:10BAF0002005A021A00582039100840800200211E6
:10BB00000089000588020088049001880010020561
:10BB10000484022001C088000003402108908208AC
:10BB2000002100030200881121410002C010408062
:10BB300091050408844000000010020009410985B5
:10BB40000821100500C0A0080211040808081011FF
:10BB500090212009A021202189412000C02111101D
:10BB60008921218020000303052041C00200854077
:10BB70002100A184050409840401200020000000A4
:10BB80000200800011010000800590018802080277
:10BB900005008500400400002000004000C120880E
:10BBA000111009908900008489C08904021000885E
:10BBB0001104002000C000890000082184820200D6
:10BBC000824100088040A1000001204000011021B6
:10BBD00002011091082105019008090400852083C5
:10BBE000410400A103058288802080040809210106
:10BBF0008200A005801188040411C1209009001062
:10BC0000000301000200004000004084200440A125
:10BC100000900008200000904000080808912004CF
:10BC20000041109110050211A00520020200002021
:10BC3000001000800090C0210020000084840500D6
:10BC4000010005C0000520040400100400808204E7
:10BC500008840904900410840004040020040804EB
:10BC600010040890C00400A020002009200010400B
:10BC7000200405000490041005414190100200408A
:10BC8000100409020000050804108082800400A04E
:10BC9000040100840004080040820888008210002B
:10BCA000008420840000050402020840890008087E
:10BCB0008084098403044100408803C0000080029E
:10BCC000040205A0A140040503401000080811006B
:10BCD0000200218841820302200200880584200896
:10BCE00084842185100240114000C00320082100F7
:10BCF00080414041000108A1880890A0000304058C
:10BD00008805200340002010000000212008400882
:10BD1000900201040404900310058811840000219E
:10BD20008200001088050040009020418809201002
:10BD30000021200800100002882188050011000061
:10BD40000408880804102084000404880005040204
:10BD5000C00441100041A000402011051021100234
:10BD60002121210420044004100490052004C00572
:10BD7000200402C0088410040904054104101004C2
:10BD800020840382080000408020050410C180A0A8
:10BD9000A0852000C1841120090420104102110453
:10BDA00000902089008582842040820411081000C0
:10BDB000918802090240118582041108900004A0B4
:10BDC0000000030402888985204002C100A10241CD
:10BDD00040A0040409A010004184214009C011843E
:10BDE00085A0110489849104108502048501000452
:10BDF0000304020482412110214104208410208880
:10BE00001185000300000000000902A100000020CD
:10BE100002004004000020004080C0000000040038
:10BE200000000004884000400809010520000000CF
:10BE30001002202110100180002004800400040062
:10BE4000001000000000000020208480002000205E
:10BE500001A0000900800800000420030020000069
:10BE600000002000088004002091000400802020B1
:10BE700000800020008002A00000008401820900F0
:10BE800021000220200300A10220000502880841B1
:10BE90000005400391032109C191910488A121402B
:10BEA0002009000380034188002000051110890843
:10BEB000C0412005C0030009880209110920410979
:10BEC000400210C1000010030908410285410883A7
:10BED00003890091091120030309058489410303A3
:10BEE00004080008858420882021000420909108FF
:10BEF00002020090C1C12188401102090441218839
:10BF0000020420094188100108119182C002001129
:10BF100001A0C0049104039189850340829010031D
:10BF200085828890009020400011001100080001D7
:10BF3000090141010100050000010801000000A104
:10BF40008889A10401C1000005010100040110015C
:10BF5000102101C1A0020020C1098811C0110410E4
:10BF600021830091A0824010100801410289001134
:10BF700004A0009102208204890401001120C02045
:10BF800021821011110891200090C000820003014D
:10BF900005A00840A003C0020500080440110420C9
:10BFA0008801890004840521112008850841089032
:10BFB000080021088811830088A010A0200103A098
:10BFC0009001098889104091000008C090089109EB
:10BFD000910184A0A18809112182900590084183D4
:10BFE00091C1A1202088020288018800408440215C
:10BFF000040010880804C1048800901090058990FE
:10C00000118800A1830420A08204201085004140F3
:10C010000308209085030505A108824102008911CB
:10C02000804004104100C021C1094000840282C147
:10C03000849091008800830489000210C0000520CC
:10C040009000050808008809C10900008510080053
:10C0500021C003090400882102410305410809A108
:10C060002104038921000900418510410400A0102A
:10C07000094109108900C0888289090802A1118834
:10C080000441C1090582209184048911828800201D
:10C090004005000305888203C105058509C080911C
:10C0A000C1898583022180C008A0008303000000AD
:10C0B0000400000008880020100904A0C1050083C6
:10C0C000050540C0080800C1208910C1000040409B
:10C0D00004081189088302088409C189880302A120
:10C0E0000409C089090321088088A089C003A02011
:10C0F00080094091A0102104898311C084108320FD
:10C1000004030840041083200321028420900305C7
:10C1100000010800000300081004840401880005E1
:10C12000104104412105C18840C0200588880100D4
:10C130000200000000000091000401030108040057
:10C1400000100100408200080440834101400000CB
:10C1500001410085002104A100014000048583A164
:10C1600001031020098510A1010188C0108589A153
:10C1700010018804A18402A0100089C0A08488A0B6
:10C18000080900400041829008050101A1A0098230
:10C1900001C0099003002100041104218401C0049E
:10C1A00083400384A100918403408890910090888B
:10C1B0008340089183000204010000820100010015
:10C1C00004A0C18311000800040988838301029040
:10C1D000000082031041C084C040858921112000E5
:10C1E0002104A1888811088209888588C183C1003B
:10C1F00000888401C0C00000C0888484C0A182007F
:10C200000188840821A102C0038883400002200124
:10C2100004880389840041219000414041888302C1
:10C22000410003118808A00905008985C00020038A
:10C230000300A09140402002820010050920042143
:10C2400010050380412102041100850385200203AB
:10C25000020000000288800810900880838204A0F9
:10C260009011889183C041A1090921208391202147
:10C270000208039188210391410821A1830404212C
:10C280000420408089C040040503A111C0041109A5
:10C29000104091200000000B000000000000000B87
:10C2A000D00000000A50000BD00000828181400BBA
:10C2B000D00000000600000BD0000A000088000B30
:10C2C000D00000000660000BD00000004188400B49
:10C2D000D000418200000000000BD00000000000F0
:10C2E000000BD00082600000000BD0000000820034
:10C2F000400BD0000A004100400BD000000082003B
:10C30000400BD00000480000000BD00000001200DD
:10C31000000BD0000A00FC748844FC74884453501D
:10C32000535C5CF05CFF7D7D033F5F5F0CFC1000A5
:10C33000DFFF555535550737C7F700000000555545
:10C34000555500FF08FF55555557FFFFFFDF555561
:10C35000457500FF01FD00007D7D7D7D0F7F0F7F16
:10C3600055FF55FF15BF15BF55FF55FF0DFD0DFDC1
:10C3700055FF55FF3C7F3C7F7DBE41825FF50AA0A3
:10C38000ACACAFA05AFF5A00D4D4FCC05AFF5A003C
:10C39000C5C0CFCAD2D7D282FC748844FC7488440A
:10C3A0005050505C5C005C0F4141033F50500CFC0E
:10C3B0001000DFFF555535550434C4F4000000006B
:10C3C0005555515D00FF00F75555555400000010BC
:10C3D0005555555500FF00FF000001013D3D057515
:10C3E0000575052D052D153D153D1C1C1C1C0D3D11
:10C3F0000D3D0D0D0D0D145714574D8E4D8E1EB461
:10C400001EB45C5C5F505A3C5A3C17173F035A3CC1
:10C410005A3C35303F3A787D78283300F3F330C00A
:10C420003FFF300F3000AAFFF03CF5A0BEBEFFFF7B
:10C43000FFFFF0F0F0FCF0F0F0FCCFC30F030000C2
:10C440000000F0F0F0F0FFFF8000FF80FF00FDFF34
:10C45000FFFFFF00FF00FFEFFFFF0000BEB4BEB410
:10C46000FDA8FDA8FEF0FEF0FAFAFAFAFCFCFCFCCE
:10C47000BFB0BFB0FFAAFFAA1414BEBE1414BEBE44
:10C48000050AF5FA80D5A8FD4114EBBE140FBE0FC6
:10C49000140FBE0F5303F3A341E1EBE10033C0F3EC
:10C4A0000C030C0FAAAAAAAAAA00F03CF5A0141427
:10C4B000FFFEFFFEF0F0F0C0F0F0F0C0CCC00C00CA
:10C4C0000000000278F0F0F07FFF00007F00FF0026
:10C4D00008000000F720FF00002000000000BEA0C0
:10C4E000BEA0F8A8F8A83E303E30FC00FC00FA00E0
:10C4F000FA00BAB0BAB03CA03CA00FF00FF00FF0B9
:10C500000FF0353A353AD580FDA8E1B4E1B414F026
:10C51000BEF014F0BEF05C0CFCAC14B4BEB400C7AA
:10C5200000800080410000860CF0A0900005088685
:10C53000049C038200800096009C0380A40000827B
:10C540000C70A3B00005008E00FC00A02000009637
:10C5500000FC031020000096009C03808400000073
:10C56000C0C6C0F030B04903C0C7C0F030B0490306
:10C57000C0C7C0F030B04903C0C7C0B03390090392
:10C58000C086C0B033900803C086C0B033900803A3
:10C59000C086C0F030B00803C000C01033000003F4
:10C5A0003E343E347D7D3C3C2A002800000C00FCDB
:10C5B000F3AAAAAA555555CFFF00FF000002FFFFBE
:10C5C000FFCF3CFC00000000000000000000002045
:10C5D00000003C3405050A0AFB08FF005555545776
:10C5E0000000BE308230800000000000000000002B
:10C5F00000FFC0FCBCBC00FF01FFFFF000F00F0F0C
:10C6000000FFFF3C003C0F0F00FFFFF000F00F0F9A
:10C6100000FF00000000000000042828202014145F
:10C6200000553E343E3428283C3C00000000000CFD
:10C6300000FC30AAAAAA5555550CBF80FF00000087
:10C64000FFFDFFFF3C3C0000000000000000000078
:10C6500000000000080005050A0AFF00FF0055550C
:10C6600055550000BE3082308000000000030000FD
:10C67000000000FFC0FC808000000101FFF000F01E
:10C680000F0F00FFFF3C003C0F0F00FFFFF000F01A
:10C690000F0F00FF00000001000000040000202038
:10C6A00000000000FF3FFF3FFF0FFFFF00200000E2
:10C6B00000000000EF2FFFFF5555553FAAAAAAAA78
:10C6C000FFBFFFFFBE3082300201080400000000FF
:10C6D00003030C3C00000000C0000000AAAAAAAAA4
:10C6E00000FF10BF00000000000000550C5D20009E
:10C6F0000000000000008F8F828200000004FAAA70
:10C700003AAA55555C5FF3AA30AA555C555CFAAA63
:10C710003AAA55555C5FFFFFFCFC000000003C009E
:10C72000F000000F0505C000C000000F0000000071
:10C73000000000000200E020000055555503EA2AE1
:10C74000AAAA00000040BE308230804020100000C5
:10C7500000000303003000000000C0000000B2AA87
:10C76000AAAA00FF00FF00000000000000000C0C5F
:10C770000000000000000010FF8FFF82000000009A
:10C78000CAAA0AAA55555053AAAAAAAA5550555F33
:10C79000CAAA0AAA55555053FFFFFCFC0000000826
:10C7A0000000000000000000000011C0000811108F
:10C7B0002108041005100208000800A000840420CD
:10C7C00020100408000000A020084008111021904B
:10C7D000119000A041A00510410000004010200071
:10C7E00021C02110202020200000202004A02010A3
:10C7F00020A005000900419003A0111000000910BD
:10C80000201002A0111004A0200820880210048823
:10C81000058804A00300210011A02190112011908F
:10C820000090200220A0000004A004008821040041
:10C8300000000410000500000021000000000000BE
:10C84000002100110003C011002000110011880018
:10C85000000800050000001100081005A011C00428
:10C8600090088405C0108400000000C0040020115E
:10C8700000000020C0000200C00000002000A00551
:10C88000A02002412000C00041004100041000002F
:10C8900020002011080840100420C004000082116C
:10C8A0008800900504208800040884400088000067
:10C8B00000900000008800880000000000820082D4
:10C8C0000010000000000000000000020002000054
:10C8D0000000000000000000008800100000008838
:10C8E0000008000800000008000000C00000000868
:10C8F00000000000410200000008000000000000ED
:10C90000000000A0008280008090008809A0000242
:10C9100000820000008200020000090040000000C8
:10C92000000000A0000000000000000000880000DF
:10C93000000200080000C00000000000021000100B
:10C94000001000080810C04104210005000000107C
:10C95000002100090002001000100010001020410A
:10C960002010202088100010002100038800000003
:10C970000041001000410010A021A0020210A008F8
:10C980008208001000020002080808080808C00019
:10C9900002020008000800109000A000844101106D
:10C9A000001000100020401090080010001100102E
:10C9B000008405201102030805820582400200A0C0
:10C9C000008400A000820990000241200510098225
:10C9D00040402110038421A040A0099021C0009074
:10C9E0004100098400842102108203100510020016
:10C9F00000000300090803A000880408408405849F
:10CA000041021008050805000984211010A010201B
:10CA10000210028800820210028405A0050211089B
:10CA200008A00900020004200984418209001110B5
:10CA300000A08408C008A02184419041404000210A
:10CA400088008410000210050008000882020441DA
:10CA500082098810C002C003101000410440000287
:10CA60008209001084008403000590051021A04174
:10CA7000C0050000900584080200901184218420E4
:10CA80001000400288038841A00384218221900085
:10CA90008403C04184400440881188090809882023
:10CAA00084118840C0098203820910410021A0033B
:10CAB0004040C0090008000000000400000403001A
:10CAC0002000008200A010881000000040400940B3
:10CAD0000000100009001100049003100940040038
:10CAE000200041A0000000004040004000900800ED
:10CAF000000220080000051004000200108420023B
:10CB00004140218840404010402009A021400508B4
:10CB1000C088080404200340100441024190119091
:10CB200010202184100004C00000024020824140F7
:10CB300002A0200000820241004100080000020023
:10CB40000220880008410002824182000020400546
:10CB500002210840102090001040880984058209B5
:10CB60004008880800410011822104000811400992
:10CB70000211004188000000082182001000900886
:10CB800010099003000200030020A005100090008F
:10CB90004080400520A104214011821008109040DF
:10CBA00090092003902100410011820820090440CF
:10CBB000902090020210000000A00002051000006A
:10CBC000098200000584082021000000218800C09F
:10CBD0000984000000A08990040041C00002008880
:10CBE0000008100221002100001003C009A0000865
:10CBF00041A0090004844000000002A011C0090007
:10CC0000098200A009020900100011C040000300C1
:10CC10004108419003900800080211820900009029
:10CC2000000000000804418841000800080010A02E
:10CC300000000010050000900020C0104011000509
:10CC40008821A021042000038402080202089040E9
:10CC5000402100418803000520080202022008410B
:10CC600088401005C0411040100300109008C0110A
:10CC7000900384418408C02184000000000802025F
:10CC80000041402182210000402184024021040310
:10CC9000880802208803080540211005C021C02112
:10CCA000A00282408440201104058420902140414C
:10CCB000901004020205901104414002110011106D
:10CCC00004084184418421002108009000820090E2
:10CCD00009A0009000840010000808C000000002B5
:10CCE00000020082000011000200412003881100B0
:10CCF00021884082040010C0000200000000088269
:10CD000008022190210021C0210008080410108889
:10CD10004100200810A0048405040040A1A0408226
:10CD2000020203A0109021400008048420400382E6
:10CD30000300000800A041041000089020820000B9
:10CD400002008200A0000800200508000809200059
:10CD500002048200080410001000C0008821002096
:10CD6000100004089004A00000400021A0029040A0
:10CD7000A020820084418209880084000805000008
:10CD800000008841C000820300000000000000098C
:10CD900082090021100000401000A04188A010204E
:10CDA0004009A011041000080204C0032010080864
:10CDB0008409200084028440884100110005A040BD
:10CDC00080000000000000008000100000808088CB
:10CDD0000000800000030000800000000000000050
:10CDE0000000000000000000000000000000000043
:10CDF0000000000000000000000000000000000033
:10CE000000008000400000000080800002000080E0
:10CE100000410000000000030000800010000041FD
:10CE2000400000000300004100000000000000007E
:10CE300000000000000000800000030083000000EC
:10CE4000000082000000008200008200010000A0BB
:10CE500010C00008080000010000820000000082ED
:10CE600000000000000000000000000000000000C2
:10CE700000000000000000000000000000000000B2
:10CE80000000000082000100008200C0820001005A
:10CE9000000808010010C00000010000820000002E
:10CEA00010830100040001008201009000000000D6
:10CEB0000000000000000000008200000100C1002E
:10CEC00000000000000004000000000000008500D9
:10CED00000001000090008010083000100000000AC
:10CEE000000000040000000000000000000000003E
:10CEF0000000000000000000000000000000000032
:10CF00000000000000000000200000000000000001
:10CF1000C1000009C000090008010008000001006C
:10CF200000000009018200000001000089400000AB
:10CF30000000000001C0000000010000000000C16E
:10CF400000000001010100000000000000000000DE
:10CF50000400000380108200112000A11040000096
:10CF600000000000000000000000000000000000C1
:10CF700000000000000000000000000000000000B1
:10CF80000000000000000000000080000000000021
:10CF900000000400000800000200C04100800009F9
:10CFA0000200000000820280000000030000410037
:10CFB0000000000000000200000000080000000067
:10CFC00004200002000341400000000000000000B7
:10CFD0000000000003800490000800000000000032
:10CFE0000000000000000000000000000000000041
:10CFF0000000000000000000000000000000000031
:10D000000000000000000000000000000000000020
:10D0100000000000000000001000000500000800F3
:10D020000000000000000000000000000000000000
:10D03000890500000000030000000000000000005F
:10D04000000000C00000040280000000000000009A
:10D05000000000000000010800C100010000000005
:10D06000000000000000008200000000000000003E
:10D0700000000000000000000000000000000000B0
:10D0800000000000000000000000000000000000A0
:10D09000000000000000000000820100000000000D
:10D0A00001000000000000000282000000000000FB
:10D0B000000010040000000001000000000000005B
:10D0C000000000000009000000000800000400004B
:10D0D000000100000010012082000000000100009B
:10D0E00000A000000082000000000000000000001E
:10D0F0000000000000000000000000000000000030
:10D10000000000000000000000000000000000001F
:10D11000002000C100000008010010000000008392
:10D12000010000000000008200400000C04100003B
:10D1300001A0A0C0A0C1010000010000000000008B
:10D1400000000004000001C1010100000000000017
:10D1500000000002000000000200090000000003BF
:10D160000800000000000080000000000000000037
:10D1700000000000000000000000000000000000AF
:10D18000000000000000000000000000000000009F
:10D190000000218000C100000080400089000000E4
:10D1A00000A002000000000000800080410080A07C
:10D1B0000000200080800008020000030000000042
:10D1C0000000000000000000028341040000000095
:10D1D00000000000000012000000000000001242E9
:10D1E0004148000BD0001242000000000000120075
:10D1F000000000000000000000000000000000002F
:10D20000000000000000000000000000000000001E
:10D2100000000000000000001200000000000000FC
:10D2200012008148000BD000120000000000000036
:10D23000126000000000000012002148000BD00026
:10D24000124200000000000000000000000000008A
:10D25000124200000000000000000000000000007A
:10D2600000000000000000000000000000000000BE
:10D2700000000000000000000000000000000000AE
:10D28000000000000000000000000000000000009E
:10D29000000000000000000000000000000000008E
:10D2A000000000000000000000000000000000007E
:10D2B000000000000000000000000000000000006E
:10D2C000000000000000000000000000000000005E
:10D2D000000000000000000000000000000000004E
:10D2E000000000000000000000000000000000003E
:10D2F000000000000000000000000000000000002E
:10D30000000000000000000000000000000000001D
:10D31000000000000000000000000000000000000D
:10D3200000000000000000000000000000000000FD
:10D3300000000000000000000000000000000000ED
:10D3400000000000000000000000000000000000DD
:10D35000000000000000004000000000000000008D
:10D3600000000000000000000000000000000000BD
:10D37000000000007B7500000000000000000000BD
:10D38000000000000000000000000000000000009D
:10D390000000000000000000AEDE00000000000001
:10D3A000000000000000000000000000000000007D
:10D3B0000000000000007B75AEDE000000000000F1
:10D3C000000000000000000000000000000000005D
:10D3D000000000000000020000000000000000004B
:10D3E0000000000006000000000000003002000005
:10D3F000000000004003066800000000000000007C
:10D40000000000000000000000000000000000001C
:10D41000000000000000000000009667C00200004D
:10D4200000000000408C07000000000000003002F7
:10D430000000000000004003E6691660C002000022
:10D4400000000000408C010000000000000000000F
:10D450000000000000000000000000080008841127
:10D46000A0A100088210001080900010A0908010F1
:10D47000201100100000001000008411842004001E
:10D48000409040000020200020A0004004412108DE
:10D490008401100008002020001000000810022065
:10D4A00084082090041020100409214082A0040860
:10D4B00004008400020004900410401020080210B0
:10D4C00004080320910220080810049004010300BE
:10D4D00020C020C1410204020204024000100011D9
:10D4E000202020200000210800002010A0A103100F
:10D4F0002003012000000008002140112110090331
:10D50000010000000100002041080100209000C03F
:10D51000C0100420201101000188200000C020005C
:10D520001105020005000000C041204000802000DD
:10D53000A04121032000400020100321A021000071
:10D540002021A000200020C10020202100099020DF
:10D5500000020100894000102080C000008000000F
:10D560000000000300000010000204080002008216
:10D5700000000084000400C00020414000000402BC
:10D580008000000084000000000000100000004146
:10D590000002001100119001802140000085000070
:10D5A0000001000480110011002000000020000193
:10D5B00000090090800280040091000100910001A8
:10D5C000410000200000802000008008008280834D
:10D5D00080A0C0C0040080000000001020020040B5
:10D5E0000021000000200010002100200120000088
:10D5F000401000000010829000020010008800100F
:10D60000011120100410041000030021002040101C
:10D6100000C00010A0201020402040A0A01000203A
:10D6200000000020040320200020208082100082BF
:10D630009020A0400010202104908804900404044D
:10D6400088040010A088004104A1201004200000DC
:10D650000402200021039100042004000021019015
:10D660000090C00180900008000084A040408040ED
:10D67000038800100001049000820410914004A06F
:10D68000800011A000088800C0C000008003408412
:10D6900080024090008340000420004000104008B9
:10D6A00000C00000100800090410040985040320CC
:10D6B000210108A00411A0112091040005201011DF
:10D6C0000020041084A09090001009024000412026
:10D6D00002400910408241112102001140404002E5
:10D6E000039109000210084088058803200800887B
:10D6F0002000000000880004400382110140044023
:10D700000111040084100009210020080005040410
:10D7100040004008000800408840018000100000E0
:10D7200084004000000040038804A1008420208879
:10D73000880082201008849021840104C021C091B7
:10D7400088900480C0894000040084000000010526
:10D7500082820000C01109411002109040020100B5
:10D76000C0100040000089008201000190202004C8
:10D770008200080000010840100000000020110194
:10D7800000008004400820004108000084100000D0
:10D79000200009000400008400001000A001110016
:10D7A000800082002021000020048304201020003B
:10D7B0002000A0002000A0848888C1054104A009A1
:10D7C000A0039001419188011000C18804008204E7
:10D7D0000490049110910040110011890040000054
:10D7E00020888040110040040800081000200488B0
:10D7F00088800305214100200510A0400408049002
:10D800008210100002802080C00084202008208028
:10D8100004001010200000020000040401000504B0
:10D8200000000204020409400000051108880009F4
:10D83000C10803000340030203020920089010807E
:10D84000202008080520C00205088809400008417A
:10D850000488100902020002200000100020A041EC
:10D86000A010040002209008219008A1201000A020
:10D87000004041000284081000000003838480906F
:10D8800009020000210000C0004040000008000024
:10D89000100040404001408441A0038240080384BE
:10D8A00004410008400003000000000000012000C7
:10D8B00005832101A0008000A000891120108311A0
:10D8C000A088039000208404092141A000000000EA
:10D8D00020004102C0A004820902880080008082EA
:10D8E000800010094000112041100985011041807D
:10D8F000000200110009A100A1800221040402110C
:10D9000020000805001100030000000800000000CE
:10D910000000A003000801200008C000900000885B
:10D9200040084104000000080000840000000810C6
:10D93000010304040404210320102105040441C050
:10D9400008C00541080804800908009000008220F2
:10D9500000090905080220218910C0894009020038
:10D9600002000200C040050088881005A0020010D7
:10D97000021000C041200288A0A00010200011C0A9
:10D9800000A0110009201100108400040000039081
:10D9900021010490044021880408000200830090C3
:10D9A00009401100A020000041000200030800000F
:10D9B0009184008420040204040082A08001850078
:10D9C00011010085842109201001009088110411A3
:10D9D00040004000208440C0404040084040400893
:10D9E000C040400040824002C020C0024020402091
:10D9F00000800100004000880021020320C10000D7
:10DA0000104188000400C04000008902000000119D
:10DA10000800022021400104040002082000022026
:10DA200002008489001120110402042082004000B9
:10DA30000000204040102180058200052105204083
:10DA400020210040841005040080042088000590F7
:10DA500020A0084088008221102000001005A003AB
:10DA6000000940040200200800C120C10283908404
:10DA70000280000302C09000000400830209080530
:10DA80000000000200200000040900050009004118
:10DA9000000000C090C0A00080088203022100089E
:10DAA0000811088009800080408083032003C0049F
:10DAB0008208000000038009400000000003000904
:10DAC000090000000003908984000000C082A108C2
:10DAD000898311A0838303830010208380030000C7
:10DAE000000000A080830080000000208003090067
:10DAF0008000002000C1058905C000C0008388A106
:10DB000001400002000000010000000000000001D0
:10DB10002000000000820310C0908240A00101019B
:10DB20000000C0000004048400C090080901410105
:10DB300041004000000000014001A0000000000181
:10DB4000400102000000000505118290A0840583B9
:10DB50004111C0400109112100210220210440216E
:10DB60000088A082900508A10010048200C108016D
:10DB7000010004000001100011C0918883C18801D8
:10DB8000840089088909C00089884001820889A029
:10DB9000020003A083014000C00020008208A00111
:10DBA000A11084C00302200482000588C021100552
:10DBB000A02009041190000004C0A00011048303F8
:10DBC0001005020091204189080110001100830313
:10DBD0001188110241908304A000904121010500A9
:10DBE000100085000800030008824101080809416F
:10DBF0000210850090C011058011400021808389AA
:10DC000009028000A18003890004080041218904E1
:10DC10001000000021009009C01188002108800830
:10DC200011102184082083118300410021800509FF
:10DC3000089088418388830500000020000021802F
:10DC400083898040800021008309800380002100B7
:10DC50008389080484218502C00511002041030343
:10DC6000830380002000000083008085A0400080A6
:10DC700083100011201080808390004000890009EB
:10DC80004083840280058985008308880002009013
:10DC90000489100041000800000000110085000800
:10DCA00040C0884000882088058300408040804133
:10DCB0000090202104910283048300808000008072
:10DCC00000898083000000000009000300000000BC
:10DCD0002009008303C0C00921910382C00380880A
:10DCE0001083030300008000108200830080908076
:10DCF000108280830000110010020083000584045C
:10DD0000A00501831009100803100011010500008F
:10DD10000085A088010000000000A000008884C0E9
:10DD200008084082C1000008018500890002C00285
:10DD30008211028910C100080021108300801000A8
:10DD4000000400854083008800880009104100100D
:10DD500088C00883A08384090805114120828200BD
:10DD6000880904859103000088C089850089902076
:10DD7000080411050403049000900091101191888B
:10DD800011A08408A0A0852184820400A088210815
:10DD900004852000088200010004000000088203BE
:10DDA000899110824102410090894108891108033C
:10DDB0008488100088C0410091039084400800804E
:10DDC000890908900800020041884190A00002885B
:10DDD000890402408800401183910510410110041C
:10DDE000851089C10282008985A0C0000000C0881A
:10DDF00011A090400300080821A00802214020A0A3
:10DE0000838884090900808083100585050010003F
:10DE1000A0A08041890482800003008000410000AE
:10DE2000808341418880108283200821888888204F
:10DE300000A000098004800803110383090209116E
:10DE4000008009400000000000000388040000007A
:10DE500000000305800000002090A1834000A00284
:10DE6000020083A183830821038383100300000041
:10DE700000800303000020000000031100802080C8
:10DE800080831200000BD00000001200000BD000B5
:10DE900041001200000BD00000820000000BD000F7
:10DEA00006000000000BD00021428200000BD000D1
:10DEB00000000660000BD00000600A00000BD000DC
:10DEC000120000008181000BD00000008241000B95
:10DED000D00000002184000BD00041848241000B5F
:10DEE000D00082000600400BD00012422148000BF7
:10DEF000040000000000000BD00006000000000B32
:10DF0000D000000000FFFFFFC0FCFFFFC30F3C0F6D
:10DF1000C3F0FFFF3E3E3838FF00CF0C000000008A
:10DF2000000000003C363C360F0F3C0F00000000A4
:10DF30000000000000000000FFFFFFFF00000000E5
:10DF4000000000000000FFFF0000FF000000FF00D5
:10DF50000000FF0000003C3C0000FF000000FBF957
:10DF6000F3F0F3F0CF0F0000000000000000FF000E
:10DF70000000FF0000000F0F0000FF0000000F0F67
:10DF80000000FF000000F0F0FFFFC0FCFFFFC30F28
:10DF90003C0FC3F0FFFF7E7E18180F0F0F0F00001D
:10DFA0000000000000003C363C360F0F3C0F000024
:10DFB00000000000000000000000FFFFFFFE000066
:10DFC0000000000000000000FFFF0000FF00000054
:10DFD000FF000000FF0000003C3C0000FF000000CC
:10DFE000DF9FCF0FF7F6EF6F00000000000000008A
:10DFF000FF000000FF0000000F0F0000FF00000006
:10E000000F0F0000FF0000000000000000000000F3
:10E010000000000000000000000000000000000000
:10E0200000000000000000000000000000000000F0
:10E03000C208040000108861000000000000000019
:10E04000C208040000108861000000000000000009
:10E0500000000000000000000000000000000000C0
:10E0600000000000000000000000C20804000010D2
:10E0700088610000000000000000000000000000B7
:10E0800000000000000000000000FFFFC399FFFF38
:10E09000F909FFFFF000187E81E70024DBFF606FC5
:10E0A00000FF0000F0F000C33CFF00E718FF10F78E
:10E0B00010F7000000000000000000000000F0FB6E
:10E0C000F0F000000000000000000000000000FF71
:10E0D000000000FF000000FF000000FF000000FF44
:10E0E000FFFFFF00F0FFF000FFFFCCFF000000008B
:10E0F0000000000000003C3C0000F0F000003C3C50
:10E100000000F0F000003C3C0000F0F0FFFFC3997D
:10E11000FFFFF909FFFFFF0F187E81E7006699FFF7
:10E120006666666600F000F00000000000E718FF79
:10E1300010F710F7000000000000000000000000D1
:10E1400020FBF0F0000000000000000000000000D4
:10E1500000FF000000FF000000FF000000FF0000C3
:10E1600000FFFFFFFF0030663066CCFFFFFF0000BE
:10E1700000000000000000003C3C0000F0F0000047
:10E180003C3C0000F0F000003C3C0000F0F0C047D8
:10E19000C0F033004903C0C7C0703380510300860C
:10E1A000007003900000008600F0A0B000000000A6
:10E1B00000900000000005860430039200100086E5
:10E1C000006C03800000008600F003B20010000025
:10E1D000C0C6C0FC33B04903C0C7C0FC33B049035C
:10E1E000C047C0FC33004103A100509CA3000005C0
:10E1F000008600B003920010C6C701B60B944940D8
:10E20000A2C751F0A0B44945A2C751F0A0B44945F6
:10E2100010044001287DAFAFFFFFFFFF00040000A6
:10E220000FAF3FBF003CFF3C0000000000000000BB
:10E23000B2B2FF003C3CFF5F3CBC3C3C000FF0FF37
:10E240003CFF3CFF00003C30C3F3EBFBFDFD00FF57
:10E250000000C300FF3C005050555FAFDFEF4400AB
:10E26000004482BCBEBC55550F0FFCFCFA0A0FFFE0
:10E27000553CFFF00F000F0F00FFFF3C003C000F6C
:10E28000F0FFCBFB0838FFFFCFFF200000000000AD
:10E29000000C20088002287D0505FFFFFFFE00001E
:10E2A000000000AA3CBE003CFF3C00000000000053
:10E2B0000000F0F0FF003C3C00503C3C3C3C000FB8
:10E2C000F0FFFCFF3CFFC3CFFFFF3CFCBEFE080895
:10E2D00000000000E828E8280000000055AAD7EB5D
:10E2E000880000888280BE803C3C00FF0C0CFA0A4B
:10E2F0000F00553CFFF00F000F0F00FFFF3C003CEC
:10E30000000FF0FFC8F80838FFFFCFFF0000000043
:10E310000000000C00000000FF550F3C3000BAAABE
:10E3200000FF08FB000000000000AAAA0000000097
:10E3300004000404B2B2FF0055553C3C000000004C
:10E3400000FF00FFFFDFFFFF0F335A7200000000E5
:10E35000FFFFFFFF000000000000FF0000FF0000C3
:10E360000000000000001040208055550F0FFFF006
:10E370003A3A3C55FF0FB2AABEAA5555550FFACAF4
:10E38000AAAA5555535F8E8CBEBC3DBF29AB000079
:10E3900000003C3C5F500000000100550F3C0000B5
:10E3A000AAAA00FF00FF00000000050105290000E7
:10E3B000000000000400F0F0FF005555303F000061
:10E3C0000000007F00FFFFFFFFFF0F0F5A5A000001
:10E3D0000000FFFFFFFB000000000000F3300CCF47
:10E3E00000000000400000000401080200FF3C3C67
:10E3F0000F003A3A3C55000FB2AA82AA5555553C37
:10E400003A0AAAAA5555505C8280B2B0151501018E
:10E41000000000000C0C5F5020C004100020889108
:10E4200011211100849184000008210400A0000043
:10E43000000200A1040800200002400200020008BF
:10E440000820C0080400211003A0008400840010EC
:10E450000400C010C19021050000200004004010FD
:10E46000A090210040008410000804A0200884101F
:10E470000208411020104190201100850400022064
:10E48000000004002010040120082000400040C0CB
:10E4900084001101040884824001C11001C1008080
:10E4A000051000A0001141202111000000809010F3
:10E4B000001000800020000000880080009100888B
:10E4C0002000008005880100C0008200901000003C
:10E4D000000801110510202100A000C0011001005A
:10E4E00000000508040088100400A0009103C1107A
:10E4F000212101042008A00000000420A020A01079
:10E50000019000100003040090200010A000A01152
:10E5100000000200002020212000A10800010001CD
:10E52000000000010000000080000000000000006A
:10E5300000000000000000000000000000000001DA
:10E5400000010000000000010001000000000000C8
:10E55000000000000000000000004000000000007B
:10E5600000000000000000000008000080000040E3
:10E570000001000000110000080000000020000061
:10E58000000000000000000040000001000000004A
:10E5900000010001000000000000000080000010E9
:10E5A000002000000010000000002000001000000B
:10E5B0000010000200100000000000000010002108
:10E5C00000100020000000210020002000080010A2
:10E5D00000210041001000020008000200100000AD
:10E5E00000410002000000000000000000082020A0
:10E5F00082C1004000000040000000100010409068
:10E6000000110021000800210000C01000080000D7
:10E6100000000040004000100010002100102021E8
:10E620002085841184840084000105C004218301B5
:10E63000208482000085098400C08011828200024B
:10E64000102105110810041000000008000004004B
:10E65000000800910400800020C000008440A090C9
:10E6600000000484831121820084911080008420A2
:10E6700000008909000080019121A00110C1210141
:10E6800004040540040082400500040000009000DE
:10E69000000002880340000811A00590001000014E
:10E6A0000508830405040503C00582028410018463
:10E6B0000420011003110040000500000240054144
:10E6C00020800490202001A101A188411041041064
:10E6D00011000040880289051005054000004141F5
:10E6E0002041000084402002840800052091400859
:10E6F00020C1100040208820200420C0214000407C
:10E700001004C1C100800103218300210100C00069
:10E710001110C000894100050085A000820000059D
:10E72000C020840508002001A000A00120002000D6
:10E73000A0004004000141008201C10190001002CC
:10E7400080012000000003000401400105042000B6
:10E75000110090A0090000009000030000000004D8
:10E7600083009000000040040220C1000900000066
:10E770009000030202001000402002024100050048
:10E780004000410410001000400010000200200072
:10E790008000C000A0001088200410001140040078
:10E7A00009010200410001050110410841108500E6
:10E7B000010005100188001000002102040220045D
:10E7C0000080200200000000000500204120108091
:10E7D0000011001121020000C000030040000020D1
:10E7E0000082101041000000000000802000002086
:10E7F000840020000000C0020041828000800000F0
:10E80000904000008480820040404100110001409F
:10E8100000000400100040400041898082054080D3
:10E8200010000020880410050800201004000401D6
:10E83000418283C100C0208488820002830083015A
:10E84000C1004100030010001110808841008520A4
:10E850000400050010000000202009012001822092
:10E8600000000000100041000000000010200082A5
:10E8700041100004820520000085030120A1804092
:10E88000A001A00080058300A01120080202002042
:10E890008501030000010388204141400808050468
:10E8A0000040832000A04108412085088500851094
:10E8B0008920881002048404C140090500800205F3
:10E8C000202004100021000084210090200800086E
:10E8D0000883894000118405000585801020C10847
:10E8E00003A104112003881190030000000201A17C
:10E8F00000000400008021840140000400040104A1
:10E9000004C1414041034084204021020584092183
:10E9100000050402001000208403012084108500FB
:10E9200020118400040500050004C08540108809FA
:10E930004104902083A0100103000400020300841E
:10E94000058441000400100021000341C0001010A4
:10E95000110010201104A082000803820000208210
:10E96000112000820985C1001084001000001000F1
:10E97000000402050004802102088000A004200099
:10E9800085050401C104100041100341040000404A
:10E9900020004000200004400210A0402004098410
:10E9A00003102110028520A000092082411001805F
:10E9B00041202000088404000002000001000090B3
:10E9C0000000C00000000000400010100084200083
:10E9D00000800000004000001000008040000000A7
:10E9E0000100000000000004200000000000000002
:10E9F000010010000002000220020000400041005F
:10EA0000012040A00004048000000000208241009A
:10EA10002004090000001100000000800400200014
:10EA20000000100000080004000000200000401159
:10EA3000000311004100400000032011110000807C
:10EA400000038080C1040000000309008220000050
:10EA500000830080C0000000808289020205092036
:10EA6000C100040088008500080885C1020009C1B2
:10EA70000000008205A080910088808380002083B0
:10EA80000000800380051000000000838005050061
:10EA9000038090830220A04140880320A0A00003AF
:10EAA00020030902808908888209214120110082FF
:10EAB0001089000189008900000000830190004056
:10EAC000002000A10220080200020201030003014D
:10EAD00002000083A040410400040809C1C0C190A5
:10EAE000002184000500900088000808A0040300AD
:10EAF0000105000000050002C00200211005209061
:10EB000003100090048940840390002000058200D7
:10EB100000080020204008C021C101400000C108B9
:10EB2000040000C0880990C1822120A18901010050
:10EB3000A0C10040900002008808839002010400F8
:10EB4000A040A1C103004000020083000210C000E9
:10EB500088C0A140C000A002A00883030800C00034
:10EB6000844000C09004000890080000C0000489A0
:10EB70008301010000002000100302880200000150
:10EB80000000A000830100408400024041A0020078
:10EB90008200A002A120042020821183A08289008B
:10EBA0000488000003C14001900091088920010100
:10EBB0000082C0C1414000208000A000838080030B
:10EBC000C00080000385C00080098000830441826A
:10EBD0000003008003840041858980008340A109EF
:10EBE0000541848005840080008200A0002108087F
:10EBF0008990410203040000800080A080118010F1
:10EC0000004003008000830500A08000A0808300F6
:10EC100080000300808003C184098489C0100285BC
:10EC200011058840110809A0211000000500098580
:10EC3000110208918384889140800080088080833D
:10EC400000C10080008000830082800040800003BB
:10EC5000808011800241808305A00980000000832C
:10EC6000820580800989400200C0208920C180205F
:10EC70000000008510002121000008008080208015
:10EC80008500008080A080808083000909000080CA
:10EC900080030000008000808083089083900284BD
:10ECA00090A110910040A191108311A1800280C019
:10ECB00040C108C08020080311A10002001001A07B
:10ECC0008883000400021002000304020404A184EB
:10ECD00000A104200020010210419041031082A0F5
:10ECE000008382C008C00110210004030140000419
:10ECF000020502000004C10001900000030088C06A
:10ED000083848890004004C0042020030020020275
:10ED100020842021000800200010880503114004F1
:10ED2000C04011020108C0C0A0A0038300100288E7
:10ED300010092183010908A0C00490408301888242
:10ED400008000888C1104088C0004004840004A066
:10ED5000040090A021A120200800C08283400890D8
:10ED600004000402C04140850001202000C001824F
:10ED7000000001000489A003028900000000854111
:10ED800004C0000010882084404082000040C1047C
:10ED900084A00200C000059009A088401002400134
:10EDA00004A1040002040101C101A101010002004B
:10EDB000C0022000020401000821010009028311A1
:10EDC00080004000000003A18000000091808021AD
:10EDD0008000890000008308C1008000000083C11A
:10EDE0008000800000800082801000400000410010
:10EDF00004804100200085C0058480A00000000040
:10EE0000831088000000C180008003800000008023
:10EE100003C000008000110003030400008080C1D3
:10EE20001041892104090200100310088810100005
:10EE3000800080000000808008048888104088805E
:10EE40004188000BD00000008181000BD0004200FF
:10EE50000000000BD00000000000000BD0000000FC
:10EE60004100000BD00000000000000BD000420069
:10EE70000000000BD00041000000000BD00000009B
:10EE800000008200000BD00000001182000BD000B7
:10EE900000000041000BD00000008241000BD000B8
:10EEA00021000000000BD0000A480084000BD000B5
:10EEB00006008241000BD00000000000000BD000D3
:10EEC000210000000F0F0000FFFF00003C3C00008D
:10EED0003C3C0F0F0F0F00003C3C000000FF000007
:10EEE00000FF0000FFFF00003C3C000000000000AD
:10EEF000C3FF000000000000000055FF00FF50505D
:10EF0000FFFF0000003CAAAA0000000000FF00FF75
:10EF100000000F0F00003C3C00003C3C000000FFE4
:10EF20000000FFFFF5F0F7F3FFFF28F8033FD7D706
:10EF300000FF0000000000003C3C3C3C0A5F7D7D7F
:10EF40000000000000000F0F0000000000003C3C2B
:10EF500000003C3C0F0F0F0F00003C3C000000FF86
:10EF6000000000FF0000000000003C3C000000002A
:10EF70000000003C000000020000000400AA00FFA6
:10EF80000000AFAF0000003C00000000000000FFE8
:10EF900000FF00000F0F00003C3C00003C3C000064
:10EFA00000FF000000005500D7C328F828F8033FF1
:10EFB00014141F1F1010000000001C3C3C3C0A5F92
:10EFC000282800000040FFFF0000FF000000FF00B5
:10EFD00000000F0FFFFFF0F000003C3C0000F0F0DD
:10EFE00000003C3C0000FFFF00000F0FFFFFD7C3F5
:10EFF000F7F3400000000000000000000000BE82A7
:10F00000FF000030FFEB0000C300EBAA000000008F
:10F01000F0F00000F0F00000FF000000FF00000032
:10F02000FF0000000F0FFFFF50FA50FAD5C0FFFF9E
:10F030007D287D28BF5510003E3C3C3CFFC33C0072
:10F040007D287D28EFFFFFFF00000000FF0000008B
:10F05000FF0000000F0FFFFFF0F000003C3C00003D
:10F06000F0F000003C3C0000000000000F0FFFFF2C
:10F070005500F5F000000000000000000000000056
:10F08000BE82FF00003000280000F3F0FBFA000011
:10F090000000F0F00000F0F00000FF000000FF00B2
:10F0A0000000FF0000000F0FFFFFBEBE0000D5C034
:10F0B000D5C0FAFA50503FFF30003C3C3C3CFFC307
:10F0C0003C00FAFA5050FFFFFFFFC243C1BC3304BB
:10F0D0004943C2C7C15C33844143A2C651F0A094E6
:10F0E0004945A2C751F0A0B44945A241519003043B
:10F0F0004140A086509000800085A18650F0A0B0CD
:10F100000085A1865290A08000A50000A58650B081
:10F11000A3900085C246C1FC33A44943C2C7C1FCC9
:10F1200030B44943C2C7C17C33944143A08652F0F6
:10F13000A0B0008500860C8C000900000086006CE1
:10F140000330000000860C90A08800057D28F5F5AE
:10F150004D4D3CFFC3F33CFCA0FFBCFFFFFFFFFC99
:10F160000F0F0F14003CF0FC3C00BEAABEBEFA50CC
:10F170007D7D0CCFFF55FF7D54FF54FF0000000044
:10F18000FF55FF7FF0F0FA505050FFFF0000FF3CAA
:10F19000003C0F0F00FFFFFFFFFA0000000020807F
:10F1A0000802FFFFFFFFF0FFF000FFFF053D14F432
:10F1B00014F4D3D3FFD3AFAAAFAAFFFF3F3C002084
:10F1C000000010FFFFEF3C3C3C3C303F3C3C7D28C6
:10F1D000A0A04D4D00C3EBFBBEFEA0FFBCFFFFFF98
:10F1E000FFFC0F0F1414AABEFAFE3F0FBFAF14149A
:10F1F000FA5041410CCFAA00820000AB00AB0000E6
:10F200000000FFD7FFFFF0F0FA500000AFAF0000A2
:10F21000FF3C003C0F0F00FFFFFFFFFA00000080E3
:10F22000104004017FFFFFFF3C003C000000FAC2D9
:10F23000FFFF14F45050FF50A0AAA0AAFFFF303CDB
:10F240000000000000FFFFFFBE14BE14303F3C3C36
:10F2500000000000FCFC05F5FFFFFCFF287828F803
:10F26000CB0AFFFFFFFFFFFF0000000002080104C0
:10F27000AAAAFF0000FF3C3CF0E8AAAAD3FFD3FFF4
:10F2800000000000C300C3003CFF3C3C3CFC3CFCD5
:10F2900000003AFA3A0A55557D4DCBFFCBCB5500CD
:10F2A0000055FFFFFFFF0000000FFCFC0000FF28DF
:10F2B000FF2F221100003C3C043CFF00FF000F0F19
:10F2C0003C3C82BEF0F000000004EAEAEAEAFF55A6
:10F2D000FFFF000000000C0C05F500000300287D76
:10F2E00028FDCB0ACB0A5D0C0C0C0000000080202E
:10F2F00040103C3CF0F055550F0FF0E8AAAA002C46
:10F30000002C00000000C300C3003C003C3C3C0C4F
:10F310003C0C0000AAAAAAAA5555414D0AFF0A0AA8
:10F3200055000055FFFFFFFE00000000FCFC000040
:10F3300028FF2FFF00002211000004007D287D28F7
:10F340003C3C3C3C82BE3030000000042A2A2A2A81
:10F350000055000000A000842190119000100008CA
:10F36000000804104108000004A0040040100090B0
:10F370000008000020A0000800004108400000082C
:10F38000400040082100209004842010110021A09A
:10F39000400840A0000004A0410841081190040862
:10F3A000201004A004A021900410410004001100CA
:10F3B00020004100409004004100110004002000A2
:10F3C0004000110020000400200041002190410075
:10F3D000202040000400000000100008C0210008A8
:10F3E000000000100000A0110000002100410009F1
:10F3F00000210000001100000000000400000000D7
:10F40000002100000400401100000000000000097D
:10F4100000100000C0110000C00000000000A0208B
:10F4200008110009A0000000C00420002010A00066
:10F430000000000000212002A0210010A000001008
:10F440000011C041A008C00990030411A0000411DC
:10F4500020004020A000200000000000000000006C
:10F46000000000000000000000000000000000009C
:10F47000000000000000000000000000000000008C
:10F48000000000000000000000000000000000007C
:10F49000000000000000000000000000000000006C
:10F4A00000000000000000000000008800000000D4
:10F4B000000000000000000000100000000000003C
:10F4C00041002100200000000000000000020000B8
:10F4D00000000000000000002000000000000010FC
:10F4E00000000002001000090000000000210000E0
:10F4F00000020000000000050010001000100008CD
:10F500000021001000100010001000000000001189
:10F5100000080008000000210002000000100002A6
:10F520000021000400110010000800200000C000AD
:10F530000000000200020008001000080010000097
:10F540000000000000000008001000101010001063
:10F55000001000080000001000110011001005004C
:10F5600000C000000000000000C0050005C0000051
:10F570000082008400000000008200000000008281
:10F5800000100082000000840000000005840000DC
:10F59000000010840500041000000000000005C0F9
:10F5A00000004100008400A000100510000211843A
:10F5B00005000210001011824110410841A041C015
:10F5C000100010C04100000005000504000020A04C
:10F5D00009000500210011000400000005000021C1
:10F5E00000210000002184411010840382030000E8
:10F5F00000008400C04100000000C000C000C00046
:10F600000000C0008410C00084100000C000004151
:10F6100000410000840000210011C010000500001E
:10F620000002000000410008C041C00500080000C1
:10F6300000218208C0050000822184000200080029
:10F640008441A008044100030021000090038400CD
:10F650000041C005C000020384100803002100051A
:10F6600009000000090002000000000002000290F2
:10F67000410009000200000010000900040002001F
:10F680000000000000000900050000000900000063
:10F6900000000000200040000900110000002000D0
:10F6A00000000900040002001102200009002000EF
:10F6B00009000900400011100400200002000500AC
:10F6C0001000209003880904020241000000090094
:10F6D00010000500050002002000100004C010000A
:10F6E0000002000000000000000000000000000018
:10F6F000000000000000000000000000000000000A
:10F7000000090000000000000000000000000000F0
:10F7100000000000000000000000000000000000E9
:10F7200000000000000800000000000000000000D1
:10F73000000000000000000000000000000088023F
:10F7400000000000000000000000000000008840F1
:10F750000000080000000040000000000000000061
:10F7600090000000050000C000000000001005101F
:10F7700000000000000000840000001000000000F5
:10F78000001000A0000000000000000000000000C9
:10F790000000000000000000000000000010000059
:10F7A0000000001000000008000000001000000031
:10F7B00000100300001000004100100000A0000035
:10F7C00010001000410000000000000000000000D8
:10F7D00041080000000800000000000000000000D8
:10F7E00005004100001000080000000500080008A6
:10F7F00000100005002182218800C0100021002196
:10F800000000082100008408C0000003100002006E
:10F81000C000C010842110008408000800001005FA
:10F82000004140210010000000200021004100089C
:10F83000000500100000C021100300110405840021
:10F84000001100000021000482218421822188000F
:10F85000101000101021C021820002081003C021E6
:10F86000C00510218410C008118809001100201063
:10F8700004820010110000100000000000000020B1
:10F88000098800000000048211400400104020207C
:10F8900009004100000002000400000000000040D8
:10F8A000400000000000020000000088000020204E
:10F8B0000000000011A009000400411002880900A6
:10F8C000418810200200090000080008410005C01E
:10F8D00020044020100420200000119010004084DB
:10F8E000111011020200090002A000000000000037
:10F8F0000000000000000000000000009000000078
:10F9000000000000000000000000000000000000F7
:10F9100000000000000000000000000000000000E7
:10F9200000000000000002000000000000000000D5
:10F9300000000000000000000000000000000000C7
:10F9400084000008000082000000000900000000A0
:10F9500000008800000000400000000000000400DB
:10F960000000000000000000000000200000000077
:10F970000000000000000000000000000000000087
:10F980000000000000000000000000000000000077
:10F990000000000000000000000000000000000067
:10F9A0000000000000000000000000000000000057
:10F9B0000000000000000000000000000000000047
:10F9C0000000000000000000000000000000000037
:10F9D0000000000000000000000000000000000027
:10F9E0000000000000000000000000000000000017
:10F9F0000000000000000000000000000000000007
:10FA000000000000000000000000000000000000F6
:10FA100000000000000000000000000000000000E6
:10FA200000000000000000000000000000000000D6
:10FA300000000000000000000000000000000000C6
:10FA400000000000000000000000000000000000B6
:10FA500000000000000000000000000000000000A6
:10FA60000000000000000000000000000000000096
:10FA70000000000000000000000000000000000086
:10FA80000000000000000000000000000000000076
:10FA900000000000000000000100000000A00010B5
:10FAA0000000000000000000000000000000000056
:10FAB000000000000000000000A0000000000000A6
:10FAC0000000000000000000000001000000000035
:10FAD00000A0000000000000000000000000000086
:10FAE0000000000000000000000000000000000016
:10FAF0000000000000000000000000000000000006
:10FB000000000000000000000000000000000000F5
:10FB100000000000000000000000020000000000E3
:10FB200000000000000000000000000000000000D5
:10FB300000000000100000000000000000000000B5
:10FB40000000000000000000000000002000000095
:10FB500000000000000000000000000000000000A5
:10FB60000000000000000000000000000000000095
:10FB70000000000000000000000000000000000085
:10FB80000000000000000000000000000000000075
:10FB90000000000000000000000000000000000065
:10FBA0000000000000000000000000000000000055
:10FBB0000000000000000000000000000000000045
:10FBC0000000000000000000000000000000000035
:10FBD0000000000000000000000000000000000025
:10FBE0000000000000000000000000000000000015
:10FBF0000000000000000000000000000000000005
:10FC000000000000000000000000000000000000F4
:10FC100000000000000000000000000000000000E4
:10FC200000000000000000000000000000000000D4
:10FC300000000000000000000000000000000000C4
:10FC400000000000000000000000000000000000B4
:10FC500000000000000000000000000000000000A4
:10FC60000000000000000000000000000000000094
:10FC70000000000000000000000000000000000084
:10FC80000000000000000000000000000000000074
:10FC90000000000000000000000000000000000064
:10FCA0000000000000000000000000000000000054
:10FCB0000000000000000000000000000000000044
:10FCC0000000000000000000000000000000000034
:10FCD0000000000000000000000000000000000024
:10FCE0000000000000000000000000000000000014
:10FCF0000000000000000000000000000000000004
:10FD000000000000000000000000000000000000F3
:10FD100000000000000000000000000000000000E3
:10FD200000000000000000000000000000000000D3
:10FD300000000000000000000000000000000000C3
:10FD400000000000000000000000000000000000B3
:10FD500000000000000000000000000000000000A3
:10FD60000000000000000000000000000000000093
:10FD70000000000000000000000000000000000083
:10FD80000000000000000000000000000000000073
:10FD90000000000000000000000000000000000063
:10FDA0000000000000000000000000000000000053
:10FDB0000000000000000000000000000000000043
:10FDC0000000000000000000000000000000000033
:10FDD0000000000000000000000000000000000023
:10FDE0000000000000000000000000000000000013
:10FDF0000000000000000000000000000000000003
:10FE000000000000000000000000000000000000F2
:10FE100000000000000000000000000000000000E2
:10FE200000000000000000000000000000000000D2
:10FE300000000000000000000000000000000000C2
:10FE400000000000000000000000000000000000B2
:10FE500000000000000000000000000000000000A2
:10FE60000000000000000000000000000000000092
:10FE70000000000000000000000000000000000082
:10FE80000000000000000000000000000000000072
:10FE90000000000000000000000000000000000062
:10FEA0000000000000000000000000000000000052
:10FEB0000000000000000000000000000000000042
:10FEC0000000000000000000000000000000000032
:10FED0000000000000000000000000000000000022
:10FEE0000000000000000000000000000000000012
:10FEF0000000000000000000000000000000000002
:10FF000000000000000000000000000000000000F1
:10FF100000000000000000000000000000000000E1
:10FF200000000000000000000000000000000000D1
:10FF300000000000000000000000000000000000C1
:10FF400000000000000000000000000000000000B1
:10FF500000000000000000000000000000000000A1
:10FF60000000000000000000000000000000000091
:10FF70000000000000000000000000000000000081
:10FF80000000000000000000000000000000000071
:10FF90000000000000000000000000000000000061
:10FFA0000000000000000000000000000000000051
:10FFB0000000000000000000000000000000000041
:10FFC0000000000000000000000000000000000031
:10FFD0000000000000000000000000000000000021
:10FFE0000000000000000000000000000000000011
:10FFF0000000000000000000000000000000000001
:020000040002F8
:1000000000000000000000000000000000000000F0
:1000100000000000000000000000000000000000E0
:1000200000000000000000000000000000000000D0
:1000300000000000000000000000000000000000C0
:1000400000000000000000000000000000000000B0
:1000500000000000000000000000000000000000A0
:100060000000000000000000000000000000000090
:100070000000000000000000000000000000000080
:100080000000000000000000000000000000000070
:100090000000000000000000000000000000000060
:1000A0000000000000000000000000000000000050
:1000B0000000000000000000000000000000000040
:1000C0000000000000000000000000000000000030
:1000D0000000000000000000000000000000000020
:1000E0000000000000000000000000000000000010
:1000F0000000000000000000000000000000000000
:1001000000000000000000000000000000000000EF
:1001100000000000000000000000000000000000DF
:1001200000000000000000000000000000000000CF
:10013000000000000020000001000000000000009E
:10014000000000000000000000000000000000208F
:10015000000001000000000000000000000000009E
:10016000000000000000002000000100000000006E
:10017000000000000000000000000000000000007F
:10018000000000000000000000000000000000006F
:10019000000000000000000000000000000000005F
:1001A000000000000000000000000000000000004F
:1001B00000000000004000000000020000000000FD
:1001C00000000000000000000000000000000040EF
:1001D000000000000200000000000000000000001D
:1001E00000000000000000400000000002000000CD
:1001F00000000000000000000000000000000000FF
:1002000000000000000000000000000000000000EE
:1002100000000000000000000000000000000000DE
:1002200000000000000000000000000000000000CE
:1002300000000000000000000000090000000000B5
:1002400000000000000000000000000000000000AE
:100250000000000009000000000000000000000095
:100260000000000000000000000000000900000085
:10027000000000000000000000000000000000007E
:10028000000000000000000000000000000000006E
:10029000FFFFFFFFFFFFFFFFFFFFFFFFFFFFFFFF6E
:1002A000FFFFFFFFFFFFFFFFFFFFFFFFFFFFFFFF5E
:1002B000FFFFFFFFFFFFFFFFFFFFFFFFFFFFFFFF4E
:1002C000FFFFFFFFFFFFFFFFFFFFFFFFFFFFFFFF3E
:1002D000FFFFFFFFFFFFFFFFFFFFFFFFFFFFFFFF2E
:1002E000FFFFFFFFFFFFFFFFFFFFFFFFFFFFFFFF1E
:1002F000FFFFFFFFFFFFFFFFFFFFFFFFFFFFFFFF0E
:10030000FFFFFFFFFFFFFFFFFFFFFFFFFFFFFFFFFD
:10031000FFFFFFFFFFFFFFFFFFFFFFFFFFFFFFFFED
:10032000FFFFFFFFFFFFFFFFFFFFFFFFFFFFFFFFDD
:10033000FFFFFFFFFFFFFFFFFFFFFFFFFFFFFFFFCD
:10034000FFFFFFFFFFFFFFFFFFFFFFFFFFFFFFFFBD
:10035000FFFFFFFFFFFFFFFFFFFFFFFFFFFFFFFFAD
:10036000FFFFFFFFFFFFFFFFFFFFFFFFFFFFFFFF9D
:10037000FFFFFFFFFFFFFFFFFFFFFFFFFFFFFFFF8D
:10038000FFFFFFFFFFFFFFFFFFFFFFFFFFFFFFFF7D
:10039000FFFFFFFF00000000000000000000000061
:1003A000000000000000000000000000000000004D
:1003B000000000000000000000000000000000003D
:1003C000000000000000000000000000000000002D
:1003D000000000000000000000000000000000001D
:1003E000000000000000000000000000000000000D
:1003F00000000000000000000000000000000000FD
:1004000000000000000000000000000000000000EC
:1004100000000000000000000000000000000000DC
:1004200000000000000000000000000000000000CC
:1004300000000000000000000000000000000000BC
:1004400000000000000000000000000000000000AC
:10045000000000000000000000410000004100001A
:10046000000000000000000000000000000000008C
:10047000000000000000000000000000000000007C
:10048000000000000000000000000000000000006C
:10049000000000000000000000000000000000005C
:1004A000000000000000000000000000000000004C
:1004B000000000000000000000000000000000003C
:1004C000000000000000000000000000000000002C
:1004D000000000000000000000000000000000001C
:1004E000000000000000000000000000000000000C
:1004F00000000000000000000000000000000000FC
:1005000000000000000000000000000000000000EB
:1005100000000000000000000000000000000000DB
:1005200000002500000000000000000000000000A6
:1005300000000000000000000000000000000000BB
:1005400000000000000000000000000000000000AB
:10055000000000000000000000000000000000009B
:10056000000000000000000000000000000000008B
:10057000000000000000000000000000000000007B
:10058000000000000000000000000000000000006B
:10059000000000000000000000000000000000005B
:1005A000000000000000000000000000000000004B
:1005B000000000000000000000000000000000003B
:1005C000000000000000000000000000000000002B
:1005D000000000000000000000000000000000001B
:1005E000000000000000000000000000000000000B
:1005F00000000000000000000000000000000000FB
:1006000000000000000000000000000000000000EA
:1006100000000000030000000200000000000000D5
:1006200000000000000000000000000000000000CA
:1006300000000000000000000000000000000000BA
:1006400000000000000000000000000000000000AA
:10065000000000000000000000000000000000009A
:10066000000000000000000000000000000000008A
:10067000000000000000000000000000000000007A
:10068000000000000000000000000000000000006A
:10069000000000000000000000000000000000005A
:1006A000000000000000000000000000000000004A
:1006B000000000000000000000000000000000003A
:1006C000000000000000000000000000000000002A
:1006D000001000000000000000000000000000000A
:1006E000000000000000000000000000000000000A
:1006F0000000000000880000000000000000000072
:1007000000000000000000000000000000000000E9
:1007100000000000000000000000000000000000D9
:1007200000000000000000000000000000000000C9
:1007300000100000000000000000000000000000A9
:1007400000000000000000000000000000000000A9
:100750000010001000000000000000000000000079
:100760000000000000000000000000000000000089
:100770000000001000090000000000000000000060
:100780000000000000000000000000000000000069
:100790000000001000000000000000000000000049
:1007A00000000000000000840000000000000000C5
:1007B0000000000000000002000000000000000037
:1007C0000000000000000000000000000000000029
:1007D00009000000000000000000000011000000FF
:1007E0000000000000000000000000000000000009
:1007F00000000000000000000000000000001100E8
:100800000000029000000000000000000000000056
:1008100000000000000000000900090009000000BD
:1008200000000000000000000000000000000000C8
:1008300000000000000000000000000000000000B8
:1008400000000000000000000000000000000000A8
:100850000000000000000000000000000000000098
:100860000000000000000000000000000000000088
:100870000000000000000000000000000000000078
:100880000000000000000000000000000000000068
:100890000000000000000000000000000000000058
:1008A00000000000000000000000008400000000C4
:1008B0000000000000000000000000000000000038
:1008C0000000000000000000000000000000000028
:1008D0000000000000000000000000000000000018
:1008E0000000000000000000000000000000000008
:1008F00000000000000000000000000000000000F8
:1009000000000000000000000000000000000000E7
:1009100000000000000000000000000000A0000037
:1009200000000000000000000000000000000000C7
:1009300000000000000000000000000000000000B7
:100940000000820000000000000000000000000025
:100950000000000000000000000000000000000097
:100960000000A000000000000800000000000000DF
:100970000000000000000000A000000000000008CF
:10098000000000000800000000000000000000005F
:100990000000000000000000000000000000000057
:1009A0000000000000000000000000000000000047
:1009B00000000000000000000000000000004000F7
:1009C0000000000000000000000000000000000027
:1009D0000000000000000000000000000000000017
:1009E0000000000000000000000000000000000007
:1009F00000000000000000000000000000000000F7
:100A000000000000000000000000000000000000E6
:100A100000000000000000000000000000000000D6
:100A20000000002000100000000000000000000096
:100A300000000000000000000000000000000000B6
:100A400000000000000000000000000000000000A6
:100A50000000000000000000000000000000000096
:100A60000000000000000000000000000000000086
:100A70000000000000000000000000000000000076
:100A80000000000000000000000000000000000066
:100A90000000000000000000000000000000000056
:100AA0000000000000000000000000000000000046
:100AB0000000000000000000000000000000000036
:100AC0000000000000000000000000000000000026
:100AD0000000000000000000000000000000000016
:100AE0000000000000000000000000000000000006
:100AF00000000000000000000000000000000000F6
:100B000000000000000000000000000000000000E5
:100B100000000000000000000000000000000000D5
:100B200000000000000000000000000000100000B5
:100B300000000000000000000000000000000000B5
:100B400000000010A0000000000000000000A00055
:100B5000080000000000000000000000002000006D
:100B60000000000000000000000000000000000085
:100B700000000000A0000000A00000000000000035
:100B8000000500000020A000000000000020000080
:100B90000000000000000000080000000041A0006C
:100BA00008000041000008000000000000000000F4
:100BB00000000041000000000000000000000000F4
:100BC0000000000000000000000000000000000025
:100BD0000000000000000000000000000000000015
:100BE0000000000000000000000000000000000005
:100BF00000000000000000000000000000000000F5
:100C000000000000000000000000000000000000E4
:100C100000000000000000000000000000000000D4
:100C200000000000000000000000000000000000C4
:100C300000000000000000000000000000000000B4
:100C400000000000000000000000000000000000A4
:100C50000000000000000000000000000000000094
:100C60000000000000000000000000000000000084
:100C70000000000000000000000000000000000074
:100C80000000000000000000000000000000000064
:100C90000000000000000000000000000000000054
:100CA0000000000000000000000000000000000044
:100CB0000000000000000000000000000000000034
:100CC0000000000000000000000000000000000024
:100CD0000000000000000000000000000000000014
:100CE0000000000000000000000000000000000004
:100CF00000000000000000000000000000000000F4
:100D000000000000000000000000000000000000E3
:100D100000000000000000000000000000000000D3
:100D200000000000000000000000000000000000C3
:100D300000000000000000000000000000000000B3
:100D400000000000000000000000000000000000A3
:100D50000000000000000000000000000000000093
:100D60000000000000000000000000000000000083
:100D70000000000000000000000000000000000073
:100D80000000000000000000000000000000000063
:100D90000000000000000000000000000000000053
:100DA0000000000000000000000000000000000043
:100DB0000000000000000000000000000000000033
:100DC0000000000000000000000000000000000023
:100DD0000000000000000000000000000000000013
:100DE0000000000000000000000000000000000003
:100DF00000000000000000000000000000000000F3
:100E000000000000000000000000000000000000E2
:100E100000000000000000000000000000000000D2
:100E200000000000000000000000000000000000C2
:100E300000000000000000000000000000000000B2
:100E400000000000000000000000000000000000A2
:100E50000000000000000000000000000000000092
:100E60000000000000000000000000000000000082
:100E70000000000000000000000000000000000072
:100E80000000000000000000000000000000000062
:100E90000000000000000000000000000000000052
:100EA0000000000000000000000000000000000042
:100EB0000000000000000000000000000000000032
:100EC0000000000000000000000000000000000022
:100ED0000000000000000000000000000000000012
:100EE0000000000000000000000000000000000002
:100EF00000000000000000000000000000000000F2
:100F000000000000000000000000000000000000E1
:100F100000000000000000000000000000000000D1
:100F200000000000000000000000000000000000C1
:100F300000000000000000000000000000000000B1
:100F400000000000000000000000000000000000A1
:100F50000000000000000000000000000000000091
:100F60000000000000000000000000000000000081
:100F70000000000000000000000000000000000071
:100F80000000000000000000000000000000000061
:100F90000000000000000000000000000000000051
:100FA0000000000000000000000000000000000041
:100FB0000000000000000000000000000000000031
:100FC0000000000000000000000000000000000021
:100FD0000000000000000000000000000000000011
:100FE0000000000000000000000000000000000001
:100FF00000000000000000000000000000000000F1
:1010000000000000000000000000000000000000E0
:1010100000000000000000000000000000000000D0
:1010200000000000000000000000000000000000C0
:1010300000000000000000000000000000000000B0
:1010400000000000000000000000000000000000A0
:101050000000000000000000000000000000000090
:101060000000000000000000000000000000000080
:101070000000000000000000000000000000000070
:101080000000000000000000000000000000000060
:101090000000000000000000000000000000000050
:1010A0000000000000000000000000000000000040
:1010B0000000000000000000000000000000000030
:1010C0000000000000000000000000000000000020
:1010D0000000000000000000000000000000000010
:1010E0000000000000000000000000000000000000
:1010F00000000000000000000000000000000000F0
:1011000000000000000000000000000000000000DF
:1011100000000000000000000000000000000000CF
:1011200000000000000000000000000000000000BF
:1011300000000000000000000000000000000000AF
:10114000000000000000000000000000000000009F
:10115000000000000000000000000000000000008F
:10116000000000000000000000000000000000007F
:10117000000000000000000000000000000000006F
:10118000000000000000000000000000000000005F
:10119000000000000000000000000000000000004F
:1011A000000000000000000000000000000000003F
:1011B000000000000000000000000000000000002F
:1011C000000000000000000000000000000000001F
:1011D000000000000000000000000000000000000F
:1011E00000000000000000000000000000000000FF
:1011F00000000000000000000000000000000000EF
:1012000000000000000000000000000000000000DE
:1012100000000000000000000000000000000000CE
:1012200000000000000000000000000000000000BE
:1012300000000000000000000000000000000000AE
:10124000000000000000000000000000000000009E
:10125000000000000000000000000000000000008E
:10126000000000000000000000000000000000007E
:10127000000000000000000000000000000000006E
:10128000000000000000000000000000000000005E
:10129000000000000000000000000000000000004E
:1012A000000000000000000000000000000000003E
:1012B000000000000000000000000000000000002E
:1012C000000000000000000000000000000000001E
:1012D000000000000000000000000000000000000E
:1012E00000000000000000000000000000000000FE
:1012F00000000000000000000000000000000000EE
:1013000000000000000000000000000000000000DD
:1013100000000000000000000000000000000000CD
:1013200000000000000000000000000000000000BD
:1013300000000000000000000000000000000000AD
:10134000000000000000000000000000000000009D
:10135000000000000000000000000000000000008D
:10136000000000000000000000000000000000007D
:10137000000000000000000000000000000000006D
:10138000000000000000000000000000000000005D
:10139000000000000000000000000000000000004D
:1013A000000000000000000000000000000000003D
:1013B000000000000000000000000000000000002D
:1013C000000000000000000000000000000000001D
:1013D000000000000000000000000000000000000D
:1013E00000000000000000000000000000000000FD
:1013F00000000000000000000000000000000000ED
:1014000000000000000000000000000000000000DC
:1014100000000000000000000000000000000000CC
:1014200000000000000000000000000000000000BC
:1014300000000000000000000000000000000000AC
:10144000000000000000000000000000000000009C
:10145000000000000000000000000000000000008C
:10146000000000000000000000000000000000007C
:10147000000000000000000000000000000000006C
:10148000000000000000000000000000000000005C
:10149000000000000000000000000000000000004C
:1014A000000000000000000000000000000000003C
:1014B000000000000000000000000000000000002C
:1014C000000000000000000000000000000000001C
:1014D000000000000000000000000000000000000C
:1014E00000000000000011001100000000000000DA
:1014F00004000300000000000000040004000400D9
:1015000004000400000004000000000000000000CF
:1015100004000400080008000000090000000000AA
:101520000000000000001100000008000400080096
:101530000400000000000000000000000010110086
:1015400011004000400004002000040008000000DA
:10155000040000000400040004000000000000007B
:10156000000000000000000000000000000000007B
:101570000000010000000000000000000100010068
:101580000100010001000000010000000000000057
:101590000000010001000100010000C00000000087
:1015A0000000000000000000000000000100010039
:1015B0000100010000000000000000000000000029
:1015C0000000000001000100010001000100010015
:1015D0000000000000000100010001000001000106
:1015E00000000000404080008000800080008001FA
:1015F0008000000000000400800004008000000063
:101600000000000008008000800080000000000052
:101610000000000080008000830010100000000027
:10162000000000002000000000000000000080001A
:1016300080000000000000000000000000202000EA
:1016400020002000200080108000800000000000AA
:1016500080108000800000010004000300040020CE
:101660000020000000000110400040004000040085
:101670000440040000000000010004000100040018
:101680000000000000000120080008000800000021
:101690000000000000001000100010090100000010
:1016A00000000000000001000210000000210010F6
:1016B000040008000000000000100000000000907E
:1016C000010001000100010004210400400000218C
:1016D00000100400041008100002829000840090A2
:1016E000008400000010008400848000000000845A
:1016F00000A000A080A000A00004000200020004DE
:101700000000002000000000000020000010001079
:10171000000000C000000000800000008000000009
:1017200000000000000080000000000080000000B9
:1017300000C0201000000002000020000004001083
:1017400000880010800200840000000000880084EF
:10175000808800200084002000008004001000C069
:1017600000020000000000800000000004000000F3
:1017700000000000000020000000008000800080C9
:1017800000800000000000000000000000000000D9
:1017900000001000000000000000200000002000F9
:1017A0000000000000000000040000000000200015
:1017B0000000000001000000000000000100000027
:1017C00000000000000020000000000000000000F9
:1017D0000000400000000000000000000480000045
:1017E00000000080080000000004050485000000DF
:1017F0000000800080002100210021200300000063
:10180000050400010000200020004100000100004C
:1018100004001000000000000004000080008000B0
:10182000040080000000040000001000100003000D
:101830000000000020002000200084000804200098
:10184000200120002000040005100000030080108B
:101850000800880088000800100008000000080048
:1018600005004100410000000000008000802010C1
:1018700000000000200020000000000000800000A8
:101880008211848000020000C10083000000000477
:101890000000010000000000C000C08000410800FE
:1018A0000800C10004000000014100210000000008
:1018B000000000030000010501000100210001807B
:1018C000010001100100A1108510002184000021F9
:1018D00020910100210005000100000010410000DE
:1018E00084000000000000410004028400A00220E7
:1018F0000000200041A011A002880840030421023A
:1019000000000300031003000300418400400000B6
:10191000030405880001000004000400048804009A
:10192000001010000020C1000000004004880000EA
:10193000040010C0050020001088000004004010C2
:101940000310108820880004C1C141000404044031
:101950000888030003000088000000000289048951
:101960002001000041020002090000800000000088
:101970000080000001000000000000000000008066
:101980000000000000000000000000000000000057
:101990000000000000000004000001000100010040
:1019A0000000000000000000200000000000010016
:1019B0000000010000000000010000000000000025
:1019C0000000000000000100008020100000010065
:1019D0000100000000000000000000000000000402
:1019E000000400040000008000000000088400A043
:1019F000008400000400048404850484009080892D
:101A000021A088A0000200040004000200A103003D
:101A10000000800021100000410003002000200091
:101A2000000020C0000000000000000000000000D6
:101A300010900000009020000084030011000000BE
:101A400000000300000004109010041008C01010E3
:101A50004100038400010000208810000010109055
:101A60000500800000200000000000C00000000011
:101A700000000000002101000100010401008200BB
:101A8000020400002000008000800080008000042C
:101A9000820082002000C000080000000000A100B9
:101AA00001000000010010000000820000000000A2
:101AB000000000000000000009021000000000000B
:101AC00000000000004100000180040011801005AA
:101AD0000000880008020020001001100002082108
:101AE00000000000080000800010A0008200000537
:101AF00003832040821041109103800904111010CB
:101B000008090904804004109003000440051108EE
:101B1000104009400010104102400904800940C1F2
:101B200020C0090409C102C0001110098008000882
:101B3000000040000000000009000000000000005C
:101B4000000000C00940904010410804004000100F
:101B500000C00984914000C000110303004000044C
:101B60001108004002090021104100009000090006
:101B700000000183C190089101C111C11005828448
:101B80000004010001000801000089C11010A182B9
:101B90000011C001010188000001050101000200DF
:101BA0000111C1898584A009000900000001C0015C
:101BB00000C10000410000004000010000000000E2
:101BC000000000000283C1901082000501000001A6
:101BD000400100100088104000C00008040100000F
:101BE000400000C102000085900100018840119072
:101BF0000082004040009188410002C010018288AC
:101C00000989050900A0001001A00001100182044B
:101C10008810A11001400110001101000010010402
:101C200010210101A10082840989030300A1C0825F
:101C300001100000000000400100018200010000CE
:101C4000000000000000A0019100A00083A000C0DF
:101C5000010021040100400140004000A1000002F9
:101C6000040800030100C0820000002101000800F8
:101C70000800C000901009022000400202009010ED
:101C80000800A191038908041000214010090902ED
:101C90000400850403004080400010820900048095
:101CA00020009082090940040400A18420092140F9
:101CB0000980080009000000100041000500040927
:101CC00000000011000000114010080040038900CE
:101CD00021004100A0030808400340004011090012
:101CE00008009100400203000980100040830910A1
:101CF00080098003800000A0088405090282880210
:101D0000040480088089910310102040001003080B
:101D10000909000400050883104002040909890428
:101D20000484032000098410200480820909A0088B
:101D300000022090080200040000001108100008B2
:101D400000418000000004008000098200110209A7
:101D500000C10088400208084009094000108009BD
:101D600000881020024000020803090921C0000970
:101D7000802120008020880000000109C185A08406
:101D800091040010081108A1891100000101000050
:101D9000A10100C0101082C00589000101000001EE
:101DA0008200000801010000820101A008C1831027
:101DB00089A1000101A10001A000000000000101B3
:101DC000000008008200000000001000000588905C
:101DD00090090083820900010001110000400010F9
:101DE0000811C089C10100C0000103010000000802
:101DF0000001200108401090108200888388C108EB
:101E0000910140400588089189100982C1000005B0
:101E10000200020011C188C00800C0080088010348
:101E2000000100000110840200010100A1A00805CA
:101E3000C000C18900100010000001000000004037
:101E400000010001000000000020000000008200EE
:101E50009008410003100100090000010100114039
:101E60004010C10008840110A08201000000008819
:101E70000084C0A00100409190100400400840C0C0
:101E8000108240210200038988110210A1800900FC
:101E90001040040411000340859191404080098066
:101EA00004400208020009800909044008002009D2
:101EB0008904090420091180008008001000000036
:101EC0000080004000020000000000000000000050
:101ED000C0110900840210801000C0000810080022
:101EE000098040808204890003004090201008008F
:101EF00040801100020440000008000810000000AB
:101F00008241420BD02006000000000BD000006090
:101F10000000000BD00000880000000BD000000083
:101F20000000000BD00000410000000BD0004182F7
:101F30000000000BD00000000000000BD000820069
:101F400000000000000BD000000000000000D000E6
:101F500021000000000BD00000000000000BD000AA
:101F600000000000000BD00021000000000BD0009A
:101F700082000000000BD00081810600000BD00021
:101F80000000AA5555AAAA5555AAFF007E42CF0CBB
:101F90000F0FFFFF0000E666266600180009C0C3A9
:101FA0004042FF00FF00FF10FF007FFF1000E666C9
:101FB000266666664E661F0F070F3F3F3C3C3F0F8D
:101FC000030F000000000000FFFF66460000000055
:101FD00000000000FFFF7F4FFFFF3F3FFFFF7F4FED
:101FE000FF7FFF4FFFEFFF6EFF7FEF6F3C0FFF663E
:101FF0003636FF0FFFFFFF4EFFFF3F3F00000F0F82
:1020000000000F0F55AAAA5555AAAA550F0F7E42D8
:10201000CF0C6666FFFD0200666666661818090941
:1020200000004042FE08FF00EF00FF00FFFF00003D
:1020300066666666666666660F0F0F0F30303C3C5C
:102040003F0F030F00000000000000006646000084
:10205000000000000000FFFF7F4FFFFFFF0FFFFFAA
:102060007F4FFF7FFF4FFFEFFF6EFF7FEF6F3C0F54
:1020700000663636F000FFFFFF4EFF3FFF3F0000D7
:102080000F0F00000F0F0000000000000000000014
:102090000000000000000000000000000000000040
:1020A0000000000000000000000000000000000030
:1020B0000000000000000000000000000000000020
:1020C0000000000000000000000000000000000010
:1020D0000000000000000000000000000000000000
:1020E00000000000000000000000000000000000F0
:1020F00000000000000000000000000000000000E0
:102100000000000000000000AA556996AA5555AAD3
:102110007272F0F0F0F030F36666666600FF08FE5B
:1021200000000000C30342023C3C3C3C0000FFFFB7
:102130003C3C3C3C0002FDFFF0F0F0F000FF10FFE3
:1021400000FF303F3C3C3CF000000000000030F35A
:10215000F0F00000000000000000FFFFFFFFFCFFA8
:10216000FFFF3EFFFEFFF0FFFFFFFFFFFFFFFCFF53
:10217000FFFFF066FF3CFF3C66F0FFFFFFFFFCFF48
:10218000FFFFFFFF00006666000055AA966955AA8A
:10219000AA55727200FF666630F36666626E00FFD3
:1021A00000FF3C0C6606000042023C6C3C3C0040D8
:1021B000FF7F3C2C3CBC0000FFFFF0F0F0B400FFC0
:1021C00000EF00FF303F3C3C3CF00000000000000E
:1021D00070F1F0F000000000000000000CFFFCFFB8
:1021E0003CFF3FFF3EFFFEFFFCFCFFFF0CFFFCFF40
:1021F0003CFF3FFFF066003C003C66F0303FFFFFD5
:102200003CFF3FFF000000006666000000AC0A9C37
:10221000039024000886049000820010008600F0DD
:1022200000B000000886049000820010008600F0D4
:1022300000B00000000000F00030000000860090B8
:1022400000800000000000F0003000000000008668
:1022500000E000B00000A0005010A0000005000049
:10226000008000000000000000E000300000008658
:10227000000000800000080004F0003200100000A0
:1022800000E000300000A8865410A3820015996673
:10229000669999666699AAAAAAAA00FD02FFC0C01B
:1022A000D5D500000000FF00FF000020DFFF000088
:1022B0000000000000000000FF003C3C00003C3C2F
:1022C0003C3C0F0F0F0F0000AAAA0F0F00000000E8
:1022D00000000000000000000000000000000000FE
:1022E0003CFFF0AAF5F5303F0000FF003C3C000049
:1022F000FFFEFFF2FFFFFFFF0000FF000F0F0000D7
:102300000000F0F00F0F0000FFFF30B2FD7DFC7DFC
:102310006699996666999966E8AAAAAA00FF00FFDD
:10232000C0C0D5D500000000FB10FF000000FFFF7B
:1023300000000000000000000000FF003C3C000026
:102340003C783C3C072F0F0F0000AAAA0F0F00009B
:10235000000000000000000000000000000000007D
:1023600000003C00F0AA0505303F0000FF003C3CA7
:102370000000FFFEFFF20F3FCFFF0000FF000F0F36
:1023800000000000F0F00F0F0000FFFFF0B23D7DF5
:102390003C7D5AA5669999666699F1F0B0F00F0FE9
:1023A0000F0F0000000000000000F1F0B0F000DFAF
:1023B00020FF000000000000000000003C3C00FF87
:1023C0000000FFFE00040F0F0F0F00003C3C0F0F3A
:1023D00000000000000000000000000000000000FD
:1023E00000000000AA3CF0FF3535F0FF00003C3C47
:1023F00000FF0000FFFFFFFC7CFF7FFF00003C3C74
:102400000F0F00000000FF003C3C0000FFFF30B257
:102410003505FFFFA55A996666999966F0F0F0F0C8
:102420000F170F0F0000000000000000F0F0F0F0A8
:1024300000FF00FF000000000000000000003C3C26
:1024400000FF0000FFFF0000170F0F0F00003C3CD3
:102450000F0F00000000000000000000000000005E
:10246000000000000000AA3CF0003535000F00001D
:102470003C3C00FF0000FFF3FFF07CFF7FFF00000B
:102480003C3C0F0F00000000FF003C3C0000FFFF41
:10249000F0B23555FFFF000000000200000002000E
:1024A000000000001100040000000400040004000B
:1024B000040004001100002000A00000000004003F
:1024C00020000000110000000000000000000000DB
:1024D00000000400000000000500200020000000B3
:1024E000040100000800000000000200820000005B
:1024F00000000000000000000000080000010000D3
:102500002000A0004001400021000800210021001F
:1025100004000400040004000000000001000000AA
:102520000000000000009000010000000100010018
:10253000000000000000000000800000000000001B
:102540000000010000000400000000000000000086
:10255000000000000000000000C0000001000100B9
:1025600000009004000000000000000000000400D3
:10257000000000000000A000000000000500002096
:1025800000000100410001200100000001000000E6
:102590000000010001000100010000000000020035
:1025A0008800800080108000800000008000000013
:1025B0000020A000A0002000A000000800000000F3
:1025C00000010000000000000000800080200020CA
:1025D00080100000000000000088000080008000E3
:1025E000800080000000000000008010004080207B
:1025F000800180010000090000A0000000008000B0
:1026000080100008800000000000000000000400AE
:1026100004200040000000A0800000000000002115
:102620000100040020002010200020000000020013
:102630000000001103200900010009000000001043
:102640000000000490000021000000410800081074
:10265000001004000000001100000009000002202A
:1026600002100241020000000000001004000000FF
:1026700002200420042000000010000000000400DC
:1026800004090400908040000000001100100000C8
:102690000400002000900000002120000010000035
:1026A00000200000008400000084000000200040A2
:1026B000001000C0808200000084000000000000C4
:1026C0000084000000A0000000A0008400000000C2
:1026D0000084000000000000001000030002000061
:1026E000000200C0000000C1000000000000000067
:1026F00000000284401080840005000204020010E3
:10270000001000080000000200000000001000108F
:1027100000010000008420000000000200C0000052
:102720000400888088000200A00002000200A0804F
:1027300000418441820002410000840900009000B1
:10274000C000C000000008008200A00084109000BB
:102750000000000090004000000000000020100079
:102760000000000000008841000400050000000592
:1027700088058400010088000400C00400020141B3
:10278000C000C00000801002008000000000004077
:10279000C00900041000000005050000A09102001F
:1027A000A000000400040504000400010001000072
:1027B0001000830408010810000408000020000035
:1027C000100000001100090000008000000080C01F
:1027D0002000102100109020900090012002800025
:1027E000200200002000020000000200050041005D
:1027F000050190014100080008210820090020007F
:1028000010010500910000A1000080008020888850
:10281000851004100300090010840508000400045A
:102820000202000400890090008010800020002037
:102830000000000020800004000000808300008071
:102840000000000000000000000000002000000068
:1028500020000100008200804080080020020180EA
:102860002000C18000000100000000000000000006
:10287000000000040420000000000084008000002C
:1028800001000004000008000008A0000400088007
:102890000500048085800000000084100080008016
:1028A0000080A080008000840084000005001000EB
:1028B000110003A010000000040002A000C000A04E
:1028C0000010040400104108C10021110801020198
:1028D00002014001820008000402040004000020FC
:1028E000102000020902000041200400410041C004
:1028F00000C10003004041210020410003104004BA
:102900000805A0000800808410000910008800C09D
:10291000100011001040110003C080009000091049
:10292000000000C0000000A0001110000009C0005D
:10293000020090209020004140110500000002009C
:10294000001100009111C041C00304009020082034
:102950000020A02000200400850085808500010063
:1029600004000002401100200000000003080000E5
:1029700000000004000400000004000590030010A3
:10298000409004200400C0000400000390000002F6
:1029900040000040C004C0000421C000200020020C
:1029A00040000420040000400440004000A000A0BB
:1029B00000410000101000201110000008A080400D
:1029C0000000804000A000840000001002A002006F
:1029D0000000030021842100008408014185C1001A
:1029E000889004008400040204000000030000003A
:1029F000028400C00984200000000400000000A13F
:102A000080114100000008100084008300002100B4
:102A1000210008C00000008420A020000000000069
:102A20000384001080000084000800010080000082
:102A300000000020000000000080000000000000F6
:102A400020800000200000000000000000080000BE
:102A50001000000000000000000000000104002041
:102A600008214100010005000180890000000200EA
:102A70000000000000000000110000000100000044
:102A800000402004000000000010000000040000CE
:102A90000000000001000000000001000100000033
:102AA0000010000000004000C0100800C0020083B9
:102AB0008009400000008083110909800080000324
:102AC0000809C000000000038009400000000080E9
:102AD00000808200000084400941404003C180C062
:102AE000000484000000008300C110080000000002
:102AF00000800000008000000004804009100808E9
:102B000000008000840000008020048940401010F4
:102B10004009900503090041C183801140030384EB
:102B20000000800000000000110383094040404085
:102B3000208384410140009088098885100800089E
:102B40000001C001C10000000011901188100010A8
:102B5000008802404002000488050584A1C10105E7
:102B600088820001080400C0008900080109009063
:102B7000000000880040C01000880000080000012C
:102B800000000000C000100000008820010901C101
:102B90000191C100900005000000888390A0A082F0
:102BA000010800009000000000000191C0890009A8
:102BB0000141080108000900058310001000890088
:102BC000C1090490A0000320C1419000C000890009
:102BD000839102008200028804040800A0A08901F9
:102BE0000583100108010400820140C0210109C0D1
:102BF00009010000100082014088880100000100E6
:102C0000000001000500C000899009A18320030491
:102C100008880900090103849100839008011002CB
:102C200090048390000000000000000120000204D6
:102C30002101C108804000002100038900108000AC
:102C4000A1008389004100002100038900400000A9
:102C5000A10083890002000000800010840511009B
:102C6000A140408900408004000091040811024006
:102C700020008303000000000020008000202000CE
:102C800041004003090802119100840090114003A3
:102C9000888008808900050820000502C180820222
:102CA0008480410983800000002100000008042086
:102CB0008980101183080000828091898003008040
:102CC00080808089008300800200038980030000E7
:102CD0008080008980830080808000808080044024
:102CE00009A0208984200000000011110088C02064
:102CF000001140410083000000000080200080009F
:102D000000C000081089828800002084099080910A
:102D10000303000880090084058000050209808201
:102D200010848082900390830000000010000080D7
:102D3000054080020984118300C08908A141888967
:102D400000100808A0A10489000401A000858205E4
:102D500000C0C00884A18883C004080404A08808B7
:102D600000C1A1C1C1418890C010C0000189008389
:102D7000838900089104A0890000A01000C0018888
:102D800088400009008801A18905000001C00008F1
:102D900008880188000882830088001000830041B1
:102DA0008882001008C190C0888308C0000401C058
:102DB00000820041822141108911858941209000C3
:102DC000A008118889400400C082051184400400D5
:102DD000A00083C188408200040404004088C00031
:102DE00004088504A0838301088283001101080080
:102DF0000000050009089100900000009088402024
:102E00008200C000000001000101000082898809E1
:102E10000401048803C008C0C101919083C18909DD
:102E20004001C002838989840800C00200000010AC
:102E30000000000091882103A111A0208383048059
:102E4000800000000389840000000080034000002F
:102E500080001100831180000000090000028080C2
:102E6000800080800904042002038980880008090A
:102E700080000000030520802100100000000000F9
:102E8000000000000000080002004003090080026A
:102E900000040041008009000800C14110008911B0
:102EA00085040040008083118805830311800000A1
:102EB0000080000000000391041188A082001142EC
:102EC000000BD00082600042000BD0000084004262
:102ED000000BD00000500042000BD0000000004268
:102EE000000BD00000000000000BD0000060004884
:102EF000000B040000000000000BD0002160000067
:102F00000000000BD00000001200000BD000006099
:102F10001242000BD00000000000000BD0000A8815
:102F20000000000BD00000840000000BD000004126
:102F30001200000BD00000008200000BD000110036
:102F4000000000FF000000FF000000FF000000FF85
:102F500000003C3C000000FF00003C3C000000FF83
:102F600000000000000000000000FFFF00EF10FF65
:102F700000FFFF0000FFFF0000FF333300FF33338B
:102F8000000000000000000000004DFFFFFF3F3F79
:102F9000FFFF00000000F0FF00FF3FFFFFFF3F3F8B
:102FA000FFFF0055FF5500FA05FF5C5CF0FF553C44
:102FB0000FFF00000000000000005F5F3CFF553C79
:102FC0003C3C000000FF000000FF000000FF00008C
:102FD00000FF00003C3C000000FF00003C3C000003
:102FE00000FF00000000000000000004FBFF00FFE5
:102FF00000FF00FFFF0000FFFF0000FF333300FF72
:103000003333000000000000000000004DFFFFFF10
:103010000FFFFFFF00000000F0FF00FF0FFFCFFFDA
:103020003FFF3FFF0000FFFF00FA05FF5C5C000F61
:10303000553C0F000000000000000000505000C38D
:10304000553C0F0FFF000000FF000000FF000000D4
:10305000FF000000FF000000FF000000FF00000074
:1030600000FFFFFF00000000000000003C3CBC1C13
:10307000FB10FF0000FFFF005555AAAA0F0FFF002D
:10308000CCCCFF0000000000000000000000FFFEAC
:10309000FFF2FFFFFFFC0000000000000000FFFF48
:1030A000FFFCFFFFFFFF00000000FFFFFFFFAFAFCF
:1030B000FC0CF0F0AAAA0000000000000000FF3C99
:1030C000FAFAF0F0F0AAFF000000FF000000FF0095
:1030D0000000FF000000FF000000FF000000FF00F4
:1030E000000000FFFFFF00000000000000003C3C6B
:1030F0003C3CFF00FF0000FFFF005555AAAAF0F07E
:10310000FF00CCCCFF000000000000000000000029
:10311000FFFEFFF2FF3FFF3C000000000008000040
:10312000FFFFF3F0FF3FFF3000C00000FFFFFFFE96
:10313000A0A0FC0C3C3CFF000000000000000000D0
:10314000C3000A0A3C3CF0AAC0C7C07C33904903C4
:10315000C0C7C09C30804903C0C7C0FC30B0490321
:10316000C043C0BC300041030086008C00800005D5
:103170000086009000800000C60001960804084008
:1031800012862110408400480000A0865090A08044
:1031900000050086006003900400008600EC0380B8
:1031A00000000086000000800000000202B0000065
:1031B00000000800049000020010A0865070A330A8
:1031C00000050886041003820010D0D0D0D003C3BD
:1031D00003C3FF04FB000800FFFF000000000082A3
:1031E0000282EB28AFAFD7D705F5F078F0F000FFFB
:1031F00000FFFFFF00000F0F0F0FA0A0F000005511
:103200001414FFFEFFF25F7FDFFF0000F03C3C3C48
:103210000F0F0F3C0000000005FF05C30000000079
:103220000005FFFAFFFEFFF25F7FDFFFEB28AFAF85
:10323000FF0F4D4DAFA0EBEBAAFF033F00000000D6
:10324000C3C30300FFFF70F3F83CFFFF8080828060
:1032500000000282FF00FF000000F7FF00000001F5
:1032600042C242C2EB28A0A0141405F5F0F0F0F021
:1032700000FF04EFFFFB0008072F0F0FA0A0F000D6
:1032800000551414FFFEFFF25F7FDFFF0000F03CEB
:103290003C3C0F0F0F3C0000000000FF00C3280063
:1032A000080000000000FFFEFFF25F7FDFFFEB2859
:1032B000A0A0000F4D4DAFA028280055033F0000EF
:1032C000000003000300FFFF7030083CFFFFFCFC20
:1032D00003AA00010000FF00FF0000FD02FF000044
:1032E00000000000F03000000000FCFC14BEFFEF06
:1032F00000200F0F0F0FFF00FE0400FF00FFA0A033
:103300003030003C000FFFFFFFFFCFFFFFFF00004A
:10331000F3FF30000F0F0F3C000000000000000022
:1033200000000000000F040BFFFFFFF32FFF7FFFE3
:1033300000000000FF0F4D4DFCC0FF55FF3C5C5CE2
:103340000000000000000000FFFF3C0A5FCFFFFF0D
:10335000FCFCAAAA3C3C0000FF08F70000FF00FFAD
:103360000000000000000000000000010C0C14BE72
:10337000FFFF00000F0F0F17FF00FF0000FF207F6F
:10338000A0A03030003C000FFFF3FCF00FFF3FFF28
:103390000000F3FF30000F0F0F3C000000000000A2
:1033A000000000000000000F000FFFFFFCF02FFFE7
:1033B0007FFF00000000000F4D4DFCC0AA00003C44
:1033C0005C5C0000000000000000FFFF3C3A500081
:1033D000FFFF00000088000003000500000000005F
:1033E00021000000000000000000000010000000AC
:1033F00000002100000000000004000000000000A8
:103400000400200000000000000000100000200068
:103410002000000000000500000005000000000082
:103420000000040000000000000000000000000098
:103430000900000020002010001011000000000012
:1034400000000300000000400500000020002000F4
:10345000210003000000880000008200000000003E
:1034600000000000000000000000000000008200DA
:10347000000000000000000000000000000000004C
:103480000000000000000000000000000800000034
:10349000000000000000000000000000000000002C
:1034A000000000008200000000000200C0000000D8
:1034B0000000000008000000000084000000C000C0
:1034C00000000000000000000000000000000800F4
:1034D00000002000000000000000000000000000CC
:1034E0000000008800000000000000000000000054
:1034F00000002000201000000000002000400020FC
:1035000000000000000000000000000000000000BB
:103510000000080000000000000000000000009013
:10352000000000000000000000000000000000207B
:10353000000000000000080000000008000000007B
:10354000000008000000020000000500000000204C
:10355000000000000400080000000000000300005C
:10356000000000000000004000000000004000409B
:103570000000000000030000000000000000000048
:1035800000000009001000200000002000000000E2
:103590000000202100410010000000000000004158
:1035A0000020000020200041001000090010000051
:1035B0000210000800100010004100000000000090
:1035C00000000000000800080208000000100020B1
:1035D000000800100010001000210082040000000C
:1035E0002100020011001110040009002100030055
:1035F00003000300058421001100030021002110B5
:103600001000000000100900001000000000000081
:103610002100000010100500080000000800000054
:103620000000000200000010000000000000000088
:10363000090040000000000000000000050010002C
:1036400040001000000004000400040000204000BE
:10365000000040C00000000010020900100000033C
:1036600000008820840202100000C010000000004A
:103670000000000088028400A00090008200A000EA
:10368000C000C00000000000200000000000C000DA
:10369000C000001000000000000000090000100041
:1036A000000200000000A00002000210840082025C
:1036B00000020010C000000090108400000482008E
:1036C00082020800040500008209000000000404D2
:1036D000080088020800002100000005001000001A
:1036E00000A01000210000C0008400C00000000005
:1036F0000000038403000000000000100000000030
:103700002000030041000500000005000000020049
:1037100000900288008400000000000000400000CB
:1037200002000000000009820800000005000000FF
:103730000800009000000888001000000000000051
:103740000084000008000000000000C000400010DD
:103750000010000011100000030003A01100000081
:10376000100000000800A0000000000000000000A1
:10377000000000110000C00000002021000008002F
:103780000000000900000010000000100000840884
:1037900000100009001100000000000002000800F5
:1037A0000000C0000000C00002002000080020034C
:1037B00008000000080000000000A0040000000055
:1037C0000000000004008400C0000000A00002030C
:1037D00002000200A000000000080000000000112C
:1037E000A000002000000000000011000000000008
:1037F000090000002110000000400000050000004A
:1038000005000000000000000000000000000002B1
:1038100000000000000000000000020000000000A6
:10382000000000000200000000000000000008008E
:103830000000000000000000000000000000200068
:10384000200009001100000003000000000000003B
:1038500009841000000802900388000000000000A6
:103860000040040010000011021190029000900925
:103870009009880000210009000000008800A010C5
:10388000A000000588008400A00084000000001152
:1038900088008400042190009000C005C000100042
:1038A000C0400020000000000000000300090820C4
:1038B0000800000088081040081008034020840019
:1038C0000000C0000000C00002110800C000020497
:1038D0009020020488040000000000052011040864
:1038E000000500030010110000000000002000008F
:1038F00000820000000000002100000004000040E1
:1039000021000000090020000088200010000000B5
:1039100000002000000000000000040000000090F3
:103920000000000000000000000000000200030092
:10393000080000000000000041000000110000002D
:103940001104000011000000000000000000000051
:103950000200000000000000000000000000000065
:103960000000000000000000000000040000000053
:10397000000000000000000000000010C000000077
:10398000A000A00000000000000088000000A0418E
:1039900000030005000000000003081084009010E0
:1039A000A000000088000000000000000000A0004F
:1039B000A0000011000000008200842188000000A7
:1039C0000200C0080003100010000000000000000A
:1039D00000410000A0000041824184008240C040BC
:1039E00000408809A011000088410000000000008C
:1039F00000000000000000000000000000000000C7
:103A000000000000000000000000000000000000B6
:103A100000000000000000000000000000000000A6
:103A20000000000000000000000000000000000096
:103A30000000000000000000000000000000000086
:103A40000000000000000000000000000000000076
:103A50000000000000000000000000000000000066
:103A60000000000000000000000000000000000056
:103A70000000000000000000000000000000000046
:103A80000000000000000000000000000000000036
:103A90000000000000000000000000000000000026
:103AA0000000000000000000000000000000000016
:103AB0000000000000000000000000000000000006
:103AC00000000000000000000000000000000000F6
:103AD00000000000000000000000000000000000E6
:103AE00000000000000000000000000000000000D6
:103AF00000000000000000000000000000000000C6
:103B000000000000000000000000000000000000B5
:103B100000000000000000000000000000000000A5
:103B20000000000000000000000000000000000095
:103B30000000000000000000000000000000000085
:103B40000000000000000000000000000000000075
:103B50000000000000000000000000000000000065
:103B60000000000000000000000000000000000055
:103B70000000000000000000000000000000000045
:103B80000000000000000000000000000000000035
:103B90000000000000000000000000000000000025
:103BA0000000000000000000000000000000000015
:103BB0000000000000000000000000000000000005
:103BC00000000000000000000000000000000000F5
:103BD00000000000000000000000000000000000E5
:103BE00000000000000000000000000000000000D5
:103BF00000000000000000000000000000000000C5
:103C000000000000000000000000000000000000B4
:103C100000000000000000000000000000000000A4
:103C20000000000000000000000000000000000094
:103C30000000000000000000000000000000000084
:103C40000000000000000000000000000000000074
:103C50000000000000000000000000000000000064
:103C60000000000000000000000000000000000054
:103C70000000000000000000000000000000000044
:103C80000000000000000000000000000000000034
:103C90000000000000000000000000000000000024
:103CA0000000000000000000000000000000000014
:103CB0000000000000000000000000000000000004
:103CC00000000000000000000000000000000000F4
:103CD00000000000000000000000000000000000E4
:103CE00000000000000000000000000000000000D4
:103CF00000000000000000000000000000000000C4
:103D000000000000000000000000000000000000B3
:103D100000000000000000000000000000000000A3
:103D20000000000000000000000000000000000093
:103D30000000000000000000000000000000000083
:103D40000000000000000000000000000000000073
:103D50000000000000000000000000000000000063
:103D60000000000000000000000000000000000053
:103D70000000000000000000000000000000000043
:103D80000000000000000000000000000000000033
:103D90000000000000000000000000000000000023
:103DA0000000000000000000000000000000000013
:103DB0000000000000000000000000000000000003
:103DC00000000000000000000000000000000000F3
:103DD00000000000000000000000000000000000E3
:103DE00000000000000000000000000000000000D3
:103DF00000000000000000000000000000000000C3
:103E000000000000000000000000000000000000B2
:103E100000000000000000000000000000000000A2
:103E20000000000000000000000000000000000092
:103E30000000000000000000000000000000000082
:103E40000000000000000000000000000000000072
:103E50000000000000000000000000000000000062
:103E60000000000000000000000000000000000052
:103E70000000000000000000000000000000000042
:103E80000000000000000000000000000000000032
:103E90000000000000000000000000000000000022
:103EA0000000000000000000000000000000000012
:103EB0000000000000000000000000000000000002
:103EC00000000000000000000000000000000000F2
:103ED00000000000000000000000000000000000E2
:103EE00000000000000000000000000000000000D2
:103EF00000000000000000000000000000000000C2
:103F000000000000000000000000000000000000B1
:103F100000000000000000000000000000000000A1
:103F20000000000000000000000000000000000091
:103F30000000000000000000000000000000000081
:103F40000000000000000000000000000000000071
:103F50000000000000000000000000000000000061
:103F60000000000000000000000000000000000051
:103F70000000000000000000000000000000000041
:103F80000000000000000000000000000000000031
:103F90000000000000000000000000000000000021
:103FA0000000000000000000000000000000000011
:103FB0000000000000000000000000000000000001
:103FC00000000000000000000000000000000000F1
:103FD00000000000000000000000000000000000E1
:103FE00000000000000000000000000000000000D1
:103FF00000000000000000000000000000000000C1
:1040000000000000000000000000000000000000B0
:1040100000000000000000000000000000000000A0
:104020000000000000000000000000000000000090
:104030000000000000000000000000000000000080
:104040000000000000000000000000000000000070
:104050000000000000000000000000000000000060
:104060000000000000000000000000000000000050
:104070000000000000000000000000000000000040
:104080000000000000008400840004000000030021
:1040900000000000040004000000000020000400F4
:1040A0000000049000000200040020100020040022
:1040B00000001100040004001100020004000010C0
:1040C0000200110000000000852080208400800094
:1040D000840283C000C0030200000000040000004E
:1040E0000040000000000000200220080500000041
:1040F00000200020000004001100C0A004002000E7
:104100000300110000000000040004000000000093
:10411000000000000000000000000000900000000F
:10412000000000000000000000000100010000800D
:10413000000000000000000000000000010000007E
:1041400000800000000000C0000004800480050022
:10415000100011801000000000800000000000002E
:1041600000000000000000000000008001000000CE
:104170000000000002000000000000000500200018
:1041800000000000000000008000802084008010FB
:10419000801004000010000000100010001000004B
:1041A000000080000000800000000010001080016E
:1041B0008001C001000300010000001000000000A9
:1041C0000000000000000000000004A004000490B3
:1041D00004208000000080088510401000A1110913
:1041E0000010000002000000001000100001090192
:1041F0001010002000002100002000A0001000107E
:104200000800001000000000000004000400050089
:1042100004002000000000050400002000800020B1
:1042200020100400042120000400002004100008D5
:104230000240400241200082820200100021001052
:10424000A010000002000000004100000140051025
:10425000011000A1041000000400042183A100103B
:10426000009000A1000082000010000000900020DB
:104270000010001000C10000902184109000000088
:1042800000000400002000200010001000000000CA
:1042900000880408030009100200031080002010A9
:1042A00021414100200420402000A01000200000F7
:1042B000000211084010400200004008C002400205
:1042C0004002000300000800C00280020000041049
:1042D000048400010010000000000000000009201C
:1042E0002102000110100020000400000004002042
:1042F0000511040080110010200800212000091081
:104300000000000000C080000400040280080000DB
:1043100000000000010000058200000000004000D5
:104320002100820800000100C10085004141000019
:104330000000000000000100018000004100038037
:1043400001800180008200000100058004800000DF
:104350000500010000209000000000000010000097
:104360001080008000200180000900000000008013
:1043700000800488010010A00000890000040100F2
:10438000000284040004C021040001000100042094
:1043900084000404000084000320832020008400A3
:1043A0004100210000018302040020008000200061
:1043B000210020C01000808300000000C0020540E2
:1043C000004000000000000188209001840090005F
:1043D0000000A10880019021000100004000211090
:1043E00010104001100110A0000900100900050183
:1043F0000001418840112001200000000010102021
:1044000000014104001141104104000000100000AF
:1044100000A0111001909040214102C020830100B2
:104420002121002000000008208501050021040052
:1044300084050010000800110204C000C021418062
:104440000080A080000504000020058004100941C0
:104450000820000040040402048210028400850544
:104460000010840001029020041104A084050010B3
:10447000A040A04008000102200420050021000007
:1044800000A10220000000A00088104100050041AA
:10449000000000000440040004090441210004005D
:1044A00000900302210940002100410000000400A7
:1044B00004000340020004000904000040820004DC
:1044C00000000384A1C0214002A00040009003002E
:1044D0002100080800000000000805008500000019
:1044E00041882040080010020088000800001000E9
:1044F000020010004100040040000504800080001C
:1045000005201001098208002188408809C011880F
:104510000900414021C00100010005A001208209DD
:104520008300880082200002C10000000000000417
:1045300001008200000001000000000000000000F7
:104540000000000200000200A000000000000000C7
:104550000000000001000000000000000000040056
:104560000000000000000405018000000088000039
:1045700084000000000000040000010000904000E2
:10458000200090800020000901110000831100002C
:104590000000000000000003040020A0040004004C
:1045A00000000084000100004000410003000420DE
:1045B0000301000100010010000000088008100045
:1045C000200320038084A0022184048400880084C6
:1045D00008052121841003010000040321020002C8
:1045E00004020000100008C041004000000141200A
:1045F00000200000028409849004000004000000F0
:104600000000040010200490048204C020002084D4
:1046100002C00020032003000020C1200505051072
:10462000054000008241A02082050100000000201A
:10463000010000020402C002C0000011A00004003A
:104640000000008200824000409090200011000095
:1046500000000102880209000820000001A0208457
:1046600000802180C0008200C000844121402002DF
:104670002040200800000309C0002084C00010046E
:10468000000010058809A000104190402100820020
:10469000C0000004000000000841000009858211EC
:1046A00021854189409100094002404002030908E8
:1046B000000510419103094020410540100002808F
:1046C000400009800003008404A00004008390C11E
:1046D0000211001180830409899100410000000348
:1046E00020852011004100084009004111001100FF
:1046F0004000000041000200000000000500080327
:10470000000400101010000000001000000088C01D
:10471000821091A0119010A0201011100240019160
:10472000098801910189C188848511C101C10101F4
:104730000101400101018903038505A1001000A0CA
:10474000414088C001400009C0C000100083A01192
:1047500083098504001090830084A00800010000F4
:10476000001141089020008900010001C0010000F3
:104770000000010008000110050000008200000098
:1047800001010000080189C0000400020108009036
:1047900089839185402001C10189010800900109A8
:1047A00085010800A1884089A10184C0890141A038
:1047B00001000100001001018300A1C089C14183F3
:1047C000880111000884030101000000000801882D
:1047D0009008A1010188A10190A1000408008300B4
:1047E00000000101050040082100004000000140D8
:1047F00001000003102000A000000000100089A0AC
:1048000003000140C0000002010040018201089045
:10481000040182000441888382908200104105884F
:10482000030188058900A180408940401000A00252
:104830008900110041000480030920054000A111F6
:104840008389111005000480100502200400210056
:104850000303050002084100030300400400880030
:10486000830500000240400041000300098004006D
:1048700010801000004041000405410000000000CD
:104880008500C000088440000000030000210021D2
:10489000000000400802890390C085A14005A08364
:1048A00041A0A0030800800911218283404020918B
:1048B000000920A0210200C1210311832040001023
:1048C00080899103000900209008004000100083B7
:1048D00000820003000800030089000300020004B6
:1048E00091028083000000A0002004020003000069
:1048F00003400009850500052004001100030004A1
:1049000000080091008408090211004140110000D4
:10491000000004800080A090008882A0C0A0848352
:104920000084832009850182881184418989A1C17D
:104930008508A0C101890141000500C04183010330
:1049400002C182A1890500400284109000410090BC
:10495000000810A1889100020402C0840011000127
:104960000090A103908300000009400500010005AC
:104970000000000000014101000001C00000A00192
:104980000010008400021088010000C10001A10194
:104990000488000890080088830988C091098983E9
:1049A000821000C109058888888388008200888871
:1049B000C1410911C101C0A0000000210000000098
:1049C0000388A121A001C002028882918801C00849
:1049D000880888009000080001000008000001001D
:1049E00083089101900000900000050941A020017A
:1049F0001140014001040100010000000008000016
:104A0000010002A08800A000C01000100085000076
:104A10000000C000084090009004828388082001B4
:104A2000C0C0088888039100C188008390101111CC
:104A300080800940C040404010110000001100116A
:104A4000000003820411051020008004000300030D
:104A50008080040020000000910003000580080011
:104A600041008300A0090800000000000302400587
:104A70000841C18009000884020005000400418546
:104A800005041000000080008000000000800091FC
:104A90000010000000000080000000808391C191A0
:104AA0008321838041008590042141091242000B3B
:104AB000D00041000000000BD00000000000000BFF
:104AC000D00000000000000BD00000600060000B70
:104AD000D00041828200000B000000000000000BAB
:104AE000000006810000000B000000000000000034
:104AF000000B000000000000000BD00000001200BE
:104B0000000BD00000000000000BD000000081422C
:104B1000000BD00000000000000BD00000000000DF
:104B2000000B000012410000000B000012420F00B9
:104B30000F00000000FFFFFF0000FF00BF020000A9
:104B4000000000000080FC0C3C3C0F0F4E4E0000AB
:104B50000000F070F0F03C3CFF003F030000CF0C81
:104B600000003C0F00000F0F00003F30000000006D
:104B7000CF0C00003F300000FFF30C00FF0FFF00E0
:104B8000B4BDBDBD000CE7EF000000000F0F0F2704
:104B90000000000080E60066000000000000000049
:104BA00000000000000400000000400000000000C1
:104BB0000F000F000600FFFFFFFD0004FF00FF00D5
:104BC0000000000000400000FC0C6666FF004E4E36
:104BD00000000000000000003C3CFF003F0300001C
:104BE000CF0C00003C0F0000FF0000003F30000031
:104BF0000000CF0C00003F300000FFF30C00F0007D
:104C0000FF0090999999000C2420000000000F0FDC
:104C10000F0F0000000081E70066000000000000A8
:104C2000000000080000000000000000000000007C
:104C30000001000000000000000000000000000073
:104C40000000000000000000000000000000000064
:104C50000000000000000000000000000000000054
:104C60000000000000000000000000000000000044
:104C70000000000000000000000000000000000034
:104C80000000000000000000000000000000000024
:104C90000000000000000000000000000000000014
:104CA0000000000000000000000000000000000004
:104CB0000000000066006600049F009900FF00FFEE
:104CC0001000F7FF06F600FF7E7EF0FF663C3C3CDE
:104CD000F6F63CFF00000000666666760000F03CD9
:104CE0000000303F0000F03C000030F3000030F3E3
:104CF000000006F60000000030F33C3CCCCC009FE6
:104D000060FF8000000000000000FFFFFFFF0000C8
:104D1000000000FF0000D2D2BDBDFCFCFFFF000080
:104D2000000000000000000000000000000004007F
:104D30000000004000006600E6C000FF00FF00EF3A
:104D400010FF0000FFFF06F63C3C4242F000663CCC
:104D5000F0F0060600C3000000006666666600000C
:104D6000F03C0000303F0000F03C000030F3000059
:104D700030F3000006F60000000030F36666669926
:104D8000009F60FF8000000000000000909090FFF6
:104D90000000000000FF0000F6D2BDBDFEFE9F9F98
:104DA0000000000000000000010000000000020000
:104DB00000000000000000000186000C03890000D4
:104DC0000086009000800000008604F0009900102A
:104DD0000886049000820010008600EC00A000000D
:104DE00002C6010003B4494002C701E000B44940D3
:104DF0000241018000044940000002C70180008494
:104E00004140008600F000B00080000000F0033256
:104E10000080008600A000800000000004EC033049
:104E20000010A0865010A080000506000080000041
:104E3000080000860000008010005500FF00000000
:104E4000F3F33C3C3C3C0002FF7F00000000F0FF1D
:104E50003CFF3A3C3C3C00F708FF0020000000000B
:104E6000000400000000000000000000000000003E
:104E70000004AA00A0A0005505050000AC3CACACA5
:104E80001414BEBE00000000000000000000AAAA2A
:104E90000F0F0000F330FF00000CFFCF0000AAAAA4
:104EA0000F0F0000FFFEFFF25F7FDFFFEB28AFAFC9
:104EB000BEBE0F3CFFFFFBF81FFFDFFF5500DF20EA
:104EC0000800F7F33C3CBC1C0000FFFF00000000A2
:104ED000F0FF3CFF3C3C3C3C00FF00FF002000009A
:104EE000000000001000000020702A7A000000007E
:104EF00000000000AA00A0A0005505050000AC3C81
:104F0000ACAC1010BFBF00000000000000000000AB
:104F1000AAAA0F0F0000F330FF00000CFFCF000023
:104F2000AAAA0F0F0000FFFEFFF25F7FDFFFEB2852
:104F3000A0A014140F3CFFFFFBF81FFFDFFF0FFFC3
:104F40000F7FE3F3C3C3FFFF000000FF00FF00007B
:104F5000000000000000FD08FF0000F708FF01004E
:104F60000000554D557D303000000000000000006D
:104F7000C141C0C00000F0F0F000003C005500004E
:104F8000FFE01F00FFFF5F55000000000000000071
:104F900000003C3C0F0F00000000000000FF05F582
:104FA00000003C3C0F0F0000FFFFFFFF4FFF7FFFA3
:104FB000EB28AFAFCFCF05AFFFFFFFFC75FF7FFF43
:104FC0000000008010000000FBFF080000F708FF51
:104FD0000000000000000000FF00FF0000FF00FFD5
:104FE000000000004D4D7D7D3000000000000000FD
:104FF00000004141C0C000000000F000003C00552E
:105000000000FFE01F0000005055000000000000FD
:10501000000000003C3C0F0F00000000000000FFFB
:1050200005F500003C3C0F0F0000FFF3FCF04FFFC4
:105030007FFFEB28A0A00C0C05AFFFF3FFF075FF7E
:105040007FFF00000300040804100000200011107E
:10505000850011000000040000A01084000004007E
:1050600000000000000008000800084104000400DF
:1050700005008000210000A005001110A0000840DC
:10508000882000008800842084008400050020001F
:105090000000000021000510A00020040800000905
:1050A00004008400041091200010A00800000000FB
:1050B0000000000004008220040004000000000042
:1050C00004008400000000000080000000050100D2
:1050D00000000400000000000000000000000000CC
:1050E00000000000000084000000000000C000007C
:1050F000010004000200000000000000040009009C
:105100000080048000C0200005800400040000002E
:1051100000000000000000000000210001800100EC
:105120000082000040000000042000000400000095
:105130000000000000000000400000040000020029
:1051400000000000020021200001001100110000F9
:1051500020000000800020000000A00002000500E8
:10516000800085880040000002A02001112100007D
:10517000000000000000000000000000000000012E
:105180000000000180000000000000200800111055
:10519000020000000000000000840000208820843D
:1051A00000000002000880000020000040001120E4
:1051B000001000A000A000020010008804A0000061
:1051C000042000400020900000A100100090008208
:1051D000A01001000041082001100210052101006B
:1051E00082100200040000A000410140014000A024
:1051F00000200010004100100041001000000010CD
:1052000000400000044020000000080000000109E8
:105210000021840000110000001100008421010021
:1052200003050010009000900210400940090000A2
:10523000001090000000000000900091002001414B
:1052400000209121001000C10410002103109041A2
:1052500000A088008802800208020020000000846C
:1052600000028000000200100082004000040004E0
:105270000088800400908404000000210011802038
:105280000021104100000001001000000203A0C135
:10529000802120018001100103A100A0000002C0B4
:1052A0008001801102208084002000000000901006
:1052B0000400008408018040020000848010040281
:1052C00041100011000000200084000208041000BA
:1052D0002104004105020505020000020000000053
:1052E000A00082000200C0008820000000800205AB
:1052F0002000101002A002030582000500820802AF
:10530000408000828482C01002020210000001026C
:105310000502048201202002100210021000C000C9
:105320002100200402908380400500800000880056
:1053300020408900820301200840010000004085D0
:10534000C10240801004000084918400840010C1D8
:1053500000218000A0000090200020901104020095
:105360002000008420000000C0000800400141002F
:1053700010A002008501400010004120C1410384BB
:1053800000014140411080400810C0404021000011
:105390000200001010821008108200000282021029
:1053A000828205080810021005A00020C12080009C
:1053B00000C0100111A041C120400400081080A0CD
:1053C000088910114111C1219000032005004020DF
:1053D00002040084040011004000111103000010B9
:1053E000000083000000110900000400C00000203C
:1053F00000000811100004040000000000800804F0
:10540000000000201000002120800080029000A0F9
:10541000000009000800A00082021009100000002E
:1054200000000200002000001000000084850280BF
:105430000805840000200005400411110510A14159
:1054400020000020C09000200890400000000000D4
:1054500021840010211000844004020320A00802CF
:105460000002044020820000200820842002410421
:1054700020A0000420000004020202881000100294
:105480000020032000100502210010000803000086
:105490000502000005000800882004841082050031
:1054A000094041C02000900005044104101009008B
:1054B0000000080120041008100010000000400047
:1054C000004000C19020801190030003054041403E
:1054D0002008034008000000A01000900210A12046
:1054E000012000100000010000080110011001005F
:1054F0000080010000800100A0840421212100001F
:105500000041844082410820000004038800090211
:10551000000000A10000882000002080A12100419F
:105520001000008084000000024000800089088094
:105530000000000000400080009000008400C020B7
:105540001003000000202000100840041082840393
:105550009041C1008809008500A01185800000826B
:1055600000C00000000800C0028400080200030818
:1055700000A02040108800000088001002C10088B0
:10558000410404040082100405101100030811C036
:10559000090009850020000000A011A0009004026D
:1055A000214002A0030080034100108441049005C3
:1055B0008400040541009000098441100904100092
:1055C0008800000000828282901109A0C100412061
:1055D000400020A1C000820100100000002004054E
:1055E0000000001082000040000000000000C00029
:1055F00008001000018000000000C0000000002032
:1056000000001089C191000000C000000000A0004F
:1056100000000800000400800000000000000000FE
:10562000018000090000000504A0001009000080AE
:1056300020900300114000000500044084101080F9
:105640000040214100000000081020200041080017
:1056500008800100892005002040030200910040DD
:105660000208A1A18008A02040410003800088001A
:105670004040808300C009000080080310890808AA
:1056800000880983898805410000000300038080A9
:1056900000000003808082410000000080834104FC
:1056A0008308008000050041020000000011052071
:1056B000C0822102088340848905034080030204DC
:1056C0004011000584C18908A08211C011030502A0
:1056D00000410220110309042011100400000002FF
:1056E0000400400189829084022100880001820028
:1056F00021000000880588029020004001A1418916
:10570000019000C00003030800030090000300C0E4
:1057100010A00088009108021020002000004083A3
:1057200020401109002088000200030000000082D0
:105730009110C1A000C0A0030040C08301059001EA
:10574000010103010000828390A021050005A10151
:10575000000040010089210189010400010000903E
:105760000501012001000900020021888290080043
:1057700088000900850188218800892101039001A2
:105780008840090009C108008400C1008509009013
:1057900000000090010008000401C100C1000000E9
:1057A000000182018920C109C000C0000000010180
:1057B00005000500040804080440050040108300AB
:1057C0002001200040880400C100050041018290B2
:1057D00000208984012101010090012001210101A3
:1057E000200588200800404110039100C0009180EE
:1057F000800000002100830940038000218203090A
:1058000000400000A10083090909800021118309DB
:1058100000000000210003058000002010000302AA
:10582000000040084104A0000341000000050500FD
:105830004040A004C0008080A182A102C100A080DD
:10584000832000400002008000022011C004C00537
:1058500091A1038041000291030908004000021158
:1058600003094020214041A0054041880021A0C0FB
:10587000C08520000011088940031109A04080095B
:10588000408300800002C08800830902008889806C
:105890000083000040210000800380200000A00061
:1058A00000830000C10880A04102808380800080C6
:1058B00021C18085088980C1208390841088880850
:1058C00083880202008011002041118011C000C0B5
:1058D000918990C0050240050909410303A0408455
:1058E00020091103A0000001000520010091840897
:1058F00090A0898300400084018941090020A01004
:10590000020909090004C0218884401100410404EF
:10591000A102104100000200200020010404200226
:105920000300008300000403A0A1C0C02089A008D8
:105930000008010804880002C0020484100200026A
:105940008285080508A1020201400120018890918A
:10595000820385848483000100210100880101887D
:10596000009001914121000000040000000082919C
:1059700082888201C02001890191000000410589CF
:10598000A0901101A0828989C103A000C000838872
:10599000890408000888010000000000000001419F
:1059A0000084000000890000850188C0C00088884C
:1059B00001A000400100010082014082020020207D
:1059C0008291C001A0000040081040842000908215
:1059D00082C003098401034001001103000000009C
:1059E0000188018300010100000000000011000097
:1059F000808300C000098000108204410011401023
:105A0000838940008240008083C004C108080000F0
:105A10008391040080119100030020000000000029
:105A200003C00000000021C00000830589000300BE
:105A3000C0C10380080002004000800280C18003D2
:105A4000800080C0001100090080808000000009F3
:105A50000980C1030408C003A08003008511050468
:105A6000090003800411110308001242000BD0004A
:105A700000000088000BD00042000000000BD000A6
:105A800042000000000BD0000A600000000BD000B4
:105A900000001200000BD00000000048000B0400C2
:105AA00000001200000BD000000000001200000BEC
:105AB000D00000840042000BD00000000000000B6A
:105AC000D00041001284000BD0000A480000000BF7
:105AD000D00000880042000BD00021881200000B8B
:105AE000D00000001200000BD00041820000000036
:105AF000000000000000000004550F5FFFC33C00E1
:105B0000FFFFFF00FFFFAAF0FFFFCFC0FFFF0F0066
:105B1000FFFFF0AAFFFFD782FFFFE1E1000000FFD7
:105B200000000F0F00003C3C00003C3C000000FF68
:105B3000333300FF333300FF333300FFFF00000037
:105B400000000C00FCFF00000000000000003C3CD6
:105B5000000000FF000055555D5500000C0C0F0FB4
:105B60003C0F55FF3F3F5C5C3C3C4D4D0F0F000030
:105B700000002CAF0000000000001455FFFFFFC321
:105B80003C00FFFFF0F0FFFFAAF0FFFFCFC0FFFFD8
:105B9000FFF0FFFFF0AAFFFFD782FFFFE1E1000067
:105BA00000FF00000F0F00003C3C00003C3C0000E8
:105BB00000FF333300FF333300FF333300FFFF00B8
:105BC000000000003C3C3C3C0000000000004000A5
:105BD0003C3C000000FF000055555D55404C404CDA
:105BE00055553C0F550030305C5C00FF4D4D00FFBB
:105BF000020202023F0000003E3EFA0A0041000598
:105C00001414FFFF00AAFFFF5500FFFF003CFFFF39
:105C1000033FFFFF00FFFF000F0FF0F03C00FFC34A
:105C2000FF000000FF000000F0F00000FF00000097
:105C300000000F0FFF00CCCCFF0000FFFF0000FFB3
:105C4000FF0070503010F0F03C3CFF0F0000EBEB19
:105C5000F0F0FFFA3C3C0000FFFFFFFCFFFEAC0051
:105C6000F00000000000FFF0BEBE3F3F3CAAF3F38F
:105C7000F0AAF030C000300000000A0AFA0A004121
:105C80000055D7D7FFFF55FFFFFF55FFFFFFC3FFAD
:105C9000FFFF033FFFFFAAAAAAAAFF00FF00FFC35E
:105CA0003C00FF000000FF000000F0F00000FF00DB
:105CB00000000000F0F0FF00CCCCFF0000FFFF0070
:105CC00000FFFF006040200078783C3CFF0F800020
:105CD000EBEBAAFAFFFA3C3C00000000FFF0FFFAF1
:105CE000AC0000008000400000F0828230303CAA0E
:105CF0003030F0AAA00052FCA33000050080008CD8
:105D000000100000C0C6C0F030A04903C0C7C0F0FA
:105D100030B04903C0C7C07030904903C0C7C070DD
:105D200033A05103C6C701F608B44940A2C751F0D9
:105D3000A31449450000128621B043840848128606
:105D400001FC00940040008200F000B000000086DA
:105D50000AEC03B00010A8865430A0820015A08081
:105D60000C9C0010000508000AF0033200100886A1
:105D700004F003B200100000AAAA00FF0000ACACBF
:105D8000AAFFAFAF0CCF00000000FFFFFFFF000035
:105D90000000FFFFFF2F00000000000000000404CF
:105DA00000000000000400000000000000000000EF
:105DB00000000404020200000708000008000000C0
:105DC000000000000004FFFBF0FCBABEFFFF7FFFF5
:105DD000050000A050505078FFFEFFF21FFFDFFFCC
:105DE000FA0AFFC3D7D70F550000FF000F0F0000BE
:105DF00000000000000000000000AAAA00FF000050
:105E0000ACACAA0005050CCF000000007FFFFFFF2F
:105E100000000001FFFF7D7F000000018ACF0A0F14
:105E20003800555500000000000000000000000090
:105E30000000000000000000000000000000000062
:105E400000000000000000000000F0FC8A82FFFF5C
:105E5000FFFF050000A050505078FFFEFFF21FFF2B
:105E6000DFFFFA0A3C0014140F550000FF000F0F6B
:105E7000000000000000800000000000FF000F0F85
:105E800000007D283F3F02000000000000000041AC
:105E9000004100000000FFFFFFFFFFFFFFFFFFFFCB
:105EA000FFFC200000003F3F1F3F020202FF0000F6
:105EB0000000200000000000010000008080AAAA6D
:105EC000050A0000000000000C0C0C0C0EC002C003
:105ED000FFFFFFFFFAF0F0F00001000000000000FB
:105EE0004FFF7FFFFF00FA0A0000000800003C3C63
:105EF0000F0F000000000000000000000000FF0085
:105F00000F0F00007D2830300000800000000000EE
:105F100000414041000000017FFF7FFFFFFFFFFEC7
:105F2000F0FFFFFC000000001F1F1F1F000000FF0C
:105F30000000000000000000000000000000808061
:105F4000AA0000000000000000000C0C0C0C0E0069
:105F50000200FF7FFFFFBA30303000000040000039
:105F600000004FFF7FFF3C3CFA0A000800000000E1
:105F70003C3C0F0F00000000000000000000040087
:105F800041C040000000410041000000000000004E
:105F900004A003000000040000000400024004C04C
:105FA000000003402000200000002100000003103A
:105FB000000000A0009000000000000400000000AD
:105FC000210000000900040000000300020003009B
:105FD0001100000000000000200000000000200070
:105FE000110000002100000000000000000000007F
:105FF0000400000000004100000000C0002000A0DC
:106000000000000000000000000000000000000090
:106010000000A000000000000000000000020000DE
:1060200000000000000000000000900020002000A0
:10603000000000000000000000000000A0002000A0
:106040000000000000000000000000008840000088
:106050000000A01000000000000000090000200067
:10606000000000000000000000000000004182006D
:10607000000002000000000000000000000000001E
:10608000000000200020000000100210000000C0EE
:106090000820000000002100000000200000000097
:1060A00009000088001000200010000002200040BD
:1060B000008400880020000800100000000000009C
:1060C0000300000002100200000002200000002077
:1060D0000000001000000000000010000010002070
:1060E0000040030005C000820008001008900090E6
:1060F000001021400008008800C000A0002000908F
:1061000000C0000400080009000800000020000092
:1061100000050000A0100010000000090010000998
:10612000001000109010002000098820822100211A
:1061300000210020000804100011004100108220FE
:1061400000200011000000080208004100080000C3
:106150008441C000000800080009001084100810E5
:1061600000008800A020C009000802000000000014
:106170000410000090200010002100098808001081
:1061800000100010001000840008040000C000206F
:106190001100110200100902000000080010002088
:1061A000001000A0114004840308000009880020AA
:1061B000210000880500008400001000090841103B
:1061C000009000C0000800002140110000080000FD
:1061D000000000000000004000000302000203A0D5
:1061E000000002A000100000410000100008100292
:1061F0000090000200A008900002009005C000106E
:10620000008405A005200040002102030041000594
:10621000000000009005000388050041000800030D
:1062200000100003200000030000A000100900057A
:1062300000040003004004218211A011001100415C
:106240000002C00010081000000040000000000024
:1062500000000200002190418400000002100000B4
:106260008400001100090000C0038203A0218800FF
:10627000000500000041000082000009C0118810E4
:106280008400840004000005C003000010A00090FA
:106290002000410410000000020005002000000062
:1062A0000020001041404000404005A005000000D3
:1062B00000A00890204000C000840000110400C02D
:1062C00000A00004000003001100000010000010F6
:1062D00010000000030000040340414011A000042E
:1062E000092000C0021000840090210810A0119025
:1062F000008200A005A00084008409C000001102F3
:1063000040900040009000C0090000C0081000103C
:1063100000109002900984118409200020042004B8
:1063200000412004201100410005000488090000FC
:10633000822100008211841090219010C020C000A2
:10634000841084000811A000A021080000000403AC
:1063500000050200200000219010C00590201009C7
:106360009040A021A0200410001090000810A01060
:106370000205A00582409008820008411010040523
:106380004008400904219010821100000408008890
:1063900000C0000800000084001000100000000091
:1063A00000000000008400C0208809204088008888
:1063B0001000000000840000050000000000000044
:1063C00000C000000800101000200008219000000C
:1063D0000000090200001000100000001000000082
:1063E000000000C0000004000520110004020000AD
:1063F0004190008210000000001000000004040022
:1064000000A0001009040000000000840000000249
:10641000000000000005000500000040000000052D
:106420000000000000108802000020210408041170
:106430000005A000080000008240004090400409D0
:106440000021000000000411A00900000000A011BC
:1064500000000000C00000000005A000A000002017
:10646000A00000110805C000900000080203C0054C
:10647000840084080002C0210000020940210000BD
:1064800082200000840000050000100000000008C9
:106490008403008408880800004010C000840000C5
:1064A0000000000000080000000040004000000064
:1064B000000000002140001004001084100041C0C2
:1064C000418800C00000108400400020000000004F
:1064D00000840000001000100020200000000000D8
:1064E0002100020009A00040009004820910000071
:1064F00000900090110000C00000080000841120EE
:106500000920038441C004900408090000A002008F
:10651000000010A00009A021A00084030210202187
:106520000009C0000041C0058804C041C00500004A
:106530000000C0118200C0200040A000882100118E
:106540000020040384008441001120000021202148
:1065500084001010000000000800820582009040B6
:1065600002038821A0210221020384050841C005FD
:106570004041824108052011820090008841C040BE
:10658000A004100384030220020082400040C010D7
:106590000020200900400000000000000000000072
:1065A00000000000000000000000000000000000EB
:1065B00000000000000000000000000000000000DB
:1065C00000000000000000000000000000000000CB
:1065D00000000000000000000000000000000000BB
:1065E00000000000000000000000000000000000AB
:1065F000000000000000000000000000000000009B
:10660000000000000000000000000000000000008A
:10661000000000000000000000000000000000007A
:10662000000000000000000000000000000000006A
:10663000000000000000000000000000000000005A
:10664000000000000000000000000000000000004A
:10665000000000000000000000000000000000003A
:10666000000000000000000000000000000000002A
:10667000000000000000000000000000000000001A
:10668000000000000000000000000000000000000A
:1066900000000000000000000000000000000000FA
:1066A00000000000000000000000000000000000EA
:1066B00000000000000000000000000000000000DA
:1066C00000000000000000000000000000000000CA
:1066D00000000000000000000000000000000000BA
:1066E00000000000000000000000000000000000AA
:1066F000000000000000000000000000000000009A
:106700000000000000000000000000000000000089
:106710000000000000000000000000000000000079
:106720000000000000000000000000000000000069
:106730000000000000000000000000000000000059
:106740000000000000000000000000000000000049
:106750000000000000000000000000000000000039
:106760000000000000000000000000000000000029
:106770000000000000000000000000000000000019
:106780000000000000000000000000000000000009
:1067900000000000000000000000000000000000F9
:1067A00000000000000000000000000000000000E9
:1067B00000000000000000000000000000000000D9
:1067C00000000000000000000000000000000000C9
:1067D00000000000000000000000000000000000B9
:1067E00000000000000000000000000000000000A9
:1067F0000000000000000000000000000000000099
:106800000000000000000000000000000000000088
:106810000000000000000000000000000000000078
:106820000000000000000000000000000000000068
:106830000000000000000000000000000000000058
:106840000000000000000000000000000000000048
:106850000000000000000000000000000000000038
:106860000000000000000000000000000000000028
:106870000000000000000000000000000000000018
:106880000000000000000000000000000000000008
:1068900000000000000000000000000000000000F8
:1068A00000000000000000000000000000000000E8
:1068B00000000000000000000000000000000000D8
:1068C00000000000000000000000000000000000C8
:1068D00000000000000000000000000000000000B8
:1068E00000000000000000000000000000000000A8
:1068F0000000000000000000000000000000000098
:106900000000000000000000000000000000000087
:106910000000000000000000000000000000000077
:106920000000000000000000000000000000000067
:106930000000000000000000000000000000000057
:106940000000000000000000000000000000000047
:106950000000000000000000000000000000000037
:106960000000000000000000000000000000000027
:106970000000000000000000000000000000000017
:106980000000000000000000000000000000000007
:1069900000000000000000000000000000000000F7
:1069A00000000000000000000000000000000000E7
:1069B00000000000000000000000000000000000D7
:1069C00000000000000000000000000000000000C7
:1069D00000000000000000000000000000000000B7
:1069E00000000000000000000000000000000000A7
:1069F0000000000000000000000000000000000097
:106A00000000000000000000000000000000000086
:106A10000000000000000000000000000000000076
:106A20000000000000000000000000000000000066
:106A30000000000000000000000000000000000056
:106A40000000000000000000000000000000000046
:106A50000000000000000000000000000000000036
:106A60000000000000000000000000000000000026
:106A70000000000000000000000000000000000016
:106A80000000000000000000000000000000000006
:106A900000000000000000000000000000000000F6
:106AA00000000000000000000000000000000000E6
:106AB00000000000000000000000000000000000D6
:106AC00000000000000000000000000000000000C6
:106AD00000000000000000000000000000000000B6
:106AE00000000000000000000000000000000000A6
:106AF0000000000000000000000000000000000096
:106B00000000000000000000000000000000000085
:106B10000000000000000000000000000000000075
:106B20000000000000000000000000000000000065
:106B30000000000000000000000000000000000055
:106B40000000000000000000000000000000000045
:106B50000000000000000000000000000000000035
:106B60000000000000000000000000000000000025
:106B70000000000000000000000000000000000015
:106B80000000000000000000000000000000000005
:106B900000000000000000000000000000000000F5
:106BA00000000000000000000000000000000020C5
:106BB00080000090000004201100800000012100EE
:106BC000000000100001101003A00010042040007D
:106BD000C0000200202000008021100000200000E2
:106BE00002000200001104200400414000000000E7
:106BF0000000820002888000820005080200020076
:106C000011C0200410002000100100010001020149
:106C100080008400110080000001000002010001DA
:106C2000002141A000010021002008000000040014
:106C3000008040000000000082000000040000040A
:106C4000000004000021000400000000000000001B
:106C50000100410000000189000004A000000000C4
:106C600090009000900000028480000000800000EE
:106C700000C00000200004002000200000000000F0
:106C80002000000001800000010000200020002002
:106C9000002004002100000020000420000000204B
:106CA0000020002000210020002000000000000043
:106CB000000020C10082030000A0008840000008FE
:106CC00010C00200004004008220000000100000FC
:106CD000002000A005900088042000000020031080
:106CE00000000000100104210089000002010008DA
:106CF00000880000000080880300900080010000F0
:106D00000000410200408290000080010005000167
:106D100000410002840100000008000000208020E3
:106D200000004002001000080020000204080020BB
:106D300000010011912000210020002000200120EE
:106D4000002191090020008801004080202084213A
:106D5000002100200010820000209190002100A05E
:106D60000000002108100108032000200009012074
:106D70000089041000000210400090080440040242
:106D800000002010009100912011000020041084C8
:106D90000040004000902108000000800200000038
:106DA000400000200080001000100008008000104B
:106DB000A00040400002002002400010000221100C
:106DC00000111190111000004084002000100000FC
:106DD00000844010A0100090C0880004040200024B
:106DE000840200022020C08940098401C0200010D4
:106DF0000000201120090000000805100008100004
:106E00000491002100A08040000910110010A09002
:106E10009000400000000000000005908920000262
:106E200000C004C000A00040080020032041004032
:106E300000840040008400A00000010000800000E9
:106E40000000000290000000000000100010000090
:106E50000000C000900021009000410500210005C5
:106E60001002050000000100410488020520058091
:106E7000C0000000014001A00000100010809080C0
:106E80001100010400908411048000200020000003
:106E900005080200A0008440000000004009200016
:106EA000000000200100000000000000002001841C
:106EB00000800000000000080000200020042000E6
:106EC00021000400840085000408108500200020B3
:106ED000102000824184008280004084A000209025
:106EE00011C020408520042080034110080041018A
:106EF00000000800411040000300000010A00290B4
:106F000020402008088208101008088804A0108477
:106F100010880982108241001000028405000408D4
:106F2000410520002100050810202010050000A0C8
:106F300000001000040000100400A020A000C0C049
:106F4000020900000100410404051100C020108066
:106F50001085008010101000100340000141210531
:106F60002103001100210480020020C00003000062
:106F70000820C010000510410005002100800841D4
:106F800082200100A1C00809888004100803890339
:106F90001040C009C0000004C0000008410884106F
:106FA000011010A0211000101002C04008001003B2
:106FB0002002C01000058504040885210388801084
:106FC00000020010C1100502201041204084000082
:106FD00040A002A00208001108C0091141C0002011
:106FE0004020000204890582912002020002100064
:106FF0000809088580A183010000022100840000A7
:10700000A020110441C00000110288C0040803043C
:1070100009100083100221081100032041004140A3
:10702000418840C12001210400910004081003841C
:10703000900210201020080800080090008403042B
:10704000040000000000040090098400008000009B
:1070500000000000010001100020C00090040000AA
:107060004000010004008920000004804000A000CE
:107070000041008400042020204000000120000086
:107080000000210000A000000000000004000180BA
:10709000008000000020A000000002001008000096
:1070A00000800000000400200000C040001000002C
:1070B00000000280000000100080000000000000BE
:1070C000000010C10890C1118005400005A004080F
:1070D00040400282050805000084418404100484B5
:1070E00004A0020020000000118300002020000402
:1070F00004100010081008080008102120000040AB
:107100000040000041001000028200842120080895
:10711000A1400800200010890488210010200300ED
:1071200008000200020410058884044110080800C9
:10713000000810A020400382412005C002C104883D
:10714000111040C000020140204020028940000987
:1071500010000111091000000000820082050100EA
:10716000410041040100050400100020901010A10E
:107170000410A000040082089080A01000100100FC
:10718000008000800000884000000111820304009C
:10719000A08004830200A041100483118405101014
:1071A00088030210A00083888408020885A01020AC
:1071B0008809080310200405904000400210014097
:1071C00091090803A008008011800200000080904F
:1071D0002040A183882108A1C02041C0208491883B
:1071E000A008840503891191000985210908000080
:1071F0001180200000000003054109050009C000BE
:1072000010800400048000000200A000C1004000C3
:1072100003054020004108050010098980C10009CC
:1072200011084082050508C010C0080290084002FD
:1072300003A005410041118221200220C10508A0C0
:107240000811204088100811028210020108004035
:1072500008898520C020112001090508411101106D
:1072600088414184C0050140A141C08502C101A1FE
:1072700000820410C0100010900183000001000083
:1072800009080020418201200000210004002000A4
:1072900021000200C10190010000208801850288C0
:1072A000A0C140A0A02040898809010302028300F8
:1072B0000088040901849005A002890308052103C0
:1072C000000520C10301090000004000A000C00823
:1072D00040C1880021002000092091050801884153
:1072E00003C10300410188C0044100000100010006
:1072F000010108008800052040C00201840005202B
:10730000C04009400400024082C10000A0A0020168
:107310001188050085400385400383000821A0886B
:10732000A12041A19004C0030803A185204088A0AA
:107330004020C0000408A040A0110408A104A189B5
:1073400082050900024010038941C000800000113D
:10735000008000A000210800050083044083040889
:1073600009858890A0038208850005880000100028
:107370002100030900400200908005808041201018
:10738000908082A108911005408083830000020054
:1073900000039000032108802120C121880290C0B1
:1073A0000982C1880908028082A1908241850880F3
:1073B00009A0828385218410020984854089088080
:1073C000204041219021118005C1028585100500D2
:1073D0000085050000800888804000C0218321A02E
:1073E000C18200020541218480889008C0C0020249
:1073F00000910908400300800080008000004105E2
:10740000002020C0000500114103842080020000FC
:107410000088401140820091208808910004038375
:1074200002002100A0009100880241108905850515
:10743000C105C01020404105410220400520030540
:1074400010830820904002031009410800028320A5
:1074500004202008829010820020082082A0218829
:1074600001C1820882200321010240C108A0408995
:107470000103A011A18301910010C0C0048490C039
:1074800040900041001100A002C004A0109140896A
:1074900000004040009000A1C08201910002000164
:1074A0000983090004008500200041C0A0880482EF
:1074B000020421A008A00409209100010201010199
:1074C000210001108805830220050004004000A06F
:1074D0004041200888C08801901020200821C04128
:1074E0002021111008042000C14005C08803A0001D
:1074F0000540002000890000000084908802880078
:10750000A088048908854000040302212084040126
:107510000420000000A00020000000020110000173
:1075200000010082C1A00282880102408209C020BD
:1075300003201101010301100101018821C0400154
:107540008203034001A001110001010200090110A2
:1075500001000020800300800020008000A1801135
:1075600080030010A1834003890808C021418304DF
:10757000004085800000001100000000800980802C
:1075800000030000000300058000808980210010B6
:1075900000080080000000110082000000800985C2
:1075A0002005030220902103008941029180088375
:1075B000100490A085104021408520024000101149
:1075C00005100308218020052084110820801083E5
:1075D0001004410211801288000BD000000000420C
:1075E000000BD00000608200000B90200A00000019
:1075F000000BD00000410000000BD0000000818192
:10760000000BD00000008200000BD000420082007E
:10761000000BD000005000000082000BD0004100A1
:107620001242000BD00000501150000BD00082001D
:107630000042000BD00082000A50000BD0000081F5
:107640000000000B000000500042000BD000006062
:107650000081000BD00006000000000000000F0FAA
:10766000000000000C0C000C03006666FFFF6F6F4B
:10767000FF003C3CFFFFFF3E000000003A006900B5
:1076800000000000000000000000000000000300F7
:107690000000000024662400000000000000FC063A
:1076A0000C06CECF0200FFFFFF7F43436F6F000049
:1076B0000000FFFFE7C3EC2C000000006F0CFFFF91
:1076C000FFFF7EFF7EFFFFFF3EFFE70C0000363628
:1076D000000F0000E7E4FF0F3C6600000000000020
:1076E0000F0F000000000C00000003006666FFBDE5
:1076F0006F2DFF003C3CFFFF3E3E000000003C00C1
:107700006600000000000000000000000000000013
:10771000030000000000060006000000000000005A
:1077200000000000CCCF0000FF7FFF7F2C2C00006A
:10773000000000000F00E7C3E02000000000600C24
:10774000FFFF76307E3F7E3CFFFF3E3E240C000074
:107750003636F0FF00002724000F3C6600000000D2
:107760000000000000000000000000000000000019
:107770000000000000000000000000000000000009
:1077800000000000000000000000000000000000F9
:1077900000000000000000000000000000000000E9
:1077A00000000000000000000000000000000000D9
:1077B00000000000000000000000000000000000C9
:1077C00000000000000000000000000000000000B9
:1077D0000000000000000000000000000000FFFFAB
:1077E0000000FFFF000000000000FFFFFFF900F0B5
:1077F000FFF0F4FFFFFF3C3C6666F0FFFFFF003C3C
:10780000201C90906090000000000000FF0F0030EE
:10781000C00000F006F6000000008090C0D000001C
:107820000000000000240081000000000066002627
:1078300000FF66990034F6C2FFF8FFF910FFD3FF8E
:10784000E7002430000C00FCFEFFFFFF030203C230
:10785000000072F3262FB6BF00000000FF00FF00FB
:10786000000000000000000018907E9006FFFFF965
:10787000663C663CF4FFF4FFF0F000FF7E7E7E7E07
:10788000003C003C90906090000000000000FFF081
:107890000000000000F006F600000000001040505C
:1078A00000000000000000240081000000020066CB
:1078B000006600FE66990000F6F618F899F91CFFBC
:1078C000DFFF2400243000600060BCBDBDBD0002AD
:1078D00000C2000072302029B0B940437C7FDF0431
:1078E000FF00A0865454A39200150086028C0088E5
:1078F000001500860CE003B0000500860C90A08007
:107900000005008600F0009200100086023C03B0E3
:107910000000A0865A70A3880085A08650F0A3B00E
:1079200000050000A08650FCA09000A5008602EC97
:1079300003B90000008670F403B00000A0860CFCC0
:1079400000B00000A08650FCA3B0000500860CE04B
:1079500000B0008000860CFCA0B9000000860CEC92
:1079600000B80000F000300003030103FFEFFFFF49
:107970000001FFFFC0C8C00804300730FF10EF004F
:107980000008FFFD00000000FDFFFDFDFFFF0000FF
:107990004DFF00FF100000005F5F575FC0C0000098
:1079A000002010300000000000000800000000006F
:1079B00000000C0C00000A0A000000000000FFFF9D
:1079C000FFFF4100001000000000010DC1CD1010AC
:1079D000101000000000000000000CF00500000086
:1079E00000004100410000003000000000001000D5
:1079F00000000000FFFE00C8000804000700FF00B0
:107A0000FF000000FFFF000000000D000D0DFFFF54
:107A1000001000000000000000005F5F5F5F8380D7
:107A20008380002010300000000000000800005596
:107A300000000000000030302A202A200000000052
:107A4000FC3CF000110000100000000000000000ED
:107A50005514410000000000000000000C0005006B
:107A6000000000000C00CF004100BFBF000043C376
:107A7000FFFF00003C3C3C3CB030B000100310C3A2
:107A8000FF08FF0000FE01FF0000000000000000F2
:107A90007C3C3C3C43C3FFFF000000005555555D56
:107AA000FFFF5557FFFBFFFB000000000000C00474
:107AB000C0C40000000000000000FFFFAAAA1030B0
:107AC00010F07070FFFA0FFF3FFF00140014FFFF6B
:107AD000FFFF08050800000F005C0A000F30343774
:107AE000F4F70000FFFFC0C040430000FFFF0000AC
:107AF00041C3EFFF20003C383C3D80308000100047
:107B000010C0F700FF0000FF00FF000100000000B0
:107B100000003C3C3C3C0000FFFF00000000000077
:107B2000000C555755570000FFFB000000000000F7
:107B3000000400C40000000000100040FFFFAA2065
:107B4000100010C0202005000F0F3F3FAA000000CA
:107B50000C5DFFFF080508000000005C0A00003013
:107B60000407C4C70000FFFF0000404300A002C09C
:107B700000202000110004200420202008A004A0E0
:107B800021000300912004000020000409C011001E
:107B90000000040883402101210482009000A040DD
:107BA00041020208090000881000030800000400D8
:107BB00004200300000004200421112041040300DC
:107BC000002003000020410000218000800084008C
:107BD000002004400000000000C00020001003004E
:107BE0000340000008200040094000000090000011
:107BF000000000800000000000800080028001057D
:107C00000000A0000000028410000080008000003E
:107C100000000008020002800040008005004100D2
:107C2000038000808400000000008200000000C08B
:107C30000021C000000004000080008400809080CB
:107C400000000080020002800000008404000402A2
:107C50000400008000000000000000000080000020
:107C6000900000A0002001000000000000000000C3
:107C7000008420A020822000892000A0858800C0E8
:107C80000400008480A004000001000000008008BF
:107C9000209020002001200080000421022000010B
:107CA0000408210404200308000005400000000827
:107CB000000000002002008840A000010000000039
:107CC00000110084004010000001809090000040EE
:107CD0000008A000004180090004000000000940E5
:107CE0000001000000C0000800100082000000C079
:107CF00000200820910301200110209000020210B2
:107D00000041014104100810011000200041000052
:107D10000221C10801100120A111041001C0892114
:107D2000004091C104C109C1009000110011000080
:107D300000410000900040100000001000200000F2
:107D40000000900200000090004000400420040069
:107D5000008000A00540048804C000A0004000107E
:107D600000090002824100210088000000108821E3
:107D70000010000300C0031009100000002084C0A0
:107D8000008200A0001000900002000020100404F7
:107D900020C00420002009200040042000C08800EA
:107DA0000021801000040404008200820088008802
:107DB0002190009000000000000200A00000209030
:107DC00000108084820000C0200004100008002001
:107DD00020200010000800A0208800A00010040847
:107DE000004000400008410800040420020200C0D6
:107DF000001000A0418420050009000384110088C0
:107E00000310900020004010C000C000902101032A
:107E100083C00141010000821080041103000000B2
:107E200003210010204100008380C000040088006E
:107E300000218800A00900004000840040000000EC
:107E400003059000200008000000820811100802BD
:107E500000900109C0008810A009010010088208E4
:107E6000011008A084888288C000000082009191DF
:107E7000002140400041822111040390409002887B
:107E8000100005018800000100041004000810041F
:107E900005204100038210A005A041000500041048
:107EA00000008000040121881000004120859020FE
:107EB0000084000002A02182000010C021042110D3
:107EC000219002C009094100408409C02040048873
:107ED000050110000204040405901001210089002E
:107EE000200202000000000004000220020810002E
:107EF0000500000005000588050800A10041A0005C
:107F00001000020400042003100400C100C1A041BD
:107F1000828500200810100500009000C005A041D7
:107F2000A00004002000832000000004008401045D
:107F3000108484418409C000A000000040030000B8
:107F40004000400008000002A000080000020000FD
:107F50000003000284209004C00010098804040873
:107F600020210004200088089002092011840000CC
:107F700000050002880008000011000000840200D3
:107F80000090410204840400030002200002040463
:107F9000100002002010202000000040008408C0D3
:107FA0000000408803021040110041000020001131
:107FB0000002008300100940008841C000000590C5
:107FC00008C02184214005080340020003910008F5
:107FD00008004000414005400210210004021082C8
:107FE00080C00320208400C041891002104009C0D5
:107FF000000041A011A021080308008408024011DC
:10800000C003001004000809080008000990880354
:1080100089088403C01101001088082000090000AD
:10802000020400089011A000002000030400028850
:108030008804104100400000000800418421000035
:108040009021101100090000002100A1000510205E
:10805000084110000000C020C02085401000892089
:108060001000040000A101001002002011100800FF
:1080700000030003020400091009A00000204000D2
:1080800000A0110004820000000402002100000092
:108090004110211184108440030002004140092056
:1080A0000004000811840888902040C0108210202D
:1080B00021C0908580888200102010C000840010AC
:1080C00000000388028803820882031002840210E1
:1080D00010104140051002900200418441020384C7
:1080E00002C0110802A0401004A0212010840882C0
:1080F00003041100040004040482088811040382AC
:1081000020100021840001050000002100009000E3
:10811000880510080010212108080000A0098488A3
:10812000089088080021002184212091A0000403E8
:108130008491001120402000044100040000004010
:1081400008400000A0100021C011C000100821400C
:108150001108888010901000080210000008040028
:1081600082080103C0000005000091000880A010F3
:108170008204A000C00501100110C1028403044064
:108180009040900000038009000000000003910966
:10819000030000008083800909800080800311892A
:1081A0004180000080030009000000000083008976
:1081B0004000008005050909041141040000000089
:1081C000000000000000000000008000000011031B
:1081D000002000090002C01188104082C140034104
:1081E0008809C120881080A004852003104120093F
:1081F000200921082040108810038382408300005A
:1082000000000000000090019001020000009001B9
:1082100004012000000088839085C104000420919F
:10822000A005910400A0200100014000000020836F
:10823000408502820004C10191012101010000007A
:10824000000000000000000000000000A0009000FE
:1082500020010001200000002091080341A021839B
:108260000500A1010201400184050120911004C113
:1082700021880302209100C003830110034100C044
:108280000000000000000000A000900089008301B1
:10829000C02190008340C1890401000089028391BC
:1082A0000840900021409101004000000140010180
:1082B0004003900091A0A1894109880291400508DE
:1082C000009000000000000000000000000000001E
:1082D0000001C102A010A121A00408011003A108FF
:1082E0008901A19090008220892005104010040887
:1082F0008404A020C04041204009100402840905E4
:108300008200000800000000000000008000A100C2
:108310008309009000002180830900090000A180EA
:1083200083890080000021800309008000002180F3
:10833000030900040008210003092083218002C0F2
:10834000A00000000000000000000000000000008D
:108350000000000891C1890940880810C1208503E8
:108360000880401011050509400041002182C140EC
:108370000403C1A191858505C10502058280020221
:1083800084082100000000100000000000000080B0
:108390000309808300800280030900030000088035
:1083A00080098083000090000009800300004100E4
:1083B0004009000300008280A189808321212011CF
:1083C00020C0850300000000000000000000000045
:1083D000000000000000834021000509C002412088
:1083E00021021082914141090891020482C08984CE
:1083F00020A121042182C003A1824002A0C121400A
:108400002111A0A08241800005000000000000A012
:1084100000C0000188830002000200A10291000454
:1084200000C09001888300882088820920C18200D2
:1084300000000101020100400410080508830191B9
:1084400000A101858303000000000000000000007F
:10845000000000000000000005010000000009000D
:1084600000820840038502C103C0014000022005CC
:108470002010A00920891108A10810030505034157
:1084800001A1A003048505A0400000000000000039
:10849000010300820000008811881140900082C012
:1084A000838989A0040000C001020040010000206F
:1084B000018801A000000000918803200200202113
:1084C000090209C1080109200000000000000000A5
:1084D0000000000000000000000083C00320C10174
:1084E00004020241020285082140A0214008C00088
:1084F000040289840382C041890385028404080040
:108500000311830111A19100850200000000000009
:108510000000031100000000108003A00480000090
:108520000000839184008000000003C000800400EC
:10853000000003800400000000000391848080009C
:10854000802003200802834190800000000000008A
:10855000000000000000000000000000A008040966
:108560001002C18084C0820202850500008280055D
:1085700080048040408204850420A00588104002C9
:1085800085211040A12182A188210800000000005F
:10859000000000008182000BD00000002184000B4D
:1085A000D00000000688000BD00000001182000BF4
:1085B000D00000001182000BD00000002184000BCD
:1085C000D00000000A81000BD000825000000000A3
:1085D000000000000000000000000000000011008A
:1085E000000BD00006001100000B00000A00818182
:1085F000000BD00042008241000BD000420011006D
:10860000000B000000000000000B000000810000D3
:1086100000000000000000003C3C000000FF0000E3
:1086200000FF000000FF000000FF000000FF00004E
:108630000F0F000000FF000000FF000000FF00001F
:1086400000FF000000FFFFFF00083CFF00040000E7
:10865000000000000000000000000000000000001A
:1086600035FC3C3CBEFF82003C3C3C3FF0300050BF
:1086700000000000FFFFFFFFFFFF3DFF0C3C3C3C04
:10868000707A757F005F30000F0F00FFFF3FFF7FA4
:10869000000000000000000000003C3C000000FF63
:1086A000000000FF000000FF000000FF000000FFCE
:1086B00000000F0F000000FF000000FF000000FF9F
:1086C000000000FF000000FFDFFF00003CFF000093
:1086D000000000000000000000000000000000009A
:1086E0000000350C3C3CBEFF82003C3C3C3C003072
:1086F0000050000000001F14FFFF3DFF3DFF0C3C39
:108700000C3C202A252F005030003C3C55553F3F63
:108710007F7F0000000000000000FF000000FF005D
:108720000000FF000000FF000000FF000000FF004D
:108730000000FF000000FF000000FF000000FF003D
:108740000000FF00000000FFFFFFD708FF08000047
:108750000010000000000000000000000000000009
:10876000000000000000FF0003050300FFFF3808C1
:108770001010AA82F020FF20F5F5A0A0F5A07D7DC5
:1087800000A000A03CFFF0AA00FA00303A3A3A3AC2
:10879000B0A030200000000000000000FF0000003A
:1087A000FF000000FF000000FF000000FF000000CD
:1087B000FF000000FF000000FF000000FF000000BD
:1087C000FF000000FF00000000FFFFFFFF00FF00B0
:1087D0000000000000000000000000000000000099
:1087E0000000000000000404FF0003000300FFFF7E
:1087F000000010102800FF20FF207D287D28F5A014
:108800002828F03000303C00F0AA000A0030FFF0C9
:108810000F00908010000000000000000000C04722
:10882000C0FC31004903C0C7C0FC33B04903C0419C
:10883000C09C33004903C0C7C0FC33B04903C0C764
:10884000C0FC33B04903C0C7C0FC33B04103058648
:1088500000E403B9008000000000000000000000F8
:108860000000000000000000A0862CF0A3B80085E6
:1088700000860CE003B80000008600EC03B800009E
:10888000A08650FCA3B0000500860CE003B00000F9
:1088900000860CE000B000800000000110600000C5
:1088A000000000000000303045444140000000005E
:1088B000FFF0AFAFD7D73F3F000000003C1CFF5F89
:1088C000000000000000000000000020000005057E
:1088D000A5A5A5A5FFFFFBFF00000000000000000C
:1088E0000000000000000000000020000000000068
:1088F0000000AAA8AA08000000FFC3008230000FF1
:10890000005C2A202A20F3FCFBF4FFFFC020005C5F
:10891000005CC000300000FF08FF00000000000005
:108920000000000000003C3C0C0C050401000000AD
:10893000A2820F00A0A014140303000000003C3C1E
:10894000FFFF0000000000000000000000000080A9
:108950000000A5A5A527FFFFFFFF00000000000005
:108960000000000000000000000000000000008087
:1089700000000000AAA8AA0800001EFF0000823024
:108980000000005C0A0A0000F3FCFBF4FFFF00207B
:108990000000000FC000300000FF08FF00000000D2
:1089A000000000000000000038380438000000001B
:1089B0000F005C00FF3CF3F3D7D73CFF0000000042
:1089C0007FFFFFEF00000000000000002020DFFF1D
:1089D00000802000000000007FFFFFFF000000007B
:1089E0000000000000000000000000000000000087
:1089F00000003D3D3DFFC382008200FF00FF0000FC
:108A00000000002800280082F300000000003C0065
:108A100000007F3FFFFF0000000000050A0F00007C
:108A2000000000000000000000000404003C000002
:108A3000000000005C00C3003030141400C30000CC
:108A400000017FFFFFFF00000000000000000000A9
:108A5000FFFF0000200000000000FFFFFFFF0000FC
:108A60000000000000000000000000000000000006
:108A700000000000050505FF00C000C01CFF3CFF12
:108A80000000000008088A8A00823000824200004C
:108A900030B230B25F0FFFFF0040001020202020D6
:108AA00000000000000000000000000000000000C6
:108AB00000000000000000000000000000000000B6
:108AC00000000000000000000000000000000000A6
:108AD0000000000000000000000000000000000096
:108AE0000000000000000000000000000000000086
:108AF0000000000000000000000000000000000076
:108B00000000000000000000000000000000000065
:108B10000000000000000000000000000000000055
:108B200000000000000000000000200400400040A1
:108B300000000590400020C00400210000088208C9
:108B400000400010004000402000092084018801FE
:108B5000202108104190040004A0040020000440DB
:108B60001104A004A005A005A005000004108400C5
:108B7000042011001100200021000201000120004A
:108B800020000400049004000400840190000420EC
:108B9000040280041104000011000000A0880000FD
:108BA0000400040200400284048804004080008025
:108BB00000800400000084000000000000000000AD
:108BC000030000800000008000800000008005207D
:108BD000091000A02100000000000000910090009A
:108BE00004800080218021842184218400C00080B1
:108BF000200000000000000001009000050400407B
:108C000000000400400000000400040002400400D2
:108C100000800000048000000000A00000000400AC
:108C2000000001000080A00000040000C00004005B
:108C300088108241A040000080000010A10020A008
:108C40008020844020210820081004108020052165
:108C500080018911800920A185A08590000400046D
:108C60008010A0108405A005A005A005A0050000A7
:108C700080081002044020A0050220111000A00866
:108C8000000100010009000000A00500020000082A
:108C90008000800090000000000800C1050104056C
:108CA0000400834000000008002000200440040469
:108CB0000141041003C005A100212010001020086C
:108CC00001200280219001400490001001100490C6
:108CD00082A004200890040801042010402184A1EF
:108CE00090832000212005A021842184218441C07B
:108CF00000002000A1800021C100888805C0A110CB
:108D000005000020002000C000210000000021001C
:108D10000000400040002003000808000020000878
:108D200001C001100400000090A004800480010034
:108D30000580001009A180100008400040090010C3
:108D400080100409800000A0024000100084000090
:108D50001004800284210510840188C1004102852D
:108D60000208021009A080C180880405A005A005A2
:108D7000A0050000410241908304028480A00410F9
:108D800080A00003091000020010002004910004DC
:108D90001088800900208002418440100310411097
:108DA000001000020088008808102104004010888C
:108DB00010021004001000040210000084002010B3
:108DC000901002210120040000000190001000100A
:108DD00010000885048004A000880920090200C052
:108DE0000104830001410010044004000584218433
:108DF00021842184000000000021200009210400BA
:108E00004180040000400409000010898480112082
:108E10008208100002A0C0020408102120000800EF
:108E20001008100000804009100200080010001017
:108E3000840200000008411004008410808890849F
:108E400021008810208440000004009002004000AF
:108E500000904008A00104210400020284200300C5
:108E60000021000000200982020080412041A0056D
:108E7000A005A00520210000100490029002080225
:108E8000414000040400C10410844104102010403B
:108E900041080400102010020300410000201000CF
:108EA0000000800002000000000010080088048418
:108EB0000500102010211000102183100310040061
:108EC000200500212010000020100080C005410274
:108ED000C01000088490414001A08341A1A02180DE
:108EE000880520A082058280C005081102C0218467
:108EF000218421C0058411840000C100048910046C
:108F000010400202108084000280C003C0A01082C2
:108F1000408000410911C08000A10040200040C0F5
:108F20002000000402000800081090000000A000CB
:108F3000C100104110841084A00000100000000344
:108F400008408084800041104184020021410820B3
:108F5000090808102010401021A021402020801076
:108F60000488201002001010080003C000009100C7
:108F70002005A00485058089850900000800058278
:108F800040400800410420204140411005C00340FA
:108F900041202010100203000308908500C09010AB
:108FA00003888302038941020003100800020410B1
:108FB0000008002004020010208400100005400872
:108FC000000400100205020000100000002100084B
:108FD000A0900000000000000008000000040182D2
:108FE00020002020008011039105040000210003CF
:108FF000200085042103208440202004000000007C
:10900000000810900200C009C110100000000821E3
:1090100010A10880840010C0A0000082024010054A
:10902000020408030200102008000220C00000080B
:109030002000108300801000000000000800404065
:109040004140028305841184058282A000042188A6
:1090500004A09140902000A080100810000841A1B9
:1090600040844085402090852140800809A04141EE
:10907000848841C1A0209105A085800403040000DC
:1090800008C021A089A080110300418803C009C045
:109090000340C188020810080404031008C1050138
:1090A000040804A010104105000000A004400000C6
:1090B00003104120030211104002110811824011D7
:1090C00000100409C14000100010000902100490B3
:1090D0000010041110020389A02004030010C080B6
:1090E00010040000081008A1040288400400C00811
:1090F00010040508024005904084050420C184C086
:109100000000A104104102400420100010110208C8
:10911000C00420910200000288840005008584209C
:109120001020010084218400402000110000A18053
:10913000882000000020821108040808A0838441D0
:1091400000200003000921000000000303090800BB
:1091500000800421111189102102C04000204040EC
:109160000311039000C08083844088039084080228
:1091700040210000050903800000000300090000F1
:109180000000000000890509028984082189210462
:109190009109090903842110C00941034008800393
:1091A0001140402103034083C120031041080810EF
:1091B0000209A0048304910208C1408508C08820E8
:1091C0001041118420010401210090000011890345
:1091D00000042008200008008200000104010401AE
:1091E000100088008883004140040441820320A1CC
:1091F0000503002020A001A140C00010009100053F
:10920000109000400000884082830508C0A089C0FB
:109210004089C02090892182A14021020340090198
:10922000A000200101008909020904894102A0006F
:10923000C1000800C1010982A08840A001C000103F
:109240008241890540090110880188904109880000
:109250009100A000C1820103890140A041080911C9
:109260000884C102C0848989840991109000020594
:109270000200204082041010880005888989880334
:1092800040090504410500000800092008098388F9
:1092900001210001001001044040C1000410100130
:1092A0001004110503210400C00202090920090469
:1092B000C110A084A1114104829010018902908301
:1092C000100010004000839108850020000003403A
:1092D00000112100800083C110081021030041A06B
:1092E000902003211041081089A110824089820832
:1092F000802080008080801100848000210083090C
:1093000000040009218003090000000820800004F7
:10931000C00508C04009048009002180A000910018
:10932000A105028004C10805401010C110410304CA
:10933000038308A0112121C0090811108404A08012
:109340000288050410004000020900802000058901
:10935000000300000000110900831121200810887B
:1093600091881008098821020940C00983C1900032
:10937000218500C00311089080838000C00005890A
:10938000000300000380090900830080212189C0B7
:109390000382008340058390004083834111048849
:1093A0004008419102020840000202838821418462
:1093B00089830403020440C12003020802820040A2
:1093C000C190C140208290111009834000080082A2
:1093D0000109201100828440A0890083A0C101C13D
:1093E0000085044101910021002110832000884064
:1093F0009000908920401090A021400302C00800F6
:10940000C085000100C0822083A110A1008000A1BE
:10941000898810098408A008A1030211208301C0D3
:109420000205A11004A000C000A10041208310A1EA
:1094300002104085840320900004008820900010D2
:109440008810C1A11091000920088909884011885D
:10945000C1900000080091089020200008A190020F
:1094600090219020A001C0A00490044041A0820956
:109470004011A10189888421A0048200A0088220D3
:10948000C090900040908511C040108490C0008032
:109490008541880410008811840088A0C002200043
:1094A000A000C021C0C00020010301000101001084
:1094B0008501A110890840A004010588100040A181
:1094C00089418908A0008882100040900401A0848E
:1094D0000380040000008000034000000000111021
:1094E0000000000400888010029189040340A1005C
:1094F00091038841821191009190050010000500B0
:10950000008000000000000083A0000080800003B5
:10951000008089048980A100800584000809A1C019
:109520004100001100020040000210A02110104074
:109530000290834003042091900940038200092196
:1095400003082182904185080000800900058003FE
:1095500000001182000BD00000000A50000BD00068
:1095600006501182000BD00000812141000BD00079
:1095700000000042000BD00006000A50000BD00093
:1095800012008182000BD00000001241000BD000BD
:10959000000000001200000BD00000000060000B73
:1095A000D0000A001100000BD00042001200000B96
:1095B000000000001200000BD00012411242000B0C
:1095C000D00042008100000B000082810A50000B95
:1095D000D0002182FF000000FF0000003C3C0000A2
:1095E000FF000000000000006030F000F737F434A6
:1095F000FF7FFF3FFFFF7F7EFFFF000000000003B3
:109600000000000000000000FF000000FFFF00005D
:10961000FF00000000000000000003030000000C39
:1096200000000F0F66FF00000000FFFFFFC30006F1
:1096300000069999460400000000000000007F1F0A
:10964000791990009000FF0FF000272727270000CE
:109650000000FF01FF00FF000000FF0000003C3C95
:109660000000FF0000000000000060300000C7079D
:10967000C404FF7EFF3CFFFF3F3CFFFF6C6C00001B
:1096800000030480004000000000FF000000000014
:109690000000FF00000000000F06000600003C0074
:1096A000000C00000F0E66FF000000007F7F7F436C
:1096B00024662400000000000000000000000000FC
:1096C0007616701019191010FF0FF000FF3CC30040
:1096D00000000000FE00FF0000000000000000008D
:1096E000000000000000000000000000000000007A
:1096F000000000000000000000000000000000006A
:1097000080100000000000000000000000000000C9
:109710000000000000000000000000000000000049
:109720000000000000000000000000000000000039
:1097300000000000000000000000C208040000104B
:109740008861000000000000000000000000000030
:1097500000000000000000000000000000FF00000A
:109760003C3C000000FFFFFF0F0FC004C0C4434398
:10977000000360606F6F300030C300607E00000047
:109780000000000000000000000000FF00FF0000DB
:1097900000FF000000FFFFFFFF0000000C3C000086
:1097A000F0F00000FFDFFF0F0000DFDF003CFFFFF5
:1097B00008090E09000024BD00008181000000009E
:1097C0000000000060F960F90C00FFFF6600663CD5
:1097D0000000707990BDF6BDFFFFFF36000000FF6E
:1097E00000003C3C000000FFFFFF0F0F000400C41E
:1097F00040400003303F303F240024000060180048
:1098000000000002000000000000000000FF00FF58
:10981000000000FF000000FFFFFFFF00000000301D
:109820000000F0F00000FFFFFFFF0020FFFF003E00
:10983000FFFF08000E0000006060203820380000A4
:109840000000000000002424BDBD0000F3FFC000A4
:10985000C000000010199024F62400000036C0C794
:10986000C0FC33B04903C0C7C07C33304103A0867D
:1098700050FCA3B0000500860CFC03B00005A184D9
:109880005294A0980005A18600FCA3B90005A0860B
:10989000C0FC33B04903C2C7C1FC33B4410300006C
:1098A00000860030A3B00085008670EC00B900008F
:1098B000008600F003B0000000860CE003B9000051
:1098C000008600F003B2001000860CFC03B000001C
:1098D00000860C80038000000086009C038000004E
:1098E000FFC3FF413DFFFFFF5182108200280000AF
:1098F0000000FCA0000014143030A0A02030213162
:1099000069FF8080FFFFF0F000000000FFF2FFF32E
:1099100050500000140014007DFF7D500C3C3C3C76
:1099200000003D04390000001400FCFCFCFCC3C333
:10993000CFCF00F0000000000D000000000010106C
:10994000C0C0FFFF003C05FF00FF00F0AAFA282876
:109950007D7DFF00FF00FFFFDFFF3CAAAAAAFFFFFB
:10996000FF7FFF82FF003DFF3DFF51001000000020
:10997000000A00000CA000008414F0000000001099
:10998000011169FF8080FFFFF0F00100000000007E
:1099900000002A202A20140014003CFF3C500C3CFC
:1099A0003C3C00003F0C330000003400FFFFF5F0AA
:1099B000C3D7CFCF00F0000000020000000000007D
:1099C00000300000FFFFB42800FF14FF3CFCBEFE87
:1099D0000A5F0A5FFB08FF0000000800F0AAAAAABD
:1099E0000000000200000000F0000000FFFEFFFA8F
:1099F00000000000000000000FFFFFFF000000005B
:109A00005FFF7FFFF000BE0000003C3C0000000054
:109A100000080F0FFFFEFFFA0F0F331BFFFFFFFFC2
:109A2000000000000000FFAA00AA1F1F1F1FFFFF69
:109A3000AA0000000000505050007F0F7F0F000070
:109A40000000FAFAFAFAAA28820041C145C50000CE
:109A500000000045006DAAAAAAAA00FF00FFAA3CC8
:109A60003C3CFFFFFF5C00000000F0000000FFFC3A
:109A7000FFF001310D3D000000000FFFFFFF00006F
:109A8000000055FF7DFFB10041001C3C1C3C000064
:109A9000000400000000FFFCFFF00F0F331BFF105D
:109AA00010103D003DFF000003AA00AAFF1F1F1F6A
:109AB000FFFFBA3000000000000010100F0FFF0F72
:109AC000000000000000003C404040400080048452
:109AD000000000000004002CAAAA3AAA00FF01FD21
:109AE000F03C3C3C0000005C212004080500040020
:109AF00000001140A12084080008840000A084C058
:109B0000020000010000218900200400210502005C
:109B100000110000000020000040000000040400CC
:109B200004040400002004000000000004000004FD
:109B3000040020000004200000102100412000004B
:109B4000040008000400090004000000048800006C
:109B50000408802000000000802003001100110094
:109B600011200484040020200400000000000000F4
:109B7000010000002080020004000000040000003A
:109B8000040001210010000000400080000000A03F
:109B90008200009000000040A000008004000080CF
:109BA0000800908001000000050000C04000910006
:109BB00090000500010000C00100000008000080C6
:109BC000000000000400A000A02020000000000011
:109BD0000000000004808800001004C0C0000000E5
:109BE0000040A00009000000C1000000C10080206A
:109BF00009088488000204C0002180000300852039
:109C00000090048809900808201185000082002037
:109C10008088008202418000042080A009010400A5
:109C20000901000800000001000100000000000020
:109C30008002000000020000040085000510000002
:109C4000040008090801C000000000200040400096
:109C50000002000200910003402040A040090002E1
:109C600040000091001100C08008001000900441E5
:109C70000404004102400010012100902040A01186
:109C80000410A011012084040009001020100040DD
:109C900000100200820591C02010891120100020C0
:109CA000C1110020009100000004200440210000A8
:109CB00000004008001000800010010902000008A8
:109CC00000000100004000080540844000210080A1
:109CD0000121108000A1004020A0011001100120EE
:109CE0000291A120080200820021082000910210A8
:109CF00000C04010800000A00510210021100300CA
:109D0000801000A000040900008200400502040049
:109D10002008840800400408031100880384050219
:109D2000200000000010841080008000201000043B
:109D300000000082000200880488A09020030340F5
:109D400002080000000400900090109003400202FE
:109D5000000202A009008808051004000840104015
:109D60002020410210820884101000004082001060
:109D70004084000308110200000040100200081196
:109D800000412010A003A0110210820300038241B1
:109D90001100112103008888C12188400020101182
:109DA000000301008800840203211000400021000C
:109DB000A0820000000840804000092111400920D5
:109DC0000009088000020811004008080000048013
:109DD00091C1C084040304100200202110109020BF
:109DE0002082C0A18200881102108421101000106E
:109DF000820900210085000404830088111100C03D
:109E000010000240052020210089112003200304B6
:109E1000020403200088410010201089A040410066
:109E2000800010900090100009052121029005008B
:109E30000284C008000000C00090410040110008EA
:109E40008400A10040400500080021002188110085
:109E5000090241902000910004400400040204A083
:109E6000110002080410A00084C084108000851036
:109E7000C005C0038203102008A101200820002093
:109E80008441020582890011000482040021040338
:109E900000C18280A000004120410080A0400980D4
:109EA00090002003040000000420888208041009A8
:109EB00008050800048900000000040910210008BA
:109EC000842105102010118084040000824040008D
:109ED000840000A0002100090410858085400980CD
:109EE0009102201000000180080909100984040073
:109EF000208009A021A020A0041020A00884001028
:109F00000002900011000410080204C04110040077
:109F1000414040024100408421C0208200100808D6
:109F20000202020040A083080900100420C0412062
:109F300000044102C020080000002010202004027C
:109F40001004402084001108400440000410400424
:109F5000412000104100211004020500008404008B
:109F600000840002090209002002090800C0402004
:109F7000090008021084080841880003A0080000B6
:109F80000200002104004000840300210940020374
:109F900001038820880404080400A00005040021AF
:109FA00010000103850300210204840011880000D1
:109FB0000080000000041002A0080000000008005B
:109FC0009004840540100500A00321A0081003039D
:109FD0004009000200020011A0000110200220022E
:109FE00020020004C0082009084090000410200549
:109FF000000210050284022110218800844002849E
:10A00000008305018210001189820020004009A010
:10A010004010800020900084100041900008110042
:10A02000008420840240400003C0418208821088DE
:10A030000082004000100910020040020000119050
:10A0400010880920100902880000219000890290E0
:10A05000020841841190030004100490408441C020
:10A0600041A00310040000200390000040101020C5
:10A07000040402A1A184C18980014182890920A12F
:10A080000100900400042005900420004080200579
:10A090002005884104051111840008004000844017
:10A0A00000000004A11101801008A00300080004B2
:10A0B0000420900820082000880002008821000069
:10A0C0002020200020400088881188000000C00265
:10A0D00090032000C0210241000001218908820074
:10A0E00000028800880000004090C0008441840580
:10A0F0000085880090200808082004020409201028
:10A10000000380099000008000030409090000009A
:10A1100000834009040000000083858985000080D9
:10A12000000340090400800080038809218080002A
:10A13000C00890C0050410039000888011008400BE
:10A1400000004041C18804908341088088000200DB
:10A1500020802189091080A14010000341839000D4
:10A16000008000030000C108000080030588820011
:10A1700000000083880404000000088304C18410E8
:10A180001121002102A1110800102001C00141008D
:10A190000002C003C08901A00040008303112040D9
:10A1A00000C020018501C0002000040905910104C0
:10A1B000C0004109A084084088C0A18840080082EE
:10A1C0002008000001908209008520032104A004DA
:10A1D00000A0010440820085C0A001210091000878
:10A1E00020C0002004018400A00100008805A18493
:10A1F00005820010908309A1098400080883850363
:10A20000098284A0C0042000212021090208040042
:10A21000911089C1000040002102C18382414000A9
:10A22000059091830202200009C0C111A00008001E
:10A230004000831001900090012100C0410110C135
:10A24000900403C10000A000C001A0030440C1218C
:10A25000C00811C1C184200309C0A10282110040BD
:10A26000A001110011C0C008C000040283088800CA
:10A27000A000890011008201C00009848308090838
:10A2800085841101830400800000218003898009F6
:10A2900080002180038900090000A180830900104B
:10A2A0000040210003898008000021800389800389
:10A2B0000900800083081104040502C109852040BB
:10A2C0000502052003C00000891010208884114178
:10A2D00002A002A18541102188A002C005801010B3
:10A2E000008400081000038000800000110083211A
:10A2F000800000001000030000030000A10083A004
:10A3000088080800822083100000210000098003D3
:10A3100000804100008900838080888080898003DC
:10A320000080000080090083008010000009800385
:10A330000000008003090083C00908914109112031
:10A3400080218840A1A0800800000211009102C174
:10A3500000850002801088C1008800400003912120
:10A36000884000008400108300830080048003087C
:10A370000003000080C0000080030000000004080B
:10A380008083408500C100080383081020882005D1
:10A3900040C100100010000384038210C0C08285F9
:10A3A00088C10040C00484218883A010000800A157
:10A3B00082890090004000030009C020C1A002086B
:10A3C000100908888904A08440090000010888C099
:10A3D000A0851005401040A1A1100441000000001C
:10A3E00021009000008240A020A004410090004085
:10A3F0000011020500A0C0C0020288890008C082C6
:10A40000830510831140040904408983038989402E
:10A410004000A004418805900800820885008890CB
:10A42000080041C08921C0400300C021218809A043
:10A430002000A0900588030804881091080240A01D
:10A440002000050085000910880010200000840805
:10A45000848811001084098509208201C010838539
:10A460000501A001C0C020848400A00004A0110048
:10A4700008000000100883014000C010408883C01D
:10A480000400A00008028300A009C100200483C0CA
:10A490008400800000000389040080000000830025
:10A4A00080000000100003830000840000C10383CB
:10A4B0000480000000008383048000000003830008
:10A4C000C11020110240A14040831103840000000C
:10A4D000C10041C010038080A088094003100380A0
:10A4E00008A08804212108000085000000008000E9
:10A4F000030980000000208083038000408080806A
:10A500008390800091000084830888A00841100097
:10A510000A50000BD00000001182000BD000000098
:10A520001188000BD00011880081000BD000068438
:10A530000A50000BD00000502182000BD0000048D0
:10A540000681000BD00000001242000BD00000007A
:10A5500000004100000B000006001182000BD0003B
:10A5600000000600000B000000000000000B0000CF
:10A5700000002100000B000000001200000B000092
:10A5800041000A00000B000041000A50000BD000FF
:10A590000088000000FF000000FF000000FF000036
:10A5A00000FF00003C3C000000FF00000F0F000017
:10A5B00000FF000000FF000000FF000000FF00009F
:10A5C00000FF150015A07D7FFFFF141414F4000593
:10A5D0000005000005000000141FFFFF0F0F000220
:10A5E0000000FFFF0CFC0CFCF0F2FFF2FFFFFFFF8E
:10A5F000FFFFFF00FFFFC3C3FFFFFF00FFFFF0F0FF
:10A60000FFFFF0F0FFFFF0F0FFFFFF00555500FFE8
:10A61000287DAFAF000000FF000000FF000000FF3A
:10A62000000000FF00003C3C000000FF00000F0F96
:10A63000000000FF000000FF000000FF000000FF1E
:10A64000000000FF100010A07D7F7D7F1414141403
:10A6500028002855000005000000141F141F0F0FCC
:10A66000000A1C3CFFFF30303F3FF0F0FFF0FFFFDF
:10A67000FFFFFFFFFF00FFFFC3C3FFFFFF00FFFF60
:10A68000F0F0FFFFF0F0FFFFF0F0FFFFFF003C3CB9
:10A690000F0F287D0505FF000000FF000000FF00F0
:10A6A0000000FF000000FF000000FF000000FF00AE
:10A6B0000000FF000000FF000000FF000000FF009E
:10A6C00000000F0FFFFFFF20FF00FF3C0000000015
:10A6D00000000000040000000000333000400000D3
:10A6E00000000000F000F0B0AFACA3A0FF28F0F035
:10A6F00000FFFFFF00FFFFFF0F0FFFFF00FFFFFF47
:10A7000000FFFFFF00FFFFFF00FFFFFFFF00000053
:10A710007D28FAFAF0AAFF3CFF000000FF000000CD
:10A72000FF000000FF000000FF000000FF0000002D
:10A73000FF000000FF000000FF000000FF0000001D
:10A74000FF0000000F0FFFFF20200000FA3C000078
:10A75000000000000A0A00000000000003000000E2
:10A76000000000000000F000F080AFACA3A0FF28C4
:10A77000000000FFFFFF00FFFFFF0F0FFFFF00FFC4
:10A78000FFFF00FFFFFF00FFFFFF00FFFFFFFF00D5
:10A7900000007D285050F0AA003CC0C7C0FC33B078
:10A7A0004903C0C5C0FC33B04903C0C7C03C3190A9
:10A7B0004903C0C7C0FC30904903C0C7C0FC33B0D8
:10A7C0004903C0C7C07C31A04103A18650F4A3B89F
:10A7D0000005A086503CA39000A5000000860C2038
:10A7E00003900080A086523CA3B0000500860CA018
:10A7F00001B0000002C601E00084494002C701E048
:10A8000003B4494002C701C001944940024101809C
:10A81000030451400800049C03020010FFFFC3031F
:10A820001400BE0054540A0000CF0041FFF000F0B5
:10A830000A0F1E1FDFFF000353503CFF00000CFAFD
:10A8400005F5303031113010C0C3404000FA000A25
:10A8500040C043C0FFFFFFFF0F5FFFFF0000FFFF8F
:10A86000FEFC7FFFFFFFF0F0F0BC00003C3CFF006F
:10A87000FF3C00000000FFC0FFC0000140413C3C25
:10A880003CFFF0A03C3CFFFCFCFFD0F0F0F0FCC033
:10A89000BEBE2D2D55FFF5A07D7D3C3C5555FFFFDF
:10A8A000C000000A000A04040A00000C0041FFF87E
:10A8B00000F80A0F0A0FDFFC00005F5F3CFF00009A
:10A8C0000C0A00000000210120000003404030007D
:10A8D000300040004300FFFFFFBA085DFFFF0000AB
:10A8E000FFFFBE3C5FFFFFFFF0BCF0BC081C081C74
:10A8F000FA00FA3800000000FFE8FF300001404194
:10A900003C3C3C3CF0F03C3CFFFCFCFF10F030F0E9
:10A91000FCC082822D2D00AAF5A0282800FF0F0F71
:10A92000505028280F050C0000003C3C5F7FFFFFC3
:10A93000FBFBD3D3AAFFFAFA003C00FF2000200063
:10A9400000000000000080040000F0000004FFC3CD
:10A95000FFFEFFFA00000000F8F8F8F8555575758D
:10A960000000FAFAF8F0141F1F1F3A3A3A3A20A5ED
:10A970000005FFF0300000800080AA822800005F00
:10A980000000000000000004CFCF5A585A50F0F0E9
:10A99000000FFCFCAFA0C3FF17173F3FFA0A05F5F5
:10A9A0003F3F5500000000050C0000003C3C0F3FFD
:10A9B000FFFFFBFFD3FFAAFFFAFA003C00A0200034
:10A9C000FFFF00000000000000000000F000000099
:10A9D00055FFFFFCFFF00000000028F828280414B1
:10A9E00034340000FAFAF0F0141F1F1F0A0A0A3A62
:10A9F00000000000000F0000080802024040404034
:10AA000000500000000000000004FFC75A5A181848
:10AA10007070000F0C0CAFA0003C17173030FA0A12
:10AA200005F530304084040004000000A14104908A
:10AA300041A0040000100200200204400020410058
:10AA40000000020004100000210040200000210846
:10AA500000000000000000200400050000002000AD
:10AA60000000200000000400040004042001200075
:10AA700000002000000021A021C0032085008008E4
:10AA800004002001044040000020000004002100D8
:10AA90008000049011042005201020040808000004
:10AAA00004080210841000000000C000000004C070
:10AAB0000000020020000000010010004180008022
:10AAC0000000000091000000100000210080000044
:10AAD00000000000000020000080000020000000B6
:10AAE00001000000010000C021000100C180004001
:10AAF0000000C000100000000000000004804000C2
:10AB0000040090001110200000000011C000100887
:10AB100004002010000082800484040000800100F2
:10AB200082040000010004210408000884080410C5
:10AB30008241800880010402080800040008A0C0C7
:10AB400080A0802000208000410420C020042082BA
:10AB500000041082901000820000000000820001BA
:10AB6000000000820000000000000001000100025F
:10AB70008001000080008000801000C04100208320
:10AB80000082800080400000000000000000C11032
:10AB900080000000800080008008000800000004A1
:10ABA00000C0801080008082200801100410050879
:10ABB000012005C020102040011040090005C002FE
:10ABC00004212008200800A1044100900110012068
:10ABD0000108008804082000001000050020A000E3
:10ABE000000400082000000400030000000400042A
:10ABF00000080404000802000441040800100000DA
:10AC00000120200040114088001000200000002199
:10AC100004210400844104102000042100100008D5
:10AC200000A00010088020102021010010041190C5
:10AC300000020090824182A0800800840508000084
:10AC40001108C120020000830290040802090409CF
:10AC50008504041041A111820808C008040880205E
:10AC60000009052000000002830000000000100120
:10AC70000011000510854009002088A0C0020000D6
:10AC800040A08884104021404000C10105400210CE
:10AC9000400003A004049188408202904088C004D0
:10ACA0002011C010800140084003400204A082919E
:10ACB00020212009001021C0052004050003000008
:10ACC0008410040920C0C00000201010881000402B
:10ACD00000200441022120202008820002212003BC
:10ACE00002009020C0894000001002031004000000
:10ACF0000040824010081008008800402000218099
:10AD00004021094120020890A00908000810C088CD
:10AD1000A00200410000001120200005400904416C
:10AD20004008852040404004040502C0C0210109BC
:10AD300020000000002004208240030010200408AE
:10AD4000200120000240100141000200009000118B
:10AD500000011000082004081020020840201009FB
:10AD600009204005C00484040000100205100010F2
:10AD70000000020000008010000091040504200083
:10AD8000040409040000A08210002000A041081162
:10AD90004000C000C0104000C00000084120412019
:10ADA000030010018201000008000204020010826A
:10ADB0008001040300410405C09103909008849130
:10ADC000C1111140012000808440C01021080005FD
:10ADD0002020042000022088000800880108008844
:10ADE000002000840020040408080400A003A02020
:10ADF0000000000000000000100400001090A0807F
:10AE0000002100000009400921110110000020C0AC
:10AE10000590010005000500C10021009010008987
:10AE20008285000000200410880801034091000979
:10AE3000880804200084080402044008820841C0F5
:10AE40000500202005A002001000021100400000B3
:10AE500000001082050000201010020800000320EE
:10AE600004200008098809000010100002020420D4
:10AE7000418220000000000904084109100004027A
:10AE800004032000A002030000100488030508202A
:10AE900020400300090208C0200000044188400847
:10AEA00000C02000401005100311108400208240D3
:10AEB000890020858088002000800590840503009B
:10AEC00020088403C02100020140000041200080CE
:10AED00000030008000000210011000501054010DA
:10AEE0004080100000030211C00808412040820584
:10AEF0000000000588020000C0C0C09108888804D6
:10AF000041201188C0114085C021000084200440E8
:10AF10000480A002001000008400A1080005820047
:10AF200011058808040821050485028204020088AE
:10AF3000401002000802400302C000910482031086
:10AF40000240C0080020208441840090A000000836
:10AF5000032041A083208984008520844182212010
:10AF60002008C108A10804200010058840088204B8
:10AF700041108808049020080000084020000008C4
:10AF80004084A0842010A001C00304C0820490105B
:10AF9000900004202011204003011084108810002C
:10AFA000081021A04000400400A0802010908020C4
:10AFB0001020208841402120418990051020400523
:10AFC000900401900408002001000000820020008D
:10AFD000000000C1900020002005042000000000B7
:10AFE0008889C0080400040821000011100304042B
:10AFF0000584040004200421880300000080000070
:10B00000008000000210000002081140000004400F
:10B010002010020003800040889108040000000016
:10B02000A0000021000801080121400808A19000AB
:10B03000088304890208028390100220000310098B
:10B040004100000000038509200000808003800982
:10B050001180000000830009100000008003100927
:10B0600005000000000389090800800090038505A1
:10B0700002051108038541828002090800009183BE
:10B08000A01120841009C0838008000811104120FD
:10B090000020402085030283C004824110110083F8
:10B0A00040001180000000034100C00000088083C0
:10B0B00090008400000021030000110000008801BE
:10B0C000210121000000A0910289C100002004C1DB
:10B0D0008289884000C0000588C111A0009040917D
:10B0E00089914090000204011101910002000500C5
:10B0F000A00041010000401100C040090103000010
:10B1000004C02088891100028921028520020000E4
:10B1100004018401010120000383A0A0022040005B
:10B120002041A10882C0000200010200830000014A
:10B1300004830908C11020020101900000000000F2
:10B1400090108500028285830410100040C0851095
:10B150000800C10040000541A0050400024009109C
:10B16000100385000208A1C10204A184A0400311BC
:10B1700001050811400582410201A088912009C003
:10B180000000110590084010200405C182080288C3
:10B190000100080010828841848809009088A0106E
:10B1A00041048200A000A01003A004008201C0405E
:10B1B00041C182008802A09083118891A0010210F1
:10B1C00083000004C100800083098008000800801B
:10B1D000838080114100000083890041910000803C
:10B1E00083808010C10000800389000041000000BE
:10B1F00083894008092102410983C01040A105400C
:10B2000020410000114003100403412190030482F7
:10B2100091800304C109C10589838000A040041006
:10B220004184830800020010000003048002002013
:10B23000008083A0030200A1000083900040000270
:10B240004100830900001000000980030000028013
:10B25000038900030080008040890083000084008F
:10B26000008900030000020085898003008003003C
:10B270000589808305C10488208520081010800876
:10B2800080100911008009100905408883101020E2
:10B290008084C1889011024100414189200540A06D
:10B2A000040402C183039011008009000003000818
:10B2B0000080200080839000002021000083C100D6
:10B2C00021001000000300A00088008982210020D6
:10B2D0000140000908030002040208030011009065
:10B2E0001040C08504890082C0A011214089000857
:10B2F0000182010982410009001101050491010048
:10B300000401820140000080A021A004088504906F
:10B3100020C102C0040588A101110004001020A171
:10B3200084C1008801A020910908A00482100003B4
:10B33000A021000401100411418884C002C00083D0
:10B340000988004000080021A18991109000C09058
:10B35000218809042000A0408388C1209000900229
:10B360000921048488004041038803A09000040858
:10B3700011022084C02002A083200891100005053E
:10B3800085408508C00091020080892108C0101105
:10B3900011A0C011884004830588C1008920059050
:10B3A000401091200982084088A10888A0080289DD
:10B3B000C0A00304C004830010108388881082207A
:10B3C0001082C1000888C00010A003830480000020
:10B3D0000000838904808008008003A0040000002E
:10B3E00000808308090000000041839084800000F1
:10B3F00080008385000000008000A080C1028310CF
:10B400000591A105419184100800008008838941BD
:10B41000C1C0A10008038988898291002009A01079
:10B42000200983020385A191C11005400088000016
:10B430000988008003020091100080808302008050
:10B440000000800003008000050080000A50000B0F
:10B45000D00082821182000BD00000001142000B4C
:10B46000D0000A001242000BD00000001182000B35
:10B47000D00000001242000BD00041820681000B78
:10B48000D00000484188000BD000008800001181E6
:10B49000000BD00041000042000BD0000A60820087
:10B4A000000BD00000840600000BD00082000000DA
:10B4B000000BD00000000042000BD00000841150AF
:10B4C000000BD00000000A00000BD0000000FF00BD
:10B4D0000000FF000000FF000000FF000000FF0070
:10B4E0000000FF000000FF000000FF000000FF0060
:10B4F0000000FF000000FFFF0000FF0000003F39D8
:10B500003F303F3FFFFF3D3C3C3CFFFFFF2F000033
:10B5100067666666FFC7FFFFFF00FF006600660004
:10B5200000000023BDBF999F000000000000000044
:10B530000F0F0F0F3C3C00000F0F00003C3C0000C1
:10B54000FFFF00000F0F00000F0F000066660000F5
:10B55000FF000000FF000000FF000000FF000000EF
:10B56000FF000000FF000000FF000000FF000000DF
:10B57000FF000000FF00000000000000FF000000CE
:10B58000393930303F3FFF6609000000FFFF2F2FA1
:10B59000000003000000FFC7C7C7FFFFFF306E0CAD
:10B5A0006600000000203C3C00000000000000009D
:10B5B00000000F0F0F0F3C3C00000F0F00003C3C41
:10B5C0000000000000000F0F00000F0F0000666673
:10B5D000000000000000000000000000000000006B
:10B5E000000000000000000000000000000000005B
:10B5F000000000000000000000000000000000004B
:10B60000000000000000000000000000000000003A
:10B61000000000000000000000000000000000002A
:10B62000000000000000000000000000C20804004C
:10B630000010886100000000000000000000000011
:10B6400000000000000000000000000000000000FA
:10B6500000000000000000FF0000F0F0000000FF0C
:10B660000000FFFF000000FF0000F0F0000000FFFE
:10B670000000F0F0000000FF0000F0F0000000FF0C
:10B68000FFFF0F0F00000000000FF0FFFFFFFFFFA4
:10B690007CFFFFFF0000F0FCF6FE60FF7CFF000077
:10B6A00000029918FFFFC7330300081808180000AC
:10B6B0000000000000000000FFFF0000FFFF00008E
:10B6C0003C3C000066660000FFFF00003C3C0000C0
:10B6D000FFFF000000FF000000FF0000F0F000008E
:10B6E00000FF00000000000000FF0000F0F000007C
:10B6F00000FF0000F0F0000000FF0000F0F000008C
:10B7000000FFFFFF0F0FFC7EFCFF6C6C6C6C3EFEBD
:10B71000FFFF60FFFFFF0000003C667E60607C7CF6
:10B72000004000006624FFFD073303000000000016
:10B730000000000000000000000000000000000009
:10B7400000003C3C000066660000000000003C3C3D
:10B7500000000000000000FFC0C7C0FC33B0490378
:10B76000C0C7C0FC33B04903C0C7C07C3190490397
:10B77000C0C7C0FC33B04903C0C7C0FC33B04903E5
:10B78000C0C7C0FC33B0410300860CFC03B0000509
:10B790000086002C03B000000000A08650FCA1B879
:10B7A0000005A0865A94A08000A500860C3003A056
:10B7B0000080058404D003B20010A2C65190A0847A
:10B7C0004945A2C751BCA0844945A241519CA3044C
:10B7D0004945A2C75170A394494500000AFC0028BE
:10B7E000292900000CAF00001E1EB2B2B2B2000444
:10B7F0000000BE82BE8210B010B054540404005544
:10B80000AAFFFFFFFFFF14BE5F5FF0FF000000050F
:10B810000A0FFFFFFFBA0000000000002F282828B1
:10B820000FFF2FFF540400000C000C00FFF0FF007E
:10B830000000000000000000FFFFFFFFF0A0FCBCC4
:10B84000414141FFF3C3EBC30F5F00553A3AFF0F8D
:10B850003F3F14D78F0F0F0F5555555500000A0C59
:10B860000028010100000CA000000055FF3CC300AF
:10B8700000000000F3F3303000A050F05000500002
:10B880001E1E1E1E3000000014BE0A0AF0AA002868
:10B89000080D080DFFFFBABA0000000000002828BC
:10B8A00028280F0F2F2F5404000000003C00BEF08A
:10B8B000BE003F0FBF0F000000013FFF7FFF00A051
:10B8C0003CBC41414F4FF000AA001F1F14143A3AEC
:10B8D000F000030314D78F0F0F0F65555555000067
:10B8E00000003F7FFFFF3C0000001FFFFFFFFFFF46
:10B8F000FFBC04043434FFFFFFBC0A0A5F5F0AFC8C
:10B9000000003F7FFFFF000000007F7F7FFF0000FF
:10B910000000000000A0FFFFB030003C053D00002B
:10B92000FAAA00008397ABBF0000000000000000EF
:10B9300000000000007FFF7F0F00F000000000000B
:10B9400034FF20FF00000CFC000000000A3E0A3E0D
:10B95000BE14F5F5F5F50CFC00000000000C000429
:10B96000000000000F5FFFFF3C0000001F1FFFFFF3
:10B97000FFFFFFA0000C000CFFFFFFA014BE14BED1
:10B980000A0C00000F5FFFFF000000005F5F5FFF19
:10B9900000000000000000A0FFFF3030003C003C31
:10B9A0000000BAAA00000115293DF050A0001405BE
:10B9B000140500000000007F007F0F00F000000A67
:10B9C000282A3434202055555DFD000000000A0A65
:10B9D0000AFFBE14A0A005050CFC00000000000C2E
:10B9E0000004820000200408000800A0008200017A
:10B9F000110020202040000040200090002000087E
:10BA00000200111020200200002000900090002071
:10BA100004000000401000004000202000890020A9
:10BA200041080000000000000020400011002040FC
:10BA3000009020084021000200C0201000000010EB
:10BA400021000020200321049001001004100400B4
:10BA50001010841011A004200020000000104110DC
:10BA6000002000A0400004000080008000000000D2
:10BA700090400000008000A10000048000200080B1
:10BA800000000100C00000900000840000004000A1
:10BA9000900088000020400000002000008020204E
:10BAA0000080200000C0C000040000004000000032
:10BAB00001800000010001A000804021C1000000C1
:10BAC0004000C000008041C00080200400002090A1
:10BAD00000008203040000000188A0410000002152
:10BAE00000110000C000840200008409000400006E
:10BAF00080000010009000000089009000042008E1
:10BB0000000000C0008220200840002080000004C7
:10BB100000000010000100010001002000014101AF
:10BB2000008900000000000000410021802000008A
:10BB30000000001180000011400000010008A0205A
:10BB400080000082208400098008800100010083B9
:10BB5000000800A00003002000C0000004088000CE
:10BB60009120800000008000059100041188009061
:10BB70000008022000000005000804200000041155
:10BB8000850800100010000901A10080008020102D
:10BB9000A08500210020002000200040008000201F
:10BBA0000040002000200000000000A000200288CB
:10BBB0000009000000C01008002001000020000063
:10BBC000058020000008000800824020024000405C
:10BBD00000200000000000820008000500000111A4
:10BBE00004100408022004100410400111824108CE
:10BBF000050902101000100800108084800204085B
:10BC00009000048805840821008502820084118246
:10BC10000400002000C111021110052085208900B8
:10BC2000110804C00920008410100000090002104F
:10BC30000900210002400240048410048310902077
:10BC4000000010A040A00002410208C0A00921414C
:10BC500009109002110200200502412000022189F2
:10BC60000520058403C0040804080488004000007F
:10BC700000200040010004080000002120102003E3
:10BC8000C1112021010000030120C0208900000013
:10BC90001011010884A1844084218421888020839C
:10BCA00020008841842102004011C00200000021D0
:10BCB00002210041C000898503800320C080040464
:10BCC00010200410900011410404201082084182C9
:10BCD00084C0009020000004000800820000A04002
:10BCE000002004030040000888038205A008100219
:10BCF000088288C008C02005000420048401404157
:10BD00000908808410401008820103900008118205
:10BD100000830003410202400001008283202000D2
:10BD2000008420001000090100012011020400001D
:10BD3000000404108000080500C12101201109043D
:10BD4000000005012000418405080021004109216F
:10BD500040000020000000090200020000880001ED
:10BD60001010009000000300A0008200020803826F
:10BD7000008008001009000082A000C1008020207F
:10BD80000040001002001090000821200000024036
:10BD9000004000040004C0002000002000022041F8
:10BDA00001028241000000210004000400400084E0
:10BDB000008000804000200000A000200020004003
:10BDC00000030011002001000005908800A000027F
:10BDD00000A0010000030008002000218200880567
:10BDE00000200008001000101011020905000109D0
:10BDF000000000A004080502002000100082008856
:10BE0000212041C002C088824100001100A008002A
:10BE100000081000020002834185008400002021F8
:10BE2000400010C104000020410000C005850282CE
:10BE300000A00000051040401100081000C0404064
:10BE4000004040A0050002822100028403882104F2
:10BE5000200420A040A002004102001040840040C5
:10BE600089080002094003020000080002080500DA
:10BE70001000202008020108900300A1C003100058
:10BE8000000000090003040020001008C020040284
:10BE9000840800030000C00001200020C0028210BE
:10BEA00001C0A0059040400884C10811000504406D
:10BEB00084419005000010050290101004024041DA
:10BEC0000280021100054000C005844103051002F4
:10BED000200004C010100110C121200084A1A00482
:10BEE00000904008400484090000004088020109D5
:10BEF00008038800882141104040C008C02000028B
:10BF0000081180038084004004009000001000208D
:10BF1000040084209004208202822010020002206B
:10BF200011840890000441881000022020A08400A1
:10BF30000002800005200000804020014110041014
:10BF4000118409402000058440402104029088208B
:10BF5000000082A0118441041140089002C0808436
:10BF60001184000404020440119020C000000082EB
:10BF700000200488890800080000000004804003B5
:10BF800088000020042004000000010004000000DC
:10BF90000000000020802000080240090403000087
:10BFA00000118800000000000000000041000100B6
:10BFB000200088102000008000000803000400001A
:10BFC00000000000008000052005010000080100BD
:10BFD00004880010200000000080008000000000A5
:10BFE0002000044000004041002100050000000046
:10BFF0000008A000C040044100090091052084A170
:10C000000088008380090380000000831189A080DC
:10C010000080800385091100000000030009100062
:10C02000008000038909410000008083200900008E
:10C030000080000308090000008000000083080958
:10C040000080000088050841081040A19180808090
:10C050001080090040030504410903400880008066
:10C06000408000000003A003410303088003211067
:10C07000041003411003001000038005A090850800
:10C0800010C00011904102C10440004090110241D3
:10C09000C040004020010205400000009021C02166
:10C0A00004900010000103014000000010210191E4
:10C0B000C02000C002C101054004000400000011BE
:10C0C000008920C090909085094140030010911094
:10C0D0004084011001A08883084101880004018286
:10C0E0000884010800020001830000000000040130
:10C0F0008801400100011101000588822084902000
:10C1000004A09004C04020108400A0A08941042015
:10C110004000C12041094010C00003C0C109408255
:10C12000840008A0A121C0040200A0080511041089
:10C1300004000310892102088400C12009C1000005
:10C14000C0020800894083011121A089112009C182
:10C1500040008900110085210400011091C000C039
:10C1600008000408110111C00301C020400483C06D
:10C17000000083001040C104100004000500090005
:10C1800085088440089102048009000080000305AE
:10C1900080858000218083098089000021800389B7
:10C1A00080890900000003850020000080008305CD
:10C1B00080208000A1000389808500002180030980
:10C1C00000000000000021808309C0839185824126
:10C1D00009850909410002008309401020820509F0
:10C1E000049080110491082083080840080088000A
:10C1F0008380204004001120030005100800212046
:10C2000083400200210303A0C0830080A000030933
:10C21000008300002100100980038000080010093D
:10C2200080830000A00000090003008003000009D3
:10C230008083000008008009000300008800C10915
:10C24000000300000000410080090003101104C039
:10C25000090408830009400209098003111100053F
:10C26000048510400000411040400003028300207C
:10C2700011C18083209005040021000320200005C7
:10C28000C120000301C0C084C0850508001021083A
:10C290000009A003004040A0858920C104880082D5
:10C2A000012182A100201120202190890010010489
:10C2B00000058203000004000201040100000500E3
:10C2C000020108010000000040001001A00101006F
:10C2D000A103A00110830840008901820241C088A7
:10C2E0000005828400A120400140002108050110C2
:10C2F0000040008510890009000100C19001000183
:10C3000000000800880102888800A0000204830160
:10C31000024004008810838841081000400491887E
:10C320009140048488201188018804008882418813
:10C33000C18820000804A1880588020002000301CA
:10C34000048290000210000021880108000040884B
:10C350000921A1008900048204100810020108824A
:10C3600085888908A0000800838810828200084020
:10C3700005A08910C001910889110002C0000100C8
:10C380000502410482210100822120402108880009
:10C3900009208000001100800389840000008000D3
:10C3A000038304000080000083910400800000806B
:10C3B00083A10400001100000380840000008000BD
:10C3C00083028080000089000000039004000000C8
:10C3D00000098502900940080300801080898009C7
:10C3E0008080830089911109040084100480110069
:10C3F00091000300108020020200038805802021A4
:10C4000041000300028004C104001200000B9000F0
:10C4100000008241000BD00000001182000BD00010
:10C4200000001182000BD00000501242000BD0001F
:10C430000A828241000BD00041411182000BD000E2
:10C4400000008241000BD000410000000660000B9C
:10C45000D00000000660000BD0000A001200000BA4
:10C46000D00000601200000BD00000000660000B3E
:10C47000D00042004100000B000021000000000B32
:10C48000000000000000000B000000000F5CFF5CDB
:10C490000000F0000000FFFF000000FF000000FFB0
:10C4A000000000FF000000FF000000FF000000FF90
:10C4B000000000FF000000FF000000FF000000FF80
:10C4C000000000FF00003C3C000000FF00000000F6
:10C4D00000FF000000FF7D7FFFFFAFAFBFBF000088
:10C4E000000028821842AFAF141455BF00BFF0F40B
:10C4F000FFFFFFFF000A03CF00CC00FC00CC8BAF96
:10C50000812403CF030CFC748844C1F78124005CB0
:10C51000F05C0000F0000000FFFF000000FF0000E2
:10C5200000FF000000FF000000FF000000FF00000F
:10C5300000FF000000FF000000FF000000FF0000FF
:10C5400000FF000000FF00003C3C000000FF000076
:10C55000000000FF000000FF3C3FFFFF0FAF3FBFA8
:10C560000000000014410C0305AF141400FF00FF8D
:10C57000FFFFFFFFFFFF000ACFCFCC00FCFFCC0086
:10C580008BAF8124C3FFC030FC748844C1F7812481
:10C59000FF3A0F3AFFFFFEFCFF000000FFFF000024
:10C5A000FF000000FF000000FF000000FF0000008F
:10C5B000FF000000F0F00000FF000000FFFF00009F
:10C5C000FF000000FF000000FF000000FF0000006F
:10C5D0000000FF00000000FFFFFFFFFFFFBC3C3C2E
:10C5E0000000000000000606A000F7F7F000FF00C2
:10C5F000FF0000000000000F000030C0F3C030C09A
:10C60000F0C03300F3003300F3C030C0F0C033009B
:10C61000F3C0F03A003AFFFFFAF0FF00000000001C
:10C620000000FF000000FF000000FF000000FF000E
:10C630000000FF000000F0F00000FF00000000001C
:10C640000000FF000000FF000000FF000000FF00EE
:10C6500000000000FF00000000FFFFFFFFFFBCBC68
:10C66000FFFFD7D30000000006060000F7F7FC0C20
:10C67000E300C30000000000000F00000C03FFC334
:10C680000C03FFF30033FFF30033F3F30C03FFF36A
:10C690000033F3F300860CE003B80005C0C6C0FC0D
:10C6A00033B04903C0C7C0FC33B04903C0C5C0FCA8
:10C6B00033B04903C0C7C0FC33B04903C0C7C0FC96
:10C6C00033B04903C0C7C0FC33B04903C0C7C0FC86
:10C6D00033B049030000C0C7C0FC33B0410300863B
:10C6E00000EC03B900000086001003B200A0A5868C
:10C6F0005A30A3980005A086507CA395490506C72B
:10C7000000600390490000C700A00080490000C7F6
:10C71000008000A04900E0302030000055FF00827A
:10C7200000F30A0A00AAC214C20001828382000038
:10C7300082FC1555BFFF0404040430013031003F72
:10C740000A0003034141F0C0202000000000FFF870
:10C75000F8F80000000000003C3C00000000000071
:10C760004555000005050F0F1000000000000000F7
:10C77000FC55FC002075207500003C000000040002
:10C78000FABAFAFA0028E0E8FAFAFFFF553C553CFD
:10C79000A0A0AA0000000000E0002000000015BFDB
:10C7A0000082003000001414401440000100830097
:10C7B000000082C00055AAFF0505000000010031FD
:10C7C00000300A000000003C300020200000000083
:10C7D000FF2828280000000000003C3C000000006A
:10C7E0000000000000000505000000000000C0552A
:10C7F000C355FC00FC002075A0F500F1000E000000
:10C800000000FAFAFAFA0000F0F00A0A00003C3CD4
:10C810003C3CA0A0AA0000000000FFFEFFFA5F7FE2
:10C82000FFFF000000AC1FFFFFFF830C8300030F1E
:10C8300040400000FF0005AF05AF003CF0007D7FE9
:10C84000FFFF000000003FFF7FFF1C1814100000D6
:10C85000000C41410000000D003D000005000500F6
:10C8600010005A5ACB0AC3007D7D7D5DFF3CFF0C52
:10C8700055145554FFFFFFFF3CFF3CFF0C00030322
:10C88000000000000000000004FF0404000000009D
:10C8900000FF0F0FF030F03000300C3CFFFCFFF0D9
:10C8A0005F7F5F7F000000AC14FFFFFF800C800003
:10C8B000000C40400000FF0028287D7D00AA0000F9
:10C8C000555FFFFF000000000FFF5FFF0C08040032
:10C8D0000000000CC180C180000100310000000098
:10C8E000010000005A5AC300C3007D7D7D7DFF3CDE
:10C8F000FF0C550055500F0C0F003CFF3CFF0C0087
:10C900000303000000020000000004FF0404000014
:10C9100000000F0F0F0F0030003000300C3C40C003
:10C92000209040020088040000C041000000000088
:10C9300000000020000800000000000000002002AD
:10C94000008820900000000000200000000000A0EF
:10C95000000040084090001000000010000000009F
:10C9600000000010400040900084408400000090CF
:10C970000000000000000084008400C0400000208F
:10C98000210000000390000020082090000000100B
:10C9900000A02110209011004110200800882008DC
:10C9A0000000000000004000002100000000000026
:10C9B000000000000200000000110000C0000000A4
:10C9C00000200000902000410000880000000000CE
:10C9D000900000008400000500410000C00000003D
:10C9E00000400000400020104000C020C0000000B7
:10C9F0008400C000000000042000000000020000CD
:10CA000000000000000500210000000000004000C0
:10CA1000000000104002A0000010201100100008CB
:10CA2000000900A00002000200020008000000103F
:10CA30000020401000A00002000000020008408416
:10CA40000000001000000000009000000002000242
:10CA50000088008409000088000000020002000233
:10CA600000000000000000000000000000000000C6
:10CA70000000001000000000008200000000002004
:10CA8000000000000000008800100000009000007E
:10CA900000000008000000000000000000A00000EE
:10CAA00000820002000800000008001000410000A1
:10CAB000002100100005000800080002000400002A
:10CAC000400800210021004100030020002100094E
:10CAD0000009001100090000002100000002000010
:10CAE0000002001000000011001100000000000012
:10CAF0000004400040030000000000080000002186
:10CB000000000010000800110010001000080000D4
:10CB100000000000000200000000200020000008CB
:10CB200000000011000041A009A00590000005C010
:10CB300009100902009005A0099000000000098476
:10CB400000020384000005A0118208C005000090C7
:10CB500000820088409004C04184040041000488A1
:10CB60000300050004200000050805A010100900BE
:10CB70004000402002004182400040000582054004
:10CB800003100900000209000400050005000582E9
:10CB900000C01100054005000082090041020000AC
:10CBA0001084098804102084844000418841A02119
:10CBB0000020000200020041821110020005C000A6
:10CBC00000100005884000008821C0218802C000B4
:10CBD0001000C01000008800000002214010000278
:10CBE000002000090000400800000021400000086B
:10CBF00000108802404104050011082104110209B7
:10CC00009003881002030241A0000440A002021118
:10CC100088409020840082218810820884080421A2
:10CC20008421010200210121410300A009840800A0
:10CC30004108000000C0000811820000419041003E
:10CC40001000000040820082044003000940000000
:10CC50000400090000200020008400820000002061
:10CC6000000000C004022002040000000000008850
:10CC700011000000400002080000000000820000D7
:10CC80001088000008A000000000000000A00000C4
:10CC90004090200000881100008400004000054002
:10CCA000000020081190000020000004A0030010E4
:10CCB0000421002004100008084000110008202171
:10CCC000002100400002880220100010400084056E
:10CCD000000202110002001000218404002000055F
:10CCE0000405400082000011000000000000101048
:10CCF0000021001000110005000302004010000098
:10CD0000000300110000081004410020000000058D
:10CD10000000000200000020041104410021000571
:10CD200008090008000800048805100200040082B9
:10CD30000000000000820082108200A000C00020DD
:10CD4000000000C040400000104000000000000053
:10CD500000000008000000880040000041000000C2
:10CD600040400300000000000000000000820000BE
:10CD700000000000000004C00084000003C0008820
:10CD800000C003A000A00002000000000500008217
:10CD900000840040001040000000108404000010D7
:10CDA000002000020000000208400001002102C132
:10CDB00088109020082184410010000540090821B6
:10CDC000900500030002080304080000A000C04111
:10CDD000400510100011842100119008104100211D
:10CDE0000011004088038421001100058809882172
:10CDF00000000040A04100058405404140110009A9
:10CE00004002000084404011840508100441A00540
:10CE1000042088098211000802020008004100086D
:10CE2000040384004021000888100900C002840423
:10CE300000081100000200900000202021900088CE
:10CE4000000200000000001000402110200200102D
:10CE500002000000000000002000000400040000A8
:10CE600004100000000008840040090020400088F1
:10CE700009840000000000000000000800824082D9
:10CE8000090040000000000009000000009020029E
:10CE90002082200000080400100010000408108404
:10CEA000008209000000008420100084210808820C
:10CEB00002880940404102080410000000200040A0
:10CEC00088210400000384052020000040000000A9
:10CED000001100081011904110099020040304096A
:10CEE00000000440000088200421040040020002E9
:10CEF00040004000000000410009040300059005C7
:10CF000000020000904100098400C0000000000001
:10CF10009000A000004100410000A0210000C000DE
:10CF2000000000000010A0210205000000410000E8
:10CF30000100A1410000000000000000000000000E
:10CF400000000000000000000000000000000000E1
:10CF500000000000000000000000000000000000D1
:10CF600000000000000000000000000000000000C1
:10CF700000000000000000000000000000000000B1
:10CF800000000000000000000000000000000000A1
:10CF90000000000000000000800000000000008091
:10CFA000800008000080000300000800000300006B
:10CFB00000000300008804000000000000000000E2
:10CFC0000000000000000000000000000000000061
:10CFD0000000000000000000000000000000000051
:10CFE0000000000000000000000000000000000041
:10CFF0000000000000000000000000000000000031
:10D000000000000000000000000000000000000020
:10D01000000000000000000000008200000000820C
:10D02000001082000000000840000082C0000001E3
:10D0300000000000010040C10000000000000000EE
:10D0400000000000000000000000000000000000E0
:10D0500000000000000000000000000000000000D0
:10D0600000000000000000000000000000000000C0
:10D0700000000000000000000000000000000000B0
:10D0800000000000000000000000000000000000A0
:10D090000000000000000000000000000000900000
:10D0A00000000000000009000001200010008900BD
:10D0B00000C000000000000000010110000000009E
:10D0C0000000000000000000000000000000000060
:10D0D0000000000000000000000000000000000050
:10D0E0000000000000000000000000000000000040
:10D0F0000000000000000000000000000000000030
:10D10000000000000000000000000000000000001F
:10D11000000000000000000000000000000000000F
:10D1200000000000000000008400004100008800B2
:10D13000410400800008110000000003418000004D
:10D1400000000000000000000000000000000000DF
:10D1500000000000000000000000000000000000CF
:10D1600000000000000000000000000000000000BF
:10D1700000000000000000000000000000000000AF
:10D18000000000000000000000000000000000009F
:10D19000000000000000000000000000000000008F
:10D1A000000000000000000000000000000010006F
:10D1B00000020000400000000000000080000000AD
:10D1C000000000000000000000000000000000005F
:10D1D000000000000000000000000000000000004F
:10D1E000000000000000000000000000000000003F
:10D1F000000000000000000000000000000000002F
:10D20000000000000000000000000000000000001E
:10D21000000000000000000000000000000000000E
:10D220000000000000000000000000000000008876
:10D230000000000100000000000000000000C082AB
:10D2400000000000000000000000000000000000DE
:10D2500000000000000000000000000000000000CE
:10D2600000000000000000000000000000000000BE
:10D2700000000000000000000000000000000000AE
:10D28000000000000000000000000000000000009E
:10D29000000000000000000000000000000000008E
:10D2A00000000000000001000089000000400100B3
:10D2B00082000000008201000000000000820008DF
:10D2C00000009008000000000000000000000000C6
:10D2D000000000000000000000000000000000004E
:10D2E000000000000000000000000000000000003E
:10D2F000000000000000000000000000000000002E
:10D30000000000000000000000000000000000001D
:10D31000000000000000000000000000000000000D
:10D3200000000000000000001000000800000000E5
:10D330001000400000000083080000000000008092
:10D3400000000800000300000000000000000000D2
:10D3500000000000000000000000000000000000CD
:10D3600000000000000000000000000000000000BD
:10D3700000000000000000000000000000000000AD
:10D38000000000000000000000000000000000009D
:10D39000000000000000000000000000000000008D
:10D3A000000000000000000000000000000012006B
:10D3B00000000000000012008148000BD0001200A5
:10D3C0000000000000001242000000000000000009
:10D3D000000000000000000000000000000000004D
:10D3E000000000000000000000000000000000003D
:10D3F000000000000000000000000000000000002D
:10D40000000000000000000000000000000000001C
:10D41000000000000000000000000000000000000C
:10D4200000000000000000000000000000000000FC
:10D4300000000000000000000000000000000000EC
:10D4400000000000000000000000000000000000DC
:10D4500000000000000000000000000000000000CC
:10D4600000000000000000000000000000000000BC
:10D4700000000000000000000000000000000000AC
:10D48000000000000000000000000000000000009C
:10D49000000000000000000000000000000000008C
:10D4A000000000000000000000000000000000007C
:10D4B000000000000000000000000000000000006C
:10D4C000000000000000000000000000000000005C
:10D4D000000000000000000000000000000000004C
:10D4E000000000000000000000000000000000003C
:10D4F000000000000000000000000000000000002C
:10D50000000000000000000000000000000000001B
:10D51000000000000000000000000000000000000B
:10D520000000000000000000000000000000AEDE6F
:10D5300000000000000000000000000000000000EB
:10D540000000000000000000000000007B750000EB
:10D5500000000000000000000000000000000000CB
:10D5600000000000000000000000000000000000BB
:10D5700000000000000000000000000000000000AB
:10D58000000000000000000000000000000000009B
:10D59000000000000000000000000000000000008B
:10D5A000000000000000000000000000000000007B
:10D5B0009667C002000000000000408C07000000D9
:10D5C0000000000030020000000000004003E66997
:10D5D00000210000049004010000000091080021D7
:10D5E0008008004000090000000004200000040042
:10D5F00000012085000020000010008404010000CC
:10D6000000000001000182200010000100902100B4
:10D610000000001000000000800100000011000464
:10D620000003001000040010008500A0410000402D
:10D63000008400000000040002000090804000A070
:10D6400000000290200480100010000409900008DF
:10D6500000200020000091000008000000000400ED
:10D6600000C004000080044000000000002104000D
:10D670000000004000400000040000000000002006
:10D680000021000000200040058000110040000043
:10D69000001000C000110000002102400000001036
:10D6A0000088C0A0000090A1000400200008001025
:10D6B00000800010002100210111C1110010029111
:10D6C0000011002101200080204100100010000006
:10D6D000C000002000A000100040001100900400D5
:10D6E00000A0800000044020000400100004030299
:10D6F00000202003002000000001000100000001C4
:10D7000000020004000000A000100000000400045B
:10D7100000040005000000008000000080000011EF
:10D72000000100000000080400030011008500044F
:10D730008001009100400040000100000000000452
:10D74000000100C000000000008200008000000016
:10D7500000000000000000100000009000400021C8
:10D760000141001020100000008800850011009089
:10D7700000100091012000C10011002000200004D1
:10D78000004000210090001000020008002100A1CC
:10D790000090008000A00000000020000000200099
:10D7A000000200400000002100A10020000400044D
:10D7B00000830404000400880088000400002000A6
:10D7C00000080040000000000004000200102000DB
:10D7D00000200010001000100484800900080402DA
:10D7E00005080010000200020282212041A04040F2
:10D7F00000200082008404C003824141100002889E
:10D8000000000021008209912000004020C000009B
:10D81000000002404010001000004184411000014F
:10D82000008420054000090120002010044084A04D
:10D8300003C008910000000821040304024004C052
:10D8400000A000C0000002000001830200028482E8
:10D85000090011028002008200080100042000007B
:10D860000188001000000000000091100091840069
:10D8700000000080000000000110000000200008EF
:10D8800001000000008400000020010800080100E1
:10D8900000100000890200000003000000410000A9
:10D8A0000020000001C0010000100000000000097D
:10D8B000020040000110820840000088008801A199
:10D8C000004100414041400501000040201000059A
:10D8D000041040410008024182214000200009005C
:10D8E0000500000000040000020020A10403090458
:10D8F0002000000400000000840000000000000080
:10D900000004A0000404000000000021090084209D
:10D910000000001041000010020010000000040090
:10D920000400840084010400000010004101830011
:10D9300082008001A1008000859082008000800824
:10D94000C1018001800480008040800080000000D0
:10D95000000000008200040005000000020000003A
:10D9600002210805004100C1400989050020C004CA
:10D97000C080001000800420A00404080003000000
:10D98000004090802041848284000000002000023A
:10D9900005830000000400041000000300200000C4
:10D9A00002100503210002040009001000090020F4
:10D9B00040004109404040204002400041004020DA
:10D9C00040024040400440904041408240024002BA
:10D9D00000110200020005000121000000000120EA
:10D9E00021A0004000400001414105C1042000C0C9
:10D9F00004A0048400C180901090048402044100BB
:10DA0000002003000041040080010900A10405007A
:10DA1000000000000008000080000020404109A034
:10DA2000000004000484040000080940021080A0E3
:10DA30000402000100C04105A1A100A00388400428
:10DA400040908010000000200000099041900010DC
:10DA5000004000880400001021102040A00003C0F6
:10DA6000204088000085000500040020004004C11B
:10DA700000000109001000200400000801000185D9
:10DA80000000C08000000020000304040010028099
:10DA900000210000001000410000040084884020A4
:10DAA00000080000000201000100004100410100E7
:10DAB000100300000020000004A00210001000115C
:10DAC000008000210211000000880003882104006A
:10DAD000000084020011010800000002010003217F
:10DAE000000001094084022000024090104084C0E0
:10DAF00090C04184048211A020208302020204A06D
:10DB00004084009020202020029020008082000885
:10DB100000910020000020000000000400C0000070
:10DB200080C0000000009100109080001083000071
:10DB3000400000210008000041A02104022009A0AB
:10DB400000A00010100802090090000041C000C0B1
:10DB50000010002000C000C041400000001000087C
:10DB6000059020A00000000500200002042100888C
:10DB70002109200090080003002100200409410928
:10DB800001408400900001002100000500040220F3
:10DB9000000004208841400089084000C080000047
:10DBA00000090400000000002000C000040800403C
:10DBB00004050008404040888808001040004008E4
:10DBC00000000041000400000040044000108400F8
:10DBD00090050000000000000000008000000041EF
:10DBE000000000000100A0218820800509034020DA
:10DBF0000003000908000000000300090300008082
:10DC0000000309891000008080830489108000804F
:10DC10008083008900000000000300090300000069
:10DC200080030009000000000000008300890880D4
:10DC3000000083828820088210A0000300000800F2
:10DC400000080003200040080000000300800908CD
:10DC50000000000309004108000080830009808063
:10DC60000404800388899100038910014000410069
:10DC7000000040911021412000A090C1A00190829D
:10DC8000000888A1918541020020022184212104FD
:10DC900000C020410003208200A000018801000094
:10DCA00000001001000120000000000000114009E8
:10DCB000018800909182908500A001110001080068
:10DCC0008800000100010100890000000091081097
:10DCD000008900080001900001000000880340094D
:10DCE000080200C008411141084000C0A1084020BE
:10DCF00091101088902190008220C1084011C0002E
:10DD0000020821052005C0000482A1C1020505000A
:10DD1000A020C1912010050020A0A1030001050052
:10DD2000C000830900020100002001050000080076
:10DD3000820088028500C101C00021001110000886
:10DD4000200008C0912090002008C10083008808AE
:10DD50008204040891008200840008C0059110210B
:10DD60008884914041010000008401000101088580
:10DD7000824105200402008400110080038084A0F9
:10DD800080008080830580408000000003050090B3
:10DD9000C1000080030980A14100800003890010B8
:10DDA000C100000083090080410000800389000059
:10DDB0008000000080808300204011000500C185A4
:10DDC00000850405000003020000000484008302B3
:10DDD00008800020000083400009800080808311BB
:10DDE000890800002180030909002000210003099F
:10DDF00008021184040911A00080A10041890003D8
:10DE000000800800800900030000030000898003EF
:10DE10000000030080898003000041008409800322
:10DE200000800000058980030000100000098003C5
:10DE300000000000000090090003009191040440DC
:10DE400008830000040041888003008000800208ED
:10DE50000083008080119000008300000000028891
:10DE60000083000041100089408309090000000977
:10DE7000000301A1000500A00803004004A0104118
:10DE8000200900040320102140910090A188080976
:10DE9000821100A0A0C0088520C1000084002001DC
:10DEA00040010090008200854089000001000001CF
:10DEB0001001000000820002038900830440C000BA
:10DEC00088C0C1830290012000841041049000208A
:10DED00000A00021A010C0C01110080340A00082C3
:10DEE000000800C100908821088521050010040861
:10DEF00000890091042040032100C0008304884071
:10DF00000200C082218821202000A0109189912048
:10DF100090004004218805400400040203204020B2
:10DF20002000C082418821089000880205880520D1
:10DF30000200400000008588892110000002C00115
:10DF40002004080008088310A0104000404001038E
:10DF500000842000A02083010220000084048302AA
:10DF60000582820008000102028400000810418836
:10DF700041A008008800858588888841890009417A
:10DF800000008011008003C004800000008003A016
:10DF900004000011000083908400800080808300D2
:10DFA00000008000108003808400000080008380D7
:10DFB000840080008000000083C1844080000080D5
:10DFC0000005008380050000888800800000800034
:10DFD00003C0000080000080830880000000000073
:10DFE000839008800011000009218000000409804E
:10DFF00003800400000040001182000BD0000000EC
:10E000008181000BD00000480660000BD0000000AA
:10E010008241000BD00041411242000BD0000000B1
:10E020002184000BD00000600660000BD0000000CF
:10E030001182000BD000000000000660000BD00031
:10E0400000000042000BD00041000042000BD00055
:10E0500000000042000BD00000000660000BD00062
:10E06000000000000000000011000000000BD000C4
:10E0700000000000000BD0000000F6F6FC0CFFFFD3
:10E08000FF3EFFFF0000FF000000FF000000FF0058
:10E090000000FF000000FF000000FF000000FF0084
:10E0A00000003C3C0000FF000000FF000000FF00FB
:10E0B0000000FF000000FF0000000000FF00000063
:10E0C000FF00000000000000FFFFDBDBFFFF00009F
:10E0D000FF000000FFFF0000FF000000FFFF000046
:10E0E0000F0F0000FF000000FF00000000003C3C9C
:10E0F00000FFFFFF00FFFFFF003CFFFF0606FC0CD8
:10E10000FFFF3E3EFFFF0000FF000000FF00000099
:10E11000FF000000FF000000FF000000FF00000003
:10E12000FF0000003C3C0000FF000000FF0000007A
:10E13000FF000000FF000000FF0000000000FF00E3
:10E140000000FF000000000000000FFFFBDBFFFFEE
:10E150000000FF00000000000000FF0000000000C1
:10E1600000000F0F0000FF000000FF000000C3C30D
:10E17000FFFFF0F0FFFFC3C3FFFFC3FFFFFF00007F
:10E18000000000000000000000000000000000008F
:10E19000000000000000000000000000000000007F
:10E1A000000000000000000000000000000000006F
:10E1B000000000000000000000000000000000005F
:10E1C000000000000000000000000000000000004F
:10E1D000000000000000000000000000000000003F
:10E1E000000000000000000000000000000000002F
:10E1F000000000000000000000000000000000001F
:10E2000066FF3CF00000FEFE000000FF0000FFFF84
:10E21000000000FF00003C3C000000FF0000FFFF8A
:10E22000000000FF0000F0F0000000FF0000F0F030
:10E23000000000FF0000F0F0000000FF0000F0F020
:10E240000000000000FFFFFF999940430000030316
:10E25000F0F000003C3C0000F0F00000F0F00000A6
:10E2600000FF0000F0F000003C3C0000F0F0FFFF79
:10E270000000FFFFBD81FFFFFF00FFFFFF00FFFF6A
:10E280003F0366003CF0000000FF000000FF0000BC
:10E290000000000000FF00003C3C000000FF000008
:10E2A0000000000000FF0000F0F0000000FF000090
:10E2B000F0F0000000FF0000F0F0000000FF0000A0
:10E2C000F0F00000000000FFFFFF999940430000BC
:10E2D0000202F00000003C3C0000F0F00000F0F012
:10E2E000000000FF0000F0F000003C3C0000F0F0F7
:10E2F000FFFFFFFFFFFFBD81FFFFC3C3FFFFC3C3DE
:10E30000FFFF3F0300860CEC03B00005C0C6C0FC55
:10E3100033B04903C0C7C0FC33B04903C0C7C0FC19
:10E3200033B04903C0C7C0FC33B04903C0C7C0FC09
:10E3300033B04903C0C7C03C33B04903C0C7C0FCB9
:10E3400033B049030000C0C7C03C33A04103A086DE
:10E35000027CA0190080A2C651FCA0B44945A2C706
:10E3600051BCA0B44945A2C7517CA3A4494502C7EA
:10E37000016000B44140C0C6C0F030B04903C0C71E
:10E38000C0D030B04903AA003C000000C0C0C000AB
:10E39000C3280A105A1000000A3F000CF050003A3F
:10E3A000F00001010101000082F300AA55FF0505FC
:10E3B000A80800000000EFFF0F0F040404A4303091
:10E3C0003000000000000000F0FFF00010BA10B0B4
:10E3D0002000000000820000A282C141FF3FBF3F39
:10E3E0003030303000000100FFC3003C2828F8F82E
:10E3F0000808FFFFAA08FFAA3C7D3C7DFCFFF3FF55
:10E40000C000000000880044F0000000101C101C38
:10E41000C00000280010501000000A30000C00500E
:10E42000003A00000014283C000082301E1E1E1E10
:10E430000000A8080000000004000F0F000000A06A
:10E4400000000000000000000000F0FFF00000509D
:10E450000050000000000082282882824141FF3FD6
:10E46000FF3F3030303000000100FFC3003C28FF88
:10E47000F8FF0808FFF708085DAA3C7D3C7D3FFFD8
:10E48000CFFFC0000000880044000000000000C072
:10E4900000C000000AFC40C042C200000D0D1FFF7A
:10E4A000FFFFFFFFFFF81FFFFFFF00000CFA1FFF39
:10E4B000FFFF2C2C2020034100000000000000057D
:10E4C00000500000000000000000000000000000FC
:10E4D000F0FFC3FFFFFFFFF0FFFFFFFF00000000A2
:10E4E0000000000000000000FF3FFFBF80000000B0
:10E4F0003838383A00000000000000005500F5F000
:10E500003CC3FCF3BA8ABE82000000000000000099
:10E510000000C0C000000A0C008002820000080851
:10E520001F1FFFFFFFF8FFF81F1FFFFF00000C0A6F
:10E5300014FFFFFF30003000034100000000000026
:10E540000005005000000000000000000000000076
:10E55000F030F055C3553C3C7D70FFFFFFFB0000E1
:10E5600000005F00000000000000FFFFFFFF000050
:10E57000000038383838000000000C000C037D3CE7
:10E58000FDFC7DD7FDF7BA8ABE82000000000420A2
:10E5900021910040A0204001000000010000000087
:10E5A0009100800000000000001004200090040092
:10E5B000002080A11101000100040000009100046E
:10E5C0000000000500040000210400080000000015
:10E5D0008002002000000420800000018021000053
:10E5E000001000000000001000200000204020105B
:10E5F00000408004000111410000021100080010D9
:10E600000001000400100010A0002000A100400044
:10E6100000850020048005800040000000400000CC
:10E620000000200002000000000000000080000048
:10E630000000008004400020004000800000000432
:10E640000080000000C000800000008000A10008E1
:10E6500000C040800080002100A1400000404082B6
:10E660000000008000000000001000880000008012
:10E67000001100800280400400849000019000217D
:10E6800000000004008000000000050001410400BB
:10E690000500000100A000000000002000000004B0
:10E6A0000000000000000000000000000001000069
:10E6B0000001000000000000000000010000000058
:10E6C0000000000000040000000100010001000043
:10E6D0000005000000000000000000000000000035
:10E6E00040000800000000000000000000000000E2
:10E6F00000000000004000000000000000040000D6
:10E700000000000000000000000000000000000009
:10E71000000000000040000300080010008200001C
:10E72000008500000002000300000010001000201F
:10E730000000004000000041000200020008000844
:10E7400000080041000000800010000800200020A8
:10E75000001000A0000000000000001100000000F8
:10E760000010011000000000000000020000000383
:10E770000000001100000080004100030021008320
:10E78000004100210008000000000000001000000F
:10E79000000000000010000000100382008204A0AE
:10E7A00082100020802100838420000000080005E2
:10E7B0000008000800C10008004004100000000923
:10E7C0000009021103202000040040822000000400
:10E7D0002000000000C000000482000100900090B2
:10E7E00000900082C0A08482000400000409801010
:10E7F00000051082020500080985008304830304D4
:10E80000000004110000000104040405000180045C
:10E81000800480008085A000004082080040002124
:10E82000050005080088048488400585A0000003D1
:10E83000A0A01000000000200000880004080000D4
:10E84000002000A001200080010001000100010063
:10E8500000800103004100000000110084208410AA
:10E8600000030000040005000500A021C0080110FD
:10E87000040300A00405C184000084040004900483
:10E8800000C0000500900021C00400C1C084000445
:10E8900020904088402120040940200020000000F2
:10E8A0000004401041000500410400040000000085
:10E8B000100005010000C10020000200030000005C
:10E8C0000004C1000000410002000000000100003F
:10E8D0000000000000000000002000000000020016
:10E8E00000000000000000004000000000004000A8
:10E8F00040008900040000010041200000040400E1
:10E90000000011100001080000008001000000005C
:10E910000200020004004101000004004100010562
:10E9200000100080000300210020008000890040CA
:10E93000000000000020000502410110000000025C
:10E940000040108020000010000401110000004071
:10E950000000000000000011002000800000000006
:10E960000000000500000010000801000005000084
:10E970000000000008000100000400C0000000804A
:10E9800001050000100000040100004120400008C3
:10E99000000001000100000000041000414000825E
:10E9A0000284002000020000410500820000800077
:10E9B0000004001180884184000540840084040024
:10E9C0000020048800001009090900080301002044
:10E9D00000040020004000C00000000404C000004B
:10E9E000C0A1008800200021001000848001008365
:10E9F00000838401000000000483A00040C000A048
:10EA00000004050404A0830041008811000002C036
:10EA1000804000100908001000010408004100A116
:10EA20000008111000C18800000500A0200004406B
:10EA300020088800040420210000A00400400004F5
:10EA40000109108000000000002000040000C00444
:10EA50000080008000800080001000210080000302
:10EA600000001102004100808482001000080402AE
:10EA70000020002004100008880001042105004047
:10EA800000000090889000212005C008098400053E
:10EA90000521200384050000880300040500888404
:10EAA00010040002001020020402C008021000102E
:10EAB000001041A000840040400000A00400841029
:10EAC0008008110220202084202000C14000400442
:10EAD00002824121100003820382008402209001FF
:10EAE00040040000110000100308000000A00040D6
:10EAF0000040008200A0000800080000042010C0B0
:10EB000011A020C1009000000004008200C082011A
:10EB100004040090020000000004040408A008009F
:10EB20008890000084000000010000002000000028
:10EB30000000400000000000000000000000000095
:10EB400020000400400001000100018300040000D7
:10EB5000008000000020000000090000000000000C
:10EB600020200180000000000000000000100000D4
:10EB7000000000050000000000000000000001800F
:10EB80000000000000040000000000800000000001
:10EB900021100080000001050000008000800100BD
:10EBA0000100410000008083218941800000008332
:10EBB0000589A1000000000383090500008000030F
:10EBC000C1090800000000038009090000000020BE
:10EBD00000850885002100000000090000000903ED
:10EBE0000020800202000000900305100008084188
:10EBF000000385000300000588A1110811401040A2
:10EC000089030040000200C1410302890580080811
:10EC10004103910941414141400300092002404024
:10EC2000000380000000000802418411214000A080
:10EC30008803840904080088C09111A1008200C0E3
:10EC400000018401900000009001100141000000CB
:10EC500040A1840491200040880088002100000029
:10EC600020010001820100000000050100014001B7
:10EC70000101000111000100000088828509008265
:10EC800001008991008400090002A0918411A0086C
:10EC900001090001030101010100C1058809010505
:10ECA0000109A001C000820000A120114000A010B5
:10ECB0004109C011C00002C00321A0012008214069
:10ECC000852140110800C12005090410C00082A060
:10ECD000C101A0900241022088010440840804057B
:10ECE0000490002000200041000000000182008408
:10ECF00000900100400140048900C02100000891FB
:10ED0000880182C109008984880089010100820884
:10ED1000050203C100010190008901051100028470
:10ED20004100030100100200409083008988000028
:10ED300080008385009080008080838500080080AB
:10ED40002100830980900000A100838989808000D0
:10ED5000000003050000802080410020858408C059
:10ED60008508040840802111210803040000108058
:10ED70001100000003058310880088008302400012
:10ED80000903831083838900C10040008309202187
:10ED9000008021C183890202118000400305C00068
:10EDA00080001041030300800300800083210000E5
:10EDB0008880208900830000A10000090003000072
:10EDC0000880408900830080108000898003000053
:10EDD00020001009000389008880A00011800080B5
:10EDE0004100400000800820031102118020000033
:10EDF000400808040009414000C0008500058083E8
:10EE000091408085038511C1004100400009400305
:10EE100020208000088941030202000000898083CD
:10EE2000004180000009410300000420000080032D
:10EE30000082A00203030803008883408441088302
:10EE40004088010282030003001001040003829144
:10EE50000082018801899089C020022089089020C1
:10EE6000901000A000A0A004020101010000100108
:10EE7000000000010001000009000002004000C085
:10EE800088418208888801900083000040000201C8
:10EE900009010121C082C18590C1008800C000A184
:10EEA00004830040200888418841000001000000E0
:10EEB0001001918891049000408203884120904085
:10EEC000A041098982A008888809038803A002005C
:10EED000A02001880140008200020104001001000E
:10EEE00001002003051020008988000000100001A7
:10EEF000000000000110002001000100A10102003B
:10EF0000A0002002829001408200C188011100C04F
:10EF100000000000890002820301A000218809820C
:10EF200040000400018901C00101000800204040A8
:10EF3000000000000391040000000085039184910B
:10EF400000800021030300800000002103808480F2
:10EF50000000008003A00480000000802085038062
:10EF6000020040030521908085118900080008896E
:10EF700008204000000010802089020010000303D8
:10EF8000A1080840118083800808210808800989A9
:10EF900040C141000000030000C1080802000380D6
:10EFA00004C1411100000390044140400000008072
:10EFB0008000200000000660000BD00000501242CC
:10EFC000000BD00082004188000BD000420082413B
:10EFD000000BD00000500660000BD000000006605F
:10EFE000000BD00000008181000BD0000000124215
:10EFF000000BD000428100008200000B00001100D5
:10F000001200000B000082840000000B000012427E
:10F010008181000BD00000000060000BD000820056
:10F020000660000BD000110000410000D0000084F9
:10F030000060000BD0000000000000FF000000FF97
:10F04000000000FF000000FF0000FFFF000000FFC5
:10F05000000000FF000000FF000000FF000000FFB4
:10F06000000F35000000000030F0500000000000EC
:10F07000FFFFFFFFFFFFFFFF000000000000A5A54E
:10F08000A5A5FFFF00000000C030000081240000A3
:10F0900081240000FF00000008F80000F1F10000EA
:10F0A000414100000A0A00004141000050500000A8
:10F0B00000AA0F0F0F0F00000F0F000000FF00004D
:10F0C00000FF000000FF000000FF00000000000043
:10F0D00000FF000000FF000000FF000000FF000034
:10F0E00000FF00003500000000003000500000006C
:10F0F00000003C38FFFF1F1F1FFF0000000300C07F
:10F10000A5A5E7A7FFFFFFF30000C03081240000A2
:10F1100081240000000FFF0F000008F8000001012B
:10F12000000000FF000000FF000000FF000000FFE3
:10F13000000014BE0F0F0F0F00000F0FFF000000A4
:10F140003C3C0000FF000000AAAA0000FF000000F5
:10F15000FF000000FF000000FF000000FF000000B3
:10F16000C3C3FFFF00003CAA000000000000000035
:10F17000000000F3FFFFFF000C0FA00000000004E0
:10F18000FFFF80800000C3C30000221100002200A6
:10F190001100221100000CAA000082F00000C30040
:10F1A0000000828200000F0000008F8F00008F801F
:10F1B0000000C30000003C3C0000F0F00000FF0035
:10F1C00000003C3C0000FF000000AAAA0000FF0075
:10F1D0000000FF000000FF000000FF000000FF0033
:10F1E0000000C3C3FFFF00F00000000000000000AB
:10F1F000000000000030F0F0FF000C00A000000054
:10F2000000FFFFFF80800000C3C300000000221148
:10F2100000220011000022110CAA000082F0000060
:10F22000EB280000FF0000003F300000808000005D
:10F230008F800000EB2800003C3C0000F0F0000054
:10F24000C0C7C0FC33B04903C0C7C0FC33B04903DA
:10F25000C0C7C03C33B04903C0C7C0FC33B049038A
:10F26000C0C7C0FC33B04103A08650FCA3B000056A
:10F27000A18650FCA3B00005A0862CFCA3B000859D
:10F28000000000C609E003B5480006C7006003851A
:10F2900009000000000000001000C0C6C05C33B0D0
:10F2A0004903C0C7C0BC30B04903C0C7C07C3330BD
:10F2B0004903C0C7C07C30B04303C240C1FC3034F6
:10F2C000494300000F3A0C000F5000AA14A0000C94
:10F2D00050F0000000000F000C502020A5A0FFFF00
:10F2E000FFFF0000000005000F3000000000430099
:10F2F00043C000F0AC005CF0000000000000000023
:10F30000000000000000000000000000FFFFFFFF01
:10F31000FFFF3D7DF3F3FFFF003CE7DB0000000053
:10F32000000000003C3C3C3CEFEFEFEF0000000031
:10F3300058501D0500000000CFC3EFEB0000FF0098
:10F34000FFFF00000000003A0C000050000014A075
:10F35000000C50002000000000000C502020050090
:10F360003D3D3DFF000000000500003000000000B2
:10F37000400040C00000AC005C0000000000000045
:10F380000000000000000000000000000000E3C3D7
:10F39000A00005553D7DF3F3C3C3003CDBE700004F
:10F3A00000000000000000002000FFFBFBFB8000CD
:10F3B000000050500505000000003F3CBFBE0000AB
:10F3C000FF0000000000C3C008083DFFFFFF808071
:10F3D00000003FFF7FFF000000FC3DFFFFFF00003B
:10F3E0000000280A0000000000005FFF7FFF0050BF
:10F3F00028AA0300030000000000003F14000000E2
:10F4000000000000000000000000000000000000FC
:10F4100000000000003FFFFFAA00F0FF000FF5F51D
:10F42000AFB405B400000000000400000000000FAD
:10F43000000000000000000000002000BEEB3CC304
:10F4400000003C3C00FFF0F00300080805FFFFFF50
:10F45000000000043F3F7F7F0000000C05FFFFFF1E
:10F4600000000000280A0000000000000FFF3FFF1E
:10F47000005028000000C30000000000000314003A
:10F48000000000000000000000000000000000007C
:10F49000000000000000003F007FAA00F0FF000F06
:10F4A000F5F5AF140514C0000000040000000000D2
:10F4B000000F000000000000000000000000BFEF8F
:10F4C0003FCF00003C3C00FFF0F04000000800107F
:10F4D00000082090000000000000009000000000E4
:10F4E00000000000000000900008000000000090F4
:10F4F0000000040000080000000000000000000000
:10F5000000000000000000000000000000001100EA
:10F5100000000000000000100000000000080000D3
:10F52000000040000000000000000010000000008B
:10F5300000900000000020100010210000000000DA
:10F540004000201040900000000000080000000073
:10F5500000000000000000000000000000000000AB
:10F56000000000000000000000000000000000009B
:10F57000000000000000000000000000000000008B
:10F58000000000000000000000000000000000007B
:10F59000000000000000000000000000000000204B
:10F5A000000000000000002000210010000000000A
:10F5B0000008000000000010000000000021000012
:10F5C0000000000000000000000000080000000033
:10F5D00000000000008800000000000000000000A3
:10F5E000000000000010000000000000000000000B
:10F5F00000000000000000000010000000000000FB
:10F6000000000000000000000000000000000000FA
:10F6100000000000000000000000000000000000EA
:10F6200000000000000000000000000000000000DA
:10F6300000000000000000000000001000000000BA
:10F6400000000000000000000000000000000000BA
:10F650000021000000000010001000100021000038
:10F66000000800110010001100100011000000211E
:10F670000000000800050011001000100008000341
:10F680000000000000100003000200030000000062
:10F690000000000000080000000800080010000042
:10F6A0000000000000000010000000000003000047
:10F6B0000000000000000000000300000010000037
:10F6C0000000000000000008000500000008001114
:10F6D0000010410000A0030005000010038400009A
:10F6E000100000040000000000000084001000086A
:10F6F000000010000310000000000008008200005D
:10F70000000805000082000000A000000000008248
:10F7100000000000000000000000001000000000D9
:10F7200000080000000000000000000000000010C1
:10F730000000000000A00000000002000000051012
:10F740000000000000000082000000000000050032
:10F75000000000A000080003004100410005002156
:10F7600084100021840020050003002100410021B5
:10F77000004100210041000500410000840000100C
:10F7800084008400000000040003842100210000A4
:10F790000005000000000003C00300080000100086
:10F7A00000210000002100210003000300100021BF
:10F7B000000302080000000300210010C0038400C1
:10F7C0000010822100210005001000210010000817
:10F7D0000003000500030000000000080000000016
:10F7E000000009000000040000000000000000000C
:10F7F0000000000000000000000000000000000009
:10F8000011000000000000000400000000000000E3
:10F8100000000000000000001100000000000000D7
:10F820000000000000001100400000000000400047
:10F8300000000000000000000000000000000000C8
:10F840000000000000000000000000004000100068
:10F850000000000000000000004100000002000065
:10F860000000000000000000000000000000000098
:10F870000000000000000000000000000000000088
:10F880000000000000000000000000000000000078
:10F890000000000000000000000000000000000068
:10F8A0000000000000000000000000000000000058
:10F8B0000000000000000000000000000000000048
:10F8C0000000000000000000000000000000000038
:10F8D0000000000000000000000000000000100018
:10F8E000000000000082000800100000000000007E
:10F8F0001000000000000300000000000082000073
:10F90000001000000010000000A000000000000037
:10F9100000000000000000000000000000000000E7
:10F9200000000000000000100000000000000000C7
:10F930000000000000000000000000000082000045
:10F940000000410000000000000000000000000076
:10F950000000000000000000000000000021001076
:10F9600084030221900800080020000802210021E1
:10F970000021000000210005C0212000C000000877
:10F980004008020000210021000584004000002101
:10F99000002100050008C01000030221000000083B
:10F9A000C003004100030021000500210008C0053C
:10F9B000002100000021000800050000C000020036
:10F9C00010050021000300030000000000210021B9
:10F9D000000000050003002100000010000000826C
:10F9E000000010400090022000080000009000007D
:10F9F000002000000020000200900090000411028E
:10FA0000000204C00984040000000000020000405D
:10FA1000008800000088000000900082008800003C
:10FA200000080000000000100000000000000000BE
:10FA30000008000400A00004008800C0000200408C
:10FA4000412010000000000000900020008800000D
:10FA50000000110000A000404002090000C00000AA
:10FA60000000000000000000000000000000002076
:10FA70000000000000000000000000000000000086
:10FA80000000000000000000000000000000000076
:10FA90000000000000000000000000000000000066
:10FAA0000000000000000000000000000000000056
:10FAB0000000000000000000000000000000000046
:10FAC0000000000000000000000000000000000036
:10FAD0000000000000000000000000000000000026
:10FAE0000000000000000000000000000000000016
:10FAF0000000000000000000000000000000000006
:10FB000000000000000000000000000000000000F5
:10FB100000000000000000000000000000000000E5
:10FB200000000000000000000000000000000000D5
:10FB300000000000000000000000000000000000C5
:10FB400000000000000000000000000000000000B5
:10FB500000000000000000000000000000000000A5
:10FB60000000000000000000000000000000000095
:10FB70000000000000000000000000000000000085
:10FB80000000000000000000000000000000000075
:10FB90000000000000000000000000000000000065
:10FBA0000000000000000000000000000000000055
:10FBB0000000000000000000000000000000000045
:10FBC0000000000000000000000000000000000035
:10FBD0000000000000000000000000000000000025
:10FBE0000000000000000000000000000000000015
:10FBF0000000000000000000000000000000000005
:10FC000000000000000000000000000000000000F4
:10FC100000000000000000000000000000000000E4
:10FC200000000000000000000000000000000000D4
:10FC300000000000000000000000000000000000C4
:10FC400000000000000000000000000000000000B4
:10FC500000000000000000000000000000000000A4
:10FC60000000000000000000000000000000000094
:10FC70000000000000000000000000000000000084
:10FC80000000000000000000000000000000000074
:10FC90000000000000000000000000000000000064
:10FCA0000000000000000000000000000000000054
:10FCB0000000000000000000000000000000000044
:10FCC0000000000000000000000000000000000034
:10FCD0000000000000000000000000000000000024
:10FCE0000000000000000000000000000000000014
:10FCF0000000000000000000000000000000000004
:10FD000000000000000000000000000000000000F3
:10FD100000000000000000000000000000000000E3
:10FD200000000000000000000000000000000000D3
:10FD300000000000000000000000000000000000C3
:10FD400000000000000000000000000000000000B3
:10FD500000000000000000000000000000000000A3
:10FD60000000000000000000000000000000000093
:10FD70000000000000000000000000000000000083
:10FD80000000000000000000000000000000000073
:10FD90000000000000000000000000000000000063
:10FDA0000000000000000000000000000000000053
:10FDB0000000000000000000000000000000000043
:10FDC0000000000000000000000000000000000033
:10FDD0000000000000000000000000000000000023
:10FDE0000000000000000000000000000000000013
:10FDF0000000000000000000000000000000000003
:10FE000000000000000000000000000000000000F2
:10FE100000000000000000000000000000000000E2
:10FE200000000000000000000000000000000000D2
:10FE300000000000000000000000000000000000C2
:10FE400000000000000000000000000000000000B2
:10FE500000000000000000000000000000000000A2
:10FE60000000000000000000000000000000000092
:10FE70000000000000000000000000000000000082
:10FE80000000000000000000000000000000000072
:10FE90000000000000000000000000000000000062
:10FEA0000000000000000000000000000000000052
:10FEB0000000000000000000000000000000000042
:10FEC0000000000000000000000000000000000032
:10FED0000000000000000000000000000000000022
:10FEE0000000000000000000000000000000000012
:10FEF0000000000000000000000000000000000002
:10FF000000000000000000000000000000000000F1
:10FF100000000000000000000000000000000000E1
:10FF200000000000000000000000000000000000D1
:10FF300000000000000000000000000000000000C1
:10FF400000000000000000000000000000000000B1
:10FF500000000000000000000000000000000000A1
:10FF60000000000000000000000000000000000091
:10FF70000000000000000000000000000000000081
:10FF80000000000000000000000000000000000071
:10FF90000000000000000000000000000000000061
:10FFA0000000000000000000000000000000000051
:10FFB0000000000000000000000000000000000041
:10FFC0000000000000000000000000000000000031
:10FFD0000000000000000000000000000000000021
:10FFE0000000000000000000000000000000000011
:10FFF0000000000000000000000000000000000001
:020000040003F7
:1000000000000000000000000000000000000000F0
:1000100000000000000000000000000000000000E0
:1000200000000000000000000000000000000000D0
:1000300000000000000000000000000000000000C0
:1000400000000000000000000000000000000000B0
:1000500000000000000000000000000000000000A0
:100060000000000000000000000000000000000090
:100070000000000000000000000000000000000080
:100080000000000000000000000000000000000070
:100090000000000000000000000000000000000060
:1000A0000000000000000000000000000000000050
:1000B0000000000000000000000000000000000040
:1000C0000000000000000000000000000000000030
:1000D0000000000000000000000000000000000020
:1000E0000000000000000000000000000000000010
:1000F0000000000000000000000000000000000000
:1001000000000000000000000000000000000000EF
:1001100000000000000000000000000000000000DF
:1001200000000000000000000000000000000000CF
:1001300000000000000000000000000000000000BF
:1001400000000000000000000000000000000000AF
:10015000000000000000000000000000000000009F
:10016000000000000000000000000000000000008F
:10017000000000000000000000000000000000007F
:10018000000000000000000000000000000000006F
:10019000000000000000000000000000000000005F
:1001A000000000000000000000000000000000004F
:1001B000000000000000000000000000000000003F
:1001C000000000000000000000000000000000002F
:1001D000000000000000000000000000000000001F
:1001E000000000000000000000000000000000000F
:1001F00000000000000000000000000000000000FF
:1002000000000000000000000000000000000000EE
:1002100000000000000000000000000000000000DE
:1002200000000000000000000000000000000000CE
:1002300000000000000000000000000000000000BE
:1002400000000000000000000000000000000000AE
:10025000000000000000000000000000000000009E
:10026000000000000000000000000000000000008E
:10027000000000000000000000000000000000007E
:10028000000000000000000000000000000000006E
:10029000000000000000000000000000000000005E
:1002A000000000000000000000000000000000004E
:1002B000000000000000000000000000000000003E
:1002C000000000000000000000000000000000002E
:1002D000000000000000000000000000000000001E
:1002E000000000000000000000000000000000000E
:1002F00000000000000000000000000000000000FE
:1003000000000000000000000000000000000000ED
:1003100000000000000000000000000000000000DD
:1003200000000000000000000000000000000000CD
:1003300000000000000000000000000000000000BD
:1003400000000000000000000000000000000000AD
:10035000000000000000000000000000000000009D
:10036000000000000000000000000000000000008D
:10037000000000000000000000000000000000007D
:10038000000000000000000000000000000000006D
:10039000000000000000000000000000000000005D
:1003A000000000000000000000000000000000004D
:1003B000000000000000000000000000000000003D
:1003C000000000000000000000000000000000002D
:1003D000000000000000000000000000000000001D
:1003E000000000000000000000000000000000000D
:1003F00000000000000000000000000000000000FD
:10040000000000000000FFFFFFFFFFFFFFFFFFFFF6
:10041000FFFFFFFFFFFFFFFFFFFFFFFFFFFFFFFFEC
:10042000FFFFFFFFFFFFFFFFFFFFFFFFFFFFFFFFDC
:10043000FFFFFFFFFFFFFFFFFFFFFFFFFFFFFFFFCC
:10044000FFFFFFFFFFFFFFFFFFFFFFFFFFFFFFFFBC
:10045000FFFFFFFFFFFFFFFFFFFFFFFFFFFFFFFFAC
:10046000FFFFFFFFFFFFFFFFFFFFFFFFFFFFFFFF9C
:10047000FFFFFFFFFFFFFFFFFFFFFFFFFFFFFFFF8C
:10048000FFFFFFFFFFFFFFFFFFFFFFFFFFFFFFFF7C
:10049000FFFFFFFFFFFFFFFFFFFFFFFFFFFFFFFF6C
:1004A000FFFFFFFFFFFFFFFFFFFFFFFFFFFFFFFF5C
:1004B000FFFFFFFFFFFFFFFFFFFFFFFFFFFFFFFF4C
:1004C000FFFFFFFFFFFFFFFFFFFFFFFFFFFFFFFF3C
:1004D000FFFFFFFFFFFFFFFFFFFFFFFFFFFFFFFF2C
:1004E000FFFFFFFFFFFFFFFFFFFFFFFFFFFFFFFF1C
:1004F000FFFFFFFFFFFFFFFFFFFFFFFFFFFFFFFF0C
:10050000FFFFFFFFFFFFFFFFFFFF000000000000F5
:1005100000000000000000000000000000000000DB
:1005200000000000000000000000000000000000CB
:1005300000000000000000000000000000000000BB
:1005400000000000000000000000000008000000A3
:10055000000000000000000000000000000000009B
:10056000000000000000000000000000000000008B
:10057000000000000000000000000000000000007B
:10058000000000000000000000000000000000006B
:10059000000000000000000000000000000000005B
:1005A000000000000000000000000000000000004B
:1005B000000000000000000000000000000000003B
:1005C00000000000000000000000000000000041EA
:1005D00000000041000000000000000000000000DA
:1005E000000000000000000000000000000000000B
:1005F00000000000000000000000000000000000FB
:1006000000000000000000000000000000000000EA
:1006100000000000000000000000000000000000DA
:1006200000000000000000000000000000000000CA
:1006300000000000000000000000000000000000BA
:1006400000000000000000000000000000000000AA
:10065000000000000000000000000000000000009A
:10066000000000000000000000000000000000008A
:10067000000000000000000000000000000000007A
:10068000000000000000000000000000000000006A
:10069000000000000000000000000000000000005A
:1006A000000000000000000000000000000000004A
:1006B000000000000000000000000000000000003A
:1006C000000000000000000000000000000000002A
:1006D000000000000000000000000000000000001A
:1006E000000000000000000000000000000000000A
:1006F00000000000000000000000000000000000FA
:1007000000000000000000000000000000000000E9
:1007100000000000000000000000000000000000D9
:1007200000000000000000000000000000000000C9
:1007300000000000000000000000000000000000B9
:1007400000000000000000000000000000000000A9
:100750000000000000000000000000000000000099
:100760000000000000000000020000000000000087
:100770000000000000000000000000000000000079
:100780000000000000000000000000000000000069
:100790000000000000000000000000000000000059
:1007A0000000000000000000000000000000000049
:1007B0000000000000000000000000000000000039
:1007C0000000000000000000000000000000000029
:1007D0000000000000000000000000000000000019
:1007E0000000000000000000000000000000000009
:1007F00000000000000000000000000000000000F9
:1008000000000000000000000000000000000000E8
:1008100000000000000000000000000000000000D8
:1008200000000000000000000000000000000000C8
:1008300000000000000000000000000000000000B8
:1008400000000000000000000000000000000000A8
:100850000000000000000000000000000000000098
:100860000000000000000000000000000000000088
:100870000000000000000000000000000000000078
:100880000000000000000800000000000000000060
:100890000000000000000000000000000000000058
:1008A0000000000000000000000000000000000048
:1008B0000000000000000000000000000000000038
:1008C0000000000000000010000000000000000018
:1008D0000000000000000000000000000000000018
:1008E00000000000000000000010000000000000F8
:1008F00000000000000000000000000000000000F8
:1009000000000000002000000010000000000000B7
:1009100000000000000000000000000000000000D7
:1009200000000000000000000000000000000000C7
:1009300000000000000000000000000000000000B7
:1009400000000000000000000000000000000000A7
:100950000000000000000000000000000090000007
:100960000000000000000000000000000000000087
:1009700000000000000000C00000000000000000B7
:1009800000000000000000000000000000000084E3
:100990000000000000000000000000000000000057
:1009A0000000000000000000000000000000000047
:1009B0000000000000000000000000000000000037
:1009C0000000000000000000000000000000000027
:1009D0000000000000000000000000000000000017
:1009E0000000000000000000000000000000000007
:1009F00000000000000000000000000000000000F7
:100A000000000000000000000000000000000000E6
:100A100000000000000000000000000000000000D6
:100A200000000000000000000000000000000000C6
:100A300000000000000000000000000000000000B6
:100A400000000000000000000000000000000000A6
:100A50000000000000000000000000000000000096
:100A60000000000000000000000000100000000076
:100A70000000000000000000000000A000000000D6
:100A80000000008400000000000000A00000000042
:100A900000000084000000000000000000000000D2
:100AA0000000000000000000000000000000001036
:100AB0000000000000000000000000000000000036
:100AC0000000000000000000000000000000000026
:100AD0000000000000000000000000000000000016
:100AE0000000000000000000000000000000000006
:100AF00000000000000008410800000000000000A5
:100B000000000000000500000000000000000000E0
:100B100000000000000010000000000000000000C5
:100B200000000000000000000000000000000000C5
:100B300000000000000000000000000000000000B5
:100B400000000000000000000000000000000000A5
:100B50000000000000000000000000000000000095
:100B60000000000000000000000000000000000085
:100B70000000000000000000000000000000000471
:100B80000000000000C000000000000000000000A5
:100B90000000000400000000000000000000000051
:100BA0000000000000000000000000000000000045
:100BB0000000000000000000000000000000000035
:100BC0000000000000000000000000000000000025
:100BD0000000000000000000000000000000000015
:100BE0000000000000000000000000000000000005
:100BF00000000000000000000000000000000000F5
:100C000000000000000000000000000000000000E4
:100C100000000000000000000000000000000000D4
:100C200000000000000000000000000000000000C4
:100C300000000000000000000000000000000000B4
:100C400000000000000000000000000000000000A4
:100C50000000000000000000000000000000000094
:100C60000000000000000000000000000000000084
:100C70000000000000000000000000000000000074
:100C800000000000000000000000008400000000E0
:100C900000000000000000000000008400000000D0
:100CA0000000000000000000000000000000000044
:100CB0000000000000000000000000000000000034
:100CC0000000000000000000000000000020000004
:100CD000000000000000A00000050000000000006F
:100CE0000000000000000000000000000000000004
:100CF0000000A0000005000000000000000000004F
:100D000000000000004100000000000000000000A2
:100D100000000000000000000000000000000000D3
:100D200000000000000000000000000000000000C3
:100D300000000000000000000000000000000000B3
:100D400000000000000000000000000000000000A3
:100D50000000000000000000000000000000000093
:100D60000000000000000000000000000000000083
:100D70000000000000000000000000000000000073
:100D80000000000000000000000000000000000063
:100D90000000000000000000000000000000000053
:100DA0000000000000000000000000000000000043
:100DB0000000000000000000000000000000000033
:100DC0000000000000000000000000000000000023
:100DD0000000000000000000000000000000000013
:100DE0000000000000000000000000000000000003
:100DF00000000000000000000000000000000000F3
:100E000000000000000000000000000000000000E2
:100E100000000000000000000000000000000000D2
:100E200000000000000000000000000000000000C2
:100E300000000000000000000000000000000000B2
:100E400000000000000000000000000000000000A2
:100E50000000000000000000000000000000000092
:100E60000000000000000000000000000000000082
:100E70000000000000000000000000000000000072
:100E80000000000000000000000000000000000062
:100E90000000000000000000000000000000000052
:100EA0000000000000000000000000000000000042
:100EB0000000000000000000000000000000000032
:100EC0000000000000000000000000000000000022
:100ED0000000000000000000000000000000000012
:100EE0000000000000000000000000000000000002
:100EF00000000000000000000000000000000000F2
:100F000000000000000000000000000000000000E1
:100F100000000000000000000000000000000000D1
:100F200000000000000000000000000000000000C1
:100F300000000000000000000000000000000000B1
:100F400000000000000000000000000000000000A1
:100F50000000000000000000000000000000000091
:100F60000000000000000000000000000000000081
:100F70000000000000000000000000000000000071
:100F80000000000000000000000000000000000061
:100F90000000000000000000000000000000000051
:100FA0000000000000000000000000000000000041
:100FB0000000000000000000000000000000000031
:100FC0000000000000000000000000000000000021
:100FD0000000000000000000000000000000000011
:100FE0000000000000000000000000000000000001
:100FF00000000000000000000000000000000000F1
:1010000000000000000000000000000000000000E0
:1010100000000000000000000000000000000000D0
:1010200000000000000000000000000000000000C0
:1010300000000000000000000000000000000000B0
:1010400000000000000000000000000000000000A0
:101050000000000000000000000000000000000090
:101060000000000000000000000000000000000080
:101070000000000000000000000000000000000070
:101080000000000000000000000000000000000060
:101090000000000000000000000000000000000050
:1010A0000000000000000000000000000000000040
:1010B0000000000000000000000000000000000030
:1010C0000000000000000000000000000000000020
:1010D0000000000000000000000000000000000010
:1010E0000000000000000000000000000000000000
:1010F00000000000000000000000000000000000F0
:1011000000000000000000000000000000000000DF
:1011100000000000000000000000000000000000CF
:1011200000000000000000000000000000000000BF
:1011300000000000000000000000000000000000AF
:10114000000000000000000000000000000000009F
:10115000000000000000000000000000000000008F
:10116000000000000000000000000000000000007F
:10117000000000000000000000000000000000006F
:10118000000000000000000000000000000000005F
:10119000000000000000000000000000000000004F
:1011A000000000000000000000000000000000003F
:1011B000000000000000000000000000000000002F
:1011C000000000000000000000000000000000001F
:1011D000000000000000000000000000000000000F
:1011E00000000000000000000000000000000000FF
:1011F00000000000000000000000000000000000EF
:1012000000000000000000000000000000000000DE
:1012100000000000000000000000000000000000CE
:1012200000000000000000000000000000000000BE
:1012300000000000000000000000000000000000AE
:10124000000000000000000000000000000000009E
:10125000000000000000000000000000000000008E
:10126000000000000000000000000000000000007E
:10127000000000000000000000000000000000006E
:10128000000000000000000000000000000000005E
:10129000000000000000000000000000000000004E
:1012A000000000000000000000000000000000003E
:1012B000000000000000000000000000000000002E
:1012C000000000000000000000000000000000001E
:1012D000000000000000000000000000000000000E
:1012E00000000000000000000000000000000000FE
:1012F00000000000000000000000000000000000EE
:1013000000000000000000000000000000000000DD
:1013100000000000000000000000000000000000CD
:1013200000000000000000000000000000000000BD
:1013300000000000000000000000000000000000AD
:10134000000000000000000000000000000000009D
:10135000000000000000000000000000000000008D
:10136000000000000000000000000000000000007D
:10137000000000000000000000000000000000006D
:10138000000000000000000000000000000000005D
:10139000000000000000000000000000000000004D
:1013A000000000000000000000000000000000003D
:1013B000000000000000000000000000000000002D
:1013C000000000000000000000000000000000001D
:1013D000000000000000000000000000000000000D
:1013E00000000000000000000000000000000000FD
:1013F00000000000000000000000000000000000ED
:1014000000000000000000000000000000000000DC
:1014100000000000000000000000000000000000CC
:1014200000000000000000000000000000000000BC
:1014300000000000000000000000000000000000AC
:10144000000000000000000000000000000000009C
:10145000000000000000000000000000000000008C
:10146000000000000000000000000000000000007C
:10147000000000000000000000000000000000006C
:10148000000000000000000000000000000000005C
:10149000000000000000000000000000000000004C
:1014A000000000000000000000000000000000003C
:1014B000000000000000000000000000000000002C
:1014C000000000000000000000000000000000001C
:1014D000000000000000000000000000000000000C
:1014E00000000000000000000000000000000000FC
:1014F00000000000000000000000000000000000EC
:1015000000000000000000000000000000000000DB
:1015100000000000000000000000000000000000CB
:1015200000000000000000000000000000000000BB
:1015300000000000000000000000000000000000AB
:10154000000000000000000000000000000000009B
:10155000000000000000000000000000000000008B
:10156000000000000000000000000000000000007B
:10157000000000000000000000000000000000006B
:10158000000000000000000000000000000000005B
:10159000000000000000000000000000000000004B
:1015A000000000000000000000000000000000003B
:1015B000000000000000000000000000000000002B
:1015C000000000000000000000000000000000001B
:1015D000000000000000000000000000000000000B
:1015E00000000000000000000000000000000000FB
:1015F00000000000000000000000000000000000EB
:1016000000000000000000000000000000000000DA
:1016100000000000000000000000000000000000CA
:1016200000000000000000000000000000000000BA
:1016300000000000000000000000000000000000AA
:101640000000000000000000000000000000080092
:10165000000000000000000000000000000000008A
:1016600000002000200020002000000002000000F8
:10167000000000000000000000000000000000006A
:10168000000000000000040004000000040000004E
:10169000000000000000000008000000000004003E
:1016A0000000000000000000000011002100040004
:1016B000000000000000000000000000000000002A
:1016C000000000000000000000000000000000001A
:1016D0000100000000000000000000000000000009
:1016E00000000000010001000100010000000100F5
:1016F00000000000000000000000000000000000EA
:1017000000000000000000000000000000000100D8
:1017100000C0000000000000000001000000000008
:1017200001000000000000000000000000000000B8
:1017300000000000000000000000000000000000A9
:101740000000000000000000000000000000000099
:101750000000000000000000000000000000000089
:101760000200000180000000800000200000000056
:1017700080000040020000200020800400002000C3
:1017800020001103000400040000A000200020003D
:1017900020000000000000000000000000008000A9
:1017A000040080008400000008008800110000018F
:1017B0000000000180008000200020002000800048
:1017C00080008420200080002000201000A1040060
:1017D00000200003000000000000000000000000E6
:1017E0000000010000202000000004000080000034
:1017F00000002000008001000080008008800000C0
:1018000001000100009000800480040003000141F9
:1018100001000100000000000000000000000021A5
:1018200008000100082009410021012105000410E1
:101830000420000004402000200001210100054197
:1018400020002000208001002000010001800040D5
:101850000000008000840000000000000000000084
:101860000000000000000000000000000000000078
:101870000000000000000040000004208020000064
:1018800000040004000400000000000000000090BC
:1018900000400000004000008040004000900040F8
:1018A000008400880002000000C000C000000002A8
:1018B00000840000000000C00000002000C0008480
:1018C00000900020008400A000A0004000840020C0
:1018D0000084000000C000000000000000000000C4
:1018E00000000000000000000000000000000000F8
:1018F00000000000000000000000000001800880DF
:1019000000000080000000800000000000000000D7
:101910000000000000000000000020800000000027
:101920000080000000000000000000000000000037
:101930000000000000000000000000000080000027
:101940000000000000800000000000000080000097
:101950000080000000000000000080000000000087
:101960000000000000000000000021200000042012
:1019700004100000000083010000900080000000BF
:1019800000000004000400040020830000000000A8
:101990000000800080000000002000000000000027
:1019A000210004000410040080008000800000205A
:1019B0000021000000050000008400000000040079
:1019C00004000084880000A000000400210400003E
:1019D0000400040108000000080190000400000059
:1019E0000000000000000000000000000080000077
:1019F0000180018000000000201000002041200034
:101A0000000000000085A080008000900800000019
:101A100000000000020002000000008000800000C2
:101A200000000000010001900100080008002000F3
:101A30000080C084C00000C000030000000000104F
:101A4000010001000021090000000021012100C166
:101A500000100100A11001210021082040410000D8
:101A60000000000000001000000000000000401016
:101A700002000000090005A00000000000880288A4
:101A80000800110002000020020000000088000091
:101A90000000001021000010000000840020000061
:101AA0002000204120102040200020882090208409
:101AB000000000040000000000020004000000100C
:101AC0000000001000200420098400A0040000C0D1
:101AD000044002004020040041A0041021C04184C1
:101AE00000000000000000000000000000000000F6
:101AF00000000100000000000000000000000000E5
:101B000000000000000000000000010000000000D4
:101B10000000000000000000000000000000008045
:101B2000000001000120010001000100010001008E
:101B300001000000008000000000000000800000A4
:101B40000000000000000080018000000000000094
:101B50000000000001000080010000000180000082
:101B60000000000000000000000000000000000075
:101B70000000040000000000001000000010000041
:101B80008000024000C000000004000000840091BA
:101B9000000000100011808400000040001000844C
:101BA00000100000000000A000C00000808400A021
:101BB00000880090000480A041010004008400A07F
:101BC00000040005200000A000000000880004C000
:101BD000004000C000C041C0C12008840010A10026
:101BE00021A11005000000000000000000000041DD
:101BF000000000000141000000000080000000051E
:101C000000000205018000000000008000100000BC
:101C100000400000C00000200405000000C10000DA
:101C20000041100000000000000000000000200043
:101C3000000000000000008008000010008000008C
:101C40000000008010A00105000500000000211028
:101C50000100008000000041000004C101008280FA
:101C60000400100482A0000000000000200000001A
:101C700000000000000000800289098008880083BD
:101C80000509008000000003850910110080001084
:101C90008009094040040240000088114008008388
:101CA000880940000080000000030009088000004F
:101CB000000300090000000000030009000000000C
:101CC00000034089C080008000038009900000006C
:101CD00000030009800000000003080988000000DC
:101CE00003031110A190200000000000000020005C
:101CF0000000000000000000408885858988009071
:101D00000083010940C0900000018501850000109A
:101D10000000C00100010100010108008300000073
:101D20000083838901900010000000014009901099
:101D3000000800010001200000C0000100011000A7
:101D400000C0000904110240004000010801090020
:101D5000000000010801080000000001C0010900A6
:101D6000000001838989094101040000000000008E
:101D70000000000000000000000088008500888846
:101D800001C110001100C008C11182000900C08803
:101D9000C10209A008001000830885008801A00284
:101DA000820900000100000001C1000088008900D4
:101DB000100011010091C100001001010011C100CB
:101DC00000900101400011004000C1014000890065
:101DD00088004183080041000000830104014100A4
:101DE0000400C1911000040090C083C000000000F6
:101DF0000000000000000000000000008004C1009E
:101E0000808003890904C100000003090002210049
:101E100080800311C00880008202891008400010F1
:101E2000C080910500084100000003890000000205
:101E3000410080008309004041000080030900C088
:101E400041000000030900094100800083090011DE
:101E500041000000038900404100000083090008A0
:101E6000410000000309880940000480A00200002E
:101E700000000000000000000000000000000080E2
:101E800000808009800309090000C00900030000E8
:101E90000082091100834082008809820004408882
:101EA0000011119008030000000091090083000058
:101EB000000000800509000300000200080900037B
:101EC00000000200080900030080008008890083E8
:101ED00000000000000900830080000000090003EA
:101EE00000000000000980834082000504A100C0BA
:101EF00000000000000000000000000000000000E2
:101F000000A084C0A0C188C100000088850100092C
:101F1000000800C101C002890011000801840010FE
:101F200000110041001101010010C082A14110897F
:101F30000040008208C011050841000001C00101F5
:101F40009001000001C00101900100088208881181
:101F500000A10008004000890011A090000000913D
:101F6000009100A000A000918811009188A104A117
:101F70008883000000000000000000000000000056
:101F8000000182400000400040888388C0000500B6
:101F9000100883890300C000028891089010900007
:101FA000081082914084900010908540409040003D
:101FB000880000008590049000000988014000908E
:101FC0000000000001900090000000008541089092
:101FD000A084400809104090890010089111C08821
:101FE000400008088310C082100088C09005C00916
:101FF0008801400400000000000000000000000014
:1020000000000010804000000008008003901100D4
:102010000200808083830400111180800900080879
:1020200009040980000300080008800089000000FE
:10203000000080000000834000000000100003004A
:1020400000000000090003000000000011008308E8
:1020500080000080108003C0000004008000039016
:10206000000000000900838980808000100080103B
:102070000084002000008241000000000BD000001E
:102080000000000000008242000BD0000000128817
:102090000009D00000008242000BD00021008160C6
:1020A000000B900000000000000BD0004281008176
:1020B000000BD000210000000081000BD0000000C8
:1020C0008181000BD00000008181000BD000000056
:1020D0000081000BD00000008141400BD00000487F
:1020E0008281400BD00000008141800BD000410074
:1020F0000660400BD06011000000000000000000EE
:10210000000000000000000000000000FF000000D0
:102110000F0000003C0000000F0000000F00000056
:10212000002F000B30F0F0F000000000FF000F2740
:10213000FFFF0000FF00000000003C3C0000FF002B
:1021400000003C3C0000FF0000003C3C0000FF00A1
:1021500000003C3C0000FF0000000F0F0000FF00EB
:1021600000003C3C0000FF0000003C3C0000FF0081
:10217000000000000000AA5555AA02082081008036
:10218000000000000000000000000000000000004F
:1021900000000F0000003C0000000F0000000F00D6
:1021A0000000002F000B30000000000000000000C5
:1021B0000F27FFFF0000FF00000000003C3C000074
:1021C000FF0000003C3C0000FF0000003C3C000021
:1021D000FF0000003C3C0000FF0000000F0F00006B
:1021E000FF0000003C3C0000FF0000003C3C000001
:1021F000FF0000000000000055AAAA5500000210D0
:102200000840000000000000000000000000000086
:1022100000000000000000000000000000000000BE
:1022200000000000000000000000000000000000AE
:10223000000000000000000000000000000000009E
:10224000000000000000000000000000000000008E
:10225000000000000000000000000000000000007E
:10226000000000000000000000000000000000006E
:10227000000000000000000000000000000000005E
:102280000000000000000000000000000000003C12
:10229000003C0000F0F0000000FF000030300000C3
:1022A00000F00000F0F00000000018001899060689
:1022B0002626003C6666000000FF0000F0F00000EB
:1022C000000000FF0000F0F0000000FF0000F0F050
:1022D000000000FF0000F0F0000000FF0000F0F040
:1022E000000000FF0000F0F0000000FF0000F0F030
:1022F000000000FFFFFF0F0FF00FFF0055AAAA55C7
:1023000000000000000000000000000000000000CD
:10231000003C003C000000000000000000003030E5
:10232000000000F000000000F0F0C0FC18181818C1
:1023300000002020003C0000000000FF0000F0F042
:102340000000000000FF0000F0F0000000FF0000AF
:10235000F0F0000000FF0000F0F0000000FF0000BF
:10236000F0F0000000FF0000F0F0000000FF0000AF
:10237000F0F0000000FFFFFF0F0FF00F00FFAA5565
:1023800055AA00009090000000000000001000001E
:1023900000000086C0C433804903C0C5C0C433B048
:1023A0004903C0C7C0E4338043030086007C01902A
:1023B0000000000600B000A20080C0C6C07C3090C3
:1023C00049030000C0C7C0BC30904903C041C0FCF5
:1023D00033304903C041C0FC33304903C0C7C0BCDF
:1023E00030904903C0C7C0BC33C04D03C0C7C0BC98
:1023F00033904D03C0C3C0FC33C0450300860ABC04
:102400000340240000000000000000000000000065
:1024100000000000DFDFFFFF00000000AAAAA3C346
:102420000F0FF0F0FFFFFFBEC3C20000010BA1AB16
:1024300000001414C0C0A0000C550C55A25100009F
:102440000C0C00FC0000EBC32800507CFFFF0000D8
:10245000AAAA0F0F00000000AAAA0F0F0000140084
:10246000B4A041FF4FFF996666999966669966998F
:102470009966C33C3CC3C33C669999666699996664
:102480006699AA55669900010000000080000000CE
:10249000000000000000DFDFFEFE5B530F03AAAA6E
:1024A000AC3C0F0FF0F0FFFAFFBEFFFF0000515BE6
:1024B000F1FB000000040000A0000C000C00F30081
:1024C00000000C0CA8FC0000EBC32800003CFFFF40
:1024D0000000AAAA0F0F00000000AAAA0F0F000018
:1024E0001400B4A000FF0FFF66999966669999667B
:1024F000669999663CC3C33CC33C996666999966E4
:102500006699996655AA66990000000000000000CF
:1025100000000000000000024141005000000000E7
:1025200000F000FFC3870F0FC3C3C3C36960690016
:1025300000000000000F14FF0000000000FF5555D0
:10254000FFFFCFFF00000000000078287828AAF0E5
:1025500000C300003C3C0F0F000000003C3C0F0F8C
:102560000000FB3BF838D75082500000000099660D
:1025700066990000000099993333000000009966C5
:10258000669910D01CDCCC33969600000000000049
:102590000000000000000000000055550000E00BA6
:1025A000E00B00F000003C2D0F0FC3C3C3C36960F4
:1025B000696000000000000F14FF000000000CFC28
:1025C0000000AAAA8AAA00000000000028282828E3
:1025D000AAF0FFC300003C3C0F0F000000003C3C91
:1025E0000F0F0000CB0BC808D7FA82FA00000000DA
:1025F00066999966000000006666333300000000AB
:102600006699996613D31FDF33CC69690000000017
:102610000000000021000000000000000000000099
:10262000000020000000000000000000000000008A
:102630000000000000002100000000000000000079
:102640000000200040000000040000000000000026
:102650002100800084000000200000002000040011
:102660000800040004000000000008001100000041
:102670000400000011001100110000001100000012
:102680000000000000000400040404000400000036
:10269000000000000000000000000000000000003A
:1026A0000000000001000000000000000000000029
:1026B000000000000000000000000000000000001A
:1026C000000000000100010000000100000000C047
:1026D00000000000040005000000010000000100EF
:1026E00001000100010001000000000001000000E5
:1026F00000000000000000000000000000000000DA
:102700000000000000000000010001800100010045
:1027100000000000000000000000000000000000B9
:102720008000900080008000040040000400000051
:102730000000000000000900080180A00000040063
:102740000000000100000001000000202000000047
:1027500000000000000091008020800000200000A8
:10276000002020008000A1002000002011000000B7
:10277000110100000800000080000000002000A0FF
:102780000420200000000000000000010000000103
:102790000001000000000000000008000000000030
:1027A0000000040005000400040001000100010015
:1027B0000000000000000000000005020200000010
:1027C0000100000000400000001000000080010037
:1027D00000000000000000000400048020000480CD
:1027E00000000080011120002000A10000A00009CD
:1027F00000000020000000219000081100000000EF
:102800000000009101000021000000000004000011
:1028100000040004000000000000000000000000B0
:1028200000000000000000000084800000000000A4
:10283000000000000040800000C00002000100A075
:10284000000080A000080008000000000011001037
:10285000800100C0000000000010000000A0000384
:102860000001000800090000001000000000001036
:1028700000000010008400000000000100A00082A1
:1028800000840000002000208083802000010000E0
:102890000040004000000000000000000000400078
:1028A0000000000000008200000000002000000086
:1028B000000000020000001120040000C00300100E
:1028C000000000000405008200A100410040000259
:1028D0000090100800090000000000040000001033
:1028E00000820020009100A0000084000000000091
:1028F0000003000000800003000000000020000032
:10290000822100008400C08300A104200480C02034
:10291000C010008000808221000000000000000044
:102920000000000000000000000880A08008A00453
:102930000020002000208020000040002000200116
:102940008540000800000003000000002000000097
:1029500000001000809180000000000002000000D4
:10296000000040000420A08404210090C110052034
:1029700010204100C1000004C100008510880088BB
:10298000100085004100800084A00000800100004C
:1029900004000000000000004100000000000000F2
:1029A000000000000000000000000080040004801F
:1029B0000580008000800080208000000100010070
:1029C0000120020000A1000000A000000000830020
:1029D000002100000100200404000080000000002D
:1029E00000000000010083801100018800000480C5
:1029F0000080908000002000008020000020100057
:102A00008400000020001009200021000040202048
:102A100000000103000000000000000900000000A9
:102A20000000000000004000000009000400000059
:102A300002040200202020400000004000884000E6
:102A4000202002009085000240A184200000110097
:102A500000000020000000C10040000400002082AF
:102A600004040421201105008020000004840000DB
:102A70000000002003882000000000000400000087
:102A80000202000004000482001003000000840120
:102A9000100010404120000041A010001000000074
:102AA0000000000500000000000000000000010020
:102AB0000000000500200109011100024000404112
:102AC00005000041C109200288200804218000106F
:102AD000000500001085002100200000008000009B
:102AE0000100018001A001A000400480000301104A
:102AF00000210000008084001103C0000040C0409D
:102B0000022011110041110000008410004000005B
:102B10000520C0110041849000008400000088005E
:102B200000000000000000000000000000000000A5
:102B300004010410040020100000008400010000C3
:102B4000208282000400000085C1008885A080A04A
:102B5000000800A00020002000400220000000101B
:102B6000000002C184204020080400020402200862
:102B70000920000180A000A000A0004000A01010CB
:102B80000010840090A18400100400C08010000098
:102B900009C0102041A100011004008800A0030119
:102BA0004191000000000000000000000000000053
:102BB0000000010201000100010000000000880483
:102BC0000000830009000300820008040040200088
:102BD00020000080080000800080000001800000CC
:102BE0000000000000402180018001A100800180E0
:102BF00001800080002004000000000000000000B0
:102C0000C00000212100020421038280A0002000D6
:102C10000000840000808210000400850000000095
:102C20000040004000000000000000000000000024
:102C30000000000091000000000800880082404071
:102C400041880008101091094110090991099091DB
:102C50002009098310008502A00240020040000301
:102C600011400310000009080009218508890000AF
:102C700080000900200080831109410000000083CA
:102C80000589058000800083820988000080000398
:102C900000090400000000031189910000000003F6
:102CA00002094100000000000000000000000000D8
:102CB00000000000000088888888088300881011C0
:102CC0008484111100A00101890101010101910811
:102CD0000208010401C00000400083000100000060
:102CE00000000000000000000089904109110191DE
:102CF00000008200000001008883858511C000006B
:102D000000830111C0C090400011C011C01000909C
:102D100000010001000000000083010508200040C0
:102D20000001040189000000000000000000000014
:102D30000000010000000002080090088801888857
:102D400091008500A1C011C0820188884189851148
:102D50009000A0849001831184018840890082C181
:102D6000000000008800828800008901C1828585FA
:102D70008391A100880009C005018801A000890095
:102D8000C1C1820040004140038991008400880055
:102D900021010200020021020301880120000388B2
:102DA00001C1C010C00009900583000000000000B0
:102DB0000000080010000000008011001080802139
:102DC00089A020092000404083804002808021C1EA
:102DD0008389000800001021890988100080A10063
:102DE0008589000300008000800800000811C100F0
:102DF0008591899102000921A0000310800900003B
:102E0000A100838900400000A10003092120800067
:102E1000000003110000000021800309800200006F
:102E2000A180038900850000A10003890000000043
:102E30000000000000000000000000000009008009
:102E400009910083000300C0108200880240001135
:102E50000909408809098005008911830010008054
:102E60000089801104104110418203C0000011103C
:102E700080C18010C010002100911002800300006A
:102E800000002109808300808080C1890003000048
:102E9000808080890003000000804089008300005A
:102EA000808000098083000008000509008300007D
:102EB000000000000000000000000000000000080A
:102EC000900200C00089002040A0C01100110190B4
:102ED00000410191118301A0C0C11085048900A0A7
:102EE000008400A188C000010101010908820000DE
:102EF000018988C1A089899140A100890141884147
:102F00000082A0A00183888300028210A0850809A6
:102F10000008020810030091000800C00085028923
:102F200000C08888C00988830090008201894041E0
:102F30000000000000000000000000000000900001
:102F400088408891C1000811C004A1081000A0A009
:102F500089018801910191821100051105000990F4
:102F60008291C18403009088888990909000908914
:102F700000408388A109A101C08902C18809840198
:102F80000041A18388209000888803888320020064
:102F90000000838941204000202001890120000099
:102FA00000A009892120A00090020589C1401000DD
:102FB00002A000000000000000000000000000006F
:102FC0000000040091408800C009000940C0830946
:102FD00009008909401110101080094005050900F9
:102FE000C10089830511A0080200001100840000BF
:102FF000008800008380A0098221008900038020CE
:1030000080400008898380008000808003820480E3
:10301000000000008383048000000000038204801D
:1030200000000000038304808000008083A004006F
:103030008000800000000000000000000000000B85
:10304000D0000BD081840009900000002184000989
:10305000900000001242000BD00000880060000BBE
:10306000D00000000660000BD00021810000400964
:10307000D080000000000000000BD0000000824261
:10308000000BD00021000042000BD00006000042DF
:10309000000BD0000A008242000BD0000600414223
:1030A000000BD00000008242400BD04021000042C3
:1030B000000BD000005000000000000000000000E5
:1030C000000000000000009000063CC36969280A67
:1030D000280A00F030305100A2F303C0028000043F
:1030E00000380808040800000C0000FF14FF00006E
:1030F0000000000000000000555A0FF00000FFFF24
:1031000000000000000F00000000FFFF000000FFB3
:10311000000000FF000000FF000000FF000000FFB3
:10312000000000FF000000FF000000FF000000FFA3
:10313000000000FF000000FF000000000000000091
:103140000008000028802800900006003CC3696940
:10315000280A280A00F030300000F3F300C3008290
:103160000000003C0404000C00000000007D00FF93
:10317000000000000000300000000000000051517D
:1031800000550000000000000F030000FFFF0000DA
:1031900000FF000000FF000000FF000000FF000033
:1031A00000FF000000FF000000FF000000FF000023
:1031B00000FF000000FF000000FF00000000000012
:1031C0000000104000100800020833333333343459
:1031D0001414003C00F01455CCCC0708D7284182C9
:1031E00041415FDFFFFF00AAAAAACFFFCFFFFF2860
:1031F000FF000C140C000000AAAA0000D020F00070
:10320000DF0020000000000000000000FF000000C0
:10321000FF000000FF000000FF000000FF000000B2
:103220003C3C0000FF000000FF000000FF00000029
:10323000FF000000FF000000FF0000000000000091
:1032400000000000000000000000000033333333B2
:1032500034341414003C00F01400CCCC0F00FF00F8
:1032600055AA55555FFFFFFF00AAAAAACFFFCFFFBF
:10327000FF00BE000C000C000000AAAA0000F00035
:10328000F000FF0000000000000000030001FF004C
:103290000000FF000000FF000000FF000000FF0032
:1032A00000003C3C0000FF000000FF000000FF00A9
:1032B0000000FF000000FF000000FF000000000011
:1032C0000000000000000000000000000000008678
:1032D000008C038900000086009C038000A000860B
:1032E000006C0320001000060264009204000086B7
:1032F00000E40380000000060060A0082015000024
:10330000088200B000880000A086503CA39900A568
:10331000C0C6C09C30004903C0C7C0DC3090490320
:10332000C0E7C0DC33C04D03C0C7C07C3390490345
:10333000C0E7C09C33404D03C0C7C0FC30B0490358
:10334000000000000000000000000009590000001B
:103350000F000C0C30003F0000000000080A8A0A31
:1033600000FF00EFA581003CD5FFC0FFFF00FF007C
:10337000FF3CF0AAFF00EF002000000000FFAAAA17
:10338000000088280AAAF30020F0FFFFF000F7FFF2
:10339000FFFFFF0FFF0FF5550C3CFF0AFF0010BFAA
:1033A000BFBF0FF0996699666699000000003C3C2B
:1033B0003DFF9966669933CC5AA50F55C30055BE9B
:1033C000A0A0000000000000000000000020B000ED
:1033D000B1000C0C0C0C3C003C00FE02FA0A000A86
:1033E000AA0A003000205541003CD5D5C0C00200DB
:1033F000F200003CF0AAFF00FF000000000000FF08
:10340000AAAA00002828A000F30000F0FFFFF000A7
:1034100000000C00FF0FBF4FFAAA06960A0A000030
:1034200010BFBFBF0FF09966669999660000000053
:103430003C3C3DFF6699996633CC5AA50F55C3FFB6
:10344000000000000000000000000000000000007C
:103450000000000051551000303020705555545078
:10346000C2C300C300000000393C0000D7C35500B0
:103470000F0F0000000000007EFFC30000000000EE
:10348000AAAA55AA0000FF50FFD005050069000058
:103490000000C3FFF3FF05FFFAFA827D00FFFF7D06
:1034A00000AA0F3F003C99666699996666990000EC
:1034B0000000E0FF00FF9966669999669966000032
:1034C0000000FFFFFFFF00000000000000000002FE
:1034D000C0124803400051551000303020700105E3
:1034E0000000000100C3000000003C3C0000F7F3B6
:1034F000F5F003073C28000000007E7E00C30000BA
:103500000000555500FF0000FFD0FFD00505006901
:1035100000000000EBEBFBFB05FFFAFAF2FDF0FF09
:10352000F07800AA003C003C669999666699996615
:1035300000000000EFFF0FFF669999666699669993
:10354000000000007FFFFFFF0000000000000000FF
:10355000000000000000000000000000000000006B
:103560000000020000000040000000000000000019
:10357000000000000000410000000000000000000A
:1035800009000000210000000000020003002100EB
:103590000000000000000000040000000000000027
:1035A000050004002100002020A004000000040009
:1035B00000400008000000000000000000000000C3
:1035C00000000000000000000000000000000000FB
:1035D0000000000000000000000000008400000067
:1035E00000000000000000000000000000000000DB
:1035F00000000000000000000000000000000000CB
:1036000000000000000000000000000000000000BA
:1036100000000000000000000000000000000000AA
:10362000000000000000000000000000000000009A
:1036300000000000000000009000000008000000F2
:10364000000000000000000000000000000000007A
:10365000000000000000000000000000000000006A
:103660000000000010000000210009000000000020
:103670000000000400000000000000000000000046
:10368000000000000000000000000000000000003A
:103690000000000000000000000000A0000000008A
:1036A00041000000000000000000000000200000B9
:1036B00000000000200000000000000004000000E6
:1036C00000000820002000000000000000000000B2
:1036D00000000000000000000000000000000000EA
:1036E0000000000000000000A0000000000000003A
:1036F00000000000000000000000000000110000B9
:1037000000000000000000000000000000000000B9
:103710000000000020002000000000000000000069
:1037200000000000C0200020000000000000000891
:103730000000000000000021000000009040001187
:10374000000000000000002000000000000904004C
:103750000000000000000000000000000000000069
:1037600000000000000000000288020000000200CB
:1037700008000000000008000900040420000900FF
:10378000090000000000000000000200000000002E
:10379000000008000000000009000000000000C058
:1037A000000000000000040000000000040000C051
:1037B00000000500004000000000000000000008BC
:1037C00000100000000000020010050000000000D2
:1037D0000000000000000000000000009000000059
:1037E000001000000200000000200020000500047E
:1037F000000000000004402104110040000000000F
:1038000000200400000090000010000000000005EF
:1038100000100000000000000021841000000040A3
:103820000000000000210040000000000000000037
:103830000000000010000000C0100004000300039E
:10384000000000080021C00000021000000300007A
:103850000010400000000000000000000000000018
:103860000000000000200088002000200008000068
:1038700000000000090000000000000000200020FF
:1038800000000000000000000082000000000000B6
:103890000000000000000000000000000000000028
:1038A00000000000000000900088020000000000FE
:1038B00000001000004000C0108200000000000462
:1038C000000400402000004000A00040004000082C
:1038D00000C0000011000000000000000000000017
:1038E0000000000000000000000000000000004197
:1038F00088000000902100088808000000030000F4
:1039000000008841000000110000000000000004D9
:103910000000000000000000900000000000000017
:10392000200000210000000000000205000000103F
:1039300000002000041000212000021100090200F4
:103940000003000082000003200920000810A000EE
:1039500000000003A000C000000000000000000004
:103960000000000000000000000000000000000057
:10397000000000000000000000000000092000A07E
:1039800000000000000000000000009000000000A7
:103990000000000000000000000000000000000027
:1039A0000000000000000000000000000002000015
:1039B0000000000000000000000000000082000085
:1039C000040000080000000000900000000000005B
:1039D00000000000000000000000000000000000E7
:1039E00000000005000000000004400004408820A2
:1039F0000440022020200209020408000003000005
:103A000008214009821100119000C011000000102F
:103A10000200000010000000002100000000000073
:103A200000008803840084000005001000000000EE
:103A30000000000000000000000240009000004173
:103A400000050008000000000000000000058400E0
:103A50000002000300001000000000210000000030
:103A60000000000000000000000000000000000056
:103A70000000000000000000000000000000000046
:103A80000000008200000000002000900000000004
:103A90000000000000000000000004000000090019
:103AA00011000000004000000000001000000000B5
:103AB000008400000000042000000000000000005E
:103AC0000000000000900000024000000000040020
:103AD000000000000000008800400000000000001E
:103AE00000000000000000080000000000000408C2
:103AF0000000040800080008004002000241000025
:103B000020038808884000009011901120000200D6
:103B1000A0000000000000000000020004000000FF
:103B2000A00000000040000004040000000010009D
:103B300000000000002000009003001100050008B4
:103B4000201100210011902000110403C011201148
:103B500088000240A009000910042003200520006D
:103B60000000000000000000000000000000000055
:103B70000000000000000000000000000000000045
:103B80000000000000000000000000000000000035
:103B90000000000000000000000000000000000025
:103BA0000000000000000000000000000000000015
:103BB0000000000000000000000000000000000005
:103BC00000000000000000000000000000000000F5
:103BD00000000000000000000000000000000000E5
:103BE00000000000000000000000000000000000D5
:103BF00000000000000000000000000000000000C5
:103C000000000000000000000000000000000000B4
:103C100000000000000000000000000000000000A4
:103C20000000000000000000000000000000000094
:103C30000000000000000000000000000000000084
:103C40000000000000000000000000000000000074
:103C50000000000000000000000000000000000064
:103C60000000000000000000000000000000000054
:103C70000000000000000000000000000000000044
:103C80000000000000000000000000000000000034
:103C90000000000000000000000000000000000024
:103CA0000000000000000000000000000000000014
:103CB0000000000000000000000000000000000004
:103CC00000000000000000000000000000000000F4
:103CD00000000000000000000000000000000000E4
:103CE00000000000000000000000000000000000D4
:103CF00000000000000000000000000000000000C4
:103D000000000000000000000000000000000000B3
:103D100000000000000000000000000000000000A3
:103D20000000000000000000000000000000000093
:103D30000000000000000000000000000000000083
:103D40000000000000000000000000000000000073
:103D50000000000000000000000000000000000063
:103D60000000000000000000000000000000000053
:103D70000000000000000000000000000000000043
:103D80000000000000000000000000000000000033
:103D90000000000000000000000000000000000023
:103DA0000000000000000000000000000000000013
:103DB0000000000000000000000000000000000003
:103DC00000000000000000000000000000000000F3
:103DD00000000000000000000000000000000000E3
:103DE00000000000000000000000000000000000D3
:103DF00000000000000000000000000000000000C3
:103E000000000000000000000000000000000000B2
:103E100000000000000000000000000000000000A2
:103E20000000000000000000000000000000000092
:103E30000000000000000000000000000000000082
:103E40000000000000000000000000000000000072
:103E50000000000000000000000000000000000062
:103E60000000000000000000000000000000000052
:103E70000000000000000000000000000000000042
:103E80000000000000000000000000000000000032
:103E90000000000000000000000000000000000022
:103EA0000000000000000000000000000000000012
:103EB0000000000000000000000000000000000002
:103EC00000000000000000000000000000000000F2
:103ED00000000000000000000000000000000000E2
:103EE00000000000000000000000000000000000D2
:103EF00000000000000000000000000000000000C2
:103F000000000000000000000000000000000000B1
:103F100000000000000000000000000000000000A1
:103F20000000000000000000000000000000000091
:103F30000000000000000000000000000000000081
:103F40000000000000000000000000000000000071
:103F50000000000000000000000000000000000061
:103F60000000000000000000000000000000000051
:103F70000000000000000000000000000000000041
:103F80000000000000000000000000000000000031
:103F90000000000000000000000000000000000021
:103FA0000000000000000000000000000000000011
:103FB0000000000000000000000000000000000001
:103FC00000000000000000000000000000000000F1
:103FD00000000000000000000000000000000000E1
:103FE00000000000000000000000000000000000D1
:103FF00000000000000000000000000000000000C1
:1040000000000000000000000000000000000000B0
:1040100000000000000000000000000000000000A0
:104020000000000000000000000000000000000090
:104030000000000000000000000000000000000080
:104040000000000000000000000000000000000070
:104050000000000000000000000000000000000060
:104060000000000000000000000000000000000050
:104070000000000000000000000000000000000040
:104080000000000000000000000000000000000030
:104090000000000000000000000000000000000020
:1040A0000000000000000000000000000000000010
:1040B0000000000000000000000000000000000000
:1040C00000000000000000000000000000000000F0
:1040D00000000000000000000000000000000000E0
:1040E00000000000000000000000000000000000D0
:1040F00000000000000000000000000000000000C0
:1041000000000000000000000000000000000000AF
:10411000000000000000000000000000000000009F
:10412000000000000000000000000000000000008F
:10413000000000000000000000000000000000007F
:10414000000000000000000000000000000000006F
:10415000000000000000000000000000000000005F
:10416000000000000000000000000000000000004F
:10417000000000000000000000000000000000003F
:10418000000000000000000000000000000000002F
:10419000000000000000000000000000000000001F
:1041A000000000000000000000000000000000000F
:1041B00000000000000000000000000000000000FF
:1041C00000000000000000000000000000000000EF
:1041D00000000000000000000000000000000000DF
:1041E00000000000000000000000000000000000CF
:1041F00000000000000000000000000000000000BF
:1042000000000000000000000000040000000000AA
:1042100000041040000000000000000080000000CA
:10422000000000002100004000100000000000001D
:1042300000202000001020000000000011100400E9
:104240002000200000000000000008001100110004
:1042500020002000200000000000030000000400F7
:1042600004000400002009000000040104000440D0
:1042700000000000210021020000040000000000F6
:10428000000000000000000000000000010000002D
:10429000000000800180000082000000000020007B
:1042A000000000000000000000800000000000008E
:1042B00000000080000000000100000000C00000BD
:1042C00001000100010000000000000001000000EA
:1042D000000001000100010000400000000000009B
:1042E000000000000000000000000000014000008D
:1042F00000800000000002000080000000000000BC
:1043000000000000000000000000000000000000AD
:1043100080000000000009101000004000000004B0
:1043200000008000000000008000000000A00000ED
:10433000000000000000800080000000000000007D
:104340000800002000000000800080418000800103
:10435000000004A0020004000000042080002000EF
:10436000000003008000000000000341000000A0E6
:1043700000000000004080010004C0040005A021EE
:10438000000000000000000000000000000000002D
:1043900000001000000000000080C000008000004D
:1043A0008280000040000000C000400000000000CB
:1043B00000000000000000002000200000000000BD
:1043C00000000100008000000000200820C0204103
:1043D00004208400850001000100200001902000DD
:1043E00011000020002120000000002090900021FA
:1043F0000400000000200090044004C105880082F1
:104400000584000000000000000000000000000023
:104410000000000011002100020004000800090053
:10442000029000000088000041000210A00002116C
:1044300020002020042000200000000080880000D0
:1044400002210000000000000000000000000082C7
:104450000000000000000001030000000000004018
:104460000208000804890240040000840020004083
:10447000804080A000200082804000C000000084B6
:1044800000400002000000000000000000000000EA
:104490000000000000000000000001000004010412
:1044A0000004000400000000000000000000030001
:1044B0000104010001C1008000800008880008009C
:1044C0000000018400000000000000000000000067
:1044D000000000000000000000400000000000009C
:1044E00000840100000001200100010000000080A4
:1044F00000052021200000800000040000000000D2
:10450000000000002080000000000000000000000B
:10451000110000000000000000888000820020845C
:1045200000010000000089048000A0008004A100B8
:104530000000210080004100000200000202100083
:10454000200000000000000020002000002080006B
:1045500000001000001000048001800020200010E6
:10456000001020000400044120840200418400A0C7
:104570000000051084820500040100C0000100C095
:104580000001001100000088000000000000000091
:104590000000000000000000000000000400030311
:1045A0000000001088050403400040004100400066
:1045B00040000008000040000011008084000180DD
:1045C000000000100000000000800100010000C198
:1045D000200000000405000004912020200000C1FC
:1045E000000010092108100501A011002000204141
:1045F000000000219080030004008904C011822083
:104600000021080200208400840500000000000052
:104610000000000000000400000040002000000036
:10462000020000402104800400000288214002882A
:1046300000908083000080410585208200010000F9
:104640000000028804000220028800000000000030
:10465000050041A00000001009A0020000000010A9
:104660000000000009400084040220000040050012
:1046700005A084880083048403000900040000C0AE
:104680002140000000200084002000000000000005
:104690000000000088000000000000000000000092
:1046A00000200100200000800800000001090080B7
:1046B00000210000042000000290002000000804F7
:1046C0000011000000000100008000000000000058
:1046D00000000000002100000000000001000000B8
:1046E00000000000000000000000010000000000C9
:1046F00000000000050000040100000000000000B0
:1047000000000000000000800000008000000000A9
:104710000000000000000000000000000000800019
:104720000401040084000388004000C005021184D5
:10473000020400842088200180A0091103201001B8
:1047400080A08040800004400010020003000000B0
:10475000000000A000001190000004A00400848468
:10476000000000A00010200491C0411004000008C7
:10477000002020A003202000000080A11120412063
:10478000411000A1100410040001000800010041C4
:104790000000000000000000000000000000000019
:1047A000400300200000200904000480040084A0CD
:1047B000000020802009C1000120401000820080FC
:1047C000000240004000400001C100080100000854
:1047D00000000000001000000041001000008800F0
:1047E00002000421040004000480040500000110FC
:1047F000001000008340008089048240040400907F
:104800004080000900200084841000040000C040A3
:104810000040000000000000000000000000000058
:10482000000080210410A19005C1108380A0408564
:1048300011008083400803000080008391880200FB
:1048400000800003890008000009000304099100AA
:104850000080000000030009000000000003800940
:104860004000000080038009080000008003000968
:104870000800000000838509A18000000003800972
:10488000000000000003890908000000000080000B
:104890008300000000000000000000000000000095
:1048A00000000000849005011109008508830205BD
:1048B0001105000008090088082090108883A020B6
:1048C000018208100001A10001000000880589058F
:1048D000208400C000000001100100000000000161
:1048E0000201400090001001100121000000880129
:1048F00084011100000020030385020400009001E0
:10490000040120000000000111014000000000002F
:104910000200820000000000000000000000000013
:1049200000000000000010002008094085842001DC
:1049300041082104828288010884040805C02000FF
:1049400040000400C102901010000204A100880879
:10495000050088029101000082A01000A0888383D6
:1049600002000300C000A1910811C1004082119112
:10497000902041000220A103400003004000C1013B
:1049800008038500A0020909C010110010400305AA
:1049900008A088088810C000000000000000000087
:1049A00000000000000000000840A000051189A1DF
:1049B000091002800209848008038005008003C179
:1049C00080058010880083890000800800000300B3
:1049D000808041008000030900000010800080807A
:1049E000838500034100000003890041A10000000D
:1049F00083050040C100800003890000C1008000E1
:104A0000830900894100000083090083C100008000
:104A10008389800000900000000500000000000075
:104A20000000000000000000000000038080002162
:104A3000800300830008902005A0801100000580FD
:104A40008003000000008211808380001000008934
:104A5000008300008480048980830000000000003F
:104A60000009000300800080088900030000108016
:104A700008090083000002002009808300000080F4
:104A80008809000300804180008980830000038042
:104A90000889800305000205418000000000000035
:104AA00000000000000000000000000000102020B6
:104AB00000050211001000A10205A183A0008800DA
:104AC00082848801A00240889190882182A000C041
:104AD0000084040500028904040508830000000422
:104AE00000100011000900400020012104410008CD
:104AF000000800891003000801400009041100208B
:104B0000882041C1002100020010000540830008F8
:104B100001080109824104C0008800080208000061
:104B20000000000000000000000000000000000481
:104B3000210301008900031085110900C091A0889C
:104B400010401000C0A0A104C0A08400020201888F
:104B500000100000000001A10040000000C00000A3
:104B6000C1898920C000A00083898320840020049B
:104B70004189A182A000A0880989411040008802D3
:104B8000A188018200002004118909408800108852
:104B9000C1880382A0000210000000100000000283
:104BA0000000000000000000000000000000000005
:104BB0001180888408051000082010C140110909DF
:104BC00000908080800000028305800088008000C3
:104BD0000300008000111100090200000000000025
:104BE0000000039184000011000083C004008000D5
:104BF000000083C004000000000003830480000064
:104C0000008003A104000000008003C00400000035
:104C10000000038804000000808000000085000080
:104C20000080000000000000000000000000000004
:104C3000000041600009D0000000218400099000BC
:104C4000004841420009D00021000642000BD0007C
:104C5000000081420009D00041001242000BD00048
:104C6000000000008242000BD00000601242000BE6
:104C7000D00000001242000BD00000001242000BD6
:104C8000D00042008242000BD00000001242000B14
:104C9000D00000001242000BD00041821242000BF3
:104CA000D0000081000000000000000000000000B3
:104CB00000000000008200143C00FFFF60FF606005
:104CC000EF80E781FFFFFFFF3C3C00000F0F00007B
:104CD000FF0000003C3C0000FF000000FFFF000060
:104CE000FF0000000000FF000000FF000000FF00C8
:104CF0000000FF000000FF000000FF000000FF00B8
:104D00000000FF000000FF000000FF000000FF00A7
:104D10000000FF000000FF000000FF000000000096
:104D2000FFFF00000F0F0000000000000000000067
:104D3000000000000000820014003C003C3C7CFFAE
:104D40007C7C7F107E18000000003C3C00000F0FB0
:104D50000000FF0000003C3C0000FF000000FFFFDF
:104D60000000FF0000000000FF000000FF00000046
:104D7000FF000000FF000000FF000000FF00000037
:104D8000FF000000FF000000FF000000FF00000027
:104D9000FF000000FF000000FF000000FF00000017
:104DA0000000000000000F0F0000000000000000E5
:104DB00000000000000000000000000000000000F3
:104DC00000000000000000000000000000000000E3
:104DD00000000000000000000000000000000000D3
:104DE00000000000000000000000000000000000C3
:104DF00000000000000000000000000000000000B3
:104E000000000000000000000000000000000000A2
:104E10000000000000000000000000000000000092
:104E20000000000000000000000000000000000082
:104E3000000000000000000000000000003000033F
:104E400003006600F000CCEEFFFF000000FF000052
:104E50003C3C000000FF000000FF00003C3CFFFF66
:104E60000000000000FF0000F0F00000000000FF64
:104E70000000FFFF000000FF0000F0F0000000FF56
:104E80000000F0F0000000FF0000F0F0000000FF64
:104E90000000F0F0000000FF0000F0F0000000FF54
:104EA000FFFF0F0FFFFF000066660000000000001C
:104EB00000000000000000000000000000000030C2
:104EC000008F0F006600F000CC880000000000FF9B
:104ED00000003C3C000000FF000000FF00003C3CE4
:104EE000FFFFFFFF000000FF0000F0F000000000E7
:104EF00000FF00000000000000FF0000F0F00000D4
:104F000000FF0000F0F0000000FF0000F0F00000E3
:104F100000FF0000F0F0000000FF0000F0F00000D3
:104F200000FFFFFF0F0F000000006666000000009A
:104F300000000000000000000000000000000086EB
:104F4000009C03A90000008604FC03100000A2C618
:104F500051FCA3944945A2C5515CA1944945A2C7FF
:104F6000517403B44140C0C6C0FC33B049030000D3
:104F7000C047C03C31A04903C0C3C07C33B0490323
:104F8000C0C7C0FC33B04903C0C7C0FC33B049033D
:104F9000C0E7C0DC33C04D03C0C7C0FC33B0490319
:104FA000C0C7C0FC33B04103A88654FCA3B20015AF
:104FB00000000000000000000000000000000000F1
:104FC000003C003CEFFFFFFF22110000C0C050F08A
:104FD0002080080200AA00AA20000000000055510D
:104FE00000000000240000000000000000003F1549
:104FF0000000DF20FF00F0C0C0CCBAFA5150D10051
:105000000100010F000000151415000A30F0101007
:1050100003C3C3C33C3C996666990000AA3CFF0FDA
:10502000F0000087AA87140C140C00000000F500A3
:105030003000000000000000000000000000000040
:10504000000000AA00AAFFFFFFFF00002211C0C05D
:1050500000A01040040100AA00AA00000000000007
:1050600000040000000081000000000000003F1567
:1050700000000000FF00EF00FFFFFFFFFAFA5050B2
:10508000000000000C07000000011401000A3000BD
:10509000101000C0C3C33C3C6699996600F0000044
:1050A0003C0C30005587FF870000003C00000000EA
:1050B00005003000000000000000000000000000BB
:1050C000000000005151101000F0303000FF0FF0D0
:1050D000C3FF17178F82FFFF3DC7FFFF9000CC0073
:1050E000FFFBAAAA000000003FFCFFFF003CF0FC11
:1050F000AFAAEFEB0000000000003F3F033F0000BD
:105100000000AAAA0000000000003F7FFFFF00008F
:105110000000CFC0A0A0A55A5AA5996666990000C4
:1051200000000D0D0030000000000A000A00000021
:10513000000000000035000000000000000000003A
:105140000000000000005151101000F03030FF004E
:105150000FF0003C17178F828F8238C20000A0002A
:105160003C00FFFFAAAA000000003FFCFFFFAABE10
:10517000FAFE0F00CFC30000000000000303033F4E
:1051800000000000AA2A0000000000000F5FFFFFDF
:1051900000000000CFC0AFAF5AA5A55A6699996626
:1051A000000000000101003000000000001400BEFB
:1051B00000000000000000350000000000000000BA
:1051C00000000000000000008800000000008400D3
:1051D000200000002000201000000000000000005F
:1051E000000000000000000040000020000020102F
:1051F000000020002100000000001100110002004A
:10520000000000001100400000000000000011003C
:105210002100210021002000200004000420402063
:10522000402000000400008800040000000084000A
:1052300040000000400004000400000000000000E6
:105240000000000008000000000041000000000015
:10525000410001000000010001800000000000008A
:1052600000000000000000090000040000800000B1
:105270000180000001000000000000C000000000EC
:10528000010000000000000000000000000000001D
:10529000000000000000000001000100000000808C
:1052A000A0800080000000000000008000000000DE
:1052B00004000000000000000000000000000000EA
:1052C00000000000000000000000000000000000DE
:1052D00000000000000000000000000020000000AE
:1052E00000000000A0008083000220028400848867
:1052F000840088000000004000000400000020013D
:105300002041200120018900201020008000800021
:105310008040800000200020822004000400000162
:105320000000020010000010800100910001001038
:1053300080008020802102009000004000000000DA
:10534000000000000000000000000000400000001D
:1053500088000000000000000000000000000100C4
:1053600000000000A000090020400000010009002A
:105370000921090005004000000040004100000034
:10538000012001200120012008000100011020005F
:105390002000208020214002008020800100012088
:1053A000002000000400000000200240000800105F
:1053B00040200221020002820111054000C10000CC
:1053C00000000000000000000000000000000000DD
:1053D0000004C000800020004001C000C000400068
:1053E000002080100000400000C100A0002000004C
:1053F0008401800380010802000008000000000012
:105400000000000000A000000000000000000000FC
:1054100000100084001000820484000000000010CE
:1054200000000010001000A000A0000100010020FA
:105430000010000100840084000000020084008548
:105440001120000000000000000000008800400063
:105450000000008021104000890821200521410022
:105460000311C0100400C020010500100011040049
:10547000040009200820041001000221010000009E
:1054800000000000000000000000C0000400000058
:1054900000000008000000000020112100418800E9
:1054A0000003000000102000001000000020004059
:1054B00010800090A02000050010001100210003C2
:1054C0000004008000000000000000000000001048
:1054D00000000000080200201120000204008000EB
:1054E00002910000030000020003040209401104BD
:1054F00041048002204020902000104180004000A4
:105500002000200000000000008441000000000492
:1055100080110420004000020088200220908002B8
:105520001111104000881100204020040211401188
:1055300002418220401120000001800390000011F0
:10554000040220098021000000000000000000008B
:1055500000000000000001800080008000889100B1
:1055600040008802000000000082008201800000EC
:105570000000008020000100010001000020200048
:1055800000000100010000C0000000000000000059
:1055900000800840C180C0800000000000000005BD
:1055A0002010004000800000000001808480012065
:1055B000002082A0020008840100C0201004200006
:1055C0000020010900080284000000000000000023
:1055D000000000000000090000000400400100403D
:1055E0004000200011C0404000000082000000C0C8
:1055F0000000001000200000410180008088008928
:10560000000000000008030000000000000000008F
:10561000000000100000008400001000408404001E
:10562000000000A0000000C009C080400084048485
:105630000088000041400084C0000082008402A075
:10564000008409C00584048408840005000000006B
:1056500000000000000000000000400041050104BF
:1056600000A08921052000058509882102058210F6
:1056700040100003008084900021001008020410F4
:1056800000204000C000C000841000000000001195
:105690000040882100000000000200000403000414
:1056A0000021001000410000000300002000000065
:1056B000010800000003000040200205C009880323
:1056C00000210000C00002000109040000000000E9
:1056D0000000000000000000000000004000840006
:1056E0000000400000204084000002008003880287
:1056F00084C000A0001021A000001120000005823D
:1057000000204110100005001000100000000010E3
:105710000500000000000000058809010041008428
:105720000500008200830000050041A003840410EE
:10573000020041C0410109C08085049000209120F1
:10574000A010201000A09040908420C10011000003
:105750000000000000000041000000000000010007
:10576000400000000100008001000041000040A056
:1057700020804100000900800040000200800000FD
:105780009000000084900000000000000000000075
:1057900000000000000000000000000040200004A5
:1057A000001000050000000400091000000088003F
:1057B000A000002000000004002110200110408003
:1057C0002080054101000003200020000020000887
:1057D00000000000000000000000000000000000C9
:1057E00000838010210000800083000005800000FD
:1057F00000830000118000910003A00980000000D8
:105800000083000900800000000380090000000000
:10581000000000030009030000000003800980006D
:1058200000000003A109410000000003000900007E
:1058300000008003800905000000000980090809B4
:105840000008401180040590030811A08984089085
:10585000418800000000000000000000000000007F
:10586000000000210288000800200021A0C04004A0
:10587000001000050000050400020001C101020043
:10588000000000830001082000A088010201200020
:1058900000000000000140010000000000010801BC
:1058A000A000000000014001A100000088010001EB
:1058B000080000001001100190000000000002002C
:1058C0000500000110088290040901089003058575
:1058D0008809010300000000000000000000000033
:1058E000000000002000900008008384A001100147
:1058F000040011858200A0084020A1000000C00023
:10590000900083C000000400050083010000000037
:1059100001000101000040A0100021A08501080045
:105920001000880283892001040005200105C010B1
:105930008400891021410041000001C0010308A03A
:10594000410011209000081189000802890290206E
:1059500008009040882000000000000000000000C7
:1059600000000000000000000011800083A000087B
:105970000308000003901000008480000300000270
:105980008000000083C100418000A1008309000065
:1059900000002100030900000000800021008309AD
:1059A000914080008080830580028000A1000389EF
:1059B0000008000021808309009000002100038975
:1059C000410020000500050303908841098008A1DB
:1059D00040830402408040040000000000000000FA
:1059E000000000000000000000808010888080839C
:1059F00005000005100000830011000000800083F6
:105A0000008000804109008300800080A18980839C
:105A100000800000008900830000000040001109A0
:105A2000000300800080200900830080008000893E
:105A3000808300000400080900030000080000093A
:105A40000003102103A1092000A0A105211121417B
:105A500089824110A1098208C008000000000000EE
:105A600000000000000000000000080202C08204E4
:105A7000C0054090849089100011C004C00000044B
:105A80000003004000400091008300040002A021B8
:105A900040830002000800030083000000400188EA
:105AA0000041A0210090000400090083000400C010
:105AB00000858841000000000101040100200090E1
:105AC0000089A08900820110008920A12189849188
:105AD000024040100511104010A1114100000000CB
:105AE0000000000000000000000000008541882048
:105AF000000020C083110000840000A005100400F5
:105B0000C00002002105208408008800838901A0CC
:105B100020000200018801A00000000000000188B0
:105B200001A000000088918883A0900090108988CF
:105B300089A020008800918982A08200040209883F
:105B400041A00800080082100800909088C002213F
:105B500008048803881004204004820040080000E4
:105B600000000000000000000000000000009005A0
:105B70008000001000008303000085000000830007
:105B80008000000080008902800080110000838274
:105B900004008000000003800400000000000000FA
:105BA000038304000000000003890400000000805B
:105BB0000380040000000000030800000000918042
:105BC000038004000000800080888002000400033D
:105BD0008020801100A00080000000410002000031
:105BE00000000000000000000000000000000000B5
:105BF0001281000B900400608241000990000A00AD
:105C000081420009D00000001242000BD0000000C9
:105C10008241000BD00000001141000BD0000000B9
:105C2000000021420009D00000008288000BD00053
:105C300000000041000BD00000000660000BD00007
:105C400000001182000BD00000001281000BD00078
:105C500011001182000BD00082600642000BD000C0
:105C60000000000000000000000000000000000034
:105C700000000000FFFF00000F0F00000F0F0000EA
:105C80000F0F0000FFFF00003C3C0000FFFF000082
:105C900000FF000000FF000000FF000000FF000008
:105CA00000FF0000000000FF000000FF000000FFF8
:105CB000000000FF000000FF000000FF00003C3C6F
:105CC000000000FF000000FF000000FF00000000D7
:105CD0003FFFFFFF0000000055FFFFFF0000000036
:105CE000140003C3000000000000000000000000DA
:105CF000000000000000FFFF00000F0F00000F0F6A
:105D000000000F0F0000000000003C3C0000FFFFFF
:105D1000000000FF000000FF000000FF000000FF87
:105D2000000000FF0000000000FF000000FF000076
:105D300000FF000000FF000000FF000000FF000067
:105D40003C3C000000FF000000FF000000FF0000DE
:105D500000003FFFFFFF000000003F3F3F3F00000B
:105D6000000014000300000000000000000000001C
:105D7000000000000000FF000000FFFF0000FFFF28
:105D80000000F0F000003C3C0000C3C3FFFFFF0038
:105D90000000FFFF0000FF000000FF000000FF0008
:105DA0000000FF0000000000FF000000FF000000F6
:105DB000FF0000003C3C0000FF000000FF0000006E
:105DC000FF000000FF000000FF00000000FFFFFFD9
:105DD00000000F033C203C0000AF0C00AC00F000C2
:105DE00003E00320000F0C0A000000000000000088
:105DF0000000000000000000FF00000000000000A4
:105E000000000000F0F000003C3C0000C3C3FFFFB6
:105E1000FF00000000000000FF000000FF00000085
:105E2000FF000000FF0000000000FF000000FF0076
:105E30000000FF0000003C3C0000FF000000FF00ED
:105E40000000FF000000FF000000FF00000000FF56
:105E5000FFFF00000C003C003C0000A00C00AC0068
:105E6000000000E0002000000C0A0000000000001C
:105E700000000000000000000000A246512CA3E436
:105E80004945A2C3518CA3B44945A2C75184038498
:105E90004140C046C0FC33004903C041C09C3300B0
:105EA0004903C0C7C0FC339049030000C0C7C07C91
:105EB00033B04903C0C7C0FC31A04903C0C7C0FC10
:105EC00030904903C0C7C0FC33B04903C0C7C0FC11
:105ED00031B04103008600E403B00000A08652FC0C
:105EE000A3B00085A08650FCA1B000050000000012
:105EF000000000000000000000000000C3C3FFC35A
:105F0000200000005050555533FF77FFC3C000C03C
:105F1000553C000011002200C30033000C0C0A0A9B
:105F20000F003C0000000000FFFFFFC30000000066
:105F300000001400143C000A30F000030F0CBC00F9
:105F4000B0008D0F8D0F000F30A000000000BE309C
:105F5000000003C34040000C0003000C143CBC00D4
:105F60008C00000CD0D0B23C000030300131000079
:105F70000000000000000000000000000000000021
:105F8000FF00010000005050000033002200C3C099
:105F900000C0553C0000001100223C0033000C0CF6
:105FA0000A0A0F003C00000000003FFF3FC3000052
:105FB00000000000000C000C000A300000000F0F71
:105FC0008C008000FFFF8D0F000030A0000000005B
:105FD0008230000000C04040000C0003000C1400A0
:105FE000B0008000000C1010B20000000000013171
:105FF00000000000000000000000000000000000A1
:10600000FFBCFFA0FF3F7DFF00000000606F00FFAE
:10601000C2C20202030300C3000000000F00F00030
:106020000F0F0C0C0000000000000000000000003A
:106030000000000000003DFFFFFF00000000FF80A7
:106040000480000000003FFF3FFF00000000005000
:10605000005F0000000000000000000000000500DC
:106060000CF00A000F3045450028FFFAFFFA030044
:1060700041000000000000000000000000000000DF
:106080000000FFA0FFA000007DFFFFBC4300696986
:1060900000FFC2C20202030300C3000000000F00A1
:1060A0000F0000000C0C0F0F00FF000000000000AC
:1060B000000000000000000005FFFFFF00000000DE
:1060C000FF800000000000003FFF3FFF00000000D5
:1060D000000C000C000000000000000000000000A8
:1060E00005000C000A00003004040028FFFA7D7847
:1060F000030041000000000000000000000000005C
:10610000000000000000000000000000000000008F
:106110000000000800000000000000000000000077
:106120000900000020000000000000002000000026
:1061300000000000000000000000400000002000FF
:10614000200000004100400021000000400020002D
:1061500040002000020011001000000000000900B3
:10616000110000100000008804000000000004106E
:10617000000004000000000000000000000000001B
:1061800000000000000000000000001100000000FE
:1061900000000000000000000220000000000000DD
:1061A00000000000000000000000000000000000EF
:1061B00000000000000000000000002000000000BF
:1061C00000000000000000000000000000000000CF
:1061D00000000000000000000000000000000000BF
:1061E000840000000000000000000000000000002B
:1061F000000000000000000000000000000000009F
:10620000000000000000000000004100000000004D
:1062100000820000000000000000000000000000FC
:10622000000020000000000000000000000000004E
:10623000000000000000000000000000000000005E
:1062400000000000000000000000000008104100F5
:106250000000000000000020002021C008000320F2
:106260000088020800A000A0000000C0000000405C
:1062700000A000100000008805820000000000005F
:10628000000000000000000000000000000000000E
:1062900000000000000000000000000000000000FE
:1062A00000004000000000000000000000000000AE
:1062B00000000000002100000000000000000000BD
:1062C0000000000000000000000002008400000048
:1062D000080000000000000000002008000000028C
:1062E00000000000002100200011004100000020FB
:1062F0000020821108210000000904200000000095
:10630000000000000000000000000000400011003C
:10631000000009000400030009001100000005004E
:106320004000000040400500004000000200000066
:1063300011900000080000000800080000000300A1
:106340002182210021000010004000000000110007
:106350000000118800000900000002000000009009
:1063600000000000008200000400000000C00500E2
:106370000000049000A0001041C00510008800003B
:10638000000000000000000000000000000000000D
:106390000000200000000205020388050000004103
:1063A000A00000000021000000000000000000002C
:1063B0000020002000000000000800000000000095
:1063C00000000010000000000000000000090010A4
:1063D0000000020000108221900000210000000552
:1063E000000000024000820010400421884100218A
:1063F0001021401002001040000010032002000095
:1064000000000000000000C00000000000000000CC
:10641000009000000000000000000000008200006A
:106420000040009000840090000000A000000000E8
:106430000088008420000000000000000000000030
:1064400000000200000000840000000000080000BE
:106450000088108800C000A000C0001020A000101C
:106460000008008200040484009000C0100820404E
:106470000002008200820000004011900004000031
:1064800020100000000000000000000000000000DC
:10649000000000000000000000004021000040005B
:1064A0000009901100048200040000000000900028
:1064B0004009000000080000000000000004400245
:1064C00000100000000000000400000000000000B8
:1064D00010000000C0009009020002050041404188
:1064E0000011041020108441101004052005000044
:1064F000042190058210A021820904100808A01030
:10650000C008004100000000000000000000000082
:106510000008000000000000020000000000000071
:106520000000040000000000000000000000000067
:106530000000008200000000000000000000400099
:10654000000000000000000000C00000000020105B
:10655000040000000000000000000000000010889F
:1065600000A00090000000C0008200A00084008411
:106570000908000010840000000800C0008400002A
:1065800000A000000000000000000000000000006B
:1065900000210000000300088421000000400011D9
:1065A000A0000009000002200020000002000000FE
:1065B0000000081100210000000008210000000078
:1065C0000000004104000000002100080040000914
:1065D00040200020000902000000000000410000EF
:1065E0000021000800090003000000410021000014
:1065F000902104400005400088024040C041000353
:10660000842088022011002100000000000000000A
:106610000000110000000000000000020000000067
:1066200000004010000000000020110000000000E9
:106630000000000000000002000000080000004010
:106640000000000000C0000000000000000000008A
:106650000000008800000000000000000000400072
:1066600000000000110000C040C0114000C0000840
:106670002100209000200008000409020040208230
:106680000090008200400084119000000000000093
:10669000000000080000000000000011400000039E
:1066A0000000000000000000000900200040004041
:1066B00040000000000400000009A011A020880094
:1066C000A0200005000800000000000000000008F5
:1066D000C0020000001088100410000382030003B1
:1066E00090020410041100008421000004214021C4
:1066F0009041842184109003901184089005040532
:1067000002210008A0210403024102000000000051
:106710000000000000000000000000000000000079
:106720000000000000000000000000000000000069
:106730000000000000000000000000000000000059
:106740000000000000000000000000000000000049
:106750000000000000000000000000000000000039
:106760000000000000000000000000000000000029
:106770000000000000000000000000000000000019
:106780000000000000000000000000000000000009
:1067900000000000000000000000000000000000F9
:1067A00000000000000000000000000000000000E9
:1067B00000000000000000000000000000000000D9
:1067C00000000000000000000000000000000000C9
:1067D00000000000000000000000000000000000B9
:1067E00000000000000000000000000000000000A9
:1067F0000000000000000000000000000000000099
:106800000000000000000000000000000000000088
:106810000000000000000000000000000000000078
:106820000000000000000000000000000000000068
:106830000000000000000000000000000000000058
:106840000000000000000000000000000000000048
:106850000000000000000000000000000000000038
:106860000000000000000000000000000000000028
:106870000000000000000000000000000000000018
:106880000000000000000000000000000000000008
:1068900000000000000000000000000000000000F8
:1068A00000000000000000000000000000000000E8
:1068B00000000000000000000000000000000000D8
:1068C00000000000000000000000000000000000C8
:1068D00000000000000000000000000000000000B8
:1068E00000000000000000000000000000000000A8
:1068F0000000000000000000000000000000000098
:106900000000000000000000000000000000000087
:106910000000000000000000000000000000000077
:106920000000000000000000000000000000000067
:106930000000000000000000000000000000000057
:106940000000000000000000000000000000000047
:106950000000000000000000000000000000000037
:106960000000000000000000000000000000000027
:106970000000000000000000000000000000000017
:106980000000000000000000000000000000000007
:1069900000000000000000000000000000000000F7
:1069A00000000000000000000000000000000000E7
:1069B00000000000000000000000000000000000D7
:1069C00000000000000000000000000000000000C7
:1069D00000000000000000000000000000000000B7
:1069E00000000000000000000000000000000000A7
:1069F0000000000000000000000000000000000097
:106A00000000000000000000000000000000000086
:106A10000000000000000000000000000000000076
:106A20000000000000000000000000000000000066
:106A30000000000000000000000000000000000056
:106A40000000000000000000000000000000000046
:106A50000000000000000000000000000000000036
:106A60000000000000000000000000000000000026
:106A70000000000000000000000000000000000016
:106A80000000000000000000000000000000000006
:106A900000000000000000000000000000000000F6
:106AA00000000000000000000000000000000000E6
:106AB00000000000000000000000000000000000D6
:106AC00000000000000000000000000000000000C6
:106AD00000000000000000000000000000000000B6
:106AE00000000000000000000000000000000000A6
:106AF0000000000000000000000000000000000096
:106B00000000000000000000000000000000000085
:106B10000000000000000000000000000000000075
:106B20000000000000000000000000000000000065
:106B30000000000000000000000000000000000055
:106B40000000000000000000000000000000000045
:106B50000000000000000000000000000000000035
:106B60000000000000000000000000000000000025
:106B70000000000000000000000000000000000015
:106B80000000000000000000000000000000000005
:106B900000000000000000000000000000000000F5
:106BA00000000000000000000000000000000000E5
:106BB00000000000000000000000000000000000D5
:106BC00000000000000000000000000000000000C5
:106BD00000000000000000000000000000000000B5
:106BE00000000000000000000000000000000000A5
:106BF0000000000000000000000000000000000095
:106C00000000000000000000000000000000000084
:106C10000000000000000000000000000000000074
:106C20000000000000000000000000000000000064
:106C30000000000000000000000000000000000054
:106C40000000000000000000000000000000000044
:106C50000000000000000000000000000000000034
:106C60000000000000000000000000000000000024
:106C70000000000000000000000000000000000014
:106C80000000000000000000000000000000000004
:106C900000000000000000000000000000000000F4
:106CA00000000000000000000000000000000000E4
:106CB00000000000000000000000000000000000D4
:106CC00000000000000000000000000000000000C4
:106CD00000000000000000000000000000000000B4
:106CE00000000000000000000000000000000000A4
:106CF0000000000000000000000000000000000094
:106D00000000000000000000000000000000000083
:106D10000000000000000000000000000000000073
:106D20000000000000000000000000000000000063
:106D3000000000000200800041000000000100206F
:106D40000001208900820001000000001100000104
:106D5000410000000400000000A02100000020000D
:106D600000000400000000000010000000202000CF
:106D700008000000200004000300020000001100D1
:106D800004001120000002080000000000C10400FF
:106D900000002101C005C000200041000200049055
:106DA00004100410C00000000000000000000000FB
:106DB00000000000002100000400000000000008A6
:106DC00000800004004000000020000000000000DF
:106DD00000100000000000000000000000000000A3
:106DE00000000000000000C00000008000000080E3
:106DF000000084000000000000000000850000008A
:106E000000000000008002000000000000000040C0
:106E10000000000000042084410001000000010087
:106E2000000000000000050000000000000000005D
:106E300000000000000000000000040080000000CE
:106E4000090000000000000208000000000000002F
:106E500004000400000080000500000000000000A5
:106E6000A00000200020200000002000A0102088AA
:106E70002000200820082040A02000010040000140
:106E80000088022103C000C000202000000500008F
:106E9000800004202010000004A0802004001020A6
:106EA0000488000000000020000400000000000032
:106EB00000000000000000000000000001000400CD
:106EC0000000000000000000000000001000A00012
:106ED000900001000100000004000000000000001C
:106EE00020002000000090000100000000200800A9
:106EF00000000810C100010001800980002090906E
:106F00000020002001040041000004000110009056
:106F10000000201101800000002101000400011088
:106F200001C0010800210000A000889000000000BE
:106F3000000000000000000000000000000004004D
:106F4000040004001000840020000221044004001A
:106F5000009108828040800000408200000000C153
:106F600020000000084080C0800080200000000455
:106F70000008002100000000004000020082000123
:106F800000410090040208080000000080100090FA
:106F900000020008000800104184401020A10910E0
:106FA00080021102008500408410808200100000E1
:106FB00000000000000000000000000000000000D1
:106FC00005000100010001001100010001C00000E6
:106FD000000000040100200020000000210000103B
:106FE0000010001000000100040004000400000074
:106FF0000000000000A000000000000000410000B0
:107000000004002000000100000000004000040017
:1070100000000000000000000021840000001104B6
:1070200010102009000000040002041104000010E8
:10703000000000000000000000000400000000004C
:10704000000000000000040011028009040880A173
:1070500000410000000000108484000984200085A5
:10706000880080088201840000108310888400C09A
:1070700000004104020421A0C10408A004C1104082
:107080008210044000840084100404848420820060
:10709000A0844140000002040908080010200920D3
:1070A0000210402020009004202080000884090065
:1070B00002000000000000000000000000000000CE
:1070C0000000A000000000200900A000042004200F
:1070D0000240084008200841000020400040218074
:1070E0000240210020002010210300412008200040
:1070F000080000C000800180A0000488100000404B
:107100002010058008854003841008832141030076
:10711000210004092085201021904088C01004809F
:1071200002900502A18801411108A1890210000303
:107130000000A103000000000000000000000000AB
:1071400000000000200010000400000000000309FF
:1071500000050208110021000000200000000010BE
:1071600000000003000000200482020141A0210071
:1071700000200000000000100202000409A000022C
:1071800000000400840009020488800020C080847C
:1071900005840440831104841041030204104082DA
:1071A00002010008020003C0100011840008004022
:1071B00004850010410400000000000000000000F1
:1071C000000000000000910001000100001100001B
:1071D0000020888201000000000000000100000083
:1071E00000800000004000008880010000100000C6
:1071F000000000800000000000000000000000000F
:107200000000000005000500000902002000A000A9
:1072100004000000A1002040000001040000000064
:10722000001101080021900000000000000000098A
:107230000000004000000009000000000000000005
:10724000000000000000000000010001000100003B
:107250000088844140208040830020040390411036
:10726000001080A00040800100200010000000906D
:10727000210000A0118800000000801000A021A1C2
:107280000000910041A1414000200004C01009000D
:10729000110000C084820308210000A003840400C0
:1072A00041408210110041404100051021011003AE
:1072B00000840040200004A0040000000000000042
:1072C000000000009000000000000402040200081A
:1072D0000009000905A00420048020418520A000A9
:1072E000040000A1040300C102040891000510116C
:1072F000021000000009824100000000200000414F
:10730000900400000441042004000485908320219F
:1073100004030410A01021218400C020C021844156
:1073200008050404110004410080A020C0080804DE
:10733000C02084058200000500000000000000005D
:10734000000000000000000000000000A005000494
:1073500011104010082000000840090080830489B3
:10736000A1000080000300092100000000830089C3
:1073700020000080800300090000000000000003DE
:107380002109028000000003110920000000800391
:107390000089008000000003008911000000808047
:1073A0008080820000008020880840080340918887
:1073B00085848820090580908488029108C1000096
:1073C00000000000000000000000000000000800B5
:1073D0008801400100018900020000000100104105
:1073E000A10310A000C000010001090000000083FB
:1073F000000590200020820100010800000000002C
:1074000000C10009A00200400001080101000000C5
:10741000829100210002008200210811108800885A
:107420000208082003900040824009409104414036
:10743000850509A14088012090110311080201036C
:10744000000000000000000000000000000000003C
:107450009001118491019121010000022101851107
:107460008200A100C0200385C0090800004083A15C
:1074700088002100200083018801850090408383DB
:10748000000000000500000001C104820900A00402
:10749000C189A002890088408909904121004040AB
:1074A0004105200141000800091091400304C1A1D9
:1074B000414090200520A121C140A000A041A02072
:1074C00090400000000000000000000000000000EC
:1074D00000000903900021210389401100808502EA
:1074E0008389000041000080838911A08000008012
:1074F00083400021C1000000830900084100000012
:10750000838900000000C1000000038980834100DE
:1075100000008309000341000080030900C041020C
:107520000080038940400510030020904080848043
:10753000024183000840C1000503898302030283DE
:107540000483098500000000000000000000000026
:1075500000000000118800800000200300030310D9
:107560004105808400002000808980830000200085
:1075700002098083008000808089008300000080F1
:1075800000098003008000008000410900830000A2
:107590004080008900030000A00082090003000071
:1075A00083004089800300808080A0800080218249
:1075B000A0020304808383C010C0400004838408B9
:1075C0009008C0C041400000000000000000000022
:1075D0000000000000000011000200902021004087
:1075E000012101C10810009005C040A120030082C4
:1075F000018400A182830002000240030083000096
:1076000000C00091884100800000108240C10083CA
:107610000040011000038401C000110010010201AC
:10762000008804022121409104041040A1048882B2
:1076300000114085C12104038210A003899009A193
:1076400020042121098409880000000000000000B6
:1076500000000000000000001140C10189019140BC
:107660000508119183011082830900408400020201
:107670000340204002002140838821882000200010
:1076800091898988A00040400080A185844008003D
:10769000C0008388032040002082830002089000FD
:1076A000104021888940080088A040200810080068
:1076B0000204409008000421400941098800028426
:1076C0001088042184210800C10800000000000087
:1076D000000000000000000000008921C1411010DE
:1076E0001000048010830510090089030000800049
:1076F00000808380800080009080838304000000ED
:1077000080008391840080000000008003820000DC
:1077100080000900838584008000008003058000CC
:107720000500800083A10480800000000008001193
:10773000002080804011C000038340A082054011DA
:10774000088985040502202110080580000000003A
:10775000000000000000000000000000818100091E
:107760009000420000410009900011008142000990
:10777000D00042001242000BD00000601242000B09
:10778000D00000004142000BD0002148000012420E
:10779000000BD000000012424009D00012411142FB
:1077A0000009D00006002184000BD00000000A81EF
:1077B000000BD00000000600000BD0201242818197
:1077C000000BD00012410600000B900042000000A8
:1077D0000000000000000000000000000000FFF3B7
:1077E0006630C3C35A5AFFFFFFFFFFBEBEBEFFFF96
:1077F0000000FF0000003C3C0000FF000000FF0014
:107800000000FF000000FF000000FF00000000007B
:107810003C3C0000FF000000FF000000FF000000F3
:107820000F0F0000FF000000FF000000FF0000003D
:107830000000000000000000273C000000000000E5
:10784000FFFFBFFFCFCFEFEFF63C663C3C3C3C0C6C
:107850000000000000000000000000000000000028
:10786000FFFF66003C3C5A5A66990408FF3C3C3CCA
:10787000FFFF0000FF0000003C3C0000FF00000094
:10788000FF000000FF000000FF000000FF000000FC
:1078900000003C3C0000FF000000FF000000FF0073
:1078A00000000F0F0000FF000000FF000000FF00BD
:1078B00000000000000000000000270000000000A1
:1078C0000000FFFF9FFFCFCF6060F03C003C3C3CDE
:1078D0000C0C000000000000000000000000000090
:1078E0000000000000000000000000000000000098
:1078F0000000000000000000000000000000000088
:107900000000000000000000000000000000000077
:107910000000000000000000000000000000000067
:107920000000000000000000000000000000000057
:107930000000000000000000000000000000000047
:107940000021844000000000000000000000000052
:107950000000000000000000000000000000000027
:107960000000000000000000F0F000E7F0F00F0F52
:10797000FFFF663C000000FF0000F0F0000000FF89
:1079800000003C3C000000FF0000F0F0000000FFA1
:107990000000F0F00000000000FF0000F0F0000028
:1079A00000FF0000F0F0000000FF0000F0F0000019
:1079B00000FFFFFF0F0F000000001818FFFF00C0BE
:1079C00000F000000000FFDF20000808FF0098988A
:1079D0009898787878780000000000000000000097
:1079E00000000000000000800000F0F018FFF0F040
:1079F0000F0F0000663C000000FF0000F0F00000E8
:107A000000FF00003C3C000000FF0000F0F0000020
:107A100000FF0000F0F00000000000FF0000F0F0A8
:107A2000000000FF0000F0F0000000FF0000F0F098
:107A3000000000FFFFFF0F0F000000001018FFFF05
:107A40000000003000000300FFFF00000C0CFF00EE
:107A500000999999009966FF00000000000000005D
:107A60000000000000000000008600AC0389001048
:107A70000186002CA0B00010C0C2C0BC33B04903C6
:107A8000C0C7C0FC33B04903C041C09C33004903A8
:107A9000C047C0BC318049030000C0C7C0FC3300F0
:107AA0004903C0E7C07C31F04D03C0C7C07C33B090
:107AB0004903C0C7C0FC33B04103A08650FCA330CB
:107AC0000005008600E003B00000008600EC03B271
:107AD000000000860CE001B8000500000000000076
:107AE0000000000000000000000000F100F35F7FD4
:107AF0000000F0F020200FFF1FFFC0C0C3C35CAC2C
:107B00003C3C200810041F0F5F1F050A06062222B6
:107B10000AA0DF20FF00000F00F00000FF3CFF0084
:107B200000F05050FFFF0015000000008282C300EB
:107B300000000000F800C80008282828FCA0000069
:107B400000507000FC0000000109050DBC00A800F9
:107B50000400040083800C0C0507000000000000F6
:107B600000000000000000000000000000B0003035
:107B70000A02000000F000200FFF0FFFC0C000004D
:107B80005CAC5CAC800240011F0F5F1F050A06065B
:107B900022220AA000000000000F00F00000FF30C9
:107BA000FF3000F05050F0F0001010B010B00000A6
:107BB00030300000000038000800002828280CA001
:107BC000000000007000C00000000008040C9400D9
:107BD000800004003C0083800000000300000000DF
:107BE0000000000000000000000000000000000095
:107BF0000000C3C141410000000000AA0000600075
:107C000000603DFFC7FF0000000033335A5A030CE9
:107C1000000F03C0C0C00000000000FA00390000DF
:107C2000000000000000000000000000000F050C34
:107C300000000000000C005FE030E0004103C300E2
:107C4000FFFF14140F005030000082F3000000C347
:107C50000A0C0A0CBFFFBFFFAAF03C005FFF5FFFEA
:107C60000000000000000000000000000000000014
:107C700000000000000141410000000000AA0000D7
:107C8000090000093800C2000000000033335A5ACE
:107C9000030C0F0003C00303000000000005003CBC
:107CA00000003C3C38280F0F0F0F000000000000C0
:107CB000050CFFF80000000C0050203020004103AC
:107CC0000000FFFF141000005030000082300C4113
:107CD0000C4100F000001555BFFF000000001EBE63
:107CE0005FFF000000000000000000000000000036
:107CF0000000000180000000000000000001800181
:107D000000210800030082000000840004008400B9
:107D1000880100000010000010102000000000008A
:107D20001100000000000000000021000404040015
:107D300004000400000000102100000800004000C2
:107D400040000400000000000000040008000400DF
:107D5000040804900904828884A01100000008A08F
:107D600004C004000000000000000000000000004B
:107D70000000000000040800000000410040002056
:107D8000042000A000000000040000000500010025
:107D900005000920000000000000010000000000B4
:107DA0000000880000C0000000000000000000008B
:107DB00000000000050000000000000000001000AE
:107DC0000009010800000000000000000100080098
:107DD000000000800000908021002000000088004A
:107DE0000000004000000000000000000000000053
:107DF000000000000000000000000900000000007A
:107E0000000000000000890080008088040000104D
:107E10000000000000008820841184008001008898
:107E20000000000000000000000010A000000000A2
:107E3000001080000000A12000010002000080016D
:107E400004000820C0002020200004200021100091
:107E50000008000420000304000182A10440000087
:107E6000000880C104C00082000000000000000083
:107E700000000000000000000000000000000040C2
:107E800000000000000000000400040004000100E5
:107E90000000000084000800048011100500042088
:107EA000000000000000000000000021A010A00061
:107EB000824100100409880004A000200010002066
:107EC00010040011828021204180010001100084F3
:107ED000010000080080010000880020054001101A
:107EE0000000001008100120000200000000000047
:107EF00000000000000000000000000080004000C2
:107F000000000401A0008000004004000490040070
:107F100008010010000000000004204180C020047F
:107F20002020002000880002009000000090004007
:107F30000040000000102000200020100010082049
:107F400000400008000200100202008800100090AB
:107F50000008000488108084001080A000A002089F
:107F60000290000800401110009002840000000000
:107F700000000000880000000000000088004000B1
:107F800001000800010405000400000001000103D5
:107F90000100002000210000000000000940021143
:107FA000011001000000000004000000000000219A
:107FB0000003880000000003850001008900040818
:107FC000029008801000021000080002000000402B
:107FD0000004C08440050902100500400210401052
:107FE0008910080084038408000540088508000003
:107FF0000000000000000000000021001000000050
:108000000000040008820400000000C00400041006
:108010000000040002000010000000000400000046
:10802000000000000001050000C003C0008800003F
:1080300005C0050805000500411020822008200029
:10804000048202000988100100044104412041100B
:108050008204800803081004900008A0080820008B
:108060000088020005A00801C1088401004008C082
:1080700000000000000000000000002100000000DF
:108080000000000001000000011100020041010099
:108090000000000000000000881000000000010542
:1080A00000030000000088400005A011000000410E
:1080B000008000050005040000008810A109C10926
:1080C0000100001101004000402088830080000072
:1080D0000200040804910800088020080000000045
:1080E0000000000801030000012020082010000506
:1080F00000000000000000000000000000C00000C0
:10810000000040A002000000021004C00400022091
:108110000400088209C14004048205A0080203206B
:10812000418800200021000041000090000000A0D4
:108130000000000010A00020201000000500040036
:1081400020000404088883104010090808C0118426
:1081500020A00508418209C0111003400088044096
:10816000000200C00040C0A000C002A000081040F3
:1081700020000020000000000000000000000000BF
:1081800000000000000900030000080305030100CF
:10819000C0C10111002100200000C103C000000087
:1081A00000808400000000040000000000000000C7
:1081B0000000000000000000000010050021001079
:1081C0000100000585089008200000080004000058
:1081D0000000040200A0400000050040C0884008E4
:1081E0008885040000004011020340408511000012
:1081F0000490C040909000000000000000000008C3
:108200000000000000000800081008000001210222
:1082100008C0039083000400000000900920C1887A
:108220009184A190910121820011000000000210B0
:1082300002C002100282000040001000008209000B
:10824000111004000000039103001100030103005A
:10825000110890000084208291004103A041021087
:10826000008200100282049004840040C1002010AB
:10827000028408038040C1400000000000000000AC
:10828000004100000000000000000000002100206C
:10829000000500008800400001410010C0050010EA
:1082A00004050410040904100010002084210000BB
:1082B000A0000841900090050000A0020011A00954
:1082C0009000001082000005002000404000A02027
:1082D000022000002100001008002000080420A057
:1082E00084000000400591000000884100C1021197
:1082F0000109820001102080200000000000000021
:1083000000000000000000000000032120200021E8
:10831000412020830084008404C1091090840389D3
:10832000044008C0100900C1098800051104910922
:108330000089000000000000000000800000000034
:10834000000000001090090509C1410908108409C6
:108350000204854082914188A09108C11005400423
:10836000102000030311212002402008000380098F
:108370000800000000039109200000000000000038
:1083800000000000000000000000000000000000ED
:1083900000010100118920032020000288204021D3
:1083A000904000C01089008200030091200300C0AB
:1083B000C0C00040000000000000000000000000FD
:1083C000000000000000401041080041010591003C
:1083D00004011101C1010940C010200400058901F8
:1083E0009001050000000000020000000101C00132
:1083F0001001100000009001910101000000010037
:1084000001000000008800000000000000200000C3
:108410000090890101008900040089829000040114
:10842000210940884040880121418889909001407D
:10843000000901400083000000000000000000006F
:10844000000000000000000000010100094000835E
:108450004102A0012102889120A104018520C002CF
:10846000A0081084022120C020088800A00082C13A
:10847000400440000304410110000000C108112124
:10848000100041000000002100000000000000007A
:108490004000080090050305400590092080100069
:1084A000C1402041C0048880890884C1C18890806F
:1084B00010A009A005A008A0000000000000000016
:1084C0000000000000000000000040020900210040
:1084D00021092020210385000920034091218804DF
:1084E00040901000A189858440A140A140414000F6
:1084F00090C080408000A100830900210000A1807D
:10850000030900000000000000000000000000005F
:1085100000000221008320A083A089C1002080895F
:1085200080C004408010808283A01141800480407C
:1085300084C0C08003880290859000000000000085
:10854000000000000000000000000000088880C15A
:108550000889A1A11108020808400308212003404E
:108560004180210905880404412008C09085082025
:108570004185C1050000048003098083000040009C
:1085800003098083000000000000000000000000DC
:1085900000000000010000C0000288821004008971
:1085A00002A08802822040C0A04141418200C00058
:1085B000C0018889C0108404C00503830000000046
:1085C0000000000000000000000000000000018525
:1085D0001089418583880009000901900383020402
:1085E00090C0888440900420000900200911419027
:1085F00000C100204003002000200083200500046B
:1086000001020011048300000000000004000000CB
:108610000000000004000100018800000010054077
:1086200088009000C00421C005404101C0208301A2
:1086300088880020888820A004000800110000001D
:1086400000000000000000400000000000000000EA
:10865000A084880582891010824010000400101048
:1086600085410811A10111C011208504210483A0B6
:10867000A01184891000100283108882400090822B
:10868000838989209000C0880000000000008000DD
:10869000000000000000800003000540000800808A
:1086A000830005110002008020059083A0089180BE
:1086B000C00391901108908083002140834088007E
:1086C00000000000000000000000000000000000AA
:1086D0000000008080880089000000038040800046
:1086E00080C0A021A120A002A000884020410883D2
:1086F0001080009100418008800089050000800002
:10870000000003880400000000000000000BD000FF
:108710000BD0000000006000000082410009904082
:10872000000041810009D000004141000009000023
:1087300000881200000B000081001282000B9000E4
:1087400000480000000000000000000000000000E1
:10875000000000001184000BD00000828181000B1A
:10876000D00006601182000BD00000000660000BF4
:10877000D00000001260000BD00000001182000B3E
:10878000D00000001182000BD000000000000000AB
:1087900000000000000000000000000000000000D9
:1087A000690F0F0F0000FF001122000018420000A7
:1087B000112200001040208009006000000000002D
:1087C00000000F000000000000000000000000009A
:1087D000000000000000000000000C30000000005D
:1087E00000005F5FFFFF0B000000000000007DFF46
:1087F0007DFF0000050C000000005F7FFFFF000010
:10880000FFFF000000FF000000FF000000FF000865
:1088100000002880280000080000000028005555AE
:1088200000FF69690F0F0000FF0000001122000027
:108830001842000011220401080200090060000033
:108840001FFF00000F0000000000000000000000FB
:108850000000000000000000000000000EB000005A
:10886000000000001E5FBEFF0B00000040404343BD
:108870002DAF7DFF0000050C000000000F3FFFFF43
:108880000000FFFF000000FF000000FF000000FFED
:108890001040001008000208104000040000000012
:1088A000AA2BAAE8FF00FFFF03C0FFFF000600900D
:1088B0000104020801044010004444000000448800
:1088C000FFFFFEEA000000000000000000000000C2
:1088D0000000000000000000000000D800D80000E8
:1088E000003DA501A5018080FF0000AC0F000CF049
:1088F0000A00FF5DFF08C3C20000003A0F0030A06D
:1089000030A0FF000000FF000000FF000000FF009B
:108910000000000000000000000000000000000057
:1089200000002B2BE8E8FF01FFFF0C30FFFF0600E3
:108930009000401080200208802000888800448831
:108940000000FFFFAAAA10000000000000000000C5
:1089500000000000000000000000000000000048CF
:10896000000C007DAFA5AFA08080FF0000AC000030
:108970000C000A00FF55FF00C3820000003A00000F
:10898000F0000000FF000000FF000000FF000000FA
:10899000FF000000000000000000000000000000D8
:1089A000000000000886007C01004860A0C75984D0
:1089B0000380080000860080038008000082000019
:1089C00001800000A08650ECA3B00005000000006C
:1089D0000000000000000000000000000000008611
:1089E000003403900000008600EC03B00005A1866F
:1089F00050BCA3900005A08650FCA3B00005A006C3
:108A0000507CA1B00005C0C6C0FC33B04903C0C74C
:108A1000C07C333049030000000959000000000009
:108A20000008180000000000000000000FF00078AF
:108A300000F0F0F0C0F00000AAAA41030303D72819
:108A4000D7FFFFFF00003838080859555969000062
:108A50000000000000000000000000000000000016
:108A6000AA55FFF500007F7FC000C32801C0C1C028
:108A7000FFFFFFFFFFFFFFFFFC00000000000F35BE
:108A800003C2030240C0C0C0FFF000080014551428
:108A900000F03A00F555A00000000020B000B10041
:108AA000000000000000B1000000000000000FF016
:108AB000007800F0000000300000EF204141030387
:108AC000D7282800FFFF00003000300059555969B1
:108AD0000000000000000000000000000000000096
:108AE0000000AA1400BEF000FFFFC0000028010033
:108AF000C100FFFCFBF81E5FFFFF0C000000000040
:108B0000003500C2000200C000C0FFF000080005F0
:108B1000000500003A000F05300F000000000000C3
:108B2000000000000000000000000000000055AA46
:108B300055AA00FC00C00400FE0000003C3C507040
:108B4000F0F0D7FF280055AA55AA2008800200009F
:108B50000000000000000000000000000000000015
:108B600000000000FFFFFFFFFF55FF550000000061
:108B700028690808FFFF003C0000FFFF000000001C
:108B800005F00C0000000000FFDF2C0C00000000CE
:108B9000FFFFFFFF00000000FF7D55550002C012DF
:108BA000480340000002C012000000000000000066
:108BB00055AA55AA00F000F00400FE0000007F2036
:108BC00050400000FF7F000051AA55AA1004400148
:108BD0000000000000000000000000000000000095
:108BE000000000000000FFFFFFFEFF55FF550000E2
:108BF000000000410808FFFF00381555FFFF000086
:108C0000000005000C00000000000C0C0C0C000023
:108C10000000555F7D7F00000000557D5555000028
:108C20000000000000000000000000000000000044
:108C30000000000000000000000000000000000034
:108C40000000000000000000000000000000000024
:108C50000000000000000000000000000000000014
:108C60000000000000000000000000000000000004
:108C700000000000000000000000000000000000F4
:108C800000000000000000000000000000000000E4
:108C900000000000000000000000000000000000D4
:108CA0008000000000000000000100000000000043
:108CB000000000000000000020000000090000008B
:108CC00040000000000002000900200080000000B9
:108CD00000004000040004000200200120000020E9
:108CE0000000400002011100C000000040C0402010
:108CF0001100022020208000000084880000002055
:108D00000900042180000000041021408090000030
:108D100020C0000000A000A00008400000101100CA
:108D200002000400000000008800001000000000A5
:108D300000008400820084000002010000000000A6
:108D40000000880000000000010000000100200079
:108D5000400000000000010001009100012001001E
:108D6000008000C0020001200000200082000000FE
:108D700000800800838000C0200000000300000085
:108D8000008000000084200000000000008020001F
:108D900000000000000000000000000000000011C2
:108DA00000000000000000000000000000000000C3
:108DB000000010008900800088000000050080008D
:108DC0008000800020008800A0002000002000001B
:108DD000004180002020C004A02040001000008836
:108DE000000000A0000004200211804020090201C0
:108DF000000002002088001010A0002080208800C1
:108E00008010A00221200500002041098088000078
:108E1000C120410808202110049100000011001019
:108E200008A0051000000000000000000000000085
:108E300000000000000020002000200000000000D2
:108E4000200020002000C10002002000010000805E
:108E5000000000A002110300028020A02000C0003A
:108E600000110000820800000080414004800020C2
:108E70004120000001100910001104100090209002
:108E800020102010031000890041009000402010A5
:108E90000800028000109091042100200021C020D1
:108EA00000100010002190000000000000000000F1
:108EB0000000000000000000000000820000000030
:108EC00000008000020000000482002000000091E9
:108ED0008082804000080011000200100010202055
:108EE00000830010002080200000418482000003E5
:108EF00011000084208400840083001020000402FC
:108F000000000410001004840084004020100200BF
:108F1000A000001000840084050800200040041018
:108F20000091201000100084400500000000900017
:108F3000000000000000000000002000000082008F
:108F40008200A01104004011A011010004000400DF
:108F500020202002020084050020400002000020A2
:108F6000018040200011829120800000000021102B
:108F7000000488000000110890080020400304400D
:108F800041000002091040050400000000A100108B
:108F90000040040808030805082000050483008831
:108FA0000005000401110041840800A00000000039
:108FB000000000000000000000010000042000820A
:108FC0000000800000A00090008400100000080550
:108FD00080000400400011010000000104A0000511
:108FE000020000048800000811200204000020850F
:108FF0008001002082902004880120A088C04100C8
:109000000284100090001008108510020404080863
:109010000091808809A0A0400282A04020102084F6
:1090200020A0912080040008020021882140000037
:10903000000000000000A0009041004000000180FE
:10904000000000002000002000200020000000039D
:1090500000A0020501000010002000410020411086
:109060000420410084832010000000410110008092
:1090700085400240408005091108022009200205B0
:109080009020001100000409C0104020C005838218
:1090900004402040201004050511A00505050541E8
:1090A0008305011102C12011C04101029010828884
:1090B0000000000040000000090000000400211032
:1090C00080200000000040A0008809100900402016
:1090D0000200118400C1402082A0000980400000ED
:1090E0000282099000C0200002010005100800045F
:1090F00000004020054140C0044000004020041012
:109100000000040220002110080121400500080091
:109110000000114040000402020000002000021084
:109120000988099040840984040010024110C0207D
:1091300002200011000000000000000900000000F3
:1091400000000441000000030000840920210020E9
:1091500090900104A00400209080050000200409E4
:1091600002090502A0084040C021002002200000A2
:1091700000000000000000C0000300000000848820
:1091800001080004A00301028810204040032010C1
:10919000400290088821402101100400400500058C
:1091A00001000410000800210005001020008400C8
:1091B0002080010500000000800000000000000089
:1091C000000000001100000000000000008400907A
:1091D000030008101120009011200000200000C0A2
:1091E00021002004201100000810001010100410AD
:1091F000001000020000A010110800880310208455
:1092000003840010048820820300001041202010F5
:109210000410008500200511000000024040058474
:109220001084108410A000841100208400C000115C
:1092300084110085041000000005080000000041B2
:109240000000001000000000820500410005000041
:10925000000000410410008500410080041001104E
:109260000005041001A1012008109008080000105A
:10927000C01090100400000005030010041010003E
:109280008905000904040508891008098840201090
:109290008803C008022020008820101010100080D1
:1092A000C0210410900582100400820091208421C6
:1092B000002021200040111100000000000080006B
:1092C000020040000000030000831009028000003B
:1092D0000003800910000000000300892000000046
:1092E000000380091000008000030809410000808D
:1092F000000385090080000000000003000904004D
:109300000000000390091100008000030509090016
:1093100000808003408905800000000340090200AE
:10932000000000038509410000000003100940000F
:109330000000000385090800000000000000000094
:10934000820001000100000001000889109101C0A5
:1093500000904001080100004000404110C1114050
:109360009008904108851190002020910391099068
:10937000001000911189A0C000C0000010918491DC
:109380000890001040890841C082000840C1418512
:10939000088800C008918585081010902091C09120
:1093A00010080002C09110C189900004200104013E
:1093B0002100000020018201910000000100010055
:1093C000002000000000000000C000008201110029
:1093D000888891C1900011009002110108C0A0007E
:1093E000820205A00421050004A005101004C0009D
:1093F000020409118809910090104109000004211C
:10940000410008049183902021008840C1C10810C8
:1094100011002010910508A0C0008820A1C10203FE
:1094200089001004C183080409010402859102A087
:10943000080088A0C1110891010008C085830200BE
:109440000800000000000000000000800000000292
:109450004100008003890000C100008083090008EA
:109460008000008003118020A100808083C08041A3
:1094700080008000838500404100000083090000D7
:1094800000844140808003090082C1030080038979
:1094900000A0C100800003090003800000000385D4
:1094A00080214100808083098003C140000083093E
:1094B0000010000000008305804041000080830907
:1094C000000000000000000000000000000000009C
:1094D00000008080808980830000008005890083EF
:1094E00000002180808900830000A100838900039F
:1094F00000008580408900830000880088098083FF
:10950000000000002180400980830000040002095F
:1095100000030000A00085098003008021000409E9
:1095200000030000020040098003000002000889D7
:109530008003800020000009800300001000000963
:109540008003000000000000000000000000000098
:109550000000009088C010118803008200040105FB
:1095600000110040C1100811C00300900882820958
:109570004089A0408808A1110403A0828304090542
:1095800004A100400090040482912011A0400540F5
:1095900004419005A01009821109A0110020054086
:1095A000914188032090829091054089009008C0E5
:1095B000110940890290019000910203000401C04A
:1095C0000011829100000000000000000000000077
:1095D00000000000914188081000020201898940C2
:1095E00000008803C1888904040088400520100811
:1095F000C100100241111084410004044188410857
:10960000408488900000830820401100C008412059
:1096100040100900A088910890209010A011418866
:1096200041204000C082918891A04000881041886C
:10963000418208008408418909404000408209892C
:1096400021204000C00410000000000000000000C5
:109650000000000000000903800080008080038873
:109660008400000000030391040000100000038345
:1096700080000400008003020020040000800383B7
:109680000400008000000000038900808400008046
:10969000030800000400000009410080000000C031
:1096A000038904800004008003900400000000800F
:1096B00003880400000000800388840000110080FB
:1096C00003C08400000000800048000B900009D017
:1096D000060000090000009000810009D000210070
:1096E00011880009D000004800420009D0000000A5
:1096F00000810009D00000601182000BD000000042
:1097000000500009D0000A0000000660000BD000E5
:1097100000002184000BD00000008181000BD000EC
:1097200000002184000BD00000601182000BD000EB
:1097300000001182000BD00000001182000BD0004D
:1097400000821182000BD000825000000000000057
:1097500000000000000000000000FFFF0000FF000C
:109760000000FF000000FF000000FF000000FF00FD
:1097700000000F0F0000FF0000000F0F0000FF00AF
:109780000000FF000000FF00000000000F0F0000BD
:10979000FF0000000F0F0000FF000000FFFF0000AF
:1097A000FF000000FF000000FF000000FF000000BD
:1097B000FF000000FF000000FF000000FF000000AD
:1097C000FF000000FF000000FF00000000088C11F7
:1097D000288000001830200000800000FFFF0000FB
:1097E000FF000000FF000000FF000000FF0000007D
:1097F000FF0000000F0F0000FF0000000F0F00002F
:10980000FF000000FF000000FF00000000000F0F3D
:109810000000FF0000000F0F0000FF000000FFFF2E
:109820000000FF000000FF000000FF000000FF003C
:109830000000FF000000FF000000FF000000FF002C
:109840000000FF000000FF000000FF00000000001B
:1098500000100800020800000000080000000000DE
:1098600000000000000000000000000000000000F8
:1098700000000000000000000000000000000000E8
:1098800000000000000000000000000000000000D8
:1098900000000000000000000000000000000000C8
:1098A00000000000000000000000000000000000B8
:1098B00000000000000000000000000000000000A8
:1098C0000000000000000000000000000000000098
:1098D0000000000000000000000000000000000088
:1098E000000000FF0000F0F0000000FF0000F0F0BA
:1098F000000000FF0000FFFF000000FF0000F0F08C
:10990000000000FF00006666000000FF0000F0F0AD
:109910000000000000FF0000F0F0000000FFFFFF6B
:109920000F0F000000FF0000F0F0000000FF00003B
:10993000FFFF000000FF0000F0F0000000FF00004B
:10994000F0F0000000FF0000FFFF000000FF00003B
:10995000F0F0000000000000000000000000000027
:109960000000000000FF0000F0F0000000FF000019
:10997000F0F0000000FF00000000000000FF000009
:10998000F0F0000000FF00006666000000FF00002D
:10999000F0F00000000000FF0000F0F0000000FF09
:1099A000FFFF0F0F000000FF0000F0F0000000FFBD
:1099B00000000000000000FF0000F0F0000000FFC9
:1099C0000000F0F0000000FF00000000000000FFB9
:1099D0000000F0F000008081610400000000101021
:1099E00080080000C0C6C01C30804903C0C7C03C0E
:1099F00033904903C0C7C0FC30B04903C0C7C0FCA6
:109A000030B04903C0C7C0FC33B04903C0C7C0FC75
:109A100030B049030000C0C7C0FC33B04903C0C721
:109A2000C0FC33B04103C0C6C0FC33B04903C0C75B
:109A3000C0FC33B04903C0C7C0FC33B04903C0C742
:109A4000C0FC33B04903C0C7C0FC33B04903C0C732
:109A5000C0FC33B0490300001021B0000000000832
:109A6000000C0000000000002F2003000341C33C55
:109A7000C33C000000C0150A100A140014C3FFFF05
:109A8000FEFC0202020200000F00C314000C003AA8
:109A9000F000003CFFFF0000003C043803C341001D
:109AA00000000CFAC040C340003AF0000F5FFFFF17
:109AB000003AF000001330130000BE30C1C100C0F6
:109AC00000003FA00C0C010D3A00F00030013031D5
:109AD0000000AF3000000020000100000000000086
:109AE0000000000000008000000028280000414124
:109AF000C33CC33C000000801500100000030003BD
:109B0000FEFCFEFC0014283C3A3A00000014000C55
:109B1000003A00000C0CFFFF0000000000000300F2
:109B2000410000000C0A00400340003A00001F1FE3
:109B3000FFFF003A000000103010000082300101E9
:109B400000C0000030A00000010D3A00000000013C
:109B500000310000A030000000000882C01248035D
:109B600040000000000048034110820082005C5564
:109B7000000000000000FFFFFFFF3A00F0003C0083
:109B80000C4110AA100AAAAA800000000A3FFFFF99
:109B9000FFFFFFFFFEFC15550000000000000CFA5F
:109BA00008580A0A000C0A0F0000495DFFFEFFFC7E
:109BB000000043C3FFFEFFFC1FFFFFFF000000AAE1
:109BC000FFFFFFFFAFA030301FFFFFFF00000000CE
:109BD0005DFFFFFF0000000041C3FFFF0000000029
:109BE000000000000000000000000000C2C00200F1
:109BF0000C000000000000001FFFFFFF3A00000003
:109C000000000C4110A01000AAAAAAAA00000A3065
:109C10000F3F5F7FFEFCFEFC1515000000000000FA
:109C20000C0A08580000000C0A000000081CFFBEC7
:109C3000FF3C00004343FFBEFF3C1F1FFFFF00002F
:109C40003CF0141FFFFF0000000014FFFFFF0000A6
:109C500000005D5DFFFF000000000082FFFF880044
:109C60008000C0008400000082001000000091000D
:109C70000001800080000000000000002140000082
:109C800003000800030008000800000003000900AA
:109C90001102000000000200008402000400000025
:109CA0002100890091000201080010002104110028
:109CB0000000000080000000000000008000202064
:109CC0004000022000882004000841000408100819
:109CD000000011200008029083088000830884C0DF
:109CE00021004000210005000000110001000000DB
:109CF000400000100200020000008200000000800E
:109D00008200000000000000000088000000000049
:109D10000000000000000000010000000100010040
:109D200000C08200200020000004840000000080A9
:109D3000A00000000800200020000000200010000B
:109D4000008000000100820001800000000000008F
:109D50002100000090800020000004000420040086
:109D600004000000000002000400200004000000C5
:109D700000000000000000004101000000000000A1
:109D800000200400040904210000040000A00000D9
:109D90008000200404000204200000210982000148
:109DA0000000000000900000000004008011210964
:109DB0000020000000010000020289104100008222
:109DC00000101000200180209000410010100010B1
:109DD0000004A01021080088211000208004002029
:109DE0000910000000000000010001000100010056
:109DF0000000000000004000000000020800000019
:109E00000000008001000104018404000100000042
:109E1000000002000080210021800120A0840000B9
:109E2000A020A00300000800001100000100202075
:109E300000200090000000402000412008A0821077
:109E40000010882020000120209020000000021037
:109E500020000010410000100211001100A002A11A
:109E60000010A01100008000000000008000000031
:109E7000800000010000800040010000A02041405F
:109E80000504028420202020412002842020898291
:109E90009021912091000800050203100084910890
:109EA0000410002000880000800000A0054000028F
:109EB00002100040C01080000582200904100040FC
:109EC000200000024002080411A0008200100010CF
:109ED000001000A0000041200010099009100000AF
:109EE0002002000400881010200000000000400044
:109EF00000004000001000000400010800000409F8
:109F00000000200241000400008004C1040001851B
:109F1000200902042010200488002009A0029005D6
:109F20000400A140821000110000200010401041E8
:109F30001000020000850405041104208320001095
:109F4000880200080002A0110091101010050802FC
:109F5000200000101004000800808203000808039D
:109F6000081000058408000300004000A010A000B5
:109F7000A00002200300A1001100030004850404D6
:109F8000008405008000A02085000520022002201A
:109F900005000010218890010000210184040400C4
:109FA000001000840040201010200000202020001D
:109FB000210011000201094008C0038389040882BE
:109FC000020489001008110810000408000010C0E5
:109FD0000083102102C000080000100000040004EB
:109FE0000004000400881183008241200100030066
:109FF0004100410083800000200000009000030821
:10A000000180000000092000050520000083019068
:10A0100001800005840340030220820500200380A4
:10A0200001030005001084218810A08000C00000FA
:10A030000420880900030840100582059020209024
:10A04000400900212000C01082000800000000210B
:10A050000100102020A00810A0090008000000A1A5
:10A060000090008002800420000400090009000123
:10A070004000020000008000402005A0100205847E
:10A0800020900004201040000040000041A0040186
:10A0900021004120008404840210C00204A0108228
:10A0A0004000202004C00090031021840000000024
:10A0B000088803104084408440C085202102058424
:10A0C00000001020400841C00388092009A00400B6
:10A0D0001100110800108840008241200004008215
:10A0E00040C0028440A021900000040011C0004044
:10A0F000000221020100000010000000000000002A
:10A10000000000000080012002200003A0100009D0
:10A1100090049011C0400005051140000421010287
:10A120000211000888A183050000900000210008AA
:10A130000000031104009000000210402080200065
:10A140008804100284100005002104030080200010
:10A1500010110009000000021000080440800040B7
:10A160004011001190110004402100100002000075
:10A170001088080100020200000105C02088850047
:10A1800020000400418520040484204000000000D9
:10A1900020000400410000000041030804014100C8
:10A1A0008000A01003A00010828400C08020A0C006
:10A1B00020C00000418441A0088820001110022026
:10A1C0000490020804824184051005110200080071
:10A1D000411020400010040840C00202101041A0AD
:10A1E000044000880020029000A00000809008A099
:10A1F0008084104101100080011000040000010063
:10A2000004000141C1000008858885100188000014
:10A210000400831010080009104100A00003012071
:10A22000002104030503900000000500A0032003A3
:10A2300005218200000000210008200088000400A1
:10A24000000590001141C0050200A00000040405B3
:10A25000000000040000000090820000C18340095B
:10A26000A020A00808410010A000000388052000DD
:10A270009000200040041103204100030041108899
:10A2800005400084401111030011800211400003B9
:10A290008509C000008080031009880000000003C9
:10A2A0004009400000000003808903000080000393
:10A2B00088890980000000000083800909000000EF
:10A2C000808391890880008000838009400000001D
:10A2D000C105030480A0834140848011838884C128
:10A2E0000340890888A00903800320092100008019
:10A2F0008003050991800080010100010000000138
:10A30000A08301048210008888010000020140003F
:10A310002041A189A020000210018401C00000009A
:10A32000000189010400000090C1821188820010A0
:10A330001041408508C000A0000000839089912052
:10A3400000A00811400340C00008041108850390D4
:10A35000881085A0000120090405012004108291C5
:10A3600011020490402020C000C008A1A185A008CF
:10A370000002208905C1200400100000890420018A
:10A380008388000000C000C0000090408800A10247
:10A390008800820008000210C1050011020003C0FD
:10A3A00011C14003040011C00911A002100011A046
:10A3B00041090211088440208509000000010400C1
:10A3C000890283918811C004820291051000400027
:10A3D000A02041094101A008114089902041C1A15C
:10A3E0000940110809108385051140400411080037
:10A3F000090003C190844000891009C10009408010
:10A40000201183200000408008910008408009004E
:10A41000C0000940000400000080834000908000DC
:10A42000A100830900108000A180038900050000BD
:10A43000210003098040000000808389000000099A
:10A4400080002180838900C0000000000389800013
:10A4500000008080838521030200210803022088F8
:10A4600020880589C088910020219084830480037E
:10A470000000A100038900090011218003090010D8
:10A48000002000089103030802001140101040054D
:10A490000220000204C0000000000989000300003F
:10A4A00020800409000380802000108900830000C0
:10A4B00084008009000300800880088980830000F0
:10A4C00000000980800900830000200003898003C8
:10A4D0000000000003090003201090A000A0040861
:10A4E00011024182102120C0830200408502000534
:10A4F00000008000808900030000C0000089800304
:10A50000000100000001C1010100890009004001B3
:10A510000020002100210383040410C010A1108931
:10A520000088000201212089200201880103020322
:10A530000020080810890291A0048302830382038B
:10A540000000000005049001008300A01084A08595
:10A55000820500208440C02100210101058410846F
:10A56000400020A010A0830205A1038210410988A9
:10A57000A0C000400802828500C100888310828547
:10A58000A089059020842000084008A091849000B4
:10A590000800001000080000000209034004A000A9
:10A5A00002108989410402008888118883084000CC
:10A5B000088885000240210020409102109002018D
:10A5C000C0200000838941902002900891219020B2
:10A5D0009001C00883028205040002088885850571
:10A5E0000801A0828408C041A08484898402C1112A
:10A5F000820140C003840490820008022140089038
:10A600009010108483912011001108009100100017
:10A610009009090000040084000400808902008081
:10A6200000110000038804808000000083A0040063
:10A63000800000008305000004000000034080004B
:10A64000802100000000838404000080000003419A
:10A6500000800021008083C1008800009080108469
:10A66000409183211085C00420214085051091056B
:10A67000A10810200880899180000000000003419B
:10A6800000000000090012000009900000000660B0
:10A6900040099000210000600009900000008182C4
:10A6A0000009D000000000840009D0000000004232
:10A6B0000009D00000001242000BD0000A000A502E
:10A6C000000BD000008200000088C20BD0440000C4
:10A6D0002184000BD00000820A880009D00000000D
:10A6E0004100000BD08041881242000BD000008155
:10A6F0001242000BD00082000A50000BD00082886A
:10A700000082000BD0004100FF3C3C550CFC35356D
:10A71000996666999669699600000000996666993F
:10A720000000FFFF000000FF000000FF000000FF2E
:10A73000000000FF000000FF00000F0F000000FFFE
:10A740000000FFFF000000FF0000000000FF00000D
:10A7500000FF0000FFFF000000FF00003C3C000085
:10A7600000FF143C143C1FFFFFFF0CF500003F7F6F
:10A77000FFFF3CFF550F1E1E1E1E0000FFFF0000C6
:10A7800000FF00003C3C000000FF003C3C550CFC7E
:10A790003535669999666996966900000000669954
:10A7A00099660000FFFF000000FF000000FF0000AE
:10A7B00000FF000000FF000000FF00000F0F00007E
:10A7C00000FF00000000000000FF0000000000FF8C
:10A7D000000000FF00000000000000FF00003C3C03
:10A7E000000000FF042C143C1F1FFFFF0C0500009D
:10A7F0003F7F3F7F3C00550F00AA55FF0000FFFF41
:10A80000000000FF00003C3C000000FFE8E8F330DF
:10A81000F0FFFFAA99666699F00FF00F9696996679
:10A8200066999966FF000000FFFF0000FF0000002E
:10A83000FF000000FF000000FF000000FF0000001C
:10A84000FF000000FF000000FFFF00000000FF000D
:10A850000000FF000000FF000000FFFF0000FF00FD
:10A8600000005555FFFF3C3C3C10ACACFF0F000016
:10A870000000AA28AA283F330F03AAF0AAF0FF007D
:10A880000000FF000000FF000000FF000000E8E8FB
:10A89000F330F00000AA669999660FF00FF09696D3
:10A8A000669999666699FF00000000000000FF00AD
:10A8B0000000FF000000FF000000FF000000FF009C
:10A8C0000000FF000000FF0000000000000000008A
:10A8D000FF000000FF000000FF000000000000007B
:10A8E000FF0000005555FFFF3C3C3C00ACACF000C5
:10A8F0000002AAA8AA28A2203C300C00FF3C003C81
:10A90000FF000000FF000000FF000000FF0000004B
:10A910000886046003B2001000BE00DC03F0A080D3
:10A9200000860AFC00B8A080C0C6C0FC33C04D033E
:10A93000C0C7C0FC30B04903C0C7C0FC30B0490339
:10A94000C0C7C0FC33B04903C0C7C0FC33B0490323
:10A950000000C061C09C30404D03C0C7C0FC33B094
:10A960004903C0C7C03C33B04103008600B0039028
:10A970008010A18652FCA3B0000500860CAC0398A1
:10A980000005C0C6C0BC33904903C0C7C0FC30B08E
:10A9900049030000000000000000CC3333CC00006D
:10A9A0000000000000000FF0333399666699996645
:10A9B00066990303B08010100333FFFFFEFA305096
:10A9C000F000F0B0F0B0434300C00F0A30000500C3
:10A9D0000F300000FFF0ACAC0505FFFF00000CFAE3
:10A9E0001FFFBFFF003000C010301033FFFFFEF428
:10A9F0000FFF0FFFFEEA7C683E3FFFFFFFFFFFFFF8
:10AA0000FFFF7DFFFFFFFAFA5DFF5DFF00FCA00086
:10AA100005AF05AF0080000000000000CC3333CC50
:10AA200000000000000000000FF0333366999966C3
:10AA3000669999660000B08010100030FEFAFEFAA8
:10AA400030500000F0F00000404000C0000A30002C
:10AA50000500003000000F00ACAC0505F0F0000070
:10AA60000C0A0FFF0FFF000000C010001003FEF4DF
:10AA7000FEF40FFF0FFFD6C254403C3DFFFFFFFC2A
:10AA80003F3C5FFF7DFFFFFFFFFE5D5DFFFF000CB2
:10AA9000A0001414BEBE00000000FF55000066991F
:10AAA000999900000000000000003FFF7FFFFA00BE
:10AAB000000C99666699000000000000000000008C
:10AAC000000003410341FFFFFFFF05AA0028FFFE2E
:10AAD000FFFC5DFFFFFF0000FAFAFC0C0FFF5F5F59
:10AAE000000C00AF1C3C1C3C3F3000001FFFFFFF70
:10AAF000FFFFFFFF2AFFFFFFFFFFFFF8145514556C
:10AB0000FFFFFFFF14FFFFFFFFFFFF10555FFFFF79
:10AB1000FFFEFFFA7DFF7FFF000000000000F05005
:10AB20009966666600000000000000003F3F7F7FDE
:10AB30000A00000C66999966000000000500AF004D
:10AB40000000000000003C00FFFFF828050000287E
:10AB5000FFBEFF3C0CFFFFFF00000A0AFC0C0FFFCA
:10AB60005050000C00A000003C3C00000A0A14FFFA
:10AB7000FFFFF2F2F0F02AFF2AFFFFF8FFF804458A
:10AB80001455E3A0A0A005FFFFFF00000000557DC5
:10AB9000FFFFFFBEFFAA3CFF3FFF000000000000D8
:10ABA000000000000000000021002100000800005B
:10ABB000020004000000020008002000000020083D
:10ABC0000800000002082020200020001101028857
:10ABD00008004020020002002020000000090008B8
:10ABE0000209900400010400000000C002002004DB
:10ABF000002002004090020000000010040810082D
:10AC0000041000080090400820821000049000000A
:10AC1000028504040000000004000401000000009C
:10AC2000000000000800000000001000000010807C
:10AC300000000100010000000100000009001000F8
:10AC4000830088008200010000000000080000046A
:10AC5000010000000080A1000500C08000C00020AD
:10AC60002000010404802040000008000000830050
:10AC7000008000400100020003000200000001000B
:10AC800001000000000000000000000003000000C0
:10AC90000000012041000000000011000120000020
:10ACA000000000000000000009000000000000009B
:10ACB00011008000000000000000000800002000DB
:10ACC0000200200000002000080000000800002012
:10ACD000008900100000000041000000000000009A
:10ACE00000400010000400010401000110110009DF
:10ACF000002000010000000000820000208204000B
:10AD0000200290112020200220000000000884046E
:10AD1000000000840008040082000010101000A051
:10AD20000000000000000000000000000000000023
:10AD30000000401010000000400000000000000073
:10AD40000000210000000000090000009000000049
:10AD50000000A02000000000000000000000001122
:10AD600000000080401040114020010400200040FD
:10AD7000042000800020002002002000001011109C
:10AD800000048911110801800180011000100008E1
:10AD9000218000000408000301402121001000214F
:10ADA0000041000002000000000000000000000060
:10ADB0000000820184010200808480008000110074
:10ADC000831000400900210040400084004085A01D
:10ADD00004200205211020101005108804820402AE
:10ADE0000000000004080510008441000010110854
:10ADF0001110000004C12188A0022021401004107D
:10AE00008010110102A0C04004C109020408801191
:10AE10000008214084C02108800821100010001083
:10AE20000010410000000400880000000000100035
:10AE30008800040505200220854004041000040059
:10AE40000000040000400210A0052005C005840495
:10AE50000204018311202003200408A0200089059A
:10AE600041030000000000214003C0000400200452
:10AE700000090403A002110400100500C1A0040091
:10AE800091110200082041050485404040C00102A4
:10AE90002040001140900202841004020002004091
:10AEA00010058400001011001100000011000000C6
:10AEB0000900000000000020802180218021020084
:10AEC000110084200084000020080082800080009F
:10AED000400185C00004C004050004040900C0004E
:10AEE0000904000410C000002104412105002100D4
:10AEF00005C041040520049002004108102010A064
:10AF0000028240082100028210200004000420A0D8
:10AF10000000000500892102008440010004A00116
:10AF20000000200100C041000000000000000000FF
:10AF300000000000000000000480048804822084D7
:10AF40008500C0001191A01000090500A00020009C
:10AF50000400A004040000800488900021910000F7
:10AF6000200000850080402000804088008400058B
:10AF700084084010409040904104840000000090FC
:10AF800000051000A01000100000058020839083B1
:10AF9000104120028820002000000210400440855B
:10AFA0000204002088400020000300000000000090
:10AFB000000000000400000000004100040584823D
:10AFC000C10000C000000084C0880008209000403C
:10AFD0008090A082808480101100090004089108EC
:10AFE000050800010484208480A000000000800285
:10AFF0000920008404900382100420004182030091
:10B0000000082108034040A1102000C009001000E2
:10B01000C182040000110002000821C000010402E6
:10B0200000A0208420200420800400400000004074
:10B030000040040504400040904100218205C020EA
:10B04000040404009008840000112021200900035A
:10B0500000A0041004200421042100084040A11095
:10B06000040200098220C020901004000000840225
:10B070000421008040000110000808904140900029
:10B080000040C0000221841010200491C009C0219A
:10B090002109101088044020101090102002900404
:10B0A000030800051003008585A002A004A100008C
:10B0B0000000000000001100020002000200040174
:10B0C00004000000912004000420009000200202EF
:10B0D000020021100040C002200180A01082050261
:10B0E000A084021000000984041021102008000030
:10B0F00010100200109008820410000811100000C7
:10B10000110010C020000284A000208483102020A1
:10B11000211003C00000C10880089110834009037A
:10B1200041208488039000082010000000200900BE
:10B13000000000000000000000000000000000000F
:10B140000020890000090480012004000000048020
:10B1500041098800020088002021C0202000000052
:10B1600000050200001004000000050500050110A4
:10B1700000000404012100051004C000840802102E
:10B18000882110410008001000100505050804037F
:10B190008908400304210405049020082010208819
:10B1A000000200200309A0108420841008410085BB
:10B1B0000204000000000000000000000000000089
:10B1C00000000800218000802080088803C00888D3
:10B1D000208900034009000000000003000910005E
:10B1E000008000838909410000000003008910806D
:10B1F00000000000000380090880800000030509AA
:10B20000A1008080008385894080000080031109AF
:10B21000A0000000110390202111830090108008ED
:10B220004110210380038489200000000003890964
:10B2300040000000000000000000000000000000CE
:10B240000000000020828808908801081011848581
:10B2500091A1001040210485C0400090A0410889C0
:10B26000A182000200118289214000C0000910095A
:10B2700003200008000088410485211008888841C7
:10B280002109028884C00005A103A0C00088100124
:10B290000201C1000000901041200820094008016F
:10B2A000A001820100008891112140A00040880186
:10B2B000112191C000020000000000000000000009
:10B2C0000000000000008901C1028941030890408C
:10B2D000C00240C08540200111009008039120C1A8
:10B2E0004000A010098990102000080485109004E7
:10B2F0004000020485C0000090102100024085112A
:10B300000411910010822103C08409004040090506
:10B3100088039100020285C1C0A021089105841014
:10B32000890390004020C08908102100020805C14F
:10B3300010900100208205010000000000000000C4
:10B3400000000000000000000520A08005C1890861
:10B3500000848980092089080020410000008309B9
:10B36000004100008000030500050000000083008C
:10B3700000110000808083000000001141008080E7
:10B3800083890021410000008309001141090080E8
:10B390008389001041008000830908030482412052
:10B3A000889011400304208041030089C10080007F
:10B3B00003898009410080000309000000000000AB
:10B3C00000000000000000000000004180C10020DB
:10B3D00080C008210441C1402010000000000889FD
:10B3E000808300808280030980030000218084091B
:10B3F0008003000040000809800300000080410035
:10B400008809808300808400808900038080858093
:10B410000089800380002000100900038020A0081C
:10B42000C00200842140022010020410008020008D
:10B430008009000380000300A009800300000000D1
:10B4400000000000000000000000000000408889AB
:10B4500082210411001110082140A020000488A0BE
:10B4600083A188090008A102104182210004820200
:10B470001189408988A08340A14104C100000008CF
:10B480000090219120110002101004118489821073
:10B490004020C085828508400140000904A1401079
:10B4A00009911109A010A0410041004002A1002013
:10B4B00088C0828984C102888988100982030000BB
:10B4C000000000000000000000000000000011402B
:10B4D0000511C0008889828211888800211021917D
:10B4E0000282400004038502104020008803218866
:10B4F00091A0900190108589A12002000202000015
:10B500004188834002000840218841404000A00259
:10B510004188910890000410418941404000044155
:10B5200089A0210820002004080810100800100439
:10B530002120884008000402838809040400202098
:10B5400000000000000000000000000000000000FB
:10B55000831090909100C09040A085210800088041
:10B56000090380000000008883038000001109C1E6
:10B5700083C10480002100008383040080108000C8
:10B58000000003910400800000800390048000000C
:10B59000000003C10480000000000382048000005A
:10B5A0008010108410100841C080009000A100009D
:10B5B0000080890300000000808003A084800000D8
:10B5C000808000000000000000000000000000007B
:10B5D00000000A824009900000008150000B90009A
:10B5E000410000880009D000410000810009D0001E
:10B5F00000508241000BD000060000600009D0001E
:10B60000820000000660000BD00000000A50000B12
:10B61000D00000008241000BD00006411182000BD7
:10B62000D00000008241000BD00000508181000B4F
:10B63000D00000508181000BD00000881242000B26
:10B64000D000418200000000000000000000000067
:10B65000000000000000000000200000FFFFFF3E8F
:10B6600000000066FFFF0000FF0000003C3C0000FF
:10B67000FF000000FF000000FF000000FF000000CE
:10B68000FF0000000000FF000000FF000000FF00BE
:10B690000000FF000000FF000000FF000000FF00AE
:10B6A0000000FF00000000006F0CFFFFFF3E0000E5
:10B6B0000000BD24BD24FFFF0000FF000000FF00CC
:10B6C0000000FF000000000000000000000000007B
:10B6D0000000000000002000240000000000FF3EE9
:10B6E000FF3E3C0F0000FFFF0000FF0000003C3C5D
:10B6F0000000FF000000FF000000FF000000FF004E
:10B700000000FF0000000000FF000000FF0000003C
:10B71000FF000000FF000000FF000000FF0000002D
:10B72000FF000000FF0000000000600CFFFFFF06AC
:10B73000000000006F6F0909FFFF0000FF0000001C
:10B74000FF000000FF0000000000000000000000FB
:10B7500000000000000000000000000000000000E9
:10B7600000000000000000000000000000000000D9
:10B7700000000000000000000000000000000000C9
:10B7800000000000000000000000000000000000B9
:10B7900000000000000000000000000000000000A9
:10B7A0000000000000000000000000000000000099
:10B7B0000000000000000000000000000000000089
:10B7C0000000000000000000000000000000000079
:10B7D0000000000000000000000000000000303CFD
:10B7E000767E6060046466066666000000FF000006
:10B7F000F0F0000000FF0000FFFF000000FF00006D
:10B80000FFFF000000FF0000FFFF0000000000FF3E
:10B810000000F0F0000000FF0000F0F0000000FF6A
:10B820000000F0F0000000FFFFFF0F0F000F00000E
:10B830006000300F0024646408980E9E000000FF32
:10B840000000F0F0000000FF0000F0F00000000039
:10B8500000000000000000000000000000000000E8
:10B86000303C767E0000046466066666000000FFD9
:10B870000000F0F0000000FF00000000000000FFEA
:10B8800000000000000000FF0000000000000000B9
:10B8900000FF0000F0F0000000FF0000F0F00000EA
:10B8A00000FF0000F0F0000000FFFFFF0F0F000F8F
:10B8B0000000600030000024404008980E9E000008
:10B8C00000FF0000F0F0000000FF0000F0F00000BA
:10B8D000000000000000000000000000000005A6BD
:10B8E000008C03C00400008600EC03B00000C0C65A
:10B8F000C07C30904903C0C7C0FC30B04903C0C70A
:10B90000C0FC33B04903C0C7C0FC30B049030000DD
:10B91000C0C7C0FC33B04903C0C7C0FC33B0490343
:10B92000C0C7C0FC33B04903C0C7C0FC33B041033B
:10B93000A08652FCA3B00005A08652FCA3B8000567
:10B94000C0C6C0FC33B04903C0C7C0FC33B0490314
:10B9500000000000000000000000000000000000E7
:10B9600099666699CC3333CC3C002828000014AF8C
:10B9700000000C0C0F3FF0FCF0B0F0B00000545E83
:10B9800000000A3F0C0005F0F0F03030000F30509E
:10B99000000000F0003C0005F03000FCA0000404B2
:10B9A0000E0E00AF300000000FFF00003FA000139C
:10B9B00030133AF03A00000F3050FFFEFFFC01C098
:10B9C000C1C02A2AA000040704073F3E3C3E050FE1
:10B9D0002020000000000000000000000000000027
:10B9E00000006699996633CCCC33303000000000FB
:10B9F0001405AFA000000F0FF0F0F0F00000000001
:10BA0000040E00000A300C000500F0E030200000B9
:10BA100030500000AA00000000050030000CA0001B
:10BA20000005000500A0300000000DFD000030A062
:10BA3000001030100000000000003050FFBEFF3C3E
:10BA40000100C1002020A00000000C0C3F3E3C3E45
:10BA5000000A20200000000000000000000000009C
:10BA6000000000009966669999666699FFFFFFF8E5
:10BA70001FFFFFFF83830C000C0041C3FFFEFEFE8F
:10BA80005DFFFFFF00000C0C1FFFFFFFFFFFFFFF2C
:10BA90003DFFFFFF0000030303003F7FFFFFFFFFA9
:10BAA000FFBC000C00F5FFFFFEFC5FFF7FFF000006
:10BAB00000005F7FFFFF3AF03A001FFFFFFF00002A
:10BAC0000000D000D0C00A3F00000070007A414062
:10BAD00041407DFF555500000000000000000000BF
:10BAE0000000000000006699996666999966FFFF5C
:10BAF000FF2814FFFFFF80800C000C004100FFFABC
:10BB0000FAFA0CFFFFFFAFA0000014FFFFFFFFFFDA
:10BB1000F82805FFFFFF0000000003000F5FFFFF94
:10BB2000FFBCFFBC000C0005FFFFFAF055FF7DFFD6
:10BB300000000000557DFFFF0000000014FFFFFF24
:10BB400000000000100010C00A3000000020002A91
:10BB5000010001007D555555000000000000000067
:10BB6000080000000000000002000040400000014A
:10BB70001191200000000020800010008000401083
:10BB8000000002400000210000000000020004004C
:10BB90008210209084900090000000828021042078
:10BBA000002020004100000000000000034091043C
:10BBB00080A04020400800208000020804919011DD
:10BBC000802100000408049000000000A0408409C7
:10BBD00011000409000180A102A100000000000082
:10BBE00000000100000000000000010000800000D3
:10BBF0000040001001000000008208000000080260
:10BC0000000000000180000000040000000003109C
:10BC10000300030001000300000000C0000002A0B8
:10BC2000018000000000021010002005000000004C
:10BC30000280022104800020000020000100A120D9
:10BC4000052004A00000890001000000000005801C
:10BC50000404100000200020042000200000000048
:10BC600000000000000000000000000020000000B4
:10BC700000000000800004008000800020020020FE
:10BC8000000000000420042104000400080000005B
:10BC9000000200000041000080008001000000055B
:10BCA00000000010000080C0000000100084002090
:10BCB0001020000005A10400410020200004000223
:10BCC0000000090404020401000109A02000800012
:10BCD000080200082000091000000002008900008E
:10BCE000000000000000000008000000000001004B
:10BCF00000000000000020000100200020001100D2
:10BD00000080100300000180018401000100000098
:10BD100000000000000000C00000201020200000F3
:10BD200000C0200000100041042000080000402155
:10BD3000008400880010002004100010011002820E
:10BD40000010000000900110010400020008012111
:10BD500020050008008201000009001000102004E6
:10BD6000000000000000000040000000020104008C
:10BD70001100090000000000110004208400048468
:10BD80000420034002C0081000858800042004201D
:10BD90000420080111000010C18300010082058405
:10BDA00000000482000000080091A0008000020949
:10BDB00000A00085400103401084850840200484D1
:10BDC0008210111008001100A02008828000028259
:10BDD000830104A0108203880009000400400908C0
:10BDE00009C0000000000000000000210005011053
:10BDF00000088241C0110005900390099188020556
:10BE00000041038504C1011001800420020889C19A
:10BE10000190C111004010200000044000400000CB
:10BE200004400000031088000010C020040002003D
:10BE30000040C040A0400204100084052005C083DB
:10BE400082000241000584050008059100000208F7
:10BE5000022104400002010000028420020000A12F
:10BE60000003000000000400000000000420008225
:10BE7000008200008010800808208020808400005C
:10BE800021900010090000830040898420010211E4
:10BE9000410002000001001104012005904104103E
:10BEA000412004200000208840C002A09085881016
:10BEB000040441008504201011000001008490203A
:10BEC0000340008303020010400800208420041077
:10BED0002010110441042000A0C020A008002084EC
:10BEE000000002A0040100000000000000000100AA
:10BEF0000000000000000880200000002000080072
:10BF000000008405000000200040001120001020E7
:10BF1000842084410100400400040104908420C076
:10BF200001000880011000C0910084002110202031
:10BF3000200001A188110480002100000020C041E0
:10BF4000208410910820901108009000209105088D
:10BF500021000111408000020109400021038210EC
:10BF60000000C0000100010200000000000000000D
:10BF70000000090000000000802000000000000018
:10BF80000000040002A00284801100000020801044
:10BF9000021000202001090004000320000000829C
:10BFA000800804024008098400000082100041005B
:10BFB000118402C04100048802A085000900080025
:10BFC000A08541000502024000A0408280000220BE
:10BFD0008021201020880402400204000504022071
:10BFE000410008C009080440401000000000001093
:10BFF0000000000040000021000008850005040842
:10C000000021901091419110840502200011C0027E
:10C0100004800040008090400409A108828900410A
:10C0200084210220A1080000C002000000100011BD
:10C030000810040503091011012101102000C0108F
:10C0400040410404902000021085400804100410B0
:10C05000108440204108900001034090011000002E
:10C0600001A1C000000010000020900500000000A9
:10C070000000000000000000000000000910800027
:10C0800020090400050002A002840040880020A0CE
:10C0900020210041842004088000892000414000C4
:10C0A00000400400118210000020208400000210D3
:10C0B00000820083021041840300A08410040484E1
:10C0C00003200410008402A020004010800021847E
:10C0D00003050088002021901088004020418890AE
:10C0E00041A000840040028441040321022000009A
:10C0F000000000000000000000410000000300807C
:10C100000400414091050041000000210000210091
:10C110000104012000842088880020002080004045
:10C1200000200005014100000400000000000000A4
:10C130000000000400040008204000050504888079
:10C1400000000480840000110109010000080400BF
:10C150000200002000002084100090402080000495
:10C160000200100400040080010090208208834037
:10C17000000000000000000002000000000083003A
:10C180008083000910800080800384090200000081
:10C19000808380898200000080030009A0000000E5
:10C1A000000300890280008000030009880000006D
:10C1B000000000038909040000808003408920807A
:10C1C00000808003850909000080808388890380BE
:10C1D00000004010110540881091084040030403FE
:10C1E000030308058311098482A00208A0088210B5
:10C1F00040110000000000000000010000000000ED
:10C200008300041182092120000840A10309019044
:10C2100000904083204105A000880401880140006F
:10C220000000A009A00391100002C021A0892040B5
:10C230000000000000850309900890028291C0C1AF
:10C240004002000208412121822000022005200333
:10C250004004002001A10288A01101020000020098
:10C260002000890011910308C00488C0A04008A0E4
:10C2700041C1018800000000000000000000000033
:10C280000020000040012000112083010800080068
:10C29000012083C120010800A0008301009020003C
:10C2A00003904101041140008810852020040800FB
:10C2B000884085C0000090212001A0C0A14121A09C
:10C2C000040020C005C09041020003401103024059
:10C2D0008800C1A0212188010140100008C0082069
:10C2E000A0000310030403211104402102A0041044
:10C2F000C0A0040804C0000000000000000000000E
:10C3000000000000000000028000A1808309800579
:10C3100080002180838991108000800083110011AA
:10C320000000A100030980A00000008083828840F3
:10C33000000000808300000000C0000880000305AA
:10C34000210580008000038900C08000A1808389CE
:10C3500000900000A100038905081082A120038439
:10C36000C09003218580C190A1C088841082821171
:10C3700021C020A10590A082000000000000000064
:10C3800000000000000000000080808000890003A1
:10C3900000808080008900830080028011090003F2
:10C3A000000002800309000300008400000980836C
:10C3B00080800280098900830000008083008089DA
:10C3C0008083000004008809800300004180080980
:10C3D00080830080108000090003418880838810DA
:10C3E0008985A002208841820490C14021830810E1
:10C3F000C0034182848803210584000000000000FE
:10C40000000000000000000000000090C0C0820595
:10C41000884100040288408500890020C10201890A
:10C420008491A040010800410441000808208209CD
:10C430008211400400400003040300000008098446
:10C44000040382A100080882080540910008A0109A
:10C4500091C140A1001089028491022103020820A9
:10C46000A109058941C0000200032003092188A019
:10C4700011912102000540032002C10200000000CA
:10C480000000000000000000000000009190021079
:10C49000A0002000858803048400C00083A0A010B1
:10C4A000A088A0400188090200000040918908117D
:10C4B000C0000284918991029000900400401141D3
:10C4C0008810042089081100880204002020418976
:10C4D00021102082C00803110202908220904005A2
:10C4E000882008C08989C09002A0020802021001B9
:10C4F00000C0200091088390C1852000C0900000FA
:10C50000000000000000040000000000000089C0DE
:10C51000800080008000838084008000000083050C
:10C5200000000000898003C0040000000000030335
:10C530004140000080000382040000000000000071
:10C5400003200000801140808303800000001180E0
:10C550000388040000800000839080000000110028
:10C560001103A18409208988800580908008808437
:10C57000092041030908088002034040A103890003
:10C5800000000000000000004148000990000990F0
:10C5900011424009D000000041420009D0000000D3
:10C5A00081424009D000000000820009D000000054
:10C5B0000660000BD00011501182000BD00000006B
:10C5C00000000660000BD00041411182000BD0003A
:10C5D0000A002184000BD00000881182000BD000DB
:10C5E00000000081000BD00081001242000BD0003F
:10C5F00000411242000BD00042000000000B9000EE
:10C60000000000000000000000000000000000002A
:10C6100000000000FFFF000000FF000000FF00001E
:10C6200000FF00003C3C000000FF000000FF000095
:10C6300000FF000000FF000000FF000000FF0000FE
:10C6400000FF000000003C3C000000FF00003C3CFC
:10C65000000000FF000000FF000000FF00003C3C65
:10C66000000000FF3C4DFF4D3DFFFFFF00000000BC
:10C670001FFFFFFF0D0FFDFF0530053FFD7D7D7D99
:10C6800000003C4D00000000000000001838AC1114
:10C69000008000000000FFFF000000FF000000FF1E
:10C6A000000000FF00003C3C000000FF000000FF15
:10C6B000000000FF000000FF000000FF000000FF7E
:10C6C000000000FF000000003C3C000000FF0000F4
:10C6D0003C3C000000FF000000FF000000FF0000E5
:10C6E0003C3C000000FF004DC34D05FFFFFF000074
:10C6F000000014FFFFFF00000000000000007D7D2F
:10C700007D7D0000004D00000000000000000000E2
:10C71000001008000000FF000000FF000000FF0004
:10C720000000FF000000FF0000003C3C0000FF0094
:10C730000000FF000000FF000000AAAA0000FF00A8
:10C7400000003C3C00000000FF000000FFFF000074
:10C75000FF0000003C3C0000FF000000FF00000064
:10C76000FF00000000FFFFFFFDF8ADA80F0030A0A4
:10C77000CE00C200AAAAA8A8FFFFBE3C54542800BD
:10C78000FFFFFEBEAA0028280000000000000000F5
:10C790000000000000000000FF000000FF0000009B
:10C7A000FF000000FF000000FF0000003C3C000014
:10C7B000FF000000FF000000FF000000AAAA000028
:10C7C000FF0000003C3C00000000FF0000000000F3
:10C7D0000000FF0000003C3C0000FF000000FF00E4
:10C7E0000000FF00000000FFFFFF5D580D08000083
:10C7F00030A00E000200AA00AA00FFFFBCBC40400F
:10C800002800FFFFFAAAA0A000000000000000001E
:10C8100000000000000000000000C0E6C09C339053
:10C820004D03C0C7C03C33904903C0E7C0DC33E0D0
:10C830004D03C0C7C0FC30B04903C0C7C0FC33B013
:10C840004903C0C7C0FC33B049030000C0C7C0FCE7
:10C8500033B04903C0C7C0FC33B04903C0C7C0FCF4
:10C8600033B04903C0C7C0FC33B0410300860CA4F9
:10C87000A0800005A08652FCA3B00085A08650FCD5
:10C88000A3B0008500860CE000B0000500000000A9
:10C890000000000000009090A00C000066999966CE
:10C8A00099666699FFFF0C2C0005FF3DCCCC99667C
:10C8B0000000000455AA55AA3C1403000000C0C0A3
:10C8C0000031303100000F3A0F0005300000AC009D
:10C8D000AC000C000F50FFFFFEBE40400C3C0000BF
:10C8E000FA301FFFFFFF00CB000BF0503000FF0FAE
:10C8F000FF0FFF00FFFF00CE000E0F0C05003C3CB9
:10C900003C3C3C0F0000003F0A000C0F05000000FB
:10C910000000000000000008100D000000006699F3
:10C92000996666999966FFFF2C2C0000FF3CCCCCE1
:10C9300099660000000055AA55AA00140300BE82A3
:10C940000000000130010000003A00000530000046
:10C95000F00000000C000050FFFFFAAA4040003039
:10C9600000000A3014FFFFFF00C80008005030002C
:10C97000FF0FBF4FFF80FF7F00C20002000C0500C9
:10C98000FEFE3E3E0000550000300A000C0005008F
:10C990000000000000000000000100000000800016
:10C9A00099666699CC330FF0000000000303FCFC8D
:10C9B00033CC666696966699000000000000000081
:10C9C000FC28C0283F7FFFFF0000000F1FFFFFFF74
:10C9D000000000C3B2003DFFFFFFCB0B00005FFF74
:10C9E0007FFF00000AFC0000C30000FC00280000DC
:10C9F0002828FFFFFFF8FFFF3C3C000000007D00FF
:10CA00000A00BE82000000003F41F00030305F7F2E
:10CA1000FFFF00000000000000000882C012480371
:10CA200041106699996633CC0FF0000400000303AF
:10CA3000FCFC33CC6666696966990000000000AAB8
:10CA40000A0A000000003C7DFFFF0000000F1F1FCE
:10CA5000FFFF00000000B20005FFFFFFC808000054
:10CA60000FFF3FFF00000A0C140C140C00C000283C
:10CA700005050055FFFFFF28FFFF963C0000000062
:10CA800028000A000000C0C000000341A0A0000070
:10CA90000F3FFFFF0000000000000000000000004A
:10CAA0000000000040000000000000000000000046
:10CAB00000100000210820004000000020001100AC
:10CAC0000010050021C020000084000005000900BE
:10CAD0000082410800000410200004C01000210062
:10CAE000048800200000049004900008000000006A
:10CAF000000000A0809000000000001000C002A014
:10CB00000200000000A00088041000A0109000089F
:10CB100003A0802000A00000000000000000000032
:10CB200000000000000900000000000000000003F9
:10CB30000000000000000002000200028800000067
:10CB400000000000000000000000000910000000CC
:10CB5000001020000009004000000000000040001C
:10CB60000200020002024002000200020002000075
:10CB7000000200000000200000020000000200008F
:10CB800000109000000000000000100000000002F3
:10CB90000000000002800000000000000000000013
:10CBA0000000000000000000410000000000000044
:10CBB0000000000000000000000000000000000075
:10CBC00000A00000000000000000000000000000C5
:10CBD0000002000000000000000000A000020000B1
:10CBE00000000000001041C0000000A0000200840E
:10CBF0000000000000000090000200100000001083
:10CC000000000000000000000082000000A00010F2
:10CC10000008080800080084000000000000000070
:10CC20000000000000000000000000000000000004
:10CC300000000000000000000000000000000000F4
:10CC400000000000000000000000000000000000E4
:10CC500000000000000002200000000000020000B0
:10CC6000000000000000000000020000A041902130
:10CC700000110041000200101000A000000200118D
:10CC8000000300050800000200000000000200028E
:10CC90000005002001000041000000000000090024
:10CCA000000000000000000000000000000009007B
:10CCB00000000000020004200590000009000200AE
:10CCC000000009000000090005000900091000002B
:10CCD000400003000584410009000920000009020A
:10CCE00000840010000205884000030000000008D6
:10CCF0000090000021000300008400201020041098
:10CD0000032011080500218409C0211002820200BD
:10CD10000308000800000008000020001090000038
:10CD2000880000000000000000000000000000007B
:10CD30000000884100000003002100000000000303
:10CD40000008000384000803840000000005C008F8
:10CD500084050005C003A010824182080040000045
:10CD60000021840302110409C00382110003001191
:10CD700000050021002100411005880002218405E2
:10CD800004210041880082038205400082030010D4
:10CD90009040A0114041841100410200850383406E
:10CDA0000000000000000000000000000000000083
:10CDB0000002009000A00088000005400020004014
:10CDC0004000000000404088008211820082004044
:10CDD000118200404040000040000000000005407B
:10CDE0000000020010001100001000081100118462
:10CDF00011C041C00000058220400000108805825B
:10CE00004100000010844102201000881000002022
:10CE100008400402000000001100000000C000846F
:10CE200000000000000000000000900000009000E2
:10CE300040009000000088000400000290410003C0
:10CE40000009000000000004002100410011002042
:10CE500000001020A009000000000000A021A00098
:10CE600084400040402000008203000000000211C6
:10CE7000000000008800001100200403A002000050
:10CE8000A0089009C0200221020010202003000801
:10CE900020080240000520210008881000088802B0
:10CEA00090020010000000000000000000000000E0
:10CEB00000000000000000000000000000000082F0
:10CEC000000000000082000040000000020000009E
:10CED00000000000000000004000091000000500F4
:10CEE00000000800000003080000410009001000D5
:10CEF00005000582058200004010001000000200BD
:10CF000005C041C00008039040401000210000A06F
:10CF1000030009C0000010C008C0080002A00008FB
:10CF200083A10010000900000000000000000000C4
:10CF30000005000000000000004002209000902149
:10CF400002000000A00008100000000800004021BE
:10CF500004000021840340214010000884050000E3
:10CF60000800000000210000C010002184210221DF
:10CF70008821A040400810000000A0080005901083
:10CF8000002100210000A000A020A008A00504416D
:10CF9000A00090000021900840214020A009884175
:10CFA000020540108821C0040000000000000000BD
:10CFB0000000000000080000000009004000000020
:10CFC0000000000000820400008804820488090038
:10CFD0000000080000900490210240001120400051
:10CFE0002040040004000000000005002010100094
:10CFF000408800020320022000400040200420045A
:10D000000304000041C000A02040004005200010A3
:10D01000410010040820000202000808000221203C
:10D02000080011080008040011040000000000219D
:10D0300000000000000000050000041100200403AF
:10D04000900002400009002190000005000200212C
:10D0500000000011820004200400000500080010F8
:10D06000000988000000840300030000004104025E
:10D070000040004104000000000004050010040806
:10D0800002410208002004004011040210100000B8
:10D090009021004088418840044040402010840492
:10D0A0009040A01088900221A0110205000000000D
:10D0B0000000000000000000000000000000000070
:10D0C0000000000000000000000000000000000060
:10D0D0000000000000000000000000000000000050
:10D0E00000000000000000000000000000008000C0
:10D0F000000000000000800003000080000200002B
:10D100000000000300008000090000000000800013
:10D11000000000000080800000000080000200008D
:10D120000000000300000000030000C00900000030
:10D1300000000000000000000000000000000000EF
:10D1400000000000000000000000000000000000DF
:10D1500000000000000000000000000000000000CF
:10D1600000000000000000000000000000000000BF
:10D1700082000000008200008200000000A0C09039
:10D1800000C0A0000001000082000000008200003A
:10D1900082000000008200048200000000A0C000A5
:10D1A0000004820000010000A000010082A1000034
:10D1B000000000000000000000000000000000006F
:10D1C000000000000000000000000000000000005F
:10D1D000000000000000000000000000000000004F
:10D1E000000000000000000000000000000000003F
:10D1F00000000000020000000000000085000000A8
:10D20000C0010500080100830100000000000000CB
:10D2100000C00000020000000000000091000001BA
:10D22000A000050009000008000001000000000146
:10D2300001110000000000000000000000000000DC
:10D2400000000000000000000000000000000000DE
:10D2500000000000000000000000000000000000CE
:10D2600000000000000000000000000000000000BE
:10D27000000000000000800000000000000004002A
:10D28000004080080200834000A010000000000061
:10D29000000000800000800000000000000004008A
:10D2A00000080005C000C10200800002400000002C
:10D2B0000003410300000000000000000000000027
:10D2C000000000000000000000000000000000005E
:10D2D000000000000000000000000000000000004E
:10D2E000000000000000000000000000000000003E
:10D2F000000000000000000000000000000000002E
:10D300000000008005C100020000020000000000D3
:10D31000000000000000000000000000000000000D
:10D32000000000004100004100000000000000007B
:10D33000000080808000000000000000000000006D
:10D3400000000000000000000000000000000000DD
:10D3500000000000000000000000000000000000CD
:10D3600000000000000000000000000000000000BD
:10D3700000000000000000000000000000000000AD
:10D380000000000000040003000100000100000094
:10D39000000000000082000000000000000000000B
:10D3A000000000000002010000000000000000007A
:10D3B0000000000008A08200000000000000000043
:10D3C000000000000000000000000000000000005D
:10D3D000000000000000000000000000000000004D
:10D3E000000000000000000000000000000000003D
:10D3F000000000000000000000000002000000012A
:10D40000000000820190900000000003010200C0B3
:10D410000000008200000000000000020004008301
:10D420000000004001A00200000000830000000096
:10D430000000000200100100C0C100000000000058
:10D4400000000000000000000000000000000000DC
:10D4500000000000000000000000000000000000CC
:10D4600000000000000000000000000000000000BC
:10D47000000000000000000000000000008000002C
:10D4800000020000008004001100000000034000C2
:10D490000080000000800000000000000080058087
:10D4A00000410000008004008400000000A0020091
:10D4B00000000000000000000200802000000000CA
:10D4C000000000000000000000000000000000005C
:10D4D000000000000000000000000000000000004C
:10D4E000000000000000000000000000000000003C
:10D4F000000000000000000000000000000000002C
:10D50000000000001200000000000000120041486E
:10D510000009D000124200000000000012000000CC
:10D52000000000001200000000000000120081480E
:10D530000009D000120000000000000012420000AC
:10D5400000000000000000000000000000000000DB
:10D5500000000000000000000000000000000000CB
:10D5600000000000000000000000000000000000BB
:10D5700000000000000000000000000000000000AB
:10D58000000000000000000000000000000000009B
:10D59000000000000000000000000000000000008B
:10D5A000000000000000000000000000000000007B
:10D5B000000000000000000000000000000000006B
:10D5C000000000000000000000000000000000005B
:10D5D000000000000000000000000000000000004B
:10D5E000000000000000000000000000000000003B
:10D5F000000000000000000000000000000000002B
:10D60000000000000000000000000000000000001A
:10D61000000000000000000000000000000000000A
:10D6200000000000000000000000000000000000FA
:10D6300000000000000000000000000000000000EA
:10D6400000000000000000000000000000000000DA
:10D6500000000000000000000000000000000000CA
:10D6600000000000000000000000000000000000BA
:10D6700000000000000000000000000000000000AA
:10D68000000000000040000000000000000000005A
:10D69000000000000000000000000000000000008A
:10D6A00000007B75AEDE00000000000000000000FE
:10D6B000000000000000000000000000000000006A
:10D6C00000007B750000000000000000000000006A
:10D6D000000000000000000000000000000000004A
:10D6E000000000000000000000000000000000003A
:10D6F000000000000000000000000000000000002A
:10D700000000000000000000000000000000000019
:10D7100000000600000000000000300200000000D1
:10D720000000400306608667C002000000000000A1
:10D73000408C0700000000000000300200000000E4
:10D7400000004003E66100010000800000000400CA
:10D750000000000000008001000010018020002176
:10D7600080010001000140008001C000800104012F
:10D770002000800020014009000184200000A10059
:10D780008400040002000000040000008400210165
:10D79000210000A1210080910001A00003000310DE
:10D7A0002010204020002000802000200001820066
:10D7B00009C10010414180088000800084018085FB
:10D7C00002008401110804000010000002000000A3
:10D7D0000100000000000000204000000140028025
:10D7E00000C010400040004000000420040002205F
:10D7F00000200100040001200040002004800000FF
:10D80000040003000100010000C00000000004004B
:10D81000004000000020200020208840020000007E
:10D820000003A1000120010001000480000000208D
:10D8300011002020000400C040000400200003204C
:10D8400004200100040200000000000000000000AD
:10D850000000000000000000800000000000000048
:10D860000000000000000000000000100084000222
:10D8700000008000020080000000000000000000A6
:10D8800000A00000000004000000000000000000F4
:10D8900000208001000000110000002000000000B6
:10D8A00000000090000300008020000400900008A9
:10D8B0000004000410000000000800030003000042
:10D8C00040020000000000C0200400000000000032
:10D8D0000000000000000000000008000000000040
:10D8E00000000000000000000000000000004000F8
:10D8F00000000000200001002000000000000000E7
:10D9000000000000000000000108001000000008F6
:10D910000000008020200400002000202091000052
:10D9200000000000000200200000048800900000B9
:10D93000002100880080000000200010000400404A
:10D940000000000800080410001001820008000018
:10D9500000000000000000000000000000000000C7
:10D96000800010008000000000010010041004007E
:10D9700000004100040021C08010000100000021CF
:10D980000490900082100011040000840000000048
:10D990000401848241400008040000000402008861
:10D9A00080880490901100848483900210101001EC
:10D9B00000000040A10000112000008302858911B1
:10D9C0001082841004820802A102048402088420C8
:10D9D0000000000000000000000000000000000047
:10D9E00000000200010020000000004000000100D3
:10D9F0000105000000000100A0000200002000005E
:10DA000082A0850020000500004001000000000009
:10DA10000000012005000000002185008800012190
:10DA2000A000200001212020880004400400900074
:10DA300090200400000010001020850040040540E4
:10DA400004400100050084000000201101000100D5
:10DA50002100000000004000000200000000000063
:10DA60001100800000001000000004000000000011
:10DA700000002000A0002000200000200200A000E4
:10DA8000A000200020401000A0008400C100800001
:10DA9000840000000004110005000500200420009F
:10DAA00020000000100020000401200000040020DD
:10DAB0000300030040040004400400884001040106
:10DAC00090040500410021001000100110008001A9
:10DAD00010008400000000004000000040004020D2
:10DAE0000000000002000000010004000008002106
:10DAF0000040004101000300010001000082890094
:10DB000002100400850091800005212020002002E1
:10DB100020052121008084C104080420400805C19B
:10DB2000110083101010901001008940012108A0FD
:10DB3000A0850010900400A0908900900002004091
:10DB4000004003A00000C0080000010002040520FE
:10DB50002008400203100000000000000000000048
:10DB600000000000000004000000C111000009A036
:10DB7000020840008411000000000008401000006E
:10DB80000482110200C000A000004008408540400F
:10DB900000C004001184000009A0210000100484CA
:10DBA000804000000202400804080900001005C07F
:10DBB00000904010051004A0212083414141000441
:10DBC000211004018403039040C1098440020084B1
:10DBD000008505C000820008000000210000000050
:10DBE00000000000000000000000000804880000A1
:10DBF000004001000000209000000000000000092B
:10DC000000030121000000100000000000000020BF
:10DC100000030000000500080000000800000000EC
:10DC20000108041100000103904011000000820867
:10DC300000001000000200000100000020A00020F1
:10DC40000080100001042140000020041000100892
:10DC500002100020A00008100000000000000000DA
:10DC600000000000002004000000020089200400E1
:10DC700000000008200000820004000204020020CE
:10DC800000A020080200001000A0200000022008D0
:10DC90004084840800004110C1000000049000117D
:10DCA0008084042003C041000400410404200500D6
:10DCB000401084084104414041100484418409011A
:10DCC00004842182110221820291410420841040A7
:10DCD0008482024004200040042002000000000072
:10DCE000000000000400000000000000050804001F
:10DCF0000409400000050005042100A10000000007
:10DD00000080040500050100002190008200002031
:10DD10004008A00020000000040004210000902121
:10DD2000000420000400A0004000890800210080B9
:10DD300082008410052000000080001040091010AF
:10DD400090081000001100000000014000030102D3
:10DD50000180201002C000000080410284031100F5
:10DD60000000000003000000000000000000008030
:10DD70008000058000800009000889910090000360
:10DD80008009110000000003850940008000008325
:10DD900020094180008000830009400000800000CD
:10DDA0000003400983000000000302094000000056
:10DDB00000830209080000808003850902800000BA
:10DDC00040210310904010412010002008100388CB
:10DDD0002020850389A1204105218309402011A02D
:10DDE00000000000000001000000000000004000F2
:10DDF000208202822020000400A0A090090200914D
:10DE00000001820190000000000111014100840026
:10DE100088A1888541020002081188854188002078
:10DE200000000001C00120000000880108018200FC
:10DE3000000000050889C190000208890809411006
:10DE400088400900850183000000009188208891A6
:10DE50009089900920904002010902901091109140
:10DE600000030000000000000000000000000000AF
:10DE7000004088010400898889044100050005826A
:10DE80000501902089002020899104112100880239
:10DE90000901080202008802898220A1210090A0C5
:10DEA0000905000002038500044009C10211850034
:10DEB0008820850588050300C002858990A021007F
:10DEC00002C08509A14008010840C0212110A0001E
:10DED000A108200804C0A008880588082121022084
:10DEE000A18208A100000000000000000300000063
:10DEF0000000000041108000200009A182034100C1
:10DF00002180830300114100800003098088C10043
:10DF10000080030980088000000003808010C10099
:10DF20000000038900008003C10000808389009005
:10DF3000C100000083890020C10080008309000522
:10DF4000C1008080830988A011208380919088403F
:10DF50001141108005909009C00920822084C003DF
:10DF600085020585834000000000000000000000DD
:10DF700000000000090000888000828000C1088045
:10DF800080800080210000002080208980830000A4
:10DF9000200009898083000002008009000300003E
:10DFA0000500A089000300800000028000890003B2
:10DFB0000080210005098003000041808089000362
:10DFC0000000A000000980830388028820910311CB
:10DFD000894089104183400510C10411041108854E
:10DFE0004091A041882102C0000000000000000014
:10DFF000000000000000000000841020400290C0DB
:10E0000001C00802C040000200820102000302A118
:10E0100000880188001182A100084088840902213B
:10E02000001084901085A00900C000400008008501
:10E0300002050002000800C120A100888802020930
:10E0400002890088824010914011A0C1000901841A
:10E0500002C040410241028404890502A12190408E
:10E060001110090808900890400500000000000009
:10E07000000000000000000000008985840902897A
:10E08000202082010400A00140C009004008C08493
:10E0900002080988018200080090918811A01000F0
:10E0A00040080903884000009088008091898940D9
:10E0B000C0002002890884821000A088218941A024
:10E0C0002000C010110088A0208490A02090202063
:10E0D0002000A004900020109000402041C020119A
:10E0E0002001020811218510A10190A0000000006C
:10E0F000000000000000000000000000098300C1D3
:10E10000911080008010800000038003092000002F
:10E1100000800000839104800000000003888400D8
:10E120000011008003C0008000000900008003A0EF
:10E130000480000080800340008080001000039075
:10E140000400000000808303000080801000802015
:10E15000009100100080000300040008808020204F
:10E1600002402140800010A010041008020012009C
:10E170000009000000900042000000000B00218216
:10E18000400990001100060000099000004206605E
:10E19000000BD00006002184000BD0004150066027
:10E1A000000BD00000482184000BD00000000000CC
:10E1B0008241000BD00006002184000BD0004100FA
:10E1C0000A50000BD00000008241000BD0000A0072
:10E1D0008181000BD00006810A41000BD0000000B5
:10E1E0008241000BD00000001182000BD0004141A1
:10E1F000000000000000000000000000000000001F
:10E20000F0F00F0FC3C33C3C000000000000000012
:10E21000FFFF0000FF000000FF000000FF00000003
:10E22000FF000000FF0000003C3C0000FF00000079
:10E230000000FF000000FF0000003C3C0000FF0069
:10E240000000FF000000FF0000003C3C0000FF0059
:10E2500000000000000000003C0F00000000FFFF75
:10E26000FF2F00009909FF7FFF6F0000F036FFFFCE
:10E27000FF6E1830200000800000000800810000C0
:10E280002840F0F00F0FC3C33C3C0000000000002A
:10E290000000FFFF0000FF000000FF000000FF0083
:10E2A0000000FF000000FF0000003C3C0000FF00F9
:10E2B00000000000FF000000FF0000003C3C0000E8
:10E2C000FF000000FF000000FF0000003C3C0000D9
:10E2D000FF000000000000006600000000000000D9
:10E2E000FFFF2F2F00009000FF3FFF0F00000036C0
:10E2F000FFFF6E6E00000000080000000000061026
:10E30000000000000000000000000000000000000D
:10E3100000010440000000000000000000000000B8
:10E3200000000000000000000000000000000000ED
:10E3300000000000000000000000000000000000DD
:10E3400000000000000000000000000000000000CD
:10E3500000000000000000000000000000000000BD
:10E3600000000000000000000000000000000000AD
:10E37000000000000000000000000000000000009D
:10E380000000000000000000000066E799DB003C90
:10E39000302400000000000000FF0000F0F000004A
:10E3A00000FF0000F0F0000000FF0000FFFF000091
:10E3B00000FF0000F0F00000000000FF0000F0F09F
:10E3C000000000FF0000F0F0000000FF0000F0F08F
:10E3D000000000FFFFFF0F0F60FC0000006600F070
:10E3E0003F06000000300F060000606F3000F006AE
:10E3F000040403C300F0F0F000000000000000007F
:10E40000000000000000000000000000666699990E
:10E410000000302400000000000000FF0000F0F0C9
:10E42000000000FF0000F0F0000000FF000000000E
:10E43000000000FF0000F0F00000000000FF0000FE
:10E44000F0F0000000FF0000F0F0000000FF00000E
:10E45000F0F0000000FFFFFF0F0F600C00003C0019
:10E46000000030060000003000060C0C00003000F8
:10E470000006040400C000F0707000001010800856
:10E4800000000000808809000000008600AC03C086
:10E49000040000A600C003C00400C0C6C0FC33B026
:10E4A0004903C0C7C0FC33B04903C0C7C0FC33B088
:10E4B0004903C0C7C0FC33B049030000C0C7C0FC5B
:10E4C00033B04903C0C7C0FC33B04903C0C7C0FC68
:10E4D00033B04903C0C7C0FC33B04103A08650FC31
:10E4E000A3B00005A08652FCA1B00005A08650FC98
:10E4F000A3B00085A08650FCA3B000850008000CE6
:10E5000000000000000000200000014099666699AC
:10E5100099666699969699669966669900C000C054
:10E52000003C00FF5555AAAA04C40C0C30283C003E
:10E53000033301010000C382000055FF00003028B2
:10E540003C0000555555C000C328000005AF0AFC2B
:10E550000000021614142C2C0300000530F00000FB
:10E56000FCA014BE14BE0FAC000000BF00FF0000F2
:10E570000AFC0005F0303A003A005F30000000006D
:10E5800000000000800000014000000002006699C9
:10E590009966669999669696996666999966283CF1
:10E5A0002800001C00DF5555AAAA04C4000030282A
:10E5B00000000030010100000082000015BF0000D3
:10E5C0003028000000551515C00000280000141464
:10E5D0000A0C000002160000202003000005300095
:10E5E00000000CA00505AFAF00AC00000015005501
:10E5F00000000A0C00050030000F00005030000041
:10E60000000000004803411040000000000000002E
:10E6100055AA9999996666999966669999666699CF
:10E62000000000003DFFFFFF000000000014550542
:10E63000FFFFFFFF3C000F0000AC0F005DFFFFFF7E
:10E640000000000000001FFFFFFF000000003F7FF0
:10E65000FFFFBA00B0003DFFFFFFF03CAA001FFF24
:10E66000FFFF000000003FFF7FFF00000FAC0050E5
:10E670000050FFFFFFBA3F7FFFFF0FAC00000828EC
:10E680004928000000000000000000000000000019
:10E69000000055AA666666999966669999666699B4
:10E6A00099660000000005FFFFFF00000000001455
:10E6B0000005FFFFBA300000005500AC00005D5DB2
:10E6C000FFFF0000000000001FFF1FFF0000000010
:10E6D0000F5FFFFF1A00100005FFFFFF00000000A2
:10E6E0001F1FFFFF000000003CFF7DFF000000AC8B
:10E6F00001100050FFFFFF300F5FFFFF00AC000074
:10E7000008004900000000000000080100000000AF
:10E7100000000000A00080018001800180008000D6
:10E720000201210140000000400100012000200101
:10E730008401A0010001111111011121910080003B
:10E74000840084200000840880208420800100014F
:10E750008000002000000020800021218420A004EF
:10E7600080040020C00084104000820080018000EE
:10E77000000000010000002000000000040100086B
:10E780000400910080100000000000000140000023
:10E79000000000000000050002200220022004000A
:10E7A00004000120002000110000002000200100D2
:10E7B00041202120054000200020002000C0200032
:10E7C00020102100208000C02000208020802020F8
:10E7D00000200204008000000080200000842080CF
:10E7E00041804080008021004002200041004040E4
:10E7F000040000000040000000800000A011402044
:10E8000000000100040004000000000000000000FF
:10E8100000000000000000000000000000000000F8
:10E8200000000000000000000000000000000000E8
:10E8300000000000000000000000000000100000C8
:10E8400000000000000000000000000000000010B8
:10E8500000000000000000000000000000010000B7
:10E860000000000104000020000100020000000080
:10E870000000000000000000200000000000000177
:10E880000000002000000000000000000000000068
:10E890000000000000000000000000000000000078
:10E8A0000000000000000000000000000000000068
:10E8B0000000000000000010000000080000081028
:10E8C000000000110002000000100000000800001D
:10E8D00000000000000200000041000300000020D2
:10E8E0000008000000200120008000040004002136
:10E8F00000100000000000000800000000000008F8
:10E900000040001000800000000200000000000035
:10E9100000000000000000000000000002000000F5
:10E9200084000401040004000400000080100400BE
:10E9300000010000041000000000050000A000001D
:10E94000001004000440802000000000000004C00B
:10E9500000010440840000A0000084A00020800882
:10E9600000C0001000C085840082850484008400FB
:10E970000400840000A08082800080C09100848216
:10E9800002101008030090A002C18340038200001F
:10E990000000000000000000000000000000010076
:10E9A0008400050001200110010001000000041096
:10E9B000010000400000010800040000C021000028
:10E9C00000000010014101850480100804030000CC
:10E9D0008908004001850302C00000000302828014
:10E9E000200810090000000304400000208041219D
:10E9F00005050500054188082010020820082003AD
:10EA00000421C10802090002044101200208C021BA
:10EA100000000000000000000000000000000000F6
:10EA20000000000000004000000000110000020093
:10EA300000002000200090000500400000000000C1
:10EA40001000000100000000020402000200840126
:10EA50000000020002000200020010011000A000ED
:10EA60009000000002001000210000000001900052
:10EA7000C00040A02000C020200100200000850030
:10EA800011410001040084000000000009008082A0
:10EA90000201000000000000000000000000000073
:10EAA0000000000000000000010000000040000025
:10EAB0000100000001000100202000000000000013
:10EAC0000000000000400000000000800100010084
:10EAD000214000C0000800080011000000040000F0
:10EAE0002041044000000100000000100000004030
:10EAF00040020200000001002000012000820021ED
:10EB0000044190A000040100050000000000001175
:10EB10002005004000000000000000000000000090
:10EB2000001000000000000004110001008400003B
:10EB30004004004000100000000000010040000000
:10EB4000000080000000000809C00000000000086C
:10EB500089C000000000C184001000A000A00000D7
:10EB60004185400840A083C00011000109A11102A5
:10EB7000804089C090A080004010008209100504E8
:10EB8000208800A000C0051000840082410100849C
:10EB900000A0048510000000000300000000000039
:10EBA000000004000000001084000020000484081D
:10EBB00084000080041000210000000000400400D8
:10EBC000880500400410000000000010042100101F
:10EBD00000410400200500000210000088088400A5
:10EBE00000000020C00000110203042000200440A7
:10EBF00004830403020504080205C1080040004123
:10EC000088050308C041042182089003C0412040C8
:10EC1000021090109020200800000000000000006A
:10EC20000000400002000900090040000000000050
:10EC30008040049000000440201040000082040046
:10EC400000020000000004022020820120842040F5
:10EC500080A00510008409400000008405A000C0C9
:10EC600000828020059040844108048802000482CC
:10EC70000204108200820410008220C004001008E8
:10EC8000000203088008800400029182008400834F
:10EC90000008200200850402028400000000000039
:10ECA0000000000000000000000000000000000064
:10ECB0000000200000000000000001000000000033
:10ECC00001000000000000000000010021400100E0
:10ECD000010004000000000000000000000000002F
:10ECE0000000000020000000000000000100000003
:10ECF000000004800000000000000000010000008F
:10ED00000000000000000400040000002000880053
:10ED100000040000210000040000000000000000CA
:10ED200000000000000000000000000000088584D2
:10ED30008008009100038909030000000003000916
:10ED4000110000008003A0091000000000038509E5
:10ED50001100000000030089000000000000000313
:10ED600005098500008080038909A1000080808357
:10ED7000000908000000800080004000000003033C
:10ED80000484000941800003800940000000000362
:10ED90008909020000000003850905000000000049
:10EDA0000000000000000000000000000000409192
:10EDB00004C120210002880103019000000000012D
:10EDC000080120000000100183012100000088914B
:10EDD000418520900020009102C120080020000001
:10EDE000204140C110820004402141094008000236
:10EDF00002038491C0A000884000200011000000A0
:10EE00000121888408880108000140018800000071
:10EE10000201030141000000000120012000000068
:10EE200000000000000000000100000000000000E1
:10EE300000010500100205A02008020088820901D7
:10EE40000804400005204101902040000320C1013A
:10EE5000200404004120050120A1040088A0419065
:10EE600000009010400009C009098810400082107D
:10EE7000858920029000050221A10204850040043A
:10EE8000C02090A0C004200203400810200041C010
:10EE900003114010200004102191200802002010CE
:10EEA000C141000000000000000008000000000058
:10EEB0000000210382008580832100808000000003
:10EEC000030900000000A180030900800000A18068
:10EED000830980008000A180830900038000000076
:10EEE0000340000000080000A18083890085000025
:10EEF0000080830980200000A10003098009080226
:10EF00008000000241208400000083C080A1000036
:10EF10002100038900A00000808003090003800015
:10EF20000080838900000000000000000000000055
:10EF300000000000088080802080000000000300A6
:10EF40002109808300802000000900830080218047
:10EF5000008900830080210080890083008089006F
:10EF60000009008300000000028003090003008004
:10EF700003118800808300808200050900831180CE
:10EF80002000028800800480C185210000830000E9
:10EF9000110021090083008003000809808300001C
:10EFA0001011080080830000000000000000000035
:10EFB0000000000000000140401083080090009015
:10EFC000018400098211000201880041A01100C0E3
:10EFD0000040008520A1008408200205A0A10002B5
:10EFE00040201091A021000000080102088908417A
:10EFF0000010838811908205824004902121021123
:10F00000020801200004A00200040802A0C002219E
:10F01000000800A0009104210020019001918211BC
:10F0200000080020018282030000000000000000B0
:10F03000000000000000000011202110C00088081E
:10F04000011110080001000201880108000200906F
:10F0500001880110008800024188018200840802B2
:10F06000890110A0400010880000418805A0200000
:10F070002082038584A020010484918821A090002F
:10F08000884090002010900088821103901090001A
:10F0900090C0910284089000200411028808820127
:10F0A000408805412082900108890000000000008E
:10F0B00000000000000000000000890011A1800491
:10F0C000800009828000002100800380040000008D
:10F0D000000003840480000000800391048000800D
:10F0E0000080034080000011840000000389840038
:10F0F00000008080838800000021890003830400D1
:10F100000000800000030000000011808382048062
:10F110000504008009910000000080008385000044
:10F120000021090083A000001121008800000000D8
:10F130000000000000000000000000002142400923
:10F14000900041000660000BD00041820660000B79
:10F15000D00000001182000BD0000A001242000B08
:10F16000D00041001242000BD0000A000000124201
:10F17000000BD00000500A50000BD0004182066006
:10F18000000BD00000008241000BD000004106813E
:10F19000000B900006002142000BD00000002184EB
:10F1A000000BD00041821242000BD0000082000010
:10F1B000000000000000000000000000000000FF50
:10F1C000FF00000000000000FFFF000000FF000043
:10F1D00000FF000000FF000000FF000000FF000033
:10F1E00000FF000000FF00003C3C000000FF0000AA
:10F1F000000000FF000000FF00003C3C00000F0F7B
:10F20000000000FF000000FF3C3C000000FF000089
:10F2100000FF0F0F55550F0F0000FFFF000000FF0C
:10F2200000003C3C000000FF00000F0F00000F0F2B
:10F2300000000000000000000000000000000000CE
:10F2400000FFFF00000000000000FFFF000000FFC3
:10F25000000000FF000000FF000000FF000000FFB2
:10F26000000000FF000000FF00003C3C000000FF29
:10F270000000000000FF000000FF00003C3C000018
:10F280000F0F000000FF000000FF3C3C000000FFEB
:10F29000000000000000000000000000FFFF000070
:10F2A00000FF00003C3C000000FF00000F0F0000CA
:10F2B0000F0F000000000000000000000000000030
:10F2C00000000000000000020008FF000000FFFF37
:10F2D0000000FF000000FF000000FF000000FF0032
:10F2E0000000FF000000FF000000FF000000FFFF23
:10F2F00000000000FF000000FF000000FF00000011
:10F30000FFFF0000FF00000000FFFFFF0000FFFF05
:10F310000000F0F0FF00F0003030F0F0FF000000DF
:10F32000FF000000FF000000FFFF0000FF000000E2
:10F33000FFFF0000000000000000000000000000CF
:10F3400000000000003C00F000000000FF00000092
:10F3500000000000FF000000FF000000FF000000B0
:10F36000FF000000FF000000FF000000FF000000A1
:10F37000000000000000FF000000FF000000FF0090
:10F38000000000000000FF00000000FFFFFF000081
:10F3900000000000F0F00000F00030300000FF003E
:10F3A0000000FF000000FF00000000000000FF0060
:10F3B000000000000000000000000000000000004D
:10F3C00000000000000000A6028C03C00410C0C6AC
:10F3D000C0FC33B04903C0C7C0FC33B04903C0C749
:10F3E000C0FC33B04903C0C7C0FC33B04903C0C739
:10F3F000C0FC33B049030000C0C7C0FC33B04903B0
:10F40000C0C7C0FC33B04903C0C7C0FC33B0410320
:10F41000A88654FCA3B20015088604EC03B20010C1
:10F42000C0C6C0FC31B04903C0C7C0FC33B04903FB
:10F43000C0C7C0FC33B049030000009000000000CA
:10F44000000000000100000099666699CC3333CCBF
:10F4500000FF00FF0300030000000000050028AAD1
:10F460000000000000007F7FC3C33C3C0D0F0D0F68
:10F47000C3200320C30003000000AA00F0005008CE
:10F4800050A8FFFFFF28003C550F0FAC0000005CA8
:10F490000F5C28A0AA0004C40C0C00AF30000300CD
:10F4A00003002C2C300000003C0F0A000CF03F50F1
:10F4B000000000F0003C04A405050000000000006E
:10F4C000000000000020000000006699996633CC1F
:10F4D000CC3300FF00FF00143C14000000000500C6
:10F4E000280000000000000000FFC3C33C3C0000F7
:10F4F0000F0FC02000200000030000003C000000AF
:10F50000000800A8FFFFFFA00000000000AC000002
:10F510000000000028A0000004C4000000A030008B
:10F520000000C30020203000000000550A000C003D
:10F5300030500000AA00000004A4000000000000F9
:10F5400000000000000000000000020099666699BB
:10F550005AA5A55A00000000053000F00000000088
:10F56000404000C0000000005F7FFFFF3C0C2020F7
:10F570003FFF7FFF30283C00003C140C00000000DF
:10F58000003F050504543C3C28285F7FFFFF000036
:10F59000AA0000F00000000000005F7FFFFFFFFFF7
:10F5A000FFBA3DFFFFFF000000003F7FFFFF0000AC
:10F5B00000000C500F00000000003C000F00400055
:10F5C000000000000002000000000000000066993A
:10F5D00099665AA5A55A00000000053000000000F9
:10F5E0000000404000C0000000000F3FFFFF30005F
:10F5F00020200FFF5FFF302800000000140C0000E7
:10F6000000000030000004543C342820557DFFFFEA
:10F61000003CF00005050C0C00000000557DFFFFCC
:10F62000FFFFFF3005FFFFFF000000003C7DFFFFF4
:10F63000000000000C500000000000000000005519
:10F6400000000000000000000000000000000000BA
:10F65000000000000000000000004000000020004A
:10F6600000000000000000004000401040002100A9
:10F670000000200000100000000004000010040042
:10F6800000000000001000900009000000000000D1
:10F690001000000000000000210020000000001009
:10F6A0000000000000002100000000200010000009
:10F6B0004000000000A000004000004000A00084C6
:10F6C000001000000000000000000000000000002A
:10F6D000000000000000000000000000000000002A
:10F6E000000000000000000000000000001000000A
:10F6F000000000000000000000000000000000000A
:10F7000000000040000000000000001004000000A5
:10F7100000000000000000110011000000000000C7
:10F720000000000000000000001140000021000067
:10F73000A0000000000000111000000000210000E7
:10F7400000000000000000000000000000000000B9
:10F7500000000000000000000000000000000000A9
:10F760000000000000000000000000000000001089
:10F770000000000000000000000000000000000089
:10F780000000000000000000000000000000000079
:10F790000000000000000000000000000010000059
:10F7A00000A00010000000000000000000000000A9
:10F7B0000010000000000000000000000000000039
:10F7C0000000000000000000000000000000000039
:10F7D0000000000000000000000000000000000029
:10F7E0000000000000000000000000000000000019
:10F7F0000000000000000000000000000000000009
:10F8000000110000000000000000000000000000E7
:10F81000000000100021000800084000000800005F
:10F820000000000300080008000000210008000399
:10F830000010001000030000001000100010000570
:10F840000008001000080000000000000000000098
:10F8500000000000000000000000000000000000A8
:10F860000000000000000000000000000000000098
:10F870000000001000100000000000000000400028
:10F8800000820500000000000000000000000010E1
:10F890000000000000000010000005000000000053
:10F8A00000C0000000000084050005820500000083
:10F8B00041C002000010091041004100000805A0ED
:10F8C00010001010040002400000000000000000C2
:10F8D00000000000000000008400000000030000A1
:10F8E0000000840000050000000300000421000265
:10F8F0000008842100030000001000100000000533
:10F900000000020000080005001000000000004197
:10F91000000300100041000000041021C02100106D
:10F920008410000082211041C021C0030008002083
:10F9300000058400C04100110005000000110021F5
:10F940000003000300000003080000210000000085
:10F9500000000000000000000000000000000000A7
:10F960000000000000000000000000000000000097
:10F970000000000000000000000040004000000007
:10F980000000000000000000200041900000052061
:10F990000000000000000000000010004100000016
:10F9A0000500090040004000000040102000040055
:10F9B000000004000000400000900000100009005A
:10F9C00000000008000000020000008800000000A5
:10F9D0000000000000000000000000000000000027
:10F9E0000000000000000000000000000000000017
:10F9F00000000000000000200000000000000000E7
:10FA000000000000000000000000000000000000F6
:10FA100000000000000000000010000000000000D6
:10FA200000000000000000000000000000000000D6
:10FA300000000000000000000000000000000000C6
:10FA400000000000000000000000000000000000B6
:10FA500000000000000000000000000000000000A6
:10FA60000000000000000000000000000000000096
:10FA70000000000000000000000000000000000086
:10FA8000000000000000000000000000000000086E
:10FA9000000000000000000000000008000000005E
:10FAA000000000C0100000000084000000000010F2
:10FAB000008200100082000000100000000000081A
:10FAC000000000080000000000100000000000001E
:10FAD00040000000000000000000000000000000E6
:10FAE00000000008200800080000002000100005A9
:10FAF0008800002100000000000800000010002124
:10FB0000000000000021000800038403000000033F
:10FB100000210000C003040008210005002100416D
:10FB200000210003001040000000840800100010B5
:10FB3000004184210221C021C02100030003840868
:10FB4000C021022190080003C0110000C021400024
:10FB500000218421000000000000040000000000DB
:10FB60000000000040000000000000000000000055
:10FB7000000000004000000000000000008400823F
:10FB80000000000009C004000088000020000010F0
:10FB90000000000000000000000000000040040021
:10FBA000100041080900008400080040400404C01F
:10FBB00040000000100000200400000200400090FF
:10FBC00000C04004000000000000004009080000E0
:10FBD0000082028209000000000000000000000016
:10FBE0000000000000000000000000000000000015
:10FBF000000000008800000000000000000000007D
:10FC000000000000000000000000000000000000F4
:10FC100000000000000000000000000000000000E4
:10FC200000000000000000000000000000000000D4
:10FC300000000000000000000000000000000000C4
:10FC4000000000004000000000004000000090089C
:10FC500000000000000000000000000000000000A4
:10FC60000000000000000000000000000000000094
:10FC70000000000000000000000000000000000084
:10FC80000000000000000000000000000000000074
:10FC90000000000000000000000000000000000064
:10FCA0000000000000000000000000000000000054
:10FCB0000000000000000000000000000000000044
:10FCC0000000000000000000000000000000000034
:10FCD0000000000000000000000000000000000024
:10FCE0000000000000000000000000000000000014
:10FCF0000000000000000000000000000000000004
:10FD000000000000000000000000000000000000F3
:10FD100000000000000000000000000000000000E3
:10FD200000000000000000000000000000000000D3
:10FD300000000000000000000000000000000000C3
:10FD400000000000000000000000000000000000B3
:10FD500000000000000000000000000000000000A3
:10FD60000000000000000000000000000000000093
:10FD70000000000000000000000000000000000083
:10FD80000000000000000000000000000000000073
:10FD90000000000000000000000000000000000063
:10FDA0000000000000000000000000000000000053
:10FDB0000000000000000000000000000000000043
:10FDC0000000000000000000000000000000000033
:10FDD0000000000000000000000000000000000023
:10FDE0000000000000000000000000000000000013
:10FDF0000000000000000000000000000000000003
:10FE000000000000000000000000000000000000F2
:10FE100000000000000000000000000000000000E2
:10FE200000000000000000002000000000000000B2
:10FE300000000000000000000000000000000000C2
:10FE400000000000000000000000000000000000B2
:10FE500000000000000000000000000000000000A2
:10FE60000000000000000000000000000000000092
:10FE70000000000000000000000000000000000082
:10FE80000000000000000000000000000000000072
:10FE90000000000000000000000000000000000062
:10FEA0000000000000000000000000000000000052
:10FEB0000000000000000000000000000000000042
:10FEC0000000000000000000000000000000000032
:10FED0000000000000000000000000000000000022
:10FEE0000000000000000000000000000000000012
:10FEF0000000000000000000000000000000000002
:10FF000000000000000000000000000000000000F1
:10FF100000000000000000000000000000000000E1
:10FF200000000000000000000000000000000000D1
:10FF300000000000000000000000000000000000C1
:10FF400000000000000000000000000000000000B1
:10FF500000000000000000000000000000000000A1
:10FF60000000000000000000000000000000000091
:10FF70000000000000000000000000000000000081
:10FF80000000000000000000000000000000000071
:10FF90000000000000000000000000000000000061
:10FFA0000000000000400000000000000000000011
:10FFB0000000000000000000000000000000000041
:10FFC0000000000000000000000000000000000031
:10FFD0000000000000000000000000000000000021
:10FFE0000000000000000000000000000000000011
:10FFF0000000000000000000000000000000000001
:020000040004F6
:1000000000000000000000000000000000000000F0
:1000100000000000000000000000000000000000E0
:1000200000000000000000000000000000000000D0
:1000300000000000000000000000000000000000C0
:1000400000000000000000000000000000000000B0
:1000500000000000000000000000000000000000A0
:100060000000000000000000000000000000000090
:100070000000000000000000000000000000000080
:100080000000000000000000000000000000000070
:100090000000000000000000000000000000000060
:1000A0000000000000000000000000000000000050
:1000B000000012000000000000D00000000000005E
:1000C0000000000000000000000000000000000030
:1000D0000000000000000000000000000000000020
:1000E0000000000000000000000000000000000010
:1000F0000000000000000000000000000000000000
:1001000000000000000000000000000000000000EF
:1001100000000000000000000000000000000000DF
:1001200000000000000000000000000000000000CF
:1001300000000000000000000000000000000000BF
:1001400000000000000000000000000000000000AF
:10015000000000000000000000000000000000009F
:10016000000000000000000000000000000000008F
:10017000000000000000000000000000000000007F
:10018000000000000000000000000000000000006F
:10019000000000000000000000000000000000005F
:1001A000000000000000000000000000000000004F
:1001B00000000000000000000000E88001000000D6
:1001C000000000000000000000000000000000002F
:1001D000000000000000000000000000000000001F
:1001E000000000000000000000000000000000000F
:1001F00000000000000000000000000000000000FF
:1002000000000000000000000000000000000000EE
:1002100000000000000000000000000000000000DE
:1002200000000000000000000000000000000000CE
:10023000400000000000000000000000000000007E
:1002400000000000000000000000000000000000AE
:10025000000000000000000000000000000000009E
:10026000000000000000000000000000000000008E
:10027000000000000000000000000000000000007E
:10028000000000000000000000000000000000006E
:10029000000000000000000000000000000000005E
:1002A000000000000000000000000000000000004E
:1002B0000000000000000000000000000000082016
:1002C000000000000000000000000000000000002E
:1002D000000000000000000000000000000000001E
:1002E000000000000000000000000000000000000E
:1002F00000000000000000000000000000000000FE
:1003000000000000000000000000000000000000ED
:1003100000000000000000000000000000000000DD
:1003200000000000000000000000000000000000CD
:1003300000000000000000000000000000000000BD
:1003400000000000000000000000000000000000AD
:10035000000000000000000000000000000000009D
:10036000000000000000000000000000000000008D
:10037000000000000000000000000000000000007D
:10038000000000000000000000000000000000006D
:10039000000000000000000000000000000000005D
:1003A000000000000000000000000000000000004D
:1003B000000000000000000000000000000000003D
:1003C000000000000000000000000000000000002D
:1003D000000000000000000000000000000000001D
:1003E000000000000000000000000000000000000D
:1003F00000000000000000000000000000000000FD
:1004000000000000000000000000000000000000EC
:1004100000000000000000000000000000000000DC
:1004200000000000000000000000000000000000CC
:1004300000000000000000000000000000000000BC
:10044000000000200000000000000000000000008C
:10045000000000000000000000000000000000009C
:10046000000000000000000000000000000000008C
:10047000000000000000000000000000000000007C
:10048000000000000000000000000000000000006C
:10049000000000000000000000000000000000005C
:1004A000000000000000000000000000000000004C
:1004B000000000000000000000000000000000003C
:1004C000000000000000000000000000000000002C
:1004D000000000000000000000000000000000001C
:1004E000000000000000000000000000000000000C
:1004F00000000000000000000000000000000000FC
:1005000000000000000000000000000000000000EB
:1005100000000000000000000000000000000000DB
:1005200000000000000000000000000000000000CB
:10053000000000000000000000000000000000803B
:1005400000000000000000010100000000000000A9
:10055000000000000000000000000000000000009B
:10056000000000000000000000000000000000008B
:10057000000000000000000000000000FFFFFFFF7F
:10058000FFFFFFFFFFFFFFFFFFFFFFFFFFFFFFFF7B
:10059000FFFFFFFFFFFFFFFFFFFFFFFFFFFFFFFF6B
:1005A000FFFFFFFFFFFFFFFFFFFFFFFFFFFFFFFF5B
:1005B000FFFFFFFFFFFFFFFFFFFFFFFFFFFFFFFF4B
:1005C000FFFFFFFFFFFFFFFFFFFFFFFFFFFFFFFF3B
:1005D000FFFFFFFFFFFFFFFFFFFFFFFFFFFFFFFF2B
:1005E000FFFFFFFFFFFFFFFFFFFFFFFFFFFFFFFF1B
:1005F000FFFFFFFFFFFFFFFFFFFFFFFFFFFFFFFF0B
:10060000FFFFFFFFFFFFFFFFFFFFFFFFFFFFFFFFFA
:10061000FFFFFFFFFFFFFFFFFFFFFFFFFFFFFFFFEA
:10062000FFFFFFFFFFFFFFFFFFFFFFFFFFFFFFFFDA
:10063000FFFFFFFFFFFFFFFFFFFFFFFFFFFFFFFFCA
:10064000FFFFFFFFFFFFFFFFFFFFFFFFFFFFFFFFBA
:10065000FFFFFFFFFFFFFFFFFFFFFFFFFFFFFFFFAA
:10066000FFFFFFFFFFFFFFFFFFFFFFFFFFFFFFFF9A
:10067000FFFFFFFFFFFFFFFFFFFFFFFFFFFFFFFF8A
:10068000000000000000000000000000000000006A
:10069000000000000000000000000000000000005A
:1006A000000000000000000000000000000000004A
:1006B000000000000000000000000000000000003A
:1006C000000000000000000000000000000000002A
:1006D000000000000000000000000000000000001A
:1006E000000000000000000000000000000000000A
:1006F00000000000000000000000000000000000FA
:1007000000000000000000000000000000000000E9
:1007100000000000000000000000000000000000D9
:1007200000000000000000000000000000000000C9
:1007300000000000000000000000000000000000B9
:1007400000000000000000000000000000000000A9
:100750000000000000000000000000000000000099
:100760000000000000000000000000000000000089
:100770000000000000000000000000000000000079
:100780000000000000000000000000000000000069
:100790000000000000000000000000000000000059
:1007A0000000000000000000000000000000000049
:1007B0000000000000000000000000000000000039
:1007C0000000000000000000000000000000000029
:1007D0000000000000000000000000000000000019
:1007E0000000000000000000000000000000000009
:1007F00000000000000000000000000000000000F9
:1008000000000000000000000000000000000000E8
:1008100000000000000000000000000000000000D8
:1008200000000000000000000000000000000000C8
:1008300000000000000000000000000000000000B8
:1008400000000000000000000000000000000000A8
:100850000000000000000000000000000000000098
:100860000000000000000000000000000000000088
:100870000000000000000000000000000000000078
:100880000000000000000000000000000000000068
:100890000000000000000000000000000000000058
:1008A0000000000000000000000000000000000048
:1008B0000000000000000000000000000000000038
:1008C0000000000000000000000000000000000028
:1008D0000000000000000000000000000000000018
:1008E0000000000000000000000000000000000008
:1008F00000000000000000000000000000000000F8
:1009000000000000000000000000000000000000E7
:1009100000000000000000000000000000000000D7
:1009200000000000000000000000000000000000C7
:1009300000000000000000000000000000000000B7
:1009400000000000000000000000000000000000A7
:100950000000000000000000000000000000000097
:100960000000000000000000000000000000000087
:100970000000000000000000000000000000000077
:100980000000000000000000000000000000000067
:100990000000000000000000000000000000000057
:1009A0000000000000000000000000000000000047
:1009B0000000000000000000000000000000000037
:1009C0000000000000000000000000000000000027
:1009D0000000000000000000000000000000000017
:1009E0000000000000000000000000000000000007
:1009F00000000000000000000000000000000000F7
:100A000000000000000000000000000000000000E6
:100A100000000000000000000000000000000000D6
:100A200000000000000000000000000000000000C6
:100A300000000000000000000000000000000000B6
:100A400000000000000000000000000000000000A6
:100A50000000000000000000000000000000000096
:100A60000000000000000000000000000000000086
:100A70000000000000000000000000000000000076
:100A80000000000000000000000000000000000066
:100A90000000000000000000000000000000000056
:100AA0000000000000000000000000000000000046
:100AB0000000000000000000000000000000000036
:100AC0000000000000000000000000000000000026
:100AD0000000000000000000000000000000000016
:100AE0000000000000000000000000000000000006
:100AF00000000000000000000000000000000000F6
:100B000000000000000000000000000000000000E5
:100B100000000000000000000000000000000000D5
:100B200000000000000000000000000000000000C5
:100B300000000000000000000000000000000000B5
:100B400000000000000000000000000000000000A5
:100B50000000000000000000000000000000000095
:100B60000000000000000000000000000000000085
:100B70000000000000000000000000000000000075
:100B80000000000000000000000000000000000065
:100B90000000000000000000000000000000000055
:100BA0000000000000000000000000000000000045
:100BB0000000000000000000000000000000000035
:100BC0000000000000000000000000000000000025
:100BD0000000000000000000000000000000000015
:100BE0000000000000000000000000000000000005
:100BF00000000000000000000000000000000000F5
:100C000000000000000000000000000000000000E4
:100C100000000000000000000000000000000000D4
:100C200000000000000000000000000000000000C4
:100C300000000000000000000000000000000000B4
:100C400000000000000000000000000000000000A4
:100C50000000000000000000000000000000000094
:100C60000000000000000000000000000000000084
:100C70000000000000000000000000000000000074
:100C80000000000000000000000000000000000064
:100C90000000000000000000000000000000000054
:100CA0000000000000000000000000000000000044
:100CB0000000000000000000000000000000000034
:100CC0000000000000000000000000000000000024
:100CD0000000000000000000000000000000000014
:100CE0000000000000000000000000000000000004
:100CF00000000000000000000000000000000000F4
:100D000000000000000000000000000000000000E3
:100D100000000000000000000000000000000000D3
:100D200000000000000000000000000000000000C3
:100D300000000000000000000000000000000000B3
:100D400000000000000000000000000000000000A3
:100D50000000000000000000000000000000000093
:100D60000000000000000000000000000000000083
:100D70000000000000000000000000000000000073
:100D80000000000000000000000000000000000063
:100D90000000000000000000000000000000000053
:100DA0000000000000000000000000000000000043
:100DB0000000000000000000000000000000000033
:100DC0000000000000000000000000000000000023
:100DD0000000000000000000000000000000000013
:100DE0000000000000000000000000000000000003
:100DF00000000000000000000000000000000000F3
:100E000000000000000000000000000000000000E2
:100E100000000000000000000000000000000000D2
:100E200000000000000000000000000000000000C2
:100E300000000000000000000000000000000000B2
:100E400000000000000000000000000000000000A2
:100E50000000000000000000000000000000000092
:100E60000000000000000000000000000000000082
:100E70000000000000000000000000000000000072
:100E80000000000000000000000000000000000062
:100E90000000000000000000000000000000000052
:100EA0000000000000000000000000000000000042
:100EB0000000000000000000000000000000000032
:100EC0000000000000000000000000000000000022
:100ED0000000000000000000000000000000000012
:100EE0000000000000000000000000000000000002
:100EF00000000000000000000000000000000000F2
:100F000000000000000000000000000000000000E1
:100F100000000000000000000000000000000000D1
:100F200000000000000000000000000000000000C1
:100F300000000000000000000000000000000000B1
:100F400000000000000000000000000000000000A1
:100F50000000000000000000000000000000000091
:100F60000000000000000000000000000000000081
:100F70000000000000000000000000000000000071
:100F80000000000000000000000000000000000061
:100F90000000000000000000000000000000000051
:100FA0000000000000000000000000000000000041
:100FB0000000000000000000000000000000000031
:100FC0000000000000000000000000000000000021
:100FD0000000000000000000000000000000000011
:100FE0000000000000000000000000000000000001
:100FF00000000000000000000000000000000000F1
:1010000000000000000000000000000000000000E0
:1010100000000000000000000000000000000000D0
:1010200000000000000000000000000000000000C0
:1010300000000000000000000000000000000000B0
:1010400000000000000000000000000000000000A0
:101050000000000000000000000000000000000090
:101060000000000000000000000000000000000080
:101070000000000000000000000000000000000070
:101080000000000000000000000000000000000060
:101090000000000000000000000000000000000050
:1010A0000000000000000000000000000000000040
:1010B0000000000000000000000000000000000030
:1010C0000000000000000000000000000000000020
:1010D0000000000000000000000000000000000010
:1010E0000000000000000000000000000000000000
:1010F00000000000000000000000000000000000F0
:1011000000000000000000000000000000000000DF
:1011100000000000000000000000000000000000CF
:1011200000000000000000000000000000000000BF
:1011300000000000000000000000000000000000AF
:10114000000000000000000000000000000000009F
:10115000000000000000000000000000000000008F
:10116000000000000000000000000000000000007F
:10117000000000000000000000000000000000006F
:10118000000000000000000000000000000000005F
:10119000000000000000000000000000000000004F
:1011A000000000000000000000000000000000003F
:1011B000000000000000000000000000000000002F
:1011C000000000000000000000000000000000001F
:1011D000000000000000000000000000000000000F
:1011E00000000000000000000000000000000000FF
:1011F00000000000000000000000000000000000EF
:1012000000000000000000000000000000000000DE
:1012100000000000000000000000000000000000CE
:1012200000000000000000000000000000000000BE
:1012300000000000000000000000000000000000AE
:10124000000000000000000000000000000000009E
:10125000000000000000000000000000000000008E
:10126000000000000000000000000000000000007E
:10127000000000000000000000000000000000006E
:10128000000000000000000000000000000000005E
:10129000000000000000000000000000000000004E
:1012A000000000000000000000000000000000003E
:1012B000000000000000000000000000000000002E
:1012C000000000000000000000000000000000001E
:1012D000000000000000000000000000000000000E
:1012E00000000000000000000000000000000000FE
:1012F00000000000000000000000000000000000EE
:1013000000000000000000000000000000000000DD
:1013100000000000000000000000000000000000CD
:1013200000000000000000000000000000000000BD
:1013300000000000000000000000000000000000AD
:10134000000000000000000000000000000000009D
:10135000000000000000000000000000000000008D
:10136000000000000000000000000000000000007D
:10137000000000000000000000000000000000006D
:10138000000000000000000000000000000000005D
:10139000000000000000000000000000000000004D
:1013A000000000000000000000000000000000003D
:1013B000000000000000000000000000000000002D
:1013C000000000000000000000000000000000001D
:1013D000000000000000000000000000000000000D
:1013E00000000000000000000000000000000000FD
:1013F00000000000000000000000000000000000ED
:1014000000000000000000000000000000000000DC
:1014100000000000000000000000000000000000CC
:1014200000000000000000000000000000000000BC
:1014300000000000000000000000000000000000AC
:10144000000000000000000000000000000000009C
:10145000000000000000000000000000000000008C
:10146000000000000000000000000000000000007C
:10147000000000000000000000000000000000006C
:10148000000000000000000000000000000000005C
:10149000000000000000000000000000000000004C
:1014A000000000000000000000000000000000003C
:1014B000000000000000000000000000000000002C
:1014C000000000000000000000000000000000001C
:1014D000000000000000000000000000000000000C
:1014E00000000000000000000000000000000000FC
:1014F00000000000000000000000000000000000EC
:1015000000000000000000000000000000000000DB
:1015100000000000000000000000000000000000CB
:1015200000000000000000000000000000000000BB
:1015300000000000000000000000000000000000AB
:10154000000000000000000000000000000000009B
:10155000000000000000000000000000000000008B
:10156000000000000000000000000000000000007B
:10157000000000000000000000000000000000006B
:10158000000000000000000000000000000000005B
:10159000000000000000000000000000000000004B
:1015A000000000000000000000000000000000003B
:1015B000000000000000000000000000000000002B
:1015C000000000000000000000000000000000001B
:1015D000000000000000000000000000000000000B
:1015E00000000000000000000000000000000000FB
:1015F00000000000000000000000000000000000EB
:1016000000000000000000000000000000000000DA
:1016100000000000000000000000000000000000CA
:1016200000000000000000000000000000000000BA
:1016300000000000000000000000000000000000AA
:10164000000000000000000000000000000000009A
:10165000000000000000000000000000000000008A
:10166000000000000000000000000000000000007A
:10167000000000000000000000000000000000006A
:10168000000000000000000000000000000000005A
:10169000000000000000000000000000000000004A
:1016A000000000000000000000000000000000003A
:1016B000000000000000000000000000000000002A
:1016C000000000000000000000000000000000001A
:1016D000000000000000000000000000000000000A
:1016E00000000000000000000000000000000000FA
:1016F00000000000000000000000000000000000EA
:1017000000000000000000000000000000000000D9
:1017100000000000000000000000000000000000C9
:1017200000000000000000000000000000000000B9
:1017300000000000000000000000000000000000A9
:101740000000000000000000000000000000000099
:101750000000000000000000000000000000000089
:101760000000000000000000000000000000000079
:101770000000000000000000000000000000000069
:101780000000000000000000000000000000000059
:101790000000000000000000000000000000000049
:1017A0000000000000000000000000000000000039
:1017B0000000000000000000000000000000000029
:1017C0000000000000000000000000000000000019
:1017D0000000000000000000000000000000000009
:1017E00000000000000000000000000000000000F9
:1017F00000000000000000000000000000000000E9
:1018000000000000000000000000000000000000D8
:1018100000000000000000000000000000000000C8
:1018200000000000000000000000000000000000B8
:1018300000000000000000000000000000000000A8
:101840000000000000000000000000000000000098
:101850000000000000000000000000000000000088
:101860000000000000000000000000000000000078
:101870000000000000000000000000000000000068
:101880000000000000000000000000000000000058
:101890000000000000000000000000000000000048
:1018A0000000000000000000000000000000000038
:1018B0000000000000000000000000000000000028
:1018C0000000000000000000000000000000000018
:1018D0000000000000000000000000000000000008
:1018E00000000000000000000000000000000000F8
:1018F00000000000000000000000000000000000E8
:1019000000000000000000000000000000000000D7
:1019100000000000000000000000000000000000C7
:1019200000000000000000000000000000000000B7
:1019300000000000000000000000000000000000A7
:101940000000000000000000000000000000000097
:101950000000000000000000000000000000000087
:101960000000000000000000000000000000000077
:101970000000000000000000000000000000000067
:101980000000000000000000000000000000000057
:101990000000000000000000000000000000000047
:1019A0000000000000000000000000000000000037
:1019B0000000000000000000000000000000000027
:1019C0000000000000000000000000000000000017
:1019D0000000000000000000000000000000000007
:1019E00000000000000000000000000000000000F7
:1019F00000000000000000000000000000000000E7
:101A000000000000000000000000000000000000D6
:101A100000000000000000000000000000000000C6
:101A200000000000000000000000000000000000B6
:101A300000000000000000000000000000000000A6
:101A40000000000000000000000000000000000096
:101A50000000000000000000000000000000000086
:101A60000000000000000000000000000000000076
:101A70000000000000000000000000000000000066
:101A80000000000000000000000000000000000056
:101A90000000000000000000000000000000000046
:101AA0000000000000000000000000000000000036
:101AB0000000000000000000000000000000000026
:101AC0000000000000000000000000000000000016
:101AD0000000000000000000000000000000000006
:101AE00000000000000000000000000000000000F6
:101AF00000000000000000000000000000000000E6
:101B000000000000000000000000000000000000D5
:101B100000000000000000000000000000000000C5
:101B200000000000000000000000000000000000B5
:101B300000000000000000000000000000000000A5
:101B40000000000000000000000000000000000095
:101B50000000000000000000000000000000000085
:101B60000000000000000000000000000000000075
:101B70000000000000000000000000000000000065
:101B80000000000000000000000000000000000055
:101B90000000000000000000000000000000000045
:101BA0000000000000000000000000000000000035
:101BB0000000000000000000000000000000000025
:101BC0000000000000000000000000000000000015
:101BD0000000000000000000000000000000000005
:101BE00000000000000000000000000000000000F5
:101BF00000000000000000000000000000000000E5
:101C000000000000000000000000000000000000D4
:101C100000000000000000000000000000000000C4
:101C200000000000000000000000000000000000B4
:101C300000000000000000000000000000000000A4
:101C40000000000000000000000000000000000094
:101C50000000000000000000000000000000000084
:101C60000000000000000000000000000000000074
:101C70000000000000000000000000000000000064
:101C80000000000000000000000000000000000054
:101C90000000000000000000000000000000000044
:101CA0000000000000000000000000000000000034
:101CB0000000000000000000000000000000000024
:101CC0000000000000000000000000000000000014
:101CD0000000000000000000000000000000000004
:101CE00000000000000000000000000000000000F4
:101CF00000000000000000000000000000000000E4
:101D000000000000000000000000000000000000D3
:101D100000000000000000000000000000000000C3
:101D200000000000000000000000000000000000B3
:101D300000000000000000000000000000000000A3
:101D40000000000000000000000000000000000093
:101D50000000000000000000000000000000000083
:101D60000000000000000000000000000000000073
:101D70000000000000000000000000000000000063
:101D80000000000000000000000000000000000053
:101D90000000000000000000000000000000000043
:101DA0000000000000000000000000000000000033
:101DB0000000000000000000000000000000000023
:101DC0000000000000000000000000000000000013
:101DD0000000000000000000000000000000000003
:101DE00000000000000000000000000000000000F3
:101DF00000000000000000000000000000000000E3
:101E000000000000000000000000000000000000D2
:101E100000000000000000000000000000000000C2
:101E200000000000000000000000000000000000B2
:101E300000000000000000000000000000000000A2
:101E40000000000000000000000000000000000092
:101E50000000000000000000000000000000000082
:101E60000000000000000000000000000000000072
:101E70000000000000000000000000000000000062
:101E80000000000000000000000000000000000052
:101E90000000000000000000000000000000000042
:101EA0000000000000000000000000000000000032
:101EB0000000000000000000000000000000000022
:101EC0000000000000000000000000000000000012
:101ED0000000000000000000000000000000000002
:101EE00000000000000000000000000000000000F2
:101EF00000000000000000000000000000000000E2
:101F000000000000000000000000000000000000D1
:101F100000000000000000000000000000000000C1
:101F200000000000000000000000000000000000B1
:101F300000000000000000000000000000000000A1
:101F40000000000000000000000000000000000091
:101F50000000000000000000000000000000000081
:101F60000000000000000000000000000000000071
:101F70000000000000000000000000000000000061
:101F80000000000000000000000000000000000051
:101F90000000000000000000000000000000000041
:101FA0000000000000000000000000000000000031
:101FB0000000000000000000000000000000000021
:101FC0000000000000000000000000000000000011
:101FD0000000000000000000000000000000000001
:101FE00000000000000000000000000000000000F1
:101FF00000000000000000000000000000000000E1
:1020000000000000000000000000000000000000D0
:1020100000000000000000000000000000000000C0
:1020200000000000000000000000000000000000B0
:1020300000000000000000000000000000000000A0
:102040000000000000000000000000000000000090
:102050000000000000000000000000000000000080
:102060000000000000000000000000000000000070
:102070000000000000000000000000000000000060
:102080000000000000000000000000000000000050
:102090000000000000000000000000000000000040
:1020A0000000000000000000000000000000000030
:1020B0000000000000000000000000000000000020
:1020C0000000000000000000000000000000000010
:1020D0000000000000000000000000000000000000
:1020E00000000000000000000000000000000000F0
:1020F00000000000000000000000000000000000E0
:1021000000000000000000000000000000000000CF
:1021100000000000000000000000000000000000BF
:1021200000000000000000000000000000000000AF
:10213000000000000000000000000000000000009F
:10214000000000000000000000000000000000008F
:10215000000000000000000000000000000000007F
:10216000000000000000000000000000000000006F
:10217000000000000000000000000000000000005F
:10218000000000000000000000000000000000004F
:10219000000000000000000000000000000000003F
:1021A000000000000000000000000000000000002F
:1021B000000000000000000000000000000000001F
:1021C000000000000000000000000000000000000F
:1021D00000000000000000000000000000000000FF
:1021E00000000000000000000000000000000000EF
:1021F00000000000000000000000000000000000DF
:1022000000000000000000000000000000000000CE
:1022100000000000000000000000000000000000BE
:1022200000000000000000000000000000000000AE
:10223000000000000000000000000000000000009E
:10224000000000000000000000000000000000008E
:10225000000000000000000000000000000000007E
:10226000000000000000000000000000000000006E
:10227000000000000000000000000000000000005E
:10228000000000000000000000000000000000004E
:10229000000000000000000000000000000000003E
:1022A000000000000000000000000000000000002E
:1022B000000000000000000000000000000000001E
:1022C000000000000000000000000000000000000E
:1022D00000000000000000000000000000000000FE
:1022E00000000000000000000000000000000000EE
:1022F00000000000000000000000000000000000DE
:1023000000000000000000000000000000000000CD
:1023100000000000000000000000000000000000BD
:1023200000000000000000000000000000000000AD
:10233000000000000000000000000000000000009D
:10234000000000000000000000000000000000008D
:10235000000000000000000000000000000000007D
:10236000000000000000000000000000000000006D
:10237000000000000000000000000000000000005D
:10238000000000000000000000000000000000004D
:10239000000000000000000000000000000000003D
:1023A000000000000000000000000000000000002D
:1023B000000000000000000000000000000000001D
:1023C000000000000000000000000000000000000D
:1023D00000000000000000000000000000000000FD
:1023E00000000000000000000000000000000000ED
:1023F00000000000000000000000000000000000DD
:1024000000000000000000000000000000000000CC
:1024100000000000000000000000000000000000BC
:1024200000000000000000000000000000000000AC
:10243000000000000000000000000000000000009C
:10244000000000000000000000000000000000008C
:10245000000000000000000000000000000000007C
:10246000000000000000000000000000000000006C
:10247000000000000000000000000000000000005C
:10248000000000000000000000000000000000004C
:10249000000000000000000000000000000000003C
:1024A000000000000000000000000000000000002C
:1024B000000000000000000000000000000000001C
:1024C000000000000000000000000000000000000C
:1024D00000000000000000000000000000000000FC
:1024E00000000000000000000000000000000000EC
:1024F00000000000000000000000000000000000DC
:1025000000000000000000000000000000000000CB
:1025100000000000000000000000000000000000BB
:1025200000000000000000000000000000000000AB
:10253000000000000000000000000000000000009B
:10254000000000000000000000000000000000008B
:10255000000000000000000000000000000000007B
:10256000000000000000000000000000000000006B
:10257000000000000000000000000000000000005B
:10258000000000000000000000000000000000004B
:10259000000000000000000000000000000000003B
:1025A000000000000000000000000000000000002B
:1025B000000000000000000000000000000000001B
:1025C000000000000000000000000000000000000B
:1025D00000000000000000000000000000000000FB
:1025E00000000000000000000000000000000000EB
:1025F00000000000000000000000000000000000DB
:1026000000000000000000000000000000000000CA
:1026100000000000000000000000000000000000BA
:1026200000000000000000000000000000000000AA
:10263000000000000000000000000000000000009A
:10264000000000000000000000000000000000008A
:10265000000000000000000000000000000000007A
:10266000000000000000000000000000000000006A
:10267000000000000000000000000000000000005A
:10268000000000000000000000000000000000004A
:10269000000000000000000000000000000000003A
:1026A000000000000000000000000000000000002A
:1026B000000000000000000000000000000000001A
:1026C000000000000000000000000000000000000A
:1026D00000000000000000000000000000000000FA
:1026E00000000000000000000000000000000000EA
:1026F00000000000000000000000000000000000DA
:1027000000000000000000000000000000000000C9
:1027100000000000000000000000000000000000B9
:1027200000000000000000000000000000000000A9
:102730000000000000000000000000000000000099
:102740000000000000000000000000000000000089
:102750000000000000000000000000000000000079
:102760000000000000000000000000000000000069
:102770000000000000000000000000000000000059
:102780000000000000000000000000000000000049
:102790000000000000000000000000000000000039
:1027A0000000000000000000000000000000000029
:1027B0000000000000000000000000000000000019
:1027C0000000000000000000000000000000000009
:1027D00000000000000000000000000000000000F9
:1027E00000000000000000000000000000000000E9
:1027F00000000000000000000000000000000000D9
:1028000000000000000000000000000000000000C8
:1028100000000000000000000000000000000000B8
:1028200000000000000000000000000000000000A8
:102830000000000000000000000000000000000098
:102840000000000000000000000000000000000088
:102850000000000000000000000000000000000078
:102860000000000000000000000000000000000068
:102870000000000000000000000000000000000058
:102880000000000000000000000000000000000048
:102890000000000000000000000000000000000038
:1028A0000000000000000000000000000000000028
:1028B0000000000000000000000000000000000018
:1028C0000000000000000000000000000000000008
:1028D00000000000000000000000000000000000F8
:1028E00000000000000000000000000000000000E8
:1028F00000000000000000000000000000000000D8
:1029000000000000000000000000000000000000C7
:1029100000000000000000000000000000000000B7
:1029200000000000000000000000000000000000A7
:102930000000000000000000000000000000000097
:102940000000000000000000000000000000000087
:102950000000000000000000000000000000000077
:102960000000000000000000000000000000000067
:102970000000000000000000000000000000000057
:102980000000000000000000000000000000000047
:102990000000000000000000000000000000000037
:1029A0000000000000000000000000000000000027
:1029B0000000000000000000000000000000000017
:1029C0000000000000000000000000000000000007
:1029D00000000000000000000000000000000000F7
:1029E00000000000000000000000000000000000E7
:1029F00000000000000000000000000000000000D7
:102A000000000000000000000000000000000000C6
:102A100000000000000000000000000000000000B6
:102A200000000000000000000000000000000000A6
:102A30000000000000000000000000000000000096
:102A40000000000000000000000000000000000086
:102A50000000000000000000000000000000000076
:102A60000000000000000000000000000000000066
:102A70000000000000000000000000000000000056
:102A80000000000000000000000000000000000046
:102A90000000000000000000000000000000000036
:102AA0000000000000000000000000000000000026
:102AB0000000000000000000000000000000000016
:102AC0000000000000000000000000000000000006
:102AD00000000000000000000000000000000000F6
:102AE00000000000000000000000000000000000E6
:102AF00000000000000000000000000000000000D6
:102B000000000000000000000000000000000000C5
:102B100000000000000000000000000000000000B5
:102B200000000000000000000000000000000000A5
:102B30000000000000000000000000000000000095
:102B40000000000000000000000000000000000085
:102B50000000000000000000000000000000000075
:102B60000000000000000000000000000000000065
:102B70000000000000000000000000000000000055
:102B80000000000000000000000000000000000045
:102B90000000000000000000000000000000000035
:102BA0000000000000000000000000000000000025
:102BB0000000000000000000000000000000000015
:102BC0000000000000000000000000000000000005
:102BD00000000000000000000000000000000000F5
:102BE00000000000000000000000000000000000E5
:102BF00000000000000000000000000000000000D5
:102C000000000000000000000000000000000000C4
:102C100000000000000000000000000000000000B4
:102C200000000000000000000000000000000000A4
:102C30000000000000000000000000000000000094
:102C40000000000000000000000000000000000084
:102C50000000000000000000000000000000000074
:102C60000000000000000000000000000000000064
:102C70000000000000000000000000000000000054
:102C80000000000000000000000000000000000044
:102C90000000000000000000000000000000000034
:102CA0000000000000000000000000000000000024
:102CB0000000000000000000000000000000000014
:102CC0000000000000000000000000000000000004
:102CD00000000000000000000000000000000000F4
:102CE00000000000000000000000000000000000E4
:102CF00000000000000000000000000000000000D4
:102D000000000000000000000000000000000000C3
:102D100000000000000000000000000000000000B3
:102D200000000000000000000000000000000000A3
:102D30000000000000000000000000000000000093
:102D40000000000000000000000000000000000083
:102D50000000000000000000000000000000000073
:102D60000000000000000000000000000000000063
:102D70000000000000000000000000000000000053
:102D80000000000000000000000000000000000043
:102D90000000000000000000000000000000000033
:102DA0000000000000000000000000000000000023
:102DB0000000000000000000000000000000000013
:102DC0000000000000000000000000000000000003
:102DD00000000000000000000000000000000000F3
:102DE00000000000000000000000000000000000E3
:102DF00000000000000000000000000000000000D3
:102E000000000000000000000000000000000000C2
:102E100000000000000000000000000000000000B2
:102E200000000000000000000000000000000000A2
:102E30000000000000000000000000000000000092
:102E40000000000000000000000000000000000082
:102E50000000000000000000000000000000000072
:102E60000000000000000000000000000000000062
:102E70000000000000000000000000000000000052
:102E80000000000000000000000000000000000042
:102E90000000000000000000000000000000000032
:102EA0000000000000000000000000000000000022
:102EB0000000000000000000000000000000000012
:102EC0000000000000000000000000000000000002
:102ED00000000000000000000000000000000000F2
:102EE00000000000000000000000000000000000E2
:102EF00000000000000000000000000000000000D2
:102F000000000000000000000000000000000000C1
:102F100000000000000000000000000000000000B1
:102F200000000000000000000000000000000000A1
:102F30000000000000000000000000000000000091
:102F40000000000000000000000000000000000081
:102F50000000000000000000000000000000000071
:102F60000000000000000000000000000000000061
:102F70000000000000000000000000000000000051
:102F80000000000000000000000000000000000041
:102F90000000000000000000000000000000000031
:102FA0000000000000000000000000000000000021
:102FB0000000000000000000000000000000000011
:102FC0000000000000000000000000000000000001
:102FD00000000000000000000000000000000000F1
:102FE00000000000000000000000000000000000E1
:102FF00000000000000000000000000000000000D1
:1030000000000000000000000000000000000000C0
:1030100000000000000000000000000000000000B0
:1030200000000000000000000000000000000000A0
:103030000000000000000000000000000000000090
:103040000000000000000000000000000000000080
:103050000000000000000000000000000000000070
:103060000000000000000000000000000000000060
:103070000000000000000000000000000000000050
:103080000000000000000000000000000000000040
:103090000000000000000000000000000000000030
:1030A0000000000000000000000000000000000020
:1030B0000000000000000000000000000000000010
:1030C0000000000000000000000000000000000000
:1030D00000000000000000000000000000000000F0
:1030E00000000000000000000000000000000000E0
:1030F00000000000000000000000000000000000D0
:1031000000000000000000000000000000000000BF
:1031100000000000000000000000000000000000AF
:10312000000000000000000000000000000000009F
:10313000000000000000000000000000000000008F
:10314000000000000000000000000000000000007F
:10315000000000000000000000000000000000006F
:10316000000000000000000000000000000000005F
:10317000000000000000000000000000000000004F
:10318000000000000000000000000000000000003F
:10319000000000000000000000000000000000002F
:1031A000000000000000000000000000000000001F
:1031B000000000000000000000000000000000000F
:1031C00000000000000000000000000000000000FF
:1031D00000000000000000000000000000000000EF
:1031E00000000000000000000000000000000000DF
:1031F00000000000000000000000000000000000CF
:1032000000000000000000000000000000000000BE
:1032100000000000000000000000000000000000AE
:10322000000000000000000000000000000000009E
:10323000000000000000000000000000000000008E
:10324000000000000000000000000000000000007E
:10325000000000000000000000000000000000006E
:10326000000000000000000000000000000000005E
:10327000000000000000000000000000000000004E
:10328000000000000000000000000000000000003E
:10329000000000000000000000000000000000002E
:1032A000000000000000000000000000000000001E
:1032B000000000000000000000000000000000000E
:1032C00000000000000000000000000000000000FE
:1032D00000000000000000000000000000000000EE
:1032E00000000000000000000000000000000000DE
:1032F00000000000000000000000000000000000CE
:1033000000000000000000000000000000000000BD
:1033100000000000000000000000000000000000AD
:10332000000000000000000000000000000000009D
:10333000000000000000000000000000000000008D
:10334000000000000000000000000000000000007D
:10335000000000000000000000000000000000006D
:10336000000000000000000000000000000000005D
:10337000000000000000000000000000000000004D
:10338000000000000000000000000000000000003D
:10339000000000000000000000000000000000002D
:1033A000000000000000000000000000000000001D
:1033B000000000000000000000000000000000000D
:1033C00000000000000000000000000000000000FD
:1033D00000000000000000000000000000000000ED
:1033E00000000000000000000000000000000000DD
:1033F00000000000000000000000000000000000CD
:1034000000000000000000000000000000000000BC
:1034100000000000000000000000000000000000AC
:10342000000000000000000000000000000000009C
:10343000000000000000000000000000000000008C
:10344000000000000000000000000000000000007C
:10345000000000000000000000000000000000006C
:10346000000000000000000000000000000000005C
:10347000000000000000000000000000000000004C
:10348000000000000000000000000000000000003C
:10349000000000000000000000000000000000002C
:1034A000000000000000000000000000000000001C
:1034B000000000000000000000000000000000000C
:1034C00000000000000000000000000000000000FC
:1034D00000000000000000000000000000000000EC
:1034E00000000000000000000000000000000000DC
:1034F00000000000000000000000000000000000CC
:1035000000000000000000000000000000000000BB
:1035100000000000000000000000000000000000AB
:10352000000000000000000000000000000000009B
:10353000000000000000000000000000000000008B
:10354000000000000000000000000000000000007B
:10355000000000000000000000000000000000006B
:10356000000000000000000000000000000000005B
:10357000000000000000000000000000000000004B
:10358000000000000000000000000000000000003B
:10359000000000000000000000000000000000002B
:1035A000000000000000000000000000000000001B
:1035B000000000000000000000000000000000000B
:1035C00000000000000000000000000000000000FB
:1035D00000000000000000000000000000000000EB
:1035E00000000000000000000000000000000000DB
:1035F00000000000000000000000000000000000CB
:1036000000000000000000000000000000000000BA
:1036100000000000000000000000000000000000AA
:10362000000000000000000000000000000000009A
:10363000000000000000000000000000000000008A
:10364000000000000000000000000000000000007A
:10365000000000000000000000000000000000006A
:10366000000000000000000000000000000000005A
:10367000000000000000000000000000000000004A
:10368000000000000000000000000000000000003A
:10369000000000000000000000000000000000002A
:1036A000000000000000000000000000000000001A
:1036B000000000000000000000000000000000000A
:1036C00000000000000000000000000000000000FA
:1036D00000000000000000000000000000000000EA
:1036E00000000000000000000000000000000000DA
:1036F00000000000000000000000000000000000CA
:1037000000000000000000000000000000000000B9
:1037100000000000000000000000000000000000A9
:103720000000000000000000000000000000000099
:103730000000000000000000000000000000000089
:103740000000000000000000000000000000000079
:103750000000000000000000000000000000000069
:103760000000000000000000000000000000000059
:103770000000000000000000000000000000000049
:103780000000000000000000000000000000000039
:103790000000000000000000000000000000000029
:1037A0000000000000000000000000000000000019
:1037B0000000000000000000000000000000000009
:1037C00000000000000000000000000000000000F9
:1037D00000000000000000000000000000000000E9
:1037E00000000000000000000000000000000000D9
:1037F00000000000000000000000000000000000C9
:1038000000000000000000000000000000000000B8
:1038100000000000000000000000000000000000A8
:103820000000000000000000000000000000000098
:103830000000000000000000000000000000000088
:103840000000000000000000000000000000000078
:103850000000000000000000000000000000000068
:103860000000000000000000000000000000000058
:103870000000000000000000000000000000000048
:103880000000000000000000000000000000000038
:103890000000000000000000000000000000000028
:1038A0000000000000000000000000000000000018
:1038B0000000000000000000000000000000000008
:1038C00000000000000000000000000000000000F8
:1038D00000000000000000000000000000000000E8
:1038E00000000000000000000000000000000000D8
:1038F00000000000000000000000000000000000C8
:1039000000000000000000000000000000000000B7
:1039100000000000000000000000000000000000A7
:103920000000000000000000000000000000000097
:103930000000000000000000000000000000000087
:103940000000000000000000000000000000000077
:103950000000000000000000000000000000000067
:103960000000000000000000000000000000000057
:103970000000000000000000000000000000000047
:103980000000000000000000000000000000000037
:103990000000000000000000000000000000000027
:1039A0000000000000000000000000000000000017
:1039B0000000000000000000000000000000000007
:1039C00000000000000000000000000000000000F7
:1039D00000000000000000000000000000000000E7
:1039E00000000000000000000000000000000000D7
:1039F00000000000000000000000000000000000C7
:103A000000000000000000000000000000000000B6
:103A100000000000000000000000000000000000A6
:103A20000000000000000000000000000000000096
:103A30000000000000000000000000000000000086
:103A40000000000000000000000000000000000076
:103A50000000000000000000000000000000000066
:103A60000000000000000000000000000000000056
:103A70000000000000000000000000000000000046
:103A80000000000000000000000000000000000036
:103A90000000000000000000000000000000000026
:103AA0000000000000000000000000000000000016
:103AB0000000000000000000000000000000000006
:103AC00000000000000000000000000000000000F6
:103AD00000000000000000000000000000000000E6
:103AE00000000000000000000000000000000000D6
:103AF00000000000000000000000000000000000C6
:103B000000000000000000000000000000000000B5
:103B100000000000000000000000000000000000A5
:103B20000000000000000000000000000000000095
:103B30000000000000000000000000000000000085
:103B40000000000000000000000000000000000075
:103B50000000000000000000000000000000000065
:103B60000000000000000000000000000000000055
:103B70000000000000000000000000000000000045
:103B80000000000000000000000000000000000035
:103B90000000000000000000000000000000000025
:103BA0000000000000000000000000000000000015
:103BB0000000000000000000000000000000000005
:103BC00000000000000000000000000000000000F5
:103BD00000000000000000000000000000000000E5
:103BE00000000000000000000000000000000000D5
:103BF00000000000000000000000000000000000C5
:103C000000000000000000000000000000000000B4
:103C100000000000000000000000000000000000A4
:103C20000000000000000000000000000000000094
:103C30000000000000000000000000000000000084
:103C40000000000000000000000000000000000074
:103C50000000000000000000000000000000000064
:103C60000000000000000000000000000000000054
:103C70000000000000000000000000000000000044
:103C80000000000000000000000000000000000034
:103C90000000000000000000000000000000000024
:103CA0000000000000000000000000000000000014
:103CB0000000000000000000000000000000000004
:103CC00000000000000000000000000000000000F4
:103CD00000000000000000000000000000000000E4
:103CE00000000000000000000000000000000000D4
:103CF00000000000000000000000000000000000C4
:103D000000000000000000000000000000000000B3
:103D100000000000000000000000000000000000A3
:103D20000000000000000000000000000000000093
:103D30000000000000000000000000000000000083
:103D40000000000000000000000000000000000073
:103D50000000000000000000000000000000000063
:103D60000000000000000000000000000000000053
:103D70000000000000000000000000000000000043
:103D80000000000000000000000000000000000033
:103D90000000000000000000000000000000000023
:103DA0000000000000000000000000000000000013
:103DB0000000000000000000000000000000000003
:103DC00000000000000000000000000000000000F3
:103DD00000000000000000000000000000000000E3
:103DE00000000000000000000000000000000000D3
:103DF00000000000000000000000000000000000C3
:103E000000000000000000000000000000000000B2
:103E100000000000000000000000000000000000A2
:103E20000000000000000000000000000000000092
:103E30000000000000000000000000000000000082
:103E40000000000000000000000000000000000072
:103E50000000000000000000000000000000000062
:103E60000000000000000000000000000000000052
:103E70000000000000000000000000000000000042
:103E80000000000000000000000000000000000032
:103E90000000000000000000000000000000000022
:103EA0000000000000000000000000000000000012
:103EB0000000000000000000000000000000000002
:103EC00000000000000000000000000000000000F2
:103ED00000000000000000000000000000000000E2
:103EE00000000000000000000000000000000000D2
:103EF00000000000000000000000000000000000C2
:103F000000000000000000000000000000000000B1
:103F100000000000000000000000000000000000A1
:103F20000000000000000000000000000000000091
:103F30000000000000000000000000000000000081
:103F40000000000000000000000000000000000071
:103F50000000000000000000000000000000000061
:103F60000000000000000000000000000000000051
:103F70000000000000000000000000000000000041
:103F80000000000000000000000000000000000031
:103F90000000000000000000000000000000000021
:103FA0000000000000000000000000000000000011
:103FB0000000000000000000000000000000000001
:103FC00000000000000000000000000000000000F1
:103FD00000000000000000000000000000000000E1
:103FE00000000000000000000000000000000000D1
:103FF00000000000000000000000000000000000C1
:1040000000000000000000000000000000000000B0
:1040100000000000000000000000000000000000A0
:104020000000000000000000000000000000000090
:104030000000000000000000000000000000000080
:104040000000000000000000000000000000000070
:104050000000000000000000000000000000000060
:104060000000000000000000000000000000000050
:104070000000000000000000000000000000000040
:104080000000000000000000000000000000000030
:104090000000000000000000000000000000000020
:1040A0000000000000000000000000000000000010
:1040B0000000000000000000000000000000000000
:1040C00000000000000000000000000000000000F0
:1040D00000000000000000000000000000000000E0
:1040E00000000000000000000000000000000000D0
:1040F00000000000000000000000000000000000C0
:1041000000000000000000000000000000000000AF
:10411000000000000000000000000000000000009F
:10412000000000000000000000000000000000008F
:10413000000000000000000000000000000000007F
:10414000000000000000000000000000000000006F
:10415000000000000000000000000000000000005F
:10416000000000000000000000000000000000004F
:10417000000000000000000000000000000000003F
:10418000000000000000000000000000000000002F
:10419000000000000000000000000000000000001F
:1041A000000000000000000000000000000000000F
:1041B00000000000000000000000000000000000FF
:1041C00000000000000000000000000000000000EF
:1041D00000000000000000000000000000000000DF
:1041E00000000000000000000000000000000000CF
:1041F00000000000000000000000000000000000BF
:1042000000000000000000000000000000000000AE
:10421000000000000000000000000000000000009E
:10422000000000000000000000000000000000008E
:10423000000000000000000000000000000000007E
:10424000000000000000000000000000000000006E
:10425000000000000000000000000000000000005E
:10426000000000000000000000000000000000004E
:10427000000000000000000000000000000000003E
:10428000000000000000000000000000000000002E
:10429000000000000000000000000000000000001E
:1042A000000000000000000000000000000000000E
:1042B00000000000000000000000000000000000FE
:1042C00000000000000000000000000000000000EE
:1042D00000000000000000000000000000000000DE
:1042E00000000000000000000000000000000000CE
:1042F00000000000000000000000000000000000BE
:1043000000000000000000000000000000000000AD
:10431000000000000000000000000000000000009D
:10432000000000000000000000000000000000008D
:10433000000000000000000000000000000000007D
:10434000000000000000000000000000000000006D
:10435000000000000000000000000000000000005D
:10436000000000000000000000000000000000004D
:10437000000000000000000000000000000000003D
:10438000000000000000000000000000000000002D
:10439000000000000000000000000000000000001D
:1043A000000000000000000000000000000000000D
:1043B00000000000000000000000000000000000FD
:1043C00000000000000000000000000000000000ED
:1043D00000000000000000000000000000000000DD
:1043E00000000000000000000000000000000000CD
:1043F00000000000000000000000000000000000BD
:1044000000000000000000000000000000000000AC
:10441000000000000000000000000000000000009C
:10442000000000000000000000000000000000008C
:10443000000000000000000000000000000000007C
:10444000000000000000000000000000000000006C
:10445000000000000000000000000000000000005C
:10446000000000000000000000000000000000004C
:10447000000000000000000000000000000000003C
:10448000000000000000000000000000000000002C
:10449000000000000000000000000000000000001C
:1044A000000000000000000000000000000000000C
:1044B00000000000000000000000000000000000FC
:1044C00000000000000000000000000000000000EC
:1044D00000000000000000000000000000000000DC
:1044E00000000000000000000000000000000000CC
:1044F00000000000000000000000000000000000BC
:1045000000000000000000000000000000000000AB
:10451000000000000000000000000000000000009B
:10452000000000000000000000000000000000008B
:10453000000000000000000000000000000000007B
:10454000000000000000000000000000000000006B
:10455000000000000000000000000000000000005B
:10456000000000000000000000000000000000004B
:10457000000000000000000000000000000000003B
:10458000000000000000000000000000000000002B
:10459000000000000000000000000000000000001B
:1045A000000000000000000000000000000000000B
:1045B00000000000000000000000000000000000FB
:1045C00000000000000000000000000000000000EB
:1045D00000000000000000000000000000000000DB
:1045E00000000000000000000000000000000000CB
:1045F00000000000000000000000000000000000BB
:1046000000000000000000000000000000000000AA
:10461000000000000000000000000000000000009A
:10462000000000000000000000000000000000008A
:10463000000000000000000000000000000000007A
:10464000000000000000000000000000000000006A
:10465000000000000000000000000000000000005A
:10466000000000000000000000000000000000004A
:10467000000000000000000000000000000000003A
:10468000000000000000000000000000000000002A
:10469000000000000000000000000000000000001A
:1046A000000000000000000000000000000000000A
:1046B00000000000000000000000000000000000FA
:1046C00000000000000000000000000000000000EA
:1046D00000000000000000000000000000000000DA
:1046E00000000000000000000000000000000000CA
:1046F00000000000000000000000000000000000BA
:1047000000000000000000000000000000000000A9
:104710000000000000000000000000000000000099
:104720000000000000000000000000000000000089
:104730000000000000000000000000000000000079
:104740000000000000000000000000000000000069
:104750000000000000000000000000000000000059
:104760000000000000000000000000000000000049
:104770000000000000000000000000000000000039
:104780000000000000000000000000000000000029
:104790000000000000000000000000000000000019
:1047A0000000000000000000000000000000000009
:1047B00000000000000000000000000000000000F9
:1047C00000000000000000000000000000000000E9
:1047D00000000000000000000000000000000000D9
:1047E00000000000000000000000000000000000C9
:1047F00000000000000000000000000000000000B9
:1048000000000000000000000000000000000000A8
:104810000000000000000000000000000000000098
:104820000000000000000000000000000000000088
:104830000000000000000000000000000000000078
:104840000000000000000000000000000000000068
:104850000000000000000000000000000000000058
:104860000000000000000000000000000000000048
:104870000000000000000000000000000000000038
:104880000000000000000000000000000000000028
:104890000000000000000000000000000000000018
:1048A0000000000000000000000000000000000008
:1048B00000000000000000000000000000000000F8
:1048C00000000000000000000000000000000000E8
:1048D00000000000000000000000000000000000D8
:1048E00000000000000000000000000000000000C8
:1048F00000000000000000000000000000000000B8
:1049000000000000000000000000000000000000A7
:104910000000000000000000000000000000000097
:104920000000000000000000000000000000000087
:104930000000000000000000000000000000000077
:104940000000000000000000000000000000000067
:104950000000000000000000000000000000000057
:104960000000000000000000000000000000000047
:104970000000000000000000000000000000000037
:104980000000000000000000000000000000000027
:104990000000000000000000000000000000000017
:1049A0000000000000000000000000000000000007
:1049B00000000000000000000000000000000000F7
:1049C00000000000000000000000000000000000E7
:1049D00000000000000000000000000000000000D7
:1049E00000000000000000000000000000000000C7
:1049F00000000000000000000000000000000000B7
:104A000000000000000000000000000000000000A6
:104A10000000000000000000000000000000000096
:104A20000000000000000000000000000000000086
:104A30000000000000000000000000000000000076
:104A40000000000000000000000000000000000066
:104A50000000000000000000000000000000000056
:104A60000000000000000000000000000000000046
:104A70000000000000000000000000000000000036
:104A80000000000000000000000000000000000026
:104A90000000000000000000000000000000000016
:104AA0000000000000000000000000000000000006
:104AB00000000000000000000000000000000000F6
:104AC00000000000000000000000000000000000E6
:104AD00000000000000000000000000000000000D6
:104AE00000000000000000000000000000000000C6
:104AF00000000000000000000000000000000000B6
:104B000000000000000000000000000000000000A5
:104B10000000000000000000000000000000000095
:104B20000000000000000000000000000000000085
:104B30000000000000000000000000000000000075
:104B40000000000000000000000000000000000065
:104B50000000000000000000000000000000000055
:104B60000000000000000000000000000000000045
:104B70000000000000000000000000000000000035
:104B80000000000000000000000000000000000025
:104B90000000000000000000000000000000000015
:104BA0000000000000000000000000000000000005
:104BB00000000000000000000000000000000000F5
:104BC00000000000000000000000000000000000E5
:104BD00000000000000000000000000000000000D5
:104BE00000000000000000000000000000000000C5
:104BF00000000000000000000000000000000000B5
:104C000000000000000000000000000000000000A4
:104C10000000000000000000000000000000000094
:104C20000000000000000000000000000000000084
:104C30000000000000000000000000000000000074
:104C40000000000000000000000000000000000064
:104C50000000000000000000000000000000000054
:104C60000000000000000000000000000000000044
:104C70000000000000000000000000000000000034
:104C80000000000000000000000000000000000024
:104C90000000000000000000000000000000000014
:104CA0000000000000000000000000000000000004
:104CB00000000000000000000000000000000000F4
:104CC00000000000000000000000000000000000E4
:104CD00000000000000000000000000000000000D4
:104CE00000000000000000000000000000000000C4
:104CF00000000000000000000000000000000000B4
:104D000000000000000000000000000000000000A3
:104D10000000000000000000000000000000000093
:104D20000000000000000000000000000000000083
:104D30000000000000000000000000000000000073
:104D40000000000000000000000000000000000063
:104D50000000000000000000000000000000000053
:104D60000000000000000000000000000000000043
:104D70000000000000000000000000000000000033
:104D80000000000000000000000000000000000023
:104D90000000000000000000000000000000000013
:104DA0000000000000000000000000000000000003
:104DB00000000000000000000000000000000000F3
:104DC00000000000000000000000000000000000E3
:104DD00000000000000000000000000000000000D3
:104DE00000000000000000000000000000000000C3
:104DF00000000000000000000000000000000000B3
:104E000000000000000000000000000000000000A2
:104E10000000000000000000000000000000000092
:104E20000000000000000000000000000000000082
:104E30000000000000000000000000000000000072
:104E40000000000000000000000000000000000062
:104E50000000000000000000000000000000000052
:104E60000000000000000000000000000000000042
:104E70000000000000000000000000000000000032
:104E80000000000000000000000000000000000022
:104E90000000000000000000000000000000000012
:104EA0000000000000000000000000000000000002
:104EB00000000000000000000000000000000000F2
:104EC00000000000000000000000000000000000E2
:104ED00000000000000000000000000000000000D2
:104EE00000000000000000000000000000000000C2
:104EF00000000000000000000000000000000000B2
:104F000000000000000000000000000000000000A1
:104F10000000000000000000000000000000000091
:104F20000000000000000000000000000000000081
:104F30000000000000000000000000000000000071
:104F40000000000000000000000000000000000061
:104F50000000000000000000000000000000000051
:104F60000000000000000000000000000000000041
:104F70000000000000000000000000000000000031
:104F80000000000000000000000000000000000021
:104F90000000000000000000000000000000000011
:104FA0000000000000000000000000000000000001
:104FB00000000000000000000000000000000000F1
:104FC00000000000000000000000000000000000E1
:104FD00000000000000000000000000000000000D1
:104FE00000000000000000000000000000000000C1
:104FF00000000000000000000000000000000000B1
:1050000000000000000000000000000000000000A0
:105010000000000000000000000000000000000090
:105020000000000000000000000000000000000080
:105030000000000000000000000000000000000070
:105040000000000000000000000000000000000060
:105050000000000000000000000000000000000050
:105060000000000000000000000000000000000040
:105070000000000000000000000000000000000030
:105080000000000000000000000000000000000020
:105090000000000000000000000000000000000010
:1050A0000000000000000000000000000000000000
:1050B00000000000000000000000000000000000F0
:1050C00000000000000000000000000000000000E0
:1050D00000000000000000000000000000000000D0
:1050E00000000000000000000000000000000000C0
:1050F00000000000000000000000000000000000B0
:10510000000000000000000000000000000000009F
:10511000000000000000000000000000000000008F
:10512000000000000000000000000000000000007F
:10513000000000000000000000000000000000006F
:10514000000000000000000000000000000000005F
:10515000000000000000000000000000000000004F
:10516000000000000000000000000000000000003F
:10517000000000000000000000000000000000002F
:10518000000000000000000000000000000000001F
:10519000000000000000000000000000000000000F
:1051A00000000000000000000000000000000000FF
:1051B00000000000000000000000000000000000EF
:1051C00000000000000000000000000000000000DF
:1051D00000000000000000000000000000000000CF
:1051E00000000000000000000000000000000000BF
:1051F00000000000000000000000000000000000AF
:10520000000000000000000000000000000000009E
:10521000000000000000000000000000000000008E
:10522000000000000000000000000000000000007E
:10523000000000000000000000000000000000006E
:10524000000000000000000000000000000000005E
:10525000000000000000000000000000000000004E
:10526000000000000000000000000000000000003E
:10527000000000000000000000000000000000002E
:10528000000000000000000000000000000000001E
:10529000000000000000000000000000000000000E
:1052A00000000000000000000000000000000000FE
:1052B00000000000000000000000000000000000EE
:1052C00000000000000000000000000000000000DE
:1052D00000000000000000000000000000000000CE
:1052E00000000000000000000000000000000000BE
:1052F00000000000000000000000000000000000AE
:10530000000000000000000000000000000000009D
:10531000000000000000000000000000000000008D
:10532000000000000000000000000000000000007D
:10533000000000000000000000000000000000006D
:10534000000000000000000000000000000000005D
:10535000000000000000000000000000000000004D
:10536000000000000000000000000000000000003D
:10537000000000000000000000000000000000002D
:10538000000000000000000000000000000000001D
:10539000000000000000000000000000000000000D
:1053A00000000000000000000000000000000000FD
:1053B00000000000000000000000000000000000ED
:1053C00000000000000000000000000000000000DD
:1053D00000000000000000000000000000000000CD
:1053E00000000000000000000000000000000000BD
:1053F00000000000000000000000000000000000AD
:10540000000000000000000000000000000000009C
:10541000000000000000000000000000000000008C
:10542000000000000000000000000000000000007C
:10543000000000000000000000000000000000006C
:10544000000000000000000000000000000000005C
:10545000000000000000000000000000000000004C
:10546000000000000000000000000000000000003C
:10547000000000000000000000000000000000002C
:10548000000000000000000000000000000000001C
:10549000000000000000000000000000000000000C
:1054A00000000000000000000000000000000000FC
:1054B00000000000000000000000000000000000EC
:1054C00000000000000000000000000000000000DC
:1054D00000000000000000000000000000000000CC
:1054E00000000000000000000000000000000000BC
:1054F00000000000000000000000000000000000AC
:10550000000000000000000000000000000000009B
:10551000000000000000000000000000000000008B
:10552000000000000000000000000000000000007B
:10553000000000000000000000000000000000006B
:10554000000000000000000000000000000000005B
:10555000000000000000000000000000000000004B
:10556000000000000000000000000000000000003B
:10557000000000000000000000000000000000002B
:10558000000000000000000000000000000000001B
:10559000000000000000000000000000000000000B
:1055A00000000000000000000000000000000000FB
:1055B00000000000000000000000000000000000EB
:1055C00000000000000000000000000000000000DB
:1055D00000000000000000000000000000000000CB
:1055E00000000000000000000000000000000000BB
:1055F00000000000000000000000000000000000AB
:10560000000000000000000000000000000000009A
:10561000000000000000000000000000000000008A
:10562000000000000000000000000000000000007A
:10563000000000000000000000000000000000006A
:10564000000000000000000000000000000000005A
:10565000000000000000000000000000000000004A
:10566000000000000000000000000000000000003A
:10567000000000000000000000000000000000002A
:10568000000000000000000000000000000000001A
:10569000000000000000000000000000000000000A
:1056A00000000000000000000000000000000000FA
:1056B00000000000000000000000000000000000EA
:1056C00000000000000000000000000000000000DA
:1056D00000000000000000000000000000000000CA
:1056E00000000000000000000000000000000000BA
:1056F00000000000000000000000000000000000AA
:105700000000000000000000000000000000000099
:105710000000000000000000000000000000000089
:105720000000000000000000000000000000000079
:105730000000000000000000000000000000000069
:105740000000000000000000000000000000000059
:105750000000000000000000000000000000000049
:105760000000000000000000000000000000000039
:105770000000000000000000000000000000000029
:105780000000000000000000000000000000000019
:105790000000000000000000000000000000000009
:1057A00000000000000000000000000000000000F9
:1057B00000000000000000000000000000000000E9
:1057C00000000000000000000000000000000000D9
:1057D00000000000000000000000000000000000C9
:1057E00000000000000000000000000000000000B9
:1057F00000000000000000000000000000000000A9
:105800000000000000000000000000000000000098
:105810000000000000000000000000000000000088
:105820000000000000000000000000000000000078
:105830000000000000000000000000000000000068
:105840000000000000000000000000000000000058
:105850000000000000000000000000000000000048
:105860000000000000000000000000000000000038
:105870000000000000000000000000000000000028
:105880000000000000000000000000000000000018
:105890000000000000000000000000000000000008
:1058A00000000000000000000000000000000000F8
:1058B00000000000000000000000000000000000E8
:1058C00000000000000000000000000000000000D8
:1058D00000000000000000000000000000000000C8
:1058E00000000000000000000000000000000000B8
:1058F00000000000000000000000000000000000A8
:105900000000000000000000000000000000000097
:105910000000000000000000000000000000000087
:105920000000000000000000000000000000000077
:105930000000000000000000000000000000000067
:105940000000000000000000000000000000000057
:105950000000000000000000000000000000000047
:105960000000000000000000000000000000000037
:105970000000000000000000000000000000000027
:105980000000000000000000000000000000000017
:105990000000000000000000000000000000000007
:1059A00000000000000000000000000000000000F7
:1059B00000000000000000000000000000000000E7
:1059C00000000000000000000000000000000000D7
:1059D00000000000000000000000000000000000C7
:1059E00000000000000000000000000000000000B7
:1059F00000000000000000000000000000000000A7
:105A00000000000000000000000000000000000096
:105A10000000000000000000000000000000000086
:105A20000000000000000000000000000000000076
:105A30000000000000000000000000000000000066
:105A40000000000000000000000000000000000056
:105A50000000000000000000000000000000000046
:105A60000000000000000000000000000000000036
:105A70000000000000000000000000000000000026
:105A80000000000000000000000000000000000016
:105A90000000000000000000000000000000000006
:105AA00000000000000000000000000000000000F6
:105AB00000000000000000000000000000000000E6
:105AC00000000000000000000000000000000000D6
:105AD00000000000000000000000000000000000C6
:105AE00000000000000000000000000000000000B6
:105AF00000000000000000000000000000000000A6
:105B00000000000000000000000000000000000095
:105B10000000000000000000000000000000000085
:105B20000000000000000000000000000000000075
:105B30000000000000000000000000000000000065
:105B40000000000000000000000000000000000055
:105B50000000000000000000000000000000000045
:105B60000000000000000000000000000000000035
:105B70000000000000000000000000000000000025
:105B80000000000000000000000000000000000015
:105B90000000000000000000000000000000000005
:105BA00000000000000000000000000000000000F5
:105BB00000000000000000000000000000000000E5
:105BC00000000000000000000000000000000000D5
:105BD00000000000000000000000000000000000C5
:105BE00000000000000000000000000000000000B5
:105BF00000000000000000000000000000000000A5
:105C00000000000000000000000000000000000094
:105C10000000000000000000000000000000000084
:105C20000000000000000000000000000000000074
:105C30000000000000000000000000000000000064
:105C40000000000000000000000000000000000054
:105C50000000000000000000000000000000000044
:105C60000000000000000000000000000000000034
:105C70000000000000000000000000000000000024
:105C80000000000000000000000000000000000014
:105C90000000000000000000000000000000000004
:105CA00000000000000000000000000000000000F4
:105CB00000000000000000000000000000000000E4
:105CC00000000000000000000000000000000000D4
:105CD00000000000000000000000000000000000C4
:105CE00000000000000000000000000000000000B4
:105CF00000000000000000000000000000000000A4
:105D00000000000000000000000000000000000093
:105D10000000000000000000000000000000000083
:105D20000000000000000000000000000000000073
:105D30000000000000000000000000000000000063
:105D40000000000000000000000000000000000053
:105D50000000000000000000000000000000000043
:105D60000000000000000000000000000000000033
:105D70000000000000000000000000000000000023
:105D80000000000000000000000000000000000013
:105D90000000000000000000000000000000000003
:105DA00000000000000000000000000000000000F3
:105DB00000000000000000000000000000000000E3
:105DC00000000000000000000000000000000000D3
:105DD00000000000000000000000000000000000C3
:105DE00000000000000000000000000000000000B3
:105DF00000000000000000000000000000000000A3
:105E00000000000000000000000000000000000092
:105E10000000000000000000000000000000000082
:105E20000000000000000000000000000000000072
:105E30000000000000000000000000000000000062
:105E40000000000000000000000000000000000052
:105E50000000000000000000000000000000000042
:105E60000000000000000000000000000000000032
:105E70000000000000000000000000000000000022
:105E80000000000000000000000000000000000012
:105E90000000000000000000000000000000000002
:105EA00000000000000000000000000000000000F2
:105EB00000000000000000000000000000000000E2
:105EC00000000000000000000000000000000000D2
:105ED00000000000000000000000000000000000C2
:105EE00000000000000000000000000000000000B2
:105EF00000000000000000000000000000000000A2
:105F00000000000000000000000000000000000091
:105F10000000000000000000000000000000000081
:105F20000000000000000000000000000000000071
:105F30000000000000000000000000000000000061
:105F40000000000000000000000000000000000051
:105F50000000000000000000000000000000000041
:105F60000000000000000000000000000000000031
:105F70000000000000000000000000000000000021
:105F80000000000000000000000000000000000011
:105F90000000000000000000000000000000000001
:105FA00000000000000000000000000000000000F1
:105FB00000000000000000000000000000000000E1
:105FC00000000000000000000000000000000000D1
:105FD00000000000000000000000000000000000C1
:105FE00000000000000000000000000000000000B1
:105FF00000000000000000000000000000000000A1
:106000000000000000000000000000000000000090
:106010000000000000000000000000000000000080
:106020000000000000000000000000000000000070
:106030000000000000000000000000000000000060
:106040000000000000000000000000000000000050
:106050000000000000000000000000000000000040
:106060000000000000000000000000000000000030
:106070000000000000000000000000000000000020
:106080000000000000000000000000000000000010
:106090000000000000000000000000000000000000
:1060A00000000000000000000000000000000000F0
:1060B00000000000000000000000000000000000E0
:1060C00000000000000000000000000000000000D0
:1060D00000000000000000000000000000000000C0
:1060E00000000000000000000000000000000000B0
:1060F00000000000000000000000000000000000A0
:10610000000000000000000000000000000000008F
:10611000000000000000000000000000000000007F
:10612000000000000000000000000000000000006F
:10613000000000000000000000000000000000005F
:10614000000000000000000000000000000000004F
:10615000000000000000000000000000000000003F
:10616000000000000000000000000000000000002F
:10617000000000000000000000000000000000001F
:10618000000000000000000000000000000000000F
:1061900000000000000000000000000000000000FF
:1061A00000000000000000000000000000000000EF
:1061B00000000000000000000000000000000000DF
:1061C00000000000000000000000000000000000CF
:1061D00000000000000000000000000000000000BF
:1061E00000000000000000000000000000000000AF
:1061F000000000000000000000000000000000009F
:10620000000000000000000000000000000000008E
:10621000000000000000000000000000000000007E
:10622000000000000000000000000000000000006E
:10623000000000000000000000000000000000005E
:10624000000000000000000000000000000000004E
:10625000000000000000000000000000000000003E
:10626000000000000000000000000000000000002E
:10627000000000000000000000000000000000001E
:10628000000000000000000000000000000000000E
:1062900000000000000000000000000000000000FE
:1062A00000000000000000000000000000000000EE
:1062B00000000000000000000000000000000000DE
:1062C00000000000000000000000000000000000CE
:1062D00000000000000000000000000000000000BE
:1062E00000000000000000000000000000000000AE
:1062F000000000000000000000000000000000009E
:10630000000000000000000000000000000000008D
:10631000000000000000000000000000000000007D
:10632000000000000000000000000000000000006D
:10633000000000000000000000000000000000005D
:10634000000000000000000000000000000000004D
:10635000000000000000000000000000000000003D
:10636000000000000000000000000000000000002D
:10637000000000000000000000000000000000001D
:10638000000000000000000000000000000000000D
:1063900000000000000000000000000000000000FD
:1063A00000000000000000000000000000000000ED
:1063B00000000000000000000000000000000000DD
:1063C00000000000000000000000000000000000CD
:1063D00000000000000000000000000000000000BD
:1063E00000000000000000000000000000000000AD
:1063F000000000000000000000000000000000009D
:10640000000000000000000000000000000000008C
:10641000000000000000000000000000000000007C
:10642000000000000000000000000000000000006C
:10643000000000000000000000000000000000005C
:10644000000000000000000000000000000000004C
:10645000000000000000000000000000000000003C
:10646000000000000000000000000000000000002C
:10647000000000000000000000000000000000001C
:10648000000000000000000000000000000000000C
:1064900000000000000000000000000000000000FC
:1064A00000000000000000000000000000000000EC
:1064B00000000000000000000000000000000000DC
:1064C00000000000000000000000000000000000CC
:1064D00000000000000000000000000000000000BC
:1064E00000000000000000000000000000000000AC
:1064F000000000000000000000000000000000009C
:10650000000000000000000000000000000000008B
:10651000000000000000000000000000000000007B
:10652000000000000000000000000000000000006B
:10653000000000000000000000000000000000005B
:10654000000000000000000000000000000000004B
:10655000000000000000000000000000000000003B
:10656000000000000000000000000000000000002B
:10657000000000000000000000000000000000001B
:10658000000000000000000000000000000000000B
:1065900000000000000000000000000000000000FB
:1065A00000000000000000000000000000000000EB
:1065B00000000000000000000000000000000000DB
:1065C00000000000000000000000000000000000CB
:1065D00000000000000000000000000000000000BB
:1065E00000000000000000000000000000000000AB
:1065F000000000000000000000000000000000009B
:10660000000000000000000000000000000000008A
:10661000000000000000000000000000000000007A
:10662000000000000000000000000000000000006A
:10663000000000000000000000000000000000005A
:10664000000000000000000000000000000000004A
:10665000000000000000000000000000000000003A
:10666000000000000000000000000000000000002A
:10667000000000000000000000000000000000001A
:10668000000000000000000000000000000000000A
:1066900000000000000000000000000000000000FA
:1066A00000000000000000000000000000000000EA
:1066B00000000000000000000000000000000000DA
:1066C00000000000000000000000000000000000CA
:1066D00000000000000000000000000000000000BA
:1066E00000000000000000000000000000000000AA
:1066F000000000000000000000000000000000009A
:106700000000000000000000000000000000000089
:106710000000000000000000000000000000000079
:106720000000000000000000000000000000000069
:106730000000000000000000000000000000000059
:106740000000000000000000000000000000000049
:106750000000000000000000000000000000000039
:106760000000000000000000000000000000000029
:106770000000000000000000000000000000000019
:106780000000000000000000000000000000000009
:1067900000000000000000000000000000000000F9
:1067A00000000000000000000000000000000000E9
:1067B00000000000000000000000000000000000D9
:1067C00000000000000000000000000000000000C9
:1067D00000000000000000000000000000000000B9
:1067E00000000000000000000000000000000000A9
:1067F0000000000000000000000000000000000099
:106800000000000000000000000000000000000088
:106810000000000000000000000000000000000078
:106820000000000000000000000000000000000068
:106830000000000000000000000000000000000058
:106840000000000000000000000000000000000048
:106850000000000000000000000000000000000038
:106860000000000000000000000000000000000028
:106870000000000000000000000000000000000018
:106880000000000000000000000000000000000008
:1068900000000000000000000000000000000000F8
:1068A00000000000000000000000000000000000E8
:1068B00000000000000000000000000000000000D8
:1068C00000000000000000000000000000000000C8
:1068D00000000000000000000000000000000000B8
:1068E00000000000000000000000000000000000A8
:1068F0000000000000000000000000000000000098
:106900000000000000000000000000000000000087
:106910000000000000000000000000000000000077
:106920000000000000000000000000000000000067
:106930000000000000000000000000000000000057
:106940000000000000000000000000000000000047
:106950000000000000000000000000000000000037
:106960000000000000000000000000000000000027
:106970000000000000000000000000000000000017
:106980000000000000000000000000000000000007
:1069900000000000000000000000000000000000F7
:1069A00000000000000000000000000000000000E7
:1069B00000000000000000000000000000000000D7
:1069C00000000000000000000000000000000000C7
:1069D00000000000000000000000000000000000B7
:1069E00000000000000000000000000000000000A7
:1069F0000000000000000000000000000000000097
:106A00000000000000000000000000000000000086
:106A10000000000000000000000000000000000076
:106A20000000000000000000000000000000000066
:106A30000000000000000000000000000000000056
:106A40000000000000000000000000000000000046
:106A50000000000000000000000000000000000036
:106A60000000000000000000000000000000000026
:106A70000000000000000000000000000000000016
:106A80000000000000000000000000000000000006
:106A900000000000000000000000000000000000F6
:106AA00000000000000000000000000000000000E6
:106AB00000000000000000000000000000000000D6
:106AC00000000000000000000000000000000000C6
:106AD00000000000000000000000000000000000B6
:106AE00000000000000000000000000000000000A6
:106AF0000000000000000000000000000000000096
:106B00000000000000000000000000000000000085
:106B10000000000000000000000000000000000075
:106B20000000000000000000000000000000000065
:106B30000000000000000000000000000000000055
:106B40000000000000000000000000000000000045
:106B50000000000000000000000000000000000035
:106B60000000000000000000000000000000000025
:106B70000000000000000000000000000000000015
:106B80000000000000000000000000000000000005
:106B900000000000000000000000000000000000F5
:106BA00000000000000000000000000000000000E5
:106BB00000000000000000000000000000000000D5
:106BC00000000000000000000000000000000000C5
:106BD00000000000000000000000000000000000B5
:106BE00000000000000000000000000000000000A5
:106BF0000000000000000000000000000000000095
:106C00000000000000000000000000000000000084
:106C10000000000000000000000000000000000074
:106C20000000000000000000000000000000000064
:106C30000000000000000000000000000000000054
:106C40000000000000000000000000000000000044
:106C50000000000000000000000000000000000034
:106C60000000000000000000000000000000000024
:106C70000000000000000000000000000000000014
:106C80000000000000000000000000000000000004
:106C900000000000000000000000000000000000F4
:106CA00000000000000000000000000000000000E4
:106CB00000000000000000000000000000000000D4
:106CC00000000000000000000000000000000000C4
:106CD00000000000000000000000000000000000B4
:106CE00000000000000000000000000000000000A4
:106CF0000000000000000000000000000000000094
:106D00000000000000000000000000000000000083
:106D10000000000000000000000000000000000073
:106D20000000000000000000000000000000000063
:106D30000000000000000000000000000000000053
:106D40000000000000000000000000000000000043
:106D50000000000000000000000000000000000033
:106D60000000000000000000000000000000000023
:106D70000000000000000000000000000000000013
:106D80000000000000000000000000000000000003
:106D900000000000000000000000000000000000F3
:106DA00000000000000000000000000000000000E3
:106DB00000000000000000000000000000000000D3
:106DC00000000000000000000000000000000000C3
:106DD00000000000000000000000000000000000B3
:106DE00000000000000000000000000000000000A3
:106DF0000000000000000000000000000000000093
:106E00000000000000000000000000000000000082
:106E10000000000000000000000000000000000072
:106E20000000000000000000000000000000000062
:106E30000000000000000000000000000000000052
:106E40000000000000000000000000000000000042
:106E50000000000000000000000000000000000032
:106E60000000000000000000000000000000000022
:106E70000000000000000000000000000000000012
:106E80000000000000000000000000000000000002
:106E900000000000000000000000000000000000F2
:106EA00000000000000000000000000000000000E2
:106EB00000000000000000000000000000000000D2
:106EC00000000000000000000000000000000000C2
:106ED00000000000000000000000000000000000B2
:106EE00000000000000000000000000000000000A2
:106EF0000000000000000000000000000000000092
:106F00000000000000000000000000000000000081
:106F10000000000000000000000000000000000071
:106F20000000000000000000000000000000000061
:106F30000000000000000000000000000000000051
:106F40000000000000000000000000000000000041
:106F50000000000000000000000000000000000031
:106F60000000000000000000000000000000000021
:106F70000000000000000000000000000000000011
:106F80000000000000000000000000000000000001
:106F900000000000000000000000000000000000F1
:106FA00000000000000000000000000000000000E1
:106FB00000000000000000000000000000000000D1
:106FC00000000000000000000000000000000000C1
:106FD00000000000000000000000000000000000B1
:106FE00000000000000000000000000000000000A1
:106FF0000000000000000000000000000000000091
:107000000000000000000000000000000000000080
:107010000000000000000000000000000000000070
:107020000000000000000000000000000000000060
:107030000000000000000000000000000000000050
:107040000000000000000000000000000000000040
:107050000000000000000000000000000000000030
:107060000000000000000000000000000000000020
:107070000000000000000000000000000000000010
:107080000000000000000000000000000000000000
:1070900000000000000000000000000000000000F0
:1070A00000000000000000000000000000000000E0
:1070B00000000000000000000000000000000000D0
:1070C00000000000000000000000000000000000C0
:1070D00000000000000000000000000000000000B0
:1070E00000000000000000000000000000000000A0
:1070F0000000000000000000000000000000000090
:10710000000000000000000000000000000000007F
:10711000000000000000000000000000000000006F
:10712000000000000000000000000000000000005F
:10713000000000000000000000000000000000004F
:10714000000000000000000000000000000000003F
:10715000000000000000000000000000000000002F
:10716000000000000000000000000000000000001F
:10717000000000000000000000000000000000000F
:1071800000000000000000000000000000000000FF
:1071900000000000000000000000000000000000EF
:1071A00000000000000000000000000000000000DF
:1071B00000000000000000000000000000000000CF
:1071C00000000000000000000000000000000000BF
:1071D00000000000000000000000000000000000AF
:1071E000000000000000000000000000000000009F
:1071F000000000000000000000000000000000008F
:10720000000000000000000000000000000000007E
:10721000000000000000000000000000000000006E
:10722000000000000000000000000000000000005E
:10723000000000000000000000000000000000004E
:10724000000000000000000000000000000000003E
:10725000000000000000000000000000000000002E
:10726000000000000000000000000000000000001E
:10727000000000000000000000000000000000000E
:1072800000000000000000000000000000000000FE
:1072900000000000000000000000000000000000EE
:1072A00000000000000000000000000000000000DE
:1072B00000000000000000000000000000000000CE
:1072C00000000000000000000000000000000000BE
:1072D00000000000000000000000000000000000AE
:1072E000000000000000000000000000000000009E
:1072F000000000000000000000000000000000008E
:10730000000000000000000000000000000000007D
:10731000000000000000000000000000000000006D
:10732000000000000000000000000000000000005D
:10733000000000000000000000000000000000004D
:10734000000000000000000000000000000000003D
:10735000000000000000000000000000000000002D
:10736000000000000000000000000000000000001D
:10737000000000000000000000000000000000000D
:1073800000000000000000000000000000000000FD
:1073900000000000000000000000000000000000ED
:1073A00000000000000000000000000000000000DD
:1073B00000000000000000000000000000000000CD
:1073C00000000000000000000000000000000000BD
:1073D00000000000000000000000000000000000AD
:1073E000000000000000000000000000000000009D
:1073F000000000000000000000000000000000008D
:10740000000000000000000000000000000000007C
:10741000000000000000000000000000000000006C
:10742000000000000000000000000000000000005C
:10743000000000000000000000000000000000004C
:10744000000000000000000000000000000000003C
:10745000000000000000000000000000000000002C
:10746000000000000000000000000000000000001C
:10747000000000000000000000000000000000000C
:1074800000000000000000000000000000000000FC
:1074900000000000000000000000000000000000EC
:1074A00000000000000000000000000000000000DC
:1074B00000000000000000000000000000000000CC
:1074C00000000000000000000000000000000000BC
:1074D00000000000000000000000000000000000AC
:1074E000000000000000000000000000000000009C
:1074F000000000000000000000000000000000008C
:10750000000000000000000000000000000000007B
:10751000000000000000000000000000000000006B
:10752000000000000000000000000000000000005B
:10753000000000000000000000000000000000004B
:10754000000000000000000000000000000000003B
:10755000000000000000000000000000000000002B
:10756000000000000000000000000000000000001B
:10757000000000000000000000000000000000000B
:1075800000000000000000000000000000000000FB
:1075900000000000000000000000000000000000EB
:1075A00000000000000000000000000000000000DB
:1075B00000000000000000000000000000000000CB
:1075C00000000000000000000000000000000000BB
:1075D00000000000000000000000000000000000AB
:1075E000000000000000000000000000000000009B
:1075F000000000000000000000000000000000008B
:10760000000000000000000000000000000000007A
:10761000000000000000000000000000000000006A
:10762000000000000000000000000000000000005A
:10763000000000000000000000000000000000004A
:10764000000000000000000000000000000000003A
:10765000000000000000000000000000000000002A
:10766000000000000000000000000000000000001A
:10767000000000000000000000000000000000000A
:1076800000000000000000000000000000000000FA
:1076900000000000000000000000000000000000EA
:1076A00000000000000000000000000000000000DA
:1076B00000000000000000000000000000000000CA
:1076C00000000000000000000000000000000000BA
:1076D00000000000000000000000000000000000AA
:1076E000000000000000000000000000000000009A
:1076F000000000000000000000000000000000008A
:107700000000000000000000000000000000000079
:107710000000000000000000000000000000000069
:107720000000000000000000000000000000000059
:107730000000000000000000000000000000000049
:107740000000000000000000000000000000000039
:107750000000000000000000000000000000000029
:107760000000000000000000000000000000000019
:107770000000000000000000000000000000000009
:1077800000000000000000000000000000000000F9
:1077900000000000000000000000000000000000E9
:1077A00000000000000000000000000000000000D9
:1077B00000000000000000000000000000000000C9
:1077C00000000000000000000000000000000000B9
:1077D00000000000000000000000000000000000A9
:1077E0000000000000000000000000000000000099
:1077F0000000000000000000000000000000000089
:107800000000000000000000000000000000000078
:107810000000000000000000000000000000000068
:107820000000000000000000000000000000000058
:107830000000000000000000000000000000000048
:107840000000000000000000000000000000000038
:107850000000000000000000000000000000000028
:107860000000000000000000000000000000000018
:107870000000000000000000000000000000000008
:1078800000000000000000000000000000000000F8
:1078900000000000000000000000000000000000E8
:1078A00000000000000000000000000000000000D8
:1078B00000000000000000000000000000000000C8
:1078C00000000000000000000000000000000000B8
:1078D00000000000000000000000000000000000A8
:1078E0000000000000000000000000000000000098
:1078F0000000000000000000000000000000000088
:107900000000000000000000000000000000000077
:107910000000000000000000000000000000000067
:107920000000000000000000000000000000000057
:107930000000000000000000000000000000000047
:107940000000000000000000000000000000000037
:107950000000000000000000000000000000000027
:107960000000000000000000000000000000000017
:107970000000000000000000000000000000000007
:1079800000000000000000000000000000000000F7
:1079900000000000000000000000000000000000E7
:1079A00000000000000000000000000000000000D7
:1079B00000000000000000000000000000000000C7
:1079C00000000000000000000000000000000000B7
:1079D00000000000000000000000000000000000A7
:1079E0000000000000000000000000000000000097
:1079F0000000000000000000000000000000000087
:107A00000000000000000000000000000000000076
:107A10000000000000000000000000000000000066
:107A20000000000000000000000000000000000056
:107A30000000000000000000000000000000000046
:107A40000000000000000000000000000000000036
:107A50000000000000000000000000000000000026
:107A60000000000000000000000000000000000016
:107A70000000000000000000000000000000000006
:107A800000000000000000000000000000000000F6
:107A900000000000000000000000000000000000E6
:107AA00000000000000000000000000000000000D6
:107AB00000000000000000000000000000000000C6
:107AC00000000000000000000000000000000000B6
:107AD00000000000000000000000000000000000A6
:107AE0000000000000000000000000000000000096
:107AF0000000000000000000000000000000000086
:107B00000000000000000000000000000000000075
:107B10000000000000000000000000000000000065
:107B20000000000000000000000000000000000055
:107B30000000000000000000000000000000000045
:107B40000000000000000000000000000000000035
:107B50000000000000000000000000000000000025
:107B60000000000000000000000000000000000015
:107B70000000000000000000000000000000000005
:107B800000000000000000000000000000000000F5
:107B900000000000000000000000000000000000E5
:107BA00000000000000000000000000000000000D5
:107BB00000000000000000000000000000000000C5
:107BC00000000000000000000000000000000000B5
:107BD00000000000000000000000000000000000A5
:107BE0000000000000000000000000000000000095
:107BF0000000000000000000000000000000000085
:107C00000000000000000000000000000000000074
:107C10000000000000000000000000000000000064
:107C20000000000000000000000000000000000054
:107C30000000000000000000000000000000000044
:107C40000000000000000000000000000000000034
:107C50000000000000000000000000000000000024
:107C60000000000000000000000000000000000014
:107C70000000000000000000000000000000000004
:107C800000000000000000000000000000000000F4
:107C900000000000000000000000000000000000E4
:107CA00000000000000000000000000000000000D4
:107CB00000000000000000000000000000000000C4
:107CC00000000000000000000000000000000000B4
:107CD00000000000000000000000000000000000A4
:107CE0000000000000000000000000000000000094
:107CF0000000000000000000000000000000000084
:107D00000000000000000000000000000000000073
:107D10000000000000000000000000000000000063
:107D20000000000000000000000000000000000053
:107D30000000000000000000000000000000000043
:107D40000000000000000000000000000000000033
:107D50000000000000000000000000000000000023
:107D60000000000000000000000000000000000013
:107D70000000000000000000000000000000000003
:107D800000000000000000000000000000000000F3
:107D900000000000000000000000000000000000E3
:107DA00000000000000000000000000000000000D3
:107DB00000000000000000000000000000000000C3
:107DC00000000000000000000000000000000000B3
:107DD00000000000000000000000000000000000A3
:107DE0000000000000000000000000000000000093
:107DF0000000000000000000000000000000000083
:107E00000000000000000000000000000000000072
:107E10000000000000000000000000000000000062
:107E20000000000000000000000000000000000052
:107E30000000000000000000000000000000000042
:107E40000000000000000000000000000000000032
:107E50000000000000000000000000000000000022
:107E60000000000000000000000000000000000012
:107E70000000000000000000000000000000000002
:107E800000000000000000000000000000000000F2
:107E900000000000000000000000000000000000E2
:107EA00000000000000000000000000000000000D2
:107EB00000000000000000000000000000000000C2
:107EC00000000000000000000000000000000000B2
:107ED00000000000000000000000000000000000A2
:107EE0000000000000000000000000000000000092
:107EF0000000000000000000000000000000000082
:107F00000000000000000000000000000000000071
:107F10000000000000000000000000000000000061
:107F20000000000000000000000000000000000051
:107F30000000000000000000000000000000000041
:107F40000000000000000000000000000000000031
:107F50000000000000000000000000000000000021
:107F60000000000000000000000000000000000011
:107F70000000000000000000000000000000000001
:107F800000000000000000000000000000000000F1
:107F900000000000000000000000000000000000E1
:107FA00000000000000000000000000000000000D1
:107FB00000000000000000000000000000000000C1
:107FC00000000000000000000000000000000000B1
:107FD00000000000000000000000000000000000A1
:107FE0000000000000000000000000000000000091
:107FF0000000000000000000000000000000000081
:108000000000000000000000000000000000000070
:108010000000000000000000000000000000000060
:108020000000000000000000000000000000000050
:108030000000000000000000000000000000000040
:108040000000000000000000000000000000000030
:108050000000000000000000000000000000000020
:108060000000000000000000000000000000000010
:108070000000000000000000000000000000000000
:1080800000000000000000000000000000000000F0
:1080900000000000000000000000000000000000E0
:1080A00000000000000000000000000000000000D0
:1080B00000000000000000000000000000000000C0
:1080C00000000000000000000000000000000000B0
:1080D00000000000000000000000000000000000A0
:1080E0000000000000000000000000000000000090
:1080F0000000000000000000000000000000000080
:10810000000000000000000000000000000000006F
:10811000000000000000000000000000000000005F
:10812000000000000000000000000000000000004F
:10813000000000000000000000000000000000003F
:10814000000000000000000000000000000000002F
:10815000000000000000000000000000000000001F
:10816000000000000000000000000000000000000F
:1081700000000000000000000000000000000000FF
:1081800000000000000000000000000000000000EF
:1081900000000000000000000000000000000000DF
:1081A00000000000000000000000000000000000CF
:1081B00000000000000000000000000000000000BF
:1081C00000000000000000000000000000000000AF
:1081D000000000000000000000000000000000009F
:1081E000000000000000000000000000000000008F
:1081F000000000000000000000000000000000007F
:10820000000000000000000000000000000000006E
:10821000000000000000000000000000000000005E
:10822000000000000000000000000000000000004E
:10823000000000000000000000000000000000003E
:10824000000000000000000000000000000000002E
:10825000000000000000000000000000000000001E
:10826000000000000000000000000000000000000E
:1082700000000000000000000000000000000000FE
:1082800000000000000000000000000000000000EE
:1082900000000000000000000000000000000000DE
:1082A00000000000000000000000000000000000CE
:1082B00000000000000000000000000000000000BE
:1082C00000000000000000000000000000000000AE
:1082D000000000000000000000000000000000009E
:1082E000000000000000000000000000000000008E
:1082F000000000000000000000000000000000007E
:10830000000000000000000000000000000000006D
:10831000000000000000000000000000000000005D
:10832000000000000000000000000000000000004D
:10833000000000000000000000000000000000003D
:10834000000000000000000000000000000000002D
:10835000000000000000000000000000000000001D
:10836000000000000000000000000000000000000D
:1083700000000000000000000000000000000000FD
:1083800000000000000000000000000000000000ED
:1083900000000000000000000000000000000000DD
:1083A00000000000000000000000000000000000CD
:1083B00000000000000000000000000000000000BD
:1083C00000000000000000000000000000000000AD
:1083D000000000000000000000000000000000009D
:1083E000000000000000000000000000000000008D
:1083F000000000000000000000000000000000007D
:10840000000000000000000000000000000000006C
:10841000000000000000000000000000000000005C
:10842000000000000000000000000000000000004C
:10843000000000000000000000000000000000003C
:10844000000000000000000000000000000000002C
:10845000000000000000000000000000000000001C
:10846000000000000000000000000000000000000C
:1084700000000000000000000000000000000000FC
:1084800000000000000000000000000000000000EC
:1084900000000000000000000000000000000000DC
:1084A00000000000000000000000000000000000CC
:1084B00000000000000000000000000000000000BC
:1084C00000000000000000000000000000000000AC
:1084D000000000000000000000000000000000009C
:1084E000000000000000000000000000000000008C
:1084F000000000000000000000000000000000007C
:10850000000000000000000000000000000000006B
:10851000000000000000000000000000000000005B
:10852000000000000000000000000000000000004B
:10853000000000000000000000000000000000003B
:10854000000000000000000000000000000000002B
:10855000000000000000000000000000000000001B
:10856000000000000000000000000000000000000B
:1085700000000000000000000000000000000000FB
:1085800000000000000000000000000000000000EB
:1085900000000000000000000000000000000000DB
:1085A00000000000000000000000000000000000CB
:1085B00000000000000000000000000000000000BB
:1085C00000000000000000000000000000000000AB
:1085D000000000000000000000000000000000009B
:1085E000000000000000000000000000000000008B
:1085F000000000000000000000000000000000007B
:10860000000000000000000000000000000000006A
:10861000000000000000000000000000000000005A
:10862000000000000000000000000000000000004A
:10863000000000000000000000000000000000003A
:10864000000000000000000000000000000000002A
:10865000000000000000000000000000000000001A
:10866000000000000000000000000000000000000A
:1086700000000000000000000000000000000000FA
:1086800000000000000000000000000000000000EA
:1086900000000000000000000000000000000000DA
:1086A00000000000000000000000000000000000CA
:1086B00000000000000000000000000000000000BA
:1086C00000000000000000000000000000000000AA
:1086D000000000000000000000000000000000009A
:1086E000000000000000000000000000000000008A
:1086F000000000000000000000000000000000007A
:108700000000000000000000000000000000000069
:108710000000000000000000000000000000000059
:108720000000000000000000000000000000000049
:108730000000000000000000000000000000000039
:108740000000000000000000000000000000000029
:108750000000000000000000000000000000000019
:108760000000000000000000000000000000000009
:1087700000000000000000000000000000000000F9
:1087800000000000000000000000000000000000E9
:1087900000000000000000000000000000000000D9
:1087A00000000000000000000000000000000000C9
:1087B00000000000000000000000000000000000B9
:1087C00000000000000000000000000000000000A9
:1087D0000000000000000000000000000000000099
:1087E0000000000000000000000000000000000089
:1087F0000000000000000000000000000000000079
:108800000000000000000000000000000000000068
:108810000000000000000000000000000000000058
:108820000000000000000000000000000000000048
:108830000000000000000000000000000000000038
:108840000000000000000000000000000000000028
:108850000000000000000000000000000000000018
:108860000000000000000000000000000000000008
:1088700000000000000000000000000000000000F8
:1088800000000000000000000000000000000000E8
:1088900000000000000000000000000000000000D8
:1088A00000000000000000000000000000000000C8
:1088B00000000000000000000000000000000000B8
:1088C00000000000000000000000000000000000A8
:1088D0000000000000000000000000000000000098
:1088E0000000000000000000000000000000000088
:1088F0000000000000000000000000000000000078
:108900000000000000000000000000000000000067
:108910000000000000000000000000000000000057
:108920000000000000000000000000000000000047
:108930000000000000000000000000000000000037
:108940000000000000000000000000000000000027
:108950000000000000000000000000000000000017
:108960000000000000000000000000000000000007
:1089700000000000000000000000000000000000F7
:1089800000000000000000000000000000000000E7
:1089900000000000000000000000000000000000D7
:1089A00000000000000000000000000000000000C7
:1089B00000000000000000000000000000000000B7
:1089C00000000000000000000000000000000000A7
:1089D0000000000000000000000000000000000097
:1089E0000000000000000000000000000000000087
:1089F0000000000000000000000000000000000077
:108A00000000000000000000000000000000000066
:108A10000000000000000000000000000000000056
:108A20000000000000000000000000000000000046
:108A30000000000000000000000000000000000036
:108A40000000000000000000000000000000000026
:108A50000000000000000000000000000000000016
:108A60000000000000000000000000000000000006
:108A700000000000000000000000000000000000F6
:108A800000000000000000000000000000000000E6
:108A900000000000000000000000000000000000D6
:108AA00000000000000000000000000000000000C6
:108AB00000000000000000000000000000000000B6
:108AC00000000000000000000000000000000000A6
:108AD0000000000000000000000000000000000096
:108AE0000000000000000000000000000000000086
:108AF0000000000000000000000000000000000076
:108B00000000000000000000000000000000000065
:108B10000000000000000000000000000000000055
:108B20000000000000000000000000000000000045
:108B30000000000000000000000000000000000035
:108B40000000000000000000000000000000000025
:108B50000000000000000000000000000000000015
:108B60000000000000000000000000000000000005
:108B700000000000000000000000000000000000F5
:108B800000000000000000000000000000000000E5
:108B900000000000000000000000000000000000D5
:108BA00000000000000000000000000000000000C5
:108BB00000000000000000000000000000000000B5
:108BC00000000000000000000000000000000000A5
:108BD0000000000000000000000000000000000095
:108BE0000000000000000000000000000000000085
:108BF0000000000000000000000000000000000075
:108C00000000000000000000000000000000000064
:108C10000000000000000000000000000000000054
:108C20000000000000000000000000000000000044
:108C30000000000000000000000000000000000034
:108C40000000000000000000000000000000000024
:108C50000000000000000000000000000000000014
:108C60000000000000000000000000000000000004
:108C700000000000000000000000000000000000F4
:108C800000000000000000000000000000000000E4
:108C900000000000000000000000000000000000D4
:108CA00000000000000000000000000000000000C4
:108CB00000000000000000000000000000000000B4
:108CC00000000000000000000000000000000000A4
:108CD0000000000000000000000000000000000094
:108CE0000000000000000000000000000000000084
:108CF0000000000000000000000000000000000074
:108D00000000000000000000000000000000000063
:108D10000000000000000000000000000000000053
:108D20000000000000000000000000000000000043
:108D30000000000000000000000000000000000033
:108D40000000000000000000000000000000000023
:108D50000000000000000000000000000000000013
:108D60000000000000000000000000000000000003
:108D700000000000000000000000000000000000F3
:108D800000000000000000000000000000000000E3
:108D900000000000000000000000000000000000D3
:108DA00000000000000000000000000000000000C3
:108DB00000000000000000000000000000000000B3
:108DC00000000000000000000000000000000000A3
:108DD0000000000000000000000000000000000093
:108DE0000000000000000000000000000000000083
:108DF0000000000000000000000000000000000073
:108E00000000000000000000000000000000000062
:108E10000000000000000000000000000000000052
:108E20000000000000000000000000000000000042
:108E30000000000000000000000000000000000032
:108E40000000000000000000000000000000000022
:108E50000000000000000000000000000000000012
:108E60000000000000000000000000000000000002
:108E700000000000000000000000000000000000F2
:108E800000000000000000000000000000000000E2
:108E900000000000000000000000000000000000D2
:108EA00000000000000000000000000000000000C2
:108EB00000000000000000000000000000000000B2
:108EC00000000000000000000000000000000000A2
:108ED0000000000000000000000000000000000092
:108EE0000000000000000000000000000000000082
:108EF0000000000000000000000000000000000072
:108F00000000000000000000000000000000000061
:108F10000000000000000000000000000000000051
:108F20000000000000000000000000000000000041
:108F30000000000000000000000000000000000031
:108F40000000000000000000000000000000000021
:108F50000000000000000000000000000000000011
:108F60000000000000000000000000000000000001
:108F700000000000000000000000000000000000F1
:108F800000000000000000000000000000000000E1
:108F900000000000000000000000000000000000D1
:108FA00000000000000000000000000000000000C1
:108FB00000000000000000000000000000000000B1
:108FC00000000000000000000000000000000000A1
:108FD0000000000000000000000000000000000091
:108FE0000000000000000000000000000000000081
:108FF0000000000000000000000000000000000071
:109000000000000000000000000000000000000060
:109010000000000000000000000000000000000050
:109020000000000000000000000000000000000040
:109030000000000000000000000000000000000030
:109040000000000000000000000000000000000020
:109050000000000000000000000000000000000010
:109060000000000000000000000000000000000000
:1090700000000000000000000000000000000000F0
:1090800000000000000000000000000000000000E0
:1090900000000000000000000000000000000000D0
:1090A00000000000000000000000000000000000C0
:1090B00000000000000000000000000000000000B0
:1090C00000000000000000000000000000000000A0
:1090D0000000000000000000000000000000000090
:1090E0000000000000000000000000000000000080
:1090F0000000000000000000000000000000000070
:10910000000000000000000000000000000000005F
:10911000000000000000000000000000000000004F
:10912000000000000000000000000000000000003F
:10913000000000000000000000000000000000002F
:10914000000000000000000000000000000000001F
:10915000000000000000000000000000000000000F
:1091600000000000000000000000000000000000FF
:1091700000000000000000000000000000000000EF
:1091800000000000000000000000000000000000DF
:1091900000000000000000000000000000000000CF
:1091A00000000000000000000000000000000000BF
:1091B00000000000000000000000000000000000AF
:1091C000000000000000000000000000000000009F
:1091D000000000000000000000000000000000008F
:1091E000000000000000000000000000000000007F
:1091F000000000000000000000000000000000006F
:10920000000000000000000000000000000000005E
:10921000000000000000000000000000000000004E
:10922000000000000000000000000000000000003E
:10923000000000000000000000000000000000002E
:10924000000000000000000000000000000000001E
:10925000000000000000000000000000000000000E
:1092600000000000000000000000000000000000FE
:1092700000000000000000000000000000000000EE
:1092800000000000000000000000000000000000DE
:1092900000000000000000000000000000000000CE
:1092A00000000000000000000000000000000000BE
:1092B00000000000000000000000000000000000AE
:1092C000000000000000000000000000000000009E
:1092D000000000000000000000000000000000008E
:1092E000000000000000000000000000000000007E
:1092F000000000000000000000000000000000006E
:10930000000000000000000000000000000000005D
:10931000000000000000000000000000000000004D
:10932000000000000000000000000000000000003D
:10933000000000000000000000000000000000002D
:10934000000000000000000000000000000000001D
:10935000000000000000000000000000000000000D
:1093600000000000000000000000000000000000FD
:1093700000000000000000000000000000000000ED
:1093800000000000000000000000000000000000DD
:1093900000000000000000000000000000000000CD
:1093A00000000000000000000000000000000000BD
:1093B00000000000000000000000000000000000AD
:1093C000000000000000000000000000000000009D
:1093D000000000000000000000000000000000008D
:1093E000000000000000000000000000000000007D
:1093F000000000000000000000000000000000006D
:10940000000000000000000000000000000000005C
:10941000000000000000000000000000000000004C
:10942000000000000000000000000000000000003C
:10943000000000000000000000000000000000002C
:10944000000000000000000000000000000000001C
:10945000000000000000000000000000000000000C
:1094600000000000000000000000000000000000FC
:1094700000000000000000000000000000000000EC
:1094800000000000000000000000000000000000DC
:1094900000000000000000000000000000000000CC
:1094A00000000000000000000000000000000000BC
:1094B00000000000000000000000000000000000AC
:1094C000000000000000000000000000000000009C
:1094D000000000000000000000000000000000008C
:1094E000000000000000000000000000000000007C
:1094F000000000000000000000000000000000006C
:10950000000000000000000000000000000000005B
:10951000000000000000000000000000000000004B
:10952000000000000000000000000000000000003B
:10953000000000000000000000000000000000002B
:10954000000000000000000000000000000000001B
:10955000000000000000000000000000000000000B
:1095600000000000000000000000000000000000FB
:1095700000000000000000000000000000000000EB
:1095800000000000000000000000000000000000DB
:1095900000000000000000000000000000000000CB
:1095A00000000000000000000000000000000000BB
:1095B00000000000000000000000000000000000AB
:1095C000000000000000000000000000000000009B
:1095D000000000000000000000000000000000008B
:1095E000000000000000000000000000000000007B
:1095F000000000000000000000000000000000006B
:10960000000000000000000000000000000000005A
:10961000000000000000000000000000000000004A
:10962000000000000000000000000000000000003A
:10963000000000000000000000000000000000002A
:10964000000000000000000000000000000000001A
:10965000000000000000000000000000000000000A
:1096600000000000000000000000000000000000FA
:1096700000000000000000000000000000000000EA
:1096800000000000000000000000000000000000DA
:1096900000000000000000000000000000000000CA
:1096A00000000000000000000000000000000000BA
:1096B00000000000000000000000000000000000AA
:1096C000000000000000000000000000000000009A
:1096D000000000000000000000000000000000008A
:1096E000000000000000000000000000000000007A
:1096F000000000000000000000000000000000006A
:109700000000000000000000000000000000000059
:109710000000000000000000000000000000000049
:109720000000000000000000000000000000000039
:109730000000000000000000000000000000000029
:109740000000000000000000000000000000000019
:109750000000000000000000000000000000000009
:1097600000000000000000000000000000000000F9
:1097700000000000000000000000000000000000E9
:1097800000000000000000000000000000000000D9
:1097900000000000000000000000000000000000C9
:1097A00000000000000000000000000000000000B9
:1097B00000000000000000000000000000000000A9
:1097C0000000000000000000000000000000000099
:1097D0000000000000000000000000000000000089
:1097E0000000000000000000000000000000000079
:1097F0000000000000000000000000000000000069
:109800000000000000000000000000000000000058
:109810000000000000000000000000000000000048
:109820000000000000000000000000000000000038
:109830000000000000000000000000000000000028
:109840000000000000000000000000000000000018
:109850000000000000000000000000000000000008
:1098600000000000000000000000000000000000F8
:1098700000000000000000000000000000000000E8
:1098800000000000000000000000000000000000D8
:1098900000000000000000000000000000000000C8
:1098A00000000000000000000000000000000000B8
:1098B00000000000000000000000000000000000A8
:1098C0000000000000000000000000000000000098
:1098D0000000000000000000000000000000000088
:1098E0000000000000000000000000000000000078
:1098F0000000000000000000000000000000000068
:109900000000000000000000000000000000000057
:109910000000000000000000000000000000000047
:109920000000000000000000000000000000000037
:109930000000000000000000000000000000000027
:109940000000000000000000000000000000000017
:109950000000000000000000000000000000000007
:1099600000000000000000000000000000000000F7
:1099700000000000000000000000000000000000E7
:1099800000000000000000000000000000000000D7
:1099900000000000000000000000000000000000C7
:1099A00000000000000000000000000000000000B7
:1099B00000000000000000000000000000000000A7
:1099C0000000000000000000000000000000000097
:1099D0000000000000000000000000000000000087
:1099E0000000000000000000000000000000000077
:1099F0000000000000000000000000000000000067
:109A00000000000000000000000000000000000056
:109A10000000000000000000000000000000000046
:109A20000000000000000000000000000000000036
:109A30000000000000000000000000000000000026
:109A40000000000000000000000000000000000016
:109A50000000000000000000000000000000000006
:109A600000000000000000000000000000000000F6
:109A700000000000000000000000000000000000E6
:109A800000000000000000000000000000000000D6
:109A900000000000000000000000000000000000C6
:109AA00000000000000000000000000000000000B6
:109AB00000000000000000000000000000000000A6
:109AC0000000000000000000000000000000000096
:109AD0000000000000000000000000000000000086
:109AE0000000000000000000000000000000000076
:109AF0000000000000000000000000000000000066
:109B00000000000000000000000000000000000055
:109B10000000000000000000000000000000000045
:109B20000000000000000000000000000000000035
:109B30000000000000000000000000000000000025
:109B40000000000000000000000000000000000015
:109B50000000000000000000000000000000000005
:109B600000000000000000000000000000000000F5
:109B700000000000000000000000000000000000E5
:109B800000000000000000000000000000000000D5
:109B900000000000000000000000000000000000C5
:109BA00000000000000000000000000000000000B5
:109BB00000000000000000000000000000000000A5
:109BC0000000000000000000000000000000000095
:109BD0000000000000000000000000000000000085
:109BE0000000000000000000000000000000000075
:109BF0000000000000000000000000000000000065
:109C00000000000000000000000000000000000054
:109C10000000000000000000000000000000000044
:109C20000000000000000000000000000000000034
:109C30000000000000000000000000000000000024
:109C40000000000000000000000000000000000014
:109C50000000000000000000000000000000000004
:109C600000000000000000000000000000000000F4
:109C700000000000000000000000000000000000E4
:109C800000000000000000000000000000000000D4
:109C900000000000000000000000000000000000C4
:109CA00000000000000000000000000000000000B4
:109CB00000000000000000000000000000000000A4
:109CC0000000000000000000000000000000000094
:109CD0000000000000000000000000000000000084
:109CE0000000000000000000000000000000000074
:109CF0000000000000000000000000000000000064
:109D00000000000000000000000000000000000053
:109D10000000000000000000000000000000000043
:109D20000000000000000000000000000000000033
:109D30000000000000000000000000000000000023
:109D40000000000000000000000000000000000013
:109D50000000000000000000000000000000000003
:109D600000000000000000000000000000000000F3
:109D700000000000000000000000000000000000E3
:109D800000000000000000000000000000000000D3
:109D900000000000000000000000000000000000C3
:109DA00000000000000000000000000000000000B3
:109DB00000000000000000000000000000000000A3
:109DC0000000000000000000000000000000000093
:109DD0000000000000000000000000000000000083
:109DE0000000000000000000000000000000000073
:109DF0000000000000000000000000000000000063
:109E00000000000000000000000000000000000052
:109E10000000000000000000000000000000000042
:109E20000000000000000000000000000000000032
:109E30000000000000000000000000000000000022
:109E40000000000000000000000000000000000012
:109E50000000000000000000000000000000000002
:109E600000000000000000000000000000000000F2
:109E700000000000000000000000000000000000E2
:109E800000000000000000000000000000000000D2
:109E900000000000000000000000000000000000C2
:109EA00000000000000000000000000000000000B2
:109EB00000000000000000000000000000000000A2
:109EC0000000000000000000000000000000000092
:109ED0000000000000000000000000000000000082
:109EE0000000000000000000000000000000000072
:109EF0000000000000000000000000000000000062
:109F00000000000000000000000000000000000051
:109F10000000000000000000000000000000000041
:109F20000000000000000000000000000000000031
:109F30000000000000000000000000000000000021
:109F40000000000000000000000000000000000011
:109F50000000000000000000000000000000000001
:109F600000000000000000000000000000000000F1
:109F700000000000000000000000000000000000E1
:109F800000000000000000000000000000000000D1
:109F900000000000000000000000000000000000C1
:109FA00000000000000000000000000000000000B1
:109FB00000000000000000000000000000000000A1
:109FC0000000000000000000000000000000000091
:109FD0000000000000000000000000000000000081
:109FE0000000000000000000000000000000000071
:109FF0000000000000000000000000000000000061
:10A000000000000000000000000000000000000050
:10A010000000000000000000000000000000000040
:10A020000000000000000000000000000000000030
:10A030000000000000000000000000000000000020
:10A040000000000000000000000000000000000010
:10A050000000000000000000000000000000000000
:10A0600000000000000000000000000000000000F0
:10A0700000000000000000000000000000000000E0
:10A0800000000000000000000000000000000000D0
:10A0900000000000000000000000000000000000C0
:10A0A00000000000000000000000000000000000B0
:10A0B00000000000000000000000000000000000A0
:10A0C0000000000000000000000000000000000090
:10A0D0000000000000000000000000000000000080
:10A0E0000000000000000000000000000000000070
:10A0F0000000000000000000000000000000000060
:10A10000000000000000000000000000000000004F
:10A11000000000000000000000000000000000003F
:10A12000000000000000000000000000000000002F
:10A13000000000000000000000000000000000001F
:10A14000000000000000000000000000000000000F
:10A1500000000000000000000000000000000000FF
:10A1600000000000000000000000000000000000EF
:10A1700000000000000000000000000000000000DF
:10A1800000000000000000000000000000000000CF
:10A1900000000000000000000000000000000000BF
:10A1A00000000000000000000000000000000000AF
:10A1B000000000000000000000000000000000009F
:10A1C000000000000000000000000000000000008F
:10A1D000000000000000000000000000000000007F
:10A1E000000000000000000000000000000000006F
:10A1F000000000000000000000000000000000005F
:10A20000000000000000000000000000000000004E
:10A21000000000000000000000000000000000003E
:10A22000000000000000000000000000000000002E
:10A23000000000000000000000000000000000001E
:10A24000000000000000000000000000000000000E
:10A2500000000000000000000000000000000000FE
:10A2600000000000000000000000000000000000EE
:10A2700000000000000000000000000000000000DE
:10A2800000000000000000000000000000000000CE
:10A2900000000000000000000000000000000000BE
:10A2A00000000000000000000000000000000000AE
:10A2B000000000000000000000000000000000009E
:10A2C000000000000000000000000000000000008E
:10A2D000000000000000000000000000000000007E
:10A2E000000000000000000000000000000000006E
:10A2F000000000000000000000000000000000005E
:10A30000000000000000000000000000000000004D
:10A31000000000000000000000000000000000003D
:10A32000000000000000000000000000000000002D
:10A33000000000000000000000000000000000001D
:10A34000000000000000000000000000000000000D
:10A3500000000000000000000000000000000000FD
:10A3600000000000000000000000000000000000ED
:10A3700000000000000000000000000000000000DD
:10A3800000000000000000000000000000000000CD
:10A3900000000000000000000000000000000000BD
:10A3A00000000000000000000000000000000000AD
:10A3B000000000000000000000000000000000009D
:10A3C000000000000000000000000000000000008D
:10A3D000000000000000000000000000000000007D
:10A3E000000000000000000000000000000000006D
:10A3F000000000000000000000000000000000005D
:10A40000000000000000000000000000000000004C
:10A41000000000000000000000000000000000003C
:10A42000000000000000000000000000000000002C
:10A43000000000000000000000000000000000001C
:10A44000000000000000000000000000000000000C
:10A4500000000000000000000000000000000000FC
:10A4600000000000000000000000000000000000EC
:10A4700000000000000000000000000000000000DC
:10A4800000000000000000000000000000000000CC
:10A4900000000000000000000000000000000000BC
:10A4A00000000000000000000000000000000000AC
:10A4B000000000000000000000000000000000009C
:10A4C000000000000000000000000000000000008C
:10A4D000000000000000000000000000000000007C
:10A4E000000000000000000000000000000000006C
:10A4F000000000000000000000000000000000005C
:10A50000000000000000000000000000000000004B
:10A51000000000000000000000000000000000003B
:10A52000000000000000000000000000000000002B
:10A53000000000000000000000000000000000001B
:10A54000000000000000000000000000000000000B
:10A5500000000000000000000000000000000000FB
:10A5600000000000000000000000000000000000EB
:10A5700000000000000000000000000000000000DB
:10A5800000000000000000000000000000000000CB
:10A5900000000000000000000000000000000000BB
:10A5A00000000000000000000000000000000000AB
:10A5B000000000000000000000000000000000009B
:10A5C000000000000000000000000000000000008B
:10A5D000000000000000000000000000000000007B
:10A5E000000000000000000000000000000000006B
:10A5F000000000000000000000000000000000005B
:10A60000000000000000000000000000000000004A
:10A61000000000000000000000000000000000003A
:10A62000000000000000000000000000000000002A
:10A63000000000000000000000000000000000001A
:10A64000000000000000000000000000000000000A
:10A6500000000000000000000000000000000000FA
:10A6600000000000000000000000000000000000EA
:10A6700000000000000000000000000000000000DA
:10A6800000000000000000000000000000000000CA
:10A6900000000000000000000000000000000000BA
:10A6A00000000000000000000000000000000000AA
:10A6B000000000000000000000000000000000009A
:10A6C000000000000000000000000000000000008A
:10A6D000000000000000000000000000000000007A
:10A6E000000000000000000000000000000000006A
:10A6F000000000000000000000000000000000005A
:10A700000000000000000000000000000000000049
:10A710000000000000000000000000000000000039
:10A720000000000000000000000000000000000029
:10A730000000000000000000000000000000000019
:10A740000000000000000000000000000000000009
:10A7500000000000000000000000000000000000F9
:10A7600000000000000000000000000000000000E9
:10A7700000000000000000000000000000000000D9
:10A7800000000000000000000000000000000000C9
:10A7900000000000000000000000000000000000B9
:10A7A00000000000000000000000000000000000A9
:10A7B0000000000000000000000000000000000099
:10A7C0000000000000000000000000000000000089
:10A7D0000000000000000000000000000000000079
:10A7E0000000000000000000000000000000000069
:10A7F0000000000000000000000000000000000059
:10A800000000000000000000000000000000000048
:10A810000000000000000000000000000000000038
:10A820000000000000000000000000000000000028
:10A830000000000000000000000000000000000018
:10A840000000000000000000000000000000000008
:10A8500000000000000000000000000000000000F8
:10A8600000000000000000000000000000000000E8
:10A8700000000000000000000000000000000000D8
:10A8800000000000000000000000000000000000C8
:10A8900000000000000000000000000000000000B8
:10A8A00000000000000000000000000000000000A8
:10A8B0000000000000000000000000000000000098
:10A8C0000000000000000000000000000000000088
:10A8D0000000000000000000000000000000000078
:10A8E0000000000000000000000000000000000068
:10A8F0000000000000000000000000000000000058
:10A900000000000000000000000000000000000047
:10A910000000000000000000000000000000000037
:10A920000000000000000000000000000000000027
:10A930000000000000000000000000000000000017
:10A940000000000000000000000000000000000007
:10A9500000000000000000000000000000000000F7
:10A9600000000000000000000000000000000000E7
:10A9700000000000000000000000000000000000D7
:10A9800000000000000000000000000000000000C7
:10A9900000000000000000000000000000000000B7
:10A9A00000000000000000000000000000000000A7
:10A9B0000000000000000000000000000000000097
:10A9C0000000000000000000000000000000000087
:10A9D0000000000000000000000000000000000077
:10A9E0000000000000000000000000000000000067
:10A9F0000000000000000000000000000000000057
:10AA00000000000000000000000000000000000046
:10AA10000000000000000000000000000000000036
:10AA20000000000000000000000000000000000026
:10AA30000000000000000000000000000000000016
:10AA40000000000000000000000000000000000006
:10AA500000000000000000000000000000000000F6
:10AA600000000000000000000000000000000000E6
:10AA700000000000000000000000000000000000D6
:10AA800000000000000000000000000000000000C6
:10AA900000000000000000000000000000000000B6
:10AAA00000000000000000000000000000000000A6
:10AAB0000000000000000000000000000000000096
:10AAC0000000000000000000000000000000000086
:10AAD0000000000000000000000000000000000076
:10AAE0000000000000000000000000000000000066
:10AAF0000000000000000000000000000000000056
:10AB00000000000000000000000000000000000045
:10AB10000000000000000000000000000000000035
:10AB20000000000000000000000000000000000025
:10AB30000000000000000000000000000000000015
:10AB40000000000000000000000000000000000005
:10AB500000000000000000000000000000000000F5
:10AB600000000000000000000000000000000000E5
:10AB700000000000000000000000000000000000D5
:10AB800000000000000000000000000000000000C5
:10AB900000000000000000000000000000000000B5
:10ABA00000000000000000000000000000000000A5
:10ABB0000000000000000000000000000000000095
:10ABC0000000000000000000000000000000000085
:10ABD0000000000000000000000000000000000075
:10ABE0000000000000000000000000000000000065
:10ABF0000000000000000000000000000000000055
:10AC00000000000000000000000000000000000044
:10AC10000000000000000000000000000000000034
:10AC20000000000000000000000000000000000024
:10AC30000000000000000000000000000000000014
:10AC40000000000000000000000000000000000004
:10AC500000000000000000000000000000000000F4
:10AC600000000000000000000000000000000000E4
:10AC700000000000000000000000000000000000D4
:10AC800000000000000000000000000000000000C4
:10AC900000000000000000000000000000000000B4
:10ACA00000000000000000000000000000000000A4
:10ACB0000000000000000000000000000000000094
:10ACC0000000000000000000000000000000000084
:10ACD0000000000000000000000000000000000074
:10ACE0000000000000000000000000000000000064
:10ACF0000000000000000000000000000000000054
:10AD00000000000000000000000000000000000043
:10AD10000000000000000000000000000000000033
:10AD20000000000000000000000000000000000023
:10AD30000000000000000000000000000000000013
:10AD40000000000000000000000000000000000003
:10AD500000000000000000000000000000000000F3
:10AD600000000000000000000000000000000000E3
:10AD700000000000000000000000000000000000D3
:10AD800000000000000000000000000000000000C3
:10AD900000000000000000000000000000000000B3
:10ADA00000000000000000000000000000000000A3
:10ADB0000000000000000000000000000000000093
:10ADC0000000000000000000000000000000000083
:10ADD0000000000000000000000000000000000073
:10ADE0000000000000000000000000000000000063
:10ADF0000000000000000000000000000000000053
:10AE00000000000000000000000000000000000042
:10AE10000000000000000000000000000000000032
:10AE20000000000000000000000000000000000022
:10AE30000000000000000000000000000000000012
:10AE40000000000000000000000000000000000002
:10AE500000000000000000000000000000000000F2
:10AE600000000000000000000000000000000000E2
:10AE700000000000000000000000000000000000D2
:10AE800000000000000000000000000000000000C2
:10AE900000000000000000000000000000000000B2
:10AEA00000000000000000000000000000000000A2
:10AEB0000000000000000000000000000000000092
:10AEC0000000000000000000000000000000000082
:10AED0000000000000000000000000000000000072
:10AEE0000000000000000000000000000000000062
:10AEF0000000000000000000000000000000000052
:10AF00000000000000000000000000000000000041
:10AF10000000000000000000000000000000000031
:10AF20000000000000000000000000000000000021
:10AF30000000000000000000000000000000000011
:10AF40000000000000000000000000000000000001
:10AF500000000000000000000000000000000000F1
:10AF600000000000000000000000000000000000E1
:10AF700000000000000000000000000000000000D1
:10AF800000000000000000000000000000000000C1
:10AF900000000000000000000000000000000000B1
:10AFA00000000000000000000000000000000000A1
:10AFB0000000000000000000000000000000000091
:10AFC0000000000000000000000000000000000081
:10AFD0000000000000000000000000000000000071
:10AFE0000000000000000000000000000000000061
:10AFF0000000000000000000000000000000000051
:10B000000000000000000000000000000000000040
:10B010000000000000000000000000000000000030
:10B020000000000000000000000000000000000020
:10B030000000000000000000000000000000000010
:10B040000000000000000000000000000000000000
:10B0500000000000000000000000000000000000F0
:10B0600000000000000000000000000000000000E0
:10B0700000000000000000000000000000000000D0
:10B0800000000000000000000000000000000000C0
:10B0900000000000000000000000000000000000B0
:10B0A00000000000000000000000000000000000A0
:10B0B0000000000000000000000000000000000090
:10B0C0000000000000000000000000000000000080
:10B0D0000000000000000000000000000000000070
:10B0E0000000000000000000000000000000000060
:10B0F0000000000000000000000000000000000050
:10B10000000000000000000000000000000000003F
:10B11000000000000000000000000000000000002F
:10B12000000000000000000000000000000000001F
:10B13000000000000000000000000000000000000F
:10B1400000000000000000000000000000000000FF
:10B1500000000000000000000000000000000000EF
:10B1600000000000000000000000000000000000DF
:10B1700000000000000000000000000000000000CF
:10B1800000000000000000000000000000000000BF
:10B1900000000000000000000000000000000000AF
:10B1A000000000000000000000000000000000009F
:10B1B000000000000000000000000000000000008F
:10B1C000000000000000000000000000000000007F
:10B1D000000000000000000000000000000000006F
:10B1E000000000000000000000000000000000005F
:10B1F000000000000000000000000000000000004F
:10B20000000000000000000000000000000000003E
:10B21000000000000000000000000000000000002E
:10B22000000000000000000000000000000000001E
:10B23000000000000000000000000000000000000E
:10B2400000000000000000000000000000000000FE
:10B2500000000000000000000000000000000000EE
:10B2600000000000000000000000000000000000DE
:10B2700000000000000000000000000000000000CE
:10B2800000000000000000000000000000000000BE
:10B2900000000000000000000000000000000000AE
:10B2A000000000000000000000000000000000009E
:10B2B000000000000000000000000000000000008E
:10B2C000000000000000000000000000000000007E
:10B2D000000000000000000000000000000000006E
:10B2E000000000000000000000000000000000005E
:10B2F000000000000000000000000000000000004E
:10B30000000000000000000000000000000000003D
:10B31000000000000000000000000000000000002D
:10B32000000000000000000000000000000000001D
:10B33000000000000000000000000000000000000D
:10B3400000000000000000000000000000000000FD
:10B3500000000000000000000000000000000000ED
:10B3600000000000000000000000000000000000DD
:10B3700000000000000000000000000000000000CD
:10B3800000000000000000000000000000000000BD
:10B3900000000000000000000000000000000000AD
:10B3A000000000000000000000000000000000009D
:10B3B000000000000000000000000000000000008D
:10B3C000000000000000000000000000000000007D
:10B3D000000000000000000000000000000000006D
:10B3E000000000000000000000000000000000005D
:10B3F000000000000000000000000000000000004D
:10B40000000000000000000000000000000000003C
:10B41000000000000000000000000000000000002C
:10B42000000000000000000000000000000000001C
:10B43000000000000000000000000000000000000C
:10B4400000000000000000000000000000000000FC
:10B4500000000000000000000000000000000000EC
:10B4600000000000000000000000000000000000DC
:10B4700000000000000000000000000000000000CC
:10B4800000000000000000000000000000000000BC
:10B4900000000000000000000000000000000000AC
:10B4A000000000000000000000000000000000009C
:10B4B000000000000000000000000000000000008C
:10B4C000000000000000000000000000000000007C
:10B4D000000000000000000000000000000000006C
:10B4E000000000000000000000000000000000005C
:10B4F000000000000000000000000000000000004C
:10B50000000000000000000000000000000000003B
:10B51000000000000000000000000000000000002B
:10B52000000000000000000000000000000000001B
:10B53000000000000000000000000000000000000B
:10B5400000000000000000000000000000000000FB
:10B5500000000000000000000000000000000000EB
:10B5600000000000000000000000000000000000DB
:10B5700000000000000000000000000000000000CB
:10B5800000000000000000000000000000000000BB
:10B5900000000000000000000000000000000000AB
:10B5A000000000000000000000000000000000009B
:10B5B000000000000000000000000000000000008B
:10B5C000000000000000000000000000000000007B
:10B5D000000000000000000000000000000000006B
:10B5E000000000000000000000000000000000005B
:10B5F000000000000000000000000000000000004B
:10B60000000000000000000000000000000000003A
:10B61000000000000000000000000000000000002A
:10B62000000000000000000000000000000000001A
:10B63000000000000000000000000000000000000A
:10B6400000000000000000000000000000000000FA
:10B6500000000000000000000000000000000000EA
:10B6600000000000000000000000000000000000DA
:10B6700000000000000000000000000000000000CA
:10B6800000000000000000000000000000000000BA
:10B6900000000000000000000000000000000000AA
:10B6A000000000000000000000000000000000009A
:10B6B000000000000000000000000000000000008A
:10B6C000000000000000000000000000000000007A
:10B6D000000000000000000000000000000000006A
:10B6E000000000000000000000000000000000005A
:10B6F000000000000000000000000000000000004A
:10B700000000000000000000000000000000000039
:10B710000000000000000000000000000000000029
:10B720000000000000000000000000000000000019
:10B730000000000000000000000000000000000009
:10B7400000000000000000000000000000000000F9
:10B7500000000000000000000000000000000000E9
:10B7600000000000000000000000000000000000D9
:10B7700000000000000000000000000000000000C9
:10B7800000000000000000000000000000000000B9
:10B7900000000000000000000000000000000000A9
:10B7A0000000000000000000000000000000000099
:10B7B0000000000000000000000000000000000089
:10B7C0000000000000000000000000000000000079
:10B7D0000000000000000000000000000000000069
:10B7E0000000000000000000000000000000000059
:10B7F0000000000000000000000000000000000049
:10B800000000000000000000000000000000000038
:10B810000000000000000000000000000000000028
:10B820000000000000000000000000000000000018
:10B830000000000000000000000000000000000008
:10B8400000000000000000000000000000000000F8
:10B8500000000000000000000000000000000000E8
:10B8600000000000000000000000000000000000D8
:10B8700000000000000000000000000000000000C8
:10B8800000000000000000000000000000000000B8
:10B8900000000000000000000000000000000000A8
:10B8A0000000000000000000000000000000000098
:10B8B0000000000000000000000000000000000088
:10B8C0000000000000000000000000000000000078
:10B8D0000000000000000000000000000000000068
:10B8E0000000000000000000000000000000000058
:10B8F0000000000000000000000000000000000048
:10B900000000000000000000000000000000000037
:10B910000000000000000000000000000000000027
:10B920000000000000000000000000000000000017
:10B930000000000000000000000000000000000007
:10B9400000000000000000000000000000000000F7
:10B9500000000000000000000000000000000000E7
:10B9600000000000000000000000000000000000D7
:10B9700000000000000000000000000000000000C7
:10B9800000000000000000000000000000000000B7
:10B9900000000000000000000000000000000000A7
:10B9A0000000000000000000000000000000000097
:10B9B0000000000000000000000000000000000087
:10B9C0000000000000000000000000000000000077
:10B9D0000000000000000000000000000000000067
:10B9E0000000000000000000000000000000000057
:10B9F0000000000000000000000000000000000047
:10BA00000000000000000000000000000000000036
:10BA10000000000000000000000000000000000026
:10BA20000000000000000000000000000000000016
:10BA30000000000000000000000000000000000006
:10BA400000000000000000000000000000000000F6
:10BA500000000000000000000000000000000000E6
:10BA600000000000000000000000000000000000D6
:10BA700000000000000000000000000000000000C6
:10BA800000000000000000000000000000000000B6
:10BA900000000000000000000000000000000000A6
:10BAA0000000000000000000000000000000000096
:10BAB0000000000000000000000000000000000086
:10BAC0000000000000000000000000000000000076
:10BAD0000000000000000000000000000000000066
:10BAE0000000000000000000000000000000000056
:10BAF0000000000000000000000000000000000046
:10BB00000000000000000000000000000000000035
:10BB10000000000000000000000000000000000025
:10BB20000000000000000000000000000000000015
:10BB30000000000000000000000000000000000005
:10BB400000000000000000000000000000000000F5
:10BB500000000000000000000000000000000000E5
:10BB600000000000000000000000000000000000D5
:10BB700000000000000000000000000000000000C5
:10BB800000000000000000000000000000000000B5
:10BB900000000000000000000000000000000000A5
:10BBA0000000000000000000000000000000000095
:10BBB0000000000000000000000000000000000085
:10BBC0000000000000000000000000000000000075
:10BBD0000000000000000000000000000000000065
:10BBE0000000000000000000000000000000000055
:10BBF0000000000000000000000000000000000045
:10BC00000000000000000000000000000000000034
:10BC10000000000000000000000000000000000024
:10BC20000000000000000000000000000000000014
:10BC30000000000000000000000000000000000004
:10BC400000000000000000000000000000000000F4
:10BC500000000000000000000000000000000000E4
:10BC600000000000000000000000000000000000D4
:10BC700000000000000000000000000000000000C4
:10BC800000000000000000000000000000000000B4
:10BC900000000000000000000000000000000000A4
:10BCA0000000000000000000000000000000000094
:10BCB0000000000000000000000000000000000084
:10BCC0000000000000000000000000000000000074
:10BCD0000000000000000000000000000000000064
:10BCE0000000000000000000000000000000000054
:10BCF0000000000000000000000000000000000044
:10BD00000000000000000000000000000000000033
:10BD10000000000000000000000000000000000023
:10BD20000000000000000000000000000000000013
:10BD30000000000000000000000000000000000003
:10BD400000000000000000000000000000000000F3
:10BD500000000000000000000000000000000000E3
:10BD600000000000000000000000000000000000D3
:10BD700000000000000000000000000000000000C3
:10BD800000000000000000000000000000000000B3
:10BD900000000000000000000000000000000000A3
:10BDA0000000000000000000000000000000000093
:10BDB0000000000000000000000000000000000083
:10BDC0000000000000000000000000000000000073
:10BDD0000000000000000000000000000000000063
:10BDE0000000000000000000000000000000000053
:10BDF0000000000000000000000000000000000043
:10BE00000000000000000000000000000000000032
:10BE10000000000000000000000000000000000022
:10BE20000000000000000000000000000000000012
:10BE30000000000000000000000000000000000002
:10BE400000000000000000000000000000000000F2
:10BE500000000000000000000000000000000000E2
:10BE600000000000000000000000000000000000D2
:10BE700000000000000000000000000000000000C2
:10BE800000000000000000000000000000000000B2
:10BE900000000000000000000000000000000000A2
:10BEA0000000000000000000000000000000000092
:10BEB0000000000000000000000000000000000082
:10BEC0000000000000000000000000000000000072
:10BED0000000000000000000000000000000000062
:10BEE0000000000000000000000000000000000052
:10BEF0000000000000000000000000000000000042
:10BF00000000000000000000000000000000000031
:10BF10000000000000000000000000000000000021
:10BF20000000000000000000000000000000000011
:10BF30000000000000000000000000000000000001
:10BF400000000000000000000000000000000000F1
:10BF500000000000000000000000000000000000E1
:10BF600000000000000000000000000000000000D1
:10BF700000000000000000000000000000000000C1
:10BF800000000000000000000000000000000000B1
:10BF900000000000000000000000000000000000A1
:10BFA0000000000000000000000000000000000091
:10BFB0000000000000000000000000000000000081
:10BFC0000000000000000000000000000000000071
:10BFD0000000000000000000000000000000000061
:10BFE0000000000000000000000000000000000051
:10BFF0000000000000000000000000000000000041
:10C000000000000000000000000000000000000030
:10C010000000000000000000000000000000000020
:10C020000000000000000000000000000000000010
:10C030000000000000000000000000000000000000
:10C0400000000000000000000000000000000000F0
:10C0500000000000000000000000000000000000E0
:10C0600000000000000000000000000000000000D0
:10C0700000000000000000000000000000000000C0
:10C0800000000000000000000000000000000000B0
:10C0900000000000000000000000000000000000A0
:10C0A0000000000000000000000000000000000090
:10C0B0000000000000000000000000000000000080
:10C0C0000000000000000000000000000000000070
:10C0D0000000000000000000000000000000000060
:10C0E0000000000000000000000000000000000050
:10C0F0000000000000000000000000000000000040
:10C10000000000000000000000000000000000002F
:10C11000000000000000000000000000000000001F
:10C12000000000000000000000000000000000000F
:10C1300000000000000000000000000000000000FF
:10C1400000000000000000000000000000000000EF
:10C1500000000000000000000000000000000000DF
:10C1600000000000000000000000000000000000CF
:10C1700000000000000000000000000000000000BF
:10C1800000000000000000000000000000000000AF
:10C19000000000000000000000000000000000009F
:10C1A000000000000000000000000000000000008F
:10C1B000000000000000000000000000000000007F
:10C1C000000000000000000000000000000000006F
:10C1D000000000000000000000000000000000005F
:10C1E000000000000000000000000000000000004F
:10C1F000000000000000000000000000000000003F
:10C20000000000000000000000000000000000002E
:10C21000000000000000000000000000000000001E
:10C22000000000000000000000000000000000000E
:10C2300000000000000000000000000000000000FE
:10C2400000000000000000000000000000000000EE
:10C2500000000000000000000000000000000000DE
:10C2600000000000000000000000000000000000CE
:10C2700000000000000000000000000000000000BE
:10C2800000000000000000000000000000000000AE
:10C29000000000000000000000000000000000009E
:10C2A000000000000000000000000000000000008E
:10C2B000000000000000000000000000000000007E
:10C2C000000000000000000000000000000000006E
:10C2D000000000000000000000000000000000005E
:10C2E000000000000000000000000000000000004E
:10C2F000000000000000000000000000000000003E
:10C30000000000000000000000000000000000002D
:10C31000000000000000000000000000000000001D
:10C32000000000000000000000000000000000000D
:10C3300000000000000000000000000000000000FD
:10C3400000000000000000000000000000000000ED
:10C3500000000000000000000000000000000000DD
:10C3600000000000000000000000000000000000CD
:10C3700000000000000000000000000000000000BD
:10C3800000000000000000000000000000000000AD
:10C39000000000000000000000000000000000009D
:10C3A000000000000000000000000000000000008D
:10C3B000000000000000000000000000000000007D
:10C3C000000000000000000000000000000000006D
:10C3D000000000000000000000000000000000005D
:10C3E000000000000000000000000000000000004D
:10C3F000000000000000000000000000000000003D
:10C40000000000000000000000000000000000002C
:10C41000000000000000000000000000000000001C
:10C42000000000000000000000000000000000000C
:10C4300000000000000000000000000000000000FC
:10C4400000000000000000000000000000000000EC
:10C4500000000000000000000000000000000000DC
:10C4600000000000000000000000000000000000CC
:10C4700000000000000000000000000000000000BC
:10C4800000000000000000000000000000000000AC
:10C49000000000000000000000000000000000009C
:10C4A000000000000000000000000000000000008C
:10C4B000000000000000000000000000000000007C
:10C4C000000000000000000000000000000000006C
:10C4D000000000000000000000000000000000005C
:10C4E000000000000000000000000000000000004C
:10C4F000000000000000000000000000000000003C
:10C50000000000000000000000000000000000002B
:10C51000000000000000000000000000000000001B
:10C52000000000000000000000000000000000000B
:10C5300000000000000000000000000000000000FB
:10C5400000000000000000000000000000000000EB
:10C5500000000000000000000000000000000000DB
:10C5600000000000000000000000000000000000CB
:10C5700000000000000000000000000000000000BB
:10C5800000000000000000000000000000000000AB
:10C59000000000000000000000000000000000009B
:10C5A000000000000000000000000000000000008B
:10C5B000000000000000000000000000000000007B
:10C5C000000000000000000000000000000000006B
:10C5D000000000000000000000000000000000005B
:10C5E000000000000000000000000000000000004B
:10C5F000000000000000000000000000000000003B
:10C60000000000000000000000000000000000002A
:10C61000000000000000000000000000000000001A
:10C62000000000000000000000000000000000000A
:10C6300000000000000000000000000000000000FA
:10C6400000000000000000000000000000000000EA
:10C6500000000000000000000000000000000000DA
:10C6600000000000000000000000000000000000CA
:10C6700000000000000000000000000000000000BA
:10C6800000000000000000000000000000000000AA
:10C69000000000000000000000000000000000009A
:10C6A000000000000000000000000000000000008A
:10C6B000000000000000000000000000000000007A
:10C6C000000000000000000000000000000000006A
:10C6D000000000000000000000000000000000005A
:10C6E000000000000000000000000000000000004A
:10C6F000000000000000000000000000000000003A
:10C700000000000000000000000000000000000029
:10C710000000000000000000000000000000000019
:10C720000000000000000000000000000000000009
:10C7300000000000000000000000000000000000F9
:10C7400000000000000000000000000000000000E9
:10C7500000000000000000000000000000000000D9
:10C7600000000000000000000000000000000000C9
:10C7700000000000000000000000000000000000B9
:10C7800000000000000000000000000000000000A9
:10C790000000000000000000000000000000000099
:10C7A0000000000000000000000000000000000089
:10C7B0000000000000000000000000000000000079
:10C7C0000000000000000000000000000000000069
:10C7D0000000000000000000000000000000000059
:10C7E0000000000000000000000000000000000049
:10C7F0000000000000000000000000000000000039
:10C800000000000000000000000000000000000028
:10C810000000000000000000000000000000000018
:10C820000000000000000000000000000000000008
:10C8300000000000000000000000000000000000F8
:10C8400000000000000000000000000000000000E8
:10C8500000000000000000000000000000000000D8
:10C8600000000000000000000000000000000000C8
:10C8700000000000000000000000000000000000B8
:10C8800000000000000000000000000000000000A8
:10C890000000000000000000000000000000000098
:10C8A0000000000000000000000000000000000088
:10C8B0000000000000000000000000000000000078
:10C8C0000000000000000000000000000000000068
:10C8D0000000000000000000000000000000000058
:10C8E0000000000000000000000000000000000048
:10C8F0000000000000000000000000000000000038
:10C900000000000000000000000000000000000027
:10C910000000000000000000000000000000000017
:10C920000000000000000000000000000000000007
:10C9300000000000000000000000000000000000F7
:10C9400000000000000000000000000000000000E7
:10C9500000000000000000000000000000000000D7
:10C9600000000000000000000000000000000000C7
:10C9700000000000000000000000000000000000B7
:10C9800000000000000000000000000000000000A7
:10C990000000000000000000000000000000000097
:10C9A0000000000000000000000000000000000087
:10C9B0000000000000000000000000000000000077
:10C9C0000000000000000000000000000000000067
:10C9D0000000000000000000000000000000000057
:10C9E0000000000000000000000000000000000047
:10C9F0000000000000000000000000000000000037
:10CA00000000000000000000000000000000000026
:10CA10000000000000000000000000000000000016
:10CA20000000000000000000000000000000000006
:10CA300000000000000000000000000000000000F6
:10CA400000000000000000000000000000000000E6
:10CA500000000000000000000000000000000000D6
:10CA600000000000000000000000000000000000C6
:10CA700000000000000000000000000000000000B6
:10CA800000000000000000000000000000000000A6
:10CA90000000000000000000000000000000000096
:10CAA0000000000000000000000000000000000086
:10CAB0000000000000000000000000000000000076
:10CAC0000000000000000000000000000000000066
:10CAD0000000000000000000000000000000000056
:10CAE0000000000000000000000000000000000046
:10CAF0000000000000000000000000000000000036
:10CB00000000000000000000000000000000000025
:10CB10000000000000000000000000000000000015
:10CB20000000000000000000000000000000000005
:10CB300000000000000000000000000000000000F5
:10CB400000000000000000000000000000000000E5
:10CB500000000000000000000000000000000000D5
:10CB600000000000000000000000000000000000C5
:10CB700000000000000000000000000000000000B5
:10CB800000000000000000000000000000000000A5
:10CB90000000000000000000000000000000000095
:10CBA0000000000000000000000000000000000085
:10CBB0000000000000000000000000000000000075
:10CBC0000000000000000000000000000000000065
:10CBD0000000000000000000000000000000000055
:10CBE0000000000000000000000000000000000045
:10CBF0000000000000000000000000000000000035
:10CC00000000000000000000000000000000000024
:10CC10000000000000000000000000000000000014
:10CC20000000000000000000000000000000000004
:10CC300000000000000000000000000000000000F4
:10CC400000000000000000000000000000000000E4
:10CC500000000000000000000000000000000000D4
:10CC600000000000000000000000000000000000C4
:10CC700000000000000000000000000000000000B4
:10CC800000000000000000000000000000000000A4
:10CC90000000000000000000000000000000000094
:10CCA0000000000000000000000000000000000084
:10CCB0000000000000000000000000000000000074
:10CCC0000000000000000000000000000000000064
:10CCD0000000000000000000000000000000000054
:10CCE0000000000000000000000000000000000044
:10CCF0000000000000000000000000000000000034
:10CD00000000000000000000000000000000000023
:10CD10000000000000000000000000000000000013
:10CD20000000000000000000000000000000000003
:10CD300000000000000000000000000000000000F3
:10CD400000000000000000000000000000000000E3
:10CD500000000000000000000000000000000000D3
:10CD600000000000000000000000000000000000C3
:10CD700000000000000000000000000000000000B3
:10CD800000000000000000000000000000000000A3
:10CD90000000000000000000000000000000000093
:10CDA0000000000000000000000000000000000083
:10CDB0000000000000000000000000000000000073
:10CDC0000000000000000000000000000000000063
:10CDD0000000000000000000000000000000000053
:10CDE0000000000000000000000000000000000043
:10CDF0000000000000000000000000000000000033
:10CE00000000000000000000000000000000000022
:10CE10000000000000000000000000000000000012
:10CE20000000000000000000000000000000000002
:10CE300000000000000000000000000000000000F2
:10CE400000000000000000000000000000000000E2
:10CE500000000000000000000000000000000000D2
:10CE600000000000000000000000000000000000C2
:10CE700000000000000000000000000000000000B2
:10CE800000000000000000000000000000000000A2
:10CE90000000000000000000000000000000000092
:10CEA0000000000000000000000000000000000082
:10CEB0000000000000000000000000000000000072
:10CEC0000000000000000000000000000000000062
:10CED0000000000000000000000000000000000052
:10CEE0000000000000000000000000000000000042
:10CEF0000000000000000000000000000000000032
:10CF00000000000000000000000000000000000021
:10CF10000000000000000000000000000000000011
:10CF20000000000000000000000000000000000001
:10CF300000000000000000000000000000000000F1
:10CF400000000000000000000000000000000000E1
:10CF500000000000000000000000000000000000D1
:10CF600000000000000000000000000000000000C1
:10CF700000000000000000000000000000000000B1
:10CF800000000000000000000000000000000000A1
:10CF90000000000000000000000000000000000091
:10CFA0000000000000000000000000000000000081
:10CFB0000000000000000000000000000000000071
:10CFC0000000000000000000000000000000000061
:10CFD0000000000000000000000000000000000051
:10CFE0000000000000000000000000000000000041
:10CFF0000000000000000000000000000000000031
:10D000000000000000000000000000000000000020
:10D010000000000000000000000000000000000010
:10D020000000000000000000000000000000000000
:10D0300000000000000000000000000000000000F0
:10D0400000000000000000000000000000000000E0
:10D0500000000000000000000000000000000000D0
:10D0600000000000000000000000000000000000C0
:10D0700000000000000000000000000000000000B0
:10D0800000000000000000000000000000000000A0
:10D090000000000000000000000000000000000090
:10D0A0000000000000000000000000000000000080
:10D0B0000000000000000000000000000000000070
:10D0C0000000000000000000000000000000000060
:10D0D0000000000000000000000000000000000050
:10D0E0000000000000000000000000000000000040
:10D0F0000000000000000000000000000000000030
:10D10000000000000000000000000000000000001F
:10D11000000000000000000000000000000000000F
:10D1200000000000000000000000000000000000FF
:10D1300000000000000000000000000000000000EF
:10D1400000000000000000000000000000000000DF
:10D1500000000000000000000000000000000000CF
:10D1600000000000000000000000000000000000BF
:10D1700000000000000000000000000000000000AF
:10D18000000000000000000000000000000000009F
:10D19000000000000000000000000000000000008F
:10D1A000000000000000000000000000000000007F
:10D1B000000000000000000000000000000000006F
:10D1C000000000000000000000000000000000005F
:10D1D000000000000000000000000000000000004F
:10D1E000000000000000000000000000000000003F
:10D1F000000000000000000000000000000000002F
:10D20000000000000000000000000000000000001E
:10D21000000000000000000000000000000000000E
:10D2200000000000000000000000000000000000FE
:10D2300000000000000000000000000000000000EE
:10D2400000000000000000000000000000000000DE
:10D2500000000000000000000000000000000000CE
:10D2600000000000000000000000000000000000BE
:10D2700000000000000000000000000000000000AE
:10D28000000000000000000000000000000000009E
:10D29000000000000000000000000000000000008E
:10D2A000000000000000000000000000000000007E
:10D2B000000000000000000000000000000000006E
:10D2C000000000000000000000000000000000005E
:10D2D000000000000000000000000000000000004E
:10D2E000000000000000000000000000000000003E
:10D2F000000000000000000000000000000000002E
:10D30000000000000000000000000000000000001D
:10D31000000000000000000000000000000000000D
:10D3200000000000000000000000000000000000FD
:10D3300000000000000000000000000000000000ED
:10D3400000000000000000000000000000000000DD
:10D3500000000000000000000000000000000000CD
:10D3600000000000000000000000000000000000BD
:10D3700000000000000000000000000000000000AD
:10D38000000000000000000000000000000000009D
:10D39000000000000000000000000000000000008D
:10D3A000000000000000000000000000000000007D
:10D3B000000000000000000000000000000000006D
:10D3C000000000000000000000000000000000005D
:10D3D000000000000000000000000000000000004D
:10D3E000000000000000000000000000000000003D
:10D3F000000000000000000000000000000000002D
:10D40000000000000000000000000000000000001C
:10D41000000000000000000000000000000000000C
:10D4200000000000000000000000000000000000FC
:10D4300000000000000000000000000000000000EC
:10D4400000000000000000000000000000000000DC
:10D4500000000000000000000000000000000000CC
:10D4600000000000000000000000000000000000BC
:10D4700000000000000000000000000000000000AC
:10D48000000000000000000000000000000000009C
:10D49000000000000000000000000000000000008C
:10D4A000000000000000000000000000000000007C
:10D4B000000000000000000000000000000000006C
:10D4C000000000000000000000000000000000005C
:10D4D000000000000000000000000000000000004C
:10D4E000000000000000000000000000000000003C
:10D4F000000000000000000000000000000000002C
:10D50000000000000000000000000000000000001B
:10D51000000000000000000000000000000000000B
:10D5200000000000000000000000000000000000FB
:10D5300000000000000000000000000000000000EB
:10D5400000000000000000000000000000000000DB
:10D5500000000000000000000000000000000000CB
:10D5600000000000000000000000000000000000BB
:10D5700000000000000000000000000000000000AB
:10D58000000000000000000000000000000000009B
:10D59000000000000000000000000000000000008B
:10D5A000000000000000000000000000000000007B
:10D5B000000000000000000000000000000000006B
:10D5C000000000000000000000000000000000005B
:10D5D000000000000000000000000000000000004B
:10D5E000000000000000000000000000000000003B
:10D5F000000000000000000000000000000000002B
:10D60000000000000000000000000000000000001A
:10D61000000000000000000000000000000000000A
:10D6200000000000000000000000000000000000FA
:10D6300000000000000000000000000000000000EA
:10D6400000000000000000000000000000000000DA
:10D6500000000000000000000000000000000000CA
:10D6600000000000000000000000000000000000BA
:10D6700000000000000000000000000000000000AA
:10D68000000000000000000000000000000000009A
:10D69000000000000000000000000000000000008A
:10D6A000000000000000000000000000000000007A
:10D6B000000000000000000000000000000000006A
:10D6C000000000000000000000000000000000005A
:10D6D000000000000000000000000000000000004A
:10D6E000000000000000000000000000000000003A
:10D6F000000000000000000000000000000000002A
:10D700000000000000000000000000000000000019
:10D710000000000000000000000000000000000009
:10D7200000000000000000000000000000000000F9
:10D7300000000000000000000000000000000000E9
:10D7400000000000000000000000000000000000D9
:10D7500000000000000000000000000000000000C9
:10D7600000000000000000000000000000000000B9
:10D7700000000000000000000000000000000000A9
:10D780000000000000000000000000000000000099
:10D790000000000000000000000000000000000089
:10D7A0000000000000000000000000000000000079
:10D7B0000000000000000000000000000000000069
:10D7C0000000000000000000000000000000000059
:10D7D0000000000000000000000000000000000049
:10D7E0000000000000000000000000000000000039
:10D7F0000000000000000000000000000000000029
:10D800000000000000000000000000000000000018
:10D810000000000000000000000000000000000008
:10D8200000000000000000000000000000000000F8
:10D8300000000000000000000000000000000000E8
:10D8400000000000000000000000000000000000D8
:10D8500000000000000000000000000000000000C8
:10D8600000000000000000000000000000000000B8
:10D8700000000000000000000000000000000000A8
:10D880000000000000000000000000000000000098
:10D890000000000000000000000000000000000088
:10D8A0000000000000000000000000000000000078
:10D8B0000000000000000000000000000000000068
:10D8C0000000000000000000000000000000000058
:10D8D0000000000000000000000000000000000048
:10D8E0000000000000000000000000000000000038
:10D8F0000000000000000000000000000000000028
:10D900000000000000000000000000000000000017
:10D910000000000000000000000000000000000007
:10D9200000000000000000000000000000000000F7
:10D9300000000000000000000000000000000000E7
:10D9400000000000000000000000000000000000D7
:10D9500000000000000000000000000000000000C7
:10D9600000000000000000000000000000000000B7
:10D9700000000000000000000000000000000000A7
:10D980000000000000000000000000000000000097
:10D990000000000000000000000000000000000087
:10D9A0000000000000000000000000000000000077
:10D9B0000000000000000000000000000000000067
:10D9C0000000000000000000000000000000000057
:10D9D0000000000000000000000000000000000047
:10D9E0000000000000000000000000000000000037
:10D9F0000000000000000000000000000000000027
:10DA00000000000000000000000000000000000016
:10DA10000000000000000000000000000000000006
:10DA200000000000000000000000000000000000F6
:10DA300000000000000000000000000000000000E6
:10DA400000000000000000000000000000000000D6
:10DA500000000000000000000000000000000000C6
:10DA600000000000000000000000000000000000B6
:10DA700000000000000000000000000000000000A6
:10DA80000000000000000000000000000000000096
:10DA90000000000000000000000000000000000086
:10DAA0000000000000000000000000000000000076
:10DAB0000000000000000000000000000000000066
:10DAC0000000000000000000000000000000000056
:10DAD0000000000000000000000000000000000046
:10DAE0000000000000000000000000000000000036
:10DAF0000000000000000000000000000000000026
:10DB00000000000000000000000000000000000015
:10DB10000000000000000000000000000000000005
:10DB200000000000000000000000000000000000F5
:10DB300000000000000000000000000000000000E5
:10DB400000000000000000000000000000000000D5
:10DB500000000000000000000000000000000000C5
:10DB600000000000000000000000000000000000B5
:10DB700000000000000000000000000000000000A5
:10DB80000000000000000000000000000000000095
:10DB90000000000000000000000000000000000085
:10DBA0000000000000000000000000000000000075
:10DBB0000000000000000000000000000000000065
:10DBC0000000000000000000000000000000000055
:10DBD0000000000000000000000000000000000045
:10DBE0000000000000000000000000000000000035
:10DBF0000000000000000000000000000000000025
:10DC00000000000000000000000000000000000014
:10DC10000000000000000000000000000000000004
:10DC200000000000000000000000000000000000F4
:10DC300000000000000000000000000000000000E4
:10DC400000000000000000000000000000000000D4
:10DC500000000000000000000000000000000000C4
:10DC600000000000000000000000000000000000B4
:10DC700000000000000000000000000000000000A4
:10DC80000000000000000000000000000000000094
:10DC90000000000000000000000000000000000084
:10DCA0000000000000000000000000000000000074
:10DCB0000000000000000000000000000000000064
:10DCC0000000000000000000000000000000000054
:10DCD0000000000000000000000000000000000044
:10DCE0000000000000000000000000000000000034
:10DCF0000000000000000000000000000000000024
:10DD00000000000000000000000000000000000013
:10DD10000000000000000000000000000000000003
:10DD200000000000000000000000000000000000F3
:10DD300000000000000000000000000000000000E3
:10DD400000000000000000000000000000000000D3
:10DD500000000000000000000000000000000000C3
:10DD600000000000000000000000000000000000B3
:10DD700000000000000000000000000000000000A3
:10DD80000000000000000000000000000000000093
:10DD90000000000000000000000000000000000083
:10DDA0000000000000000000000000000000000073
:10DDB0000000000000000000000000000000000063
:10DDC0000000000000000000000000000000000053
:10DDD0000000000000000000000000000000000043
:10DDE0000000000000000000000000000000000033
:10DDF0000000000000000000000000000000000023
:10DE00000000000000000000000000000000000012
:10DE10000000000000000000000000000000000002
:10DE200000000000000000000000000000000000F2
:10DE300000000000000000000000000000000000E2
:10DE400000000000000000000000000000000000D2
:10DE500000000000000000000000000000000000C2
:10DE600000000000000000000000000000000000B2
:10DE700000000000000000000000000000000000A2
:10DE80000000000000000000000000000000000092
:10DE90000000000000000000000000000000000082
:10DEA0000000000000000000000000000000000072
:10DEB0000000000000000000000000000000000062
:10DEC0000000000000000000000000000000000052
:10DED0000000000000000000000000000000000042
:10DEE0000000000000000000000000000000000032
:10DEF0000000000000000000000000000000000022
:10DF00000000000000000000000000000000000011
:10DF10000000000000000000000000000000000001
:10DF200000000000000000000000000000000000F1
:10DF300000000000000000000000000000000000E1
:10DF400000000000000000000000000000000000D1
:10DF500000000000000000000000000000000000C1
:10DF600000000000000000000000000000000000B1
:10DF700000000000000000000000000000000000A1
:10DF80000000000000000000000000000000000091
:10DF90000000000000000000000000000000000081
:10DFA0000000000000000000000000000000000071
:10DFB0000000000000000000000000000000000061
:10DFC0000000000000000000000000000000000051
:10DFD0000000000000000000000000000000000041
:10DFE0000000000000000000000000000000000031
:10DFF0000000000000000000000000000000000021
:10E000000000000000000000000000000000000010
:10E010000000000000000000000000000000000000
:10E0200000000000000000000000000000000000F0
:10E0300000000000000000000000000000000000E0
:10E0400000000000000000000000000000000000D0
:10E0500000000000000000000000000000000000C0
:10E0600000000000000000000000000000000000B0
:10E0700000000000000000000000000000000000A0
:10E080000000000000000000000000000000000090
:10E090000000000000000000000000000000000080
:10E0A0000000000000000000000000000000000070
:10E0B0000000000000000000000000000000000060
:10E0C0000000000000000000000000000000000050
:10E0D0000000000000000000000000000000000040
:10E0E0000000000000000000000000000000000030
:10E0F0000000000000000000000000000000000020
:10E10000000000000000000000000000000000000F
:10E1100000000000000000000000000000000000FF
:10E1200000000000000000000000000000000000EF
:10E1300000000000000000000000000000000000DF
:10E1400000000000000000000000000000000000CF
:10E1500000000000000000000000000000000000BF
:10E1600000000000000000000000000000000000AF
:10E17000000000000000000000000000000000009F
:10E18000000000000000000000000000000000008F
:10E19000000000000000000000000000000000007F
:10E1A000000000000000000000000000000000006F
:10E1B000000000000000000000000000000000005F
:10E1C000000000000000000000000000000000004F
:10E1D000000000000000000000000000000000003F
:10E1E000000000000000000000000000000000002F
:10E1F000000000000000000000000000000000001F
:10E20000000000000000000000000000000000000E
:10E2100000000000000000000000000000000000FE
:10E2200000000000000000000000000000000000EE
:10E2300000000000000000000000000000000000DE
:10E2400000000000000000000000000000000000CE
:10E2500000000000000000000000000000000000BE
:10E2600000000000000000000000000000000000AE
:10E27000000000000000000000000000000000009E
:10E28000000000000000000000000000000000008E
:10E29000000000000000000000000000000000007E
:10E2A000000000000000000000000000000000006E
:10E2B000000000000000000000000000000000005E
:10E2C000000000000000000000000000000000004E
:10E2D000000000000000000000000000000000003E
:10E2E000000000000000000000000000000000002E
:10E2F000000000000000000000000000000000001E
:10E30000000000000000000000000000000000000D
:10E3100000000000000000000000000000000000FD
:10E3200000000000000000000000000000000000ED
:10E3300000000000000000000000000000000000DD
:10E3400000000000000000000000000000000000CD
:10E3500000000000000000000000000000000000BD
:10E3600000000000000000000000000000000000AD
:10E37000000000000000000000000000000000009D
:10E38000000000000000000000000000000000008D
:10E39000000000000000000000000000000000007D
:10E3A000000000000000000000000000000000006D
:10E3B000000000000000000000000000000000005D
:10E3C000000000000000000000000000000000004D
:10E3D000000000000000000000000000000000003D
:10E3E000000000000000000000000000000000002D
:10E3F000000000000000000000000000000000001D
:10E40000000000000000000000000000000000000C
:10E4100000000000000000000000000000000000FC
:10E4200000000000000000000000000000000000EC
:10E4300000000000000000000000000000000000DC
:10E4400000000000000000000000000000000000CC
:10E4500000000000000000000000000000000000BC
:10E4600000000000000000000000000000000000AC
:10E47000000000000000000000000000000000009C
:10E48000000000000000000000000000000000008C
:10E49000000000000000000000000000000000007C
:10E4A000000000000000000000000000000000006C
:10E4B000000000000000000000000000000000005C
:10E4C000000000000000000000000000000000004C
:10E4D000000000000000000000000000000000003C
:10E4E000000000000000000000000000000000002C
:10E4F000000000000000000000000000000000001C
:10E50000000000000000000000000000000000000B
:10E5100000000000000000000000000000000000FB
:10E5200000000000000000000000000000000000EB
:10E5300000000000000000000000000000000000DB
:10E5400000000000000000000000000000000000CB
:10E5500000000000000000000000000000000000BB
:10E5600000000000000000000000000000000000AB
:10E57000000000000000000000000000000000009B
:10E58000000000000000000000000000000000008B
:10E59000000000000000000000000000000000007B
:10E5A000000000000000000000000000000000006B
:10E5B000000000000000000000000000000000005B
:10E5C000000000000000000000000000000000004B
:10E5D000000000000000000000000000000000003B
:10E5E000000000000000000000000000000000002B
:10E5F000000000000000000000000000000000001B
:10E60000000000000000000000000000000000000A
:10E6100000000000000000000000000000000000FA
:10E6200000000000000000000000000000000000EA
:10E6300000000000000000000000000000000000DA
:10E6400000000000000000000000000000000000CA
:10E6500000000000000000000000000000000000BA
:10E6600000000000000000000000000000000000AA
:10E67000000000000000000000000000000000009A
:10E68000000000000000000000000000000000008A
:10E69000000000000000000000000000000000007A
:10E6A000000000000000000000000000000000006A
:10E6B000000000000000000000000000000000005A
:10E6C000000000000000000000000000000000004A
:10E6D000000000000000000000000000000000003A
:10E6E000000000000000000000000000000000002A
:10E6F000000000000000000000000000000000001A
:10E700000000000000000000000000000000000009
:10E7100000000000000000000000000000000000F9
:10E7200000000000000000000000000000000000E9
:10E7300000000000000000000000000000000000D9
:10E7400000000000000000000000000000000000C9
:10E7500000000000000000000000000000000000B9
:10E7600000000000000000000000000000000000A9
:10E770000000000000000000000000000000000099
:10E780000000000000000000000000000000000089
:10E790000000000000000000000000000000000079
:10E7A0000000000000000000000000000000000069
:10E7B0000000000000000000000000000000000059
:10E7C0000000000000000000000000000000000049
:10E7D0000000000000000000000000000000000039
:10E7E0000000000000000000000000000000000029
:10E7F0000000000000000000000000000000000019
:10E800000000000000000000000000000000000008
:10E8100000000000000000000000000000000000F8
:10E8200000000000000000000000000000000000E8
:10E8300000000000000000000000000000000000D8
:10E8400000000000000000000000000000000000C8
:10E8500000000000000000000000000000000000B8
:10E8600000000000000000000000000000000000A8
:10E870000000000000000000000000000000000098
:10E880000000000000000000000000000000000088
:10E890000000000000000000000000000000000078
:10E8A0000000000000000000000000000000000068
:10E8B0000000000000000000000000000000000058
:10E8C0000000000000000000000000000000000048
:10E8D0000000000000000000000000000000000038
:10E8E0000000000000000000000000000000000028
:10E8F0000000000000000000000000000000000018
:10E900000000000000000000000000000000000007
:10E9100000000000000000000000000000000000F7
:10E9200000000000000000000000000000000000E7
:10E9300000000000000000000000000000000000D7
:10E9400000000000000000000000000000000000C7
:10E9500000000000000000000000000000000000B7
:10E9600000000000000000000000000000000000A7
:10E970000000000000000000000000000000000097
:10E980000000000000000000000000000000000087
:10E990000000000000000000000000000000000077
:10E9A0000000000000000000000000000000000067
:10E9B0000000000000000000000000000000000057
:10E9C0000000000000000000000000000000000047
:10E9D0000000000000000000000000000000000037
:10E9E0000000000000000000000000000000000027
:10E9F0000000000000000000000000000000000017
:10EA00000000000000000000000000000000000006
:10EA100000000000000000000000000000000000F6
:10EA200000000000000000000000000000000000E6
:10EA300000000000000000000000000000000000D6
:10EA400000000000000000000000000000000000C6
:10EA500000000000000000000000000000000000B6
:10EA600000000000000000000000000000000000A6
:10EA70000000000000000000000000000000000096
:10EA80000000000000000000000000000000000086
:10EA90000000000000000000000000000000000076
:10EAA0000000000000000000000000000000000066
:10EAB0000000000000000000000000000000000056
:10EAC0000000000000000000000000000000000046
:10EAD0000000000000000000000000000000000036
:10EAE0000000000000000000000000000000000026
:10EAF0000000000000000000000000000000000016
:10EB00000000000000000000000000000000000005
:10EB100000000000000000000000000000000000F5
:10EB200000000000000000000000000000000000E5
:10EB300000000000000000000000000000000000D5
:10EB400000000000000000000000000000000000C5
:10EB500000000000000000000000000000000000B5
:10EB600000000000000000000000000000000000A5
:10EB70000000000000000000000000000000000095
:10EB80000000000000000000000000000000000085
:10EB90000000000000000000000000000000000075
:10EBA0000000000000000000000000000000000065
:10EBB0000000000000000000000000000000000055
:10EBC0000000000000000000000000000000000045
:10EBD0000000000000000000000000000000000035
:10EBE0000000000000000000000000000000000025
:10EBF0000000000000000000000000000000000015
:10EC00000000000000000000000000000000000004
:10EC100000000000000000000000000000000000F4
:10EC200000000000000000000000000000000000E4
:10EC300000000000000000000000000000000000D4
:10EC400000000000000000000000000000000000C4
:10EC500000000000000000000000000000000000B4
:10EC600000000000000000000000000000000000A4
:10EC70000000000000000000000000000000000094
:10EC80000000000000000000000000000000000084
:10EC90000000000000000000000000000000000074
:10ECA0000000000000000000000000000000000064
:10ECB0000000000000000000000000000000000054
:10ECC0000000000000000000000000000000000044
:10ECD0000000000000000000000000000000000034
:10ECE0000000000000000000000000000000000024
:10ECF0000000000000000000000000000000000014
:10ED00000000000000000000000000000000000003
:10ED100000000000000000000000000000000000F3
:10ED200000000000000000000000000000000000E3
:10ED300000000000000000000000000000000000D3
:10ED400000000000000000000000000000000000C3
:10ED500000000000000000000000000000000000B3
:10ED600000000000000000000000000000000000A3
:10ED70000000000000000000000000000000000093
:10ED80000000000000000000000000000000000083
:10ED90000000000000000000000000000000000073
:10EDA0000000000000000000000000000000000063
:10EDB0000000000000000000000000000000000053
:10EDC0000000000000000000000000000000000043
:10EDD0000000000000000000000000000000000033
:10EDE0000000000000000000000000000000000023
:10EDF0000000000000000000000000000000000013
:10EE00000000000000000000000000000000000002
:10EE100000000000000000000000000000000000F2
:10EE200000000000000000000000000000000000E2
:10EE300000000000000000000000000000000000D2
:10EE400000000000000000000000000000000000C2
:10EE500000000000000000000000000000000000B2
:10EE600000000000000000000000000000000000A2
:10EE70000000000000000000000000000000000092
:10EE80000000000000000000000000000000000082
:10EE90000000000000000000000000000000000072
:10EEA0000000000000000000000000000000000062
:10EEB0000000000000000000000000000000000052
:10EEC0000000000000000000000000000000000042
:10EED0000000000000000000000000000000000032
:10EEE0000000000000000000000000000000000022
:10EEF0000000000000000000000000000000000012
:10EF00000000000000000000000000000000000001
:10EF100000000000000000000000000000000000F1
:10EF200000000000000000000000000000000000E1
:10EF300000000000000000000000000000000000D1
:10EF400000000000000000000000000000000000C1
:10EF500000000000000000000000000000000000B1
:10EF600000000000000000000000000000000000A1
:10EF70000000000000000000000000000000000091
:10EF80000000000000000000000000000000000081
:10EF90000000000000000000000000000000000071
:10EFA0000000000000000000000000000000000061
:10EFB0000000000000000000000000000000000051
:10EFC0000000000000000000000000000000000041
:10EFD0000000000000000000000000000000000031
:10EFE0000000000000000000000000000000000021
:10EFF0000000000000000000000000000000000011
:10F000000000000000000000000000000000000000
:10F0100000000000000000000000000000000000F0
:10F0200000000000000000000000000000000000E0
:10F0300000000000000000000000000000000000D0
:10F0400000000000000000000000000000000000C0
:10F0500000000000000000000000000000000000B0
:10F0600000000000000000000000000000000000A0
:10F070000000000000000000000000000000000090
:10F080000000000000000000000000000000000080
:10F090000000000000000000000000000000000070
:10F0A0000000000000000000000000000000000060
:10F0B0000000000000000000000000000000000050
:10F0C0000000000000000000000000000000000040
:10F0D0000000000000000000000000000000000030
:10F0E0000000000000000000000000000000000020
:10F0F0000000000000000000000000000000000010
:10F1000000000000000000000000000000000000FF
:10F1100000000000000000000000000000000000EF
:10F1200000000000000000000000000000000000DF
:10F1300000000000000000000000000000000000CF
:10F1400000000000000000000000000000000000BF
:10F1500000000000000000000000000000000000AF
:10F16000000000000000000000000000000000009F
:10F17000000000000000000000000000000000008F
:10F18000000000000000000000000000000000007F
:10F19000000000000000000000000000000000006F
:10F1A000000000000000000000000000000000005F
:10F1B000000000000000000000000000000000004F
:10F1C000000000000000000000000000000000003F
:10F1D000000000000000000000000000000000002F
:10F1E000000000000000000000000000000000001F
:10F1F000000000000000000000000000000000000F
:10F2000000000000000000000000000000000000FE
:10F2100000000000000000000000000000000000EE
:10F2200000000000000000000000000000000000DE
:10F2300000000000000000000000000000000000CE
:10F2400000000000000000000000000000000000BE
:10F2500000000000000000000000000000000000AE
:10F26000000000000000000000000000000000009E
:10F27000000000000000000000000000000000008E
:10F28000000000000000000000000000000000007E
:10F29000000000000000000000000000000000006E
:10F2A000000000000000000000000000000000005E
:10F2B000000000000000000000000000000000004E
:10F2C000000000000000000000000000000000003E
:10F2D000000000000000000000000000000000002E
:10F2E000000000000000000000000000000000001E
:10F2F000000000000000000000000000000000000E
:10F3000000000000000000000000000000000000FD
:10F3100000000000000000000000000000000000ED
:10F3200000000000000000000000000000000000DD
:10F3300000000000000000000000000000000000CD
:10F3400000000000000000000000000000000000BD
:10F3500000000000000000000000000000000000AD
:10F36000000000000000000000000000000000009D
:10F37000000000000000000000000000000000008D
:10F38000000000000000000000000000000000007D
:10F39000000000000000000000000000000000006D
:10F3A000000000000000000000000000000000005D
:10F3B000000000000000000000000000000000004D
:10F3C000000000000000000000000000000000003D
:10F3D000000000000000000000000000000000002D
:10F3E000000000000000000000000000000000001D
:10F3F000000000000000000000000000000000000D
:10F4000000000000000000000000000000000000FC
:10F4100000000000000000000000000000000000EC
:10F4200000000000000000000000000000000000DC
:10F4300000000000000000000000000000000000CC
:10F4400000000000000000000000000000000000BC
:10F4500000000000000000000000000000000000AC
:10F46000000000000000000000000000000000009C
:10F47000000000000000000000000000000000008C
:10F48000000000000000000000000000000000007C
:10F49000000000000000000000000000000000006C
:10F4A000000000000000000000000000000000005C
:10F4B000000000000000000000000000000000004C
:10F4C000000000000000000000000000000000003C
:10F4D000000000000000000000000000000000002C
:10F4E000000000000000000000000000000000001C
:10F4F000000000000000000000000000000000000C
:10F5000000000000000000000000000000000000FB
:10F5100000000000000000000000000000000000EB
:10F5200000000000000000000000000000000000DB
:10F5300000000000000000000000000000000000CB
:10F5400000000000000000000000000000000000BB
:10F5500000000000000000000000000000000000AB
:10F56000000000000000000000000000000000009B
:10F57000000000000000000000000000000000008B
:10F58000000000000000000000000000000000007B
:10F59000000000000000000000000000000000006B
:10F5A000000000000000000000000000000000005B
:10F5B000000000000000000000000000000000004B
:10F5C000000000000000000000000000000000003B
:10F5D000000000000000000000000000000000002B
:10F5E000000000000000000000000000000000001B
:10F5F000000000000000000000000000000000000B
:10F6000000000000000000000000000000000000FA
:10F6100000000000000000000000000000000000EA
:10F6200000000000000000000000000000000000DA
:10F6300000000000000000000000000000000000CA
:10F6400000000000000000000000000000000000BA
:10F6500000000000000000000000000000000000AA
:10F66000000000000000000000000000000000009A
:10F67000000000000000000000000000000000008A
:10F68000000000000000000000000000000000007A
:10F69000000000000000000000000000000000006A
:10F6A000000000000000000000000000000000005A
:10F6B000000000000000000000000000000000004A
:10F6C000000000000000000000000000000000003A
:10F6D000000000000000000000000000000000002A
:10F6E000000000000000000000000000000000001A
:10F6F000000000000000000000000000000000000A
:10F7000000000000000000000000000000000000F9
:10F7100000000000000000000000000000000000E9
:10F7200000000000000000000000000000000000D9
:10F7300000000000000000000000000000000000C9
:10F7400000000000000000000000000000000000B9
:10F7500000000000000000000000000000000000A9
:10F760000000000000000000000000000000000099
:10F770000000000000000000000000000000000089
:10F780000000000000000000000000000000000079
:10F790000000000000000000000000000000000069
:10F7A0000000000000000000000000000000000059
:10F7B0000000000000000000000000000000000049
:10F7C0000000000000000000000000000000000039
:10F7D0000000000000000000000000000000000029
:10F7E0000000000000000000000000000000000019
:10F7F0000000000000000000000000000000000009
:10F8000000000000000000000000000000000000F8
:10F8100000000000000000000000000000000000E8
:10F8200000000000000000000000000000000000D8
:10F8300000000000000000000000000000000000C8
:10F8400000000000000000000000000000000000B8
:10F8500000000000000000000000000000000000A8
:10F860000000000000000000000000000000000098
:10F870000000000000000000000000000000000088
:10F880000000000000000000000000000000000078
:10F890000000000000000000000000000000000068
:10F8A0000000000000000000000000000000000058
:10F8B0000000000000000000000000000000000048
:10F8C0000000000000000000000000000000000038
:10F8D0000000000000000000000000000000000028
:10F8E0000000000000000000000000000000000018
:10F8F0000000000000000000000000000000000008
:10F9000000000000000000000000000000000000F7
:10F9100000000000000000000000000000000000E7
:10F9200000000000000000000000000000000000D7
:10F9300000000000000000000000000000000000C7
:10F9400000000000000000000000000000000000B7
:10F9500000000000000000000000000000000000A7
:10F960000000000000000000000000000000000097
:10F970000000000000000000000000000000000087
:10F980000000000000000000000000000000000077
:10F990000000000000000000000000000000000067
:10F9A0000000000000000000000000000000000057
:10F9B0000000000000000000000000000000000047
:10F9C0000000000000000000000000000000000037
:10F9D0000000000000000000000000000000000027
:10F9E0000000000000000000000000000000000017
:10F9F0000000000000000000000000000000000007
:10FA000000000000000000000000000000000000F6
:10FA100000000000000000000000000000000000E6
:10FA200000000000000000000000000000000000D6
:10FA300000000000000000000000000000000000C6
:10FA400000000000000000000000000000000000B6
:10FA500000000000000000000000000000000000A6
:10FA60000000000000000000000000000000000096
:10FA70000000000000000000000000000000000086
:10FA80000000000000000000000000000000000076
:10FA90000000000000000000000000000000000066
:10FAA0000000000000000000000000000000000056
:10FAB0000000000000000000000000000000000046
:10FAC0000000000000000000000000000000000036
:10FAD0000000000000000000000000000000000026
:10FAE0000000000000000000000000000000000016
:10FAF0000000000000000000000000000000000006
:10FB000000000000000000000000000000000000F5
:10FB100000000000000000000000000000000000E5
:10FB200000000000000000000000000000000000D5
:10FB300000000000000000000000000000000000C5
:10FB400000000000000000000000000000000000B5
:10FB500000000000000000000000000000000000A5
:10FB60000000000000000000000000000000000095
:10FB70000000000000000000000000000000000085
:10FB80000000000000000000000000000000000075
:10FB90000000000000000000000000000000000065
:10FBA0000000000000000000000000000000000055
:10FBB0000000000000000000000000000000000045
:10FBC0000000000000000000000000000000000035
:10FBD0000000000000000000000000000000000025
:10FBE0000000000000000000000000000000000015
:10FBF0000000000000000000000000000000000005
:10FC000000000000000000000000000000000000F4
:10FC100000000000000000000000000000000000E4
:10FC200000000000000000000000000000000000D4
:10FC300000000000000000000000000000000000C4
:10FC400000000000000000000000000000000000B4
:10FC500000000000000000000000000000000000A4
:10FC60000000000000000000000000000000000094
:10FC70000000000000000000000000000000000084
:10FC80000000000000000000000000000000000074
:10FC90000000000000000000000000000000000064
:10FCA0000000000000000000000000000000000054
:10FCB0000000000000000000000000000000000044
:10FCC0000000000000000000000000000000000034
:10FCD0000000000000000000000000000000000024
:10FCE0000000000000000000000000000000000014
:10FCF0000000000000000000000000000000000004
:10FD000000000000000000000000000000000000F3
:10FD100000000000000000000000000000000000E3
:10FD200000000000000000000000000000000000D3
:10FD300000000000000000000000000000000000C3
:10FD400000000000000000000000000000000000B3
:10FD500000000000000000000000000000000000A3
:10FD60000000000000000000000000000000000093
:10FD70000000000000000000000000000000000083
:10FD80000000000000000000000000000000000073
:10FD90000000000000000000000000000000000063
:10FDA0000000000000000000000000000000000053
:10FDB0000000000000000000000000000000000043
:10FDC0000000000000000000000000000000000033
:10FDD0000000000000000000000000000000000023
:10FDE0000000000000000000000000000000000013
:10FDF0000000000000000000000000000000000003
:10FE000000000000000000000000000000000000F2
:10FE100000000000000000000000000000000000E2
:10FE200000000000000000000000000000000000D2
:10FE300000000000000000000000000000000000C2
:10FE400000000000000000000000000000000000B2
:10FE500000000000000000000000000000000000A2
:10FE60000000000000000000000000000000000092
:10FE70000000000000000000000000000000000082
:10FE80000000000000000000000000000000000072
:10FE90000000000000000000000000000000000062
:10FEA0000000000000000000000000000000000052
:10FEB0000000000000000000000000000000000042
:10FEC0000000000000000000000000000000000032
:10FED0000000000000000000000000000000000022
:10FEE0000000000000000000000000000000000012
:10FEF0000000000000000000000000000000000002
:10FF000000000000000000000000000000000000F1
:10FF100000000000000000000000000000000000E1
:10FF200000000000000000000000000000000000D1
:10FF300000000000000000000000000000000000C1
:10FF400000000000000000000000000000000000B1
:10FF500000000000000000000000000000000000A1
:10FF60000000000000000000000000000000000091
:10FF70000000000000000000000000000000000081
:10FF80000000000000000000000000000000000071
:10FF90000000000000000000000000000000000061
:10FFA0000000000000000000000000000000000051
:10FFB0000000000000000000000000000000000041
:10FFC0000000000000000000000000000000000031
:10FFD0000000000000000000000000000000000021
:10FFE0000000000000000000000000000000000011
:10FFF0000000000000000000000000000000000001
:020000040005F5
:1000000000000000000000000000000000000000F0
:1000100000000000000000000000000000000000E0
:1000200000000000000000000000000000000000D0
:1000300000000000000000000000000000000000C0
:1000400000000000000000000000000000000000B0
:1000500000000000000000000000000000000000A0
:100060000000000000000000000000000000000090
:100070000000000000000000000000000000000080
:100080000000000000000000000000000000000070
:100090000000000000000000000000000000000060
:1000A0000000000000000000000000000000000050
:1000B0000000000000000000000000000000000040
:1000C0000000000000000000000000000000000030
:1000D0000000000000000000000000000000000020
:1000E0000000000000000000000000000000000010
:1000F0000000000000000000000000000000000000
:1001000000000000000000000000000000000000EF
:1001100000000000000000000000000000000000DF
:1001200000000000000000000000000000000000CF
:1001300000000000000000000000000000000000BF
:1001400000000000000000000000000000000000AF
:10015000000000000000000000000000000000009F
:10016000000000000000000000000000000000008F
:10017000000000000000000000000000000000007F
:10018000000000000000000000000000000000006F
:10019000000000000000000000000000000000005F
:1001A000000000000000000000000000000000004F
:1001B000000000000000000000000000000000003F
:1001C000000000000000000000000000000000002F
:1001D000000000000000000000000000000000001F
:1001E000000000000000000000000000000000000F
:1001F00000000000000000000000000000000000FF
:1002000000000000000000000000000000000000EE
:1002100000000000000000000000000000000000DE
:1002200000000000000000000000000000000000CE
:1002300000000000000000000000000000000000BE
:1002400000000000000000000000000000000000AE
:10025000000000000000000000000000000000009E
:10026000000000000000000000000000000000008E
:10027000000000000000000000000000000000007E
:10028000000000000000000000000000000000006E
:10029000000000000000000000000000000000005E
:1002A000000000000000000000000000000000004E
:1002B000000000000000000000000000000000003E
:1002C000000000000000000000000000000000002E
:1002D000000000000000000000000000000000001E
:1002E000000000000000000000000000000000000E
:1002F00000000000000000000000000000000000FE
:1003000000000000000000000000000000000000ED
:1003100000000000000000000000000000000000DD
:1003200000000000000000000000000000000000CD
:1003300000000000000000000000000000000000BD
:1003400000000000000000000000000000000000AD
:10035000000000000000000000000000000000009D
:10036000000000000000000000000000000000008D
:10037000000000000000000000000000000000007D
:10038000000000000000000000000000000000006D
:10039000000000000000000000000000000000005D
:1003A000000000000000000000000000000000004D
:1003B000000000000000000000000000000000003D
:1003C000000000000000000000000000000000002D
:1003D000000000000000000000000000000000001D
:1003E000000000000000000000000000000000000D
:1003F00000000000000000000000000000000000FD
:1004000000000000000000000000000000000000EC
:1004100000000000000000000000000000000000DC
:1004200000000000000000000000000000000000CC
:1004300000000000000000000000000000000000BC
:1004400000000000000000000000000000000000AC
:10045000000000000000000000000000000000009C
:10046000000000000000000000000000000000008C
:10047000000000000000000000000000000000007C
:10048000000000000000000000000000000000006C
:10049000000000000000000000000000000000005C
:1004A000000000000000000000000000000000004C
:1004B000000000000000000000000000000000003C
:1004C000000000000000000000000000000000002C
:1004D000000000000000000000000000000000001C
:1004E000000000000000000000000000000000000C
:1004F00000000000000000000000000000000000FC
:1005000000000000000000000000000000000000EB
:1005100000000000000000000000000000000000DB
:1005200000000000000000000000000000000000CB
:1005300000000000000000000000000000000000BB
:1005400000000000000000000000000000000000AB
:10055000000000000000000000000000000000009B
:10056000000000000000000000000000000000008B
:10057000000000000000000000000000000000007B
:10058000000000000000000000000000000000006B
:10059000000000000000000000000000000000005B
:1005A000000000000000000000000000000000004B
:1005B000000000000000000000000000000000003B
:1005C000000000000000000000000000000000002B
:1005D000000000000000000000000000000000001B
:1005E000000000000000000000000000000000000B
:1005F00000000000000000000000000000000000FB
:1006000000000000000000000000000000000000EA
:1006100000000000000000000000000000000000DA
:1006200000000000000000000000000000000000CA
:1006300000000000000000000000000000000000BA
:1006400000000000000000000000000000000000AA
:10065000000000000000000000000000000000009A
:10066000000000000000000000000000000000008A
:10067000000000000000000000000000000000007A
:10068000000000000000000000000000000000006A
:10069000000000000000000000000000000000005A
:1006A000000000000000000000000000000000004A
:1006B000000000000000000000000000000000003A
:1006C000000000000000000000000000000000002A
:1006D000000000000000000000000000000000001A
:1006E000000000000000000000000000000000000A
:1006F00000000000000000000000000000000000FA
:1007000000000000000000000000000000000000E9
:1007100000000000000000000000000000000000D9
:1007200000000000000000000000000000000000C9
:1007300000000000000000000000000000000000B9
:1007400000000000000000000000000000000000A9
:100750000000000000000000000000000000000099
:100760000000000000000000000000000000000089
:100770000000000000000000000000000000000079
:100780000000000000000000000000000000000069
:100790000000000000000000000000000000000059
:1007A0000000000000000000000000000000000049
:1007B0000000000000000000000000000000000039
:1007C0000000000000000000000000000000000029
:1007D0000000000000000000000000000000000019
:1007E0000000000000000000000000000000000009
:1007F00000000000000000000000000000000000F9
:1008000000000000000000000000000000000000E8
:1008100000000000000000000000000000000000D8
:1008200000000000000000000000000000000000C8
:1008300000000000000000000000000000000000B8
:1008400000000000000000000000000000000000A8
:100850000000000000000000000000000000000098
:100860000000000000000000000000000000000088
:100870000000000000000000000000000000000078
:100880000000000000000000000000000000000068
:100890000000000000000000000000000000000058
:1008A0000000000000000000000000000000000048
:1008B0000000000000000000000000000000000038
:1008C0000000000000000000000000000000000028
:1008D0000000000000000000000000000000000018
:1008E0000000000000000000000000000000000008
:1008F00000000000000000000000000000000000F8
:1009000000000000000000000000000000000000E7
:1009100000000000000000000000000000000000D7
:1009200000000000000000000000000000000000C7
:1009300000000000000000000000000000000000B7
:1009400000000000000000000000000000000000A7
:100950000000000000000000000000000000000097
:100960000000000000000000000000000000000087
:100970000000000000000000000000000000000077
:100980000000000000000000000000000000000067
:100990000000000000000000000000000000000057
:1009A0000000000000000000000000000000000047
:1009B0000000000000000000000000000000000037
:1009C0000000000000000000000000000000000027
:1009D0000000000000000000000000000000000017
:1009E0000000000000000000000000000000000007
:1009F00000000000000000000000000000000000F7
:100A000000000000000000000000000000000000E6
:100A100000000000000000000000000000000000D6
:100A200000000000000000000000000000000000C6
:100A300000000000000000000000000000000000B6
:100A400000000000000000000000000000000000A6
:100A50000000000000000000000000000000000096
:100A60000000000000000000000000000000000086
:100A70000000000000000000000000000000000076
:100A80000000000000000000000000000000000066
:100A90000000000000000000000000000000000056
:100AA0000000000000000000000000000000000046
:100AB0000000000000000000000000000000000036
:100AC0000000000000000000000000000000000026
:100AD0000000000000000000000000000000000016
:100AE0000000000000000000000000000000000006
:100AF00000000000000000000000000000000000F6
:100B000000000000000000000000000000000000E5
:100B100000000000000000000000000000000000D5
:100B200000000000000000000000000000000000C5
:100B300000000000000000000000000000000000B5
:100B400000000000000000000000000000000000A5
:100B50000000000000000000000000000000000095
:100B60000000000000000000000000000000000085
:100B70000000000000000000000000000000000075
:100B80000000000000000000000000000000000065
:100B90000000000000000000000000000000000055
:100BA0000000000000000000000000000000000045
:100BB0000000000000000000000000000000000035
:100BC0000000000000000000000000000000000025
:100BD0000000000000000000000000000000000015
:100BE0000000000000000000000000000000000005
:100BF00000000000000000000000000000000000F5
:100C000000000000000000000000000000000000E4
:100C100000000000000000000000000000000000D4
:100C200000000000000000000000000000000000C4
:100C300000000000000000000000000000000000B4
:100C400000000000000000000000000000000000A4
:100C50000000000000000000000000000000000094
:100C60000000000000000000000000000000000084
:100C70000000000000000000000000000000000074
:100C80000000000000000000000000000000000064
:100C90000000000000000000000000000000000054
:100CA0000000000000000000000000000000000044
:100CB0000000000000000000000000000000000034
:100CC0000000000000000000000000000000000024
:100CD0000000000000000000000000000000000014
:100CE0000000000000000000000000000000000004
:100CF00000000000000000000000000000000000F4
:100D000000000000000000000000000000000000E3
:100D100000000000000000000000000000000000D3
:100D200000000000000000000000000000000000C3
:100D300000000000000000000000000000000000B3
:100D400000000000000000000000000000000000A3
:100D50000000000000000000000000000000000093
:100D60000000000000000000000000000000000083
:100D70000000000000000000000000000000000073
:100D80000000000000000000000000000000000063
:100D90000000000000000000000000000000000053
:100DA0000000000000000000000000000000000043
:100DB0000000000000000000000000000000000033
:100DC0000000000000000000000000000000000023
:100DD0000000000000000000000000000000000013
:100DE0000000000000000000000000000000000003
:100DF00000000000000000000000000000000000F3
:100E000000000000000000000000000000000000E2
:100E100000000000000000000000000000000000D2
:100E200000000000000000000000000000000000C2
:100E300000000000000000000000000000000000B2
:100E400000000000000000000000000000000000A2
:100E50000000000000000000000000000000000092
:100E60000000000000000000000000000000000082
:100E70000000000000000000000000000000000072
:100E80000000000000000000000000000000000062
:100E90000000000000000000000000000000000052
:100EA0000000000000000000000000000000000042
:100EB0000000000000000000000000000000000032
:100EC0000000000000000000000000000000000022
:100ED0000000000000000000000000000000000012
:100EE0000000000000000000000000000000000002
:100EF00000000000000000000000000000000000F2
:100F000000000000000000000000000000000000E1
:100F100000000000000000000000000000000000D1
:100F200000000000000000000000000000000000C1
:100F300000000000000000000000000000000000B1
:100F400000000000000000000000000000000000A1
:100F50000000000000000000000000000000000091
:100F60000000000000000000000000000000000081
:100F70000000000000000000000000000000000071
:100F80000000000000000000000000000000000061
:100F90000000000000000000000000000000000051
:100FA0000000000000000000000000000000000041
:100FB0000000000000000000000000000000000031
:100FC0000000000000000000000000000000000021
:100FD0000000000000000000000000000000000011
:100FE0000000000000000000000000000000000001
:100FF00000000000000000000000000000000000F1
:1010000000000000000000000000000000000000E0
:1010100000000000000000000000000000000000D0
:1010200000000000000000000000000000000000C0
:1010300000000000000000000000000000000000B0
:1010400000000000000000000000000000000000A0
:101050000000000000000000000000000000000090
:101060000000000000000000000000000000000080
:101070000000000000000000000000000000000070
:101080000000000000000000000000000000000060
:101090000000000000000000000000000000000050
:1010A0000000000000000000000000000000000040
:1010B0000000000000000000000000000000000030
:1010C0000000000000000000000000000000000020
:1010D0000000000000000000000000000000000010
:1010E0000000000000000000000000000000000000
:1010F00000000000000000000000000000000000F0
:1011000000000000000000000000000000000000DF
:1011100000000000000000000000000000000000CF
:1011200000000000000000000000000000000000BF
:1011300000000000000000000000000000000000AF
:10114000000000000000000000000000000000009F
:10115000000000000000000000000000000000008F
:10116000000000000000000000000000000000007F
:10117000000000000000000000000000000000006F
:10118000000000000000000000000000000000005F
:10119000000000000000000000000000000000004F
:1011A000000000000000000000000000000000003F
:1011B000000000000000000000000000000000002F
:1011C000000000000000000000000000000000001F
:1011D000000000000000000000000000000000000F
:1011E00000000000000000000000000000000000FF
:1011F00000000000000000000000000000000000EF
:1012000000000000000000000000000000000000DE
:1012100000000000000000000000000000000000CE
:1012200000000000000000000000000000000000BE
:1012300000000000000000000000000000000000AE
:10124000000000000000000000000000000000009E
:10125000000000000000000000000000000000008E
:10126000000000000000000000000000000000007E
:10127000000000000000000000000000000000006E
:10128000000000000000000000000000000000005E
:10129000000000000000000000000000000000004E
:1012A000000000000000000000000000000000003E
:1012B000000000000000000000000000000000002E
:1012C000000000000000000000000000000000001E
:1012D000000000000000000000000000000000000E
:1012E00000000000000000000000000000000000FE
:1012F00000000000000000000000000000000000EE
:1013000000000000000000000000000000000000DD
:1013100000000000000000000000000000000000CD
:1013200000000000000000000000000000000000BD
:1013300000000000000000000000000000000000AD
:10134000000000000000000000000000000000009D
:10135000000000000000000000000000000000008D
:10136000000000000000000000000000000000007D
:10137000000000000000000000000000000000006D
:10138000000000000000000000000000000000005D
:10139000000000000000000000000000000000004D
:1013A000000000000000000000000000000000003D
:1013B000000000000000000000000000000000002D
:1013C000000000000000000000000000000000001D
:1013D000000000000000000000000000000000000D
:1013E00000000000000000000000000000000000FD
:1013F00000000000000000000000000000000000ED
:1014000000000000000000000000000000000000DC
:1014100000000000000000000000000000000000CC
:1014200000000000000000000000000000000000BC
:1014300000000000000000000000000000000000AC
:10144000000000000000000000000000000000009C
:10145000000000000000000000000000000000008C
:10146000000000000000000000000000000000007C
:10147000000000000000000000000000000000006C
:10148000000000000000000000000000000000005C
:10149000000000000000000000000000000000004C
:1014A000000000000000000000000000000000003C
:1014B000000000000000000000000000000000002C
:1014C000000000000000000000000000000000001C
:1014D000000000000000000000000000000000000C
:1014E00000000000000000000000000000000000FC
:1014F00000000000000000000000000000000000EC
:1015000000000000000000000000000000000000DB
:1015100000000000000000000000000000000000CB
:1015200000000000000000000000000000000000BB
:1015300000000000000000000000000000000000AB
:10154000000000000000000000000000000000009B
:10155000000000000000000000000000000000008B
:10156000000000000000000000000000000000007B
:10157000000000000000000000000000000000006B
:10158000000000000000000000000000000000005B
:10159000000000000000000000000000000000004B
:1015A000000000000000000000000000000000003B
:1015B000000000000000000000000000000000002B
:1015C000000000000000000000000000000000001B
:1015D000000000000000000000000000000000000B
:1015E00000000000000000000000000000000000FB
:1015F00000000000000000000000000000000000EB
:1016000000000000000000000000000000000000DA
:1016100000000000000000000000000000000000CA
:1016200000000000000000000000000000000000BA
:1016300000000000000000000000000000000000AA
:10164000000000000000000000000000000000009A
:10165000000000000000000000000000000000008A
:10166000000000000000000000000000000000007A
:10167000000000000000000000000000000000006A
:10168000000000000000000000000000000000005A
:10169000000000000000000000000000000000004A
:1016A000000000000000000000000000000000003A
:1016B000000000000000000000000000000000002A
:1016C000000000000000000000000000000000001A
:1016D000000000000000000000000000000000000A
:1016E00000000000000000000000000000000000FA
:1016F00000000000000000000000000000000000EA
:1017000000000000000000000000000000000000D9
:1017100000000000000000000000000000000000C9
:1017200000000000000000000000000000000000B9
:1017300000000000000000000000000000000000A9
:101740000000000000000000000000000000000099
:101750000000000000000000000000000000000089
:101760000000000000000000000000000000000079
:101770000000000000000000000000000000000069
:101780000000000000000000000000000000000059
:101790000000000000000000000000000000000049
:1017A0000000000000000000000000000000000039
:1017B0000000000000000000000000000000000029
:1017C0000000000000000000000000000000000019
:1017D0000000000000000000000000000000000009
:1017E00000000000000000000000000000000000F9
:1017F00000000000000000000000000000000000E9
:1018000000000000000000000000000000000000D8
:1018100000000000000000000000000000000000C8
:1018200000000000000000000000000000000000B8
:1018300000000000000000000000000000000000A8
:101840000000000000000000000000000000000098
:101850000000000000000000000000000000000088
:101860000000000000000000000000000000000078
:101870000000000000000000000000000000000068
:101880000000000000000000000000000000000058
:101890000000000000000000000000000000000048
:1018A0000000000000000000000000000000000038
:1018B0000000000000000000000000000000000028
:1018C0000000000000000000000000000000000018
:1018D0000000000000000000000000000000000008
:1018E00000000000000000000000000000000000F8
:1018F00000000000000000000000000000000000E8
:1019000000000000000000000000000000000000D7
:1019100000000000000000000000000000000000C7
:1019200000000000000000000000000000000000B7
:1019300000000000000000000000000000000000A7
:101940000000000000000000000000000000000097
:101950000000000000000000000000000000000087
:101960000000000000000000000000000000000077
:101970000000000000000000000000000000000067
:101980000000000000000000000000000000000057
:101990000000000000000000000000000000000047
:1019A0000000000000000000000000000000000037
:1019B0000000000000000000000000000000000027
:1019C0000000000000000000000000000000000017
:1019D0000000000000000000000000000000000007
:1019E00000000000000000000000000000000000F7
:1019F00000000000000000000000000000000000E7
:101A000000000000000000000000000000000000D6
:101A100000000000000000000000000000000000C6
:101A200000000000000000000000000000000000B6
:101A300000000000000000000000000000000000A6
:101A40000000000000000000000000000000000096
:101A50000000000000000000000000000000000086
:101A60000000000000000000000000000000000076
:101A70000000000000000000000000000000000066
:101A80000000000000000000000000000000000056
:101A90000000000000000000000000000000000046
:101AA0000000000000000000000000000000000036
:101AB0000000000000000000000000000000000026
:101AC0000000000000000000000000000000000016
:101AD0000000000000000000000000000000000006
:101AE00000000000000000000000000000000000F6
:101AF00000000000000000000000000000000000E6
:101B000000000000000000000000000000000000D5
:101B100000000000000000000000000000000000C5
:101B200000000000000000000000000000000000B5
:101B300000000000000000000000000000000000A5
:101B40000000000000000000000000000000000095
:101B50000000000000000000000000000000000085
:101B60000000000000000000000000000000000075
:101B70000000000000000000000000000000000065
:101B80000000000000000000000000000000000055
:101B90000000000000000000000000000000000045
:101BA0000000000000000000000000000000000035
:101BB0000000000000000000000000000000000025
:101BC0000000000000000000000000000000000015
:101BD0000000000000000000000000000000000005
:101BE00000000000000000000000000000000000F5
:101BF00000000000000000000000000000000000E5
:101C000000000000000000000000000000000000D4
:101C100000000000000000000000000000000000C4
:101C200000000000000000000000000000000000B4
:101C300000000000000000000000000000000000A4
:101C40000000000000000000000000000000000094
:101C50000000000000000000000000000000000084
:101C60000000000000000000000000000000000074
:101C70000000000000000000000000000000000064
:101C80000000000000000000000000000000000054
:101C90000000000000000000000000000000000044
:101CA0000000000000000000000000000000000034
:101CB0000000000000000000000000000000000024
:101CC0000000000000000000000000000000000014
:101CD0000000000000000000000000000000000004
:101CE00000000000000000000000000000000000F4
:101CF00000000000000000000000000000000000E4
:101D000000000000000000000000000000000000D3
:101D100000000000000000000000000000000000C3
:101D200000000000000000000000000000000000B3
:101D300000000000000000000000000000000000A3
:101D40000000000000000000000000000000000093
:101D50000000000000000000000000000000000083
:101D60000000000000000000000000000000000073
:101D70000000000000000000000000000000000063
:101D80000000000000000000000000000000000053
:101D90000000000000000000000000000000000043
:101DA0000000000000000000000000000000000033
:101DB0000000000000000000000000000000000023
:101DC0000000000000000000000000000000000013
:101DD0000000000000000000000000000000000003
:101DE00000000000000000000000000000000000F3
:101DF00000000000000000000000000000000000E3
:101E000000000000000000000000000000000000D2
:101E100000000000000000000000000000000000C2
:101E200000000000000000000000000000000000B2
:101E300000000000000000000000000000000000A2
:101E40000000000000000000000000000000000092
:101E50000000000000000000000000000000000082
:101E60000000000000000000000000000000000072
:101E70000000000000000000000000000000000062
:101E80000000000000000000000000000000000052
:101E90000000000000000000000000000000000042
:101EA0000000000000000000000000000000000032
:101EB0000000000000000000000000000000000022
:101EC0000000000000000000000000000000000012
:101ED0000000000000000000000000000000000002
:101EE00000000000000000000000000000000000F2
:101EF00000000000000000000000000000000000E2
:101F000000000000000000000000000000000000D1
:101F100000000000000000000000000000000000C1
:101F200000000000000000000000000000000000B1
:101F300000000000000000000000000000000000A1
:101F40000000000000000000000000000000000091
:101F50000000000000000000000000000000000081
:101F60000000000000000000000000000000000071
:101F70000000000000000000000000000000000061
:101F80000000000000000000000000000000000051
:101F90000000000000000000000000000000000041
:101FA0000000000000000000000000000000000031
:101FB0000000000000000000000000000000000021
:101FC0000000000000000000000000000000000011
:101FD0000000000000000000000000000000000001
:101FE00000000000000000000000000000000000F1
:101FF00000000000000000000000000000000000E1
:1020000000000000000000000000000000000000D0
:1020100000000000000000000000000000000000C0
:1020200000000000000000000000000000000000B0
:1020300000000000000000000000000000000000A0
:102040000000000000000000000000000000000090
:102050000000000000000000000000000000000080
:102060000000000000000000000000000000000070
:102070000000000000000000000000000000000060
:102080000000000000000000000000000000000050
:102090000000000000000000000000000000000040
:1020A0000000000000000000000000000000000030
:1020B0000000000000000000000000000000000020
:1020C0000000000000000000000000000000000010
:1020D0000000000000000000000000000000000000
:1020E00000000000000000000000000000000000F0
:1020F00000000000000000000000000000000000E0
:1021000000000000000000000000000000000000CF
:1021100000000000000000000000000000000000BF
:1021200000000000000000000000000000000000AF
:10213000000000000000000000000000000000009F
:10214000000000000000000000000000000000008F
:10215000000000000000000000000000000000007F
:10216000000000000000000000000000000000006F
:10217000000000000000000000000000000000005F
:10218000000000000000000000000000000000004F
:10219000000000000000000000000000000000003F
:1021A000000000000000000000000000000000002F
:1021B000000000000000000000000000000000001F
:1021C000000000000000000000000000000000000F
:1021D00000000000000000000000000000000000FF
:1021E00000000000000000000000000000000000EF
:1021F00000000000000000000000000000000000DF
:1022000000000000000000000000000000000000CE
:1022100000000000000000000000000000000000BE
:1022200000000000000000000000000000000000AE
:10223000000000000000000000000000000000009E
:10224000000000000000000000000000000000008E
:10225000000000000000000000000000000000007E
:10226000000000000000000000000000000000006E
:10227000000000000000000000000000000000005E
:10228000000000000000000000000000000000004E
:10229000000000000000000000000000000000003E
:1022A000000000000000000000000000000000002E
:1022B000000000000000000000000000000000001E
:1022C000000000000000000000000000000000000E
:1022D00000000000000000000000000000000000FE
:1022E00000000000000000000000000000000000EE
:1022F00000000000000000000000000000000000DE
:1023000000000000000000000000000000000000CD
:1023100000000000000000000000000000000000BD
:1023200000000000000000000000000000000000AD
:10233000000000000000000000000000000000009D
:10234000000000000000000000000000000000008D
:10235000000000000000000000000000000000007D
:10236000000000000000000000000000000000006D
:10237000000000000000000000000000000000005D
:10238000000000000000000000000000000000004D
:10239000000000000000000000000000000000003D
:1023A000000000000000000000000000000000002D
:1023B000000000000000000000000000000000001D
:1023C000000000000000000000000000000000000D
:1023D00000000000000000000000000000000000FD
:1023E00000000000000000000000000000000000ED
:1023F00000000000000000000000000000000000DD
:1024000000000000000000000000000000000000CC
:1024100000000000000000000000000000000000BC
:1024200000000000000000000000000000000000AC
:10243000000000000000000000000000000000009C
:10244000000000000000000000000000000000008C
:10245000000000000000000000000000000000007C
:10246000000000000000000000000000000000006C
:10247000000000000000000000000000000000005C
:10248000000000000000000000000000000000004C
:10249000000000000000000000000000000000003C
:1024A000000000000000000000000000000000002C
:1024B000000000000000000000000000000000001C
:1024C000000000000000000000000000000000000C
:1024D00000000000000000000000000000000000FC
:1024E00000000000000000000000000000000000EC
:1024F00000000000000000000000000000000000DC
:1025000000000000000000000000000000000000CB
:1025100000000000000000000000000000000000BB
:1025200000000000000000000000000000000000AB
:10253000000000000000000000000000000000009B
:10254000000000000000000000000000000000008B
:10255000000000000000000000000000000000007B
:10256000000000000000000000000000000000006B
:10257000000000000000000000000000000000005B
:10258000000000000000000000000000000000004B
:10259000000000000000000000000000000000003B
:1025A000000000000000000000000000000000002B
:1025B000000000000000000000000000000000001B
:1025C000000000000000000000000000000000000B
:1025D00000000000000000000000000000000000FB
:1025E00000000000000000000000000000000000EB
:1025F00000000000000000000000000000000000DB
:1026000000000000000000000000000000000000CA
:1026100000000000000000000000000000000000BA
:1026200000000000000000000000000000000000AA
:10263000000000000000000000000000000000009A
:10264000000000000000000000000000000000008A
:10265000000000000000000000000000000000007A
:10266000000000000000000000000000000000006A
:10267000000000000000000000000000000000005A
:10268000000000000000000000000000000000004A
:10269000000000000000000000000000000000003A
:1026A000000000000000000000000000000000002A
:1026B000000000000000000000000000000000001A
:1026C000000000000000000000000000000000000A
:1026D00000000000000000000000000000000000FA
:1026E00000000000000000000000000000000000EA
:1026F00000000000000000000000000000000000DA
:1027000000000000000000000000000000000000C9
:1027100000000000000000000000000000000000B9
:1027200000000000000000000000000000000000A9
:102730000000000000000000000000000000000099
:102740000000000000000000000000000000000089
:102750000000000000000000000000000000000079
:102760000000000000000000000000000000000069
:102770000000000000000000000000000000000059
:102780000000000000000000000000000000000049
:102790000000000000000000000000000000000039
:1027A0000000000000000000000000000000000029
:1027B0000000000000000000000000000000000019
:1027C0000000000000000000000000000000000009
:1027D00000000000000000000000000000000000F9
:1027E00000000000000000000000000000000000E9
:1027F00000000000000000000000000000000000D9
:1028000000000000000000000000000000000000C8
:1028100000000000000000000000000000000000B8
:1028200000000000000000000000000000000000A8
:102830000000000000000000000000000000000098
:102840000000000000000000000000000000000088
:102850000000000000000000000000000000000078
:102860000000000000000000000000000000000068
:102870000000000000000000000000000000000058
:102880000000000000000000000000000000000048
:102890000000000000000000000000000000000038
:1028A0000000000000000000000000000000000028
:1028B0000000000000000000000000000000000018
:1028C0000000000000000000000000000000000008
:1028D00000000000000000000000000000000000F8
:1028E00000000000000000000000000000000000E8
:1028F00000000000000000000000000000000000D8
:1029000000000000000000000000000000000000C7
:1029100000000000000000000000000000000000B7
:1029200000000000000000000000000000000000A7
:102930000000000000000000000000000000000097
:102940000000000000000000000000000000000087
:102950000000000000000000000000000000000077
:102960000000000000000000000000000000000067
:102970000000000000000000000000000000000057
:102980000000000000000000000000000000000047
:102990000000000000000000000000000000000037
:1029A0000000000000000000000000000000000027
:1029B0000000000000000000000000000000000017
:1029C0000000000000000000000000000000000007
:1029D00000000000000000000000000000000000F7
:1029E00000000000000000000000000000000000E7
:1029F00000000000000000000000000000000000D7
:102A000000000000000000000000000000000000C6
:102A100000000000000000000000000000000000B6
:102A200000000000000000000000000000000000A6
:102A30000000000000000000000000000000000096
:102A40000000000000000000000000000000000086
:102A50000000000000000000000000000000000076
:102A60000000000000000000000000000000000066
:102A70000000000000000000000000000000000056
:102A80000000000000000000000000000000000046
:102A90000000000000000000000000000000000036
:102AA0000000000000000000000000000000000026
:102AB0000000000000000000000000000000000016
:102AC0000000000000000000000000000000000006
:102AD00000000000000000000000000000000000F6
:102AE00000000000000000000000000000000000E6
:102AF00000000000000000000000000000000000D6
:102B000000000000000000000000000000000000C5
:102B100000000000000000000000000000000000B5
:102B200000000000000000000000000000000000A5
:102B30000000000000000000000000000000000095
:102B40000000000000000000000000000000000085
:102B50000000000000000000000000000000000075
:102B60000000000000000000000000000000000065
:102B70000000000000000000000000000000000055
:102B80000000000000000000000000000000000045
:102B9000E0800000002400D00000000000000000E1
:102BA0000000000000000000000000000000000025
:102BB00000000002011000410000000000000000C1
:102BC0000000000000000000000000000000000005
:102BD00000000000000000000000000000000000F5
:102BE00000000000000000000000000000000000E5
:102BF00000000000000000000000000000000000D5
:102C000000000000000000000000000000000000C4
:102C100000000000000000000000000000000000B4
:102C200000000000000000000000000000000000A4
:102C30000000000000000000000000000000000094
:102C40000000000000000000000000000000000084
:102C50000000000000000000000000000000000074
:102C60000000000000000000000000000000000064
:102C70000000000000000000000000000000000054
:102C80000000000000000000000000000000000044
:102C9000E0800000002400D0E0800000002400D08C
:102CA000E0800000002400D0E0800000002400D07C
:102CB0000000000000000000000000000000000014
:102CC0000000000000000000000000000000000004
:102CD00000000000000000000000000000000000F4
:102CE00000000000000000000000000000000000E4
:102CF00000000000000000000000000000000000D4
:102D0000E0800000002400D0E0800000002400D01B
:102D1000E0800000002400D0E0800000002400D00B
:102D200000000000000000000000000000000000A3
:102D30000000000000000000000000000000000093
:102D40000000000000000000000000000000000083
:102D50000000000000000000000000000000000073
:102D60000000000000000000000000000000000063
:102D70000000000000000000000000000000000053
:102D80000000000000000000000000000000000043
:102D90000000000000000000000000000000000033
:102DA0000000000000000000000000000000000023
:102DB0000000000000000000000000000000000013
:102DC0000000000000000000000000000000000003
:102DD00000000000000000000000000000000000F3
:102DE00000000000000000000000000000000000E3
:102DF00000000000000000000000000000000000D3
:102E000000000000000000000000000000000000C2
:102E100000000000000000000000000000000000B2
:102E200000000000000000000000000000000000A2
:102E30000000000000000000000000000000000092
:102E40000000000000000000000000000000000082
:102E50000000000000000000000000000000000072
:102E60000000000000000000000000000000000062
:102E70000000000000000000000000000000000052
:102E8000E0800000002400D0E0800000002400D09A
:102E9000E0800000002400D00000000000000000DE
:102EA0000000000000000000000000000000000022
:102EB00001800000006C007001800000006C007058
:102EC0000000000000000000000000000000000002
:102ED00000000000000000000000000000000000F2
:102EE00000000000000000000000000000000000E2
:102EF00000000000000000000000000000000000D2
:102F000000000000000000000000000000000000C1
:102F100000000000000000000000000000000000B1
:102F200001800000006C007001800000006C0070E7
:102F3000000000000000000001800000006C007034
:102F40000000000000000000000000000000000081
:102F50000000000000000000000000000000000071
:102F6000000000000004000000000000000000005D
:102F700001800000006C0070E0800000002400D0A0
:102F8000E0800000002400D0E0800000002400D099
:102F90000000000000000000000000000000000031
:102FA0000000000000000000000000000000000021
:102FB0000000000000000000000000000000000011
:102FC000E0800000002400D0E0800000002400D059
:102FD000E0800000002400D0E0800000002400D049
:102FE0000180000000880060E1800000008800602F
:102FF000E0800000002400D0E0800000002400D029
:103000000180000000880060000000000000000057
:1030100000000000000000000000000000000000B0
:1030200000000000000000000000000000000000A0
:103030000000000000000000000000000000000090
:103040000000000000000000000000000000000080
:103050000000000000000000E0800000002400D01C
:1030600001800000008800600000000000000000F7
:103070000000000000000000000000000000000050
:103080000000000000000000000000000000000040
:103090000000000000000000000000000000000030
:1030A0000000000000000000000000000000000020
:1030B0000000000000000000000000000000000010
:1030C0000000000000000000000000000000000000
:1030D00000000000000000000000000000000000F0
:1030E00000000000000000000000000000000000E0
:1030F00000000000000000000000000000000000D0
:1031000000000000000000000000000000000000BF
:1031100000000000000000000000000000000000AF
:10312000000000000000000000000000000000009F
:10313000000000000000000000000000000000008F
:10314000000000000000000000000000000000007F
:10315000018000000088006001800000008800609D
:10316000018000000088006001800000008800608D
:10317000018000000088006001800000008800607D
:10318000000000000000000000000000000000003F
:10319000000000000000000000000000000000002F
:1031A000000000000000000000000000000000001F
:1031B000000000000000000000000000000000000F
:1031C00000000000000000000000000000000000FF
:1031D00000000000000000000000000000000000EF
:1031E00000000000000000000000000000000000DF
:1031F00001800000008800600180000000880060FD
:10320000000000602BA2040004000400040004007D
:10321000040004000400040004000400040004008E
:10322000040004000400040004000400040004007E
:103230000400040004000C44002000E80C85008019
:103240000A0600000041AEDE0000000000000000A1
:10325000000000000000000000000000000000006E
:10326000000000007B75AE9E000000000000000022
:10327000000000000000000000000000000000004E
:10328000000000000000000000000000000000003E
:10329000000000000000000000000000000000002E
:1032A000000000000000000000000000000000001E
:1032B000000000000000000000000000000000000E
:1032C0000000000000000000FFFFFFFFFFFFFFFF06
:1032D000FFFFFFFFFFFFFFFFFFFFFFFFFFFFFFFFFE
:1032E000FFFFFFFFFFFFFFFFFFFFFFFFFFFFFFFFEE
:1032F000FFFFFFFFFFFFFFFFFFFFFFFFFFFFFFFFDE
:10330000FFFFFFFFFFFFFFFFFFFFFFFFFFFFFFFFCD
:10331000FFFFFFFFFFFFFFFFFFFFFFFFFFFFFFFFBD
:10332000FFFFFFFFFFFFFFFFFFFFFFFFFFFFFFFFAD
:10333000FFFFFFFFFFFFFFFFFFFFFFFFFFFFFFFF9D
:10334000FFFFFFFFFFFFFFFFFFFF00E0DDDE0C449C
:10335000802000E80A0600000041AEDE0000000008
:10336000000000000000000000000000000000005D
:1033700000000000000000007B750000000000005D
:10338000000000000000000000000000000000003D
:10339000000000000000000079750000AEDE0000B3
:1033A000000000000000000000000000000000001D
:1033B000000000000000000000007B75000000001D
:1033C00000000000000000000000000000000000FD
:1033D000000000000000000000000000FFFFFFFFF1
:1033E000FFFFFFFFFFFFFFFFFFFFFFFFFFFFFFFFED
:1033F000FFFFFFFFFFFFFFFFFFFFFFFFFFFFFFFFDD
:10340000FFFFFFFFFFFFFFFFFFFFFFFFFFFFFFFFCC
:10341000FFFFFFFFFFFFFFFFFFFFFFFFFFFFFFFFBC
:10342000FFFFFFFFFFFFFFFFFFFFFFFFFFFFFFFFAC
:10343000FFFFFFFFFFFFFFFFFFFFFFFFFFFFFFFF9C
:10344000FFFFFFFFFFFFFFFFFFFFFFFFFFFFFFFF8C
:10345000FFFFFFFFFFFFFFFFFFFFFFFFFFFF005822
:1034600073AD0C44807000E80A06000000410000C3
:10347000000000000000000000000000000000004C
:10348000000000000000000000000000797500004E
:10349000000000000000000000000000000000002C
:1034A000000000000000000000000000000000001C
:1034B000AEDE000000000000000000000000000080
:1034C00000000000000000000000000000007B750C
:1034D000AE9E0000000000000000000000000000A0
:1034E00000000000000000000000000000000000DC
:1034F000FFFFFFFFFFFFFFFFFFFFFFFFFFFFFFFFDC
:10350000FFFFFFFFFFFFFFFFFFFFFFFFFFFFFFFFCB
:10351000FFFFFFFFFFFFFFFFFFFFFFFFFFFFFFFFBB
:10352000FFFFFFFFFFFFFFFFFFFFFFFFFFFFFFFFAB
:10353000FFFFFFFFFFFFFFFFFFFFFFFFFFFFFFFF9B
:10354000FFFFFFFFFFFFFFFFFFFFFFFFFFFFFFFF8B
:10355000FFFFFFFFFFFFFFFFFFFFFFFFFFFFFFFF7B
:10356000FFFFFFFFFFFFFFFFFFFFFFFFFFFFFFFF6B
:10357000FFFF009C371F0C44C07000E80A060000E3
:1035800000410000000000000000000000000000FA
:10359000000000000000000000000000000000002B
:1035A000000000000000000000000000000000001B
:1035B000000000000000000000000000000000000B
:1035C00000000000000000000000000000000000FB
:1035D00000000000000000000000000000000000EB
:1035E00000007975AEDE0000000000000000000061
:1035F00000000000000000000000000000000000CB
:1036000000007B75FFFFFFFFFFFFFFFFFFFFFFFFD6
:10361000FFFFFFFFFFFFFFFFFFFFFFFFFFFFFFFFBA
:10362000FFFFFFFFFFFFFFFFFFFFFFFFFFFFFFFFAA
:10363000FFFFFFFFFFFFFFFFFFFFFFFFFFFFFFFF9A
:10364000FFFFFFFFFFFFFFFFFFFFFFFFFFFFFFFF8A
:10365000FFFFFFFFFFFFFFFFFFFFFFFFFFFFFFFF7A
:10366000FFFFFFFFFFFFFFFFFFFFFFFFFFFFFFFF6A
:10367000FFFFFFFFFFFFFFFFFFFFFFFFFFFFFFFF5A
:10368000FFFFFFFFFFFF00F888760C8500500C85D8
:1036900000C004000400040004000C8500500C85E8
:1036A00000A00C8700FF0C8300810C4000F0A9EB08
:1036B0000C8500B0040004000400040004000400B1
:1036C00004000400040004000400040004000400DA
:00000001FF
